"","stream","year","date","doy","days_at_risk","arrived","flow","flow_7d","flow_14d","flow_30d","flow_delta_14d","flow_cum_since_start","days_since_high_flow","jan_jun_mean_flow","n_missing_flow"
"1","CHEMAINUS RIVER",1962,1962-06-18,169,1,0,4.42,5.24714285714227,7.03785714285706,9.85099999999996,-1.79071428571478,4.42,43,18.626408839779,0
"2","CHEMAINUS RIVER",1962,1962-06-19,170,2,0,4.02,4.94000000000025,6.56785714285694,9.64166666666667,-1.62785714285669,8.44,44,18.626408839779,0
"3","CHEMAINUS RIVER",1962,1962-06-20,171,3,0,3.62,4.65571428571379,6.17928571428534,9.42566666666632,-1.52357142857155,12.06,45,18.626408839779,0
"4","CHEMAINUS RIVER",1962,1962-06-21,172,4,0,3.45,4.36428571428613,5.7964285714292,9.18733333333366,-1.43214285714306,15.51,46,18.626408839779,0
"5","CHEMAINUS RIVER",1962,1962-06-22,173,5,0,3.4,4.08571428571512,5.42642857142865,8.91733333333347,-1.34071428571354,18.91,47,18.626408839779,0
"6","CHEMAINUS RIVER",1962,1962-06-23,174,6,0,3.28,3.82571428571412,5.05785714285698,8.71899999999975,-1.23214285714286,22.19,48,18.626408839779,0
"7","CHEMAINUS RIVER",1962,1962-06-24,175,7,0,3.06,3.60714285714286,4.68571428571366,8.51899999999975,-1.07857142857081,25.25,49,18.626408839779,0
"8","CHEMAINUS RIVER",1962,1962-06-25,176,8,0,2.89,3.38857142857159,4.31785714285694,8.32166666666647,-0.92928571428534,28.14,50,18.626408839779,0
"9","CHEMAINUS RIVER",1962,1962-06-26,177,9,0,2.83,3.21857142857126,4.07928571428576,8.12999999999981,-0.860714285714493,30.97,51,18.626408839779,0
"10","CHEMAINUS RIVER",1962,1962-06-27,178,10,0,2.83,3.10571428571503,3.88071428571441,7.93366666666649,-0.774999999999376,33.8,52,18.626408839779,0
"11","CHEMAINUS RIVER",1962,1962-06-28,179,11,0,2.72,3.00142857142782,3.68285714285698,7.6743333333332,-0.681428571429154,36.52,53,18.626408839779,0
"12","CHEMAINUS RIVER",1962,1962-06-29,180,12,0,2.61,2.88857142857159,3.48714285714336,7.32466666666684,-0.598571428571761,39.13,54,18.626408839779,0
"13","CHEMAINUS RIVER",1962,1962-06-30,181,13,0,2.61,2.79285714285756,3.30928571428584,6.89500000000019,-0.51642857142828,41.74,55,18.626408839779,0
"14","CHEMAINUS RIVER",1962,1962-07-01,182,14,0,2.72,2.74428571428663,3.17571428571474,6.3856666666669,-0.431428571428114,44.46,56,18.626408839779,0
"15","CHEMAINUS RIVER",1962,1962-07-02,183,15,0,2.83,2.73571428571553,3.06214285714356,5.87000000000019,-0.326428571428031,47.29,57,18.626408839779,0
"16","CHEMAINUS RIVER",1962,1962-07-03,184,16,0,2.83,2.73571428571553,2.9771428571434,5.37766666666672,-0.241428571427865,50.12,58,18.626408839779,0
"17","CHEMAINUS RIVER",1962,1962-07-04,185,17,0,2.89,2.74428571428663,2.92500000000083,4.90400000000033,-0.180714285714203,53.01,59,18.626408839779,0
"18","CHEMAINUS RIVER",1962,1962-07-05,186,18,0,2.83,2.760000000001,2.88071428571441,4.64500000000019,-0.120714285713413,55.84,60,18.626408839779,0
"19","CHEMAINUS RIVER",1962,1962-07-06,187,19,0,2.72,2.77571428571329,2.83214285714244,4.43366666666649,-0.0564285714291533,58.56,61,18.626408839779,0
"20","CHEMAINUS RIVER",1962,1962-07-07,188,20,0,2.61,2.77571428571329,2.78428571428542,4.22699999999992,-0.00857142857213544,61.17,62,18.626408839779,0
"21","CHEMAINUS RIVER",1962,1962-07-08,189,21,0,2.61,2.75999999999892,2.75214285714277,4.02799999999988,0.00785714285614469,63.78,63,18.626408839779,0
"22","CHEMAINUS RIVER",1962,1962-07-09,190,22,0,2.29,2.68285714285698,2.70928571428625,3.82300000000008,-0.0264285714292782,66.07,64,18.626408839779,0
"23","CHEMAINUS RIVER",1962,1962-07-10,191,23,0,2.12,2.58142857142749,2.65857142857151,3.61799999999979,-0.0771428571440214,68.19,65,18.626408839779,0
"24","CHEMAINUS RIVER",1962,1962-07-11,192,24,0,2.04,2.46000000000017,2.6021428571434,3.41800000000027,-0.142142857143231,70.23,66,18.626408839779,0
"25","CHEMAINUS RIVER",1962,1962-07-12,193,25,0,1.9,2.32714285714194,2.54357142857147,3.2756666666668,-0.216428571429528,72.13,67,18.626408839779,0
"26","CHEMAINUS RIVER",1962,1962-07-13,194,26,0,1.9,2.21000000000017,2.49285714285673,3.15199999999992,-0.282857142856561,74.03,68,18.626408839779,0
"27","CHEMAINUS RIVER",1962,1962-07-14,195,27,0,1.87,2.10428571428721,2.44000000000025,3.03133333333341,-0.335714285713038,75.9,69,18.626408839779,0
"28","CHEMAINUS RIVER",1962,1962-07-15,196,28,0,1.87,1.99857142857218,2.37928571428555,2.91533333333355,-0.380714285713371,77.77,70,18.626408839779,0
"29","CHEMAINUS RIVER",1962,1962-07-16,197,29,0,1.76,1.92285714285598,2.30285714285648,2.80399999999984,-0.380000000000499,79.53,71,18.626408839779,0
"30","CHEMAINUS RIVER",1962,1962-07-17,198,30,0,1.7,1.86285714285831,2.2221428571429,2.70766666666702,-0.359285714284592,81.23,72,18.626408839779,0
"31","CHEMAINUS RIVER",1962,1962-07-18,199,31,0,1.59,1.79857142857093,2.12928571428555,2.61333333333362,-0.330714285714618,82.82,73,18.626408839779,0
"32","CHEMAINUS RIVER",1962,1962-07-19,200,32,0,1.47,1.73714285714336,2.03214285714265,2.52833333333353,-0.294999999999293,84.29,74,18.626408839779,0
"33","CHEMAINUS RIVER",1962,1962-07-20,201,33,0,1.42,1.66857142857251,1.93928571428634,2.45500000000029,-0.270714285713828,85.71,75,18.626408839779,0
"34","CHEMAINUS RIVER",1962,1962-07-21,202,34,0,1.26,1.58142857142749,1.84285714285735,2.38199999999973,-0.26142857142986,86.97,76,18.626408839779,0
"35","CHEMAINUS RIVER",1962,1962-07-22,203,35,0,1.05,1.46428571428571,1.73142857142895,2.30366666666669,-0.267142857143231,88.02,77,18.626408839779,0
"36","CHEMAINUS RIVER",1962,1962-07-23,204,36,0,1.01,1.35714285714286,1.63999999999942,2.22799999999988,-0.282857142856561,89.03,78,18.626408839779,0
"37","CHEMAINUS RIVER",1962,1962-07-24,205,37,0,0.92,1.24571428571237,1.55428571428534,2.15666666666657,-0.308571428572967,89.95,79,18.626408839779,0
"38","CHEMAINUS RIVER",1962,1962-07-25,206,38,0,0.835,1.13785714285664,1.46821428571379,2.0881666666668,-0.330357142857143,90.785,80,18.626408839779,0
"39","CHEMAINUS RIVER",1962,1962-07-26,207,39,0,0.75,1.03499999999933,1.38607142857135,2.01883333333341,-0.351071428572011,91.535,81,18.626408839779,0
"40","CHEMAINUS RIVER",1962,1962-07-27,208,40,0,0.623,0.921142857143423,1.29485714285797,1.94526666666691,-0.373714285714543,92.158,82,18.626408839779,0
"41","CHEMAINUS RIVER",1962,1962-07-28,209,41,0,0.583,0.824428571429702,1.2029285714286,1.8740333333335,-0.378499999998894,92.741,83,18.626408839779,0
"42","CHEMAINUS RIVER",1962,1962-07-29,210,42,0,0.504,0.746428571429403,1.10535714285756,1.80383333333351,-0.358928571428156,93.245,84,18.626408839779,0
"43","CHEMAINUS RIVER",1962,1962-07-30,211,43,0,0.504,0.674142857144553,1.01564285714371,1.73363333333352,-0.341499999999152,93.749,85,18.626408839779,0
"44","CHEMAINUS RIVER",1962,1962-07-31,212,44,0,0.425,0.603428571428854,0.924571428570614,1.65713333333309,-0.321142857141759,94.174,86,18.626408839779,0
"45","CHEMAINUS RIVER",1962,1962-08-01,213,45,0,0.345,0.533428571428106,0.835642857142375,1.57429999999974,-0.302214285714269,94.519,87,18.626408839779,0
"46","CHEMAINUS RIVER",1962,1962-08-02,214,46,0,0.227,0.45871428571367,0.746857142856503,1.48753333333298,-0.288142857142832,94.746,88,18.626408839779,0
"47","CHEMAINUS RIVER",1962,1962-08-03,215,47,0,0.623,0.45871428571367,0.689928571428546,1.41196666666656,-0.231214285714876,95.369,89,18.626408839779,0
"48","CHEMAINUS RIVER",1962,1962-08-04,216,48,0,1.35,0.568285714284035,0.696357142856868,1.36263333333288,-0.128071428572834,96.719,90,18.626408839779,0
"49","CHEMAINUS RIVER",1962,1962-08-05,217,49,0,1.59,0.723428571428355,0.734928571428879,1.32496666666702,-0.0115000000005239,98.309,91,18.626408839779,0
"50","CHEMAINUS RIVER",1962,1962-08-06,218,50,0,1.87,0.918571428570431,0.796357142857492,1.30030000000018,0.122214285712939,100.179,92,18.626408839779,0
"51","CHEMAINUS RIVER",1962,1962-08-07,219,51,0,2.35,1.19357142857293,0.89850000000089,1.29163333333369,0.295071428572036,102.529,93,18.626408839779,0
"52","CHEMAINUS RIVER",1962,1962-08-08,220,52,0,4.98,1.85571428571503,1.19457142857157,1.38129999999995,0.661142857143464,107.509,94,18.626408839779,0
"53","CHEMAINUS RIVER",1962,1962-08-09,221,53,0,8.27,3.00471428571577,1.73171428571472,1.58630000000024,1.27300000000105,115.779,95,18.626408839779,0
"54","CHEMAINUS RIVER",1962,1962-08-10,222,54,0,5.61,3.71714285714344,2.08792857142855,1.70529999999999,1.62921428571488,121.389,96,18.626408839779,0
"55","CHEMAINUS RIVER",1962,1962-08-11,223,55,0,3.62,4.04142857142974,2.30485714285689,1.76263333333336,1.73657142857285,125.009,97,18.626408839779,0
"56","CHEMAINUS RIVER",1962,1962-08-12,224,56,0,2.29,4.14142857142724,2.4324285714278,1.77563333333334,1.70899999999944,127.299,98,18.626408839779,0
"57","CHEMAINUS RIVER",1962,1962-08-13,225,57,0,1.9,4.14571428571487,2.53214285714265,1.7766333333333,1.61357142857222,129.199,99,18.626408839779,0
"58","CHEMAINUS RIVER",1962,1962-08-14,226,58,0,1.18,3.97857142857018,2.58607142857155,1.75363333333322,1.39249999999863,130.379,100,18.626408839779,0
"59","CHEMAINUS RIVER",1962,1962-08-15,227,59,0,1.18,3.4357142857147,2.64571428571487,1.73430000000032,0.789999999999834,131.559,101,18.626408839779,0
"60","CHEMAINUS RIVER",1962,1962-08-16,228,60,0,1.05,2.40428571428596,2.70450000000086,1.71263333333336,-0.300214285714901,132.609,102,18.626408839779,0
"61","CHEMAINUS RIVER",1962,1962-08-17,229,61,0,1.18,1.77142857142774,2.74428571428559,1.69896666666658,-0.97285714285785,133.789,103,18.626408839779,0
"62","CHEMAINUS RIVER",1962,1962-08-18,230,62,0,1.26,1.4342857142848,2.73785714285727,1.69196666666636,-1.30357142857247,135.049,104,18.626408839779,0
"63","CHEMAINUS RIVER",1962,1962-08-19,231,63,0,1.47,1.31714285714302,2.72928571428513,1.69363333333313,-1.41214285714211,136.519,105,18.626408839779,0
"64","CHEMAINUS RIVER",1962,1962-08-20,232,64,0,2.21,1.36142857142841,2.75357142857164,1.72530000000018,-1.39214285714323,138.729,106,18.626408839779,0
"65","CHEMAINUS RIVER",1962,1962-08-21,233,65,0,3.17,1.64571428571487,2.81214285714252,1.79596666666669,-1.16642857142766,141.899,107,18.626408839779,0
"66","CHEMAINUS RIVER",1962,1962-08-22,234,66,0,2.72,1.86571428571395,2.65071428571433,1.85296666666691,-0.785000000000374,144.619,108,18.626408839779,0
"67","CHEMAINUS RIVER",1962,1962-08-23,235,67,0,2.52,2.07571428571412,2.24000000000004,1.90630000000043,-0.164285714285922,147.139,109,18.626408839779,0
"68","CHEMAINUS RIVER",1962,1962-08-24,236,68,0,2.29,2.23428571428563,2.00285714285669,1.95480000000001,0.231428571428945,149.429,110,18.626408839779,0
"69","CHEMAINUS RIVER",1962,1962-08-25,237,69,0,2.29,2.38142857142832,1.90785714285656,2.00613333333313,0.473571428571761,151.719,111,18.626408839779,0
"70","CHEMAINUS RIVER",1962,1962-08-26,238,70,0,2.12,2.47428571428671,1.89571428571487,2.05603333333323,0.578571428571844,153.839,112,18.626408839779,0
"71","CHEMAINUS RIVER",1962,1962-08-27,239,71,0,2.04,2.44999999999917,1.90571428571379,2.10459999999972,0.544285714285382,155.879,113,18.626408839779,0
"72","CHEMAINUS RIVER",1962,1962-08-28,240,72,0,1.76,2.24857142857218,1.94714285714352,2.14646666666667,0.301428571428655,157.639,114,18.626408839779,0
"73","CHEMAINUS RIVER",1962,1962-08-29,241,73,0,1.47,2.07000000000075,1.96785714285735,2.17866666666669,0.102142857143398,159.109,115,18.626408839779,0
"74","CHEMAINUS RIVER",1962,1962-08-30,242,74,0,1.35,1.90285714285606,1.98928571428509,2.20950000000012,-0.0864285714290287,160.459,116,18.626408839779,0
"75","CHEMAINUS RIVER",1962,1962-08-31,243,75,0,1.26,1.75571428571337,1.9949999999995,2.2399999999999,-0.23928571428613,161.719,117,18.626408839779,0
"76","CHEMAINUS RIVER",1962,1962-09-01,244,76,0,1.18,1.59714285714394,1.98928571428613,2.27176666666686,-0.392142857142192,162.899,118,18.626408839779,0
"77","CHEMAINUS RIVER",1962,1962-09-02,245,77,0,1.05,1.4442857142858,1.95928571428625,2.28600000000006,-0.515000000000457,163.949,119,18.626408839779,0
"78","CHEMAINUS RIVER",1962,1962-09-03,246,78,0,0.92,1.28428571428646,1.86714285714282,2.27166666666696,-0.582857142856353,164.869,120,18.626408839779,0
"79","CHEMAINUS RIVER",1962,1962-09-04,247,79,0,0.835,1.15214285714111,1.70035714285664,2.24649999999965,-0.548214285715533,165.704,121,18.626408839779,0
"80","CHEMAINUS RIVER",1962,1962-09-05,248,80,0,0.835,1.06142857142757,1.56571428571416,2.21200000000002,-0.504285714286588,166.539,122,18.626408839779,0
"81","CHEMAINUS RIVER",1962,1962-09-06,249,81,0,0.75,0.975714285714535,1.4392857142853,2.15866666666649,-0.463571428570763,167.289,123,18.626408839779,0
"82","CHEMAINUS RIVER",1962,1962-09-07,250,82,0,0.75,0.902857142858141,1.32928571428576,2.01766666666663,-0.426428571427615,168.039,124,18.626408839779,0
"83","CHEMAINUS RIVER",1962,1962-09-08,251,83,0,0.623,0.823285714286612,1.21021428571528,1.76276666666672,-0.386928571428663,168.662,125,18.626408839779,0
"84","CHEMAINUS RIVER",1962,1962-09-09,252,84,0,0.583,0.756571428571728,1.10042857142876,1.59519999999999,-0.343857142857035,169.245,126,18.626408839779,0
"85","CHEMAINUS RIVER",1962,1962-09-10,253,85,0,0.623,0.714142857142308,0.999214285714386,1.49529999999989,-0.285071428572077,169.868,127,18.626408839779,0
"86","CHEMAINUS RIVER",1962,1962-09-11,254,86,0,1.26,0.77485714285701,0.96349999999906,1.4609666666666,-0.188642857142051,171.128,128,18.626408839779,0
"87","CHEMAINUS RIVER",1962,1962-09-12,255,87,0,1.35,0.848428571428355,0.954928571427964,1.44263333333317,-0.106499999999609,172.478,129,18.626408839779,0
"88","CHEMAINUS RIVER",1962,1962-09-13,256,88,0,1.35,0.934142857143472,0.954928571429004,1.44830000000026,-0.0207857142855313,173.828,130,18.626408839779,0
"89","CHEMAINUS RIVER",1962,1962-09-14,257,89,0,1.42,1.02985714285751,0.966357142857825,1.45629999999995,0.063499999999684,175.248,131,18.626408839779,0
"90","CHEMAINUS RIVER",1962,1962-09-15,258,90,1,1.59,1.16799999999889,0.995642857142749,1.47429999999974,0.172357142856137,176.838,132,18.626408839779,0
"91","CHEMAINUS RIVER",1967,1967-06-18,169,1,0,5.66,6.53000000000092,7.95214285714298,12.0810000000003,-1.42214285714207,5.66,28,25.888453038674,0
"92","CHEMAINUS RIVER",1967,1967-06-19,170,2,0,4.64,6.1857142857147,7.41214285714315,11.4223333333338,-1.22642857142845,10.3,29,25.888453038674,0
"93","CHEMAINUS RIVER",1967,1967-06-20,171,3,0,4.64,5.85285714285731,6.93642857142861,10.7270000000004,-1.0835714285713,14.94,30,25.888453038674,0
"94","CHEMAINUS RIVER",1967,1967-06-21,172,4,0,4.53,5.50428571428555,6.53857142857201,10.1780000000004,-1.03428571428646,19.47,31,25.888453038674,0
"95","CHEMAINUS RIVER",1967,1967-06-22,173,5,0,4.13,5.14714285714269,6.19071428571416,9.74900000000004,-1.04357142857147,23.6,32,25.888453038674,0
"96","CHEMAINUS RIVER",1967,1967-06-23,174,6,0,3.99,4.80714285714203,5.92357142857093,9.41533333333355,-1.1164285714289,27.59,33,25.888453038674,0
"97","CHEMAINUS RIVER",1967,1967-06-24,175,7,0,3.62,4.45857142857026,5.62999999999946,9.14599999999967,-1.1714285714292,31.21,34,25.888453038674,0
"98","CHEMAINUS RIVER",1967,1967-06-25,176,8,0,3.45,4.14285714285714,5.33642857142903,8.90766666666702,-1.19357142857189,34.66,35,25.888453038674,0
"99","CHEMAINUS RIVER",1967,1967-06-26,177,9,0,3.4,3.96571428571354,5.07571428571412,8.62766666666672,-1.11000000000058,38.06,36,25.888453038674,0
"100","CHEMAINUS RIVER",1967,1967-06-27,178,10,0,3.03,3.73571428571345,4.79428571428538,8.29533333333335,-1.05857142857193,41.09,37,25.888453038674,0
"101","CHEMAINUS RIVER",1967,1967-06-28,179,11,0,2.76,3.48285714285573,4.49357142857064,7.87400000000004,-1.01071428571491,43.85,38,25.888453038674,0
"102","CHEMAINUS RIVER",1967,1967-06-29,180,12,0,2.6,3.26428571428655,4.20571428571462,7.49733333333328,-0.941428571428073,46.45,39,25.888453038674,0
"103","CHEMAINUS RIVER",1967,1967-06-30,181,13,0,2.29,3.02142857142774,3.91428571428488,7.13033333333297,-0.892857142857143,48.74,40,25.888453038674,0
"104","CHEMAINUS RIVER",1967,1967-07-01,182,14,0,1.98,2.78714285714419,3.62285714285723,6.6763333333336,-0.835714285713038,50.72,41,25.888453038674,0
"105","CHEMAINUS RIVER",1967,1967-07-02,183,15,0,1.9,2.56571428571312,3.35428571428513,6.17300000000008,-0.788571428572011,52.62,42,25.888453038674,0
"106","CHEMAINUS RIVER",1967,1967-07-03,184,16,0,1.81,2.33857142857076,3.15214285714215,5.7600000000001,-0.813571428571387,54.43,43,25.888453038674,0
"107","CHEMAINUS RIVER",1967,1967-07-04,185,17,0,1.68,2.14571428571487,2.94071428571416,5.39266666666663,-0.794999999999293,56.11,44,25.888453038674,0
"108","CHEMAINUS RIVER",1967,1967-07-05,186,18,0,1.56,1.97428571428671,2.72857142857122,5.03799999999998,-0.754285714284509,57.67,45,25.888453038674,0
"109","CHEMAINUS RIVER",1967,1967-07-06,187,19,0,1.48,1.8142857142853,2.53928571428592,4.71066666666641,-0.725000000000623,59.15,46,25.888453038674,0
"110","CHEMAINUS RIVER",1967,1967-07-07,188,20,0,1.41,1.68857142857243,2.35500000000008,4.42100000000015,-0.666428571427657,60.56,47,25.888453038674,0
"111","CHEMAINUS RIVER",1967,1967-07-08,189,21,0,1.37,1.60142857142741,2.1942857142858,4.16666666666667,-0.59285714285839,61.93,48,25.888453038674,0
"112","CHEMAINUS RIVER",1967,1967-07-09,190,22,0,1.23,1.50571428571545,2.03571428571429,3.95,-0.529999999998836,63.16,49,25.888453038674,0
"113","CHEMAINUS RIVER",1967,1967-07-10,191,23,0,1.19,1.41714285714261,1.87785714285669,3.73199999999973,-0.460714285714078,64.35,50,25.888453038674,0
"114","CHEMAINUS RIVER",1967,1967-07-11,192,24,0,1.13,1.33857142857076,1.74214285714282,3.51766666666663,-0.403571428572052,65.48,51,25.888453038674,0
"115","CHEMAINUS RIVER",1967,1967-07-12,193,25,0,1.06,1.26714285714219,1.62071428571445,3.31799999999979,-0.35357142857226,66.54,52,25.888453038674,0
"116","CHEMAINUS RIVER",1967,1967-07-13,194,26,0,0.971,1.1944285714292,1.50435714285725,3.11803333333325,-0.309928571428048,67.511,53,25.888453038674,0
"117","CHEMAINUS RIVER",1967,1967-07-14,195,27,0,0.94,1.12728571428618,1.4079285714293,2.91703333333329,-0.280642857143123,68.451,54,25.888453038674,0
"118","CHEMAINUS RIVER",1967,1967-07-15,196,28,0,0.878,1.0570000000007,1.32921428571405,2.72530000000018,-0.272214285713354,69.329,55,25.888453038674,0
"119","CHEMAINUS RIVER",1967,1967-07-16,197,29,0,0.847,1.0022857142841,1.25399999999978,2.54119999999966,-0.251714285715674,70.176,56,25.888453038674,0
"120","CHEMAINUS RIVER",1967,1967-07-17,198,30,0,0.816,0.948857142858157,1.18300000000038,2.36639999999995,-0.234142857142225,70.992,57,25.888453038674,0
"121","CHEMAINUS RIVER",1967,1967-07-18,199,31,0,0.784,0.899428571428871,1.11899999999982,2.20386666666648,-0.219571428570946,71.776,58,25.888453038674,0
"122","CHEMAINUS RIVER",1967,1967-07-19,200,32,0,0.878,0.873428571428771,1.07028571428548,2.0784666666664,-0.19685714285671,72.654,59,25.888453038674,0
"123","CHEMAINUS RIVER",1967,1967-07-20,201,33,0,1,0.877571428570913,1.03600000000006,1.95713333333309,-0.158428571429145,73.654,60,25.888453038674,0
"124","CHEMAINUS RIVER",1967,1967-07-21,202,34,0,1.56,0.966142857141676,1.04671428571393,1.85813333333305,-0.0805714285722519,75.214,61,25.888453038674,0
"125","CHEMAINUS RIVER",1967,1967-07-22,203,35,0,1.19,1.01071428571387,1.03385714285728,1.76013333333346,-0.0231428571434142,76.404,62,25.888453038674,0
"126","CHEMAINUS RIVER",1967,1967-07-23,204,36,0,1.06,1.04114285714292,1.02171428571351,1.66246666666654,0.0194285714294113,77.464,63,25.888453038674,0
"127","CHEMAINUS RIVER",1967,1967-07-24,205,37,0,0.878,1.04999999999875,0.999428571428455,1.57106666666659,0.0505714285702976,78.342,64,25.888453038674,0
"128","CHEMAINUS RIVER",1967,1967-07-25,206,38,0,0.816,1.05457142857111,0.976999999999992,1.48326666666641,0.0775714285711209,79.158,65,25.888453038674,0
"129","CHEMAINUS RIVER",1967,1967-07-26,207,39,0,0.753,1.03671428571397,0.95507142857137,1.39503333333317,0.0816428571425993,79.911,66,25.888453038674,0
"130","CHEMAINUS RIVER",1967,1967-07-27,208,40,0,0.722,0.997000000000948,0.93728571428593,1.31810000000017,0.0597142857150175,80.633,67,25.888453038674,0
"131","CHEMAINUS RIVER",1967,1967-07-28,209,41,0,0.691,0.872857142857226,0.919499999999451,1.2491333333334,-0.0466428571422252,81.324,68,25.888453038674,0
"132","CHEMAINUS RIVER",1967,1967-07-29,210,42,0,0.629,0.792714285714153,0.901714285714011,1.18343333333323,-0.108999999999859,81.953,69,25.888453038674,0
"133","CHEMAINUS RIVER",1967,1967-07-30,211,43,0,0.597,0.726571428572892,0.883857142857908,1.12700000000041,-0.157285714285016,82.55,70,25.888453038674,0
"134","CHEMAINUS RIVER",1967,1967-07-31,212,44,0,0.566,0.682000000000698,0.865999999999726,1.07986666666645,-0.183999999999027,83.116,71,25.888453038674,0
"135","CHEMAINUS RIVER",1967,1967-08-01,213,45,0,0.532,0.64142857142932,0.848000000000216,1.03426666666686,-0.206571428570896,83.648,72,25.888453038674,0
"136","CHEMAINUS RIVER",1967,1967-08-02,214,46,0,0.515,0.607428571429669,0.822071428571819,0.991100000000248,-0.21464285714215,84.163,73,25.888453038674,0
"137","CHEMAINUS RIVER",1967,1967-08-03,215,47,0,0.498,0.575428571427308,0.786214285714128,0.95169999999974,-0.21078571428682,84.661,74,25.888453038674,0
"138","CHEMAINUS RIVER",1967,1967-08-04,216,48,0,0.464,0.543000000000965,0.707928571429095,0.915166666666725,-0.164928571428131,85.125,75,25.888453038674,0
"139","CHEMAINUS RIVER",1967,1967-08-05,217,49,0,0.464,0.519428571428372,0.656071428571262,0.88129999999995,-0.13664285714289,85.589,76,25.888453038674,0
"140","CHEMAINUS RIVER",1967,1967-08-06,218,50,0,0.481,0.502857142855646,0.614714285714269,0.850333333333159,-0.111857142858623,86.07,77,25.888453038674,0
"141","CHEMAINUS RIVER",1967,1967-08-07,219,51,0,0.464,0.488285714286446,0.585142857143572,0.820133333333555,-0.0968571428571263,86.534,78,25.888453038674,0
"142","CHEMAINUS RIVER",1967,1967-08-08,220,52,0,0.447,0.476142857142674,0.558785714285997,0.794033333333209,-0.0826428571433228,86.981,79,25.888453038674,0
"143","CHEMAINUS RIVER",1967,1967-08-09,221,53,0,0.43,0.463999999998902,0.535714285714286,0.76870000000005,-0.0717142857153834,87.411,80,25.888453038674,0
"144","CHEMAINUS RIVER",1967,1967-08-10,222,54,0,0.396,0.449428571429702,0.512428571428505,0.744233333333492,-0.0629999999988026,87.807,81,25.888453038674,0
"145","CHEMAINUS RIVER",1967,1967-08-11,223,55,0,0.396,0.439714285713438,0.491357142857201,0.722100000000016,-0.0516428571437635,88.203,82,25.888453038674,0
"146","CHEMAINUS RIVER",1967,1967-08-12,224,56,0,0.379,0.427571428571745,0.473500000000058,0.702366666666542,-0.0459285714283136,88.582,83,25.888453038674,0
"147","CHEMAINUS RIVER",1967,1967-08-13,225,57,0,0.379,0.413000000000466,0.457928571428056,0.683666666666492,-0.0449285714275902,88.961,84,25.888453038674,0
"148","CHEMAINUS RIVER",1967,1967-08-14,226,58,0,0.345,0.395999999999601,0.442142857143023,0.665899999999965,-0.0461428571434226,89.306,85,25.888453038674,0
"149","CHEMAINUS RIVER",1967,1967-08-15,227,59,0,0.345,0.381428571428322,0.428785714285498,0.649166666666861,-0.0473571428571761,89.651,86,25.888453038674,0
"150","CHEMAINUS RIVER",1967,1967-08-16,228,60,0,0.311,0.364428571429536,0.414214285714219,0.632333333333372,-0.0497857142846832,89.962,87,25.888453038674,0
"151","CHEMAINUS RIVER",1967,1967-08-17,229,61,0,0.294,0.349857142856178,0.39964285714294,0.615999999999864,-0.049785714286762,90.256,88,25.888453038674,0
"152","CHEMAINUS RIVER",1967,1967-08-18,230,62,0,0.294,0.335285714286978,0.387500000000208,0.596533333333597,-0.0522142857132297,90.55,89,25.888453038674,0
"153","CHEMAINUS RIVER",1967,1967-08-19,231,63,0,0.294,0.323142857143206,0.375357142857475,0.573000000000078,-0.0522142857142691,90.844,90,25.888453038674,0
"154","CHEMAINUS RIVER",1967,1967-08-20,232,64,0,0.294,0.310999999999435,0.36199999999995,0.530799999999969,-0.0510000000005155,91.138,91,25.888453038674,0
"155","CHEMAINUS RIVER",1967,1967-08-21,233,65,0,0.294,0.303714285714835,0.349857142857218,0.500933333333524,-0.0461428571423831,91.432,92,25.888453038674,0
"156","CHEMAINUS RIVER",1967,1967-08-22,234,66,0,0.278,0.294142857141976,0.337785714285149,0.47486666666664,-0.0436428571431732,91.71,93,25.888453038674,0
"157","CHEMAINUS RIVER",1967,1967-08-23,235,67,0,0.278,0.289428571428289,0.326928571428912,0.454866666666931,-0.0375000000006236,91.988,94,25.888453038674,0
"158","CHEMAINUS RIVER",1967,1967-08-24,236,68,0,0.278,0.287142857144188,0.318500000000183,0.436933333333582,-0.0313571428559953,92.266,95,25.888453038674,0
"159","CHEMAINUS RIVER",1967,1967-08-25,237,69,0,0.261,0.282428571428422,0.3088571428577,0.420533333333636,-0.0264285714292782,92.527,96,25.888453038674,0
"160","CHEMAINUS RIVER",1967,1967-08-26,238,70,0,0.261,0.277714285714735,0.300428571428971,0.405166666666628,-0.0227142857142358,92.788,97,25.888453038674,0
"161","CHEMAINUS RIVER",1967,1967-08-27,239,71,0,0.261,0.273000000001048,0.292000000000241,0.390833333333527,-0.0189999999991934,93.049,98,25.888453038674,0
"162","CHEMAINUS RIVER",1967,1967-08-28,240,72,0,0.227,0.263428571428189,0.283571428571512,0.377433333333465,-0.0201428571433228,93.276,99,25.888453038674,0
"163","CHEMAINUS RIVER",1967,1967-08-29,241,73,0,0.227,0.256142857143589,0.275142857142782,0.365099999999802,-0.0189999999991934,93.503,100,25.888453038674,0
"164","CHEMAINUS RIVER",1967,1967-08-30,242,74,0,0.244,0.251285714286496,0.270357142857392,0.35436666666695,-0.0190714285708964,93.747,101,25.888453038674,0
"165","CHEMAINUS RIVER",1967,1967-08-31,243,75,0,0.244,0.246428571427324,0.266785714285756,0.344766666666449,-0.0203571428584317,93.991,102,25.888453038674,0
"166","CHEMAINUS RIVER",1967,1967-09-01,244,76,0,0.278,0.24885714285691,0.265642857142666,0.336866666666659,-0.0167857142857559,94.269,103,25.888453038674,0
"167","CHEMAINUS RIVER",1967,1967-09-02,245,77,0,0.244,0.246428571427324,0.262071428571029,0.328399999999965,-0.0156428571437053,94.513,104,25.888453038674,0
"168","CHEMAINUS RIVER",1967,1967-09-03,246,78,0,0.227,0.241571428570231,0.257285714285639,0.32049999999969,-0.0157142857154083,94.74,105,25.888453038674,0
"169","CHEMAINUS RIVER",1967,1967-09-04,247,79,0,0.345,0.25842857142769,0.260928571427939,0.316533333333306,-0.00250000000024947,95.085,106,25.888453038674,0
"170","CHEMAINUS RIVER",1967,1967-09-05,248,80,0,0.328,0.272857142857642,0.264500000000615,0.311433333333601,0.00835714285702643,95.413,107,25.888453038674,0
"171","CHEMAINUS RIVER",1967,1967-09-06,249,81,0,0.311,0.282428571428422,0.266857142857459,0.306333333333411,0.0155714285709629,95.724,108,25.888453038674,0
"172","CHEMAINUS RIVER",1967,1967-09-07,250,82,0,0.413,0.306571428572559,0.276499999999942,0.305200000000089,0.0300714285726177,96.137,109,25.888453038674,0
"173","CHEMAINUS RIVER",1967,1967-09-08,251,83,0,0.481,0.335571428571711,0.292214285714311,0.306900000000314,0.0433571428574006,96.618,110,25.888453038674,0
"174","CHEMAINUS RIVER",1967,1967-09-09,252,84,0,0.597,0.386000000000682,0.316214285714003,0.31359999999986,0.0697857142866788,97.215,111,25.888453038674,0
"175","CHEMAINUS RIVER",1967,1967-09-10,253,85,0,0.597,0.438857142857159,0.340214285713695,0.320299999999891,0.0986428571434642,97.812,112,25.888453038674,0
"176","CHEMAINUS RIVER",1967,1967-09-11,254,86,0,0.722,0.4927142857154,0.375571428571545,0.331733333333492,0.117142857143855,98.534,113,25.888453038674,0
"177","CHEMAINUS RIVER",1967,1967-09-12,255,87,0,0.532,0.521857142855879,0.39735714285676,0.336833333333198,0.124499999999119,99.066,114,25.888453038674,0
"178","CHEMAINUS RIVER",1967,1967-09-13,256,88,0,0.481,0.546142857141344,0.414285714284883,0.341366666666484,0.131857142856461,99.547,115,25.888453038674,0
"179","CHEMAINUS RIVER",1967,1967-09-14,257,89,0,0.481,0.55585714285553,0.431214285714045,0.345899999999771,0.124642857141485,100.028,116,25.888453038674,0
"180","CHEMAINUS RIVER",1967,1967-09-15,258,90,1,0.464,0.553428571428023,0.444499999999867,0.350999999999961,0.108928571428156,100.492,117,25.888453038674,0
"181","CHEMAINUS RIVER",1968,1968-06-17,169,1,0,3.79,4.6314285714304,5.64428571428601,7.48966666666674,-1.01285714285561,3.79,79,35.6613259668508,0
"182","CHEMAINUS RIVER",1968,1968-06-18,170,2,0,3.45,4.41571428571478,5.36285714285727,7.26800000000027,-0.947142857142483,7.24,80,35.6613259668508,0
"183","CHEMAINUS RIVER",1968,1968-06-19,171,3,0,3.51,4.17714285714361,5.01857142857105,7.0736666666664,-0.841428571427449,10.75,81,35.6613259668508,0
"184","CHEMAINUS RIVER",1968,1968-06-20,172,4,0,3.23,3.8699999999995,4.69071428571416,6.85566666666661,-0.82071428571466,13.98,82,35.6613259668508,0
"185","CHEMAINUS RIVER",1968,1968-06-21,173,5,0,2.83,3.59428571428621,4.43142857142811,6.6100000000001,-0.837142857141901,16.81,83,35.6613259668508,0
"186","CHEMAINUS RIVER",1968,1968-06-22,174,6,0,3.17,3.41999999999825,4.23714285714232,6.35899999999965,-0.817142857144063,19.98,84,35.6613259668508,0
"187","CHEMAINUS RIVER",1968,1968-06-23,175,7,0,2.89,3.26714285714219,4.03285714285656,6.11200000000002,-0.765714285714369,22.87,85,35.6613259668508,0
"188","CHEMAINUS RIVER",1968,1968-06-24,176,8,0,2.49,3.08142857142749,3.85642857142895,5.86933333333339,-0.775000000001455,25.36,86,35.6613259668508,0
"189","CHEMAINUS RIVER",1968,1968-06-25,177,9,0,2.36,2.9257142857137,3.67071428571424,5.64233333333347,-0.745000000000541,27.72,87,35.6613259668508,0
"190","CHEMAINUS RIVER",1968,1968-06-26,178,10,0,2.97,2.84857142857176,3.51285714285768,5.46666666666667,-0.664285714285922,30.69,88,35.6613259668508,0
"191","CHEMAINUS RIVER",1968,1968-06-27,179,11,0,4.28,2.99857142857218,3.43428571428584,5.3600000000001,-0.435714285713662,34.97,89,35.6613259668508,0
"192","CHEMAINUS RIVER",1968,1968-06-28,180,12,0,3.45,3.08714285714294,3.34071428571458,5.23133333333341,-0.253571428571636,38.42,90,35.6613259668508,0
"193","CHEMAINUS RIVER",1968,1968-06-29,181,13,0,3,3.06285714285748,3.24142857142786,5.10199999999992,-0.178571428570389,41.42,91,35.6613259668508,0
"194","CHEMAINUS RIVER",1968,1968-06-30,182,14,0,2.53,3.01142857142882,3.13928571428551,4.93133333333341,-0.127857142856686,43.95,92,35.6613259668508,0
"195","CHEMAINUS RIVER",1968,1968-07-01,183,15,0,2.15,2.96285714285789,3.02214285714269,4.75099999999996,-0.0592857142847993,46.1,93,35.6613259668508,0
"196","CHEMAINUS RIVER",1968,1968-07-02,184,16,0,2.07,2.92142857142816,2.92357142857093,4.39666666666647,-0.00214285714277418,48.17,94,35.6613259668508,0
"197","CHEMAINUS RIVER",1968,1968-07-03,185,17,0,1.94,2.77428571428546,2.81142857142861,4.17799999999988,-0.0371428571431482,50.11,95,35.6613259668508,0
"198","CHEMAINUS RIVER",1968,1968-07-04,186,18,0,1.9,2.4342857142848,2.71642857142849,3.99499999999971,-0.282142857143688,52.01,96,35.6613259668508,0
"199","CHEMAINUS RIVER",1968,1968-07-05,187,19,0,1.8,2.19857142857135,2.64285714285714,3.77733333333308,-0.444285714285797,53.81,97,35.6613259668508,0
"200","CHEMAINUS RIVER",1968,1968-07-06,188,20,0,1.76,2.02142857142982,2.54214285714365,3.57533333333364,-0.520714285713828,55.57,98,35.6613259668508,0
"201","CHEMAINUS RIVER",1968,1968-07-07,189,21,0,1.66,1.89714285714269,2.45428571428576,3.41533333333306,-0.557142857143065,57.23,99,35.6613259668508,0
"202","CHEMAINUS RIVER",1968,1968-07-08,190,22,0,1.56,1.81285714285748,2.38785714285768,3.27100000000016,-0.575000000000208,58.79,100,35.6613259668508,0
"203","CHEMAINUS RIVER",1968,1968-07-09,191,23,0,1.47,1.72714285714236,2.32428571428526,3.12833333333304,-0.597142857142899,60.26,101,35.6613259668508,0
"204","CHEMAINUS RIVER",1968,1968-07-10,192,24,0,1.36,1.64428571428497,2.20928571428522,3.00833333333333,-0.56500000000025,61.62,102,35.6613259668508,0
"205","CHEMAINUS RIVER",1968,1968-07-11,193,25,0,1.27,1.55428571428638,1.99428571428559,2.88533333333326,-0.43999999999921,62.89,103,35.6613259668508,0
"206","CHEMAINUS RIVER",1968,1968-07-12,194,26,0,1.39,1.49571428571445,1.8471428571429,2.75900000000014,-0.351428571428447,64.28,104,35.6613259668508,0
"207","CHEMAINUS RIVER",1968,1968-07-13,195,27,0,1.56,1.46714285714136,1.74428571428559,2.63166666666657,-0.277142857144229,65.84,105,35.6613259668508,0
"208","CHEMAINUS RIVER",1968,1968-07-14,196,28,0,1.53,1.44857142857135,1.67285714285702,2.52400000000004,-0.224285714285673,67.37,106,35.6613259668508,0
"209","CHEMAINUS RIVER",1968,1968-07-15,197,29,0,1.5,1.43999999999817,1.62642857142782,2.42766666666624,-0.186428571429653,68.87,107,35.6613259668508,0
"210","CHEMAINUS RIVER",1968,1968-07-16,198,30,0,1.56,1.45285714285897,1.59000000000067,2.34766666666692,-0.137142857141693,70.43,108,35.6613259668508,0
"211","CHEMAINUS RIVER",1968,1968-07-17,199,31,0,1.47,1.46857142857126,1.55642857142811,2.27033333333287,-0.0878571428568518,71.9,109,35.6613259668508,0
"212","CHEMAINUS RIVER",1968,1968-07-18,200,32,0,1.44,1.49285714285673,1.52357142857155,2.20333333333304,-0.0307142857148264,73.34,110,35.6613259668508,0
"213","CHEMAINUS RIVER",1968,1968-07-19,201,33,0,1.36,1.48857142857118,1.49214285714282,2.13166666666657,-0.00357142857163639,74.7,111,35.6613259668508,0
"214","CHEMAINUS RIVER",1968,1968-07-20,202,34,0,1.3,1.45142857142907,1.45928571428522,2.06733333333347,-0.00785714285614492,76,112,35.6613259668508,0
"215","CHEMAINUS RIVER",1968,1968-07-21,203,35,0,1.27,1.41428571428696,1.43142857142915,2.01533333333355,-0.0171428571421919,77.27,113,35.6613259668508,0
"216","CHEMAINUS RIVER",1968,1968-07-22,204,36,0,1.22,1.37428571428713,1.40714285714265,1.95033333333364,-0.0328571428555213,78.49,114,35.6613259668508,0
"217","CHEMAINUS RIVER",1968,1968-07-23,205,37,0,1.19,1.32142857142857,1.38714285714377,1.89366666666707,-0.0657142857152004,79.68,115,35.6613259668508,0
"218","CHEMAINUS RIVER",1968,1968-07-24,206,38,0,1.13,1.27285714285764,1.37071428571445,1.84833333333324,-0.0978571428568102,80.81,116,35.6613259668508,0
"219","CHEMAINUS RIVER",1968,1968-07-25,207,39,0,1.16,1.23285714285781,1.36285714285727,1.80833333333333,-0.129999999999459,81.97,117,35.6613259668508,0
"220","CHEMAINUS RIVER",1968,1968-07-26,208,40,0,1.25,1.21714285714344,1.35285714285731,1.75099999999996,-0.13571428571387,83.22,118,35.6613259668508,0
"221","CHEMAINUS RIVER",1968,1968-07-27,209,41,0,1.08,1.1857142857147,1.31857142857189,1.64433333333339,-0.132857142857185,84.3,119,35.6613259668508,0
"222","CHEMAINUS RIVER",1968,1968-07-28,210,42,0,1.02,1.15000000000042,1.28214285714369,1.56333333333362,-0.132142857143273,85.32,120,35.6613259668508,0
"223","CHEMAINUS RIVER",1968,1968-07-29,211,43,0,0.906,1.10514285714141,1.23971428571427,1.49353333333323,-0.134571428572859,86.226,121,35.6613259668508,0
"224","CHEMAINUS RIVER",1968,1968-07-30,212,44,0,0.793,1.04842857142752,1.18492857142805,1.43563333333344,-0.136500000000524,87.019,122,35.6613259668508,0
"225","CHEMAINUS RIVER",1968,1968-07-31,213,45,0,0.75,0.994142857143223,1.13350000000043,1.38896666666648,-0.139357142857209,87.769,123,35.6613259668508,0
"226","CHEMAINUS RIVER",1968,1968-08-01,214,46,0,0.708,0.929571428571113,1.08121428571446,1.34356666666669,-0.151642857143348,88.477,124,35.6613259668508,0
"227","CHEMAINUS RIVER",1968,1968-08-02,215,47,0,0.665,0.846000000000848,1.03157142857214,1.30106666666688,-0.185571428571296,89.142,125,35.6613259668508,0
"228","CHEMAINUS RIVER",1968,1968-08-03,216,48,0,0.637,0.782714285713155,0.984214285713928,1.25896666666667,-0.201500000000773,89.779,126,35.6613259668508,0
"229","CHEMAINUS RIVER",1968,1968-08-04,217,49,0,0.609,0.7239999999999,0.937000000000158,1.21926666666695,-0.213000000000258,90.388,127,35.6613259668508,0
"230","CHEMAINUS RIVER",1968,1968-08-05,218,50,0,0.595,0.679571428573191,0.892357142857301,1.18043333333335,-0.212785714284109,90.983,128,35.6613259668508,0
"231","CHEMAINUS RIVER",1968,1968-08-06,219,51,0,0.58,0.649142857142059,0.848785714284791,1.14443333333329,-0.199642857142732,91.563,129,35.6613259668508,0
"232","CHEMAINUS RIVER",1968,1968-08-07,220,52,0,0.561,0.622142857142275,0.808142857142749,1.11113333333293,-0.186000000000474,92.124,130,35.6613259668508,0
"233","CHEMAINUS RIVER",1968,1968-08-08,221,53,0,0.561,0.601142857142674,0.765357142856893,1.08083333333343,-0.164214285714219,92.685,131,35.6613259668508,0
"234","CHEMAINUS RIVER",1968,1968-08-09,222,54,0,0.561,0.586285714284583,0.716142857142716,1.05420000000013,-0.129857142858132,93.246,132,35.6613259668508,0
"235","CHEMAINUS RIVER",1968,1968-08-10,223,55,0,0.564,0.575857142857525,0.67928571428534,1.03066666666661,-0.103428571427815,93.81,133,35.6613259668508,0
"236","CHEMAINUS RIVER",1968,1968-08-11,224,56,0,0.566,0.569714285713936,0.646857142856918,1.00320000000017,-0.0771428571429819,94.376,134,35.6613259668508,0
"237","CHEMAINUS RIVER",1968,1968-08-12,225,57,0,0.595,0.569714285713936,0.624642857143564,0.971033333333617,-0.0549285714296275,94.971,135,35.6613259668508,0
"238","CHEMAINUS RIVER",1968,1968-08-13,226,58,0,1.13,0.648285714285781,0.64871428571392,0.957699999999992,-0.000428571428139013,96.101,136,35.6613259668508,0
"239","CHEMAINUS RIVER",1968,1968-08-14,227,59,0,1.7,0.811000000001513,0.716571428571894,0.964366666667047,0.0944285714296191,97.801,137,35.6613259668508,0
"240","CHEMAINUS RIVER",1968,1968-08-15,228,60,0,1.02,0.876571428571229,0.738857142856952,0.94636666666629,0.137714285714277,98.821,138,35.6613259668508,0
"241","CHEMAINUS RIVER",1968,1968-08-16,229,61,0,0.68,0.893571428572094,0.739928571428339,0.920033333333655,0.153642857143755,99.501,139,35.6613259668508,0
"242","CHEMAINUS RIVER",1968,1968-08-17,230,62,0,0.623,0.901999999999784,0.738928571428655,0.892799999999988,0.163071428571129,100.124,140,35.6613259668508,0
"243","CHEMAINUS RIVER",1968,1968-08-18,231,63,0,0.708,0.922285714284434,0.745999999999185,0.871066666666593,0.176285714285249,100.832,141,35.6613259668508,0
"244","CHEMAINUS RIVER",1968,1968-08-19,232,64,0,0.736,0.942428571427756,0.756071428570847,0.852266666666643,0.18635714285691,101.568,142,35.6613259668508,0
"245","CHEMAINUS RIVER",1968,1968-08-20,233,65,0,0.821,0.898285714285781,0.773285714285781,0.837299999999717,0.125,102.389,143,35.6613259668508,0
"246","CHEMAINUS RIVER",1968,1968-08-21,234,66,0,0.906,0.784857142855929,0.797928571428721,0.8268333333331,-0.0130714285727923,103.295,144,35.6613259668508,0
"247","CHEMAINUS RIVER",1968,1968-08-22,235,67,0,1.02,0.784857142858008,0.830714285714618,0.821166666666492,-0.0458571428566107,104.315,145,35.6613259668508,0
"248","CHEMAINUS RIVER",1968,1968-08-23,236,68,0,1.05,0.837714285714485,0.86564285714329,0.818500000000252,-0.0279285714288043,105.365,146,35.6613259668508,0
"249","CHEMAINUS RIVER",1968,1968-08-24,237,69,0,1.1,0.905857142857193,0.903928571428488,0.816499999999845,0.00192857142870451,106.465,147,35.6613259668508,0
"250","CHEMAINUS RIVER",1968,1968-08-25,238,70,0,1.42,1.00757142857141,0.964928571427923,0.822166666666453,0.042642857143489,107.885,148,35.6613259668508,0
"251","CHEMAINUS RIVER",1968,1968-08-26,239,71,0,2.28,1.22814285714412,1.08528571428594,0.862166666666841,0.142857142858182,110.165,149,35.6613259668508,0
"252","CHEMAINUS RIVER",1968,1968-08-27,240,72,0,3,1.53942857143037,1.21885714285807,0.928166666666705,0.320571428572293,113.165,150,35.6613259668508,0
"253","CHEMAINUS RIVER",1968,1968-08-28,241,73,0,3.91,1.96857142857126,1.3767142857136,1.02830000000007,0.591857142857667,117.075,151,35.6613259668508,0
"254","CHEMAINUS RIVER",1968,1968-08-29,242,74,0,3.68,2.34857142857176,1.56671428571488,1.12453333333348,0.781857142856877,120.755,152,35.6613259668508,0
"255","CHEMAINUS RIVER",1968,1968-08-30,243,75,0,3.45,2.69142857142807,1.76457142857128,1.21453333333338,0.926857142856794,124.205,153,35.6613259668508,0
"256","CHEMAINUS RIVER",1968,1968-08-31,244,76,0,3.4,3.01999999999992,1.96292857142855,1.30426666666657,1.05707142857136,127.605,154,35.6613259668508,0
"257","CHEMAINUS RIVER",1968,1968-09-01,245,77,0,3.06,3.25428571428763,2.13092857142952,1.38410000000003,1.12335714285811,130.665,155,35.6613259668508,0
"258","CHEMAINUS RIVER",1968,1968-09-02,246,78,0,2.53,3.28999999999983,2.25907142857198,1.4472000000004,1.03092857142786,133.195,156,35.6613259668508,0
"259","CHEMAINUS RIVER",1968,1968-09-03,247,79,0,2.32,3.1928571428559,2.36614285714313,1.5042333333331,0.826714285712764,135.515,157,35.6613259668508,0
"260","CHEMAINUS RIVER",1968,1968-09-04,248,80,0,1.98,2.91714285714261,2.44285714285693,1.5503999999996,0.474285714285673,137.495,158,35.6613259668508,0
"261","CHEMAINUS RIVER",1968,1968-09-05,249,81,0,1.69,2.63285714285615,2.49071428571395,1.5874000000001,0.142142857142192,139.185,159,35.6613259668508,0
"262","CHEMAINUS RIVER",1968,1968-09-06,250,82,0,1.42,2.34285714285631,2.51714285714219,1.61603333333333,-0.174285714285881,140.605,160,35.6613259668508,0
"263","CHEMAINUS RIVER",1968,1968-09-07,251,83,0,1.36,2.05142857142865,2.53571428571429,1.64266666666663,-0.484285714285631,141.965,161,35.6613259668508,0
"264","CHEMAINUS RIVER",1968,1968-09-08,252,84,0,1.1,1.77142857142774,2.51285714285768,1.66063333333344,-0.741428571429944,143.065,162,35.6613259668508,0
"265","CHEMAINUS RIVER",1968,1968-09-09,253,85,0,0.963,1.54757142857125,2.41878571428554,1.6739333333336,-0.871214285714294,144.028,163,35.6613259668508,0
"266","CHEMAINUS RIVER",1968,1968-09-10,254,86,0,0.934,1.34957142857145,2.27121428571367,1.68619999999986,-0.921642857142225,144.962,164,35.6613259668508,0
"267","CHEMAINUS RIVER",1968,1968-09-11,255,87,0,1.02,1.21242857142975,2.06478571428618,1.70036666666662,-0.852357142856428,145.982,165,35.6613259668508,0
"268","CHEMAINUS RIVER",1968,1968-09-12,256,88,0,1.73,1.21814285714312,1.92549999999963,1.72036666666681,-0.707357142856511,147.712,166,35.6613259668508,0
"269","CHEMAINUS RIVER",1968,1968-09-13,257,89,0,2.62,1.38957142857128,1.8662142857138,1.75103333333294,-0.476642857142516,150.332,167,35.6613259668508,0
"270","CHEMAINUS RIVER",1968,1968-09-14,258,90,0,5.04,1.91528571428665,1.98335714285765,1.88503333333356,-0.0680714285710047,155.372,168,35.6613259668508,0
"271","CHEMAINUS RIVER",1968,1968-09-15,259,91,1,5.47,2.53957142857169,2.15549999999972,2.04470000000001,0.384071428571978,160.842,169,35.6613259668508,0
"272","CHEMAINUS RIVER",1969,1969-06-18,169,1,0,4.87,6.92428571428588,9.71928571428621,16.3556666666671,-2.79500000000033,4.87,23,20.8349720670391,0
"273","CHEMAINUS RIVER",1969,1969-06-19,170,2,0,4.47,6.17142857142608,9.01714285714219,15.6479999999991,-2.84571428571611,9.34,24,20.8349720670391,0
"274","CHEMAINUS RIVER",1969,1969-06-20,171,3,0,4.36,5.45142857142907,8.33571428571512,14.9,-2.88428571428605,13.7,25,20.8349720670391,0
"275","CHEMAINUS RIVER",1969,1969-06-21,172,4,0,4.02,4.85285714285731,7.67999999999925,14.1506666666663,-2.82714285714194,17.72,26,20.8349720670391,0
"276","CHEMAINUS RIVER",1969,1969-06-22,173,5,0,3.79,4.58571428571512,7.09357142857126,13.3636666666668,-2.50785714285614,21.51,27,20.8349720670391,0
"277","CHEMAINUS RIVER",1969,1969-06-23,174,6,0,3.28,4.28571428571429,6.49214285714178,12.5396666666667,-2.20642857142749,24.79,28,20.8349720670391,0
"278","CHEMAINUS RIVER",1969,1969-06-24,175,7,0,2.75,3.93428571428688,5.88142857142832,11.741333333333,-1.94714285714144,27.54,29,20.8349720670391,0
"279","CHEMAINUS RIVER",1969,1969-06-25,176,8,0,2.66,3.6185714285696,5.27142857142774,10.9633333333331,-1.65285714285814,30.2,30,20.8349720670391,0
"280","CHEMAINUS RIVER",1969,1969-06-26,177,9,0,2.79,3.37857142857475,4.77500000000042,10.3830000000007,-1.39642857142566,32.99,31,20.8349720670391,0
"281","CHEMAINUS RIVER",1969,1969-06-27,178,10,0,2.7,3.14142857142724,4.29642857142816,9.75299999999988,-1.15500000000092,35.69,32,20.8349720670391,0
"282","CHEMAINUS RIVER",1969,1969-06-28,179,11,0,2.75,2.96000000000017,3.90642857142874,9.15466666666616,-0.946428571428571,38.44,33,20.8349720670391,0
"283","CHEMAINUS RIVER",1969,1969-06-29,180,12,0,2.53,2.77999999999884,3.68285714285698,8.59233333333298,-0.902857142858141,40.97,34,20.8349720670391,0
"284","CHEMAINUS RIVER",1969,1969-06-30,181,13,0,2.45,2.66142857142924,3.47357142857176,8.04066666666671,-0.812142857142525,43.42,35,20.8349720670391,0
"285","CHEMAINUS RIVER",1969,1969-07-01,182,14,0,2.34,2.60285714285731,3.26857142857209,7.52533333333364,-0.665714285714785,45.76,36,20.8349720670391,0
"286","CHEMAINUS RIVER",1969,1969-07-02,183,15,0,2.25,2.54428571428538,3.08142857142749,7.03699999999953,-0.537142857142109,48.01,37,20.8349720670391,0
"287","CHEMAINUS RIVER",1969,1969-07-03,184,16,0,2.28,2.47142857142691,2.92500000000083,6.57966666666616,-0.453571428573923,50.29,38,20.8349720670391,0
"288","CHEMAINUS RIVER",1969,1969-07-04,185,17,0,2.34,2.42000000000033,2.78071428571379,6.12766666666624,-0.360714285713454,52.63,39,20.8349720670391,0
"289","CHEMAINUS RIVER",1969,1969-07-05,186,18,0,2.38,2.36714285714385,2.66357142857201,5.73033333333345,-0.296428571428156,55.01,40,20.8349720670391,0
"290","CHEMAINUS RIVER",1969,1969-07-06,187,19,0,2.28,2.33142857142957,2.5557142857142,5.34300000000027,-0.224285714284633,57.29,41,20.8349720670391,0
"291","CHEMAINUS RIVER",1969,1969-07-07,188,20,0,1.95,2.260000000001,2.46071428571512,4.96800000000027,-0.20071428571412,59.24,42,20.8349720670391,0
"292","CHEMAINUS RIVER",1969,1969-07-08,189,21,0,2.13,2.23000000000216,2.41642857142974,4.63900000000043,-0.186428571427574,61.37,43,20.8349720670391,0
"293","CHEMAINUS RIVER",1969,1969-07-09,190,22,0,2.07,2.20428571428472,2.37428571428505,4.3179999999993,-0.170000000000333,63.44,44,20.8349720670391,0
"294","CHEMAINUS RIVER",1969,1969-07-10,191,23,0,1.9,2.14999999999834,2.31071428571262,4.00466666666616,-0.160714285714286,65.34,45,20.8349720670391,0
"295","CHEMAINUS RIVER",1969,1969-07-11,192,24,0,1.93,2.09142857143057,2.25571428571545,3.69566666666651,-0.164285714284883,67.27,46,20.8349720670391,0
"296","CHEMAINUS RIVER",1969,1969-07-12,193,25,0,1.95,2.02999999999884,2.19857142857135,3.43599999999957,-0.16857142857251,69.22,47,20.8349720670391,0
"297","CHEMAINUS RIVER",1969,1969-07-13,194,26,0,1.84,1.96714285714136,2.14928571428546,3.18399999999965,-0.182142857144105,71.06,48,20.8349720670391,0
"298","CHEMAINUS RIVER",1969,1969-07-14,195,27,0,1.79,1.94428571428372,2.10214285714236,2.97000000000019,-0.157857142858639,72.85,49,20.8349720670391,0
"299","CHEMAINUS RIVER",1969,1969-07-15,196,28,0,1.77,1.89285714285714,2.06142857142965,2.84033333333403,-0.16857142857251,74.62,50,20.8349720670391,0
"300","CHEMAINUS RIVER",1969,1969-07-16,197,29,0,1.68,1.83714285714502,2.02071428571487,2.71700000000031,-0.183571428569848,76.3,51,20.8349720670391,0
"301","CHEMAINUS RIVER",1969,1969-07-17,198,30,0,1.55,1.78714285714419,1.96857142857126,2.59500000000019,-0.181428571427075,77.85,52,20.8349720670391,0
"302","CHEMAINUS RIVER",1969,1969-07-18,199,31,0,1.48,1.72285714285681,1.90714285714369,2.48199999999973,-0.184285714286878,79.33,53,20.8349720670391,0
"303","CHEMAINUS RIVER",1969,1969-07-19,200,32,0,1.43,1.64857142857259,1.83928571428571,2.38066666666709,-0.190714285713121,80.76,54,20.8349720670391,0
"304","CHEMAINUS RIVER",1969,1969-07-20,201,33,0,1.27,1.56714285714302,1.76714285714219,2.27766666666624,-0.199999999999168,82.03,55,20.8349720670391,0
"305","CHEMAINUS RIVER",1969,1969-07-21,202,34,0,1.26,1.4914285714289,1.71785714285631,2.1856666666669,-0.226428571427407,83.29,56,20.8349720670391,0
"306","CHEMAINUS RIVER",1969,1969-07-22,203,35,0,1.26,1.41857142857043,1.65571428571379,2.10133333333361,-0.237142857143356,84.55,57,20.8349720670391,0
"307","CHEMAINUS RIVER",1969,1969-07-23,204,36,0,1.27,1.3599999999985,1.59857142857176,2.03433333333329,-0.238571428573258,85.82,58,20.8349720670391,0
"308","CHEMAINUS RIVER",1969,1969-07-24,205,37,0,1.25,1.31714285714302,1.55214285714361,1.98433333333329,-0.235000000000582,87.07,59,20.8349720670391,0
"309","CHEMAINUS RIVER",1969,1969-07-25,206,38,0,1.2,1.27714285714319,1.5,1.9356666666669,-0.22285714285681,88.27,60,20.8349720670391,0
"310","CHEMAINUS RIVER",1969,1969-07-26,207,39,0,1.18,1.2414285714289,1.44500000000075,1.88199999999973,-0.203571428571844,89.45,61,20.8349720670391,0
"311","CHEMAINUS RIVER",1969,1969-07-27,208,40,0,1.2,1.23142857143206,1.39928571428754,1.8320000000007,-0.16785714285548,90.65,62,20.8349720670391,0
"312","CHEMAINUS RIVER",1969,1969-07-28,209,41,0,1.19,1.22142857142691,1.35642857142791,1.77999999999981,-0.135000000000998,91.84,63,20.8349720670391,0
"313","CHEMAINUS RIVER",1969,1969-07-29,210,42,0,1.19,1.21142857142591,1.31499999999817,1.73533333333326,-0.10357142857226,93.03,64,20.8349720670391,0
"314","CHEMAINUS RIVER",1969,1969-07-30,211,43,0,1.18,1.19857142857342,1.27928571428596,1.69300000000027,-0.0807142857125394,94.21,65,20.8349720670391,0
"315","CHEMAINUS RIVER",1969,1969-07-31,212,44,0,1.19,1.19000000000233,1.25357142857268,1.65466666666713,-0.0635714285703475,95.4,66,20.8349720670391,0
"316","CHEMAINUS RIVER",1969,1969-08-01,213,45,0,1.16,1.18428571428272,1.23071428571296,1.61833333333295,-0.0464285714302344,96.56,67,20.8349720670391,0
"317","CHEMAINUS RIVER",1969,1969-08-02,214,46,0,1.18,1.18428571428688,1.21285714285789,1.58166666666705,-0.0285714285710128,97.74,68,20.8349720670391,0
"318","CHEMAINUS RIVER",1969,1969-08-03,215,47,0,1.15,1.17714285714153,1.2042857142868,1.54200000000031,-0.0271428571452685,98.89,69,20.8349720670391,0
"319","CHEMAINUS RIVER",1969,1969-08-04,216,48,0,1.13,1.16857142857459,1.19500000000075,1.50033333333364,-0.0264285714261598,100.02,70,20.8349720670391,0
"320","CHEMAINUS RIVER",1969,1969-08-05,217,49,0,1.15,1.16285714285914,1.18714285714252,1.46266666666682,-0.0242857142833859,101.17,71,20.8349720670391,0
"321","CHEMAINUS RIVER",1969,1969-08-06,218,50,0,1.12,1.15428571428388,1.17642857142865,1.43499999999961,-0.0221428571447697,102.29,72,20.8349720670391,0
"322","CHEMAINUS RIVER",1969,1969-08-07,219,51,0,1.1,1.14142857142724,1.16571428571478,1.40066666666632,-0.0242857142875437,103.39,73,20.8349720670391,0
"323","CHEMAINUS RIVER",1969,1969-08-08,220,52,0,1.1,1.1328571428603,1.15857142857151,1.36833333333392,-0.0257142857112089,104.49,74,20.8349720670391,0
"324","CHEMAINUS RIVER",1969,1969-08-09,221,53,0,1.08,1.1185714285696,1.15142857142824,1.34100000000035,-0.0328571428586397,105.57,75,20.8349720670391,0
"325","CHEMAINUS RIVER",1969,1969-08-10,222,54,0,1.09,1.1099999999985,1.14357142857001,1.3129999999995,-0.0335714285715116,106.66,76,20.8349720670391,0
"326","CHEMAINUS RIVER",1969,1969-08-11,223,55,0,1.08,1.10285714285731,1.13571428571595,1.28400000000062,-0.0328571428586397,107.74,77,20.8349720670391,0
"327","CHEMAINUS RIVER",1969,1969-08-12,224,56,0,1.08,1.09285714285631,1.12785714285772,1.25866666666698,-0.0350000000014135,108.82,78,20.8349720670391,0
"328","CHEMAINUS RIVER",1969,1969-08-13,225,57,0,1.06,1.08428571428522,1.11928571428455,1.23433333333329,-0.0349999999993347,109.88,79,20.8349720670391,0
"329","CHEMAINUS RIVER",1969,1969-08-14,226,58,0,1.08,1.08142857142957,1.11142857142841,1.21133333333322,-0.0299999999988358,110.96,80,20.8349720670391,0
"330","CHEMAINUS RIVER",1969,1969-08-15,227,59,0,1.08,1.07857142856977,1.10571428571503,1.19133333333302,-0.0271428571452688,112.04,81,20.8349720670391,0
"331","CHEMAINUS RIVER",1969,1969-08-16,228,60,0,1.06,1.07571428571412,1.09714285714186,1.175,-0.02142857142774,113.1,82,20.8349720670391,0
"332","CHEMAINUS RIVER",1969,1969-08-17,229,61,0,1.05,1.07000000000283,1.09000000000067,1.1606666666669,-0.0199999999978382,114.15,83,20.8349720670391,0
"333","CHEMAINUS RIVER",1969,1969-08-18,230,62,0,1.05,1.06571428571312,1.08428571428522,1.14800000000008,-0.0185714285720937,115.2,84,20.8349720670391,0
"334","CHEMAINUS RIVER",1969,1969-08-19,231,63,0,1.03,1.05857142857193,1.07571428571412,1.14000000000039,-0.0171428571421919,116.23,85,20.8349720670391,0
"335","CHEMAINUS RIVER",1969,1969-08-20,232,64,0,1.05,1.05714285714203,1.07071428571362,1.13299999999969,-0.0135714285715949,117.28,86,20.8349720670391,0
"336","CHEMAINUS RIVER",1969,1969-08-21,233,65,0,1.03,1.04999999999667,1.06571428571312,1.12533333333267,-0.0157142857164478,118.31,87,20.8349720670391,0
"337","CHEMAINUS RIVER",1969,1969-08-22,234,66,0,1.02,1.04142857142974,1.05999999999975,1.11700000000031,-0.0185714285700149,119.33,88,20.8349720670391,0
"338","CHEMAINUS RIVER",1969,1969-08-23,235,67,0,1.03,1.03714285714419,1.05642857142915,1.10966666666694,-0.0192857142849658,120.36,89,20.8349720670391,0
"339","CHEMAINUS RIVER",1969,1969-08-24,236,68,0,1.03,1.03428571428438,1.05214285714361,1.10399999999984,-0.0178571428592218,121.39,90,20.8349720670391,0
"340","CHEMAINUS RIVER",1969,1969-08-25,237,69,0,1.05,1.03428571428438,1.04999999999875,1.09966666666636,-0.0157142857143688,122.44,91,20.8349720670391,0
"341","CHEMAINUS RIVER",1969,1969-08-26,238,70,0,1.06,1.03857142856993,1.04857142857093,1.09499999999922,-0.0100000000009977,123.5,92,20.8349720670391,0
"342","CHEMAINUS RIVER",1969,1969-08-27,239,71,0,1.06,1.03999999999983,1.04857142857093,1.09066666666671,-0.00857142857109583,124.56,93,20.8349720670391,0
"343","CHEMAINUS RIVER",1969,1969-08-28,240,72,0,1.09,1.04857142857509,1.04928571428588,1.08733333333415,-0.00071428571079335,125.65,94,20.8349720670391,0
"344","CHEMAINUS RIVER",1969,1969-08-29,241,73,0,1.1,1.05999999999767,1.0507142857137,1.08466666666597,0.00928571428396796,126.75,95,20.8349720670391,0
"345","CHEMAINUS RIVER",1969,1969-08-30,242,74,0,1.09,1.06857142856877,1.05285714285648,1.08133333333244,0.0157142857122901,127.84,96,20.8349720670391,0
"346","CHEMAINUS RIVER",1969,1969-08-31,243,75,0,1.15,1.08571428571512,1.05999999999975,1.08100000000074,0.0257142857153667,128.99,97,20.8349720670391,0
"347","CHEMAINUS RIVER",1969,1969-09-01,244,76,0,1.16,1.10142857143157,1.06785714285797,1.08033333333345,0.0335714285735906,130.15,98,20.8349720670391,0
"348","CHEMAINUS RIVER",1969,1969-09-02,245,77,0,1.2,1.1214285714294,1.07999999999967,1.08199999999973,0.0414285714297356,131.35,99,20.8349720670391,0
"349","CHEMAINUS RIVER",1969,1969-09-03,246,78,0,1.22,1.14428571428704,1.09214285714344,1.08499999999961,0.0521428571436056,132.57,100,20.8349720670391,0
"350","CHEMAINUS RIVER",1969,1969-09-04,247,79,0,1.19,1.15857142856943,1.10357142857226,1.08633333333322,0.0549999999971726,133.76,101,20.8349720670391,0
"351","CHEMAINUS RIVER",1969,1969-09-05,248,80,0,1.15,1.16571428571478,1.11285714285623,1.08733333333318,0.0528571428585565,134.91,102,20.8349720670391,0
"352","CHEMAINUS RIVER",1969,1969-09-06,249,81,0,1.16,1.17571428571578,1.12214285714228,1.0893333333331,0.0535714285735074,136.07,103,20.8349720670391,0
"353","CHEMAINUS RIVER",1969,1969-09-07,250,82,0,1.1,1.16857142857043,1.12714285714277,1.0893333333331,0.0414285714276568,137.17,104,20.8349720670391,0
"354","CHEMAINUS RIVER",1969,1969-09-08,251,83,0,1.09,1.15857142856943,1.1300000000005,1.08966666666674,0.028571428568934,138.26,105,20.8349720670391,0
"355","CHEMAINUS RIVER",1969,1969-09-09,252,84,0,1.06,1.13857142857159,1.1300000000005,1.08866666666678,0.00857142857109605,139.32,106,20.8349720670391,0
"356","CHEMAINUS RIVER",1969,1969-09-10,253,85,1,1.08,1.11857142857376,1.1314285714304,1.08866666666678,-0.012857142856644,140.4,107,20.8349720670391,0
"357","CHEMAINUS RIVER",1970,1970-06-18,169,1,0,2.34,2.4914285714289,3.00428571428555,4.49300000000027,-0.512857142856644,2.34,65,18.391270718232,0
"358","CHEMAINUS RIVER",1970,1970-06-19,170,2,0,2.19,2.41857142857043,2.87785714285772,4.32899999999985,-0.459285714287294,4.53,66,18.391270718232,0
"359","CHEMAINUS RIVER",1970,1970-06-20,171,3,0,2.24,2.3685714285696,2.76071428571387,4.17333333333275,-0.392142857144271,6.77,67,18.391270718232,0
"360","CHEMAINUS RIVER",1970,1970-06-21,172,4,0,2.19,2.32571428571412,2.65214285714319,4.02266666666643,-0.32642857142907,8.96,68,18.391270718232,0
"361","CHEMAINUS RIVER",1970,1970-06-22,173,5,0,2.08,2.27428571428754,2.54000000000191,3.875,-0.265714285714369,11.04,69,18.391270718232,0
"362","CHEMAINUS RIVER",1970,1970-06-23,174,6,0,2.14,2.22428571428671,2.44642857142857,3.74066666666671,-0.22214285714186,13.18,70,18.391270718232,0
"363","CHEMAINUS RIVER",1970,1970-06-24,175,7,0,2.03,2.17285714285598,2.36928571428455,3.60066666666632,-0.196428571428572,15.21,71,18.391270718232,0
"364","CHEMAINUS RIVER",1970,1970-06-25,176,8,0,1.98,2.1214285714294,2.30642857142915,3.46566666666671,-0.184999999999751,17.19,72,18.391270718232,0
"365","CHEMAINUS RIVER",1970,1970-06-26,177,9,0,1.91,2.08142857142957,2.25,3.33500000000058,-0.168571428570431,19.1,73,18.391270718232,0
"366","CHEMAINUS RIVER",1970,1970-06-27,178,10,0,1.88,2.02999999999884,2.19928571428422,3.19933333333271,-0.169285714285382,20.98,74,18.391270718232,0
"367","CHEMAINUS RIVER",1970,1970-06-28,179,11,0,1.81,1.97571428571661,2.15071428571537,3.06800000000027,-0.174999999998753,22.79,75,18.391270718232,0
"368","CHEMAINUS RIVER",1970,1970-06-29,180,12,0,1.74,1.92714285714153,2.10071428571454,2.93166666666705,-0.173571428573008,24.53,76,18.391270718232,0
"369","CHEMAINUS RIVER",1970,1970-06-30,181,13,0,1.5,1.83571428571512,2.03000000000091,2.8013333333336,-0.194285714285797,26.03,77,18.391270718232,0
"370","CHEMAINUS RIVER",1970,1970-07-01,182,14,0,1.39,1.74428571428455,1.95857142857026,2.6786666666662,-0.214285714285714,27.42,78,18.391270718232,0
"371","CHEMAINUS RIVER",1970,1970-07-02,183,15,0,1.33,1.65142857142824,1.88642857142882,2.56733333333395,-0.235000000000582,28.75,79,18.391270718232,0
"372","CHEMAINUS RIVER",1970,1970-07-03,184,16,0,1.27,1.55999999999767,1.82071428571362,2.46333333333314,-0.260714285715949,30.02,80,18.391270718232,0
"373","CHEMAINUS RIVER",1970,1970-07-04,185,17,0,1.25,1.47000000000116,1.75,2.36633333333302,-0.279999999998836,31.27,81,18.391270718232,0
"374","CHEMAINUS RIVER",1970,1970-07-05,186,18,0,1.19,1.38142857142624,1.67857142857143,2.27400000000004,-0.297142857145186,32.46,82,18.391270718232,0
"375","CHEMAINUS RIVER",1970,1970-07-06,187,19,0,1.22,1.30714285714203,1.61714285714178,2.18533333333326,-0.30999999999975,33.68,83,18.391270718232,0
"376","CHEMAINUS RIVER",1970,1970-07-07,188,20,0,1.19,1.26285714285664,1.54928571428588,2.10133333333361,-0.286428571429237,34.87,84,18.391270718232,0
"377","CHEMAINUS RIVER",1970,1970-07-08,189,21,0,1.13,1.22571428571661,1.48500000000058,2.01733333333395,-0.259285714283968,36,85,18.391270718232,0
"378","CHEMAINUS RIVER",1970,1970-07-09,190,22,0,1.08,1.18999999999817,1.4207142857132,1.93833333333314,-0.230714285715034,37.08,86,18.391270718232,0
"379","CHEMAINUS RIVER",1970,1970-07-10,191,23,0,1.05,1.15857142857359,1.35928571428563,1.86966666666655,-0.200714285712041,38.13,87,18.391270718232,0
"380","CHEMAINUS RIVER",1970,1970-07-11,192,24,0,1.05,1.1300000000005,1.30000000000083,1.80933333333329,-0.170000000000333,39.18,88,18.391270718232,0
"381","CHEMAINUS RIVER",1970,1970-07-12,193,25,0,1.02,1.10571428571296,1.2435714285696,1.75333333333256,-0.137857142856644,40.2,89,18.391270718232,0
"382","CHEMAINUS RIVER",1970,1970-07-13,194,26,0,0.963,1.06900000000106,1.18807142857155,1.69909999999994,-0.119071428570481,41.163,90,18.391270718232,0
"383","CHEMAINUS RIVER",1970,1970-07-14,195,27,0,0.934,1.03242857142634,1.14764285714149,1.64723333333289,-0.115214285715151,42.097,91,18.391270718232,0
"384","CHEMAINUS RIVER",1970,1970-07-15,196,28,0,0.878,0.996428571429403,1.11107142857301,1.59516666666702,-0.114642857143606,42.975,92,18.391270718232,0
"385","CHEMAINUS RIVER",1970,1970-07-16,197,29,0,0.708,0.943285714286113,1.06664285714214,1.5357666666668,-0.123357142856029,43.683,93,18.391270718232,0
"386","CHEMAINUS RIVER",1970,1970-07-17,198,30,0,0.566,0.874142857139564,1.01635714285658,1.47496666666605,-0.142214285717013,44.249,94,18.391270718232,0
"387","CHEMAINUS RIVER",1970,1970-07-18,199,31,0,0.425,0.784857142858008,0.957428571429253,1.41113333333342,-0.172571428571246,44.674,95,18.391270718232,0
"388","CHEMAINUS RIVER",1970,1970-07-19,200,32,0,0.368,0.691714285714884,0.89871428571392,1.3503999999996,-0.206999999999035,45.042,96,18.391270718232,0
"389","CHEMAINUS RIVER",1970,1970-07-20,201,33,0,0.34,0.602714285711824,0.835857142856444,1.28706666666646,-0.23314285714462,45.382,97,18.391270718232,0
"390","CHEMAINUS RIVER",1970,1970-07-21,202,34,0,0.255,0.50571428571545,0.769071428570896,1.22256666666653,-0.263357142855447,45.637,98,18.391270718232,0
"391","CHEMAINUS RIVER",1970,1970-07-22,203,35,0,0.34,0.428857142854083,0.712642857141743,1.16456666666587,-0.28378571428766,45.977,99,18.391270718232,0
"392","CHEMAINUS RIVER",1970,1970-07-23,204,36,0,0.255,0.364142857142724,0.653714285714419,1.1017333333332,-0.289571428571695,46.232,100,18.391270718232,0
"393","CHEMAINUS RIVER",1970,1970-07-24,205,37,0,0.227,0.315714285717279,0.594928571428422,1.04163333333369,-0.279214285711142,46.459,101,18.391270718232,0
"394","CHEMAINUS RIVER",1970,1970-07-25,206,38,0,0.227,0.287428571426842,0.536142857142425,0.983199999999488,-0.248714285715583,46.686,102,18.391270718232,0
"395","CHEMAINUS RIVER",1970,1970-07-26,207,39,0,0.255,0.271285714286413,0.481500000000649,0.92803333333286,-0.210214285714236,46.941,103,18.391270718232,0
"396","CHEMAINUS RIVER",1970,1970-07-27,208,40,0,0.283,0.263142857143456,0.43292857142764,0.874800000000202,-0.169785714284184,47.224,104,18.391270718232,0
"397","CHEMAINUS RIVER",1970,1970-07-28,209,41,0,0.453,0.291428571429736,0.398571428572593,0.829566666666263,-0.107142857142857,47.677,105,18.391270718232,0
"398","CHEMAINUS RIVER",1970,1970-07-29,210,42,0,0.736,0.348000000002295,0.388428571428189,0.796100000000054,-0.0404285714258939,48.413,106,18.391270718232,0
"399","CHEMAINUS RIVER",1970,1970-07-30,211,43,0,0.566,0.392428571429004,0.378285714285864,0.764966666666442,0.0141428571431399,48.979,107,18.391270718232,0
"400","CHEMAINUS RIVER",1970,1970-07-31,212,44,0,0.595,0.44499999999867,0.380357142857974,0.738466666666985,0.0646428571406951,49.574,108,18.391270718232,0
"401","CHEMAINUS RIVER",1970,1970-08-01,213,45,0,0.481,0.481285714286579,0.38435714285671,0.710166666666434,0.0969285714298686,50.055,109,18.391270718232,0
"402","CHEMAINUS RIVER",1970,1970-08-02,214,46,0,0.453,0.509571428572859,0.390428571429636,0.682933333333737,0.119142857143223,50.508,110,18.391270718232,0
"403","CHEMAINUS RIVER",1970,1970-08-03,215,47,0,0.368,0.521714285714552,0.392428571429004,0.653533333333326,0.129285714285548,50.876,111,18.391270718232,0
"404","CHEMAINUS RIVER",1970,1970-08-04,216,48,0,0.34,0.505571428569965,0.39849999999985,0.625199999999798,0.107071428570115,51.216,112,18.391270718232,0
"405","CHEMAINUS RIVER",1970,1970-08-05,217,49,0,0.283,0.440857142854449,0.394428571428372,0.593966666666286,0.0464285714260768,51.499,113,18.391270718232,0
"406","CHEMAINUS RIVER",1970,1970-08-06,218,50,0,0.255,0.39642857142774,0.394428571428372,0.562799999999697,0.00199999999936806,51.754,114,18.391270718232,0
"407","CHEMAINUS RIVER",1970,1970-08-07,219,51,0,0.283,0.351857142855546,0.398428571427108,0.534566666666069,-0.0465714285715616,52.037,115,18.391270718232,0
"408","CHEMAINUS RIVER",1970,1970-08-08,220,52,0,0.255,0.319571428570531,0.400428571428555,0.507066666666651,-0.0808571428580243,52.292,116,18.391270718232,0
"409","CHEMAINUS RIVER",1970,1970-08-09,221,53,0,0.255,0.291285714284251,0.400428571428555,0.480566666666224,-0.109142857144304,52.547,117,18.391270718232,0
"410","CHEMAINUS RIVER",1970,1970-08-10,222,54,0,0.227,0.271142857145086,0.396428571429819,0.453133333333729,-0.125285714284733,52.774,118,18.391270718232,0
"411","CHEMAINUS RIVER",1970,1970-08-11,223,55,0,0.227,0.255000000000499,0.380285714285232,0.426700000000225,-0.125285714284733,53.001,119,18.391270718232,0
"412","CHEMAINUS RIVER",1970,1970-08-12,224,56,0,0.255,0.251000000001763,0.345928571428106,0.403099999999783,-0.0949285714263429,53.256,120,18.391270718232,0
"413","CHEMAINUS RIVER",1970,1970-08-13,225,57,0,0.227,0.247000000003027,0.321714285715383,0.379533333334257,-0.0747142857123566,53.483,121,18.391270718232,0
"414","CHEMAINUS RIVER",1970,1970-08-14,226,58,0,0.212,0.236857142860702,0.294357142858124,0.357333333333372,-0.0574999999974223,53.695,122,18.391270718232,0
"415","CHEMAINUS RIVER",1970,1970-08-15,227,59,0,0.212,0.230714285717113,0.275142857143822,0.340800000000551,-0.0444285714267088,53.907,123,18.391270718232,0
"416","CHEMAINUS RIVER",1970,1970-08-16,228,60,0,0.198,0.222571428569998,0.256928571427125,0.328533333333326,-0.0343571428571262,54.105,124,18.391270718232,0
"417","CHEMAINUS RIVER",1970,1970-08-17,229,61,0,0.198,0.218428571425777,0.244785714285432,0.320966666666209,-0.0263571428596541,54.303,125,18.391270718232,0
"418","CHEMAINUS RIVER",1970,1970-08-18,230,62,0,0.198,0.214285714285714,0.234642857143107,0.315300000000085,-0.0203571428573923,54.501,126,18.391270718232,0
"419","CHEMAINUS RIVER",1970,1970-08-19,231,63,0,0.184,0.204142857143389,0.227571428572576,0.310100000000481,-0.0234285714291868,54.685,127,18.391270718232,0
"420","CHEMAINUS RIVER",1970,1970-08-20,232,64,0,0.198,0.199999999999168,0.223500000001098,0.308200000000458,-0.0235000000019292,54.883,128,18.391270718232,0
"421","CHEMAINUS RIVER",1970,1970-08-21,233,65,0,0.17,0.193999999996907,0.215428571428804,0.302533333333364,-0.0214285714318976,55.053,129,18.391270718232,0
"422","CHEMAINUS RIVER",1970,1970-08-22,234,66,0,0.156,0.185999999999435,0.208357142858274,0.299233333333783,-0.0223571428588392,55.209,130,18.391270718232,0
"423","CHEMAINUS RIVER",1970,1970-08-23,235,67,0,0.142,0.178000000001962,0.20028571428598,0.296399999999752,-0.022285714284018,55.351,131,18.391270718232,0
"424","CHEMAINUS RIVER",1970,1970-08-24,236,68,0,0.142,0.170000000000333,0.194214285713055,0.29356666666669,-0.0242142857127224,55.493,132,18.391270718232,0
"425","CHEMAINUS RIVER",1970,1970-08-25,237,69,0,0.127,0.159857142858008,0.187071428571861,0.289300000000124,-0.0272142857138533,55.62,133,18.391270718232,0
"426","CHEMAINUS RIVER",1970,1970-08-26,238,70,0,0.142,0.153857142855746,0.178999999999568,0.284600000000016,-0.0251428571438217,55.762,134,18.391270718232,0
"427","CHEMAINUS RIVER",1970,1970-08-27,239,71,0,0.156,0.147857142857642,0.173928571428405,0.274700000000303,-0.0260714285707633,55.918,135,18.391270718232,0
"428","CHEMAINUS RIVER",1970,1970-08-28,240,72,0,0.127,0.141714285714053,0.16785714285548,0.254399999999441,-0.0261428571414269,56.045,136,18.391270718232,0
"429","CHEMAINUS RIVER",1970,1970-08-29,241,73,0,0.142,0.139714285714685,0.16285714285706,0.240266666667109,-0.0231428571423749,56.187,137,18.391270718232,0
"430","CHEMAINUS RIVER",1970,1970-08-30,242,74,0,0.142,0.139714285714685,0.158857142858324,0.225166666666822,-0.0191428571436388,56.329,138,18.391270718232,0
"431","CHEMAINUS RIVER",1970,1970-08-31,243,75,0,0.127,0.13757142857399,0.153785714287161,0.213366666667086,-0.0162142857131715,56.456,139,18.391270718232,0
"432","CHEMAINUS RIVER",1970,1970-09-01,244,76,0,0.142,0.139714285714685,0.149785714286346,0.202999999999884,-0.0100714285716614,56.598,140,18.391270718232,0
"433","CHEMAINUS RIVER",1970,1970-09-02,245,77,0,0.127,0.13757142857399,0.145714285714868,0.194966666667218,-0.00814285714087809,56.725,141,18.391270718232,0
"434","CHEMAINUS RIVER",1970,1970-09-03,246,78,0,0.198,0.143571428567936,0.145714285712789,0.190233333333163,-0.00214285714485282,56.923,142,18.391270718232,0
"435","CHEMAINUS RIVER",1970,1970-09-04,247,79,0,0.283,0.165857142860269,0.153785714287161,0.190233333334133,0.0120714285731083,57.206,143,18.391270718232,0
"436","CHEMAINUS RIVER",1970,1970-09-05,248,80,0,0.396,0.202142857139864,0.170928571427274,0.194933333333271,0.0312142857125894,57.602,144,18.391270718232,0
"437","CHEMAINUS RIVER",1970,1970-09-06,249,81,0,0.453,0.24657142857073,0.193142857142707,0.200600000000365,0.0534285714280226,58.055,145,18.391270718232,0
"438","CHEMAINUS RIVER",1970,1970-09-07,250,82,0,0.651,0.321428571428571,0.229500000001281,0.213800000000629,0.0919285714272909,58.706,146,18.391270718232,0
"439","CHEMAINUS RIVER",1970,1970-09-08,251,83,0,0.68,0.398285714285781,0.269000000000233,0.227966666666907,0.129285714285548,59.386,147,18.391270718232,0
"440","CHEMAINUS RIVER",1970,1970-09-09,252,84,0,0.651,0.473142857139464,0.305357142856727,0.242099999999239,0.167785714282737,60.037,148,18.391270718232,0
"441","CHEMAINUS RIVER",1970,1970-09-10,253,85,0,0.651,0.537857142859139,0.340714285713537,0.256233333333512,0.197142857145601,60.688,149,18.391270718232,0
"442","CHEMAINUS RIVER",1970,1970-09-11,254,86,0,0.566,0.578285714282954,0.372071428571612,0.266599999999744,0.206214285711342,61.254,150,18.391270718232,0
"443","CHEMAINUS RIVER",1970,1970-09-12,255,87,0,0.368,0.574285714288375,0.388214285714119,0.271299999999853,0.186071428574256,61.622,151,18.391270718232,0
"444","CHEMAINUS RIVER",1970,1970-09-13,256,88,0,0.283,0.550000000000831,0.398285714285781,0.273666666666395,0.151714285715051,61.905,152,18.391270718232,0
"445","CHEMAINUS RIVER",1970,1970-09-14,257,89,0,0.283,0.497428571427008,0.40942857142779,0.276033333332938,0.0879999999992184,62.188,153,18.391270718232,0
"446","CHEMAINUS RIVER",1970,1970-09-15,258,90,0,0.255,0.436714285714385,0.417500000000083,0.277933333333931,0.0192142857143023,62.443,154,18.391270718232,0
"447","CHEMAINUS RIVER",1970,1970-09-16,259,91,0,0.311,0.388142857143456,0.43064285714146,0.281700000000031,-0.0424999999980043,62.754,155,18.391270718232,0
"448","CHEMAINUS RIVER",1970,1970-09-17,260,92,0,0.538,0.371999999998869,0.454928571429004,0.293033333333248,-0.0829285714301347,63.292,156,18.391270718232,0
"449","CHEMAINUS RIVER",1970,1970-09-18,261,93,0,0.566,0.372000000003027,0.47514285714299,0.305766666666993,-0.103142857139963,63.858,157,18.391270718232,0
"450","CHEMAINUS RIVER",1970,1970-09-19,262,94,0,0.85,0.440857142854449,0.507571428571412,0.327499999999418,-0.0667142857169633,64.708,158,18.391270718232,0
"451","CHEMAINUS RIVER",1970,1970-09-20,263,95,0,1.16,0.566142857141261,0.558071428571046,0.360500000000078,0.00807142857021448,65.868,159,18.391270718232,0
"452","CHEMAINUS RIVER",1970,1970-09-21,264,96,0,1.47,0.735714285713454,0.616571428570231,0.404299999999542,0.119142857143223,67.338,160,18.391270718232,0
"453","CHEMAINUS RIVER",1970,1970-09-22,265,97,1,1.53,0.91785714285548,0.677285714284933,0.450566666666418,0.240571428570547,68.868,161,18.391270718232,0
"454","CHEMAINUS RIVER",1971,1971-06-18,169,1,0,10.9,12.0857142857151,13.0500000000008,17.9,-0.964285714285715,10.9,23,36.5353591160221,0
"455","CHEMAINUS RIVER",1971,1971-06-19,170,2,0,11,11.8428571428605,12.7857142857143,17.1800000000008,-0.942857142853818,21.9,24,36.5353591160221,0
"456","CHEMAINUS RIVER",1971,1971-06-20,171,3,0,11.3,11.6285714285706,12.557142857142,16.5366666666669,-0.928571428571429,33.2,25,36.5353591160221,0
"457","CHEMAINUS RIVER",1971,1971-06-21,172,4,0,10.9,11.3857142857118,12.307142857142,15.9200000000002,-0.921428571430235,44.1,26,36.5353591160221,0
"458","CHEMAINUS RIVER",1971,1971-06-22,173,5,0,12.9,11.4714285714269,12.2285714285702,15.3766666666663,-0.757142857143272,57,27,36.5353591160221,0
"459","CHEMAINUS RIVER",1971,1971-06-23,174,6,0,14.1,11.7714285714277,12.2285714285702,14.9566666666661,-0.457142857142442,71.1,28,36.5353591160221,0
"460","CHEMAINUS RIVER",1971,1971-06-24,175,7,0,29.2,14.3285714285739,13.3642857142861,14.9766666666672,0.964285714287794,100.3,0,36.5353591160221,0
"461","CHEMAINUS RIVER",1971,1971-06-25,176,8,0,41.3,18.6714285714261,15.3785714285706,15.55,3.29285714285548,141.6,0,36.5353591160221,0
"462","CHEMAINUS RIVER",1971,1971-06-26,177,9,0,26.4,20.8714285714252,16.3571428571429,15.7366666666659,4.51428571428239,168,0,36.5353591160221,0
"463","CHEMAINUS RIVER",1971,1971-06-27,178,10,0,18.9,21.9571428571445,16.7928571428576,15.7266666666672,5.16428571428696,186.9,1,36.5353591160221,0
"464","CHEMAINUS RIVER",1971,1971-06-28,179,11,0,17.9,22.9571428571445,17.1714285714282,15.7100000000006,5.78571428571637,204.8,2,36.5353591160221,0
"465","CHEMAINUS RIVER",1971,1971-06-29,180,12,0,13.6,23.0571428571462,17.2642857142865,15.5833333333333,5.79285714285963,218.4,3,36.5353591160221,0
"466","CHEMAINUS RIVER",1971,1971-06-30,181,13,0,11.7,22.7142857142857,17.2428571428567,15.4166666666667,5.47142857142899,230.1,4,36.5353591160221,0
"467","CHEMAINUS RIVER",1971,1971-07-01,182,14,0,11.3,20.1571428571437,17.2428571428588,15.2633333333341,2.91428571428488,241.4,5,36.5353591160221,0
"468","CHEMAINUS RIVER",1971,1971-07-02,183,15,0,9.8,15.6571428571437,17.1642857142849,15.0833333333333,-1.5071428571412,251.2,6,36.5353591160221,0
"469","CHEMAINUS RIVER",1971,1971-07-03,184,16,0,9.88,13.2971428571452,17.0842857142852,14.9293333333335,-3.78714285714003,261.08,7,36.5353591160221,0
"470","CHEMAINUS RIVER",1971,1971-07-04,185,17,0,8.5,11.8114285714276,16.884285714286,14.7126666666668,-5.07285714285847,269.58,8,36.5353591160221,0
"471","CHEMAINUS RIVER",1971,1971-07-05,186,18,0,7.11,10.2699999999978,16.6135714285712,14.459666666666,-6.34357142857334,276.69,9,36.5353591160221,0
"472","CHEMAINUS RIVER",1971,1971-07-06,187,19,0,6.37,9.23714285714336,16.1471428571448,14.1886666666668,-6.91000000000141,283.06,10,36.5353591160221,0
"473","CHEMAINUS RIVER",1971,1971-07-07,188,20,0,6,8.42285714286014,15.5685714285729,13.908666666667,-7.14571428571279,289.06,11,36.5353591160221,0
"474","CHEMAINUS RIVER",1971,1971-07-08,189,21,0,6.14,7.68571428571262,13.9214285714282,13.6466666666665,-6.23571428571553,295.2,12,36.5353591160221,0
"475","CHEMAINUS RIVER",1971,1971-07-09,190,22,0,6.43,7.20428571428472,11.4307142857142,13.3909999999994,-4.22642857142949,301.63,13,36.5353591160221,0
"476","CHEMAINUS RIVER",1971,1971-07-10,191,23,0,6.74,6.75571428571545,10.0264285714303,13.1723333333338,-3.27071428571487,308.37,14,36.5353591160221,0
"477","CHEMAINUS RIVER",1971,1971-07-11,192,24,0,7.11,6.55714285714203,9.1842857142848,12.9726666666664,-2.62714285714277,315.48,15,36.5353591160221,0
"478","CHEMAINUS RIVER",1971,1971-07-12,193,25,0,6.74,6.50428571428555,8.38714285714169,12.774,-1.88285714285615,322.22,16,36.5353591160221,0
"479","CHEMAINUS RIVER",1971,1971-07-13,194,26,0,6.65,6.54428571428538,7.89071428571437,12.5690000000002,-1.34642857142899,328.87,17,36.5353591160221,0
"480","CHEMAINUS RIVER",1971,1971-07-14,195,27,0,6.2,6.57285714285432,7.49785714285723,12.3556666666661,-0.92500000000291,335.07,18,36.5353591160221,0
"481","CHEMAINUS RIVER",1971,1971-07-15,196,28,0,6.06,6.56142857142757,7.1235714285701,12.1476666666664,-0.562142857142524,341.13,19,36.5353591160221,0
"482","CHEMAINUS RIVER",1971,1971-07-16,197,29,0,5.69,6.45571428571462,6.82999999999967,11.9373333333332,-0.374285714285048,346.82,20,36.5353591160221,0
"483","CHEMAINUS RIVER",1971,1971-07-17,198,30,0,5.55,6.28571428571429,6.52071428571487,11.7456666666675,-0.235000000000582,352.37,21,36.5353591160221,0
"484","CHEMAINUS RIVER",1971,1971-07-18,199,31,0,5.1,5.9985714285701,6.27785714285606,11.5523333333326,-0.279285714285964,357.47,22,36.5353591160221,0
"485","CHEMAINUS RIVER",1971,1971-07-19,200,32,0,4.96,5.74428571428871,6.12428571428713,11.351,-0.37999999999842,362.43,23,36.5353591160221,0
"486","CHEMAINUS RIVER",1971,1971-07-20,201,33,0,4.9,5.49428571428455,6.01928571428497,11.1376666666668,-0.525000000000416,367.33,24,36.5353591160221,0
"487","CHEMAINUS RIVER",1971,1971-07-21,202,34,0,4.64,5.27142857142774,5.92214285714103,10.9289999999998,-0.650714285713287,371.97,25,36.5353591160221,0
"488","CHEMAINUS RIVER",1971,1971-07-22,203,35,0,4.3,5.020000000002,5.79071428571478,10.642333333334,-0.770714285712789,376.27,26,36.5353591160221,0
"489","CHEMAINUS RIVER",1971,1971-07-23,204,36,0,4.02,4.78142857142874,5.61857142857168,10.3063333333334,-0.83714285714294,380.29,27,36.5353591160221,0
"490","CHEMAINUS RIVER",1971,1971-07-24,205,37,0,3.79,4.52999999999884,5.40785714285656,9.45933333333329,-0.877857142857725,384.08,28,36.5353591160221,0
"491","CHEMAINUS RIVER",1971,1971-07-25,206,38,0,3.51,4.30285714286064,5.15071428571537,8.19966666666733,-0.847857142854731,387.59,29,36.5353591160221,0
"492","CHEMAINUS RIVER",1971,1971-07-26,207,39,0,3.23,4.05571428571212,4.90000000000042,7.42733333333357,-0.844285714288293,390.82,30,36.5353591160221,0
"493","CHEMAINUS RIVER",1971,1971-07-27,208,40,0,3.06,3.79285714285548,4.64357142857001,6.89933333333271,-0.850714285714535,393.88,31,36.5353591160221,0
"494","CHEMAINUS RIVER",1971,1971-07-28,209,41,0,2.97,3.55428571428638,4.41285714285706,6.40166666666628,-0.85857142857068,396.85,32,36.5353591160221,0
"495","CHEMAINUS RIVER",1971,1971-07-29,210,42,0,2.61,3.31285714285748,4.16642857142974,6.03533333333326,-0.85357142857226,399.46,33,36.5353591160221,0
"496","CHEMAINUS RIVER",1971,1971-07-30,211,43,0,2.06,3.03285714285864,3.90714285714369,5.71400000000043,-0.874285714285049,401.52,34,36.5353591160221,0
"497","CHEMAINUS RIVER",1971,1971-07-31,212,44,0,1.93,2.76714285714219,3.64857142857051,5.40166666666628,-0.881428571428322,403.45,35,36.5353591160221,0
"498","CHEMAINUS RIVER",1971,1971-08-01,213,45,0,1.86,2.53142857142874,3.41714285714469,5.1370000000005,-0.885714285715949,405.31,36,36.5353591160221,0
"499","CHEMAINUS RIVER",1971,1971-08-02,214,46,0,1.82,2.32999999999967,3.1928571428559,4.86833333333295,-0.862857142856228,407.13,37,36.5353591160221,0
"500","CHEMAINUS RIVER",1971,1971-08-03,215,47,0,1.7,2.13571428571595,2.96428571428571,4.64166666666667,-0.828571428569766,408.83,38,36.5353591160221,0
"501","CHEMAINUS RIVER",1971,1971-08-04,216,48,0,1.59,1.93857142857243,2.7464285714294,4.45766666666702,-0.807857142856976,410.42,39,36.5353591160221,0
"502","CHEMAINUS RIVER",1971,1971-08-05,217,49,0,1.61,1.79571428571113,2.5542857142843,4.29899999999907,-0.758571428573175,412.03,40,36.5353591160221,0
"503","CHEMAINUS RIVER",1971,1971-08-06,218,50,0,1.5,1.71571428571146,2.37428571428505,4.14899999999907,-0.65857142857359,413.53,41,36.5353591160221,0
"504","CHEMAINUS RIVER",1971,1971-08-07,219,51,0,1.36,1.63428571428605,2.20071428571412,3.98966666666674,-0.566428571428073,414.89,42,36.5353591160221,0
"505","CHEMAINUS RIVER",1971,1971-08-08,220,52,0,1.39,1.56714285713887,2.0492857142838,3.82166666666647,-0.482142857144936,416.28,43,36.5353591160221,0
"506","CHEMAINUS RIVER",1971,1971-08-09,221,53,0,1.13,1.46857142857126,1.89928571428546,3.63466666666597,-0.430714285714203,417.41,44,36.5353591160221,0
"507","CHEMAINUS RIVER",1971,1971-08-10,222,54,0,1.3,1.41142857142924,1.77357142857259,3.44100000000035,-0.362142857143356,418.71,45,36.5353591160221,0
"508","CHEMAINUS RIVER",1971,1971-08-11,223,55,0,1.22,1.35857142857276,1.64857142857259,3.2570000000007,-0.289999999999834,419.93,46,36.5353591160221,0
"509","CHEMAINUS RIVER",1971,1971-08-12,224,56,0,1.16,1.29428571428954,1.54500000000033,3.07400000000004,-0.250714285710793,421.09,47,36.5353591160221,0
"510","CHEMAINUS RIVER",1971,1971-08-13,225,57,0,1.05,1.23000000000216,1.47285714285681,2.90233333333357,-0.242857142854648,422.14,48,36.5353591160221,0
"511","CHEMAINUS RIVER",1971,1971-08-14,226,58,0,1.05,1.18571428571262,1.40999999999933,2.73533333333326,-0.224285714286712,423.19,49,36.5353591160221,0
"512","CHEMAINUS RIVER",1971,1971-08-15,227,59,0,0.963,1.12471428571735,1.34592857142811,2.57776666666711,-0.22121428571076,424.153,50,36.5353591160221,0
"513","CHEMAINUS RIVER",1971,1971-08-16,228,60,0,1.05,1.11328571428645,1.29092857142885,2.42776666666614,-0.177642857142408,425.203,51,36.5353591160221,0
"514","CHEMAINUS RIVER",1971,1971-08-17,229,61,0,1.08,1.08185714285771,1.24664285714347,2.29376666666746,-0.164785714285764,426.283,52,36.5353591160221,0
"515","CHEMAINUS RIVER",1971,1971-08-18,230,62,0,1.08,1.06185714285571,1.21021428571424,2.164433333333,-0.148357142858523,427.363,53,36.5353591160221,0
"516","CHEMAINUS RIVER",1971,1971-08-19,231,63,0,1.19,1.06614285714126,1.1802142857154,2.0407666666666,-0.114071428574139,428.553,54,36.5353591160221,0
"517","CHEMAINUS RIVER",1971,1971-08-20,232,64,0,1.22,1.0904285714288,1.16021428571548,1.92676666666715,-0.0697857142866789,429.773,55,36.5353591160221,0
"518","CHEMAINUS RIVER",1971,1971-08-21,233,65,0,1.3,1.12614285714309,1.15592857142786,1.82676666666618,-0.0297857142847662,431.073,56,36.5353591160221,0
"519","CHEMAINUS RIVER",1971,1971-08-22,234,66,0,1.33,1.17857142857143,1.15164285714439,1.7371000000004,0.0269285714270415,432.403,57,36.5353591160221,0
"520","CHEMAINUS RIVER",1971,1971-08-23,235,67,0,1.3,1.21428571428571,1.16378571428608,1.65409999999974,0.0504999999996341,433.703,58,36.5353591160221,0
"521","CHEMAINUS RIVER",1971,1971-08-24,236,68,0,1.25,1.2385714285691,1.1602142857134,1.5787666666661,0.0783571428556959,434.953,59,36.5353591160221,0
"522","CHEMAINUS RIVER",1971,1971-08-25,237,69,0,1.25,1.26285714285664,1.16235714285618,1.51276666666672,0.100500000000466,436.203,60,36.5353591160221,0
"523","CHEMAINUS RIVER",1971,1971-08-26,238,70,0,1.3,1.27857142857309,1.17235714285718,1.45410000000071,0.106214285715915,437.503,61,36.5353591160221,0
"524","CHEMAINUS RIVER",1971,1971-08-27,239,71,0,1.36,1.29857142857093,1.19449999999987,1.40043333333354,0.104071428571063,438.863,62,36.5353591160221,0
"525","CHEMAINUS RIVER",1971,1971-08-28,240,72,0,1.33,1.30285714285648,1.21449999999978,1.35776666666594,0.0883571428566938,440.193,63,36.5353591160221,0
"526","CHEMAINUS RIVER",1971,1971-08-29,241,73,0,1.3,1.29857142857093,1.23857142857118,1.33243333333327,0.0599999999997505,441.493,64,36.5353591160221,0
"527","CHEMAINUS RIVER",1971,1971-08-30,242,74,0,1.3,1.29857142857093,1.25642857142832,1.31143333333312,0.0421428571426077,442.793,65,36.5353591160221,0
"528","CHEMAINUS RIVER",1971,1971-08-31,243,75,0,1.27,1.30142857143073,1.26999999999992,1.29176666666657,0.0314285714308167,444.063,66,36.5353591160221,0
"529","CHEMAINUS RIVER",1971,1971-09-01,244,76,0,1.22,1.29714285714519,1.28000000000091,1.27176666666734,0.0171428571442709,445.283,67,36.5353591160221,0
"530","CHEMAINUS RIVER",1971,1971-09-02,245,77,0,1.27,1.29285714285548,1.28571428571429,1.25743333333327,0.007142857141194,446.553,68,36.5353591160221,0
"531","CHEMAINUS RIVER",1971,1971-09-03,246,78,0,1.33,1.28857142856993,1.29357142857043,1.24876666666629,-0.00500000000049883,447.883,69,36.5353591160221,0
"532","CHEMAINUS RIVER",1971,1971-09-04,247,79,0,1.36,1.29285714285964,1.29785714285806,1.24043333333393,-0.00499999999842027,449.243,70,36.5353591160221,0
"533","CHEMAINUS RIVER",1971,1971-09-05,248,80,0,1.3,1.29285714285548,1.2957142857132,1.23376666666688,-0.00285714285772487,450.543,71,36.5353591160221,0
"534","CHEMAINUS RIVER",1971,1971-09-06,249,81,0,1.33,1.29714285714519,1.29785714285806,1.23276666666692,-0.000714285712872131,451.873,72,36.5353591160221,0
"535","CHEMAINUS RIVER",1971,1971-09-07,250,82,0,1.36,1.30999999999767,1.3057142857142,1.23176666666695,0.00428571428346913,453.233,73,36.5353591160221,0
"536","CHEMAINUS RIVER",1971,1971-09-08,251,83,0,1.33,1.32571428571412,1.31142857142965,1.23843333333401,0.0142857142844668,454.563,74,36.5353591160221,0
"537","CHEMAINUS RIVER",1971,1971-09-09,252,84,1,1.44,1.35000000000166,1.32142857142857,1.24310000000017,0.0285714285730916,456.003,75,36.5353591160221,0
"538","CHEMAINUS RIVER",1973,1973-06-18,169,1,0,7.02,7.03714285714419,5.83785714285789,7.3726666666674,1.1992857142863,7.02,107,16.351581920904,0
"539","CHEMAINUS RIVER",1973,1973-06-19,170,2,0,6.09,7.08571428571512,5.95499999999967,7.38400000000062,1.13071428571545,13.11,108,16.351581920904,0
"540","CHEMAINUS RIVER",1973,1973-06-20,171,3,0,5.75,6.67714285714153,6.03785714285706,7.41133333333322,0.639285714284467,18.86,109,16.351581920904,0
"541","CHEMAINUS RIVER",1973,1973-06-21,172,4,0,5.01,6.3900000000015,5.98500000000058,7.41400000000043,0.405000000000915,23.87,110,16.351581920904,0
"542","CHEMAINUS RIVER",1973,1973-06-22,173,5,0,5.01,6.27285714285764,5.99714285714227,7.04433333333291,0.275714285715367,28.88,111,16.351581920904,0
"543","CHEMAINUS RIVER",1973,1973-06-23,174,6,0,6.63,6.21714285714136,6.15285714285606,6.7286666666662,0.0642857142852984,35.51,112,16.351581920904,0
"544","CHEMAINUS RIVER",1973,1973-06-24,175,7,0,7.02,6.07571428571412,6.34857142856968,6.37266666666643,-0.272857142855563,42.53,113,16.351581920904,0
"545","CHEMAINUS RIVER",1973,1973-06-25,176,8,0,5.75,5.89428571428289,6.46571428571354,6.10099999999996,-0.57142857143065,48.28,114,16.351581920904,0
"546","CHEMAINUS RIVER",1973,1973-06-26,177,9,0,4.93,5.72857142857226,6.40714285714369,5.89200000000031,-0.678571428571429,53.21,115,16.351581920904,0
"547","CHEMAINUS RIVER",1973,1973-06-27,178,10,0,4.45,5.54285714285548,6.1099999999985,5.75333333333353,-0.567142857143023,57.66,116,16.351581920904,0
"548","CHEMAINUS RIVER",1973,1973-06-28,179,11,0,4.11,5.41428571428488,5.90214285714319,5.63633333333322,-0.487857142858307,61.77,117,16.351581920904,0
"549","CHEMAINUS RIVER",1973,1973-06-29,180,12,0,3.62,5.21571428571562,5.74428571428663,5.53600000000054,-0.528571428571013,65.39,118,16.351581920904,0
"550","CHEMAINUS RIVER",1973,1973-06-30,181,13,0,3.77,4.80714285714203,5.51214285714169,5.47000000000019,-0.704999999999667,69.16,119,16.351581920904,0
"551","CHEMAINUS RIVER",1973,1973-07-01,182,14,0,3.62,4.32142857142857,5.19857142857135,5.39900000000004,-0.877142857142775,72.78,120,16.351581920904,0
"552","CHEMAINUS RIVER",1973,1973-07-02,183,15,0,3.54,4.00571428571545,4.94999999999917,5.33099999999977,-0.944285714283719,76.32,121,16.351581920904,0
"553","CHEMAINUS RIVER",1973,1973-07-03,184,16,0,3.37,3.78285714285448,4.75571428571337,5.29500000000019,-0.972857142858889,79.69,122,16.351581920904,0
"554","CHEMAINUS RIVER",1973,1973-07-04,185,17,0,3.06,3.58428571428522,4.56357142857035,5.2486666666664,-0.979285714285132,82.75,123,16.351581920904,0
"555","CHEMAINUS RIVER",1973,1973-07-05,186,18,0,3.28,3.46571428571146,4.43999999999817,5.20966666666597,-0.974285714286712,86.03,124,16.351581920904,0
"556","CHEMAINUS RIVER",1973,1973-07-06,187,19,0,3.85,3.4985714285701,4.35714285714286,5.18499999999961,-0.858571428572759,89.88,125,16.351581920904,0
"557","CHEMAINUS RIVER",1973,1973-07-07,188,20,0,3.62,3.47714285714236,4.14214285714219,5.11399999999946,-0.664999999999834,93.5,126,16.351581920904,0
"558","CHEMAINUS RIVER",1973,1973-07-08,189,21,0,2.86,3.36857142857376,3.84500000000116,5.04800000000008,-0.476428571427407,96.36,127,16.351581920904,0
"559","CHEMAINUS RIVER",1973,1973-07-09,190,22,0,2.43,3.21000000000017,3.60785714285781,4.98066666666612,-0.397857142857641,98.79,128,16.351581920904,0
"560","CHEMAINUS RIVER",1973,1973-07-10,191,23,0,2.36,3.06571428571728,3.42428571428588,4.91666666666667,-0.358571428568601,101.15,129,16.351581920904,0
"561","CHEMAINUS RIVER",1973,1973-07-11,192,24,0,2.17,2.93857142857243,3.26142857142882,4.85199999999992,-0.322857142856394,103.32,130,16.351581920904,0
"562","CHEMAINUS RIVER",1973,1973-07-12,193,25,0,2.1,2.770000000002,3.11785714285673,4.73033333333345,-0.347857142854731,105.42,131,16.351581920904,0
"563","CHEMAINUS RIVER",1973,1973-07-13,194,26,0,1.97,2.5014285714299,3,4.50899999999965,-0.498571428570098,107.39,132,16.351581920904,0
"564","CHEMAINUS RIVER",1973,1973-07-14,195,27,0,1.84,2.24714285714435,2.86214285714336,4.33633333333322,-0.614999999999002,109.23,133,16.351581920904,0
"565","CHEMAINUS RIVER",1973,1973-07-15,196,28,0,1.73,2.08571428571512,2.72714285714444,4.19966666666733,-0.64142857142932,110.96,134,16.351581920904,0
"566","CHEMAINUS RIVER",1973,1973-07-16,197,29,0,1.61,1.96857142857126,2.58928571428571,4.01933333333291,-0.620714285714452,112.57,135,16.351581920904,0
"567","CHEMAINUS RIVER",1973,1973-07-17,198,30,0,1.5,1.84571428571196,2.45571428571462,3.80233333333357,-0.610000000002661,114.07,136,16.351581920904,0
"568","CHEMAINUS RIVER",1973,1973-07-18,199,31,0,1.39,1.73428571428771,2.33642857143007,3.61466666666674,-0.602142857142358,115.46,137,16.351581920904,0
"569","CHEMAINUS RIVER",1973,1973-07-19,200,32,0,1.27,1.61571428571395,2.19285714285797,3.45399999999984,-0.577142857144021,116.73,138,16.351581920904,0
"570","CHEMAINUS RIVER",1973,1973-07-20,201,33,0,1.23,1.510000000001,2.00571428571545,3.30333333333353,-0.495714285714452,117.96,139,16.351581920904,0
"571","CHEMAINUS RIVER",1973,1973-07-21,202,34,0,1.19,1.41714285714469,1.83214285714452,3.17599999999996,-0.414999999999834,119.15,140,16.351581920904,0
"572","CHEMAINUS RIVER",1973,1973-07-22,203,35,0,1.1,1.32714285713986,1.70642857142749,3.04566666666651,-0.379285714287627,120.25,141,16.351581920904,0
"573","CHEMAINUS RIVER",1973,1973-07-23,204,36,0,1.06,1.2485714285701,1.60857142857068,2.85999999999961,-0.360000000000582,121.31,142,16.351581920904,0
"574","CHEMAINUS RIVER",1973,1973-07-24,205,37,0,1.02,1.18000000000133,1.51285714285664,2.66000000000058,-0.332857142855314,122.33,143,16.351581920904,0
"575","CHEMAINUS RIVER",1973,1973-07-25,206,38,0,0.977,1.12099999999711,1.42764285714241,2.50090000000006,-0.306642857145302,123.307,144,16.351581920904,0
"576","CHEMAINUS RIVER",1973,1973-07-26,207,39,0,0.977,1.07914285714339,1.34742857142867,2.36913333333311,-0.268285714285282,124.284,145,16.351581920904,0
"577","CHEMAINUS RIVER",1973,1973-07-27,208,40,0,0.934,1.03685714285738,1.27342857142919,2.25193333333397,-0.236571428571811,125.218,146,16.351581920904,0
"578","CHEMAINUS RIVER",1973,1973-07-28,209,41,0,0.892,0.99428571428455,1.20571428571462,2.14466666666655,-0.211428571430068,126.11,147,16.351581920904,0
"579","CHEMAINUS RIVER",1973,1973-07-29,210,42,0,0.85,0.958571428574422,1.14285714285714,2.05233333333357,-0.184285714282721,126.96,148,16.351581920904,0
"580","CHEMAINUS RIVER",1973,1973-07-30,211,43,0,0.85,0.928571428571429,1.08857142857076,1.95499999999981,-0.159999999999335,127.81,149,16.351581920904,0
"581","CHEMAINUS RIVER",1973,1973-07-31,212,44,0,0.793,0.896142857140928,1.03807142857113,1.8607666666668,-0.141928571430201,128.603,150,16.351581920904,0
"582","CHEMAINUS RIVER",1973,1973-08-01,213,45,0,0.765,0.865857142859438,0.993428571428272,1.76826666666699,-0.127571428568834,129.368,151,16.351581920904,0
"583","CHEMAINUS RIVER",1973,1973-08-02,214,46,0,0.736,0.831428571429569,0.955285714286479,1.6804666666673,-0.12385714285691,130.104,152,16.351581920904,0
"584","CHEMAINUS RIVER",1973,1973-08-03,215,47,0,0.708,0.799142857140396,0.917999999998886,1.60206666666685,-0.11885714285849,130.812,153,16.351581920904,0
"585","CHEMAINUS RIVER",1973,1973-08-04,216,48,0,0.68,0.768857142854748,0.881571428569649,1.51539999999998,-0.112714285714901,131.492,154,16.351581920904,0
"586","CHEMAINUS RIVER",1973,1973-08-05,217,49,0,0.623,0.736428571428405,0.847500000001414,1.40783333333384,-0.111071428573008,132.115,155,16.351581920904,0
"587","CHEMAINUS RIVER",1973,1973-08-06,218,50,0,0.595,0.700000000003326,0.814285714287377,1.3070000000007,-0.114285714284051,132.71,156,16.351581920904,0
"588","CHEMAINUS RIVER",1973,1973-08-07,219,51,0,0.595,0.671714285717046,0.783928571428987,1.23150000000023,-0.112214285711941,133.305,157,16.351581920904,0
"589","CHEMAINUS RIVER",1973,1973-08-08,220,52,0,0.595,0.647428571429503,0.75664285714447,1.17033333333384,-0.109214285714968,133.9,158,16.351581920904,0
"590","CHEMAINUS RIVER",1973,1973-08-09,221,53,0,0.547,0.62042857142764,0.725928571428605,1.10989999999971,-0.105500000000965,134.447,159,16.351581920904,0
"591","CHEMAINUS RIVER",1973,1973-08-10,222,54,0,0.527,0.594571428573025,0.69685714285671,1.05513333333365,-0.102285714283685,134.974,160,16.351581920904,0
"592","CHEMAINUS RIVER",1973,1973-08-11,223,55,0,0.507,0.569857142857342,0.669357142856045,1.0020333333329,-0.0994999999987027,135.481,161,16.351581920904,0
"593","CHEMAINUS RIVER",1973,1973-08-12,224,56,0,0.507,0.553285714284617,0.644857142856511,0.953266666666605,-0.0915714285718942,135.988,162,16.351581920904,0
"594","CHEMAINUS RIVER",1973,1973-08-13,225,57,0,0.487,0.537857142854981,0.618928571429153,0.908166666666511,-0.0810714285741726,136.475,163,16.351581920904,0
"595","CHEMAINUS RIVER",1973,1973-08-14,226,58,0,0.487,0.522428571425345,0.597071428571196,0.866733333332619,-0.0746428571458507,136.962,164,16.351581920904,0
"596","CHEMAINUS RIVER",1973,1973-08-15,227,59,0,0.487,0.506999999999867,0.577214285714685,0.829300000000512,-0.0702142857148178,137.449,165,16.351581920904,0
"597","CHEMAINUS RIVER",1973,1973-08-16,228,60,0,0.507,0.501285714284417,0.560857142856029,0.796199999999953,-0.0595714285716116,137.956,166,16.351581920904,0
"598","CHEMAINUS RIVER",1973,1973-08-17,229,61,0,0.507,0.498428571428771,0.546500000000898,0.766766666666566,-0.048071428572127,138.463,167,16.351581920904,0
"599","CHEMAINUS RIVER",1973,1973-08-18,230,62,0,0.507,0.498428571428771,0.534142857143057,0.741333333333023,-0.0357142857142858,138.97,168,16.351581920904,0
"600","CHEMAINUS RIVER",1973,1973-08-19,231,63,0,0.487,0.495571428573125,0.524428571428871,0.716566666666768,-0.0288571428557459,139.457,169,16.351581920904,0
"601","CHEMAINUS RIVER",1973,1973-08-20,232,64,0,0.467,0.492714285713321,0.515285714284151,0.69246666666586,-0.0225714285708299,139.924,170,16.351581920904,0
"602","CHEMAINUS RIVER",1973,1973-08-21,233,65,0,0.447,0.487000000002029,0.504714285713687,0.670700000000458,-0.0177142857116581,140.371,171,16.351581920904,0
"603","CHEMAINUS RIVER",1973,1973-08-22,234,66,0,0.428,0.478571428568102,0.492785714283985,0.64963333333338,-0.0142142857158823,140.799,172,16.351581920904,0
"604","CHEMAINUS RIVER",1973,1973-08-23,235,67,0,0.408,0.464428571431199,0.482857142857808,0.629233333333589,-0.018428571426609,141.207,173,16.351581920904,0
"605","CHEMAINUS RIVER",1973,1973-08-24,236,68,0,0.408,0.45028571428598,0.474357142857376,0.610266666667303,-0.0240714285713953,141.615,174,16.351581920904,0
"606","CHEMAINUS RIVER",1973,1973-08-25,237,69,0,0.388,0.433285714285116,0.465857142856943,0.590633333332759,-0.0325714285718277,142.003,175,16.351581920904,0
"607","CHEMAINUS RIVER",1973,1973-08-26,238,70,0,0.388,0.419142857139897,0.457357142856511,0.572433333332689,-0.0382142857166141,142.391,176,16.351581920904,0
"608","CHEMAINUS RIVER",1973,1973-08-27,239,71,0,0.408,0.410714285714286,0.451714285713803,0.556299999999464,-0.0409999999995177,142.799,177,16.351581920904,0
"609","CHEMAINUS RIVER",1973,1973-08-28,240,72,1,0.467,0.413571428569932,0.45028571428598,0.543533333332743,-0.0367142857160486,143.266,178,16.351581920904,0
"610","CHEMAINUS RIVER",1974,1974-06-18,169,1,0,17.8,21.6428571428571,20.8357142857151,27.85,0.807142857142026,17.8,3,33.9103164556962,0
"611","CHEMAINUS RIVER",1974,1974-06-19,170,2,0,16.7,20.8571428571429,20.1428571428571,28.0133333333331,0.714285714285715,34.5,4,33.9103164556962,0
"612","CHEMAINUS RIVER",1974,1974-06-20,171,3,0,13.5,19.4285714285714,19.5714285714286,27.7700000000002,-0.142857142857146,48,5,33.9103164556962,0
"613","CHEMAINUS RIVER",1974,1974-06-21,172,4,0,10.3,17.442857142858,18.9642857142857,27.5766666666672,-1.52142857142774,58.3,6,33.9103164556962,0
"614","CHEMAINUS RIVER",1974,1974-06-22,173,5,0,8.35,15.2928571428555,18.3392857142857,27.0483333333328,-3.04642857143024,66.65,7,33.9103164556962,0
"615","CHEMAINUS RIVER",1974,1974-06-23,174,6,0,8.07,13.4457142857136,17.7799999999988,24.6473333333328,-4.33428571428522,74.72,8,33.9103164556962,0
"616","CHEMAINUS RIVER",1974,1974-06-24,175,7,0,7.67,11.770000000002,16.9207142857153,22.0063333333334,-5.15071428571329,82.39,9,33.9103164556962,0
"617","CHEMAINUS RIVER",1974,1974-06-25,176,8,0,6.88,10.2100000000002,15.9264285714287,18.9023333333336,-5.71642857142849,89.27,10,33.9103164556962,0
"618","CHEMAINUS RIVER",1974,1974-06-26,177,9,0,6.77,8.79142857142974,14.8242857142863,18.0713333333338,-6.03285714285656,96.04,11,33.9103164556962,0
"619","CHEMAINUS RIVER",1974,1974-06-27,178,10,0,7.96,8,13.7142857142857,17.5066666666661,-5.71428571428571,104,12,33.9103164556962,0
"620","CHEMAINUS RIVER",1974,1974-06-28,179,11,0,8.81,7.78714285714003,12.614999999999,17.1003333333327,-4.82785714285897,112.81,13,33.9103164556962,0
"621","CHEMAINUS RIVER",1974,1974-06-29,180,12,0,7.76,7.70285714285897,11.4978571428572,16.6656666666667,-3.79499999999825,120.57,14,33.9103164556962,0
"622","CHEMAINUS RIVER",1974,1974-06-30,181,13,0,6.29,7.44857142857342,10.4471428571435,16.2486666666674,-2.9985714285701,126.86,15,33.9103164556962,0
"623","CHEMAINUS RIVER",1974,1974-07-01,182,14,0,5.97,7.20571428571462,9.48785714285831,15.7743333333337,-2.28214285714369,132.83,16,33.9103164556962,0
"624","CHEMAINUS RIVER",1974,1974-07-02,183,15,0,5.89,7.06428571428322,8.63714285714169,15.2539999999998,-1.57285714285847,138.72,17,33.9103164556962,0
"625","CHEMAINUS RIVER",1974,1974-07-03,184,16,0,5.78,6.92285714285598,7.85714285714286,14.7200000000002,-0.934285714286878,144.5,18,33.9103164556962,0
"626","CHEMAINUS RIVER",1974,1974-07-04,185,17,0,6.09,6.65571428571379,7.32785714285689,14.1496666666664,-0.672142857143107,150.59,19,33.9103164556962,0
"627","CHEMAINUS RIVER",1974,1974-07-05,186,18,0,6.77,6.36428571428821,7.07571428571412,13.4953333333338,-0.711428571425911,157.36,20,33.9103164556962,0
"628","CHEMAINUS RIVER",1974,1974-07-06,187,19,0,6.37,6.16571428571478,6.93428571428688,12.9910000000003,-0.768571428572094,163.73,21,33.9103164556962,0
"629","CHEMAINUS RIVER",1974,1974-07-07,188,20,0,5.3,6.02428571428339,6.73642857142841,12.5409999999994,-0.712142857145019,169.03,22,33.9103164556962,0
"630","CHEMAINUS RIVER",1974,1974-07-08,189,21,0,5.04,5.89142857142724,6.54857142857093,12.1390000000004,-0.657142857143689,174.07,23,33.9103164556962,0
"631","CHEMAINUS RIVER",1974,1974-07-09,190,22,0,5.69,5.86285714285831,6.46357142857076,11.7986666666664,-0.600714285712456,179.76,24,33.9103164556962,0
"632","CHEMAINUS RIVER",1974,1974-07-10,191,23,0,5.58,5.83428571428522,6.3785714285706,11.3279999999999,-0.544285714285381,185.34,25,33.9103164556962,0
"633","CHEMAINUS RIVER",1974,1974-07-11,192,24,0,5.58,5.7614285714309,6.20857142857234,10.8206666666665,-0.447142857141444,190.92,26,33.9103164556962,0
"634","CHEMAINUS RIVER",1974,1974-07-12,193,25,0,5.55,5.58714285714086,5.97571428571454,10.2656666666667,-0.388571428573674,196.47,27,33.9103164556962,0
"635","CHEMAINUS RIVER",1974,1974-07-13,194,26,0,5.3,5.43428571428688,5.80000000000083,9.65900000000062,-0.365714285713953,201.77,28,33.9103164556962,0
"636","CHEMAINUS RIVER",1974,1974-07-14,195,27,0,5.13,5.40999999999933,5.71714285714136,9.02333333333275,-0.307142857142026,206.9,29,33.9103164556962,0
"637","CHEMAINUS RIVER",1974,1974-07-15,196,28,0,4.79,5.37428571428505,5.63285714285615,8.40299999999988,-0.258571428571096,211.69,30,33.9103164556962,0
"638","CHEMAINUS RIVER",1974,1974-07-16,197,29,0,10.8,6.10428571428721,5.98357142857276,8.06300000000047,0.120714285714452,222.49,31,33.9103164556962,0
"639","CHEMAINUS RIVER",1974,1974-07-17,198,30,0,25.2,8.90714285714369,7.37071428571445,8.25633333333341,1.53642857142924,247.69,0,33.9103164556962,0
"640","CHEMAINUS RIVER",1974,1974-07-18,199,31,0,26.6,11.9099999999993,8.83571428571512,8.54966666666636,3.07428571428422,274.29,0,33.9103164556962,0
"641","CHEMAINUS RIVER",1974,1974-07-19,200,32,0,27.6,15.0600000000018,10.3235714285713,8.91300000000047,4.73642857143049,301.89,0,33.9103164556962,0
"642","CHEMAINUS RIVER",1974,1974-07-20,201,33,0,19,17.0171428571422,11.2257142857145,9.0963333333338,5.79142857142766,320.89,1,33.9103164556962,0
"643","CHEMAINUS RIVER",1974,1974-07-21,202,34,0,7.65,17.3771428571449,11.3935714285721,9.00799999999969,5.98357142857276,328.54,2,33.9103164556962,0
"644","CHEMAINUS RIVER",1974,1974-07-22,203,35,0,5.89,17.5342857142885,11.4542857142868,8.92600000000093,6.08000000000174,334.43,3,33.9103164556962,0
"645","CHEMAINUS RIVER",1974,1974-07-23,204,36,0,4.53,16.6385714285716,11.3714285714294,8.80800000000066,5.26714285714219,338.96,4,33.9103164556962,0
"646","CHEMAINUS RIVER",1974,1974-07-24,205,37,0,2.83,13.442857142858,11.1750000000008,8.64666666666647,2.26785714285714,341.79,5,33.9103164556962,0
"647","CHEMAINUS RIVER",1974,1974-07-25,206,38,0,3.34,10.1199999999995,11.0149999999994,8.5286666666662,-0.894999999999916,345.13,6,33.9103164556962,0
"648","CHEMAINUS RIVER",1974,1974-07-26,207,39,0,3.68,6.70285714285481,10.8814285714283,8.42566666666632,-4.17857142857351,348.81,7,33.9103164556962,0
"649","CHEMAINUS RIVER",1974,1974-07-27,208,40,0,3.68,4.51428571428655,10.7657142857144,8.28300000000066,-6.25142857142782,352.49,8,33.9103164556962,0
"650","CHEMAINUS RIVER",1974,1974-07-28,209,41,0,3.68,3.94714285714352,10.6621428571442,8.1120000000005,-6.71500000000067,356.17,9,33.9103164556962,0
"651","CHEMAINUS RIVER",1974,1974-07-29,210,42,0,3.68,3.63142857142624,10.5828571428574,7.97599999999996,-6.95142857143115,359.85,10,33.9103164556962,0
"652","CHEMAINUS RIVER",1974,1974-07-30,211,43,0,3.68,3.50999999999684,10.0742857142842,7.88899999999946,-6.56428571428738,363.53,11,33.9103164556962,0
"653","CHEMAINUS RIVER",1974,1974-07-31,212,44,0,3.51,3.60714285714286,8.52500000000042,7.80699999999973,-4.91785714285756,367.04,12,33.9103164556962,0
"654","CHEMAINUS RIVER",1974,1974-08-01,213,45,0,3.17,3.58285714285947,6.85142857142949,7.71633333333399,-3.26857142857002,370.21,13,33.9103164556962,0
"655","CHEMAINUS RIVER",1974,1974-08-02,214,46,0,2.83,3.46142857143007,5.08214285714244,7.61800000000027,-1.62071428571237,373.04,14,33.9103164556962,0
"656","CHEMAINUS RIVER",1974,1974-08-03,215,47,0,2.58,3.30428571428222,3.90928571428438,7.50099999999996,-0.605000000002162,375.62,15,33.9103164556962,0
"657","CHEMAINUS RIVER",1974,1974-08-04,216,48,0,2.15,3.08571428571512,3.51642857142932,7.34700000000012,-0.430714285714203,377.77,16,33.9103164556962,0
"658","CHEMAINUS RIVER",1974,1974-08-05,217,49,0,1.9,2.83142857142957,3.23142857142791,7.19800000000008,-0.399999999998337,379.67,17,33.9103164556962,0
"659","CHEMAINUS RIVER",1974,1974-08-06,218,50,0,1.73,2.55285714285648,3.03142857142666,7.07899999999985,-0.478571428570181,381.4,18,33.9103164556962,0
"660","CHEMAINUS RIVER",1974,1974-08-07,219,51,0,1.64,2.28571428571429,2.94642857142857,6.96566666666671,-0.660714285714286,383.04,19,33.9103164556962,0
"661","CHEMAINUS RIVER",1974,1974-08-08,220,52,0,1.47,2.04285714285548,2.81285714285748,6.825,-0.770000000001996,384.51,20,33.9103164556962,0
"662","CHEMAINUS RIVER",1974,1974-08-09,221,53,0,1.22,1.81285714285748,2.63714285714377,6.67966666666713,-0.824285714286296,385.73,21,33.9103164556962,0
"663","CHEMAINUS RIVER",1974,1974-08-10,222,54,0,1.22,1.61857142857376,2.46142857142799,6.53433333333329,-0.842857142854233,386.95,22,33.9103164556962,0
"664","CHEMAINUS RIVER",1974,1974-08-11,223,55,0,1.22,1.48571428571345,2.28571428571429,6.39000000000039,-0.800000000000831,388.17,23,33.9103164556962,0
"665","CHEMAINUS RIVER",1974,1974-08-12,224,56,0,1.18,1.38285714285614,2.10714285714286,6.25266666666624,-0.724285714286712,389.35,24,33.9103164556962,0
"666","CHEMAINUS RIVER",1974,1974-08-13,225,57,0,1.13,1.29714285714519,1.92500000000083,6.11933333333388,-0.627857142855646,390.48,25,33.9103164556962,0
"667","CHEMAINUS RIVER",1974,1974-08-14,226,58,0,1.1,1.22000000000116,1.75285714285772,5.9963333333338,-0.532857142856561,391.58,26,33.9103164556962,0
"668","CHEMAINUS RIVER",1974,1974-08-15,227,59,0,1.13,1.17142857143023,1.60714285714286,5.67400000000004,-0.435714285712623,392.71,27,33.9103164556962,0
"669","CHEMAINUS RIVER",1974,1974-08-16,228,60,0,1.08,1.15142857142824,1.48214285714286,4.87000000000019,-0.330714285714618,393.79,28,33.9103164556962,0
"670","CHEMAINUS RIVER",1974,1974-08-17,229,61,0,1.01,1.1214285714294,1.37000000000158,4.01700000000031,-0.248571428572177,394.8,29,33.9103164556962,0
"671","CHEMAINUS RIVER",1974,1974-08-18,230,62,0,0.949,1.08271428571399,1.28421428571372,3.12863333333322,-0.201499999999734,395.749,30,33.9103164556962,0
"672","CHEMAINUS RIVER",1974,1974-08-19,231,63,0,0.949,1.04971428571402,1.21628571428508,2.526933333333,-0.166571428571063,396.698,31,33.9103164556962,0
"673","CHEMAINUS RIVER",1974,1974-08-20,232,64,0,0.985,1.02900000000123,1.16307142857321,2.30476666666703,-0.134071428571977,397.683,32,33.9103164556962,0
"674","CHEMAINUS RIVER",1974,1974-08-21,233,65,0,0.912,1.0021428571407,1.11107142857093,2.13883333333263,-0.108928571430234,398.595,33,33.9103164556962,0
"675","CHEMAINUS RIVER",1974,1974-08-22,234,66,0,0.883,0.966857142854548,1.06914285714239,2.01726666666606,-0.102285714287843,399.478,34,33.9103164556962,0
"676","CHEMAINUS RIVER",1974,1974-08-23,235,67,0,0.861,0.935571428571295,1.04349999999977,1.9516333333333,-0.107928571428472,400.339,35,33.9103164556962,0
"677","CHEMAINUS RIVER",1974,1974-08-24,236,68,0,0.844,0.911857142857376,1.01664285714339,1.86843333333381,-0.104785714286014,401.183,36,33.9103164556962,0
"678","CHEMAINUS RIVER",1974,1974-08-25,237,69,0,0.821,0.893571428572094,0.98814285714304,1.77313333333392,-0.0945714285709462,402.004,37,33.9103164556962,0
"679","CHEMAINUS RIVER",1974,1974-08-26,238,70,0,0.801,0.872428571431166,0.961071428572593,1.67716666666674,-0.0886428571414269,402.805,38,33.9103164556962,0
"680","CHEMAINUS RIVER",1974,1974-08-27,239,71,0,0.787,0.844142857140728,0.93657142857098,1.58073333333305,-0.0924285714302511,403.592,39,33.9103164556962,0
"681","CHEMAINUS RIVER",1974,1974-08-28,240,72,0,0.765,0.823142857145285,0.91264285714299,1.48356666666708,-0.089499999997705,404.357,40,33.9103164556962,0
"682","CHEMAINUS RIVER",1974,1974-08-29,241,73,0,0.748,0.803857142858241,0.885357142856394,1.38583333333372,-0.0814999999981539,405.105,41,33.9103164556962,0
"683","CHEMAINUS RIVER",1974,1974-08-30,242,74,0,0.728,0.784857142858008,0.860214285714652,1.29310000000017,-0.075357142856644,405.833,42,33.9103164556962,0
"684","CHEMAINUS RIVER",1974,1974-08-31,243,75,0,0.714,0.766285714285914,0.839071428571645,1.21123333333332,-0.0727857142857309,406.547,43,33.9103164556962,0
"685","CHEMAINUS RIVER",1974,1974-09-01,244,76,0,0.705,0.749714285713188,0.821642857142641,1.14039999999998,-0.0719285714294529,407.252,44,33.9103164556962,0
"686","CHEMAINUS RIVER",1974,1974-09-02,245,77,0,0.691,0.73399999999674,0.803214285713953,1.07743333333347,-0.0692142857172128,407.943,45,33.9103164556962,0
"687","CHEMAINUS RIVER",1974,1974-09-03,246,78,0,0.674,0.717857142856311,0.78099999999852,1.02823333333266,-0.0631428571422086,408.617,46,33.9103164556962,0
"688","CHEMAINUS RIVER",1974,1974-09-04,247,79,0,0.66,0.702857142854815,0.76300000000005,0.986899999999635,-0.0601428571452353,409.277,47,33.9103164556962,0
"689","CHEMAINUS RIVER",1974,1974-09-05,248,80,0,0.651,0.689000000000565,0.746428571429403,0.950933333334009,-0.0574285714288375,409.928,48,33.9103164556962,0
"690","CHEMAINUS RIVER",1974,1974-09-06,249,81,0,0.623,0.673999999999069,0.729428571428538,0.917033333333287,-0.0554285714294694,410.551,49,33.9103164556962,0
"691","CHEMAINUS RIVER",1974,1974-09-07,250,82,0,0.595,0.656999999998204,0.711642857142059,0.88786666666662,-0.054642857143855,411.146,50,33.9103164556962,0
"692","CHEMAINUS RIVER",1974,1974-09-08,251,83,0,0.651,0.649285714287544,0.699500000000366,0.868900000000334,-0.0502142857128222,411.797,51,33.9103164556962,0
"693","CHEMAINUS RIVER",1974,1974-09-09,252,84,0,0.801,0.664999999999834,0.699499999998287,0.854933333332883,-0.0344999999984533,412.598,52,33.9103164556962,0
"694","CHEMAINUS RIVER",1974,1974-09-10,253,85,0,0.844,0.689285714287377,0.703571428571844,0.842399999999907,-0.0142857142844669,413.442,53,33.9103164556962,0
"695","CHEMAINUS RIVER",1974,1974-09-11,254,86,0,0.875,0.720000000001164,0.711428571427989,0.832233333333473,0.00857142857317483,414.317,54,33.9103164556962,0
"696","CHEMAINUS RIVER",1974,1974-09-12,255,87,0,0.875,0.751999999999368,0.720499999999967,0.823733333333318,0.0314999999994013,415.192,55,33.9103164556962,0
"697","CHEMAINUS RIVER",1974,1974-09-13,256,88,1,0.985,0.803714285712756,0.738857142855912,0.819899999999325,0.0648571428568435,416.177,56,33.9103164556962,0
"698","CHEMAINUS RIVER",1975,1975-06-18,169,1,0,7.11,9.11428571428821,10.3471428571439,14.6220000000001,-1.23285714285573,7.11,18,20.2797790055249,0
"699","CHEMAINUS RIVER",1975,1975-06-19,170,2,0,7.19,8.62714285714485,9.69642857142857,14.2150000000004,-1.06928571428372,14.3,19,20.2797790055249,0
"700","CHEMAINUS RIVER",1975,1975-06-20,171,3,0,7.39,8.08285714285531,9.26714285714219,13.7613333333332,-1.18428571428688,21.69,20,20.2797790055249,0
"701","CHEMAINUS RIVER",1975,1975-06-21,172,4,0,5.52,7.22857142857226,8.79714285714311,13.2986666666674,-1.56857142857085,27.21,21,20.2797790055249,0
"702","CHEMAINUS RIVER",1975,1975-06-22,173,5,0,6.2,6.86428571428405,8.49714285714228,12.9253333333327,-1.63285714285822,33.41,22,20.2797790055249,0
"703","CHEMAINUS RIVER",1975,1975-06-23,174,6,0,5.92,6.520000000002,8.20571428571462,12.5793333333335,-1.68571428571262,39.33,23,20.2797790055249,0
"704","CHEMAINUS RIVER",1975,1975-06-24,175,7,0,4.93,6.32285714285847,7.92500000000083,12.2470000000001,-1.60214285714236,44.26,24,20.2797790055249,0
"705","CHEMAINUS RIVER",1975,1975-06-25,176,8,0,4.76,5.98714285714336,7.55071428571578,11.9023333333336,-1.56357142857243,49.02,25,20.2797790055249,0
"706","CHEMAINUS RIVER",1975,1975-06-26,177,9,0,6.31,5.86142857142841,7.24428571428663,11.5926666666666,-1.38285714285822,55.33,26,20.2797790055249,0
"707","CHEMAINUS RIVER",1975,1975-06-27,178,10,0,6.12,5.68000000000133,6.88142857142832,11.2366666666669,-1.20142857142699,61.45,27,20.2797790055249,0
"708","CHEMAINUS RIVER",1975,1975-06-28,179,11,0,5.18,5.63142857142624,6.42999999999925,10.7426666666666,-0.798571428573009,66.63,28,20.2797790055249,0
"709","CHEMAINUS RIVER",1975,1975-06-29,180,12,0,5.1,5.47428571428671,6.16928571428538,10.2393333333331,-0.694999999998669,71.73,29,20.2797790055249,0
"710","CHEMAINUS RIVER",1975,1975-06-30,181,13,0,4.93,5.33285714285531,5.92642857142865,9.64033333333306,-0.593571428573341,76.66,30,20.2797790055249,0
"711","CHEMAINUS RIVER",1975,1975-07-01,182,14,0,4.93,5.33285714285947,5.82785714285897,9.08800000000047,-0.494999999999501,81.59,31,20.2797790055249,0
"712","CHEMAINUS RIVER",1975,1975-07-02,183,15,0,4.64,5.31571428571312,5.65142857142824,8.53599999999957,-0.335714285715118,86.23,32,20.2797790055249,0
"713","CHEMAINUS RIVER",1975,1975-07-03,184,16,0,4.33,5.03285714285448,5.44714285714144,8.11366666666581,-0.414285714286962,90.56,33,20.2797790055249,0
"714","CHEMAINUS RIVER",1975,1975-07-04,185,17,0,4.16,4.75285714285565,5.21642857142849,7.74900000000004,-0.463571428572842,94.72,34,20.2797790055249,0
"715","CHEMAINUS RIVER",1975,1975-07-05,186,18,0,4.16,4.60714285714286,5.11928571428455,7.34433333333291,-0.512142857141693,98.88,35,20.2797790055249,0
"716","CHEMAINUS RIVER",1975,1975-07-06,187,19,0,3.99,4.44857142857342,4.96142857143007,7.03066666666709,-0.512857142856644,102.87,36,20.2797790055249,0
"717","CHEMAINUS RIVER",1975,1975-07-07,188,20,0,3.99,4.31428571428738,4.82357142857135,6.76033333333326,-0.509285714283968,106.86,37,20.2797790055249,0
"718","CHEMAINUS RIVER",1975,1975-07-08,189,21,0,4.08,4.19285714285382,4.76285714285664,6.54966666666636,-0.570000000002827,110.94,38,20.2797790055249,0
"719","CHEMAINUS RIVER",1975,1975-07-09,190,22,0,2.14,3.83571428571512,4.57571428571412,6.28766666666682,-0.739999999999002,113.08,39,20.2797790055249,0
"720","CHEMAINUS RIVER",1975,1975-07-10,191,23,0,2.47,3.57000000000283,4.30142857142865,6.07466666666733,-0.731428571425827,115.55,40,20.2797790055249,0
"721","CHEMAINUS RIVER",1975,1975-07-11,192,24,0,2.32,3.30714285714618,4.03000000000092,5.81866666666756,-0.722857142854732,117.87,41,20.2797790055249,0
"722","CHEMAINUS RIVER",1975,1975-07-12,193,25,0,2.14,3.01857142857209,3.81285714285748,5.53666666666686,-0.794285714285381,120.01,42,20.2797790055249,0
"723","CHEMAINUS RIVER",1975,1975-07-13,194,26,0,1.82,2.70857142857026,3.57857142857184,5.22400000000004,-0.87000000000158,121.83,43,20.2797790055249,0
"724","CHEMAINUS RIVER",1975,1975-07-14,195,27,0,1.7,2.38142857142624,3.34785714285681,4.89733333333279,-0.966428571430567,123.53,44,20.2797790055249,0
"725","CHEMAINUS RIVER",1975,1975-07-15,196,28,0,1.59,2.02571428571745,3.10928571428563,4.65866666666698,-1.08357142856819,125.12,45,20.2797790055249,0
"726","CHEMAINUS RIVER",1975,1975-07-16,197,29,0,1.64,1.95428571428472,2.89499999999992,4.4356666666669,-0.9407142857152,126.76,46,20.2797790055249,0
"727","CHEMAINUS RIVER",1975,1975-07-17,198,30,0,1.42,1.80428571428638,2.6871428571446,4.2726666666674,-0.882857142858224,128.18,47,20.2797790055249,0
"728","CHEMAINUS RIVER",1975,1975-07-18,199,31,0,1.95,1.75142857142574,2.52928571428596,4.10066666666632,-0.77785714286022,130.13,48,20.2797790055249,0
"729","CHEMAINUS RIVER",1975,1975-07-19,200,32,0,1.82,1.70571428571462,2.36214285714336,3.92166666666647,-0.656428571428738,131.95,49,20.2797790055249,0
"730","CHEMAINUS RIVER",1975,1975-07-20,201,33,0,1.25,1.62428571428505,2.16642857142766,3.71700000000031,-0.542142857142607,133.2,50,20.2797790055249,0
"731","CHEMAINUS RIVER",1975,1975-07-21,202,34,0,1.19,1.55142857143073,1.96642857142849,3.57266666666643,-0.414999999997755,134.39,51,20.2797790055249,0
"732","CHEMAINUS RIVER",1975,1975-07-22,203,35,0,1.13,1.48571428571345,1.75571428571545,3.40366666666717,-0.270000000001996,135.52,52,20.2797790055249,0
"733","CHEMAINUS RIVER",1975,1975-07-23,204,36,0,1.42,1.45428571428472,1.70428571428472,3.2536666666662,-0.25,136.94,53,20.2797790055249,0
"734","CHEMAINUS RIVER",1975,1975-07-24,205,37,0,1.09,1.40714285713953,1.60571428571296,3.12566666666632,-0.198571428573424,138.03,54,20.2797790055249,0
"735","CHEMAINUS RIVER",1975,1975-07-25,206,38,0,0.92,1.260000000001,1.50571428571337,2.99766666666643,-0.245714285712373,138.95,55,20.2797790055249,0
"736","CHEMAINUS RIVER",1975,1975-07-26,207,39,0,0.878,1.12542857142814,1.41557142857138,2.81659999999974,-0.29014285714324,139.828,56,20.2797790055249,0
"737","CHEMAINUS RIVER",1975,1975-07-27,208,40,0,0.92,1.07828571428711,1.35128571428608,2.64326666666699,-0.272999999998969,140.748,57,20.2797790055249,0
"738","CHEMAINUS RIVER",1975,1975-07-28,209,41,0,0.835,1.02757142857133,1.28950000000103,2.49843333333362,-0.261928571429702,141.583,58,20.2797790055249,0
"739","CHEMAINUS RIVER",1975,1975-07-29,210,42,0,0.773,0.976571428568734,1.23114285714109,2.35419999999964,-0.25457142857236,142.356,59,20.2797790055249,0
"740","CHEMAINUS RIVER",1975,1975-07-30,211,43,0,0.708,0.874857142858673,1.16457142857169,2.21346666666698,-0.289714285713022,143.064,60,20.2797790055249,0
"741","CHEMAINUS RIVER",1975,1975-07-31,212,44,0,0.793,0.832428571431332,1.11978571428543,2.07556666666642,-0.287357142854099,143.857,61,20.2797790055249,0
"742","CHEMAINUS RIVER",1975,1975-08-01,213,45,0,0.708,0.802142857141527,1.03107142857126,1.94449999999973,-0.228928571429736,144.565,62,20.2797790055249,0
"743","CHEMAINUS RIVER",1975,1975-08-02,214,46,0,0.708,0.777857142858141,0.95164285714314,1.82376666666726,-0.173785714284999,145.273,63,20.2797790055249,0
"744","CHEMAINUS RIVER",1975,1975-08-03,215,47,0,0.671,0.742285714285182,0.910285714286147,1.70746666666722,-0.168000000000965,145.944,64,20.2797790055249,0
"745","CHEMAINUS RIVER",1975,1975-08-04,216,48,0,0.634,0.713571428570763,0.870571428571046,1.58993333333347,-0.157000000000283,146.578,65,20.2797790055249,0
"746","CHEMAINUS RIVER",1975,1975-08-05,217,49,0,0.597,0.688428571431099,0.832499999999917,1.4768333333331,-0.144071428568818,147.175,66,20.2797790055249,0
"747","CHEMAINUS RIVER",1975,1975-08-06,218,50,0,0.597,0.672571428569167,0.77371428571392,1.36373333333274,-0.101142857144753,147.772,67,20.2797790055249,0
"748","CHEMAINUS RIVER",1975,1975-08-07,219,51,0,0.671,0.655142857140163,0.743785714285748,1.2500999999999,-0.0886428571455846,148.443,68,20.2797790055249,0
"749","CHEMAINUS RIVER",1975,1975-08-08,220,52,0,0.671,0.64985714285701,0.725999999999268,1.20113333333284,-0.0761428571422584,149.114,69,20.2797790055249,0
"750","CHEMAINUS RIVER",1975,1975-08-09,221,53,0,0.75,0.655857142855114,0.716857142856627,1.14379999999946,-0.0610000000015134,149.864,70,20.2797790055249,0
"751","CHEMAINUS RIVER",1975,1975-08-10,222,54,0,0.708,0.661142857142425,0.701714285713803,1.09006666666634,-0.0405714285713787,150.572,71,20.2797790055249,0
"752","CHEMAINUS RIVER",1975,1975-08-11,223,55,0,0.671,0.666428571429736,0.690000000000249,1.04110000000025,-0.0235714285705139,151.243,72,20.2797790055249,0
"753","CHEMAINUS RIVER",1975,1975-08-12,224,56,0,0.634,0.671714285712889,0.680071428571994,1.00156666666638,-0.00835714285910527,151.877,73,20.2797790055249,0
"754","CHEMAINUS RIVER",1975,1975-08-13,225,57,0,0.524,0.661285714287909,0.666928571428538,0.962366666667125,-0.00564285714062862,152.401,74,20.2797790055249,0
"755","CHEMAINUS RIVER",1975,1975-08-14,226,58,0,0.524,0.640285714288309,0.647714285714236,0.9268333333331,-0.00742857142592712,152.925,75,20.2797790055249,0
"756","CHEMAINUS RIVER",1975,1975-08-15,227,59,0,0.524,0.619285714288708,0.634571428572859,0.889633333333768,-0.015285714284151,153.449,76,20.2797790055249,0
"757","CHEMAINUS RIVER",1975,1975-08-16,228,60,0,0.597,0.597428571428671,0.626642857141893,0.862199999999333,-0.0292142857132214,154.046,77,20.2797790055249,0
"758","CHEMAINUS RIVER",1975,1975-08-17,229,61,0,0.634,0.586857142858207,0.624000000000316,0.818333333333915,-0.0371428571421087,154.68,78,20.2797790055249,0
"759","CHEMAINUS RIVER",1975,1975-08-18,230,62,0,0.597,0.576285714283586,0.621357142856661,0.777566666666341,-0.045071428573075,155.277,79,20.2797790055249,0
"760","CHEMAINUS RIVER",1975,1975-08-19,231,63,0,0.561,0.565857142858606,0.618785714285748,0.75460000000021,-0.0529285714271412,155.838,80,20.2797790055249,0
"761","CHEMAINUS RIVER",1975,1975-08-20,232,64,0,0.597,0.576285714283586,0.618785714285748,0.73483333333279,-0.042500000002162,156.435,81,20.2797790055249,0
"762","CHEMAINUS RIVER",1975,1975-08-21,233,65,0,0.634,0.592000000000033,0.616142857144171,0.718299999999969,-0.0241428571441377,157.069,82,20.2797790055249,0
"763","CHEMAINUS RIVER",1975,1975-08-22,234,66,0,0.597,0.602428571425012,0.61085714285686,0.690866666666504,-0.00842857143184761,157.666,83,20.2797790055249,0
"764","CHEMAINUS RIVER",1975,1975-08-23,235,67,0,10.3,1.98857142857326,1.29300000000096,0.997866666667202,0.695571428572293,167.966,84,20.2797790055249,0
"765","CHEMAINUS RIVER",1975,1975-08-24,236,68,0,5.8,2.72657142856873,1.65671428571347,1.16053333333305,1.06985714285526,173.766,85,20.2797790055249,0
"766","CHEMAINUS RIVER",1975,1975-08-25,237,69,0,3.65,3.16271428571365,1.86949999999862,1.25293333333296,1.29321428571503,177.416,86,20.2797790055249,0
"767","CHEMAINUS RIVER",1975,1975-08-26,238,70,0,2.76,3.47685714285555,2.02135714285708,1.31426666666618,1.45549999999847,180.176,87,20.2797790055249,0
"768","CHEMAINUS RIVER",1975,1975-08-27,239,71,0,7.79,4.50442857143103,2.54035714285731,1.54610000000005,1.96407142857372,187.966,88,20.2797790055249,0
"769","CHEMAINUS RIVER",1975,1975-08-28,240,72,0,7.79,5.52671428571505,3.05935714285754,1.78000000000078,2.46735714285751,195.756,89,20.2797790055249,0
"770","CHEMAINUS RIVER",1975,1975-08-29,241,73,0,25.7,9.11285714285831,4.85764285714166,2.61306666666642,4.25521428571665,221.456,0,20.2797790055249,0
"771","CHEMAINUS RIVER",1975,1975-08-30,242,74,0,18.4,10.2699999999978,6.12928571428555,3.19996666666605,4.14071428571229,239.856,1,20.2797790055249,0
"772","CHEMAINUS RIVER",1975,1975-08-31,243,75,0,13.2,11.327142857144,7.02685714285638,3.61636666666697,4.30028571428764,253.056,2,20.2797790055249,0
"773","CHEMAINUS RIVER",1975,1975-09-01,244,76,0,10,12.2342857142877,7.69850000000068,3.92609999999986,4.53578571428703,263.056,3,20.2797790055249,0
"774","CHEMAINUS RIVER",1975,1975-09-02,245,77,0,6.8,12.8114285714276,8.14414285714156,4.1303999999994,4.66728571428601,269.856,4,20.2797790055249,0
"775","CHEMAINUS RIVER",1975,1975-09-03,246,78,0,4.67,12.365714285714,8.43507142857249,4.26493333333346,3.93064285714146,274.526,5,20.2797790055249,0
"776","CHEMAINUS RIVER",1975,1975-09-04,247,79,0,3.82,11.7985714285709,8.66264285714299,4.37236666666674,3.13592857142794,278.346,6,20.2797790055249,0
"777","CHEMAINUS RIVER",1975,1975-09-05,248,80,0,3.82,8.67285714285598,8.89285714285714,4.47980000000001,-0.220000000001164,282.166,7,20.2797790055249,0
"778","CHEMAINUS RIVER",1975,1975-09-06,249,81,0,3.74,6.57857142857392,8.42428571428588,4.5821000000006,-1.84571428571196,285.906,8,20.2797790055249,0
"779","CHEMAINUS RIVER",1975,1975-09-07,250,82,0,3.57,5.20285714285897,8.2650000000015,4.67873333333409,-3.06214285714252,289.476,9,20.2797790055249,0
"780","CHEMAINUS RIVER",1975,1975-09-08,251,83,0,3.31,4.24714285714435,8.24071428571603,4.76406666666735,-3.99357142857168,292.786,10,20.2797790055249,0
"781","CHEMAINUS RIVER",1975,1975-09-09,252,84,0,3.23,3.73714285714336,8.27428571428547,4.84813333333295,-4.53714285714211,296.016,11,20.2797790055249,0
"782","CHEMAINUS RIVER",1975,1975-09-10,253,85,0,2.14,3.37571428571495,7.87071428571445,4.89710000000002,-4.4949999999995,298.156,12,20.2797790055249,0
"783","CHEMAINUS RIVER",1975,1975-09-11,254,86,0,2.07,3.12571428571495,7.46214285714294,4.94496666666722,-4.33642857142799,300.226,13,20.2797790055249,0
"784","CHEMAINUS RIVER",1975,1975-09-12,255,87,0,2.01,2.86714285714385,5.76999999999992,4.99449999999973,-2.90285714285606,302.236,14,20.2797790055249,0
"785","CHEMAINUS RIVER",1975,1975-09-13,256,88,0,1.95,2.61142857142841,4.59500000000116,5.04203333333329,-1.98357142857276,304.186,15,20.2797790055249,0
"786","CHEMAINUS RIVER",1975,1975-09-14,257,89,0,1.89,2.37142857142525,3.78714285714211,5.08756666666595,-1.41571428571686,306.076,16,20.2797790055249,0
"787","CHEMAINUS RIVER",1975,1975-09-15,258,90,0,1.47,2.1085714285686,3.17785714285648,5.11666666666667,-1.06928571428788,307.546,17,20.2797790055249,0
"788","CHEMAINUS RIVER",1975,1975-09-16,259,91,0,1.47,1.85714285714286,2.79714285714311,5.1445333333327,-0.94000000000025,309.016,18,20.2797790055249,0
"789","CHEMAINUS RIVER",1975,1975-09-17,260,92,0,1.36,1.74571428571445,2.5607142857147,5.16996666666722,-0.81500000000025,310.376,19,20.2797790055249,0
"790","CHEMAINUS RIVER",1975,1975-09-18,261,93,0,1.25,1.6285714285706,2.37714285714277,5.19293333333335,-0.748571428572177,311.626,20,20.2797790055249,0
"791","CHEMAINUS RIVER",1975,1975-09-19,262,94,0,1.25,1.520000000002,2.19357142857293,5.21470000000069,-0.67357142857093,312.876,21,20.2797790055249,0
"792","CHEMAINUS RIVER",1975,1975-09-20,263,95,0,1.19,1.41142857142924,2.01142857142882,5.23323333333343,-0.599999999999584,314.066,22,20.2797790055249,0
"793","CHEMAINUS RIVER",1975,1975-09-21,264,96,0,1.03,1.28857142857409,1.82999999999967,5.2476666666674,-0.541428571425578,315.096,23,20.2797790055249,0
"794","CHEMAINUS RIVER",1975,1975-09-22,265,97,0,0.878,1.20400000000206,1.65628571428533,4.93360000000005,-0.452285714283269,315.974,24,20.2797790055249,0
"795","CHEMAINUS RIVER",1975,1975-09-23,266,98,0,0.878,1.11942857143003,1.48828571428645,4.76953333333367,-0.368857142856411,316.852,25,20.2797790055249,0
"796","CHEMAINUS RIVER",1975,1975-09-24,267,99,0,0.878,1.0505714285703,1.39814285714237,4.67713333333377,-0.347571428572077,317.73,26,20.2797790055249,0
"797","CHEMAINUS RIVER",1975,1975-09-25,268,100,1,0.878,0.997428571427008,1.3129999999988,4.61440000000002,-0.315571428571795,318.608,27,20.2797790055249,0
"798","CHEMAINUS RIVER",1976,1976-06-17,169,1,0,16.8,14.6285714285706,15.0928571428563,17.45,-0.464285714285715,16.8,20,26.6524309392265,0
"799","CHEMAINUS RIVER",1976,1976-06-18,170,2,0,15.3,14.5428571428596,15.1714285714282,17.4,-0.628571428568518,32.1,21,26.6524309392265,0
"800","CHEMAINUS RIVER",1976,1976-06-19,171,3,0,14.5,14.442857142858,15.2071428571424,17.3533333333335,-0.764285714284467,46.6,22,26.6524309392265,0
"801","CHEMAINUS RIVER",1976,1976-06-20,172,4,0,13.8,14.5142857142865,15.2857142857143,17.3299999999998,-0.771428571427741,60.4,23,26.6524309392265,0
"802","CHEMAINUS RIVER",1976,1976-06-21,173,5,0,12,14.5142857142865,15.0642857142853,17.2200000000002,-0.549999999998754,72.4,24,26.6524309392265,0
"803","CHEMAINUS RIVER",1976,1976-06-22,174,6,0,10.1,13.9857142857135,14.5,17.0266666666663,-0.514285714286546,82.5,25,26.6524309392265,0
"804","CHEMAINUS RIVER",1976,1976-06-23,175,7,0,8.75,13.0357142857143,13.846428571429,16.7450000000002,-0.810714285714701,91.25,26,26.6524309392265,0
"805","CHEMAINUS RIVER",1976,1976-06-24,176,8,0,8.01,11.780000000003,13.2042857142868,16.0019999999999,-1.4242857142838,99.26,27,26.6524309392265,0
"806","CHEMAINUS RIVER",1976,1976-06-25,177,9,0,7.11,10.6099999999985,12.5764285714291,15.192333333333,-1.96642857143057,106.37,28,26.6524309392265,0
"807","CHEMAINUS RIVER",1976,1976-06-26,178,10,0,7.5,9.6099999999985,12.0264285714282,14.4123333333332,-2.41642857142974,113.87,29,26.6524309392265,0
"808","CHEMAINUS RIVER",1976,1976-06-27,179,11,0,5.44,8.41571428571478,11.4650000000007,13.7036666666662,-3.04928571428588,119.31,30,26.6524309392265,0
"809","CHEMAINUS RIVER",1976,1976-06-28,180,12,0,7.5,7.77285714285764,11.1435714285721,13.3170000000003,-3.37071428571445,126.81,31,26.6524309392265,0
"810","CHEMAINUS RIVER",1976,1976-06-29,181,13,0,8.44,7.53571428571429,10.7607142857139,12.925,-3.22499999999958,135.25,32,26.6524309392265,0
"811","CHEMAINUS RIVER",1976,1976-06-30,182,14,0,8.86,7.55142857142658,10.2935714285704,12.5303333333325,-2.74214285714385,144.11,33,26.6524309392265,0
"812","CHEMAINUS RIVER",1976,1976-07-01,183,15,0,7.5,7.4785714285681,9.62928571428555,12.5303333333325,-2.15071428571745,151.61,34,26.6524309392265,0
"813","CHEMAINUS RIVER",1976,1976-07-02,184,16,0,4.84,7.15428571428804,8.88214285714327,12.1783333333335,-1.72785714285523,156.45,35,26.6524309392265,0
"814","CHEMAINUS RIVER",1976,1976-07-03,185,17,0,4.67,6.75,8.17999999999925,11.8539999999998,-1.42999999999925,161.12,36,26.6524309392265,0
"815","CHEMAINUS RIVER",1976,1976-07-04,186,18,0,6.71,6.93142857142707,7.67357142857093,11.6043333333325,-0.742142857143855,167.83,37,26.6524309392265,0
"816","CHEMAINUS RIVER",1976,1976-07-05,187,19,0,5.61,6.66142857142924,7.21714285714344,11.3246666666664,-0.555714285714203,173.44,38,26.6524309392265,0
"817","CHEMAINUS RIVER",1976,1976-07-06,188,20,0,5.18,6.19571428571362,6.86571428571395,11.074,-0.670000000000333,178.62,39,26.6524309392265,0
"818","CHEMAINUS RIVER",1976,1976-07-07,189,21,0,5.27,5.68285714285698,6.61714285714178,10.7463333333328,-0.9342857142848,183.89,40,26.6524309392265,0
"819","CHEMAINUS RIVER",1976,1976-07-08,190,22,0,8.52,5.82857142857392,6.65357142857101,10.4303333333334,-0.82499999999709,192.41,41,26.6524309392265,0
"820","CHEMAINUS RIVER",1976,1976-07-09,191,23,0,10.7,6.66571428571063,6.90999999999933,10.1903333333331,-0.244285714288708,203.11,42,26.6524309392265,0
"821","CHEMAINUS RIVER",1976,1976-07-10,192,24,0,7.39,7.05428571428638,6.90214285714319,9.87000000000019,0.15214285714319,210.5,43,26.6524309392265,0
"822","CHEMAINUS RIVER",1976,1976-07-11,193,25,0,4.33,6.71428571428571,6.82285714285639,9.48433333333329,-0.10857142857068,214.83,44,26.6524309392265,0
"823","CHEMAINUS RIVER",1976,1976-07-12,194,26,0,4.25,6.51999999999784,6.59071428571354,9.11933333333291,-0.0707142857156997,219.08,45,26.6524309392265,0
"824","CHEMAINUS RIVER",1976,1976-07-13,195,27,0,4.08,6.36285714285831,6.27928571428596,8.8120000000005,0.0835714285723439,223.16,46,26.6524309392265,0
"825","CHEMAINUS RIVER",1976,1976-07-14,196,28,0,3.91,6.16857142857459,5.92571428571578,8.54233333333395,0.242857142858806,227.07,47,26.6524309392265,0
"826","CHEMAINUS RIVER",1976,1976-07-15,197,29,0,3.48,5.44857142856927,5.63857142857159,8.19833333333275,-0.190000000002328,230.55,48,26.6524309392265,0
"827","CHEMAINUS RIVER",1976,1976-07-16,198,30,0,3.23,4.3814285714304,5.52357142857051,7.79266666666663,-1.14214285714011,233.78,49,26.6524309392265,0
"828","CHEMAINUS RIVER",1976,1976-07-17,199,31,0,2.97,3.75,5.40214285714319,7.33166666666706,-1.65214285714319,236.75,50,26.6524309392265,0
"829","CHEMAINUS RIVER",1976,1976-07-18,200,32,0,2.69,3.51571428571645,5.11500000000108,6.91133333333322,-1.59928571428463,239.44,51,26.6524309392265,0
"830","CHEMAINUS RIVER",1976,1976-07-19,201,33,0,2.47,3.2614285714309,4.89071428571437,6.51033333333326,-1.62928571428347,241.91,52,26.6524309392265,0
"831","CHEMAINUS RIVER",1976,1976-07-20,202,34,0,1.89,2.94857142856927,4.65571428571379,6.11333333333314,-1.70714285714452,243.8,53,26.6524309392265,0
"832","CHEMAINUS RIVER",1976,1976-07-21,203,35,0,2.26,2.71285714285581,4.4407142857152,5.78866666666678,-1.72785714285939,246.06,54,26.6524309392265,0
"833","CHEMAINUS RIVER",1976,1976-07-22,204,36,0,2.2,2.53000000000299,3.98928571428613,5.52533333333364,-1.45928571428314,248.26,55,26.6524309392265,0
"834","CHEMAINUS RIVER",1976,1976-07-23,205,37,0,2.26,2.39142857142724,3.38642857142882,5.30899999999965,-0.99500000000158,250.52,56,26.6524309392265,0
"835","CHEMAINUS RIVER",1976,1976-07-24,206,38,0,2.07,2.26285714285664,3.00642857142832,5.11099999999957,-0.743571428571678,252.59,57,26.6524309392265,0
"836","CHEMAINUS RIVER",1976,1976-07-25,207,39,0,1.95,2.15714285714369,2.83642857143007,4.93900000000043,-0.67928571428638,254.54,58,26.6524309392265,0
"837","CHEMAINUS RIVER",1976,1976-07-26,208,40,0,1.76,2.05571428571212,2.65857142857151,4.74766666666643,-0.602857142859388,256.3,59,26.6524309392265,0
"838","CHEMAINUS RIVER",1976,1976-07-27,209,41,0,1.6,2.01428571428655,2.48142857142791,4.61966666666655,-0.46714285714136,257.9,60,26.6524309392265,0
"839","CHEMAINUS RIVER",1976,1976-07-28,210,42,0,1.82,1.95142857142907,2.33214285714244,4.43033333333345,-0.380714285713371,259.72,61,26.6524309392265,0
"840","CHEMAINUS RIVER",1976,1976-07-29,211,43,0,1.89,1.90714285713953,2.21857142857126,4.21199999999953,-0.311428571431731,261.61,62,26.6524309392265,0
"841","CHEMAINUS RIVER",1976,1976-07-30,212,44,0,1.7,1.82714285714402,2.10928571428563,3.97333333333372,-0.28214285714161,263.31,63,26.6524309392265,0
"842","CHEMAINUS RIVER",1976,1976-07-31,213,45,0,1.6,1.760000000001,2.01142857142882,3.77666666666725,-0.251428571427823,264.91,64,26.6524309392265,0
"843","CHEMAINUS RIVER",1976,1976-08-01,214,46,0,1.5,1.69571428571362,1.92642857142865,3.66533333333306,-0.230714285715034,266.41,65,26.6524309392265,0
"844","CHEMAINUS RIVER",1976,1976-08-02,215,47,0,1.44,1.65000000000249,1.85285714285731,3.55766666666702,-0.202857142854814,267.85,66,26.6524309392265,0
"845","CHEMAINUS RIVER",1976,1976-08-03,216,48,0,1.44,1.62714285714485,1.8207142857157,3.3820000000007,-0.193571428570847,269.29,67,26.6524309392265,0
"846","CHEMAINUS RIVER",1976,1976-08-04,217,49,0,1.5,1.58142857142957,1.76642857142932,3.24500000000019,-0.18499999999975,270.79,68,26.6524309392265,0
"847","CHEMAINUS RIVER",1976,1976-08-05,218,50,0,1.44,1.51714285714635,1.71214285714294,3.12033333333384,-0.194999999996591,272.23,69,26.6524309392265,0
"848","CHEMAINUS RIVER",1976,1976-08-06,219,51,0,1.44,1.48000000000216,1.65357142857309,2.9926666666676,-0.17357142857093,273.67,70,26.6524309392265,0
"849","CHEMAINUS RIVER",1976,1976-08-07,220,52,0,1.5,1.46571428571562,1.61285714285831,2.75866666666698,-0.147142857142691,275.17,71,26.6524309392265,0
"850","CHEMAINUS RIVER",1976,1976-08-08,221,53,0,1.5,1.46571428571562,1.58071428571462,2.45200000000089,-0.114999999999002,276.67,72,26.6524309392265,0
"851","CHEMAINUS RIVER",1976,1976-08-09,222,54,0,1.44,1.46571428571146,1.55785714285698,2.2536666666662,-0.0921428571455181,278.11,73,26.6524309392265,0
"852","CHEMAINUS RIVER",1976,1976-08-10,223,55,0,1.44,1.46571428571146,1.54642857142816,2.15733333333337,-0.0807142857166971,279.55,74,26.6524309392265,0
"853","CHEMAINUS RIVER",1976,1976-08-11,224,56,0,1.44,1.45714285714036,1.51928571428497,2.06366666666678,-0.0621428571446032,280.99,75,26.6524309392265,0
"854","CHEMAINUS RIVER",1976,1976-08-12,225,57,0,1.55,1.47285714285681,1.49500000000158,1.97933333333349,-0.0221428571447697,282.54,76,26.6524309392265,0
"855","CHEMAINUS RIVER",1976,1976-08-13,226,58,0,1.7,1.50999999999684,1.4949999999995,1.90566666666612,0.0149999999973389,284.24,77,26.6524309392265,0
"856","CHEMAINUS RIVER",1976,1976-08-14,227,59,0,2.07,1.59142857142641,1.52857142857101,1.85866666666698,0.0628571428553966,286.31,78,26.6524309392265,0
"857","CHEMAINUS RIVER",1976,1976-08-15,228,60,0,2.69,1.76142857142674,1.61357142857118,1.84066666666671,0.147857142855563,289,79,26.6524309392265,0
"858","CHEMAINUS RIVER",1976,1976-08-16,229,61,0,6,2.41285714285914,1.9392857142853,1.94166666666667,0.47357142857384,295,80,26.6524309392265,0
"859","CHEMAINUS RIVER",1976,1976-08-17,230,62,0,5.27,2.96000000000017,2.21285714285581,2.02766666666624,0.747142857144354,300.27,81,26.6524309392265,0
"860","CHEMAINUS RIVER",1976,1976-08-18,231,63,0,3.91,3.31285714285748,2.38499999999892,2.07566666666632,0.927857142858556,304.18,82,26.6524309392265,0
"861","CHEMAINUS RIVER",1976,1976-08-19,232,64,0,3.31,3.56428571428322,2.51857142857002,2.12300000000008,1.0457142857132,307.49,83,26.6524309392265,0
"862","CHEMAINUS RIVER",1976,1976-08-20,233,65,0,3.82,3.86714285714385,2.68857142857035,2.175,1.17857142857351,311.31,84,26.6524309392265,0
"863","CHEMAINUS RIVER",1976,1976-08-21,234,66,0,4.08,4.15428571428389,2.87285714285515,2.23766666666585,1.28142857142874,315.39,85,26.6524309392265,0
"864","CHEMAINUS RIVER",1976,1976-08-22,235,67,0,3.57,4.27999999999884,3.02071428571279,2.28133333333341,1.25928571428605,318.96,86,26.6524309392265,0
"865","CHEMAINUS RIVER",1976,1976-08-23,236,68,0,3.14,3.8714285714294,3.14214285714427,2.31700000000031,0.729285714285132,322.1,87,26.6524309392265,0
"866","CHEMAINUS RIVER",1976,1976-08-24,237,69,0,2.83,3.52285714285764,3.2414285714289,2.34633333333283,0.281428571428738,324.93,88,26.6524309392265,0
"867","CHEMAINUS RIVER",1976,1976-08-25,238,70,0,2.54,3.32714285714402,3.32000000000075,2.37233333333376,0.00714285714327278,327.47,89,26.6524309392265,0
"868","CHEMAINUS RIVER",1976,1976-08-26,239,71,0,2.62,3.22857142857226,3.39642857142774,2.40633333333341,-0.16785714285548,330.09,90,26.6524309392265,0
"869","CHEMAINUS RIVER",1976,1976-08-27,240,72,0,8.52,3.89999999999834,3.8835714285711,2.62966666666616,0.016428571427241,338.61,91,26.6524309392265,0
"870","CHEMAINUS RIVER",1976,1976-08-28,241,73,0,7.5,4.38857142857159,4.27142857142774,2.81666666666667,0.117142857143855,346.11,92,26.6524309392265,0
"871","CHEMAINUS RIVER",1976,1976-08-29,242,74,0,5.44,4.65571428571379,4.46785714285631,2.94133333333302,0.187857142857475,351.55,93,26.6524309392265,0
"872","CHEMAINUS RIVER",1976,1976-08-30,243,75,0,3.74,4.7414285714289,4.30642857142915,3.01266666666682,0.434999999999751,355.29,94,26.6524309392265,0
"873","CHEMAINUS RIVER",1976,1976-08-31,244,76,0,3.23,4.79857142857093,4.16071428571429,3.07033333333287,0.637857142856644,358.52,95,26.6524309392265,0
"874","CHEMAINUS RIVER",1976,1976-09-01,245,77,0,2.92,4.85285714285731,4.09000000000067,3.11966666666655,0.762857142856644,361.44,96,26.6524309392265,0
"875","CHEMAINUS RIVER",1976,1976-09-02,246,78,0,2.54,4.84142857143057,4.03500000000141,3.15633333333341,0.806428571429154,363.98,97,26.6524309392265,0
"876","CHEMAINUS RIVER",1976,1976-09-03,247,79,0,3.06,4.06142857143173,3.98071428571503,3.20833333333333,0.0807142857166974,367.04,98,26.6524309392265,0
"877","CHEMAINUS RIVER",1976,1976-09-04,248,80,0,4.25,3.59714285714602,3.99285714285881,3.30199999999992,-0.395714285712789,371.29,99,26.6524309392265,0
"878","CHEMAINUS RIVER",1976,1976-09-05,249,81,0,4.5,3.46285714285997,4.05928571428688,3.40399999999984,-0.596428571426908,375.79,100,26.6524309392265,0
"879","CHEMAINUS RIVER",1976,1976-09-06,250,82,0,5.1,3.65714285713953,4.19928571428422,3.52399999999907,-0.542142857144686,380.89,101,26.6524309392265,0
"880","CHEMAINUS RIVER",1976,1976-09-07,251,83,0,3.91,3.75428571428555,4.27642857142824,3.60433333333252,-0.522142857142691,384.8,102,26.6524309392265,0
"881","CHEMAINUS RIVER",1976,1976-09-08,252,84,1,3.23,3.79857142857093,4.32571428571412,3.66400000000043,-0.52714285714319,388.03,103,26.6524309392265,0
"882","CHEMAINUS RIVER",1977,1977-06-18,169,1,0,2.17,2.510000000001,3.70785714285739,3.72999999999981,-1.19785714285639,2.17,52,14.6955856353591,0
"883","CHEMAINUS RIVER",1977,1977-06-19,170,2,0,2.11,2.39857142857259,3.4321428571441,3.69100000000035,-1.03357142857151,4.28,53,14.6955856353591,0
"884","CHEMAINUS RIVER",1977,1977-06-20,171,3,0,2.11,2.30000000000083,3.21285714285581,3.65,-0.912857142854981,6.39,54,14.6955856353591,0
"885","CHEMAINUS RIVER",1977,1977-06-21,172,4,0,2.11,2.22285714285681,2.99928571428713,3.58833333333411,-0.776428571430318,8.5,55,14.6955856353591,0
"886","CHEMAINUS RIVER",1977,1977-06-22,173,5,0,2.17,2.17428571428588,2.79642857142816,3.52300000000008,-0.622142857142275,10.67,56,14.6955856353591,0
"887","CHEMAINUS RIVER",1977,1977-06-23,174,6,0,2.11,2.13571428571595,2.60142857142949,3.46766666666663,-0.465714285713537,12.78,57,14.6955856353591,0
"888","CHEMAINUS RIVER",1977,1977-06-24,175,7,0,2.17,2.13571428571179,2.4307142857142,3.42300000000008,-0.295000000002411,14.95,58,14.6955856353591,0
"889","CHEMAINUS RIVER",1977,1977-06-25,176,8,0,2.17,2.13571428571595,2.32285714285847,3.41166666666686,-0.187142857142525,17.12,59,14.6955856353591,0
"890","CHEMAINUS RIVER",1977,1977-06-26,177,9,0,2.11,2.13571428571179,2.26714285714219,3.39833333333275,-0.131428571430401,19.23,60,14.6955856353591,0
"891","CHEMAINUS RIVER",1977,1977-06-27,178,10,0,2.11,2.13571428571595,2.21785714285839,3.3893333333331,-0.0821428571424412,21.34,61,14.6955856353591,0
"892","CHEMAINUS RIVER",1977,1977-06-28,179,11,0,2.04,2.12571428571079,2.1742857142838,3.35933333333329,-0.0485714285730086,23.38,62,14.6955856353591,0
"893","CHEMAINUS RIVER",1977,1977-06-29,180,12,0,2.04,2.10714285714286,2.14071428571437,3.28966666666674,-0.0335714285715119,25.42,63,14.6955856353591,0
"894","CHEMAINUS RIVER",1977,1977-06-30,181,13,0,1.98,2.08857142857076,2.11214285714336,3.20666666666705,-0.023571428572593,27.4,64,14.6955856353591,0
"895","CHEMAINUS RIVER",1977,1977-07-01,182,14,0,1.98,2.06142857142757,2.09857142856968,3.11133333333322,-0.0371428571421086,29.38,65,14.6955856353591,0
"896","CHEMAINUS RIVER",1977,1977-07-02,183,15,0,1.98,2.03428571428438,2.08500000000017,3.02533333333364,-0.0507142857157827,31.36,66,14.6955856353591,0
"897","CHEMAINUS RIVER",1977,1977-07-03,184,16,0,1.87,2,2.0678571428559,2.94133333333302,-0.0678571428558956,33.23,67,14.6955856353591,0
"898","CHEMAINUS RIVER",1977,1977-07-04,185,17,0,1.64,1.93285714285698,2.03428571428646,2.82033333333384,-0.101428571429486,34.87,68,14.6955856353591,0
"899","CHEMAINUS RIVER",1977,1977-07-05,186,18,0,1.2,1.81285714285748,1.96928571428413,2.66133333333322,-0.156428571426659,36.07,69,14.6955856353591,0
"900","CHEMAINUS RIVER",1977,1977-07-06,187,19,0,1.04,1.67000000000033,1.88857142857159,2.52333333333275,-0.218571428571262,37.11,70,14.6955856353591,0
"901","CHEMAINUS RIVER",1977,1977-07-07,188,20,0,1.1,1.54428571428538,1.81642857142807,2.39000000000039,-0.272142857142691,38.21,71,14.6955856353591,0
"902","CHEMAINUS RIVER",1977,1977-07-08,189,21,0,1.04,1.41000000000349,1.73571428571553,2.25766666666702,-0.325714285712041,39.25,72,14.6955856353591,0
"903","CHEMAINUS RIVER",1977,1977-07-09,190,22,0,1.04,1.27571428571329,1.65499999999884,2.13099999999977,-0.379285714285548,40.29,73,14.6955856353591,0
"904","CHEMAINUS RIVER",1977,1977-07-10,191,23,0,0.988,1.14971428571568,1.57485714285784,2.01193333333358,-0.425142857142158,41.278,74,14.6955856353591,0
"905","CHEMAINUS RIVER",1977,1977-07-11,192,24,0,0.988,1.05657142857256,1.49471428571477,1.92220000000088,-0.438142857142209,42.266,75,14.6955856353591,0
"906","CHEMAINUS RIVER",1977,1977-07-12,193,25,0,0.988,1.02628571428691,1.41957142857219,1.85879999999985,-0.393285714285282,43.254,76,14.6955856353591,0
"907","CHEMAINUS RIVER",1977,1977-07-13,194,26,0,0.934,1.01114285714409,1.34057142857221,1.79660000000052,-0.329428571428122,44.188,77,14.6955856353591,0
"908","CHEMAINUS RIVER",1977,1977-07-14,195,27,0,0.934,0.987428571430168,1.26585714285777,1.73940000000002,-0.278428571427607,45.122,78,14.6955856353591,0
"909","CHEMAINUS RIVER",1977,1977-07-15,196,28,0,0.934,0.972285714283186,1.19114285714334,1.68686666666666,-0.218857142860153,46.056,79,14.6955856353591,0
"910","CHEMAINUS RIVER",1977,1977-07-16,197,29,0,0.934,0.95714285714452,1.1164285714289,1.63866666666678,-0.159285714284384,46.99,80,14.6955856353591,0
"911","CHEMAINUS RIVER",1977,1977-07-17,198,30,0,0.886,0.942571428571162,1.04614285714342,1.59586666666631,-0.10357142857226,47.876,81,14.6955856353591,0
"912","CHEMAINUS RIVER",1977,1977-07-18,199,31,0,0.886,0.927999999997805,0.992285714285182,1.55306666666681,-0.0642857142873774,48.762,82,14.6955856353591,0
"913","CHEMAINUS RIVER",1977,1977-07-19,200,32,0,0.838,0.906571428570065,0.966428571428488,1.51066666666593,-0.0598571428584234,49.6,83,14.6955856353591,0
"914","CHEMAINUS RIVER",1977,1977-07-20,201,33,0,0.838,0.892857142857143,0.952000000000615,1.46826666666699,-0.0591428571434724,50.438,84,14.6955856353591,0
"915","CHEMAINUS RIVER",1977,1977-07-21,202,34,0,0.838,0.879142857140063,0.933285714285116,1.42586666666612,-0.0541428571450524,51.276,85,14.6955856353591,0
"916","CHEMAINUS RIVER",1977,1977-07-22,203,35,0,0.79,0.858571428572759,0.915428571427973,1.37986666666693,-0.0568571428552137,52.066,86,14.6955856353591,0
"917","CHEMAINUS RIVER",1977,1977-07-23,204,36,0,0.79,0.838000000001297,0.897571428572909,1.3358666666667,-0.0595714285716116,52.856,87,14.6955856353591,0
"918","CHEMAINUS RIVER",1977,1977-07-24,205,37,0,0.79,0.824285714284217,0.88342857142769,1.28986666666654,-0.0591428571434726,53.646,88,14.6955856353591,0
"919","CHEMAINUS RIVER",1977,1977-07-25,206,38,0,0.646,0.789999999999834,0.858999999998819,1.23906666666638,-0.0689999999989855,54.292,89,14.6955856353591,0
"920","CHEMAINUS RIVER",1977,1977-07-26,207,39,0,0.501,0.741857142857043,0.824214285713554,1.18543333333315,-0.0823571428565109,54.793,90,14.6955856353591,0
"921","CHEMAINUS RIVER",1977,1977-07-27,208,40,0,0.43,0.683571428571928,0.788214285714535,1.12943333333339,-0.104642857142608,55.223,91,14.6955856353591,0
"922","CHEMAINUS RIVER",1977,1977-07-28,209,41,0,0.453,0.628571428570597,0.75385714285533,1.0765333333334,-0.125285714284733,55.676,92,14.6955856353591,0
"923","CHEMAINUS RIVER",1977,1977-07-29,210,42,0,0.408,0.574000000001563,0.716285714287161,1.02213333333396,-0.142285714285598,56.084,93,14.6955856353591,0
"924","CHEMAINUS RIVER",1977,1977-07-30,211,43,0,0.34,0.509714285714186,0.673857142857742,0.96746666666683,-0.164142857143556,56.424,94,14.6955856353591,0
"925","CHEMAINUS RIVER",1977,1977-07-31,212,44,0,0.272,0.43571428571678,0.630000000000499,0.910533333334024,-0.194285714283719,56.696,95,14.6955856353591,0
"926","CHEMAINUS RIVER",1977,1977-08-01,213,45,0,0.227,0.375857142856278,0.582928571428056,0.852099999999821,-0.207071428571778,56.923,96,14.6955856353591,0
"927","CHEMAINUS RIVER",1977,1977-08-02,214,46,0,0.201,0.333000000000798,0.537428571428921,0.796466666666674,-0.204428571428122,57.124,97,14.6955856353591,0
"928","CHEMAINUS RIVER",1977,1977-08-03,215,47,0,0.201,0.300285714283486,0.491928571427707,0.748499999999573,-0.191642857144221,57.325,98,14.6955856353591,0
"929","CHEMAINUS RIVER",1977,1977-08-04,216,48,0,0.201,0.264285714286546,0.446428571428571,0.715200000000186,-0.182142857142026,57.526,99,14.6955856353591,0
"930","CHEMAINUS RIVER",1977,1977-08-05,217,49,0,0.272,0.244857142854016,0.40942857142779,0.689599999999821,-0.164571428573773,57.798,100,14.6955856353591,0
"931","CHEMAINUS RIVER",1977,1977-08-06,218,50,0,0.272,0.23514285713983,0.372428571427008,0.661999999999534,-0.137285714287178,58.07,101,14.6955856353591,0
"932","CHEMAINUS RIVER",1977,1977-08-07,219,51,0,0.272,0.23514285713983,0.335428571428305,0.63639999999917,-0.100285714288475,58.342,102,14.6955856353591,0
"933","CHEMAINUS RIVER",1977,1977-08-08,220,52,0,0.272,0.241571428574389,0.308714285715333,0.610800000000745,-0.0671428571409446,58.614,103,14.6955856353591,0
"934","CHEMAINUS RIVER",1977,1977-08-09,221,53,0,0.272,0.251714285716714,0.292357142858756,0.586933333333582,-0.0406428571420422,58.886,104,14.6955856353591,0
"935","CHEMAINUS RIVER",1977,1977-08-10,222,54,0,0.317,0.268285714285282,0.284285714284384,0.564566666665875,-0.015999999999102,59.203,105,14.6955856353591,0
"936","CHEMAINUS RIVER",1977,1977-08-11,223,55,0,0.249,0.275142857143822,0.269714285715184,0.539933333333465,0.00542857142863795,59.452,106,14.6955856353591,0
"937","CHEMAINUS RIVER",1977,1977-08-12,224,56,0,0.249,0.271857142860037,0.258357142857026,0.51710000000021,0.0135000000030102,59.701,107,14.6955856353591,0
"938","CHEMAINUS RIVER",1977,1977-08-13,225,57,0,0.227,0.265428571429636,0.250285714284733,0.493533333332744,0.0151428571449027,59.928,108,14.6955856353591,0
"939","CHEMAINUS RIVER",1977,1977-08-14,226,58,0,0.227,0.259000000003393,0.247071428571612,0.469966666667218,0.0119285714317812,60.155,109,14.6955856353591,0
"940","CHEMAINUS RIVER",1977,1977-08-15,227,59,0,0.227,0.252571428568834,0.247071428571612,0.446399999999752,0.00549999999722267,60.382,110,14.6955856353591,0
"941","CHEMAINUS RIVER",1977,1977-08-16,228,60,0,0.218,0.244857142854016,0.248285714285365,0.424133333332914,-0.00342857143134875,60.6,111,14.6955856353591,0
"942","CHEMAINUS RIVER",1977,1977-08-17,229,61,0,0.218,0.230714285717113,0.249500000001197,0.401866666667047,-0.0187857142840845,60.818,112,14.6955856353591,0
"943","CHEMAINUS RIVER",1977,1977-08-18,230,62,0,0.218,0.22628571428608,0.250714285714951,0.381200000000535,-0.0244285714288708,61.036,113,14.6955856353591,0
"944","CHEMAINUS RIVER",1977,1977-08-19,231,63,0,0.218,0.221857142855047,0.246857142857542,0.360533333333054,-0.0250000000024946,61.254,114,14.6955856353591,0
"945","CHEMAINUS RIVER",1977,1977-08-20,232,64,0,0.21,0.21942857142754,0.242428571428588,0.339599999999821,-0.0230000000010477,61.464,115,14.6955856353591,0
"946","CHEMAINUS RIVER",1977,1977-08-21,233,65,0,0.218,0.218142857143123,0.238571428573258,0.320533333333636,-0.0204285714301347,61.682,116,14.6955856353591,0
"947","CHEMAINUS RIVER",1977,1977-08-22,234,66,0,0.227,0.218142857143123,0.235357142855979,0.301766666666178,-0.0172142857128555,61.909,117,14.6955856353591,0
"948","CHEMAINUS RIVER",1977,1977-08-23,235,67,0,0.294,0.229000000000399,0.236928571427208,0.285233333333357,-0.00792857142680858,62.203,118,14.6955856353591,0
"949","CHEMAINUS RIVER",1977,1977-08-24,236,68,0,0.34,0.246428571425245,0.238571428571179,0.275033333332976,0.00785714285406616,62.543,119,14.6955856353591,0
"950","CHEMAINUS RIVER",1977,1977-08-25,237,69,0,0.362,0.267000000000865,0.246642857143472,0.270400000000761,0.0203571428573923,62.905,120,14.6955856353591,0
"951","CHEMAINUS RIVER",1977,1977-08-26,238,70,0,0.385,0.290857142856112,0.25635714285558,0.268899999999364,0.0345000000005322,63.29,121,14.6955856353591,0
"952","CHEMAINUS RIVER",1977,1977-08-27,239,71,0,0.501,0.332428571431332,0.275928571429436,0.27050000000066,0.0565000000018959,63.791,122,14.6955856353591,0
"953","CHEMAINUS RIVER",1977,1977-08-28,240,72,0,0.597,0.386571428568069,0.302357142855596,0.276799999999154,0.084214285712473,64.388,123,14.6955856353591,0
"954","CHEMAINUS RIVER",1977,1977-08-29,241,73,0,0.597,0.439428571428704,0.328785714285914,0.285366666666232,0.110642857142791,64.985,124,14.6955856353591,0
"955","CHEMAINUS RIVER",1977,1977-08-30,242,74,0,0.549,0.475857142857941,0.35242857142917,0.294599999999627,0.123428571428771,65.534,125,14.6955856353591,0
"956","CHEMAINUS RIVER",1977,1977-08-31,243,75,0,0.549,0.50571428571545,0.376071428570348,0.30533333333345,0.129642857145102,66.083,126,14.6955856353591,0
"957","CHEMAINUS RIVER",1977,1977-09-01,244,76,0,0.597,0.539285714284883,0.403142857142874,0.318533333333714,0.136142857142009,66.68,127,14.6955856353591,0
"958","CHEMAINUS RIVER",1977,1977-09-02,245,77,0,0.597,0.569571428574688,0.4302142857154,0.331733333333977,0.139357142859288,67.277,128,14.6955856353591,0
"959","CHEMAINUS RIVER",1977,1977-09-03,246,78,0,0.79,0.610857142854781,0.471642857143057,0.351366666666581,0.139214285711725,68.067,129,14.6955856353591,0
"960","CHEMAINUS RIVER",1977,1977-09-04,247,79,0,0.988,0.666714285716547,0.526642857142308,0.375233333333745,0.140071428574239,69.055,130,14.6955856353591,0
"961","CHEMAINUS RIVER",1977,1977-09-05,248,80,0,1.15,0.745714285714452,0.592571428571578,0.40450000000031,0.153142857142874,70.205,131,14.6955856353591,0
"962","CHEMAINUS RIVER",1977,1977-09-06,249,81,0,1.31,0.854428571428538,0.66514285714324,0.439100000000326,0.189285714285299,71.515,132,14.6955856353591,0
"963","CHEMAINUS RIVER",1977,1977-09-07,250,82,0,1.47,0.986000000000266,0.745857142857858,0.479033333332821,0.240142857142408,72.985,133,14.6955856353591,0
"964","CHEMAINUS RIVER",1977,1977-09-08,251,83,0,1.59,1.12785714285565,0.833571428570264,0.522966666666131,0.294285714285382,74.575,134,14.6955856353591,0
"965","CHEMAINUS RIVER",1977,1977-09-09,252,84,0,1.59,1.26971428571103,0.919642857142857,0.565399999999984,0.350071428568169,76.165,135,14.6955856353591,0
"966","CHEMAINUS RIVER",1977,1977-09-10,253,85,1,1.64,1.39114285714459,1.00099999999968,0.61176666666676,0.390142857144903,77.805,136,14.6955856353591,0
"967","CHEMAINUS RIVER",1978,1978-06-18,169,1,0,2.4,3.5014285714299,4.35857142857068,6.51800000000027,-0.857142857140778,2.4,80,14.8523756906077,0
"968","CHEMAINUS RIVER",1978,1978-06-19,170,2,0,2.4,3.41142857142924,4.02428571428546,6.27999999999981,-0.612857142856228,4.8,81,14.8523756906077,0
"969","CHEMAINUS RIVER",1978,1978-06-20,171,3,0,2.4,3.32571428571412,3.73428571428563,6.04199999999934,-0.408571428571511,7.2,82,14.8523756906077,0
"970","CHEMAINUS RIVER",1978,1978-06-21,172,4,0,2.23,2.45142857142907,3.46071428571512,5.79633333333283,-1.00928571428605,9.43,83,14.8523756906077,0
"971","CHEMAINUS RIVER",1978,1978-06-22,173,5,0,1.87,2.34428571428621,3.21571428571354,5.59433333333291,-0.871428571427324,11.3,84,14.8523756906077,0
"972","CHEMAINUS RIVER",1978,1978-06-23,174,6,0,1.68,2.20999999999601,3.01999999999992,5.43899999999946,-0.810000000003908,12.98,85,14.8523756906077,0
"973","CHEMAINUS RIVER",1978,1978-06-24,175,7,0,1.5,2.06857142856877,2.85428571428513,5.29266666666663,-0.785714285716365,14.48,86,14.8523756906077,0
"974","CHEMAINUS RIVER",1978,1978-06-25,176,8,0,1.46,1.93428571428688,2.71785714285839,5.07433333333368,-0.783571428571512,15.94,87,14.8523756906077,0
"975","CHEMAINUS RIVER",1978,1978-06-26,177,9,0,1.41,1.79285714285964,2.60214285714444,4.81566666666671,-0.8092857142848,17.35,88,14.8523756906077,0
"976","CHEMAINUS RIVER",1978,1978-06-27,178,10,0,1.39,1.64857142857259,2.48714285714336,4.47200000000012,-0.838571428570763,18.74,89,14.8523756906077,0
"977","CHEMAINUS RIVER",1978,1978-06-28,179,11,0,1.37,1.52571428571329,1.98857142857118,4.22699999999992,-0.462857142857891,20.11,90,14.8523756906077,0
"978","CHEMAINUS RIVER",1978,1978-06-29,180,12,0,1.35,1.45142857142907,1.89785714285764,3.99366666666659,-0.446428571428571,21.46,91,14.8523756906077,0
"979","CHEMAINUS RIVER",1978,1978-06-30,181,13,0,1.15,1.37571428571495,1.79285714285548,3.76099999999957,-0.417142857140529,22.61,92,14.8523756906077,0
"980","CHEMAINUS RIVER",1978,1978-07-01,182,14,0,1.15,1.32571428571828,1.69714285714352,3.53300000000066,-0.371428571425245,23.76,93,14.8523756906077,0
"981","CHEMAINUS RIVER",1978,1978-07-02,183,15,0,1.13,1.27857142856893,1.60642857142791,3.30833333333333,-0.327857142858972,24.89,94,14.8523756906077,0
"982","CHEMAINUS RIVER",1978,1978-07-03,184,16,0,1.13,1.2385714285691,1.51571428571437,3.07699999999992,-0.277142857145269,26.02,95,14.8523756906077,0
"983","CHEMAINUS RIVER",1978,1978-07-04,185,17,0,1.1,1.19714285714352,1.42285714285806,2.85799999999969,-0.225714285714535,27.12,96,14.8523756906077,0
"984","CHEMAINUS RIVER",1978,1978-07-05,186,18,0,1.1,1.15857142857359,1.34214285714344,2.65866666666698,-0.183571428569849,28.22,97,14.8523756906077,0
"985","CHEMAINUS RIVER",1978,1978-07-06,187,19,0,0.946,1.10085714285794,1.27614285714351,2.47486666666712,-0.175285714285565,29.166,98,14.8523756906077,0
"986","CHEMAINUS RIVER",1978,1978-07-07,188,20,0,0.895,1.0644285714287,1.22007142857183,2.30270000000019,-0.155642857143123,30.061,99,14.8523756906077,0
"987","CHEMAINUS RIVER",1978,1978-07-08,189,21,0,0.844,1.02071428571279,1.17321428571553,2.15416666666667,-0.152500000002744,30.905,100,14.8523756906077,0
"988","CHEMAINUS RIVER",1978,1978-07-09,190,22,0,0.753,0.966857142858706,1.12271428571382,2.03193333333378,-0.155857142855114,31.658,101,14.8523756906077,0
"989","CHEMAINUS RIVER",1978,1978-07-10,191,23,0,0.733,0.91014285714482,1.07435714285696,1.92903333333379,-0.16421428571214,32.391,102,14.8523756906077,0
"990","CHEMAINUS RIVER",1978,1978-07-11,192,24,0,0.745,0.859428571429037,1.02828571428628,1.84153333333379,-0.168857142857243,33.136,103,14.8523756906077,0
"991","CHEMAINUS RIVER",1978,1978-07-12,193,25,0,0.733,0.807000000000698,0.982785714287145,1.76496666666741,-0.175785714286446,33.869,104,14.8523756906077,0
"992","CHEMAINUS RIVER",1978,1978-07-13,194,26,0,0.711,0.773428571427108,0.937142857142525,1.68866666666678,-0.163714285715417,34.58,105,14.8523756906077,0
"993","CHEMAINUS RIVER",1978,1978-07-14,195,27,0,0.668,0.741000000000765,0.902714285714735,1.43260000000009,-0.16171428571397,35.248,106,14.8523756906077,0
"994","CHEMAINUS RIVER",1978,1978-07-15,196,28,0,0.657,0.714285714285714,0.867499999999252,1.36716666666713,-0.153214285713537,35.905,107,14.8523756906077,0
"995","CHEMAINUS RIVER",1978,1978-07-16,197,29,0,0.657,0.700571428572792,0.833714285715749,1.3017333333332,-0.133142857142957,36.562,108,14.8523756906077,0
"996","CHEMAINUS RIVER",1978,1978-07-17,198,30,0,0.651,0.688857142855081,0.79949999999995,1.24043333333296,-0.11064285714487,37.213,109,14.8523756906077,0
"997","CHEMAINUS RIVER",1978,1978-07-18,199,31,0,0.646,0.67471428571402,0.767071428571528,1.18196666666675,-0.0923571428575087,37.859,110,14.8523756906077,0
"998","CHEMAINUS RIVER",1978,1978-07-19,200,32,0,0.634,0.660571428568801,0.73378571428475,1.12309999999998,-0.0732142857159488,38.493,111,14.8523756906077,0
"999","CHEMAINUS RIVER",1978,1978-07-20,201,33,0,0.62,0.64757142857083,0.710499999998969,1.06376666666668,-0.062928571428139,39.113,112,14.8523756906077,0
"1000","CHEMAINUS RIVER",1978,1978-07-21,202,34,0,0.62,0.640714285716448,0.690857142858606,1.01010000000048,-0.0501428571421586,39.733,113,14.8523756906077,0
"1001","CHEMAINUS RIVER",1978,1978-07-22,203,35,0,0.617,0.635000000000998,0.674642857143356,0.968333333333915,-0.0396428571423582,40.35,114,14.8523756906077,0
"1002","CHEMAINUS RIVER",1978,1978-07-23,204,36,0,0.617,0.629285714285548,0.66492857142917,0.932900000000761,-0.0356428571436221,40.967,115,14.8523756906077,0
"1003","CHEMAINUS RIVER",1978,1978-07-24,205,37,0,0.617,0.624428571430534,0.656642857142807,0.903466666667373,-0.0322142857122734,41.584,116,14.8523756906077,0
"1004","CHEMAINUS RIVER",1978,1978-07-25,206,38,0,0.614,0.619857142858174,0.647285714286097,0.875266666666721,-0.0274285714279229,42.198,117,14.8523756906077,0
"1005","CHEMAINUS RIVER",1978,1978-07-26,207,39,0,0.617,0.617428571430667,0.638999999999734,0.848833333333217,-0.021571428569067,42.815,118,14.8523756906077,0
"1006","CHEMAINUS RIVER",1978,1978-07-27,208,40,0,0.623,0.617857142858806,0.632714285714818,0.823266666666799,-0.014857142856012,43.438,119,14.8523756906077,0
"1007","CHEMAINUS RIVER",1978,1978-07-28,209,41,0,0.62,0.617857142854648,0.629285714285548,0.798266666666799,-0.0114285714308998,44.058,120,14.8523756906077,0
"1008","CHEMAINUS RIVER",1978,1978-07-29,210,42,0,0.617,0.617857142854648,0.626428571427823,0.773833333333217,-0.00857142857317483,44.675,121,14.8523756906077,0
"1009","CHEMAINUS RIVER",1978,1978-07-30,211,43,0,0.606,0.616285714283419,0.622785714284484,0.75570000000007,-0.00650000000106432,45.281,122,14.8523756906077,0
"1010","CHEMAINUS RIVER",1978,1978-07-31,212,44,0,0.603,0.614285714284051,0.619357142857292,0.737466666666054,-0.00507142857324128,45.884,123,14.8523756906077,0
"1011","CHEMAINUS RIVER",1978,1978-08-01,213,45,0,0.603,0.612714285712822,0.616285714285498,0.719900000000295,-0.00357142857267589,46.487,124,14.8523756906077,0
"1012","CHEMAINUS RIVER",1978,1978-08-02,214,46,0,0.603,0.610714285713454,0.614071428572061,0.702333333333566,-0.00335714285860633,47.09,125,14.8523756906077,0
"1013","CHEMAINUS RIVER",1978,1978-08-03,215,47,0,0.6,0.607428571429669,0.612642857144237,0.685666666666899,-0.00521428571456839,47.69,126,14.8523756906077,0
"1014","CHEMAINUS RIVER",1978,1978-08-04,216,48,0,0.6,0.604571428574023,0.611214285714336,0.669000000000233,-0.00664285714031254,48.29,127,14.8523756906077,0
"1015","CHEMAINUS RIVER",1978,1978-08-05,217,49,0,0.6,0.602142857142358,0.609999999998503,0.657466666666248,-0.00785714285614492,48.89,128,14.8523756906077,0
"1016","CHEMAINUS RIVER",1978,1978-08-06,218,50,0,0.597,0.600857142857941,0.60857142857068,0.647533333333558,-0.00771428571273902,49.487,129,14.8523756906077,0
"1017","CHEMAINUS RIVER",1978,1978-08-07,219,51,1,0.597,0.600000000001663,0.607142857142857,0.639300000000124,-0.007142857141194,50.084,130,14.8523756906077,0
"1018","CHEMAINUS RIVER",1979,1979-06-18,169,1,0,0.912,2.19585714285911,3.14007142857216,4.96069999999988,-0.944214285713055,0.912,45,18.2364198895028,0
"1019","CHEMAINUS RIVER",1979,1979-06-19,170,2,0,1.01,1.83299999999664,2.86078571428412,4.72936666666646,-1.02778571428748,1.922,46,18.2364198895028,0
"1020","CHEMAINUS RIVER",1979,1979-06-20,171,3,0,1.12,1.49442857143003,2.61721428571452,4.4997000000003,-1.12278571428448,3.042,47,18.2364198895028,0
"1021","CHEMAINUS RIVER",1979,1979-06-21,172,4,0,1.22,1.24157142857439,2.40507142857158,4.27536666666662,-1.16349999999719,4.262,48,18.2364198895028,0
"1022","CHEMAINUS RIVER",1979,1979-06-22,173,5,0,1.35,1.11871428571093,2.22792857142797,4.06236666666615,-1.10921428571705,5.612,49,18.2364198895028,0
"1023","CHEMAINUS RIVER",1979,1979-06-23,174,6,0,1.41,1.13585714285728,2.05935714285754,3.85169999999925,-0.923500000000266,7.022,50,18.2364198895028,0
"1024","CHEMAINUS RIVER",1979,1979-06-24,175,7,0,1.27,1.18457142857369,1.88078571428611,3.6460333333341,-0.696214285712423,8.292,51,18.2364198895028,0
"1025","CHEMAINUS RIVER",1979,1979-06-25,176,8,0,1.17,1.22142857142691,1.70864285714301,3.43803333333344,-0.487214285716098,9.462,52,18.2364198895028,0
"1026","CHEMAINUS RIVER",1979,1979-06-26,177,9,0,0.878,1.20257142857216,1.5177857142844,3.22829999999958,-0.31521428571224,10.34,53,18.2364198895028,0
"1027","CHEMAINUS RIVER",1979,1979-06-27,178,10,0,0.628,1.13228571428252,1.31335714285628,3.03689999999964,-0.181071428573757,10.968,54,18.2364198895028,0
"1028","CHEMAINUS RIVER",1979,1979-06-28,179,11,0,0.604,1.04428571428538,1.14292857142989,2.87536666666662,-0.0986428571445037,11.572,55,18.2364198895028,0
"1029","CHEMAINUS RIVER",1979,1979-06-29,180,12,0,0.593,0.936142857144919,1.02742857142792,2.71546666666691,-0.0912857142830034,12.165,56,18.2364198895028,0
"1030","CHEMAINUS RIVER",1979,1979-06-30,181,13,0,0.578,0.817285714288508,0.976571428572892,2.55606666666669,-0.159285714284384,12.743,57,18.2364198895028,0
"1031","CHEMAINUS RIVER",1979,1979-07-01,182,14,0,0.57,0.717285714282688,0.950928571428189,2.39806666666603,-0.233642857145501,13.313,58,18.2364198895028,0
"1032","CHEMAINUS RIVER",1979,1979-07-02,183,15,0,0.559,0.630000000000499,0.925714285713704,2.24069999999968,-0.295714285713205,13.872,59,18.2364198895028,0
"1033","CHEMAINUS RIVER",1979,1979-07-03,184,16,0,0.57,0.586000000001929,0.894285714287045,2.08569999999988,-0.308285714285116,14.442,60,18.2364198895028,0
"1034","CHEMAINUS RIVER",1979,1979-07-04,185,17,0,0.582,0.579428571430201,0.855857142856361,1.9357666666668,-0.27642857142616,15.024,61,18.2364198895028,0
"1035","CHEMAINUS RIVER",1979,1979-07-05,186,18,0,0.593,0.577857142854815,0.811071428570098,1.79153333333282,-0.233214285715283,15.617,62,18.2364198895028,0
"1036","CHEMAINUS RIVER",1979,1979-07-06,187,19,0,0.597,0.578428571428438,0.757285714286679,1.66043333333315,-0.178857142858241,16.214,63,18.2364198895028,0
"1037","CHEMAINUS RIVER",1979,1979-07-07,188,20,0,0.604,0.582142857140363,0.699714285714435,1.54089999999948,-0.117571428574073,16.818,64,18.2364198895028,0
"1038","CHEMAINUS RIVER",1979,1979-07-08,189,21,0,0.612,0.588142857142624,0.652714285712656,1.43363333333303,-0.0645714285700316,17.43,65,18.2364198895028,0
"1039","CHEMAINUS RIVER",1979,1979-07-09,190,22,0,0.672,0.604285714287211,0.617142857143855,1.3303666666674,-0.012857142856644,18.102,66,18.2364198895028,0
"1040","CHEMAINUS RIVER",1979,1979-07-10,191,23,0,1.17,0.689999999998171,0.63800000000005,1.24369999999957,0.0519999999981208,19.272,67,18.2364198895028,0
"1041","CHEMAINUS RIVER",1979,1979-07-11,192,24,0,1.2,0.77828571428628,0.678857142858241,1.16436666666705,0.0994285714280392,20.472,68,18.2364198895028,0
"1042","CHEMAINUS RIVER",1979,1979-07-12,193,25,0,1.25,0.872142857144354,0.724999999999584,1.0876999999998,0.14714285714477,21.722,69,18.2364198895028,0
"1043","CHEMAINUS RIVER",1979,1979-07-13,194,26,0,1.37,0.982571428570996,0.780499999999717,1.01703333333329,0.202071428571279,23.092,70,18.2364198895028,0
"1044","CHEMAINUS RIVER",1979,1979-07-14,195,27,0,1.65,1.13199999999987,0.857071428570115,0.972366666666737,0.274928571429752,24.742,71,18.2364198895028,0
"1045","CHEMAINUS RIVER",1979,1979-07-15,196,28,0,1.72,1.29028571428665,0.939214285714635,0.956033333332744,0.351071428572011,26.462,72,18.2364198895028,0
"1046","CHEMAINUS RIVER",1979,1979-07-16,197,29,0,1.63,1.42714285714153,1.01571428571437,0.96736666666693,0.411428571427158,28.092,73,18.2364198895028,0
"1047","CHEMAINUS RIVER",1979,1979-07-17,198,30,0,1.54,1.48000000000216,1.08500000000017,0.987733333333745,0.395000000001996,29.632,74,18.2364198895028,0
"1048","CHEMAINUS RIVER",1979,1979-07-18,199,31,0,1.46,1.51714285714219,1.14771428571424,1.00599999999977,0.369428571427956,31.092,75,18.2364198895028,0
"1049","CHEMAINUS RIVER",1979,1979-07-19,200,32,0,1.43,1.54285714285548,1.20749999999992,1.02000000000019,0.335357142855563,32.522,76,18.2364198895028,0
"1050","CHEMAINUS RIVER",1979,1979-07-20,201,33,0,1.37,1.54285714285548,1.26271428571324,1.02833333333256,0.280142857142242,33.892,77,18.2364198895028,0
"1051","CHEMAINUS RIVER",1979,1979-07-21,202,34,0,1.35,1.5,1.31599999999993,1.03266666666605,0.184000000000067,35.242,78,18.2364198895028,0
"1052","CHEMAINUS RIVER",1979,1979-07-22,203,35,0,1.32,1.44285714285797,1.36657142857231,1.03166666666705,0.0762857142856643,36.562,79,18.2364198895028,0
"1053","CHEMAINUS RIVER",1979,1979-07-23,204,36,0,1.32,1.39857142857259,1.41285714285706,1.02866666666717,-0.014285714284467,37.882,80,18.2364198895028,0
"1054","CHEMAINUS RIVER",1979,1979-07-24,205,37,0,1.32,1.36714285714386,1.42357142857301,1.03033333333345,-0.0564285714291535,39.202,81,18.2364198895028,0
"1055","CHEMAINUS RIVER",1979,1979-07-25,206,38,0,1.29,1.34285714285631,1.42999999999925,1.03433333333329,-0.0871428571429402,40.492,82,18.2364198895028,0
"1056","CHEMAINUS RIVER",1979,1979-07-26,207,39,0,0.585,1.22214285714602,1.38250000000075,1.02456666666743,-0.160357142854731,41.077,83,18.2364198895028,0
"1057","CHEMAINUS RIVER",1979,1979-07-27,208,40,0,0.46,1.09214285714552,1.3175000000005,1.01896666666726,-0.225357142854981,41.537,84,18.2364198895028,0
"1058","CHEMAINUS RIVER",1979,1979-07-28,209,41,0,0.449,0.963428571429436,1.23171428571472,1.01379999999966,-0.268285714285282,41.986,85,18.2364198895028,0
"1059","CHEMAINUS RIVER",1979,1979-07-29,210,42,0,0.446,0.838571428570763,1.14071428571437,1.00889999999975,-0.302142857143605,42.432,86,18.2364198895028,0
"1060","CHEMAINUS RIVER",1979,1979-07-30,211,43,0,0.446,0.713714285712091,1.05614285714234,1.00449999999934,-0.342428571430251,42.878,87,18.2364198895028,0
"1061","CHEMAINUS RIVER",1979,1979-07-31,212,44,0,0.443,0.588428571425278,0.977785714284567,1.00026666666672,-0.389357142859288,43.321,88,18.2364198895028,0
"1062","CHEMAINUS RIVER",1979,1979-08-01,213,45,0,0.443,0.467428571428172,0.905142857142242,0.996399999999752,-0.43771428571407,43.764,89,18.2364198895028,0
"1063","CHEMAINUS RIVER",1979,1979-08-02,214,46,0,0.437,0.446285714283087,0.834214285714552,0.991966666666364,-0.387928571431465,44.201,90,18.2364198895028,0
"1064","CHEMAINUS RIVER",1979,1979-08-03,215,47,0,0.435,0.44271428571249,0.767428571429004,0.987066666666457,-0.324714285716514,44.636,91,18.2364198895028,0
"1065","CHEMAINUS RIVER",1979,1979-08-04,216,48,0,0.432,0.440285714284983,0.701857142857209,0.981700000000031,-0.261571428572227,45.068,92,18.2364198895028,0
"1066","CHEMAINUS RIVER",1979,1979-08-05,217,49,0,0.429,0.437857142857475,0.638214285714119,0.97609999999986,-0.200357142856644,45.497,93,18.2364198895028,0
"1067","CHEMAINUS RIVER",1979,1979-08-06,218,50,0,0.426,0.435000000001829,0.57435714285696,0.970166666667016,-0.139357142855131,45.923,94,18.2364198895028,0
"1068","CHEMAINUS RIVER",1979,1979-08-07,219,51,0,0.426,0.432571428574322,0.5104999999998,0.963966666667451,-0.0779285714254781,46.349,95,18.2364198895028,0
"1069","CHEMAINUS RIVER",1979,1979-08-08,220,52,0,0.424,0.429857142860003,0.448642857144088,0.95570000000007,-0.0187857142840844,46.773,96,18.2364198895028,0
"1070","CHEMAINUS RIVER",1979,1979-08-09,221,53,0,0.421,0.427571428573823,0.436928571428455,0.930733333334016,-0.00935714285463163,47.194,97,18.2364198895028,0
"1071","CHEMAINUS RIVER",1979,1979-08-10,222,54,0,0.415,0.42471428571402,0.433714285713255,0.904566666666263,-0.00899999999923495,47.609,98,18.2364198895028,0
"1072","CHEMAINUS RIVER",1979,1979-08-11,223,55,0,0.398,0.419857142859005,0.430071428571994,0.876166666666783,-0.0102142857129885,48.007,99,18.2364198895028,0
"1073","CHEMAINUS RIVER",1979,1979-08-12,224,56,0,0.365,0.410714285714286,0.424285714285881,0.842666666666628,-0.0135714285715949,48.372,100,18.2364198895028,0
"1074","CHEMAINUS RIVER",1979,1979-08-13,225,57,0,0.374,0.40328571428628,0.419142857144055,0.800133333333846,-0.0158571428577748,48.746,101,18.2364198895028,0
"1075","CHEMAINUS RIVER",1979,1979-08-14,226,58,0,0.365,0.394571428569699,0.413571428572011,0.75496666666683,-0.0190000000023117,49.111,102,18.2364198895028,0
"1076","CHEMAINUS RIVER",1979,1979-08-15,227,59,0,0.365,0.38614285713993,0.407999999999967,0.712799999999697,-0.0218571428600366,49.476,103,18.2364198895028,0
"1077","CHEMAINUS RIVER",1979,1979-08-16,228,60,0,0.382,0.380571428569965,0.404071428571894,0.674199999999837,-0.0235000000019291,49.858,104,18.2364198895028,0
"1078","CHEMAINUS RIVER",1979,1979-08-17,229,61,0,0.393,0.377428571431665,0.401071428572842,0.638633333333807,-0.0236428571411774,50.251,105,18.2364198895028,0
"1079","CHEMAINUS RIVER",1979,1979-08-18,230,62,0,0.41,0.379142857140063,0.399499999999534,0.604633333333186,-0.0203571428594712,50.661,106,18.2364198895028,0
"1080","CHEMAINUS RIVER",1979,1979-08-19,231,63,0,0.418,0.386714285713554,0.39871428571392,0.572900000000178,-0.0120000000003658,51.079,107,18.2364198895028,0
"1081","CHEMAINUS RIVER",1979,1979-08-20,232,64,0,0.432,0.394999999997838,0.399142857142059,0.542300000000008,-0.00414285714422086,51.511,108,18.2364198895028,0
"1082","CHEMAINUS RIVER",1979,1979-08-21,233,65,0,0.426,0.403714285714419,0.399142857142059,0.5125,0.00457142857235987,51.937,109,18.2364198895028,0
"1083","CHEMAINUS RIVER",1979,1979-08-22,234,66,0,0.418,0.41128571428791,0.39871428571392,0.482433333333271,0.0125714285739897,52.355,110,18.2364198895028,0
"1084","CHEMAINUS RIVER",1979,1979-08-23,235,67,0,0.407,0.414857142858507,0.397714285714236,0.451999999999922,0.0171428571442707,52.762,111,18.2364198895028,0
"1085","CHEMAINUS RIVER",1979,1979-08-24,236,68,0,0.404,0.416428571425578,0.396928571428621,0.422466666666636,0.0194999999969566,53.166,112,18.2364198895028,0
"1086","CHEMAINUS RIVER",1979,1979-08-25,237,69,1,0.413,0.416857142857875,0.397999999998969,0.416733333332619,0.0188571428589057,53.579,113,18.2364198895028,0
"1087","CHEMAINUS RIVER",1980,1980-06-17,169,1,0,6,6.86142857142841,5.6957142857157,4.96533333333306,1.16571428571271,6,56,23.2732596685083,0
"1088","CHEMAINUS RIVER",1980,1980-06-18,170,2,0,4.81,6.37571428571495,5.77500000000042,4.93066666666709,0.600714285714535,10.81,57,23.2732596685083,0
"1089","CHEMAINUS RIVER",1980,1980-06-19,171,3,0,3.65,5.73285714285781,5.77500000000042,4.85733333333337,-0.0421428571426077,14.46,58,23.2732596685083,0
"1090","CHEMAINUS RIVER",1980,1980-06-20,172,4,0,3.03,5.01428571428655,5.74071428571395,4.76700000000031,-0.726428571427408,17.49,59,23.2732596685083,0
"1091","CHEMAINUS RIVER",1980,1980-06-21,173,5,0,2.87,4.3685714285696,5.68499999999975,4.7023333333326,-1.31642857143015,20.36,60,23.2732596685083,0
"1092","CHEMAINUS RIVER",1980,1980-06-22,174,6,0,2.91,4.02999999999884,5.60714285714286,4.65999999999961,-1.57714285714402,23.27,61,23.2732596685083,0
"1093","CHEMAINUS RIVER",1980,1980-06-23,175,7,0,3.01,3.75428571428555,5.40785714285656,4.6236666666664,-1.65357142857101,26.28,62,23.2732596685083,0
"1094","CHEMAINUS RIVER",1980,1980-06-24,176,8,0,4.81,3.58428571428522,5.22285714285681,4.65433333333349,-1.63857142857159,31.09,63,23.2732596685083,0
"1095","CHEMAINUS RIVER",1980,1980-06-25,177,9,0,5.64,3.70285714285481,5.03928571428488,4.71599999999938,-1.33642857143007,36.73,64,23.2732596685083,0
"1096","CHEMAINUS RIVER",1980,1980-06-26,178,10,0,6.47,4.10571428571296,4.91928571428538,4.80399999999984,-0.813571428572426,43.2,65,23.2732596685083,0
"1097","CHEMAINUS RIVER",1980,1980-06-27,179,11,0,6.42,4.59000000000067,4.80214285714361,4.89366666666659,-0.212142857142941,49.62,66,23.2732596685083,0
"1098","CHEMAINUS RIVER",1980,1980-06-28,180,12,0,6.31,5.08142857142957,4.72499999999958,4.97566666666632,0.356428571429985,55.93,67,23.2732596685083,0
"1099","CHEMAINUS RIVER",1980,1980-06-29,181,13,0,6,5.52285714285764,4.77642857142824,5.04366666666659,0.746428571429402,61.93,68,23.2732596685083,0
"1100","CHEMAINUS RIVER",1980,1980-06-30,182,14,0,4.81,5.77999999999884,4.76714285714219,5.06933333333291,1.01285714285664,66.74,69,23.2732596685083,0
"1101","CHEMAINUS RIVER",1980,1980-07-01,183,15,0,5.12,5.82428571428422,4.70428571428472,5.10833333333333,1.1199999999995,71.86,70,23.2732596685083,0
"1102","CHEMAINUS RIVER",1980,1980-07-02,184,16,0,4.96,5.72714285714652,4.71500000000067,5.14533333333384,1.01214285714585,76.82,71,23.2732596685083,0
"1103","CHEMAINUS RIVER",1980,1980-07-03,185,17,0,11.6,6.46000000000017,5.28285714285656,5.40533333333345,1.1771428571436,88.42,72,23.2732596685083,0
"1104","CHEMAINUS RIVER",1980,1980-07-04,186,18,0,15.4,7.74285714285881,6.16642857142974,5.79533333333384,1.57642857142907,103.82,73,23.2732596685083,0
"1105","CHEMAINUS RIVER",1980,1980-07-05,187,19,0,13.4,8.75571428571545,6.91857142857251,6.12033333333384,1.83714285714294,117.22,74,23.2732596685083,0
"1106","CHEMAINUS RIVER",1980,1980-07-06,188,20,0,9.54,9.26142857142674,7.39214285714219,6.32133333333283,1.86928571428455,126.76,75,23.2732596685083,0
"1107","CHEMAINUS RIVER",1980,1980-07-07,189,21,0,9.04,9.86571428571395,7.82285714285639,6.50099999999996,2.04285714285756,135.8,76,23.2732596685083,0
"1108","CHEMAINUS RIVER",1980,1980-07-08,190,22,0,6.93,10.124285714285,7.97428571428463,6.59866666666639,2.15000000000042,142.73,77,23.2732596685083,0
"1109","CHEMAINUS RIVER",1980,1980-07-09,191,23,0,6.75,10.3799999999963,8.05357142857143,6.63033333333248,2.32642857142491,149.48,78,23.2732596685083,0
"1110","CHEMAINUS RIVER",1980,1980-07-10,192,24,0,6.67,9.67571428571578,8.06785714285797,6.60599999999977,1.60785714285781,156.15,79,23.2732596685083,0
"1111","CHEMAINUS RIVER",1980,1980-07-11,193,25,0,6.6,8.41857142857043,8.08071428571462,6.55233333333357,0.337857142855812,162.75,80,23.2732596685083,0
"1112","CHEMAINUS RIVER",1980,1980-07-12,194,26,0,5.59,7.30285714285648,8.02928571428596,6.46700000000031,-0.726428571429486,168.34,81,23.2732596685083,0
"1113","CHEMAINUS RIVER",1980,1980-07-13,195,27,0,4.39,6.56714285714302,7.91428571428488,6.34466666666655,-1.34714285714186,172.73,82,23.2732596685083,0
"1114","CHEMAINUS RIVER",1980,1980-07-14,196,28,0,4.28,5.88714285714169,7.87642857142782,6.24099999999938,-1.98928571428613,177.01,83,23.2732596685083,0
"1115","CHEMAINUS RIVER",1980,1980-07-15,197,29,0,4.47,5.53571428571429,7.82999999999967,6.21399999999946,-2.29428571428538,181.48,84,23.2732596685083,0
"1116","CHEMAINUS RIVER",1980,1980-07-16,198,30,0,3.98,5.1400000000015,7.75999999999892,6.18199999999973,-2.61999999999742,185.46,85,23.2732596685083,0
"1117","CHEMAINUS RIVER",1980,1980-07-17,199,31,0,3.48,4.68428571428688,7.18000000000133,6.09800000000008,-2.49571428571445,188.94,86,23.2732596685083,0
"1118","CHEMAINUS RIVER",1980,1980-07-18,200,32,0,2.91,4.15714285714369,6.28785714285706,6.03466666666694,-2.13071428571337,191.85,87,23.2732596685083,0
"1119","CHEMAINUS RIVER",1980,1980-07-19,201,33,0,2.97,3.78285714285864,5.54285714285756,6.0120000000005,-1.75999999999892,194.82,88,23.2732596685083,0
"1120","CHEMAINUS RIVER",1980,1980-07-20,202,34,0,3.07,3.59428571428621,5.08071428571462,6.01333333333314,-1.48642857142841,197.89,89,23.2732596685083,0
"1121","CHEMAINUS RIVER",1980,1980-07-21,203,35,0,3.16,3.43428571428688,4.66071428571429,6.02300000000008,-1.22642857142741,201.05,90,23.2732596685083,0
"1122","CHEMAINUS RIVER",1980,1980-07-22,204,36,0,3.09,3.23714285714336,4.38642857142882,6.02899999999984,-1.14928571428546,204.14,91,23.2732596685083,0
"1123","CHEMAINUS RIVER",1980,1980-07-23,205,37,0,2.44,3.01714285714219,4.07857142857184,6.00999999999961,-1.06142857142965,206.58,92,23.2732596685083,0
"1124","CHEMAINUS RIVER",1980,1980-07-24,206,38,0,2.42,2.86571428571395,3.77500000000042,5.93033333333345,-0.909285714286463,209,93,23.2732596685083,0
"1125","CHEMAINUS RIVER",1980,1980-07-25,207,39,0,2.16,2.7585714285711,3.45785714285739,5.81433333333407,-0.699285714286296,211.16,94,23.2732596685083,0
"1126","CHEMAINUS RIVER",1980,1980-07-26,208,40,0,1.8,2.59142857142641,3.18714285714252,5.65866666666698,-0.595714285716115,212.96,95,23.2732596685083,0
"1127","CHEMAINUS RIVER",1980,1980-07-27,209,41,0,1.74,2.40142857142824,2.99785714285723,5.50266666666624,-0.596428571428987,214.7,96,23.2732596685083,0
"1128","CHEMAINUS RIVER",1980,1980-07-28,210,42,0,1.58,2.17571428571578,2.80500000000133,5.34500000000019,-0.629285714285548,216.28,97,23.2732596685083,0
"1129","CHEMAINUS RIVER",1980,1980-07-29,211,43,0,1.45,1.94142857142807,2.58928571428571,5.19333333333295,-0.647857142857642,217.73,98,23.2732596685083,0
"1130","CHEMAINUS RIVER",1980,1980-07-30,212,44,0,1.59,1.82000000000283,2.41857142857251,5.08600000000054,-0.598571428569682,219.32,99,23.2732596685083,0
"1131","CHEMAINUS RIVER",1980,1980-07-31,213,45,0,1.42,1.67714285714153,2.27142857142774,4.96266666666682,-0.594285714286213,220.74,100,23.2732596685083,0
"1132","CHEMAINUS RIVER",1980,1980-08-01,214,46,0,1.56,1.59142857142641,2.17499999999875,4.84933333333271,-0.583571428572343,222.3,101,23.2732596685083,0
"1133","CHEMAINUS RIVER",1980,1980-08-02,215,47,0,1.56,1.55714285714203,2.07428571428422,4.51466666666674,-0.517142857142192,223.86,102,23.2732596685083,0
"1134","CHEMAINUS RIVER",1980,1980-08-03,216,48,0,1.37,1.50428571428555,1.95285714285689,4.04699999999915,-0.448571428571346,225.23,103,23.2732596685083,0
"1135","CHEMAINUS RIVER",1980,1980-08-04,217,49,0,1.3,1.46428571428571,1.82000000000075,3.64366666666659,-0.355714285715034,226.53,104,23.2732596685083,0
"1136","CHEMAINUS RIVER",1980,1980-08-05,218,50,1,1.37,1.45285714285897,1.69714285714352,3.3713333333338,-0.24428571428455,227.9,105,23.2732596685083,0
"1137","CHEMAINUS RIVER",1981,1981-06-18,169,1,0,7.24,7.27428571428754,9.62214285714435,7.39366666666659,-2.34785714285681,7.24,65,20.1368508287293,0
"1138","CHEMAINUS RIVER",1981,1981-06-19,170,2,0,8.37,6.85571428571296,9.74928571428505,7.47400000000004,-2.89357142857209,15.61,66,20.1368508287293,0
"1139","CHEMAINUS RIVER",1981,1981-06-20,171,3,0,15.3,7.6271428571407,10.0707142857136,7.78733333333318,-2.44357142857293,30.91,67,20.1368508287293,0
"1140","CHEMAINUS RIVER",1981,1981-06-21,172,4,0,14.4,8.87000000000366,10.163571428572,8.07533333333364,-1.29357142856835,45.31,68,20.1368508287293,0
"1141","CHEMAINUS RIVER",1981,1981-06-22,173,5,0,13.3,9.97000000000116,10.163571428572,8.33066666666709,-0.193571428570847,58.61,69,20.1368508287293,0
"1142","CHEMAINUS RIVER",1981,1981-06-23,174,6,0,13.4,11.095714285712,10.1564285714287,8.58066666666612,0.939285714283221,72.01,70,20.1368508287293,0
"1143","CHEMAINUS RIVER",1981,1981-06-24,175,7,0,10.9,11.8442857142862,9.93499999999975,8.74933333333271,1.90928571428646,82.91,71,20.1368508287293,0
"1144","CHEMAINUS RIVER",1981,1981-06-25,176,8,0,8.21,11.9828571428578,9.62857142857268,8.83100000000074,2.35428571428513,91.12,72,20.1368508287293,0
"1145","CHEMAINUS RIVER",1981,1981-06-26,177,9,0,7.91,11.9171428571405,9.38642857142674,8.90466666666616,2.53071428571379,99.03,73,20.1368508287293,0
"1146","CHEMAINUS RIVER",1981,1981-06-27,178,10,0,6.61,10.6757142857158,9.15142857142824,8.93833333333314,1.52428571428754,105.64,74,20.1368508287293,0
"1147","CHEMAINUS RIVER",1981,1981-06-28,179,11,0,5.92,9.46428571428571,9.16714285714469,8.94700000000012,0.297142857141028,111.56,75,20.1368508287293,0
"1148","CHEMAINUS RIVER",1981,1981-06-29,180,12,0,5.76,8.38714285714169,9.17857142857143,8.95899999999965,-0.791428571429735,117.32,76,20.1368508287293,0
"1149","CHEMAINUS RIVER",1981,1981-06-30,181,13,0,5.3,7.23000000000216,9.16285714285706,8.95900000000062,-1.9328571428549,122.62,77,20.1368508287293,0
"1150","CHEMAINUS RIVER",1981,1981-07-01,182,14,0,4.4,6.30142857143073,9.07285714285847,8.94700000000012,-2.77142857142774,127.02,78,20.1368508287293,0
"1151","CHEMAINUS RIVER",1981,1981-07-02,183,15,0,3.74,5.66285714285498,8.82285714285639,8.92699999999992,-3.16000000000141,130.76,79,20.1368508287293,0
"1152","CHEMAINUS RIVER",1981,1981-07-03,184,16,0,4.07,5.11428571428821,8.51571428571437,8.91266666666682,-3.40142857142616,134.83,80,20.1368508287293,0
"1153","CHEMAINUS RIVER",1981,1981-07-04,185,17,0,3.58,4.68142857142707,7.67857142857143,8.86266666666682,-2.99714285714435,138.41,81,20.1368508287293,0
"1154","CHEMAINUS RIVER",1981,1981-07-05,186,18,0,3.44,4.32714285713986,6.89571428571279,8.75766666666605,-2.56857142857293,141.85,82,20.1368508287293,0
"1155","CHEMAINUS RIVER",1981,1981-07-06,187,19,0,3.23,3.96571428571562,6.17642857142865,8.50533333333345,-2.21071428571304,145.08,83,20.1368508287293,0
"1156","CHEMAINUS RIVER",1981,1981-07-07,188,20,0,3.11,3.65285714285398,5.44142857142807,8.17233333333279,-1.78857142857409,148.19,84,20.1368508287293,0
"1157","CHEMAINUS RIVER",1981,1981-07-08,189,21,0,3.02,3.45571428571462,4.87857142857268,7.82966666666713,-1.42285714285806,151.21,85,20.1368508287293,0
"1158","CHEMAINUS RIVER",1981,1981-07-09,190,22,0,2.83,3.32571428571412,4.49428571428455,7.47400000000004,-1.16857142857043,154.04,86,20.1368508287293,0
"1159","CHEMAINUS RIVER",1981,1981-07-10,191,23,0,2.77,3.1400000000015,4.12714285714485,7.09966666666733,-0.987142857143356,156.81,87,20.1368508287293,0
"1160","CHEMAINUS RIVER",1981,1981-07-11,192,24,0,2.76,3.02285714285764,3.85214285714236,6.775,-0.829285714284716,159.57,88,20.1368508287293,0
"1161","CHEMAINUS RIVER",1981,1981-07-12,193,25,0,2.73,2.92142857143023,3.62428571428505,6.4893333333331,-0.702857142854814,162.3,89,20.1368508287293,0
"1162","CHEMAINUS RIVER",1981,1981-07-13,194,26,0,2.68,2.84285714285631,3.40428571428596,6.2486666666664,-0.561428571429653,164.98,90,20.1368508287293,0
"1163","CHEMAINUS RIVER",1981,1981-07-14,195,27,0,2.65,2.77714285714319,3.21499999999859,6.14700000000012,-0.437857142855397,167.63,91,20.1368508287293,0
"1164","CHEMAINUS RIVER",1981,1981-07-15,196,28,0,2.27,2.67000000000033,3.06285714285748,6.03600000000054,-0.392857142857143,169.9,92,20.1368508287293,0
"1165","CHEMAINUS RIVER",1981,1981-07-16,197,29,0,1.98,2.54857142857093,2.93714285714252,5.9179999999993,-0.388571428571595,171.88,93,20.1368508287293,0
"1166","CHEMAINUS RIVER",1981,1981-07-17,198,30,0,1.96,2.43285714285698,2.78642857142924,5.79466666666752,-0.35357142857226,173.84,94,20.1368508287293,0
"1167","CHEMAINUS RIVER",1981,1981-07-18,199,31,0,1.93,2.31428571428738,2.66857142857251,5.61766666666663,-0.354285714285132,175.77,95,20.1368508287293,0
"1168","CHEMAINUS RIVER",1981,1981-07-19,200,32,0,1.87,2.19142857142807,2.55642857142915,5.40099999999996,-0.365000000001081,177.64,96,20.1368508287293,0
"1169","CHEMAINUS RIVER",1981,1981-07-20,201,33,0,1.89,2.07857142856977,2.46071428571304,4.95399999999985,-0.382142857143273,179.53,97,20.1368508287293,0
"1170","CHEMAINUS RIVER",1981,1981-07-21,202,34,0,1.83,1.96142857143007,2.36928571428663,4.53499999999961,-0.407857142856561,181.36,98,20.1368508287293,0
"1171","CHEMAINUS RIVER",1981,1981-07-22,203,35,0,1.77,1.88999999999734,2.27999999999884,4.15066666666632,-0.390000000001497,183.13,99,20.1368508287293,0
"1172","CHEMAINUS RIVER",1981,1981-07-23,204,36,0,1.72,1.85285714285731,2.20071428571412,3.76133333333322,-0.34785714285681,184.85,100,20.1368508287293,0
"1173","CHEMAINUS RIVER",1981,1981-07-24,205,37,0,1.73,1.81999999999867,2.12642857142782,3.45566666666709,-0.306428571429153,186.58,101,20.1368508287293,0
"1174","CHEMAINUS RIVER",1981,1981-07-25,206,38,0,1.29,1.72857142857226,2.02142857142982,3.225,-0.292857142857559,187.87,102,20.1368508287293,0
"1175","CHEMAINUS RIVER",1981,1981-07-26,207,39,0,0.95,1.59714285714186,1.89428571428497,2.99300000000027,-0.297142857143107,188.82,103,20.1368508287293,0
"1176","CHEMAINUS RIVER",1981,1981-07-27,208,40,0,0.748,1.43400000000007,1.75628571428492,2.79759999999951,-0.322285714284849,189.568,104,20.1368508287293,0
"1177","CHEMAINUS RIVER",1981,1981-07-28,209,41,0,1.09,1.32828571428711,1.64485714285859,2.63659999999994,-0.316571428571478,190.658,105,20.1368508287293,0
"1178","CHEMAINUS RIVER",1981,1981-07-29,210,42,0,1.26,1.25542857142864,1.57271428571299,2.48659999999994,-0.317285714284351,191.918,106,20.1368508287293,0
"1179","CHEMAINUS RIVER",1981,1981-07-30,211,43,0,1.19,1.17971428571452,1.51628571428591,2.34959999999943,-0.336571428571395,193.108,107,20.1368508287293,0
"1180","CHEMAINUS RIVER",1981,1981-07-31,212,44,0,1.17,1.09971428571485,1.45985714285676,2.24193333333339,-0.360142857141909,194.278,108,20.1368508287293,0
"1181","CHEMAINUS RIVER",1981,1981-08-01,213,45,0,1.14,1.07828571428295,1.40342857142761,2.15526666666653,-0.325142857144653,195.418,109,20.1368508287293,0
"1182","CHEMAINUS RIVER",1981,1981-08-02,214,46,0,1.11,1.10114285714475,1.34914285714331,2.05660000000013,-0.247999999998553,196.528,110,20.1368508287293,0
"1183","CHEMAINUS RIVER",1981,1981-08-03,215,47,0,1.09,1.15000000000249,1.29200000000128,1.97360000000044,-0.141999999998786,197.618,111,20.1368508287293,0
"1184","CHEMAINUS RIVER",1981,1981-08-04,216,48,0,1.06,1.14571428571279,1.23699999999995,1.89426666666695,-0.0912857142871613,198.678,112,20.1368508287293,0
"1185","CHEMAINUS RIVER",1981,1981-08-05,217,49,1,1.03,1.11285714285831,1.18414285714347,1.82093333333323,-0.0712857142851655,199.708,113,20.1368508287293,0
"1186","CHEMAINUS RIVER",1982,1982-06-18,169,1,0,6.79,7.04285714285548,7.85500000000008,11.0889999999995,-0.812142857144603,6.79,55,24.0191712707182,0
"1187","CHEMAINUS RIVER",1982,1982-06-19,170,2,0,6.32,6.88571428571595,7.70785714285739,10.7863333333332,-0.822142857141444,13.11,56,24.0191712707182,0
"1188","CHEMAINUS RIVER",1982,1982-06-20,171,3,0,5.26,6.60285714285731,7.39499999999992,10.475,-0.792142857142608,18.37,57,24.0191712707182,0
"1189","CHEMAINUS RIVER",1982,1982-06-21,172,4,0,4.49,6.23571428571345,7.04428571428538,10.1446666666666,-0.808571428571927,22.86,58,24.0191712707182,0
"1190","CHEMAINUS RIVER",1982,1982-06-22,173,5,0,4.4,5.87285714285515,6.71285714285581,9.81800000000027,-0.840000000000665,27.26,59,24.0191712707182,0
"1191","CHEMAINUS RIVER",1982,1982-06-23,174,6,0,4.3,5.48714285714336,6.40000000000042,9.48133333333341,-0.91285714285706,31.56,60,24.0191712707182,0
"1192","CHEMAINUS RIVER",1982,1982-06-24,175,7,0,4.22,5.11142857143256,6.1264285714299,9.14533333333384,-1.01499999999734,35.78,61,24.0191712707182,0
"1193","CHEMAINUS RIVER",1982,1982-06-25,176,8,0,4.27,4.7514285714299,5.89714285714269,8.81100000000054,-1.14571428571279,40.05,62,24.0191712707182,0
"1194","CHEMAINUS RIVER",1982,1982-06-26,177,9,0,4.3,4.46285714285581,5.67428571428588,8.48433333333329,-1.21142857143007,44.35,63,24.0191712707182,0
"1195","CHEMAINUS RIVER",1982,1982-06-27,178,10,0,6.65,4.66142857142508,5.63214285714119,8.2393333333331,-0.970714285716116,51,64,24.0191712707182,0
"1196","CHEMAINUS RIVER",1982,1982-06-28,179,11,0,6.36,4.92857142857143,5.58214285714244,7.98466666666694,-0.653571428571013,57.36,65,24.0191712707182,0
"1197","CHEMAINUS RIVER",1982,1982-06-29,180,12,0,4.9,5,5.43642857142757,7.68466666666694,-0.436428571427574,62.26,66,24.0191712707182,0
"1198","CHEMAINUS RIVER",1982,1982-06-30,181,13,0,4.22,4.9885714285691,5.23785714285623,7.36533333333306,-0.249285714287128,66.48,67,24.0191712707182,0
"1199","CHEMAINUS RIVER",1982,1982-07-01,182,14,0,3.57,4.89571428571279,5.00357142857268,7.02766666666721,-0.107857142859887,70.05,68,24.0191712707182,0
"1200","CHEMAINUS RIVER",1982,1982-07-02,183,15,0,3.45,4.77857142856893,4.76499999999942,6.67599999999996,0.0135714285695157,73.5,69,24.0191712707182,0
"1201","CHEMAINUS RIVER",1982,1982-07-03,184,16,0,3.65,4.68571428571678,4.5742857142863,6.35433333333349,0.111428571430483,77.15,70,24.0191712707182,0
"1202","CHEMAINUS RIVER",1982,1982-07-04,185,17,0,4.23,4.34000000000067,4.50071428571287,6.15199999999992,-0.160714285712207,81.38,71,24.0191712707182,0
"1203","CHEMAINUS RIVER",1982,1982-07-05,186,18,0,4.28,4.04285714285548,4.48571428571345,6.01533333333306,-0.442857142857974,85.66,72,24.0191712707182,0
"1204","CHEMAINUS RIVER",1982,1982-07-06,187,19,0,4.13,3.93285714285698,4.46642857142849,5.83166666666608,-0.533571428571511,89.79,73,24.0191712707182,0
"1205","CHEMAINUS RIVER",1982,1982-07-07,188,20,0,3.86,3.8814285714304,4.43499999999975,5.64700000000012,-0.55357142856935,93.65,74,24.0191712707182,0
"1206","CHEMAINUS RIVER",1982,1982-07-08,189,21,0,3.54,3.87714285714069,4.38642857142674,5.46366666666581,-0.509285714286047,97.19,75,24.0191712707182,0
"1207","CHEMAINUS RIVER",1982,1982-07-09,190,22,0,3.45,3.87714285714485,4.32785714285689,5.2893333333331,-0.45071428571204,100.64,76,24.0191712707182,0
"1208","CHEMAINUS RIVER",1982,1982-07-10,191,23,0,3.42,3.84428571428621,4.2650000000015,5.13500000000058,-0.420714285715284,104.06,77,24.0191712707182,0
"1209","CHEMAINUS RIVER",1982,1982-07-11,192,24,0,3.35,3.71857142857126,4.02928571428596,4.99733333333279,-0.310714285714701,107.41,78,24.0191712707182,0
"1210","CHEMAINUS RIVER",1982,1982-07-12,193,25,0,3.31,3.57999999999967,3.81142857142757,4.86033333333326,-0.231428571427906,110.72,79,24.0191712707182,0
"1211","CHEMAINUS RIVER",1982,1982-07-13,194,26,0,3.25,3.45428571428472,3.69357142857085,4.7273333333326,-0.23928571428613,113.97,80,24.0191712707182,0
"1212","CHEMAINUS RIVER",1982,1982-07-14,195,27,0,3.26,3.3685714285696,3.625,4.60066666666632,-0.256428571430401,117.23,81,24.0191712707182,0
"1213","CHEMAINUS RIVER",1982,1982-07-15,196,28,0,2.94,3.28285714285864,3.57999999999967,4.46733333333298,-0.297142857141028,120.17,82,24.0191712707182,0
"1214","CHEMAINUS RIVER",1982,1982-07-16,197,29,0,2.31,3.1199999999995,3.49857142857218,4.31099999999957,-0.378571428572676,122.48,83,24.0191712707182,0
"1215","CHEMAINUS RIVER",1982,1982-07-17,198,30,0,2.05,2.92428571428588,3.38428571428605,4.15100000000093,-0.460000000000166,124.53,84,24.0191712707182,0
"1216","CHEMAINUS RIVER",1982,1982-07-18,199,31,0,1.85,2.71000000000017,3.21428571428571,3.98633333333322,-0.504285714285548,126.38,85,24.0191712707182,0
"1217","CHEMAINUS RIVER",1982,1982-07-19,200,32,0,1.81,2.49571428571445,3.03785714285706,3.83599999999957,-0.542142857142608,128.19,86,24.0191712707182,0
"1218","CHEMAINUS RIVER",1982,1982-07-20,201,33,0,1.71,2.27571428571745,2.86500000000108,3.71766666666663,-0.589285714283636,129.9,87,24.0191712707182,0
"1219","CHEMAINUS RIVER",1982,1982-07-21,202,34,0,1.68,2.05000000000083,2.70928571428522,3.62400000000004,-0.659285714284384,131.58,88,24.0191712707182,0
"1220","CHEMAINUS RIVER",1982,1982-07-22,203,35,0,1.61,1.8599999999985,2.57142857142857,3.53099999999977,-0.711428571430068,133.19,89,24.0191712707182,0
"1221","CHEMAINUS RIVER",1982,1982-07-23,204,36,0,1.47,1.739999999999,2.42999999999925,3.43666666666589,-0.690000000000249,134.66,90,24.0191712707182,0
"1222","CHEMAINUS RIVER",1982,1982-07-24,205,37,0,1.25,1.62571428571079,2.27499999999834,3.33766666666585,-0.649285714287543,135.91,91,24.0191712707182,0
"1223","CHEMAINUS RIVER",1982,1982-07-25,206,38,0,1.2,1.53285714285864,2.1214285714294,3.23533333333326,-0.588571428570763,137.11,92,24.0191712707182,0
"1224","CHEMAINUS RIVER",1982,1982-07-26,207,39,0,1.16,1.44000000000233,1.96785714285839,3.13066666666709,-0.527857142856062,138.27,93,24.0191712707182,0
"1225","CHEMAINUS RIVER",1982,1982-07-27,208,40,0,1.13,1.35714285714286,1.81642857143015,2.94666666666744,-0.459285714287294,139.4,94,24.0191712707182,0
"1226","CHEMAINUS RIVER",1982,1982-07-28,209,41,0,1.12,1.27714285714319,1.66357142857201,2.77200000000012,-0.386428571428821,140.52,95,24.0191712707182,0
"1227","CHEMAINUS RIVER",1982,1982-07-29,210,42,0,1.1,1.20428571428887,1.53214285714369,2.64533333333384,-0.327857142854814,141.62,96,24.0191712707182,0
"1228","CHEMAINUS RIVER",1982,1982-07-30,211,43,0,1.09,1.15000000000249,1.44500000000075,2.54100000000035,-0.294999999998254,142.71,97,24.0191712707182,0
"1229","CHEMAINUS RIVER",1982,1982-07-31,212,44,0,1.08,1.12571428571495,1.37571428571287,2.45799999999969,-0.249999999997921,143.79,98,24.0191712707182,0
"1230","CHEMAINUS RIVER",1982,1982-08-01,213,45,0,1.07,1.10714285714286,1.32000000000075,2.37866666666717,-0.212857142857891,144.86,99,24.0191712707182,0
"1231","CHEMAINUS RIVER",1982,1982-08-02,214,46,0,1.04,1.09000000000067,1.2650000000015,2.29166666666667,-0.175000000000831,145.9,100,24.0191712707182,0
"1232","CHEMAINUS RIVER",1982,1982-08-03,215,47,0,1.02,1.07428571428422,1.21571428571354,2.18466666666694,-0.14142857142932,146.92,101,24.0191712707182,0
"1233","CHEMAINUS RIVER",1982,1982-08-04,216,48,0,0.985,1.05500000000133,1.16607142857226,2.07483333333415,-0.11107142857093,147.905,102,24.0191712707182,0
"1234","CHEMAINUS RIVER",1982,1982-08-05,217,49,0,0.959,1.03485714285385,1.11957142857136,1.96913333333311,-0.0847142857175121,148.864,103,24.0191712707182,0
"1235","CHEMAINUS RIVER",1982,1982-08-06,218,50,0,0.899,1.00757142856933,1.07878571428591,1.87043333333277,-0.0712142857165807,149.763,104,24.0191712707182,0
"1236","CHEMAINUS RIVER",1982,1982-08-07,219,51,0,0.836,0.972714285715483,1.04921428571522,1.78030000000047,-0.076499999999734,150.599,105,24.0191712707182,0
"1237","CHEMAINUS RIVER",1982,1982-08-08,220,52,0,0.836,0.939285714287377,1.02321428571512,1.69316666666709,-0.0839285714277398,151.435,106,24.0191712707182,0
"1238","CHEMAINUS RIVER",1982,1982-08-09,221,53,0,0.814,0.906999999998204,0.998499999999435,1.60629999999946,-0.0915000000012306,152.249,107,24.0191712707182,0
"1239","CHEMAINUS RIVER",1982,1982-08-10,222,54,0,0.796,0.875,0.974642857142109,1.52116666666698,-0.0996428571421087,153.045,108,24.0191712707182,0
"1240","CHEMAINUS RIVER",1982,1982-08-11,223,55,0,0.847,0.855285714284816,0.955142857143073,1.43906666666735,-0.0998571428582571,153.892,109,24.0191712707182,0
"1241","CHEMAINUS RIVER",1982,1982-08-12,224,56,0,0.822,0.835714285715117,0.935285714284484,1.35813333333354,-0.0995714285693663,154.714,110,24.0191712707182,0
"1242","CHEMAINUS RIVER",1982,1982-08-13,225,57,0,0.792,0.820428571430966,0.91400000000015,1.27586666666709,-0.0935714285691834,155.506,111,24.0191712707182,0
"1243","CHEMAINUS RIVER",1982,1982-08-14,226,58,0,0.77,0.810999999999435,0.891857142857459,1.20353333333333,-0.0808571428580244,156.276,112,24.0191712707182,0
"1244","CHEMAINUS RIVER",1982,1982-08-15,227,59,0,0.73,0.795857142856611,0.867571428571994,1.15086666666709,-0.0717142857153833,157.006,113,24.0191712707182,0
"1245","CHEMAINUS RIVER",1982,1982-08-16,228,60,0,0.708,0.780714285713787,0.843857142855995,1.10613333333264,-0.0631428571422086,157.714,114,24.0191712707182,0
"1246","CHEMAINUS RIVER",1982,1982-08-17,229,61,0,0.708,0.768142857143955,0.821571428571977,1.06806666666719,-0.0534285714280226,158.422,115,24.0191712707182,0
"1247","CHEMAINUS RIVER",1982,1982-08-18,230,62,0,0.699,0.746999999998869,0.801142857141843,1.03103333333371,-0.0541428571429735,159.121,116,24.0191712707182,0
"1248","CHEMAINUS RIVER",1982,1982-08-19,231,63,0,0.69,0.728142857144121,0.781928571429619,0.997033333333093,-0.0537857142854981,159.811,117,24.0191712707182,0
"1249","CHEMAINUS RIVER",1982,1982-08-20,232,64,0,0.673,0.711142857143256,0.765785714287111,0.963466666666985,-0.054642857143855,160.484,118,24.0191712707182,0
"1250","CHEMAINUS RIVER",1982,1982-08-21,233,65,0,0.66,0.695428571426809,0.753214285713122,0.93179999999993,-0.057785714286313,161.144,119,24.0191712707182,0
"1251","CHEMAINUS RIVER",1982,1982-08-22,234,66,0,0.642,0.682857142856977,0.739357142856794,0.904200000000613,-0.0564999999998171,161.786,120,24.0191712707182,0
"1252","CHEMAINUS RIVER",1982,1982-08-23,235,67,0,0.62,0.670285714287145,0.725500000000466,0.883200000000458,-0.0552142857133211,162.406,121,24.0191712707182,0
"1253","CHEMAINUS RIVER",1982,1982-08-24,236,68,0,0.611,0.656428571428738,0.712285714286346,0.863566666666884,-0.0558571428576085,163.017,122,24.0191712707182,0
"1254","CHEMAINUS RIVER",1982,1982-08-25,237,69,0,0.602,0.642571428570331,0.6947857142846,0.844966666666248,-0.0522142857142691,163.619,123,24.0191712707182,0
"1255","CHEMAINUS RIVER",1982,1982-08-26,238,70,0,0.594,0.628857142857409,0.678500000000765,0.827099999999822,-0.0496428571433561,164.213,124,24.0191712707182,0
"1256","CHEMAINUS RIVER",1982,1982-08-27,239,71,0,0.572,0.614428571425378,0.662785714284317,0.808833333332829,-0.048357142858939,164.785,125,24.0191712707182,0
"1257","CHEMAINUS RIVER",1982,1982-08-28,240,72,0,0.558,0.599857142860336,0.647642857143572,0.790766666666605,-0.0477857142832363,165.343,126,24.0191712707182,0
"1258","CHEMAINUS RIVER",1982,1982-08-29,241,73,0,0.545,0.585999999997772,0.634428571427374,0.772599999999511,-0.0484285714296024,165.888,127,24.0191712707182,0
"1259","CHEMAINUS RIVER",1982,1982-08-30,242,74,0,0.576,0.579714285712855,0.625,0.755799999999969,-0.0452857142871446,166.464,128,24.0191712707182,0
"1260","CHEMAINUS RIVER",1982,1982-08-31,243,75,0,0.536,0.568999999996907,0.612714285712822,0.737999999999496,-0.0437142857159155,167,129,24.0191712707182,0
"1261","CHEMAINUS RIVER",1982,1982-09-01,244,76,1,0.523,0.557714285715649,0.60014285714299,0.720766666666411,-0.0424285714273408,167.523,130,24.0191712707182,0
"1262","CHEMAINUS RIVER",1983,1983-06-18,169,1,0,1.07,1.2528571428598,1.64714285714269,3.32266666666643,-0.394285714282887,1.07,74,30.1602209944751,0
"1263","CHEMAINUS RIVER",1983,1983-06-19,170,2,0,1.09,1.16285714285914,1.54285714285756,3.14833333333372,-0.37999999999842,2.16,75,30.1602209944751,0
"1264","CHEMAINUS RIVER",1983,1983-06-20,171,3,0,1.12,1.13285714285614,1.45499999999967,2.98199999999973,-0.322142857143523,3.28,76,30.1602209944751,0
"1265","CHEMAINUS RIVER",1983,1983-06-21,172,4,0,1.16,1.11571428571395,1.38428571428605,2.82466666666636,-0.268571428572094,4.44,77,30.1602209944751,0
"1266","CHEMAINUS RIVER",1983,1983-06-22,173,5,0,1.33,1.13714285714169,1.33785714285581,2.68166666666608,-0.200714285714119,5.77,78,30.1602209944751,0
"1267","CHEMAINUS RIVER",1983,1983-06-23,174,6,0,1.98,1.26285714285664,1.34000000000067,2.5643333333331,-0.0771428571440214,7.75,79,30.1602209944751,0
"1268","CHEMAINUS RIVER",1983,1983-06-24,175,7,0,2.02,1.39571428571279,1.36285714285623,2.45033333333267,0.0328571428565607,9.77,80,30.1602209944751,0
"1269","CHEMAINUS RIVER",1983,1983-06-25,176,8,0,2.23,1.56142857142757,1.40714285714369,2.34366666666659,0.154285714283885,12,81,30.1602209944751,0
"1270","CHEMAINUS RIVER",1983,1983-06-26,177,9,0,2.3,1.73428571428355,1.44857142857135,2.24333333333295,0.285714285712207,14.3,82,30.1602209944751,0
"1271","CHEMAINUS RIVER",1983,1983-06-27,178,10,0,2.38,1.91428571428488,1.52357142857051,2.16533333333306,0.390714285714369,16.68,83,30.1602209944751,0
"1272","CHEMAINUS RIVER",1983,1983-06-28,179,11,0,2.44,2.09714285714186,1.60642857142791,2.09433333333291,0.490714285713953,19.12,84,30.1602209944751,0
"1273","CHEMAINUS RIVER",1983,1983-06-29,180,12,0,2.55,2.2714285714319,1.7042857142868,2.03000000000078,0.567142857145102,21.67,85,30.1602209944751,0
"1274","CHEMAINUS RIVER",1983,1983-06-30,181,13,0,2.78,2.38571428571595,1.8242857142863,1.98933333333407,0.561428571429653,24.45,86,30.1602209944751,0
"1275","CHEMAINUS RIVER",1983,1983-07-01,182,14,0,3.28,2.56571428571728,1.98071428571503,1.97400000000004,0.585000000002245,27.73,87,30.1602209944751,0
"1276","CHEMAINUS RIVER",1983,1983-07-02,183,15,0,3.68,2.77285714285764,2.16714285714261,1.98033333333345,0.605714285715034,31.41,88,30.1602209944751,0
"1277","CHEMAINUS RIVER",1983,1983-07-03,184,16,0,3.71,2.97428571428671,2.35428571428513,2.00066666666632,0.62000000000158,35.12,89,30.1602209944751,0
"1278","CHEMAINUS RIVER",1983,1983-07-04,185,17,0,3.86,3.18571428571678,2.55000000000083,2.03233333333337,0.635714285715949,38.98,90,30.1602209944751,0
"1279","CHEMAINUS RIVER",1983,1983-07-05,186,18,0,3.93,3.39857142857259,2.74785714285723,2.07833333333353,0.650714285715367,42.91,91,30.1602209944751,0
"1280","CHEMAINUS RIVER",1983,1983-07-06,187,19,0,3.68,3.55999999999767,2.91571428571478,2.12266666666643,0.644285714282887,46.59,92,30.1602209944751,0
"1281","CHEMAINUS RIVER",1983,1983-07-07,188,20,0,3.71,3.69285714285382,3.03928571428488,2.17466666666636,0.653571428568934,50.3,93,30.1602209944751,0
"1282","CHEMAINUS RIVER",1983,1983-07-08,189,21,0,4,3.79571428571113,3.1807142857142,2.24199999999934,0.614999999996923,54.3,94,30.1602209944751,0
"1283","CHEMAINUS RIVER",1983,1983-07-09,190,22,0,4.72,3.94428571428372,3.35857142857068,2.33433333333329,0.585714285713038,59.02,95,30.1602209944751,0
"1284","CHEMAINUS RIVER",1983,1983-07-10,191,23,0,6.95,4.40714285714369,3.6907142857152,2.50933333333329,0.716428571428489,65.97,96,30.1602209944751,0
"1285","CHEMAINUS RIVER",1983,1983-07-11,192,24,0,49.9,10.9842857142836,7.08500000000017,4.11900000000023,3.89928571428339,115.87,0,30.1602209944751,0
"1286","CHEMAINUS RIVER",1983,1983-07-12,193,25,0,20.6,13.365714285714,8.38214285714327,4.74833333333372,4.98357142857068,136.47,1,30.1602209944751,0
"1287","CHEMAINUS RIVER",1983,1983-07-13,194,26,0,9.9,14.2542857142855,8.90714285714161,5.03399999999965,5.34714285714394,146.37,2,30.1602209944751,0
"1288","CHEMAINUS RIVER",1983,1983-07-14,195,27,0,9.12,15.0271428571432,9.3599999999985,5.29533333333287,5.66714285714469,155.49,3,30.1602209944751,0
"1289","CHEMAINUS RIVER",1983,1983-07-15,196,28,0,8,15.5985714285718,9.69714285714144,5.52266666666643,5.90142857143032,163.49,4,30.1602209944751,0
"1290","CHEMAINUS RIVER",1983,1983-07-16,197,29,0,6.78,15.8928571428571,9.91857142857043,5.71199999999953,5.97428571428671,170.27,5,30.1602209944751,0
"1291","CHEMAINUS RIVER",1983,1983-07-17,198,30,0,5.9,15.7428571428588,10.0750000000012,5.87233333333376,5.66785714285756,176.17,6,30.1602209944751,0
"1292","CHEMAINUS RIVER",1983,1983-07-18,199,31,0,5.43,9.3900000000015,10.1871428571425,6.01766666666663,-0.797142857141028,181.6,7,30.1602209944751,0
"1293","CHEMAINUS RIVER",1983,1983-07-19,200,32,0,5.1,7.17571428571578,10.2707142857149,6.15133333333361,-3.09499999999909,186.7,8,30.1602209944751,0
"1294","CHEMAINUS RIVER",1983,1983-07-20,201,33,0,4.74,6.43857142857243,10.346428571429,6.27200000000012,-3.90785714285656,191.44,9,30.1602209944751,0
"1295","CHEMAINUS RIVER",1983,1983-07-21,202,34,0,3.74,5.67000000000033,10.3485714285718,6.35799999999969,-4.67857142857143,195.18,10,30.1602209944751,0
"1296","CHEMAINUS RIVER",1983,1983-07-22,203,35,0,3.22,4.98714285714336,10.2928571428576,6.42100000000015,-5.3057142857142,198.4,11,30.1602209944751,0
"1297","CHEMAINUS RIVER",1983,1983-07-23,204,36,0,2.55,4.3828571428603,10.1378571428587,6.44000000000039,-5.75499999999842,200.95,12,30.1602209944751,0
"1298","CHEMAINUS RIVER",1983,1983-07-24,205,37,0,2.41,3.88428571428605,9.81357142857243,6.45300000000085,-5.92928571428638,203.36,13,30.1602209944751,0
"1299","CHEMAINUS RIVER",1983,1983-07-25,206,38,0,2.32,3.43999999999817,6.41499999999983,6.45599999999977,-2.97500000000166,205.68,14,30.1602209944751,0
"1300","CHEMAINUS RIVER",1983,1983-07-26,207,39,0,2.3,3.03999999999983,5.10785714285781,6.45600000000074,-2.06785714285797,207.98,15,30.1602209944751,0
"1301","CHEMAINUS RIVER",1983,1983-07-27,208,40,0,2.37,2.70142857142907,4.57000000000075,6.45566666666709,-1.86857142857168,210.35,16,30.1602209944751,0
"1302","CHEMAINUS RIVER",1983,1983-07-28,209,41,0,2.32,2.49857142857426,4.08428571428729,6.45166666666725,-1.58571428571304,212.67,17,30.1602209944751,0
"1303","CHEMAINUS RIVER",1983,1983-07-29,210,42,0,2.26,2.36142857142841,3.67428571428588,6.44199999999934,-1.31285714285748,214.93,18,30.1602209944751,0
"1304","CHEMAINUS RIVER",1983,1983-07-30,211,43,0,2.15,2.30428571428222,3.34357142857126,6.42099999999918,-1.03928571428904,217.08,19,30.1602209944751,0
"1305","CHEMAINUS RIVER",1983,1983-07-31,212,44,0,2,2.24571428571029,3.06499999999817,6.37833333333256,-0.819285714287876,219.08,20,30.1602209944751,0
"1306","CHEMAINUS RIVER",1983,1983-08-01,213,45,0,1.84,2.17714285714568,2.80857142857193,6.31700000000031,-0.631428571426243,220.92,21,30.1602209944751,0
"1307","CHEMAINUS RIVER",1983,1983-08-02,214,46,0,1.69,2.09000000000067,2.56500000000025,6.24966666666733,-0.474999999999584,222.61,22,30.1602209944751,0
"1308","CHEMAINUS RIVER",1983,1983-08-03,215,47,0,1.63,1.98428571428355,2.34285714285631,6.17533333333267,-0.358571428572759,224.24,23,30.1602209944751,0
"1309","CHEMAINUS RIVER",1983,1983-08-04,216,48,0,1.46,1.86142857142841,2.18000000000133,6.09300000000027,-0.318571428572926,225.7,24,30.1602209944751,0
"1310","CHEMAINUS RIVER",1983,1983-08-05,217,49,0,1.45,1.74571428571445,2.05357142857143,6.01866666666659,-0.307857142856976,227.15,25,30.1602209944751,0
"1311","CHEMAINUS RIVER",1983,1983-08-06,218,50,0,1.39,1.63714285714585,1.97071428571404,5.94133333333399,-0.333571428568186,228.54,26,30.1602209944751,0
"1312","CHEMAINUS RIVER",1983,1983-08-07,219,51,0,1.34,1.54285714285964,1.89428571428497,5.85266666666721,-0.351428571425328,229.88,27,30.1602209944751,0
"1313","CHEMAINUS RIVER",1983,1983-08-08,220,52,0,1.33,1.46999999999701,1.82357142857135,5.73966666666674,-0.353571428574339,231.21,28,30.1602209944751,0
"1314","CHEMAINUS RIVER",1983,1983-08-09,221,53,0,1.31,1.41571428571063,1.75285714285565,5.55166666666628,-0.337142857145019,232.52,29,30.1602209944751,0
"1315","CHEMAINUS RIVER",1983,1983-08-10,222,54,0,1.24,1.36000000000266,1.67214285714311,3.92966666666713,-0.312142857140446,233.76,30,30.1602209944751,0
"1316","CHEMAINUS RIVER",1983,1983-08-11,223,55,0,1.18,1.31999999999867,1.59071428571354,3.28233333333337,-0.270714285714868,234.94,31,30.1602209944751,0
"1317","CHEMAINUS RIVER",1983,1983-08-12,224,56,0,1.14,1.27571428571329,1.51071428571387,2.99033333333306,-0.235000000000582,236.08,32,30.1602209944751,0
"1318","CHEMAINUS RIVER",1983,1983-08-13,225,57,0,1.09,1.23285714285781,1.43500000000183,2.7226666666674,-0.202142857144021,237.17,33,30.1602209944751,0
"1319","CHEMAINUS RIVER",1983,1983-08-14,226,58,0,0.95,1.17714285714153,1.36000000000058,2.48766666666682,-0.182857142859055,238.12,34,30.1602209944751,0
"1320","CHEMAINUS RIVER",1983,1983-08-15,227,59,0,0.838,1.1068571428602,1.2884285714286,2.28960000000079,-0.181571428568402,238.958,35,30.1602209944751,0
"1321","CHEMAINUS RIVER",1983,1983-08-16,228,60,0,0.65,1.01257142857399,1.21414285714231,2.11459999999982,-0.201571428568319,239.608,36,30.1602209944751,0
"1322","CHEMAINUS RIVER",1983,1983-08-17,229,61,0,0.65,0.928285714284617,1.14414285714364,1.95526666666653,-0.215857142859022,240.258,37,30.1602209944751,0
"1323","CHEMAINUS RIVER",1983,1983-08-18,230,62,0,0.641,0.85128571428608,1.08564285714237,1.80663333333311,-0.234357142856295,240.899,38,30.1602209944751,0
"1324","CHEMAINUS RIVER",1983,1983-08-19,231,63,0,0.596,0.773571428572593,1.02464285714294,1.66849999999977,-0.251071428570347,241.495,39,30.1602209944751,0
"1325","CHEMAINUS RIVER",1983,1983-08-20,232,64,0,0.583,0.701142857142258,0.967000000000033,1.56326666666719,-0.265857142857775,242.078,40,30.1602209944751,0
"1326","CHEMAINUS RIVER",1983,1983-08-21,233,65,0,0.587,0.649285714287544,0.913214285714535,1.47550000000047,-0.263928571426992,242.665,41,30.1602209944751,0
"1327","CHEMAINUS RIVER",1983,1983-08-22,234,66,0,0.551,0.608285714285947,0.857571428573075,1.40886666666678,-0.249285714287128,243.216,42,30.1602209944751,0
"1328","CHEMAINUS RIVER",1983,1983-08-23,235,67,0,0.538,0.592285714282688,0.802428571428339,1.3464666666657,-0.210142857145651,243.754,43,30.1602209944751,0
"1329","CHEMAINUS RIVER",1983,1983-08-24,236,68,0,0.524,0.574285714284217,0.751285714284417,1.28659999999994,-0.1770000000002,244.278,44,30.1602209944751,0
"1330","CHEMAINUS RIVER",1983,1983-08-25,237,69,0,0.506,0.55500000000133,0.703142857143705,1.22680000000012,-0.148142857142375,244.784,45,30.1602209944751,0
"1331","CHEMAINUS RIVER",1983,1983-08-26,238,70,0,0.493,0.540285714286646,0.656928571429619,1.1642333333332,-0.116642857142974,245.277,46,30.1602209944751,0
"1332","CHEMAINUS RIVER",1983,1983-08-27,239,71,0,0.493,0.527428571425844,0.614285714284051,1.10333333333256,-0.0868571428582072,245.77,47,30.1602209944751,0
"1333","CHEMAINUS RIVER",1983,1983-08-28,240,72,0,0.805,0.558571428571928,0.603928571429736,1.05483333333395,-0.045357142857808,246.575,48,30.1602209944751,0
"1334","CHEMAINUS RIVER",1983,1983-08-29,241,73,0,1.28,0.662714285713654,0.6354999999998,1.02583333333411,0.0272142857138533,247.855,49,30.1602209944751,0
"1335","CHEMAINUS RIVER",1983,1983-08-30,242,74,0,1.31,0.773000000003127,0.682642857142907,1.00283333333403,0.0903571428602196,249.165,50,30.1602209944751,0
"1336","CHEMAINUS RIVER",1983,1983-08-31,243,75,0,1.27,0.87957142857236,0.726928571428289,0.983833333332829,0.152642857144071,250.435,51,30.1602209944751,0
"1337","CHEMAINUS RIVER",1983,1983-09-01,244,76,1,1.6,1.03585714285561,0.795428571428472,0.980833333332945,0.240428571427141,252.035,52,30.1602209944751,0
"1338","CHEMAINUS RIVER",1984,1984-06-17,169,1,0,5.23,7.11285714285415,8.55785714285698,19.4036666666662,-1.44500000000283,5.23,18,27.1013812154696,0
"1339","CHEMAINUS RIVER",1984,1984-06-18,170,2,0,3.45,6.52428571428754,7.86142857142841,18.5653333333331,-1.33714285714086,8.68,19,27.1013812154696,0
"1340","CHEMAINUS RIVER",1984,1984-06-19,171,3,0,4.81,6.20285714285897,7.39785714285764,17.8256666666663,-1.19499999999867,13.49,20,27.1013812154696,0
"1341","CHEMAINUS RIVER",1984,1984-06-20,172,4,0,2.73,5.47000000000116,6.87857142857268,17.1166666666667,-1.40857142857151,16.22,21,27.1013812154696,0
"1342","CHEMAINUS RIVER",1984,1984-06-21,173,5,0,4.73,4.99571428571445,6.44499999999867,16.2109999999996,-1.44928571428422,20.95,22,27.1013812154696,0
"1343","CHEMAINUS RIVER",1984,1984-06-22,174,6,0,2.51,4.31857142857293,5.9307142857142,15.2680000000003,-1.61214285714128,23.46,23,27.1013812154696,0
"1344","CHEMAINUS RIVER",1984,1984-06-23,175,7,0,3.98,3.92000000000033,5.66071428571429,14.4473333333338,-1.74071428571395,27.44,24,27.1013812154696,0
"1345","CHEMAINUS RIVER",1984,1984-06-24,176,8,0,2.94,3.59285714286047,5.35285714285731,13.1520000000009,-1.75999999999684,30.38,25,27.1013812154696,0
"1346","CHEMAINUS RIVER",1984,1984-06-25,177,9,0,2.87,3.510000000001,5.01714285714427,11.4810000000007,-1.50714285714327,33.25,26,27.1013812154696,0
"1347","CHEMAINUS RIVER",1984,1984-06-26,178,10,0,2.94,3.24285714285881,4.72285714285889,10.3790000000008,-1.48000000000008,36.19,27,27.1013812154696,0
"1348","CHEMAINUS RIVER",1984,1984-06-27,179,11,0,2.94,3.27285714285764,4.3714285714294,9.29700000000012,-1.09857142857176,39.13,28,27.1013812154696,0
"1349","CHEMAINUS RIVER",1984,1984-06-28,180,12,0,2.94,3.01714285714219,4.00642857142832,8.29499999999922,-0.98928571428613,42.07,29,27.1013812154696,0
"1350","CHEMAINUS RIVER",1984,1984-06-29,181,13,0,5.15,3.39428571428704,3.85642857142998,7.40333333333353,-0.46214285714294,47.22,30,27.1013812154696,0
"1351","CHEMAINUS RIVER",1984,1984-06-30,182,14,0,4.06,3.40571428571379,3.66285714285706,7.00533333333345,-0.257142857143273,51.28,31,27.1013812154696,0
"1352","CHEMAINUS RIVER",1984,1984-07-01,183,15,0,2.87,3.39571428571279,3.49428571428663,6.58099999999977,-0.0985714285738402,54.15,32,27.1013812154696,0
"1353","CHEMAINUS RIVER",1984,1984-07-02,184,16,0,4,3.55714285714203,3.53357142857151,6.22100000000016,0.0235714285705138,58.15,33,27.1013812154696,0
"1354","CHEMAINUS RIVER",1984,1984-07-03,185,17,0,3.02,3.56857142856877,3.40571428571379,5.85833333333333,0.162857142854981,61.17,34,27.1013812154696,0
"1355","CHEMAINUS RIVER",1984,1984-07-04,186,18,0,2.87,3.55857142856777,3.41571428571271,5.51399999999946,0.142857142855064,64.04,35,27.1013812154696,0
"1356","CHEMAINUS RIVER",1984,1984-07-05,187,19,0,2.72,3.52714285714319,3.27214285714269,5.22799999999988,0.255000000000499,66.76,36,27.1013812154696,0
"1357","CHEMAINUS RIVER",1984,1984-07-06,188,20,0,2.12,3.09428571428621,3.24428571428663,4.96533333333403,-0.150000000000416,68.88,37,27.1013812154696,0
"1358","CHEMAINUS RIVER",1984,1984-07-07,189,21,0,2.05,2.80714285714203,3.10642857142791,4.67366666666639,-0.29928571428588,70.93,38,27.1013812154696,0
"1359","CHEMAINUS RIVER",1984,1984-07-08,190,22,0,1.6,2.62571428571495,3.01071428571387,4.40333333333353,-0.384999999998919,72.53,39,27.1013812154696,0
"1360","CHEMAINUS RIVER",1984,1984-07-09,191,23,0,1.55,2.27571428571329,2.91642857142766,4.19633333333283,-0.640714285714369,74.08,40,27.1013812154696,0
"1361","CHEMAINUS RIVER",1984,1984-07-10,192,24,0,1.51,2.06000000000183,2.8142857142853,4.00499999999981,-0.754285714283469,75.59,41,27.1013812154696,0
"1362","CHEMAINUS RIVER",1984,1984-07-11,193,25,0,1.2,1.82142857142857,2.68999999999817,3.79266666666663,-0.868571428569599,76.79,42,27.1013812154696,0
"1363","CHEMAINUS RIVER",1984,1984-07-12,194,26,0,1.42,1.63571428571595,2.58142857142957,3.60466666666713,-0.94571428571362,78.21,43,27.1013812154696,0
"1364","CHEMAINUS RIVER",1984,1984-07-13,195,27,0,1.33,1.52285714285348,2.30857142856985,3.38699999999953,-0.785714285716365,79.54,44,27.1013812154696,0
"1365","CHEMAINUS RIVER",1984,1984-07-14,196,28,0,1.24,1.40714285714369,2.10714285714286,3.16000000000058,-0.699999999999169,80.78,45,27.1013812154696,0
"1366","CHEMAINUS RIVER",1984,1984-07-15,197,29,0,1.2,1.34999999999751,1.98785714285623,2.95833333333333,-0.637857142858723,81.98,46,27.1013812154696,0
"1367","CHEMAINUS RIVER",1984,1984-07-16,198,30,0,1.09,1.28428571428438,1.77999999999884,2.76899999999926,-0.495714285714452,83.07,47,27.1013812154696,0
"1368","CHEMAINUS RIVER",1984,1984-07-17,199,31,0,0.985,1.20928571428522,1.63464285714352,2.62750000000039,-0.425357142858307,84.055,48,27.1013812154696,0
"1369","CHEMAINUS RIVER",1984,1984-07-18,200,32,0,1,1.18071428571628,1.50107142857243,2.54583333333333,-0.320357142856145,85.055,49,27.1013812154696,0
"1370","CHEMAINUS RIVER",1984,1984-07-19,201,33,0,0.985,1.1185714285696,1.37714285714277,2.41833333333295,-0.258571428573175,86.04,50,27.1013812154696,0
"1371","CHEMAINUS RIVER",1984,1984-07-20,202,34,0,0.985,1.06928571428788,1.29607142857068,2.36016666666643,-0.226785714282804,87.025,51,27.1013812154696,0
"1372","CHEMAINUS RIVER",1984,1984-07-21,203,35,0,1.05,1.04214285714053,1.22464285714211,2.2375,-0.18250000000158,88.075,52,27.1013812154696,0
"1373","CHEMAINUS RIVER",1984,1984-07-22,204,36,0,0.962,1.00814285714296,1.17907142857023,2.18589999999967,-0.170928571427274,89.037,53,27.1013812154696,0
"1374","CHEMAINUS RIVER",1984,1984-07-23,205,37,0,0.924,0.984428571429037,1.13435714285671,2.08403333333263,-0.149928571427673,89.961,54,27.1013812154696,0
"1375","CHEMAINUS RIVER",1984,1984-07-24,206,38,0,0.909,0.973571428571761,1.09142857142849,2.01633333333302,-0.117857142856727,90.87,55,27.1013812154696,0
"1376","CHEMAINUS RIVER",1984,1984-07-25,207,39,0,0.909,0.960571428569632,1.07064285714296,1.95096666666601,-0.110071428573325,91.779,56,27.1013812154696,0
"1377","CHEMAINUS RIVER",1984,1984-07-26,208,40,0,0.932,0.953000000000299,1.03578571428495,1.88403333333263,-0.08278571428465,92.711,57,27.1013812154696,0
"1378","CHEMAINUS RIVER",1984,1984-07-27,209,41,0,0.924,0.944285714283719,1.0067857142858,1.81683333333252,-0.0625000000020789,93.635,58,27.1013812154696,0
"1379","CHEMAINUS RIVER",1984,1984-07-28,210,42,0,0.909,0.924142857144553,0.983142857142541,1.74913333333388,-0.0589999999979877,94.544,59,27.1013812154696,0
"1380","CHEMAINUS RIVER",1984,1984-07-29,211,43,0,0.871,0.911142857142425,0.959642857142691,1.60649999999926,-0.0485000000002661,95.415,60,27.1013812154696,0
"1381","CHEMAINUS RIVER",1984,1984-07-30,212,44,0,0.856,0.901428571428239,0.942928571428638,1.49969999999933,-0.0415000000003991,96.271,61,27.1013812154696,0
"1382","CHEMAINUS RIVER",1984,1984-07-31,213,45,0,0.856,0.893857142854748,0.933714285713255,1.43256666666615,-0.0398571428585066,97.127,62,27.1013812154696,0
"1383","CHEMAINUS RIVER",1984,1984-08-01,214,46,0,0.811,0.879857142859172,0.920214285714402,1.32626666666668,-0.0403571428552303,97.938,63,27.1013812154696,0
"1384","CHEMAINUS RIVER",1984,1984-08-02,215,47,0,0.78,0.85814285714462,0.90557142857246,1.25160000000033,-0.0474285714278396,98.718,64,27.1013812154696,0
"1385","CHEMAINUS RIVER",1984,1984-08-03,216,48,0,0.793,0.839428571431199,0.891857142857459,1.18236666666732,-0.0524285714262598,99.511,65,27.1013812154696,0
"1386","CHEMAINUS RIVER",1984,1984-08-04,217,49,0,0.742,0.815571428571794,0.869857142858174,1.11643333333389,-0.0542857142863795,100.253,66,27.1013812154696,0
"1387","CHEMAINUS RIVER",1984,1984-08-05,218,50,0,0.758,0.799428571431365,0.855285714286895,1.07103333333313,-0.0558571428555297,101.011,67,27.1013812154696,0
"1388","CHEMAINUS RIVER",1984,1984-08-06,219,51,0,0.803,0.791857142857875,0.846642857143057,1.02946666666636,-0.0547857142851822,101.814,68,27.1013812154696,0
"1389","CHEMAINUS RIVER",1984,1984-08-07,220,52,0,0.818,0.786428571429237,0.840142857141992,1.00339999999948,-0.0537142857127557,102.632,69,27.1013812154696,0
"1390","CHEMAINUS RIVER",1984,1984-08-08,221,53,0,0.758,0.778857142855746,0.829357142857459,0.976999999999922,-0.050500000001713,103.39,70,27.1013812154696,0
"1391","CHEMAINUS RIVER",1984,1984-08-09,222,54,0,0.78,0.778857142855746,0.818500000000183,0.95266666666624,-0.039642857144437,104.17,71,27.1013812154696,0
"1392","CHEMAINUS RIVER",1984,1984-08-10,223,55,0,0.795,0.779142857142558,0.809285714286878,0.939166666667249,-0.0301428571443206,104.965,72,27.1013812154696,0
"1393","CHEMAINUS RIVER",1984,1984-08-11,224,56,0,0.788,0.785714285714286,0.80064285714304,0.918100000000171,-0.0149285714287544,105.753,73,27.1013812154696,0
"1394","CHEMAINUS RIVER",1984,1984-08-12,225,57,0,0.773,0.787857142854981,0.793642857143173,0.899533333333481,-0.0057857142881923,106.526,74,27.1013812154696,0
"1395","CHEMAINUS RIVER",1984,1984-08-13,226,58,0,0.758,0.781428571428738,0.786642857143306,0.883466666666209,-0.00521428571456839,107.284,75,27.1013812154696,0
"1396","CHEMAINUS RIVER",1984,1984-08-14,227,59,0,0.75,0.771714285714552,0.779071428571894,0.868466666666791,-0.00735714285734246,108.034,76,27.1013812154696,0
"1397","CHEMAINUS RIVER",1984,1984-08-15,228,60,0,0.742,0.769428571428372,0.774142857142059,0.856866666666853,-0.00471428571368704,108.776,77,27.1013812154696,0
"1398","CHEMAINUS RIVER",1984,1984-08-16,229,61,0,0.758,0.766285714285914,0.77257142857083,0.849299999999736,-0.00628571428491598,109.534,78,27.1013812154696,0
"1399","CHEMAINUS RIVER",1984,1984-08-17,230,62,0,0.742,0.758714285712423,0.76892857142749,0.840699999999682,-0.0102142857150673,110.276,79,27.1013812154696,0
"1400","CHEMAINUS RIVER",1984,1984-08-18,231,63,0,0.72,0.748999999998237,0.767357142856261,0.831866666666853,-0.0183571428580243,110.996,80,27.1013812154696,0
"1401","CHEMAINUS RIVER",1984,1984-08-19,232,64,0,0.72,0.741428571428904,0.764642857141942,0.823033333333054,-0.0232142857130384,111.716,81,27.1013812154696,0
"1402","CHEMAINUS RIVER",1984,1984-08-20,233,65,0,0.689,0.731571428573391,0.756500000001064,0.811000000000543,-0.0249285714276734,112.405,82,27.1013812154696,0
"1403","CHEMAINUS RIVER",1984,1984-08-21,234,66,0,0.689,0.72285714285681,0.747285714285681,0.801900000000023,-0.0244285714288708,113.094,83,27.1013812154696,0
"1404","CHEMAINUS RIVER",1984,1984-08-22,235,67,0,0.682,0.714285714285714,0.741857142857043,0.793833333333411,-0.0275714285713288,113.776,84,27.1013812154696,0
"1405","CHEMAINUS RIVER",1984,1984-08-23,236,68,0,0.742,0.711999999999534,0.739142857142724,0.788266666666216,-0.0271428571431898,114.518,85,27.1013812154696,0
"1406","CHEMAINUS RIVER",1984,1984-08-24,237,69,0,0.75,0.713142857142624,0.735928571427524,0.782966666666713,-0.0227857142848994,115.268,86,27.1013812154696,0
"1407","CHEMAINUS RIVER",1984,1984-08-25,238,70,1,0.75,0.717428571428172,0.733214285713205,0.776900000000023,-0.0157857142850324,116.018,87,27.1013812154696,0
"1408","CHEMAINUS RIVER",1985,1985-06-18,169,1,0,3.9,4.77428571428754,5.35571428571503,8.03933333333407,-0.58142857142749,3.9,31,13.7001714285714,0
"1409","CHEMAINUS RIVER",1985,1985-06-19,170,2,0,3.61,4.57857142856977,5.15857142857151,7.63299999999969,-0.580000000001746,7.51,32,13.7001714285714,0
"1410","CHEMAINUS RIVER",1985,1985-06-20,171,3,0,3.47,4.39428571428704,4.98357142857068,7.28199999999973,-0.589285714283635,10.98,33,13.7001714285714,0
"1411","CHEMAINUS RIVER",1985,1985-06-21,172,4,0,2.72,4.11285714285831,4.69142857142807,6.90599999999977,-0.578571428569765,13.7,34,13.7001714285714,0
"1412","CHEMAINUS RIVER",1985,1985-06-22,173,5,0,2.58,3.60428571428305,4.3835714285711,6.47533333333267,-0.779285714288042,16.28,35,13.7001714285714,0
"1413","CHEMAINUS RIVER",1985,1985-06-23,174,6,0,2.32,3.26571428571229,4.14785714285764,6.10599999999977,-0.882142857145352,18.6,36,13.7001714285714,0
"1414","CHEMAINUS RIVER",1985,1985-06-24,175,7,0,2.65,3.03571428571429,3.97642857142741,5.79433333333291,-0.940714285713122,21.25,37,13.7001714285714,0
"1415","CHEMAINUS RIVER",1985,1985-06-25,176,8,0,1.92,2.75285714285565,3.76357142857159,5.52899999999984,-1.01071428571595,23.17,38,13.7001714285714,0
"1416","CHEMAINUS RIVER",1985,1985-06-26,177,9,0,1.78,2.4914285714289,3.53499999999933,5.24166666666667,-1.04357142857043,24.95,39,13.7001714285714,0
"1417","CHEMAINUS RIVER",1985,1985-06-27,178,10,0,1.78,2.25,3.32214285714352,4.99600000000015,-1.07214285714352,26.73,40,13.7001714285714,0
"1418","CHEMAINUS RIVER",1985,1985-06-28,179,11,0,1.52,2.07857142856977,3.09571428571404,4.75533333333345,-1.01714285714427,28.25,41,13.7001714285714,0
"1419","CHEMAINUS RIVER",1985,1985-06-29,180,12,0,1.32,1.89857142857259,2.75142857142782,4.52733333333357,-0.85285714285523,29.57,42,13.7001714285714,0
"1420","CHEMAINUS RIVER",1985,1985-06-30,181,13,0,1.25,1.74571428571445,2.50571428571337,4.31466666666674,-0.759999999998919,30.82,43,13.7001714285714,0
"1421","CHEMAINUS RIVER",1985,1985-07-01,182,14,0,1.01,1.5114285714309,2.27357142857259,4.09900000000004,-0.762142857141693,31.83,44,13.7001714285714,0
"1422","CHEMAINUS RIVER",1985,1985-07-02,183,15,0,0.965,1.375,2.06392857142782,3.88916666666725,-0.688928571427823,32.795,45,13.7001714285714,0
"1423","CHEMAINUS RIVER",1985,1985-07-03,184,16,0,0.902,1.24957142857186,1.87050000000038,3.69723333333386,-0.620928571428522,33.697,46,13.7001714285714,0
"1424","CHEMAINUS RIVER",1985,1985-07-04,185,17,0,0.647,1.08771428571449,1.66885714285724,3.5141333333333,-0.581142857142757,34.344,47,13.7001714285714,0
"1425","CHEMAINUS RIVER",1985,1985-07-05,186,18,0,0.795,0.984142857142225,1.531357142856,3.32829999999958,-0.54721428571377,35.139,48,13.7001714285714,0
"1426","CHEMAINUS RIVER",1985,1985-07-06,187,19,0,0.732,0.900142857143822,1.39935714285821,3.15536666666643,-0.499214285714386,35.871,49,13.7001714285714,0
"1427","CHEMAINUS RIVER",1985,1985-07-07,188,20,0,0.753,0.829142857143389,1.28742857142892,2.9534666666664,-0.458285714285531,36.624,50,13.7001714285714,0
"1428","CHEMAINUS RIVER",1985,1985-07-08,189,21,0,0.689,0.783285714282621,1.14735714285676,2.74676666666637,-0.364071428574139,37.313,51,13.7001714285714,0
"1429","CHEMAINUS RIVER",1985,1985-07-09,190,22,0,0.583,0.728714285713587,1.05185714285679,2.57886666666697,-0.323142857143206,37.896,52,13.7001714285714,0
"1430","CHEMAINUS RIVER",1985,1985-07-10,191,23,0,0.583,0.683142857143788,0.966357142857825,2.42996666666683,-0.283214285714036,38.479,53,13.7001714285714,0
"1431","CHEMAINUS RIVER",1985,1985-07-11,192,24,0,0.541,0.668000000000965,0.877857142857725,2.28466666666694,-0.20985714285676,39.02,54,13.7001714285714,0
"1432","CHEMAINUS RIVER",1985,1985-07-12,193,25,0,0.541,0.631714285717213,0.807928571429719,2.13669999999984,-0.176214285712506,39.561,55,13.7001714285714,0
"1433","CHEMAINUS RIVER",1985,1985-07-13,194,26,0,0.456,0.592285714286845,0.746214285715333,1.99323333333402,-0.153928571428488,40.017,56,13.7001714285714,0
"1434","CHEMAINUS RIVER",1985,1985-07-14,195,27,0,0.371,0.537714285713654,0.683428571428522,1.84926666666676,-0.145714285714868,40.388,57,13.7001714285714,0
"1435","CHEMAINUS RIVER",1985,1985-07-15,196,28,0,0.371,0.49228571428934,0.63778571428598,1.65696666666675,-0.145499999996641,40.759,58,13.7001714285714,0
"1436","CHEMAINUS RIVER",1985,1985-07-16,197,29,0,0.345,0.45828571428761,0.593500000000599,1.51213333333338,-0.135214285712988,41.104,59,13.7001714285714,0
"1437","CHEMAINUS RIVER",1985,1985-07-17,198,30,0,0.336,0.422999999997306,0.553071428570547,1.38133333333341,-0.130071428573241,41.44,60,13.7001714285714,0
"1438","CHEMAINUS RIVER",1985,1985-07-18,199,31,0,0.332,0.393142857139797,0.530571428570381,1.26239999999913,-0.137428571430584,41.772,61,13.7001714285714,0
"1439","CHEMAINUS RIVER",1985,1985-07-19,200,32,0,0.327,0.362571428571495,0.497142857144354,1.15296666666691,-0.134571428572859,42.099,62,13.7001714285714,0
"1440","CHEMAINUS RIVER",1985,1985-07-20,201,33,0,0.336,0.345428571425145,0.468857142855995,1.04849999999957,-0.12342857143085,42.435,63,13.7001714285714,0
"1441","CHEMAINUS RIVER",1985,1985-07-21,202,34,0,0.327,0.339142857144387,0.43842857142902,0.968733333333512,-0.0992857142846333,42.762,64,13.7001714285714,0
"1442","CHEMAINUS RIVER",1985,1985-07-22,203,35,0,0.323,0.332285714285847,0.412285714287594,0.893500000000737,-0.0800000000017462,43.085,65,13.7001714285714,0
"1443","CHEMAINUS RIVER",1985,1985-07-23,204,36,0,0.323,0.329142857139232,0.393714285713421,0.826933333333,-0.0645714285741893,43.408,66,13.7001714285714,0
"1444","CHEMAINUS RIVER",1985,1985-07-24,205,37,0,0.309,0.32528571428598,0.374142857141643,0.74890000000014,-0.0488571428556627,43.717,67,13.7001714285714,0
"1445","CHEMAINUS RIVER",1985,1985-07-25,206,38,0,0.295,0.320000000002827,0.356571428571312,0.694733333333473,-0.0365714285684849,44.012,68,13.7001714285714,0
"1446","CHEMAINUS RIVER",1985,1985-07-26,207,39,0,0.286,0.314142857141893,0.338357142856694,0.644933333333271,-0.0242142857148013,44.298,69,13.7001714285714,0
"1447","CHEMAINUS RIVER",1985,1985-07-27,208,40,0,0.291,0.307714285715649,0.326571428570397,0.595299999999891,-0.018857142854748,44.589,70,13.7001714285714,0
"1448","CHEMAINUS RIVER",1985,1985-07-28,209,41,0,0.282,0.301285714285249,0.320214285714818,0.554033333333791,-0.0189285714295693,44.871,71,13.7001714285714,0
"1449","CHEMAINUS RIVER",1985,1985-07-29,210,42,0,0.273,0.294142857139897,0.313214285712872,0.519133333333108,-0.0190714285729752,45.144,72,13.7001714285714,0
"1450","CHEMAINUS RIVER",1985,1985-07-30,211,43,0,0.254,0.284285714288541,0.306714285713887,0.48593333333362,-0.0224285714253451,45.398,73,13.7001714285714,0
"1451","CHEMAINUS RIVER",1985,1985-07-31,212,44,0,0.268,0.278428571427607,0.301857142856794,0.461199999999371,-0.0234285714291868,45.666,74,13.7001714285714,0
"1452","CHEMAINUS RIVER",1985,1985-08-01,213,45,0,0.286,0.27714285714319,0.298571428573009,0.438566666666884,-0.0214285714298187,45.952,75,13.7001714285714,0
"1453","CHEMAINUS RIVER",1985,1985-08-02,214,46,0,0.286,0.27714285714319,0.295642857142541,0.418033333333248,-0.0184999999993514,46.238,76,13.7001714285714,0
"1454","CHEMAINUS RIVER",1985,1985-08-03,215,47,0,0.286,0.276428571428239,0.292071428571944,0.405999999999767,-0.0156428571437053,46.524,77,13.7001714285714,0
"1455","CHEMAINUS RIVER",1985,1985-08-04,216,48,0,0.277,0.275714285713288,0.288499999999268,0.388733333333706,-0.0127857142859804,46.801,78,13.7001714285714,0
"1456","CHEMAINUS RIVER",1985,1985-08-05,217,49,0,0.268,0.275000000002495,0.284571428571196,0.373266666666799,-0.00957142856870108,47.069,79,13.7001714285714,0
"1457","CHEMAINUS RIVER",1985,1985-08-06,218,50,0,0.254,0.274999999998337,0.279642857143439,0.356633333333108,-0.00464285714510232,47.323,80,13.7001714285714,0
"1458","CHEMAINUS RIVER",1985,1985-08-07,219,51,0,0.277,0.276285714286912,0.277357142857259,0.342900000000373,-0.00107142857034759,47.6,81,13.7001714285714,0
"1459","CHEMAINUS RIVER",1985,1985-08-08,220,52,0,0.277,0.274999999998337,0.276071428570763,0.332699999999992,-0.00107142857242642,47.877,82,13.7001714285714,0
"1460","CHEMAINUS RIVER",1985,1985-08-09,221,53,0,0.3,0.276999999997705,0.277071428570447,0.323266666665828,-7.14285727423936e-05,48.177,83,13.7001714285714,0
"1461","CHEMAINUS RIVER",1985,1985-08-10,222,54,0,0.291,0.277714285716814,0.277071428572526,0.314933333333465,0.000642857144287412,48.468,84,13.7001714285714,0
"1462","CHEMAINUS RIVER",1985,1985-08-11,223,55,0,0.291,0.279714285716182,0.277714285714735,0.306600000000132,0.0020000000014469,48.759,85,13.7001714285714,0
"1463","CHEMAINUS RIVER",1985,1985-08-12,224,56,0,0.268,0.279714285712024,0.277357142857259,0.300333333332674,0.00235714285476468,49.027,86,13.7001714285714,0
"1464","CHEMAINUS RIVER",1985,1985-08-13,225,57,0,0.264,0.281142857141926,0.278071428570131,0.296766666666372,0.00307142857179443,49.291,87,13.7001714285714,0
"1465","CHEMAINUS RIVER",1985,1985-08-14,226,58,0,0.241,0.2760000000001,0.276142857143506,0.292433333332883,-0.00014285714340595,49.532,88,13.7001714285714,0
"1466","CHEMAINUS RIVER",1985,1985-08-15,227,59,0,0.227,0.268857142858906,0.271928571428621,0.288499999999961,-0.0030714285697156,49.759,89,13.7001714285714,0
"1467","CHEMAINUS RIVER",1985,1985-08-16,228,60,0,0.218,0.257142857145352,0.267071428571528,0.284566666667039,-0.00992857142617665,49.977,90,13.7001714285714,0
"1468","CHEMAINUS RIVER",1985,1985-08-17,229,61,0,0.209,0.24542857142764,0.261571428572227,0.280466666667295,-0.0161428571445868,50.186,91,13.7001714285714,0
"1469","CHEMAINUS RIVER",1985,1985-08-18,230,62,0,0.209,0.233714285714086,0.256714285715134,0.276533333333403,-0.0230000000010477,50.395,92,13.7001714285714,0
"1470","CHEMAINUS RIVER",1985,1985-08-19,231,63,0,0.236,0.229142857145884,0.254428571428954,0.273200000000846,-0.02528571428307,50.631,93,13.7001714285714,0
"1471","CHEMAINUS RIVER",1985,1985-08-20,232,64,0,0.232,0.224571428573524,0.252857142857725,0.27003333333317,-0.0282857142842009,50.863,94,13.7001714285714,0
"1472","CHEMAINUS RIVER",1985,1985-08-21,233,65,0,0.232,0.223285714284949,0.249642857142525,0.26699999999934,-0.0263571428575752,51.095,95,13.7001714285714,0
"1473","CHEMAINUS RIVER",1985,1985-08-22,234,66,0,0.227,0.223285714284949,0.246071428571927,0.263800000000629,-0.0227857142869782,51.322,96,13.7001714285714,0
"1474","CHEMAINUS RIVER",1985,1985-08-23,235,67,0,0.227,0.224571428569366,0.240857142857359,0.261066666666496,-0.0162857142879927,51.549,97,13.7001714285714,0
"1475","CHEMAINUS RIVER",1985,1985-08-24,236,68,0,0.227,0.227142857142358,0.236285714284999,0.258799999999853,-0.00914285714264096,51.776,98,13.7001714285714,0
"1476","CHEMAINUS RIVER",1985,1985-08-25,237,69,0,0.218,0.228428571426775,0.231071428570431,0.256533333333209,-0.00264285714365542,51.994,99,13.7001714285714,0
"1477","CHEMAINUS RIVER",1985,1985-08-26,238,70,0,0.214,0.225285714284317,0.227214285715101,0.253966666666868,-0.00192857143078334,52.208,100,13.7001714285714,0
"1478","CHEMAINUS RIVER",1985,1985-08-27,239,71,0,0.214,0.222714285715483,0.223642857144504,0.251700000000225,-0.000928571429020447,52.422,101,13.7001714285714,0
"1479","CHEMAINUS RIVER",1985,1985-08-28,240,72,0,0.214,0.220142857142491,0.22171428571372,0.249733333333279,-0.00157142857122899,52.636,102,13.7001714285714,0
"1480","CHEMAINUS RIVER",1985,1985-08-29,241,73,0,0.214,0.21828571428445,0.2207857142847,0.248399999999674,-0.00250000000024947,52.85,103,13.7001714285714,0
"1481","CHEMAINUS RIVER",1985,1985-08-30,242,74,0,0.254,0.222142857146017,0.223357142857692,0.247933333334125,-0.0012142857116747,53.104,104,13.7001714285714,0
"1482","CHEMAINUS RIVER",1985,1985-08-31,243,75,0,0.323,0.235857142854781,0.23149999999857,0.249166666665891,0.00435714285621153,53.427,105,13.7001714285714,0
"1483","CHEMAINUS RIVER",1985,1985-09-01,244,76,1,0.264,0.242428571430667,0.235428571428721,0.24843333333362,0.00700000000194578,53.691,106,13.7001714285714,0
"1484","CHEMAINUS RIVER",1986,1986-06-18,169,1,0,3.81,3.46142857143007,3.90642857142874,10.2069999999997,-0.444999999998669,3.81,23,27.1325555555556,0
"1485","CHEMAINUS RIVER",1986,1986-06-19,170,2,0,3.81,3.56857142857293,3.78499999999933,9.35733333333337,-0.216428571426409,7.62,24,27.1325555555556,0
"1486","CHEMAINUS RIVER",1986,1986-06-20,171,3,0,3.94,3.73571428571345,3.70357142857184,8.90866666666698,0.0321428571416096,11.56,25,27.1325555555556,0
"1487","CHEMAINUS RIVER",1986,1986-06-21,172,4,0,3.62,3.83714285714086,3.62714285714277,8.56599999999938,0.209999999998087,15.18,26,27.1325555555556,0
"1488","CHEMAINUS RIVER",1986,1986-06-22,173,5,0,3.19,3.77571428571329,3.55142857142865,8.28899999999946,0.224285714284633,18.37,27,27.1325555555556,0
"1489","CHEMAINUS RIVER",1986,1986-06-23,174,6,0,2.91,3.60285714285731,3.47357142857176,7.91933333333291,0.129285714285548,21.28,28,27.1325555555556,0
"1490","CHEMAINUS RIVER",1986,1986-06-24,175,7,0,2.75,3.43285714285698,3.41142857142924,6.62766666666624,0.02142857142774,24.03,29,27.1325555555556,0
"1491","CHEMAINUS RIVER",1986,1986-06-25,176,8,0,2.45,3.23857142857326,3.35000000000166,5.67599999999996,-0.111428571428405,26.48,30,27.1325555555556,0
"1492","CHEMAINUS RIVER",1986,1986-06-26,177,9,0,2.23,3.01285714285664,3.29071428571478,5.1536666666662,-0.277857142858141,28.71,31,27.1325555555556,0
"1493","CHEMAINUS RIVER",1986,1986-06-27,178,10,0,2.09,2.7485714285701,3.24214285714178,4.73999999999942,-0.493571428571678,30.8,32,27.1325555555556,0
"1494","CHEMAINUS RIVER",1986,1986-06-28,179,11,0,2,2.51714285714219,3.17714285714153,4.39666666666647,-0.659999999999334,32.8,33,27.1325555555556,0
"1495","CHEMAINUS RIVER",1986,1986-06-29,180,12,0,1.95,2.34000000000067,3.05785714285698,4.11500000000039,-0.717857142856312,34.75,34,27.1325555555556,0
"1496","CHEMAINUS RIVER",1986,1986-06-30,181,13,0,1.82,2.18428571428688,2.89357142857209,3.85399999999984,-0.709285714285215,36.57,35,27.1325555555556,0
"1497","CHEMAINUS RIVER",1986,1986-07-01,182,14,0,2,2.07714285714402,2.7550000000005,3.63733333333318,-0.677857142856478,38.57,36,27.1325555555556,0
"1498","CHEMAINUS RIVER",1986,1986-07-02,183,15,0,2.68,2.1099999999985,2.67428571428588,3.48066666666709,-0.564285714287377,41.25,37,27.1325555555556,0
"1499","CHEMAINUS RIVER",1986,1986-07-03,184,16,0,2.27,2.11571428571395,2.5642857142853,3.34166666666667,-0.448571428571345,43.52,38,27.1325555555556,0
"1500","CHEMAINUS RIVER",1986,1986-07-04,185,17,0,2.14,2.12285714285931,2.4357142857147,3.21800000000027,-0.312857142855397,45.66,39,27.1325555555556,0
"1501","CHEMAINUS RIVER",1986,1986-07-05,186,18,0,1.77,2.09000000000067,2.30357142857143,3.09333333333295,-0.213571428570763,47.43,40,27.1325555555556,0
"1502","CHEMAINUS RIVER",1986,1986-07-06,187,19,0,1.73,2.05857142857193,2.1992857142863,2.98166666666705,-0.140714285714369,49.16,41,27.1325555555556,0
"1503","CHEMAINUS RIVER",1986,1986-07-07,188,20,0,1.59,2.02571428571329,2.10500000000008,2.87833333333353,-0.0792857142867951,50.75,42,27.1325555555556,0
"1504","CHEMAINUS RIVER",1986,1986-07-08,189,21,0,1.48,1.95142857142907,2.01428571428655,2.78600000000054,-0.0628571428574756,52.23,43,27.1325555555556,0
"1505","CHEMAINUS RIVER",1986,1986-07-09,190,22,0,1.35,1.76142857142674,1.93571428571262,2.69766666666643,-0.17428571428588,53.58,44,27.1325555555556,0
"1506","CHEMAINUS RIVER",1986,1986-07-10,191,23,0,1.45,1.64428571428704,1.8800000000005,2.62533333333364,-0.235714285713454,55.03,45,27.1325555555556,0
"1507","CHEMAINUS RIVER",1986,1986-07-11,192,24,0,1.86,1.60428571428305,1.86357142857118,2.57699999999992,-0.259285714288126,56.89,46,27.1325555555556,0
"1508","CHEMAINUS RIVER",1986,1986-07-12,193,25,0,1.95,1.6300000000005,1.86000000000058,2.54000000000039,-0.230000000000083,58.84,47,27.1325555555556,0
"1509","CHEMAINUS RIVER",1986,1986-07-13,194,26,0,1.86,1.64857142857259,1.85357142857226,2.50966666666694,-0.204999999999667,60.7,48,27.1325555555556,0
"1510","CHEMAINUS RIVER",1986,1986-07-14,195,27,0,1.73,1.66857142857043,1.84714285714186,2.47033333333287,-0.178571428571429,62.43,49,27.1325555555556,0
"1511","CHEMAINUS RIVER",1986,1986-07-15,196,28,0,1.68,1.69714285713936,1.82428571428422,2.40566666666612,-0.127142857144853,64.11,50,27.1325555555556,0
"1512","CHEMAINUS RIVER",1986,1986-07-16,197,29,0,1.55,1.72571428571661,1.74357142857168,2.32000000000019,-0.017857142855064,65.66,51,27.1325555555556,0
"1513","CHEMAINUS RIVER",1986,1986-07-17,198,30,0,1.5,1.73285714285781,1.68857142857243,2.23866666666678,0.0442857142853816,67.16,52,27.1325555555556,0
"1514","CHEMAINUS RIVER",1986,1986-07-18,199,31,0,1.4,1.66714285714469,1.63571428571387,2.15833333333333,0.0314285714308165,68.56,53,27.1325555555556,0
"1515","CHEMAINUS RIVER",1986,1986-07-19,200,32,0,1.35,1.58142857142957,1.60571428571503,2.07633333333361,-0.0242857142854649,69.91,54,27.1325555555556,0
"1516","CHEMAINUS RIVER",1986,1986-07-20,201,33,0,1.23,1.49142857142475,1.56999999999867,1.98599999999957,-0.0785714285739232,71.14,55,27.1325555555556,0
"1517","CHEMAINUS RIVER",1986,1986-07-21,202,34,0,1.14,1.40714285714369,1.53785714285706,1.90333333333353,-0.130714285713371,72.28,56,27.1325555555556,0
"1518","CHEMAINUS RIVER",1986,1986-07-22,203,35,0,1.09,1.32285714285847,1.50999999999892,1.83333333333333,-0.187142857140446,73.37,57,27.1325555555556,0
"1519","CHEMAINUS RIVER",1986,1986-07-23,204,36,0,1.09,1.25714285714119,1.4914285714289,1.77266666666643,-0.23428571428771,74.46,58,27.1325555555556,0
"1520","CHEMAINUS RIVER",1986,1986-07-24,205,37,0,1.02,1.18857142857243,1.46071428571512,1.71500000000039,-0.272142857142691,75.48,59,27.1325555555556,0
"1521","CHEMAINUS RIVER",1986,1986-07-25,206,38,0,0.942,1.12314285714196,1.39514285714332,1.6647333333327,-0.272000000001364,76.422,60,27.1325555555556,0
"1522","CHEMAINUS RIVER",1986,1986-07-26,207,39,0,1.02,1.07600000000093,1.32871428571525,1.62440000000061,-0.252714285714319,77.442,61,27.1325555555556,0
"1523","CHEMAINUS RIVER",1986,1986-07-27,208,40,0,1.04,1.04885714285774,1.27014285714124,1.58940000000002,-0.221285714283502,78.482,62,27.1325555555556,0
"1524","CHEMAINUS RIVER",1986,1986-07-28,209,41,0,0.991,1.02757142857133,1.21735714285751,1.55576666666699,-0.18978571428618,79.473,63,27.1325555555556,0
"1525","CHEMAINUS RIVER",1986,1986-07-29,210,42,0,0.942,1.0064285714304,1.16464285714444,1.52216666666694,-0.158214285714036,80.415,64,27.1325555555556,0
"1526","CHEMAINUS RIVER",1986,1986-07-30,211,43,0,0.845,0.971428571431066,1.11428571428613,1.48966666666674,-0.142857142855064,81.26,65,27.1325555555556,0
"1527","CHEMAINUS RIVER",1986,1986-07-31,212,44,0,0.724,0.929142857140895,1.05885714285666,1.44713333333299,-0.129714285715766,81.984,66,27.1325555555556,0
"1528","CHEMAINUS RIVER",1986,1986-08-01,213,45,0,0.772,0.904857142857509,1.01399999999973,1.38353333333313,-0.109142857142225,82.756,67,27.1325555555556,0
"1529","CHEMAINUS RIVER",1986,1986-08-02,214,46,0,0.748,0.865999999996607,0.970999999998769,1.33279999999989,-0.105000000002162,83.504,68,27.1325555555556,0
"1530","CHEMAINUS RIVER",1986,1986-08-03,215,47,0,0.7,0.817428571429835,0.933142857143788,1.28479999999981,-0.115714285713953,84.204,69,27.1325555555556,0
"1531","CHEMAINUS RIVER",1986,1986-08-04,216,48,0,0.7,0.775857142858773,0.901714285715051,1.24913333333388,-0.125857142856278,84.904,70,27.1325555555556,0
"1532","CHEMAINUS RIVER",1986,1986-08-05,217,49,0,0.67,0.736999999997871,0.871714285714136,1.21379999999966,-0.134714285716265,85.574,71,27.1325555555556,0
"1533","CHEMAINUS RIVER",1986,1986-08-06,218,50,0,0.639,0.707571428568502,0.839499999999784,1.18209999999963,-0.131928571431282,86.213,72,27.1325555555556,0
"1534","CHEMAINUS RIVER",1986,1986-08-07,219,51,0,0.594,0.689000000000565,0.80907142857073,1.15256666666634,-0.120071428570165,86.807,73,27.1325555555556,0
"1535","CHEMAINUS RIVER",1986,1986-08-08,220,52,0,0.564,0.659285714284384,0.782071428570946,1.12636666666658,-0.122785714286562,87.371,74,27.1325555555556,0
"1536","CHEMAINUS RIVER",1986,1986-08-09,221,53,0,0.564,0.63300000000163,0.749499999999119,1.09683333333329,-0.116499999997489,87.935,75,27.1325555555556,0
"1537","CHEMAINUS RIVER",1986,1986-08-10,222,54,0,0.87,0.657285714285016,0.737357142857426,1.0638333333336,-0.0800714285724098,88.805,76,27.1325555555556,0
"1538","CHEMAINUS RIVER",1986,1986-08-11,223,55,0,0.845,0.677999999997805,0.726928571428289,1.02699999999992,-0.048928571430484,89.65,77,27.1325555555556,0
"1539","CHEMAINUS RIVER",1986,1986-08-12,224,56,0,0.821,0.699571428571029,0.71828571428445,0.99236666666596,-0.0187142857134209,90.471,78,27.1325555555556,0
"1540","CHEMAINUS RIVER",1986,1986-08-13,225,57,0,0.87,0.732571428570996,0.720071428569749,0.963699999999759,0.0125000000012474,91.341,79,27.1325555555556,0
"1541","CHEMAINUS RIVER",1986,1986-08-14,226,58,0,0.894,0.775428571426476,0.732214285713521,0.9375,0.0432142857129553,92.235,80,27.1325555555556,0
"1542","CHEMAINUS RIVER",1986,1986-08-15,227,59,1,0.918,0.826000000000931,0.742642857142658,0.916433333332922,0.0833571428582738,93.153,81,27.1325555555556,0
"1543","CHEMAINUS RIVER",1987,1987-06-18,169,1,0,3.21,4.38571428571595,4.64785714285764,5.99066666666671,-0.262142857141693,3.21,62,21.5506629834254,0
"1544","CHEMAINUS RIVER",1987,1987-06-19,170,2,0,2.99,4.29428571428538,4.37571428571287,5.94633333333283,-0.0814285714274909,6.2,63,21.5506629834254,0
"1545","CHEMAINUS RIVER",1987,1987-06-20,171,3,0,2.9,3.7371428571392,4.16357142856993,5.89900000000004,-0.426428571430733,9.1,64,21.5506629834254,0
"1546","CHEMAINUS RIVER",1987,1987-06-21,172,4,0,4.56,3.60571428571711,4.11428571428613,5.9120000000005,-0.508571428569017,13.66,65,21.5506629834254,0
"1547","CHEMAINUS RIVER",1987,1987-06-22,173,5,0,3.58,3.48857142857326,4.01714285714219,5.90766666666702,-0.528571428568934,17.24,66,21.5506629834254,0
"1548","CHEMAINUS RIVER",1987,1987-06-23,174,6,0,3.45,3.44142857143223,3.98214285714286,5.90633333333341,-0.540714285710627,20.69,67,21.5506629834254,0
"1549","CHEMAINUS RIVER",1987,1987-06-24,175,7,0,3.04,3.38999999999734,3.91785714285756,5.89133333333302,-0.52785714286022,23.73,68,21.5506629834254,0
"1550","CHEMAINUS RIVER",1987,1987-06-25,176,8,0,2.81,3.33285714285531,3.85928571428563,5.86999999999922,-0.526428571430317,26.54,69,21.5506629834254,0
"1551","CHEMAINUS RIVER",1987,1987-06-26,177,9,0,2.72,3.29428571428538,3.79428571428538,5.84566666666651,-0.5,29.26,70,21.5506629834254,0
"1552","CHEMAINUS RIVER",1987,1987-06-27,178,10,0,2.44,3.22857142857226,3.48285714285573,5.81199999999953,-0.254285714283469,31.7,71,21.5506629834254,0
"1553","CHEMAINUS RIVER",1987,1987-06-28,179,11,0,2.35,2.91285714285498,3.25928571428605,5.77100000000016,-0.346428571431066,34.05,72,21.5506629834254,0
"1554","CHEMAINUS RIVER",1987,1987-06-29,180,12,0,2.17,2.71142857143007,3.10000000000166,5.37333333333372,-0.388571428571595,36.22,73,21.5506629834254,0
"1555","CHEMAINUS RIVER",1987,1987-06-30,181,13,0,2.12,2.52142857142774,2.98142857142998,4.71400000000043,-0.460000000002245,38.34,74,21.5506629834254,0
"1556","CHEMAINUS RIVER",1987,1987-07-01,182,14,0,1.9,2.35857142857276,2.87428571428505,4.3106666666669,-0.51571428571229,40.24,75,21.5506629834254,0
"1557","CHEMAINUS RIVER",1987,1987-07-02,183,15,0,1.85,2.22142857143107,2.77714285714319,4.01233333333318,-0.555714285712124,42.09,76,21.5506629834254,0
"1558","CHEMAINUS RIVER",1987,1987-07-03,184,16,0,1.85,2.09714285714602,2.6957142857157,3.7856666666669,-0.598571428569682,43.94,77,21.5506629834254,0
"1559","CHEMAINUS RIVER",1987,1987-07-04,185,17,0,1.71,1.99285714285881,2.61071428571553,3.58366666666698,-0.617857142856727,45.65,78,21.5506629834254,0
"1560","CHEMAINUS RIVER",1987,1987-07-05,186,18,0,1.9,1.92857142857143,2.4207142857132,3.42033333333287,-0.492142857141776,47.55,79,21.5506629834254,0
"1561","CHEMAINUS RIVER",1987,1987-07-06,187,19,0,1.71,1.86285714285415,2.28714285714211,3.28166666666608,-0.424285714287959,49.26,80,21.5506629834254,0
"1562","CHEMAINUS RIVER",1987,1987-07-07,188,20,0,1.71,1.80428571428638,2.16285714285706,3.16366666666678,-0.35857142857068,50.97,81,21.5506629834254,0
"1563","CHEMAINUS RIVER",1987,1987-07-08,189,21,0,1.94,1.81000000000183,2.08428571428729,3.06366666666678,-0.274285714285465,52.91,82,21.5506629834254,0
"1564","CHEMAINUS RIVER",1987,1987-07-09,190,22,0,1.9,1.81714285714302,2.01928571428704,2.99566666666651,-0.202142857144021,54.81,83,21.5506629834254,0
"1565","CHEMAINUS RIVER",1987,1987-07-10,191,23,0,1.71,1.79714285714103,1.94714285714352,2.9213333333338,-0.150000000002495,56.52,84,21.5506629834254,0
"1566","CHEMAINUS RIVER",1987,1987-07-11,192,24,0,1.48,1.76428571428655,1.87857142857268,2.84966666666733,-0.11428571428613,58,85,21.5506629834254,0
"1567","CHEMAINUS RIVER",1987,1987-07-12,193,25,0,1.39,1.69142857142807,1.80999999999975,2.775,-0.118571428571678,59.39,86,21.5506629834254,0
"1568","CHEMAINUS RIVER",1987,1987-07-13,194,26,0,1.26,1.62714285714485,1.7449999999995,2.59033333333306,-0.117857142854648,60.65,87,21.5506629834254,0
"1569","CHEMAINUS RIVER",1987,1987-07-14,195,27,0,1.16,1.54857142857093,1.67642857142865,2.4463333333338,-0.127857142857725,61.81,88,21.5506629834254,0
"1570","CHEMAINUS RIVER",1987,1987-07-15,196,28,0,0.936,1.40514285714016,1.607571428571,2.33086666666689,-0.202428571430833,62.746,89,21.5506629834254,0
"1571","CHEMAINUS RIVER",1987,1987-07-16,197,29,0,0.936,1.267428571429,1.54228571428601,2.23606666666747,-0.27485714285701,63.682,90,21.5506629834254,0
"1572","CHEMAINUS RIVER",1987,1987-07-17,198,30,0,0.891,1.15042857142648,1.47378571428375,2.1524333333325,-0.323357142857276,64.573,91,21.5506629834254,0
"1573","CHEMAINUS RIVER",1987,1987-07-18,199,31,0,0.708,1.04014285714116,1.40221428571385,2.06903333333321,-0.362071428572692,65.281,92,21.5506629834254,0
"1574","CHEMAINUS RIVER",1987,1987-07-19,200,32,0,0.754,0.949285714288375,1.32035714285822,1.9945000000007,-0.371071428569849,66.035,93,21.5506629834254,0
"1575","CHEMAINUS RIVER",1987,1987-07-20,201,33,0,0.571,0.850857142857941,1.2390000000014,1.91686666666743,-0.388142857143456,66.606,94,21.5506629834254,0
"1576","CHEMAINUS RIVER",1987,1987-07-21,202,34,0,0.48,0.753714285711924,1.15114285714143,1.78086666666592,-0.397428571429503,67.086,95,21.5506629834254,0
"1577","CHEMAINUS RIVER",1987,1987-07-22,203,35,0,0.425,0.680714285716281,1.04292857142822,1.67570000000026,-0.362214285711941,67.511,96,21.5506629834254,0
"1578","CHEMAINUS RIVER",1987,1987-07-23,204,36,0,0.425,0.607714285712323,0.937571428570664,1.57486666666615,-0.32985714285834,67.936,97,21.5506629834254,0
"1579","CHEMAINUS RIVER",1987,1987-07-24,205,37,0,0.48,0.549000000003226,0.849714285714851,1.48953333333387,-0.300714285711625,68.416,98,21.5506629834254,0
"1580","CHEMAINUS RIVER",1987,1987-07-25,206,38,0,0.571,0.52942857142937,0.784785714285265,1.41490000000049,-0.255357142855896,68.987,99,21.5506629834254,0
"1581","CHEMAINUS RIVER",1987,1987-07-26,207,39,0,0.617,0.509857142855513,0.729571428571944,1.3448000000004,-0.219714285716431,69.604,100,21.5506629834254,0
"1582","CHEMAINUS RIVER",1987,1987-07-27,208,40,0,0.571,0.509857142855513,0.680357142856727,1.28250000000019,-0.170500000001214,70.175,101,21.5506629834254,0
"1583","CHEMAINUS RIVER",1987,1987-07-28,209,41,0,0.48,0.509857142859671,0.631785714285797,1.22016666666702,-0.121928571426127,70.655,102,21.5506629834254,0
"1584","CHEMAINUS RIVER",1987,1987-07-29,210,42,0,0.347,0.498714285711425,0.589714285713853,1.15939999999925,-0.0910000000024281,71.002,103,21.5506629834254,0
"1585","CHEMAINUS RIVER",1987,1987-07-30,211,43,0,0.347,0.487571428571495,0.547642857141909,1.1002999999997,-0.0600714285704141,71.349,104,21.5506629834254,0
"1586","CHEMAINUS RIVER",1987,1987-07-31,212,44,0,0.347,0.468571428571262,0.508785714287244,1.04853333333352,-0.040214285715982,71.696,105,21.5506629834254,0
"1587","CHEMAINUS RIVER",1987,1987-08-01,213,45,0,0.37,0.439857142856844,0.484642857143107,0.999199999999837,-0.0447857142862631,72.066,106,21.5506629834254,0
"1588","CHEMAINUS RIVER",1987,1987-08-02,214,46,0,0.323,0.397857142857642,0.453857142856577,0.948299999999775,-0.0559999999989356,72.389,107,21.5506629834254,0
"1589","CHEMAINUS RIVER",1987,1987-08-03,215,47,0,0.287,0.357285714284184,0.433571428569849,0.900866666666116,-0.0762857142856644,72.676,108,21.5506629834254,0
"1590","CHEMAINUS RIVER",1987,1987-08-04,216,48,0,0.24,0.3229999999998,0.416428571429736,0.845533333333636,-0.0934285714299352,72.916,109,21.5506629834254,0
"1591","CHEMAINUS RIVER",1987,1987-08-05,217,49,0,0.287,0.314428571428704,0.406571428570065,0.798099999999977,-0.0921428571413604,73.203,110,21.5506629834254,0
"1592","CHEMAINUS RIVER",1987,1987-08-06,218,50,0,0.24,0.299142857144553,0.393357142858024,0.749099999999938,-0.0942142857134708,73.443,111,21.5506629834254,0
"1593","CHEMAINUS RIVER",1987,1987-08-07,219,51,0,0.347,0.299142857140396,0.383857142855829,0.695999999999185,-0.0847142857154332,73.79,112,21.5506629834254,0
"1594","CHEMAINUS RIVER",1987,1987-08-08,220,52,0,0.287,0.287285714285515,0.363571428571179,0.642233333333085,-0.0762857142856644,74.077,113,21.5506629834254,0
"1595","CHEMAINUS RIVER",1987,1987-08-09,221,53,0,0.287,0.282142857143689,0.340000000000665,0.594800000000396,-0.0578571428569765,74.364,114,21.5506629834254,0
"1596","CHEMAINUS RIVER",1987,1987-08-10,222,54,0,0.273,0.280142857144321,0.318714285714252,0.554566666666263,-0.0385714285699318,74.637,115,21.5506629834254,0
"1597","CHEMAINUS RIVER",1987,1987-08-11,223,55,0,0.287,0.286857142857376,0.304928571428588,0.517800000000473,-0.0180714285712124,74.924,116,21.5506629834254,0
"1598","CHEMAINUS RIVER",1987,1987-08-12,224,56,0,0.273,0.284857142858008,0.299642857143356,0.484899999999713,-0.0147857142853484,75.197,117,21.5506629834254,0
"1599","CHEMAINUS RIVER",1987,1987-08-13,225,57,0,0.617,0.33871428571209,0.318928571428322,0.466799999999542,0.0197857142837685,75.814,118,21.5506629834254,0
"1600","CHEMAINUS RIVER",1987,1987-08-14,226,58,0,1.07,0.442000000001696,0.370571428571046,0.471266666666876,0.0714285714306502,76.884,119,21.5506629834254,0
"1601","CHEMAINUS RIVER",1987,1987-08-15,227,59,0,1.03,0.548142857142791,0.417714285714153,0.474399999999635,0.130428571428638,77.914,120,21.5506629834254,0
"1602","CHEMAINUS RIVER",1987,1987-08-16,228,60,0,0.936,0.640857142853617,0.461499999998653,0.475900000000062,0.179357142854964,78.85,121,21.5506629834254,0
"1603","CHEMAINUS RIVER",1987,1987-08-17,229,61,0,0.845,0.722571428569998,0.501357142857159,0.480466666666325,0.221214285712839,79.695,122,21.5506629834254,0
"1604","CHEMAINUS RIVER",1987,1987-08-18,230,62,0,0.754,0.789285714284883,0.538071428571129,0.480466666666325,0.251214285713753,80.449,123,21.5506629834254,0
"1605","CHEMAINUS RIVER",1987,1987-08-19,231,63,0,0.571,0.831857142857708,0.558357142857858,0.480466666666325,0.27349999999985,81.02,124,21.5506629834254,0
"1606","CHEMAINUS RIVER",1987,1987-08-20,232,64,0,0.571,0.82528571428598,0.581999999999035,0.483500000000155,0.243285714286945,81.591,125,21.5506629834254,0
"1607","CHEMAINUS RIVER",1987,1987-08-21,233,65,0,0.48,0.741000000000765,0.591500000001231,0.485333333333256,0.149499999999534,82.071,126,21.5506629834254,0
"1608","CHEMAINUS RIVER",1987,1987-08-22,234,66,0,0.398,0.650714285713288,0.599428571428039,0.484433333333194,0.0512857142852485,82.469,127,21.5506629834254,0
"1609","CHEMAINUS RIVER",1987,1987-08-23,235,67,0,0.398,0.573857142860236,0.607357142856927,0.481700000000031,-0.0334999999966905,82.867,128,21.5506629834254,0
"1610","CHEMAINUS RIVER",1987,1987-08-24,236,68,0,0.323,0.499285714289207,0.610928571429603,0.47343333333362,-0.111642857140396,83.19,129,21.5506629834254,0
"1611","CHEMAINUS RIVER",1987,1987-08-25,237,69,0,0.25,0.427285714287012,0.608285714285947,0.461200000000342,-0.180999999998936,83.44,130,21.5506629834254,0
"1612","CHEMAINUS RIVER",1987,1987-08-26,238,70,0,0.24,0.380000000000499,0.605928571429104,0.450166666666822,-0.225928571428605,83.68,131,21.5506629834254,0
"1613","CHEMAINUS RIVER",1987,1987-08-27,239,71,0,0.23,0.331285714288242,0.578285714287111,0.441833333333489,-0.246999999998869,83.91,132,21.5506629834254,0
"1614","CHEMAINUS RIVER",1987,1987-08-28,240,72,0,0.23,0.295571428569799,0.518285714285282,0.437933333333543,-0.222714285715483,84.14,133,21.5506629834254,0
"1615","CHEMAINUS RIVER",1987,1987-08-29,241,73,0,0.206,0.268142857143955,0.459428571428621,0.433233333333434,-0.191285714284667,84.346,134,21.5506629834254,0
"1616","CHEMAINUS RIVER",1987,1987-08-30,242,74,0,0.212,0.241571428570231,0.407714285715234,0.428733333333124,-0.166142857145003,84.558,135,21.5506629834254,0
"1617","CHEMAINUS RIVER",1987,1987-08-31,243,75,0,0.224,0.227428571425012,0.36335714285711,0.423866666666193,-0.135928571432097,84.782,136,21.5506629834254,0
"1618","CHEMAINUS RIVER",1987,1987-09-01,244,76,0,0.188,0.218571428571262,0.322928571429137,0.419366666666853,-0.104357142857875,84.97,137,21.5506629834254,0
"1619","CHEMAINUS RIVER",1987,1987-09-02,245,77,0,0.2,0.212857142855812,0.296428571428156,0.416466666666868,-0.0835714285723433,85.17,138,21.5506629834254,0
"1620","CHEMAINUS RIVER",1987,1987-09-03,246,78,0,0.224,0.211999999999534,0.271642857143888,0.415933333333426,-0.0596428571443539,85.394,139,21.5506629834254,0
"1621","CHEMAINUS RIVER",1987,1987-09-04,247,79,0,0.206,0.208571428570264,0.252071428570032,0.41323333333324,-0.0434999999997671,85.6,140,21.5506629834254,0
"1622","CHEMAINUS RIVER",1987,1987-09-05,248,80,0,0.206,0.208571428570264,0.23835714285711,0.412099999999433,-0.0297857142868452,85.806,141,21.5506629834254,0
"1623","CHEMAINUS RIVER",1987,1987-09-06,249,81,0,0.206,0.207714285713986,0.224642857142109,0.407400000000295,-0.0169285714281224,86.012,142,21.5506629834254,0
"1624","CHEMAINUS RIVER",1987,1987-09-07,250,82,0,0.194,0.203428571428438,0.215428571426725,0.404299999999542,-0.011999999998287,86.206,143,21.5506629834254,0
"1625","CHEMAINUS RIVER",1987,1987-09-08,251,83,0,0.194,0.204285714284716,0.211428571427989,0.401199999999759,-0.0071428571432729,86.4,144,21.5506629834254,0
"1626","CHEMAINUS RIVER",1987,1987-09-09,252,84,0,0.194,0.203428571428438,0.208142857142125,0.398566666666496,-0.00471428571368701,86.594,145,21.5506629834254,0
"1627","CHEMAINUS RIVER",1987,1987-09-10,253,85,0,0.194,0.19914285714289,0.205571428571212,0.395466666666713,-0.00642857142832198,86.788,146,21.5506629834254,0
"1628","CHEMAINUS RIVER",1987,1987-09-11,254,86,0,0.194,0.197428571430334,0.203000000000299,0.39283333333345,-0.00557142856996506,86.982,147,21.5506629834254,0
"1629","CHEMAINUS RIVER",1987,1987-09-12,255,87,0,0.194,0.19571428571362,0.202142857141942,0.378733333333124,-0.00642857142832196,87.176,148,21.5506629834254,0
"1630","CHEMAINUS RIVER",1987,1987-09-13,256,88,0,0.218,0.197428571430334,0.20257142857216,0.350333333333644,-0.00514285714182602,87.394,149,21.5506629834254,0
"1631","CHEMAINUS RIVER",1987,1987-09-14,257,89,0,0.218,0.200857142859604,0.202142857144021,0.323266666666799,-0.00128571428441709,87.612,150,21.5506629834254,0
"1632","CHEMAINUS RIVER",1987,1987-09-15,258,90,0,0.273,0.212142857140861,0.208214285712789,0.301166666666783,0.00392857142807251,87.885,151,21.5506629834254,0
"1633","CHEMAINUS RIVER",1987,1987-09-16,259,91,0,0.287,0.225428571429802,0.21442857142912,0.282566666667117,0.0110000000006819,88.172,152,21.5506629834254,0
"1634","CHEMAINUS RIVER",1987,1987-09-17,260,92,0,0.287,0.238714285714585,0.218928571428738,0.26700000000031,0.0197857142858473,88.459,153,21.5506629834254,0
"1635","CHEMAINUS RIVER",1987,1987-09-18,261,93,0,0.287,0.251999999999368,0.224714285714851,0.25753333333317,0.0272857142845168,88.746,154,21.5506629834254,0
"1636","CHEMAINUS RIVER",1987,1987-09-19,262,94,0,0.26,0.2614285714309,0.22857142857226,0.247166666666938,0.0328571428586396,89.006,155,21.5506629834254,0
"1637","CHEMAINUS RIVER",1987,1987-09-20,263,95,0,0.26,0.267428571429004,0.232428571429669,0.239833333333566,0.0349999999993348,89.266,156,21.5506629834254,0
"1638","CHEMAINUS RIVER",1987,1987-09-21,264,96,0,0.273,0.275285714285149,0.238071428572377,0.2356666666669,0.0372142857127723,89.539,157,21.5506629834254,0
"1639","CHEMAINUS RIVER",1987,1987-09-22,265,97,0,0.24,0.270571428571462,0.241357142856162,0.230399999999402,0.0292142857153002,89.779,158,21.5506629834254,0
"1640","CHEMAINUS RIVER",1987,1987-09-23,266,98,0,0.206,0.258999999999235,0.242214285714519,0.226499999999457,0.0167857142847165,89.985,159,21.5506629834254,0
"1641","CHEMAINUS RIVER",1987,1987-09-24,267,99,0,0.218,0.249142857139564,0.243928571427075,0.225433333332573,0.00521428571248958,90.203,160,21.5506629834254,0
"1642","CHEMAINUS RIVER",1987,1987-09-25,268,100,0,0.218,0.239285714288209,0.245642857143788,0.224700000000303,-0.00635714285557956,90.421,161,21.5506629834254,0
"1643","CHEMAINUS RIVER",1987,1987-09-26,269,101,0,0.218,0.233285714285947,0.247357142858423,0.224299999999736,-0.0140714285724763,90.639,162,21.5506629834254,0
"1644","CHEMAINUS RIVER",1987,1987-09-27,270,102,0,0.224,0.228142857139963,0.247785714284484,0.224099999999938,-0.0196428571445202,90.863,163,21.5506629834254,0
"1645","CHEMAINUS RIVER",1987,1987-09-28,271,103,0,0.218,0.220285714283818,0.247785714284484,0.224499999999534,-0.0275000000006652,91.081,164,21.5506629834254,0
"1646","CHEMAINUS RIVER",1987,1987-09-29,272,104,0,0.212,0.216285714285082,0.243428571428272,0.224499999999534,-0.0271428571431898,91.293,165,21.5506629834254,0
"1647","CHEMAINUS RIVER",1987,1987-09-30,273,105,0,0.206,0.216285714285082,0.237642857142159,0.22390000000014,-0.0213571428570763,91.499,166,21.5506629834254,0
"1648","CHEMAINUS RIVER",1987,1987-10-01,274,106,1,0.206,0.214571428572526,0.231857142856045,0.224499999999534,-0.017285714283519,91.705,167,21.5506629834254,0
"1649","CHEMAINUS RIVER",1988,1988-06-17,169,1,0,5.3,6.62714285714485,9.37071428571445,12.0813333333334,-2.7435714285696,5.3,14,19.7998342541436,0
"1650","CHEMAINUS RIVER",1988,1988-06-18,170,2,0,5.25,6.14714285714685,8.36714285714386,11.7896666666667,-2.21999999999701,10.55,15,19.7998342541436,0
"1651","CHEMAINUS RIVER",1988,1988-06-19,171,3,0,4.88,5.80285714285648,7.64428571428704,11.549000000001,-1.84142857143057,15.43,16,19.7998342541436,0
"1652","CHEMAINUS RIVER",1988,1988-06-20,172,4,0,4.09,5.42857142857143,7.06499999999817,11.3186666666666,-1.63642857142674,19.52,17,19.7998342541436,0
"1653","CHEMAINUS RIVER",1988,1988-06-21,173,5,0,3.85,5.07142857142857,6.59714285714186,11.0369999999995,-1.52571428571329,23.37,18,19.7998342541436,0
"1654","CHEMAINUS RIVER",1988,1988-06-22,174,6,0,3.93,4.7471428571402,6.16857142857043,10.7113333333342,-1.42142857143023,27.3,19,19.7998342541436,0
"1655","CHEMAINUS RIVER",1988,1988-06-23,175,7,0,3.73,4.43285714285282,5.80214285714153,10.5099999999996,-1.36928571428871,31.03,20,19.7998342541436,0
"1656","CHEMAINUS RIVER",1988,1988-06-24,176,8,0,3.32,4.14999999999834,5.38857142857159,10.3343333333323,-1.23857142857326,34.35,21,19.7998342541436,0
"1657","CHEMAINUS RIVER",1988,1988-06-25,177,9,0,3.01,3.82999999999967,4.98857142857326,10.1616666666659,-1.15857142857359,37.36,22,19.7998342541436,0
"1658","CHEMAINUS RIVER",1988,1988-06-26,178,10,0,2.88,3.54428571428538,4.67357142857093,9.83099999999977,-1.12928571428555,40.24,23,19.7998342541436,0
"1659","CHEMAINUS RIVER",1988,1988-06-27,179,11,0,2.71,3.34714285715017,4.3878571428608,8.98466666666791,-1.04071428571063,42.95,24,19.7998342541436,0
"1660","CHEMAINUS RIVER",1988,1988-06-28,180,12,0,2.42,3.14285714285714,4.10714285714286,8.36533333333403,-0.964285714285714,45.37,25,19.7998342541436,0
"1661","CHEMAINUS RIVER",1988,1988-06-29,181,13,0,2.35,2.91714285714053,3.83214285714036,7.96366666666581,-0.914999999999834,47.72,26,19.7998342541436,0
"1662","CHEMAINUS RIVER",1988,1988-06-30,182,14,0,2.19,2.69714285714352,3.56499999999817,7.63666666666589,-0.867857142854648,49.91,27,19.7998342541436,0
"1663","CHEMAINUS RIVER",1988,1988-07-01,183,15,0,2.04,2.5142857142907,3.33214285714452,7.28800000000047,-0.817857142853817,51.95,28,19.7998342541436,0
"1664","CHEMAINUS RIVER",1988,1988-07-02,184,16,0,2.96,2.50714285714119,3.16857142857043,6.8966666666655,-0.661428571429237,54.91,29,19.7998342541436,0
"1665","CHEMAINUS RIVER",1988,1988-07-03,185,17,0,2.93,2.51428571428239,3.02928571428388,6.12433333333271,-0.515000000001497,57.84,30,19.7998342541436,0
"1666","CHEMAINUS RIVER",1988,1988-07-04,186,18,0,2.42,2.47285714285681,2.91000000000349,5.56166666666783,-0.437142857146682,60.26,31,19.7998342541436,0
"1667","CHEMAINUS RIVER",1988,1988-07-05,187,19,0,2.38,2.46714285714552,2.80500000000133,5.14100000000132,-0.337857142855813,62.64,32,19.7998342541436,0
"1668","CHEMAINUS RIVER",1988,1988-07-06,188,20,0,2.74,2.5228571428618,2.72000000000116,4.82566666666729,-0.197142857139365,65.38,33,19.7998342541436,0
"1669","CHEMAINUS RIVER",1988,1988-07-07,189,21,0,2.39,2.55142857142658,2.62428571428505,4.55866666666504,-0.072857142858473,67.77,34,19.7998342541436,0
"1670","CHEMAINUS RIVER",1988,1988-07-08,190,22,0,2.15,2.56714285713887,2.54071428571478,4.29933333333271,0.0264285714240811,69.92,35,19.7998342541436,0
"1671","CHEMAINUS RIVER",1988,1988-07-09,191,23,0,1.92,2.41857142857043,2.46285714285581,4.0679999999993,-0.0442857142853819,71.84,36,19.7998342541436,0
"1672","CHEMAINUS RIVER",1988,1988-07-10,192,24,0,1.77,2.2528571428598,2.3835714285711,3.82333333333372,-0.130714285711292,73.61,37,19.7998342541436,0
"1673","CHEMAINUS RIVER",1988,1988-07-11,193,25,0,1.64,2.14142857142724,2.30714285714203,3.59100000000132,-0.165714285714785,75.25,38,19.7998342541436,0
"1674","CHEMAINUS RIVER",1988,1988-07-12,194,26,0,1.74,2.04999999999667,2.2585714285711,3.40599999999977,-0.208571428574422,76.99,39,19.7998342541436,0
"1675","CHEMAINUS RIVER",1988,1988-07-13,195,27,0,2.26,1.98142857142791,2.25214285714485,3.25766666666799,-0.270714285716947,79.25,40,19.7998342541436,0
"1676","CHEMAINUS RIVER",1988,1988-07-14,196,28,0,2.07,1.93571428572094,2.24357142857376,3.11500000000039,-0.307857142852819,81.32,41,19.7998342541436,0
"1677","CHEMAINUS RIVER",1988,1988-07-15,197,29,0,1.78,1.88285714285614,2.22499999999751,2.96766666666566,-0.34214285714136,83.1,42,19.7998342541436,0
"1678","CHEMAINUS RIVER",1988,1988-07-16,198,30,0,1.56,1.83142857142957,2.125,2.82199999999915,-0.293571428570431,84.66,43,19.7998342541436,0
"1679","CHEMAINUS RIVER",1988,1988-07-17,199,31,0,1.4,1.77857142857309,2.01571428571645,2.69200000000031,-0.237142857143356,86.06,44,19.7998342541436,0
"1680","CHEMAINUS RIVER",1988,1988-07-18,200,32,0,1.29,1.7285714285681,1.93499999999767,2.55999999999961,-0.206428571429569,87.35,45,19.7998342541436,0
"1681","CHEMAINUS RIVER",1988,1988-07-19,201,33,0,1.23,1.65571428571794,1.85285714285731,2.43833333333411,-0.197142857139365,88.58,46,19.7998342541436,0
"1682","CHEMAINUS RIVER",1988,1988-07-20,202,34,0,1.21,1.50571428571129,1.7435714285696,2.34233333333395,-0.237857142858307,89.79,47,19.7998342541436,0
"1683","CHEMAINUS RIVER",1988,1988-07-21,203,35,0,1.2,1.38142857142624,1.65857142857359,2.25399999999984,-0.277142857147348,90.99,48,19.7998342541436,0
"1684","CHEMAINUS RIVER",1988,1988-07-22,204,36,0,1.09,1.2828571428628,1.58285714285947,2.15933333333426,-0.299999999996674,92.08,49,19.7998342541436,0
"1685","CHEMAINUS RIVER",1988,1988-07-23,205,37,0,1.04,1.20857142857442,1.520000000002,2.06966666666752,-0.311428571427574,93.12,50,19.7998342541436,0
"1686","CHEMAINUS RIVER",1988,1988-07-24,206,38,0,0.965,1.14642857142358,1.46249999999834,1.9911666666662,-0.316071428574755,94.085,51,19.7998342541436,0
"1687","CHEMAINUS RIVER",1988,1988-07-25,207,39,0,0.869,1.08628571428458,1.40742857142634,1.91979999999943,-0.321142857141759,94.954,52,19.7998342541436,0
"1688","CHEMAINUS RIVER",1988,1988-07-26,208,40,0,0.746,1.01714285714219,1.33642857143007,1.84866666666737,-0.319285714287876,95.7,53,19.7998342541436,0
"1689","CHEMAINUS RIVER",1988,1988-07-27,209,41,0,0.739,0.949857142861999,1.22778571428665,1.78296666666671,-0.277928571424646,96.439,54,19.7998342541436,0
"1690","CHEMAINUS RIVER",1988,1988-07-28,210,42,0,0.689,0.876857142853883,1.12914285714006,1.72526666666575,-0.25228571428618,97.128,55,19.7998342541436,0
"1691","CHEMAINUS RIVER",1988,1988-07-29,211,43,0,0.69,0.8197142857077,1.05128571428525,1.66993333333327,-0.231571428577549,97.818,56,19.7998342541436,0
"1692","CHEMAINUS RIVER",1988,1988-07-30,212,44,0,0.663,0.765857142853617,0.98721428571402,1.61903333333321,-0.221357142860402,98.481,57,19.7998342541436,0
"1693","CHEMAINUS RIVER",1988,1988-07-31,213,45,0,0.644,0.720000000005322,0.933214285714452,1.57249999999961,-0.21321428570913,99.125,58,19.7998342541436,0
"1694","CHEMAINUS RIVER",1988,1988-08-01,214,46,0,0.606,0.682428571428838,0.88435714285671,1.49403333333321,-0.201928571427873,99.731,59,19.7998342541436,0
"1695","CHEMAINUS RIVER",1988,1988-08-02,215,47,0,0.56,0.655857142850956,0.836499999996574,1.41503333333336,-0.180642857145618,100.291,60,19.7998342541436,0
"1696","CHEMAINUS RIVER",1988,1988-08-03,216,48,0,0.497,0.621285714283918,0.785571428572959,1.35093333333304,-0.16428571428904,100.788,61,19.7998342541436,0
"1697","CHEMAINUS RIVER",1988,1988-08-04,217,49,0,0.48,0.591428571430567,0.734142857142225,1.28759999999893,-0.142714285711658,101.268,62,19.7998342541436,0
"1698","CHEMAINUS RIVER",1988,1988-08-05,218,50,0,0.443,0.556142857148578,0.687928571428139,1.21103333333352,-0.131785714279561,101.711,63,19.7998342541436,0
"1699","CHEMAINUS RIVER",1988,1988-08-06,219,51,0,0.478,0.529714285720339,0.647785714286978,1.14730000000175,-0.118071428566639,102.189,64,19.7998342541436,0
"1700","CHEMAINUS RIVER",1988,1988-08-07,220,52,0,0.466,0.50428571428139,0.612142857143356,1.0911666666662,-0.107857142861966,102.655,65,19.7998342541436,0
"1701","CHEMAINUS RIVER",1988,1988-08-08,221,53,0,0.416,0.477142857146516,0.579785714287677,1.0410333333343,-0.102642857141161,103.071,66,19.7998342541436,0
"1702","CHEMAINUS RIVER",1988,1988-08-09,222,54,0,0.43,0.458571428574422,0.557214285712689,0.996366666666775,-0.098642857138267,103.501,67,19.7998342541436,0
"1703","CHEMAINUS RIVER",1988,1988-08-10,223,55,0,0.397,0.444285714283719,0.532785714283818,0.954933333332883,-0.0885000000000998,103.898,68,19.7998342541436,0
"1704","CHEMAINUS RIVER",1988,1988-08-11,224,56,0,0.379,0.429857142860003,0.510642857145285,0.909566666667039,-0.0807857142852819,104.277,69,19.7998342541436,0
"1705","CHEMAINUS RIVER",1988,1988-08-12,225,57,0,0.374,0.420000000000333,0.488071428574455,0.846700000000419,-0.0680714285741227,104.651,70,19.7998342541436,0
"1706","CHEMAINUS RIVER",1988,1988-08-13,226,58,0,0.353,0.40214285714319,0.465928571431765,0.789466666666946,-0.0637857142885748,105.004,71,19.7998342541436,0
"1707","CHEMAINUS RIVER",1988,1988-08-14,227,59,0,0.35,0.385571428574622,0.444928571428006,0.741800000000512,-0.0593571428533843,105.354,72,19.7998342541436,0
"1708","CHEMAINUS RIVER",1988,1988-08-15,228,60,0,0.371,0.379142857140063,0.42814285714329,0.702166666666744,-0.0490000000032264,105.725,73,19.7998342541436,0
"1709","CHEMAINUS RIVER",1988,1988-08-16,229,61,0,0.544,0.395428571425977,0.4270000000002,0.673633333332449,-0.0315714285742225,106.269,74,19.7998342541436,0
"1710","CHEMAINUS RIVER",1988,1988-08-17,230,62,0,0.61,0.425857142861267,0.435071428572493,0.650966666667955,-0.00921428571122562,106.879,75,19.7998342541436,0
"1711","CHEMAINUS RIVER",1988,1988-08-18,231,63,0,0.632,0.461999999999534,0.445928571429769,0.631033333332743,0.0160714285697655,107.511,76,19.7998342541436,0
"1712","CHEMAINUS RIVER",1988,1988-08-19,232,64,0,0.558,0.488285714278131,0.454142857139232,0.609299999999348,0.034142857138899,108.069,77,19.7998342541436,0
"1713","CHEMAINUS RIVER",1988,1988-08-20,233,65,0,0.491,0.507999999997472,0.455071428570331,0.585666666666899,0.0529285714271412,108.56,78,19.7998342541436,0
"1714","CHEMAINUS RIVER",1988,1988-08-21,234,66,0,0.422,0.518285714281124,0.451928571427873,0.563399999998122,0.0663571428532513,108.982,79,19.7998342541436,0
"1715","CHEMAINUS RIVER",1988,1988-08-22,235,67,0,0.385,0.52028571428465,0.449714285712357,0.541566666665797,0.0705714285722933,109.367,80,19.7998342541436,0
"1716","CHEMAINUS RIVER",1988,1988-08-23,236,68,0,0.345,0.491857142861201,0.443642857143589,0.520900000001226,0.0482142857176118,109.712,81,19.7998342541436,0
"1717","CHEMAINUS RIVER",1988,1988-08-24,237,69,0,0.321,0.450571428568635,0.438214285714951,0.502633333334234,0.0123571428536836,110.033,82,19.7998342541436,0
"1718","CHEMAINUS RIVER",1988,1988-08-25,238,70,0,0.288,0.401428571428239,0.431714285713887,0.487366666666154,-0.0302857142856478,110.321,83,19.7998342541436,0
"1719","CHEMAINUS RIVER",1988,1988-08-26,239,71,0,0.27,0.360285714293631,0.424285714285881,0.471733333333395,-0.06399999999225,110.591,84,19.7998342541436,0
"1720","CHEMAINUS RIVER",1988,1988-08-27,240,72,0,0.266,0.328142857137469,0.41807142856747,0.457633333333069,-0.0899285714300017,110.857,85,19.7998342541436,0
"1721","CHEMAINUS RIVER",1988,1988-08-28,241,73,0,0.256,0.304428571436022,0.411357142858573,0.443166666668064,-0.106928571422551,111.113,86,19.7998342541436,0
"1722","CHEMAINUS RIVER",1988,1988-08-29,242,74,0,0.241,0.283857142860402,0.402071428572526,0.429100000000714,-0.118214285712124,111.354,87,19.7998342541436,0
"1723","CHEMAINUS RIVER",1988,1988-08-30,243,75,0,0.22,0.265999999994944,0.378928571428073,0.414966666665471,-0.112928571433128,111.574,88,19.7998342541436,0
"1724","CHEMAINUS RIVER",1988,1988-08-31,244,76,0,0.239,0.25428571428139,0.352428571425012,0.402733333333163,-0.0981428571436221,111.813,89,19.7998342541436,0
"1725","CHEMAINUS RIVER",1988,1988-09-01,245,77,0,0.232,0.246285714283918,0.323857142856078,0.391800000000512,-0.0775714285721603,112.045,90,19.7998342541436,0
"1726","CHEMAINUS RIVER",1988,1988-09-02,246,78,0,0.217,0.238714285710427,0.299500000002029,0.382466666666248,-0.0607857142916016,112.262,91,19.7998342541436,0
"1727","CHEMAINUS RIVER",1988,1988-09-03,247,79,0,0.206,0.230142857147647,0.279142857142558,0.373333333333721,-0.048999999994911,112.468,92,19.7998342541436,0
"1728","CHEMAINUS RIVER",1988,1988-09-04,248,80,0,0.182,0.21957142856471,0.262000000000366,0.364633333331828,-0.0424285714356561,112.65,93,19.7998342541436,0
"1729","CHEMAINUS RIVER",1988,1988-09-05,249,81,0,0.193,0.212714285714485,0.248285714287444,0.355133333332681,-0.0355714285729586,112.843,94,19.7998342541436,0
"1730","CHEMAINUS RIVER",1988,1988-09-06,250,82,0,0.168,0.205285714290637,0.235642857142791,0.345200000000962,-0.0303571428521536,113.011,95,19.7998342541436,0
"1731","CHEMAINUS RIVER",1988,1988-09-07,251,83,0,0.181,0.197000000002195,0.225642857141793,0.337366666666154,-0.0286428571395975,113.192,96,19.7998342541436,0
"1732","CHEMAINUS RIVER",1988,1988-09-08,252,84,0,0.201,0.192571428571162,0.21942857142754,0.329733333333085,-0.0268571428563779,113.393,97,19.7998342541436,0
"1733","CHEMAINUS RIVER",1988,1988-09-09,253,85,0,0.208,0.191285714282588,0.214999999996508,0.32343333333265,-0.0237142857139198,113.601,98,19.7998342541436,0
"1734","CHEMAINUS RIVER",1988,1988-09-10,254,86,0,0.257,0.198571428573424,0.214357142860536,0.319366666666853,-0.0157857142871113,113.858,99,19.7998342541436,0
"1735","CHEMAINUS RIVER",1988,1988-09-11,255,87,0,0.247,0.207857142859471,0.21371428571209,0.315133333332293,-0.00585714285261929,114.105,100,19.7998342541436,0
"1736","CHEMAINUS RIVER",1988,1988-09-12,256,88,0,0.211,0.210428571428305,0.211571428571395,0.310399999999208,-0.00114285714308995,114.316,101,19.7998342541436,0
"1737","CHEMAINUS RIVER",1988,1988-09-13,257,89,0,0.212,0.216714285713221,0.211000000001929,0.305799999999969,0.00571428571129218,114.528,102,19.7998342541436,0
"1738","CHEMAINUS RIVER",1988,1988-09-14,258,90,0,0.187,0.217571428569499,0.207285714285847,0.299666666666356,0.0102857142836521,114.715,103,19.7998342541436,0
"1739","CHEMAINUS RIVER",1988,1988-09-15,259,91,0,0.178,0.214285714285714,0.203428571428438,0.287466666667024,0.0108571428572759,114.893,104,19.7998342541436,0
"1740","CHEMAINUS RIVER",1988,1988-09-16,260,92,0,0.197,0.212714285714485,0.201999999998536,0.273699999998401,0.0107142857159488,115.09,105,19.7998342541436,0
"1741","CHEMAINUS RIVER",1988,1988-09-17,261,93,0,0.219,0.207285714285847,0.202928571429636,0.259933333333659,0.00435714285621153,115.309,106,19.7998342541436,0
"1742","CHEMAINUS RIVER",1988,1988-09-18,262,94,0,0.271,0.210714285719275,0.209285714289373,0.25036666666856,0.00142857142990188,115.58,107,19.7998342541436,0
"1743","CHEMAINUS RIVER",1988,1988-09-19,263,95,0,0.517,0.254428571431033,0.232428571429669,0.251233333333706,0.0220000000013637,116.097,108,19.7998342541436,0
"1744","CHEMAINUS RIVER",1988,1988-09-20,264,96,0,0.486,0.293571428570431,0.255142857141826,0.253366666667474,0.0384285714286047,116.583,109,19.7998342541436,0
"1745","CHEMAINUS RIVER",1988,1988-09-21,265,97,0,0.428,0.328000000004457,0.272785714286978,0.254800000000978,0.0552142857174788,117.011,110,19.7998342541436,0
"1746","CHEMAINUS RIVER",1988,1988-09-22,266,98,0,0.374,0.356000000003925,0.28514285714482,0.255766666666993,0.0708571428591053,117.385,111,19.7998342541436,0
"1747","CHEMAINUS RIVER",1988,1988-09-23,267,99,0,0.512,0.401000000004257,0.306857142859371,0.26213333333338,0.0941428571448861,117.897,112,19.7998342541436,0
"1748","CHEMAINUS RIVER",1988,1988-09-24,268,100,0,0.626,0.459142857139731,0.333214285712789,0.273399999999674,0.125928571426942,118.523,113,19.7998342541436,0
"1749","CHEMAINUS RIVER",1988,1988-09-25,269,101,1,1.35,0.613285714278131,0.411999999998703,0.309399999998277,0.201285714279428,119.873,114,19.7998342541436,0
"1750","CHEMAINUS RIVER",1989,1989-06-18,169,1,0,1.84,1.89571428571695,2.23071428571711,3.4640000000014,-0.335000000000166,1.84,48,19.3539024390244,0
"1751","CHEMAINUS RIVER",1989,1989-06-19,170,2,0,1.71,1.85999999999435,2.10642857142791,3.36766666666566,-0.246428571433561,3.55,49,19.3539024390244,0
"1752","CHEMAINUS RIVER",1989,1989-06-20,171,3,0,1.67,1.82857142857808,2.00571428571545,3.27933333333349,-0.177142857137369,5.22,50,19.3539024390244,0
"1753","CHEMAINUS RIVER",1989,1989-06-21,172,4,0,1.58,1.74285714285881,1.92857142857143,3.19366666666659,-0.185714285712623,6.8,51,19.3539024390244,0
"1754","CHEMAINUS RIVER",1989,1989-06-22,173,5,0,1.5,1.67000000000033,1.85714285714286,3.10333333333256,-0.187142857142525,8.3,52,19.3539024390244,0
"1755","CHEMAINUS RIVER",1989,1989-06-23,174,6,0,1.33,1.60714285714286,1.79857142857093,3.0106666666669,-0.191428571428072,9.63,53,19.3539024390244,0
"1756","CHEMAINUS RIVER",1989,1989-06-24,175,7,0,1.39,1.57428571428838,1.75071428571495,2.93099999999977,-0.176428571426576,11.02,54,19.3539024390244,0
"1757","CHEMAINUS RIVER",1989,1989-06-25,176,8,0,1.3,1.4971428571402,1.69642857142857,2.83699999999953,-0.199285714288375,12.32,55,19.3539024390244,0
"1758","CHEMAINUS RIVER",1989,1989-06-26,177,9,0,1.2,1.42428571429004,1.64214285714219,2.68600000000054,-0.217857142852154,13.52,56,19.3539024390244,0
"1759","CHEMAINUS RIVER",1989,1989-06-27,178,10,0,1.16,1.35142857142325,1.59000000000067,2.55966666666597,-0.238571428577416,14.68,57,19.3539024390244,0
"1760","CHEMAINUS RIVER",1989,1989-06-28,179,11,0,1.3,1.31142857142757,1.52714285714319,2.43399999999868,-0.215714285715616,15.98,58,19.3539024390244,0
"1761","CHEMAINUS RIVER",1989,1989-06-29,180,12,0,1.34,1.28857142857409,1.47928571428721,2.30666666666705,-0.190714285713122,17.32,59,19.3539024390244,0
"1762","CHEMAINUS RIVER",1989,1989-06-30,181,13,0,1.46,1.30714285714618,1.45714285714452,2.20033333333364,-0.149999999998337,18.78,60,19.3539024390244,0
"1763","CHEMAINUS RIVER",1989,1989-07-01,182,14,0,2.33,1.44142857142391,1.50785714285614,2.11499999999845,-0.0664285714322301,21.11,61,19.3539024390244,0
"1764","CHEMAINUS RIVER",1989,1989-07-02,183,15,0,3.47,1.7514285714299,1.62428571428505,2.07266666666643,0.127142857144853,24.58,62,19.3539024390244,0
"1765","CHEMAINUS RIVER",1989,1989-07-03,184,16,0,3.08,2.020000000002,1.72214285714602,2.03133333333341,0.297857142855979,27.66,63,19.3539024390244,0
"1766","CHEMAINUS RIVER",1989,1989-07-04,185,17,0,2.54,2.21714285714552,1.78428571428438,1.98633333333419,0.432857142861134,30.2,64,19.3539024390244,0
"1767","CHEMAINUS RIVER",1989,1989-07-05,186,18,0,2.23,2.35000000000166,1.83071428571462,1.94566666666651,0.519285714287045,32.43,65,19.3539024390244,0
"1768","CHEMAINUS RIVER",1989,1989-07-06,187,19,0,1.92,2.43285714285282,1.86071428571345,1.90699999999876,0.572142857139365,34.35,66,19.3539024390244,0
"1769","CHEMAINUS RIVER",1989,1989-07-07,188,20,0,1.7,2.4671428571372,1.88714285714169,1.875,0.579999999995509,36.05,67,19.3539024390244,0
"1770","CHEMAINUS RIVER",1989,1989-07-08,189,21,0,1.49,2.34714285714186,1.89428571428289,1.84133333333302,0.452857142858972,37.54,68,19.3539024390244,0
"1771","CHEMAINUS RIVER",1989,1989-07-09,190,22,0,1.39,2.04999999999667,1.90071428571329,1.81599999999938,0.149285714283386,38.93,69,19.3539024390244,0
"1772","CHEMAINUS RIVER",1989,1989-07-10,191,23,0,1.33,1.79999999999667,1.90999999999933,1.79166666666667,-0.110000000002661,40.26,70,19.3539024390244,0
"1773","CHEMAINUS RIVER",1989,1989-07-11,192,24,0,1.32,1.62571428571495,1.92142857143023,1.76700000000031,-0.295714285715284,41.58,71,19.3539024390244,0
"1774","CHEMAINUS RIVER",1989,1989-07-12,193,25,0,1.22,1.48142857142791,1.91571428571478,1.74233333333201,-0.434285714286878,42.8,72,19.3539024390244,0
"1775","CHEMAINUS RIVER",1989,1989-07-13,194,26,0,1.14,1.37000000000366,1.90142857142824,1.71733333333395,-0.53142857142458,43.94,73,19.3539024390244,0
"1776","CHEMAINUS RIVER",1989,1989-07-14,195,27,0,1.03,1.2742857142917,1.87071428571445,1.67900000000179,-0.596428571422751,44.97,74,19.3539024390244,0
"1777","CHEMAINUS RIVER",1989,1989-07-15,196,28,0,0.903,1.19042857143462,1.76878571428824,1.64210000000118,-0.578357142853617,45.873,75,19.3539024390244,0
"1778","CHEMAINUS RIVER",1989,1989-07-16,197,29,0,1.04,1.14042857142964,1.59521428571315,1.61776666666653,-0.454785714283519,46.913,76,19.3539024390244,0
"1779","CHEMAINUS RIVER",1989,1989-07-17,198,30,0,1.4,1.15042857143063,1.47521428571365,1.61043333333412,-0.32478571428302,48.313,77,19.3539024390244,0
"1780","CHEMAINUS RIVER",1989,1989-07-18,199,31,0,1.4,1.16185714285322,1.39378571428408,1.59576666666544,-0.231928571430866,49.713,78,19.3539024390244,0
"1781","CHEMAINUS RIVER",1989,1989-07-19,200,32,0,1.19,1.15757142857183,1.31949999999987,1.57843333333343,-0.161928571428039,50.903,79,19.3539024390244,0
"1782","CHEMAINUS RIVER",1989,1989-07-20,201,33,0,1.08,1.14900000000073,1.2595000000022,1.55876666666591,-0.110500000001464,51.983,80,19.3539024390244,0
"1783","CHEMAINUS RIVER",1989,1989-07-21,202,34,0,0.95,1.13757142856983,1.20592857143077,1.53776666666769,-0.0683571428609346,52.933,81,19.3539024390244,0
"1784","CHEMAINUS RIVER",1989,1989-07-22,203,35,0,0.883,1.13471428571003,1.16257142857233,1.51720000000011,-0.0278571428622982,53.816,82,19.3539024390244,0
"1785","CHEMAINUS RIVER",1989,1989-07-23,204,36,0,0.825,1.1040000000004,1.12221428571502,1.50036666666662,-0.0182142857146184,54.641,83,19.3539024390244,0
"1786","CHEMAINUS RIVER",1989,1989-07-24,205,37,0,0.75,1.01114285713993,1.08078571428528,1.47903333333282,-0.0696428571453518,55.391,84,19.3539024390244,0
"1787","CHEMAINUS RIVER",1989,1989-07-25,206,38,0,0.713,0.913000000000466,1.03742857142684,1.45946666666617,-0.124428571426376,56.104,85,19.3539024390244,0
"1788","CHEMAINUS RIVER",1989,1989-07-26,207,39,0,0.67,0.838714285712091,0.998142857141959,1.44179999999857,-0.159428571429869,56.774,86,19.3539024390244,0
"1789","CHEMAINUS RIVER",1989,1989-07-27,208,40,0,0.682,0.781857142856877,0.965428571428804,1.42586666666709,-0.183571428571927,57.456,87,19.3539024390244,0
"1790","CHEMAINUS RIVER",1989,1989-07-28,209,41,0,0.663,0.74085714285528,0.939214285712556,1.40463333333416,-0.198357142857276,58.119,88,19.3539024390244,0
"1791","CHEMAINUS RIVER",1989,1989-07-29,210,42,0,0.649,0.707428571427174,0.921071428568601,1.38159999999916,-0.213642857141427,58.768,89,19.3539024390244,0
"1792","CHEMAINUS RIVER",1989,1989-07-30,211,43,0,0.634,0.680142857142658,0.892071428571528,1.3540666666658,-0.211928571428871,59.402,90,19.3539024390244,0
"1793","CHEMAINUS RIVER",1989,1989-07-31,212,44,0,0.653,0.666285714284251,0.838714285712091,1.2981666666669,-0.17242857142784,60.055,91,19.3539024390244,0
"1794","CHEMAINUS RIVER",1989,1989-08-01,213,45,0,0.8,0.678714285712756,0.795857142856611,1.2091666666655,-0.117142857143855,60.855,92,19.3539024390244,0
"1795","CHEMAINUS RIVER",1989,1989-08-02,214,46,0,0.995,0.72514285714299,0.78192857142754,1.1396666666648,-0.0567857142845501,61.85,93,19.3539024390244,0
"1796","CHEMAINUS RIVER",1989,1989-08-03,215,47,0,0.848,0.748857142852752,0.765357142854815,1.08326666666544,-0.0165000000020623,62.698,94,19.3539024390244,0
"1797","CHEMAINUS RIVER",1989,1989-08-04,216,48,0,0.753,0.761714285713554,0.751285714284417,1.0340333333336,0.0104285714291369,63.451,95,19.3539024390244,0
"1798","CHEMAINUS RIVER",1989,1989-08-05,217,49,0,0.722,0.772142857146848,0.739785714287011,0.994100000001102,0.032357142859837,64.173,96,19.3539024390244,0
"1799","CHEMAINUS RIVER",1989,1989-08-06,218,50,0,0.659,0.775714285713288,0.727928571427973,0.959400000000217,0.0477857142853151,64.832,97,19.3539024390244,0
"1800","CHEMAINUS RIVER",1989,1989-08-07,219,51,0,0.592,0.767000000000865,0.716642857142558,0.929466666667334,0.0503571428583069,65.424,98,19.3539024390244,0
"1801","CHEMAINUS RIVER",1989,1989-08-08,220,52,0,0.497,0.723714285721404,0.70121428571708,0.899700000001273,0.0225000000043241,65.921,99,19.3539024390244,0
"1802","CHEMAINUS RIVER",1989,1989-08-09,221,53,0,0.484,0.650714285721603,0.687928571432297,0.871500000000621,-0.0372142857106934,66.405,100,19.3539024390244,0
"1803","CHEMAINUS RIVER",1989,1989-08-10,222,54,0,0.496,0.60042857143396,0.674642857143356,0.844033333333209,-0.0742142857093963,66.901,101,19.3539024390244,0
"1804","CHEMAINUS RIVER",1989,1989-08-11,223,55,0,0.465,0.559285714282721,0.660499999998137,0.818866666666387,-0.101214285715417,67.366,102,19.3539024390244,0
"1805","CHEMAINUS RIVER",1989,1989-08-12,224,56,0,0.456,0.521285714282255,0.646714285714552,0.796066666666108,-0.125428571432297,67.822,103,19.3539024390244,0
"1806","CHEMAINUS RIVER",1989,1989-08-13,225,57,0,0.453,0.491857142861201,0.633785714287244,0.7768333333331,-0.141928571426044,68.275,104,19.3539024390244,0
"1807","CHEMAINUS RIVER",1989,1989-08-14,226,58,0,0.535,0.483714285714086,0.625357142857475,0.764566666665875,-0.141642857143389,68.81,105,19.3539024390244,0
"1808","CHEMAINUS RIVER",1989,1989-08-15,227,59,0,0.582,0.495857142851621,0.609785714286513,0.749299999999736,-0.113928571434891,69.392,106,19.3539024390244,0
"1809","CHEMAINUS RIVER",1989,1989-08-16,228,60,0,0.512,0.499857142850357,0.57528571428598,0.719699999998556,-0.0754285714356229,69.904,107,19.3539024390244,0
"1810","CHEMAINUS RIVER",1989,1989-08-17,229,61,0,0.511,0.50199999999521,0.551214285714585,0.690066666666341,-0.0492142857193747,70.415,108,19.3539024390244,0
"1811","CHEMAINUS RIVER",1989,1989-08-18,230,62,0,0.489,0.505428571428638,0.532357142855679,0.666699999999643,-0.0269285714270414,70.904,109,19.3539024390244,0
"1812","CHEMAINUS RIVER",1989,1989-08-19,231,63,0,0.447,0.504142857148379,0.512714285715317,0.645600000000559,-0.00857142856693827,71.351,110,19.3539024390244,0
"1813","CHEMAINUS RIVER",1989,1989-08-20,232,64,0,0.459,0.504999999996341,0.498428571428771,0.629233333332619,0.00657142856757026,71.81,111,19.3539024390244,0
"1814","CHEMAINUS RIVER",1989,1989-08-21,233,65,0,0.583,0.511857142854881,0.497785714284484,0.619233333333007,0.0140714285703974,72.393,112,19.3539024390244,0
"1815","CHEMAINUS RIVER",1989,1989-08-22,234,66,0,0.777,0.539714285713022,0.517785714282322,0.617633333332681,0.0219285714307003,73.17,113,19.3539024390244,0
"1816","CHEMAINUS RIVER",1989,1989-08-23,235,67,0,0.816,0.583142857142125,0.541499999996241,0.619833333332402,0.041642857145884,73.986,114,19.3539024390244,0
"1817","CHEMAINUS RIVER",1989,1989-08-24,236,68,0,0.797,0.624000000002395,0.562999999998803,0.622633333333457,0.0610000000035923,74.783,115,19.3539024390244,0
"1818","CHEMAINUS RIVER",1989,1989-08-25,237,69,1,0.714,0.656142857150241,0.58078571428944,0.624100000001878,0.0753571428608016,75.497,116,19.3539024390244,0
"1819","CHEMAINUS RIVER",1990,1990-06-18,169,1,0,5.84,8.7742857142917,12.2728571428576,11.083666666667,-3.49857142856594,5.84,14,20.1997790055249,0
"1820","CHEMAINUS RIVER",1990,1990-06-19,170,2,0,5.16,7.72571428571661,11.1842857142869,11.0833333333333,-3.45857142857026,11,15,20.1997790055249,0
"1821","CHEMAINUS RIVER",1990,1990-06-20,171,3,0,4.86,6.76285714285249,10.3885714285716,11.0793333333335,-3.62571428571911,15.86,16,20.1997790055249,0
"1822","CHEMAINUS RIVER",1990,1990-06-21,172,4,0,4.58,6.03857142857409,9.70857142857026,11.0136666666678,-3.66999999999618,20.44,17,20.1997790055249,0
"1823","CHEMAINUS RIVER",1990,1990-06-22,173,5,0,4.2,5.47714285714652,8.97285714285681,10.9396666666667,-3.49571428571029,24.64,18,20.1997790055249,0
"1824","CHEMAINUS RIVER",1990,1990-06-23,174,6,0,3.82,4.99428571428871,8.16000000000349,10.8470000000011,-3.16571428571478,28.46,19,20.1997790055249,0
"1825","CHEMAINUS RIVER",1990,1990-06-24,175,7,0,3.49,4.56428571428738,7.30214285714568,10.782666666668,-2.73785714285831,31.95,20,20.1997790055249,0
"1826","CHEMAINUS RIVER",1990,1990-06-25,176,8,0,3.16,4.18142857142292,6.47785714285731,10.7276666666672,-2.29642857143439,35.11,21,20.1997790055249,0
"1827","CHEMAINUS RIVER",1990,1990-06-26,177,9,0,2.94,3.86428571428405,5.79500000000033,10.6643333333331,-1.93071428571628,38.05,22,20.1997790055249,0
"1828","CHEMAINUS RIVER",1990,1990-06-27,178,10,0,2.79,3.56857142857708,5.16571428571478,10.5706666666685,-1.5971428571377,40.84,23,20.1997790055249,0
"1829","CHEMAINUS RIVER",1990,1990-06-28,179,11,0,2.97,3.33857142857076,4.68857142857243,10.4989999999991,-1.35000000000166,43.81,24,20.1997790055249,0
"1830","CHEMAINUS RIVER",1990,1990-06-29,180,12,0,3.46,3.23285714285781,4.35500000000216,10.4570000000007,-1.12214285714435,47.27,25,20.1997790055249,0
"1831","CHEMAINUS RIVER",1990,1990-06-30,181,13,0,3.28,3.15571428570963,4.07499999999917,10.2610000000005,-0.91928571428954,50.55,26,20.1997790055249,0
"1832","CHEMAINUS RIVER",1990,1990-07-01,182,14,0,3.3,3.12857142856644,3.84642857142691,9.64433333333194,-0.717857142860469,53.85,27,20.1997790055249,0
"1833","CHEMAINUS RIVER",1990,1990-07-02,183,15,0,2.89,3.09000000000067,3.63571428571179,9.22733333333357,-0.545714285711126,56.74,28,20.1997790055249,0
"1834","CHEMAINUS RIVER",1990,1990-07-03,184,16,0,2.63,3.04571428571528,3.45499999999967,8.39833333333372,-0.409285714284384,59.37,29,20.1997790055249,0
"1835","CHEMAINUS RIVER",1990,1990-07-04,185,17,0,2.46,2.9985714285701,3.28357142857359,7.59366666666659,-0.285000000003492,61.83,30,20.1997790055249,0
"1836","CHEMAINUS RIVER",1990,1990-07-05,186,18,0,2.31,2.90428571428804,3.1214285714294,6.99066666666768,-0.21714285714136,64.14,31,20.1997790055249,0
"1837","CHEMAINUS RIVER",1990,1990-07-06,187,19,0,2.34,2.74428571428039,2.9885714285691,6.53533333333326,-0.244285714288708,66.48,32,20.1997790055249,0
"1838","CHEMAINUS RIVER",1990,1990-07-07,188,20,0,2.2,2.59000000000067,2.87285714285515,6.13866666666581,-0.282857142854482,68.68,33,20.1997790055249,0
"1839","CHEMAINUS RIVER",1990,1990-07-08,189,21,0,2.05,2.41142857142924,2.76999999999784,5.72366666666542,-0.358571428568601,70.73,34,20.1997790055249,0
"1840","CHEMAINUS RIVER",1990,1990-07-09,190,22,0,1.87,2.26571428571229,2.67785714285648,5.27933333333349,-0.412142857144188,72.6,35,20.1997790055249,0
"1841","CHEMAINUS RIVER",1990,1990-07-10,191,23,0,1.71,2.13428571428605,2.59000000000067,4.81966666666752,-0.455714285714618,74.31,36,20.1997790055249,0
"1842","CHEMAINUS RIVER",1990,1990-07-11,192,24,0,1.62,2.01428571428239,2.50642857142624,4.38366666666698,-0.492142857143855,75.93,37,20.1997790055249,0
"1843","CHEMAINUS RIVER",1990,1990-07-12,193,25,0,1.51,1.89999999999834,2.40214285714319,4.01733333333395,-0.502142857144853,77.44,38,20.1997790055249,0
"1844","CHEMAINUS RIVER",1990,1990-07-13,194,26,0,1.4,1.76571428572061,2.2550000000005,3.67733333333357,-0.489285714279894,78.84,39,20.1997790055249,0
"1845","CHEMAINUS RIVER",1990,1990-07-14,195,27,0,1.3,1.63714285714585,2.11357142857326,3.39900000000101,-0.476428571427407,80.14,40,20.1997790055249,0
"1846","CHEMAINUS RIVER",1990,1990-07-15,196,28,0,1.22,1.51857142857209,1.96500000000067,3.16866666666659,-0.446428571428572,81.36,41,20.1997790055249,0
"1847","CHEMAINUS RIVER",1990,1990-07-16,197,29,0,1.15,1.41571428571894,1.84071428571562,2.96700000000031,-0.424999999996674,82.51,42,20.1997790055249,0
"1848","CHEMAINUS RIVER",1990,1990-07-17,198,30,0,1.09,1.32714285713986,1.73071428571296,2.78666666666589,-0.403571428573092,83.6,43,20.1997790055249,0
"1849","CHEMAINUS RIVER",1990,1990-07-18,199,31,0,1.04,1.24428571428871,1.62928571428555,2.62666666666628,-0.38499999999684,84.64,44,20.1997790055249,0
"1850","CHEMAINUS RIVER",1990,1990-07-19,200,32,0,1,1.17142857143023,1.53571428571429,2.48800000000047,-0.364285714284051,85.64,45,20.1997790055249,0
"1851","CHEMAINUS RIVER",1990,1990-07-20,201,33,0,0.95,1.10714285714286,1.43642857143173,2.35766666666799,-0.329285714288874,86.59,46,20.1997790055249,0
"1852","CHEMAINUS RIVER",1990,1990-07-21,202,34,0,0.899,1.04985714285535,1.3435000000006,2.23496666666664,-0.293642857145252,87.489,47,20.1997790055249,0
"1853","CHEMAINUS RIVER",1990,1990-07-22,203,35,0,0.865,0.999142857143722,1.25885714285791,2.12379999999927,-0.259714285714186,88.354,48,20.1997790055249,0
"1854","CHEMAINUS RIVER",1990,1990-07-23,204,36,0,0.812,0.950857142859604,1.18328571428927,2.02353333333352,-0.232428571429669,89.166,49,20.1997790055249,0
"1855","CHEMAINUS RIVER",1990,1990-07-24,205,37,0,0.794,0.908571428577748,1.11785714285881,1.93366666666698,-0.209285714281058,89.96,50,20.1997790055249,0
"1856","CHEMAINUS RIVER",1990,1990-07-25,206,38,0,0.836,0.879428571422717,1.06185714285571,1.85619999999957,-0.182428571432995,90.796,51,20.1997790055249,0
"1857","CHEMAINUS RIVER",1990,1990-07-26,207,39,0,0.834,0.855714285712955,1.01357142857159,1.78600000000054,-0.15785714285864,91.63,52,20.1997790055249,0
"1858","CHEMAINUS RIVER",1990,1990-07-27,208,40,0,0.804,0.834857142854681,0.970999999998769,1.71979999999943,-0.136142857144088,92.434,53,20.1997790055249,0
"1859","CHEMAINUS RIVER",1990,1990-07-28,209,41,0,0.758,0.814714285711359,0.932285714283353,1.64606666666611,-0.117571428571994,93.192,54,20.1997790055249,0
"1860","CHEMAINUS RIVER",1990,1990-07-29,210,42,0,0.716,0.793428571429104,0.896285714286413,1.55459999999924,-0.102857142857309,93.908,55,20.1997790055249,0
"1861","CHEMAINUS RIVER",1990,1990-07-30,211,43,0,0.669,0.772999999994811,0.861928571427208,1.46756666666673,-0.0889285714323965,94.577,56,20.1997790055249,0
"1862","CHEMAINUS RIVER",1990,1990-07-31,212,44,0,0.631,0.74971428570903,0.829142857143389,1.37860000000025,-0.0794285714343589,95.208,57,20.1997790055249,0
"1863","CHEMAINUS RIVER",1990,1990-08-01,213,45,0,0.618,0.71857142857542,0.798999999999069,1.30286666666701,-0.0804285714236487,95.826,58,20.1997790055249,0
"1864","CHEMAINUS RIVER",1990,1990-08-02,214,46,0,0.61,0.686571428568901,0.771142857140928,1.23553333333305,-0.0845714285720273,96.436,59,20.1997790055249,0
"1865","CHEMAINUS RIVER",1990,1990-08-03,215,47,0,0.59,0.656000000000599,0.74542857142764,1.17319999999988,-0.0894285714270414,97.026,60,20.1997790055249,0
"1866","CHEMAINUS RIVER",1990,1990-08-04,216,48,0,0.571,0.629285714289706,0.722000000000532,1.11523333333316,-0.0927142857108265,97.597,61,20.1997790055249,0
"1867","CHEMAINUS RIVER",1990,1990-08-05,217,49,0,0.546,0.604999999998004,0.699214285713554,1.05543333333335,-0.0942142857155496,98.143,62,20.1997790055249,0
"1868","CHEMAINUS RIVER",1990,1990-08-06,218,50,0,0.524,0.584285714289373,0.678642857142092,0.999566666667427,-0.0943571428527191,98.667,63,20.1997790055249,0
"1869","CHEMAINUS RIVER",1990,1990-08-07,219,51,0,0.5,0.565571428575952,0.657642857142491,0.947900000001149,-0.0920714285665392,99.167,64,20.1997790055249,0
"1870","CHEMAINUS RIVER",1990,1990-08-08,220,52,0,0.483,0.546285714288907,0.632428571432164,0.901666666668219,-0.0861428571432563,99.65,65,20.1997790055249,0
"1871","CHEMAINUS RIVER",1990,1990-08-09,221,53,0,0.469,0.526142857145585,0.606357142857243,0.860300000000279,-0.080214285711658,100.119,66,20.1997790055249,0
"1872","CHEMAINUS RIVER",1990,1990-08-10,222,54,0,0.455,0.50685714285854,0.581428571429569,0.821466666667645,-0.0745714285710294,100.574,67,20.1997790055249,0
"1873","CHEMAINUS RIVER",1990,1990-08-11,223,55,0,0.439,0.487999999995476,0.558642857142591,0.785766666665829,-0.0706428571471147,101.013,68,20.1997790055249,0
"1874","CHEMAINUS RIVER",1990,1990-08-12,224,56,0,0.417,0.469571428573025,0.537285714285515,0.752999999998913,-0.0677142857124896,101.43,69,20.1997790055249,0
"1875","CHEMAINUS RIVER",1990,1990-08-13,225,57,0,0.397,0.451428571424913,0.517857142857143,0.722899999999208,-0.0664285714322302,101.827,70,20.1997790055249,0
"1876","CHEMAINUS RIVER",1990,1990-08-14,226,58,0,0.385,0.434999999997672,0.500285714286812,0.695066666667117,-0.0652857142891402,102.212,71,20.1997790055249,0
"1877","CHEMAINUS RIVER",1990,1990-08-15,227,59,0,0.378,0.420000000000333,0.48314285714462,0.669333333333877,-0.0631428571442874,102.59,72,20.1997790055249,0
"1878","CHEMAINUS RIVER",1990,1990-08-16,228,60,0,0.405,0.410857142855613,0.468500000000599,0.646500000000621,-0.0576428571449859,102.995,73,20.1997790055249,0
"1879","CHEMAINUS RIVER",1990,1990-08-17,229,61,0,0.485,0.415142857137003,0.460999999997771,0.627999999998913,-0.0458571428607684,103.48,74,20.1997790055249,0
"1880","CHEMAINUS RIVER",1990,1990-08-18,230,62,0,0.468,0.419285714285382,0.453642857140429,0.610266666665363,-0.0343571428550474,103.948,75,20.1997790055249,0
"1881","CHEMAINUS RIVER",1990,1990-08-19,231,63,0,0.485,0.429000000003725,0.449285714288375,0.594766666666449,-0.0202857142846499,104.433,76,20.1997790055249,0
"1882","CHEMAINUS RIVER",1990,1990-08-20,232,64,0,0.453,0.437000000001197,0.444214285713055,0.579899999999907,-0.00721428571185762,104.886,77,20.1997790055249,0
"1883","CHEMAINUS RIVER",1990,1990-08-21,233,65,0,0.435,0.444142857142391,0.439571428570032,0.565566666666806,0.00457142857235993,105.321,78,20.1997790055249,0
"1884","CHEMAINUS RIVER",1990,1990-08-22,234,66,0,0.437,0.452571428563845,0.436285714282089,0.553066666664866,0.0162857142817562,105.758,79,20.1997790055249,0
"1885","CHEMAINUS RIVER",1990,1990-08-23,235,67,0,0.421,0.45485714285834,0.432857142856977,0.540633333332759,0.0220000000013637,106.179,80,20.1997790055249,0
"1886","CHEMAINUS RIVER",1990,1990-08-24,236,68,0,0.393,0.441714285714884,0.428428571425944,0.525866666667086,0.0132857142889407,106.572,81,20.1997790055249,0
"1887","CHEMAINUS RIVER",1990,1990-08-25,237,69,1,0.433,0.436714285718543,0.428000000001962,0.5125,0.00871428571658078,107.005,82,20.1997790055249,0
"1888","CHEMAINUS RIVER",1991,1991-06-18,169,1,0,2.56,2.19285714285382,2.17785714285648,2.80933333333232,0.0149999999973391,2.56,69,21.1478453038674,0
"1889","CHEMAINUS RIVER",1991,1991-06-19,170,2,0,2.14,2.21714285714552,2.15999999999933,2.73600000000054,0.0571428571461832,4.7,70,21.1478453038674,0
"1890","CHEMAINUS RIVER",1991,1991-06-20,171,3,0,2.06,2.23285714285781,2.15071428571329,2.67266666666643,0.08214285714452,6.76,71,21.1478453038674,0
"1891","CHEMAINUS RIVER",1991,1991-06-21,172,4,0,2.3,2.28571428571429,2.15999999999933,2.63000000000078,0.125714285714951,9.06,72,21.1478453038674,0
"1892","CHEMAINUS RIVER",1991,1991-06-22,173,5,0,2.34,2.35142857143157,2.16857142857459,2.59800000000008,0.182857142856977,11.4,73,21.1478453038674,0
"1893","CHEMAINUS RIVER",1991,1991-06-23,174,6,0,2.19,2.32571428571828,2.17500000000083,2.55433333333349,0.150714285717445,13.59,74,21.1478453038674,0
"1894","CHEMAINUS RIVER",1991,1991-06-24,175,7,0,2.01,2.2285714285681,2.17285714285598,2.48766666666488,0.0557142857121238,15.6,75,21.1478453038674,0
"1895","CHEMAINUS RIVER",1991,1991-06-25,176,8,0,2.02,2.15142857142824,2.17214285714103,2.42899999999984,-0.0207142857127893,17.62,76,21.1478453038674,0
"1896","CHEMAINUS RIVER",1991,1991-06-26,177,9,0,2.32,2.17714285714153,2.19714285714352,2.39066666666574,-0.0200000000019958,19.94,77,21.1478453038674,0
"1897","CHEMAINUS RIVER",1991,1991-06-27,178,10,0,2.21,2.19857142857342,2.21571428571562,2.35266666666721,-0.0171428571421921,22.15,78,21.1478453038674,0
"1898","CHEMAINUS RIVER",1991,1991-06-28,179,11,0,1.97,2.15142857142824,2.21857142857126,2.31133333333225,-0.0671428571430237,24.12,79,21.1478453038674,0
"1899","CHEMAINUS RIVER",1991,1991-06-29,180,12,0,1.85,2.08142857142957,2.21642857143057,2.26466666666674,-0.135000000000998,25.97,80,21.1478453038674,0
"1900","CHEMAINUS RIVER",1991,1991-06-30,181,13,0,1.73,2.01571428571229,2.17071428571528,2.21666666666667,-0.155000000002994,27.7,81,21.1478453038674,0
"1901","CHEMAINUS RIVER",1991,1991-07-01,182,14,0,1.62,1.96000000000432,2.09428571428621,2.17266666666643,-0.134285714281889,29.32,82,21.1478453038674,0
"1902","CHEMAINUS RIVER",1991,1991-07-02,183,15,0,1.57,1.89571428571695,2.02357142857259,2.13466666666791,-0.127857142855646,30.89,83,21.1478453038674,0
"1903","CHEMAINUS RIVER",1991,1991-07-03,184,16,0,1.51,1.78000000000299,1.97857142857226,2.09600000000016,-0.198571428569267,32.4,84,21.1478453038674,0
"1904","CHEMAINUS RIVER",1991,1991-07-04,185,17,0,1.39,1.66285714285082,1.93071428571212,2.0573333333324,-0.267857142861301,33.79,85,21.1478453038674,0
"1905","CHEMAINUS RIVER",1991,1991-07-05,186,18,0,1.28,1.56428571428738,1.85785714285781,2.02033333333287,-0.293571428570431,35.07,86,21.1478453038674,0
"1906","CHEMAINUS RIVER",1991,1991-07-06,187,19,0,1.22,1.4742857142784,1.77785714285398,1.98799999999853,-0.303571428575586,36.29,87,21.1478453038674,0
"1907","CHEMAINUS RIVER",1991,1991-07-07,188,20,0,1.16,1.39285714285714,1.70428571428472,1.95433333333349,-0.311428571427574,37.45,88,21.1478453038674,0
"1908","CHEMAINUS RIVER",1991,1991-07-08,189,21,0,1.12,1.32142857142857,1.64071428571645,1.9176666666676,-0.319285714287876,38.57,89,21.1478453038674,0
"1909","CHEMAINUS RIVER",1991,1991-07-09,190,22,0,1.01,1.2414285714289,1.56857142857293,1.88133333333341,-0.327142857144021,39.58,90,21.1478453038674,0
"1910","CHEMAINUS RIVER",1991,1991-07-10,191,23,0,0.953,1.16185714285322,1.47092857142811,1.84510000000009,-0.309071428574888,40.533,91,21.1478453038674,0
"1911","CHEMAINUS RIVER",1991,1991-07-11,192,24,0,0.97,1.10185714286386,1.38235714285734,1.80976666666684,-0.280499999993481,41.503,92,21.1478453038674,0
"1912","CHEMAINUS RIVER",1991,1991-07-12,193,25,0,1.02,1.06471428571136,1.31449999999937,1.77809999999978,-0.249785714288009,42.523,93,21.1478453038674,0
"1913","CHEMAINUS RIVER",1991,1991-07-13,194,26,0,1.02,1.03614285714658,1.25521428571249,1.74710000000002,-0.219071428565907,43.543,94,21.1478453038674,0
"1914","CHEMAINUS RIVER",1991,1991-07-14,195,27,0,0.992,1.01214285713754,1.20249999999734,1.71583333333256,-0.190357142859804,44.535,95,21.1478453038674,0
"1915","CHEMAINUS RIVER",1991,1991-07-15,196,28,0,1.17,1.01928571428704,1.17035714285781,1.69216666666713,-0.151071428570763,45.705,96,21.1478453038674,0
"1916","CHEMAINUS RIVER",1991,1991-07-16,197,29,0,1.64,1.10928571428771,1.17535714285831,1.66783333333442,-0.066071428570597,47.345,97,21.1478453038674,0
"1917","CHEMAINUS RIVER",1991,1991-07-17,198,30,0,1.7,1.21599999999827,1.18892857142574,1.63483333333279,0.0270714285725262,49.045,98,21.1478453038674,0
"1918","CHEMAINUS RIVER",1991,1991-07-18,199,31,0,1.49,1.29028571427833,1.1960714285711,1.59916666666589,0.0942142857072341,50.535,99,21.1478453038674,0
"1919","CHEMAINUS RIVER",1991,1991-07-19,200,32,0,1.36,1.33885714286173,1.20178571428655,1.5731666666669,0.137071428575187,51.895,100,21.1478453038674,0
"1920","CHEMAINUS RIVER",1991,1991-07-20,201,33,0,1.26,1.37314285714612,1.20464285714635,1.54650000000062,0.168499999999767,53.155,101,21.1478453038674,0
"1921","CHEMAINUS RIVER",1991,1991-07-21,202,34,0,1.19,1.40142857143655,1.20678571428704,1.50950000000109,0.194642857149509,54.345,102,21.1478453038674,0
"1922","CHEMAINUS RIVER",1991,1991-07-22,203,35,0,1.21,1.40714285713953,1.21321428571329,1.47183333333232,0.193928571426243,55.555,103,21.1478453038674,0
"1923","CHEMAINUS RIVER",1991,1991-07-23,204,36,0,1.17,1.33999999999235,1.22464285714003,1.4378333333317,0.11535714285232,56.725,104,21.1478453038674,0
"1924","CHEMAINUS RIVER",1991,1991-07-24,205,37,0,1.14,1.260000000001,1.23799999999963,1.4088333333338,0.0220000000013638,57.865,105,21.1478453038674,0
"1925","CHEMAINUS RIVER",1991,1991-07-25,206,38,0,1.29,1.23142857143622,1.26085714285728,1.38450000000109,-0.0294285714210543,59.155,106,21.1478453038674,0
"1926","CHEMAINUS RIVER",1991,1991-07-26,207,39,0,1.32,1.2257142857083,1.28228571428502,1.35116666666581,-0.0565714285767172,60.475,107,21.1478453038674,0
"1927","CHEMAINUS RIVER",1991,1991-07-27,208,40,0,1.19,1.2157142857073,1.29442857142671,1.31716666666519,-0.0787142857194079,61.665,108,21.1478453038674,0
"1928","CHEMAINUS RIVER",1991,1991-07-28,209,41,0,1.14,1.20857142856611,1.30500000000133,1.28949999999992,-0.0964285714352238,62.805,109,21.1478453038674,0
"1929","CHEMAINUS RIVER",1991,1991-07-29,210,42,0,1.03,1.18285714286113,1.29500000000033,1.26216666666636,-0.112142857139198,63.835,110,21.1478453038674,0
"1930","CHEMAINUS RIVER",1991,1991-07-30,211,43,0,0.985,1.1564285714329,1.24821428571262,1.23733333333318,-0.0917857142797271,64.82,111,21.1478453038674,0
"1931","CHEMAINUS RIVER",1991,1991-07-31,212,44,0,0.955,1.13000000000466,1.19500000000283,1.21516666666721,-0.0649999999981705,65.775,112,21.1478453038674,0
"1932","CHEMAINUS RIVER",1991,1991-08-01,213,45,0,0.899,1.07414285713873,1.15278571428748,1.1927999999995,-0.0786428571487443,66.674,113,21.1478453038674,0
"1933","CHEMAINUS RIVER",1991,1991-08-02,214,46,0,0.855,1.00771428571482,1.11671428571156,1.17096666666524,-0.10899999999674,67.529,114,21.1478453038674,0
"1934","CHEMAINUS RIVER",1991,1991-08-03,215,47,0,0.798,0.951714285715882,1.08371428571159,1.15123333333371,-0.131999999995709,68.327,115,21.1478453038674,0
"1935","CHEMAINUS RIVER",1991,1991-08-04,216,48,0,0.773,0.899285714283386,1.05392857142475,1.13433333333232,-0.15464285714136,69.1,116,21.1478453038674,0
"1936","CHEMAINUS RIVER",1991,1991-08-05,217,49,0,0.767,0.861714285715217,1.02228571428818,1.11923333333495,-0.160571428572959,69.867,117,21.1478453038674,0
"1937","CHEMAINUS RIVER",1991,1991-08-06,218,50,0,0.768,0.830714285714618,0.993571428573757,1.10616666666659,-0.162857142859139,70.635,118,21.1478453038674,0
"1938","CHEMAINUS RIVER",1991,1991-08-07,219,51,0,0.732,0.798857142857742,0.964428571431199,1.09323333333402,-0.165571428573458,71.367,119,21.1478453038674,0
"1939","CHEMAINUS RIVER",1991,1991-08-08,220,52,0,0.873,0.79514285714166,0.934642857140196,1.08866666666581,-0.139499999998536,72.24,120,21.1478453038674,0
"1940","CHEMAINUS RIVER",1991,1991-08-09,221,53,0,3.88,1.22728571428784,1.11750000000133,1.18623333333332,0.109785714286513,76.12,121,21.1478453038674,0
"1941","CHEMAINUS RIVER",1991,1991-08-10,222,54,0,3.27,1.58042857143196,1.26607142857392,1.2628999999996,0.314357142858041,79.39,122,21.1478453038674,0
"1942","CHEMAINUS RIVER",1991,1991-08-11,223,55,0,2.35,1.80571428571628,1.35249999999983,1.30723333333347,0.453214285716448,81.74,123,21.1478453038674,0
"1943","CHEMAINUS RIVER",1991,1991-08-12,224,56,0,1.91,1.9689999999994,1.41535714285731,1.33690000000061,0.553642857142092,83.65,124,21.1478453038674,0
"1944","CHEMAINUS RIVER",1991,1991-08-13,225,57,0,1.62,2.09071428571562,1.46071428571512,1.35783333333481,0.630000000000499,85.27,125,21.1478453038674,0
"1945","CHEMAINUS RIVER",1991,1991-08-14,226,58,0,1.42,2.18899999999641,1.49392857142707,1.3661666666662,0.695071428569333,86.69,126,21.1478453038674,0
"1946","CHEMAINUS RIVER",1991,1991-08-15,227,59,0,1.29,2.2485714285701,1.52185714285588,1.35449999999837,0.726714285714219,87.98,127,21.1478453038674,0
"1947","CHEMAINUS RIVER",1991,1991-08-16,228,60,0,1.13,1.85571428571296,1.5415000000004,1.33550000000008,0.314214285712556,89.11,128,21.1478453038674,0
"1948","CHEMAINUS RIVER",1991,1991-08-17,229,61,0,1.03,1.53571428571429,1.55807142857312,1.32016666666799,-0.0223571428588392,90.14,129,21.1478453038674,0
"1949","CHEMAINUS RIVER",1991,1991-08-18,230,62,0,0.902,1.32885714286074,1.56728571428851,1.30489999999991,-0.238428571427773,91.042,130,21.1478453038674,0
"1950","CHEMAINUS RIVER",1991,1991-08-19,231,63,0,0.857,1.17842857142179,1.57371428571059,1.29146666666493,-0.395285714288808,91.899,131,21.1478453038674,0
"1951","CHEMAINUS RIVER",1991,1991-08-20,232,64,0,0.811,1.06285714285748,1.57678571428655,1.27883333333302,-0.51392857142907,92.71,132,21.1478453038674,0
"1952","CHEMAINUS RIVER",1991,1991-08-21,233,65,0,0.802,0.974571428569366,1.58178571428289,1.26523333333316,-0.607214285713521,93.512,133,21.1478453038674,0
"1953","CHEMAINUS RIVER",1991,1991-08-22,234,66,0,0.762,0.899142857142059,1.57385714285608,1.2516333333333,-0.67471428571402,94.274,134,21.1478453038674,0
"1954","CHEMAINUS RIVER",1991,1991-08-23,235,67,0,0.743,0.843857142858074,1.34978571428551,1.23840000000006,-0.505928571427441,95.017,135,21.1478453038674,0
"1955","CHEMAINUS RIVER",1991,1991-08-24,236,68,0,0.67,0.792428571423183,1.16407142856873,1.21773333333161,-0.371642857145551,95.687,136,21.1478453038674,0
"1956","CHEMAINUS RIVER",1991,1991-08-25,237,69,0,0.686,0.761571428572227,1.04521428571648,1.19660000000149,-0.283642857144254,96.373,137,21.1478453038674,0
"1957","CHEMAINUS RIVER",1991,1991-08-26,238,70,0,0.769,0.749000000002395,0.963714285712091,1.18256666666712,-0.214714285709696,97.142,138,21.1478453038674,0
"1958","CHEMAINUS RIVER",1991,1991-08-27,239,71,0,1.1,0.790285714286646,0.926571428572061,1.18123333333448,-0.136285714285415,98.242,139,21.1478453038674,0
"1959","CHEMAINUS RIVER",1991,1991-08-28,240,72,0,2.16,0.98428571428771,0.979428571428538,1.21889999999936,0.00485714285917183,100.402,140,21.1478453038674,0
"1960","CHEMAINUS RIVER",1991,1991-08-29,241,73,0,23.6,4.24685714285754,2.5729999999998,1.97273333333239,1.67385714285774,124.002,0,21.1478453038674,0
"1961","CHEMAINUS RIVER",1991,1991-08-30,242,74,0,122,21.5692857142837,11.2065714285709,6.00756666666518,10.3627142857128,246.002,0,21.1478453038674,0
"1962","CHEMAINUS RIVER",1991,1991-08-31,243,75,0,49.5,28.5450000000003,14.6687142857118,7.62759999999932,13.8762857142886,295.502,0,21.1478453038674,0
"1963","CHEMAINUS RIVER",1991,1991-09-01,244,76,1,25,32.0184285714225,16.3899999999973,8.43243333333327,15.6284285714251,320.502,0,21.1478453038674,0
"1964","CHEMAINUS RIVER",1992,1992-06-17,169,1,0,1.25,1.40142857142824,1.26642857142724,1.54700000000109,0.135000000000998,1.25,47,20.9995193370166,0
"1965","CHEMAINUS RIVER",1992,1992-06-18,170,2,0,1.14,1.38714285714585,1.26071428571595,1.49766666666643,0.126428571429902,2.39,48,20.9995193370166,0
"1966","CHEMAINUS RIVER",1992,1992-06-19,171,3,0,1.03,1.34428571428206,1.24928571428505,1.44966666666636,0.0949999999970064,3.42,49,20.9995193370166,0
"1967","CHEMAINUS RIVER",1992,1992-06-20,172,4,0,0.966,1.27514285713966,1.24185714285704,1.40520000000057,0.0332857142826211,4.386,50,20.9995193370166,0
"1968","CHEMAINUS RIVER",1992,1992-06-21,173,5,0,0.875,1.16585714286027,1.22792857142797,1.36336666666709,-0.0620714285677031,5.261,51,20.9995193370166,0
"1969","CHEMAINUS RIVER",1992,1992-06-22,174,6,0,0.826,1.06385714285508,1.21264285714382,1.32290000000115,-0.148785714288741,6.087,52,20.9995193370166,0
"1970","CHEMAINUS RIVER",1992,1992-06-23,175,7,0,0.772,0.979857142856677,1.19278571428731,1.28663333333291,-0.212928571430634,6.859,53,20.9995193370166,0
"1971","CHEMAINUS RIVER",1992,1992-06-24,176,8,0,0.78,0.912714285709496,1.15707142856887,1.25429999999857,-0.244357142859371,7.639,54,20.9995193370166,0
"1972","CHEMAINUS RIVER",1992,1992-06-25,177,9,0,0.714,0.851857142855546,1.1195000000007,1.22110000000102,-0.267642857145152,8.353,55,20.9995193370166,0
"1973","CHEMAINUS RIVER",1992,1992-06-26,178,10,0,0.658,0.798714285716414,1.07149999999923,1.18736666666615,-0.272785714282821,9.011,56,20.9995193370166,0
"1974","CHEMAINUS RIVER",1992,1992-06-27,179,11,0,0.608,0.747571428572493,1.01135714285608,1.14996666666702,-0.263785714283586,9.619,57,20.9995193370166,0
"1975","CHEMAINUS RIVER",1992,1992-06-28,180,12,0,0.621,0.711285714284583,0.938571428572426,1.11399999999946,-0.227285714287843,10.24,58,20.9995193370166,0
"1976","CHEMAINUS RIVER",1992,1992-06-29,181,13,0,0.913,0.723714285713088,0.893785714284084,1.09276666666653,-0.170071428570996,11.153,59,20.9995193370166,0
"1977","CHEMAINUS RIVER",1992,1992-06-30,182,14,0,1.23,0.789142857139398,0.884499999998038,1.08643333333312,-0.0953571428586396,12.383,60,20.9995193370166,0
"1978","CHEMAINUS RIVER",1992,1992-07-01,183,15,0,1.11,0.836285714292899,0.874500000001197,1.08076666666699,-0.0382142857082987,13.493,61,20.9995193370166,0
"1979","CHEMAINUS RIVER",1992,1992-07-02,184,16,0,0.989,0.875571428573624,0.863714285714585,1.07306666666797,0.0118571428590387,14.482,62,20.9995193370166,0
"1980","CHEMAINUS RIVER",1992,1992-07-03,185,17,0,0.947,0.916857142857875,0.857785714287145,1.06363333333284,0.05907142857073,15.429,63,20.9995193370166,0
"1981","CHEMAINUS RIVER",1992,1992-07-04,186,18,0,0.822,0.947428571426177,0.847499999999335,1.05036666666662,0.0999285714268419,16.251,64,20.9995193370166,0
"1982","CHEMAINUS RIVER",1992,1992-07-05,187,19,0,1.19,1.02871428571442,0.869999999999501,1.05036666666662,0.158714285714918,17.441,65,20.9995193370166,0
"1983","CHEMAINUS RIVER",1992,1992-07-06,188,20,0,2.16,1.20685714285355,0.965285714283319,1.08669999999887,0.241571428570231,19.601,66,20.9995193370166,0
"1984","CHEMAINUS RIVER",1992,1992-07-07,189,21,0,1.91,1.30400000000373,1.04657142857156,1.11469999999972,0.257428571432164,21.511,67,20.9995193370166,0
"1985","CHEMAINUS RIVER",1992,1992-07-08,190,22,0,1.5,1.35971428571169,1.0980000000023,1.13003333333375,0.261714285709396,23.011,68,20.9995193370166,0
"1986","CHEMAINUS RIVER",1992,1992-07-09,191,23,0,1.23,1.3941428571374,1.13485714285551,1.13603333333352,0.259285714281889,24.241,69,20.9995193370166,0
"1987","CHEMAINUS RIVER",1992,1992-07-10,192,24,0,1.36,1.45314285713747,1.18499999999767,1.13869999999879,0.268142857139797,25.601,70,20.9995193370166,0
"1988","CHEMAINUS RIVER",1992,1992-07-11,193,25,0,2.75,1.7285714285681,1.33799999999714,1.18903333333243,0.390571428570963,28.351,71,20.9995193370166,0
"1989","CHEMAINUS RIVER",1992,1992-07-12,194,26,0,2.32,1.88999999999734,1.45935714285588,1.22203333333212,0.43064285714146,30.671,72,20.9995193370166,0
"1990","CHEMAINUS RIVER",1992,1992-07-13,195,27,0,1.9,1.85285714286147,1.52985714285751,1.23703333333251,0.323000000003958,32.571,73,20.9995193370166,0
"1991","CHEMAINUS RIVER",1992,1992-07-14,196,28,0,1.57,1.80428571428638,1.55414285714505,1.23470000000088,0.250142857141327,34.141,74,20.9995193370166,0
"1992","CHEMAINUS RIVER",1992,1992-07-15,197,29,0,1.39,1.78857142857409,1.57414285714289,1.22970000000011,0.214428571431199,35.531,75,20.9995193370166,0
"1993","CHEMAINUS RIVER",1992,1992-07-16,198,30,0,1.27,1.79428571428538,1.59421428571139,1.22669999999925,0.20007142857399,36.801,76,20.9995193370166,0
"1994","CHEMAINUS RIVER",1992,1992-07-17,199,31,0,1.1,1.75714285714951,1.60514285714349,1.22170000000042,0.15200000000602,37.901,77,20.9995193370166,0
"1995","CHEMAINUS RIVER",1992,1992-07-18,200,32,0,0.942,1.49885714286107,1.61371428571458,1.21509999999932,-0.114857142853517,38.843,78,20.9995193370166,0
"1996","CHEMAINUS RIVER",1992,1992-07-19,201,33,0,0.952,1.3034285714301,1.59671428571372,1.2125,-0.293285714283619,39.795,79,20.9995193370166,0
"1997","CHEMAINUS RIVER",1992,1992-07-20,202,34,0,0.988,1.17314285714279,1.51300000000213,1.21323333333324,-0.339857142859338,40.783,80,20.9995193370166,0
"1998","CHEMAINUS RIVER",1992,1992-07-21,203,35,0,1.32,1.1374285714285,1.47085714285744,1.22806666666681,-0.333428571428937,42.103,81,20.9995193370166,0
"1999","CHEMAINUS RIVER",1992,1992-07-22,204,36,0,1.3,1.1245714285677,1.4565714285709,1.24386666666639,-0.332000000003193,43.403,82,20.9995193370166,0
"2000","CHEMAINUS RIVER",1992,1992-07-23,205,37,0,1.15,1.10742857143383,1.4508571428596,1.25646666666726,-0.343428571425777,44.553,83,20.9995193370166,0
"2001","CHEMAINUS RIVER",1992,1992-07-24,206,38,0,1.04,1.09885714285442,1.42800000000196,1.26513333333423,-0.329142857147547,45.593,84,20.9995193370166,0
"2002","CHEMAINUS RIVER",1992,1992-07-25,207,39,0,0.885,1.09071428571562,1.29478571428834,1.27083333333333,-0.204071428572726,46.478,85,20.9995193370166,0
"2003","CHEMAINUS RIVER",1992,1992-07-26,208,40,0,0.738,1.06014285714731,1.18178571428871,1.27350000000054,-0.121642857141394,47.216,86,20.9995193370166,0
"2004","CHEMAINUS RIVER",1992,1992-07-27,209,41,0,0.708,1.02014285714332,1.09664285714306,1.2768333333331,-0.0764999999997338,47.924,87,20.9995193370166,0
"2005","CHEMAINUS RIVER",1992,1992-07-28,210,42,0,0.734,0.936428571427574,1.03692857142804,1.28060000000017,-0.100500000000466,48.658,88,20.9995193370166,0
"2006","CHEMAINUS RIVER",1992,1992-07-29,211,43,0,0.664,0.84557142857063,0.985071428569167,1.27229999999981,-0.139499999998536,49.322,89,20.9995193370166,0
"2007","CHEMAINUS RIVER",1992,1992-07-30,212,44,0,0.649,0.774000000000732,0.940714285717279,1.2529333333349,-0.166714285716547,49.971,90,20.9995193370166,0
"2008","CHEMAINUS RIVER",1992,1992-07-31,213,45,0,0.606,0.711999999999534,0.905428571426975,1.23613333333245,-0.193428571427441,50.577,91,20.9995193370166,0
"2009","CHEMAINUS RIVER",1992,1992-08-01,214,46,0,0.544,0.66328571428312,0.876999999999368,1.22129999999888,-0.213714285716248,51.121,92,20.9995193370166,0
"2010","CHEMAINUS RIVER",1992,1992-08-02,215,47,0,0.508,0.630428571428638,0.845285714287976,1.20666666666705,-0.214857142859338,51.629,93,20.9995193370166,0
"2011","CHEMAINUS RIVER",1992,1992-08-03,216,48,0,0.739,0.634857142859671,0.827500000001497,1.20390000000092,-0.192642857141826,52.368,94,20.9995193370166,0
"2012","CHEMAINUS RIVER",1992,1992-08-04,217,49,0,1.16,0.69571428571362,0.816071428570597,1.20289999999998,-0.120357142856977,53.528,95,20.9995193370166,0
"2013","CHEMAINUS RIVER",1992,1992-08-05,218,50,0,0.799,0.715000000000665,0.780285714285648,1.15753333333414,-0.0652857142849825,54.327,96,20.9995193370166,0
"2014","CHEMAINUS RIVER",1992,1992-08-06,219,51,0,0.659,0.716428571422252,0.745214285711492,1.11583333333256,-0.02878571428924,54.986,97,20.9995193370166,0
"2015","CHEMAINUS RIVER",1992,1992-08-07,220,52,0,0.653,0.723142857139464,0.717571428569499,1.08759999999893,0.00557142856996506,55.639,98,20.9995193370166,0
"2016","CHEMAINUS RIVER",1992,1992-08-08,221,53,0,0.723,0.748714285711425,0.705999999997273,1.07069999999949,0.0427142857141526,56.362,99,20.9995193370166,0
"2017","CHEMAINUS RIVER",1992,1992-08-09,222,54,0,0.784,0.788142857141793,0.709285714285215,1.0515000000014,0.0788571428565774,57.146,100,20.9995193370166,0
"2018","CHEMAINUS RIVER",1992,1992-08-10,223,55,0,0.875,0.807571428570165,0.721214285714918,0.989000000001397,0.086357142855247,58.021,101,20.9995193370166,0
"2019","CHEMAINUS RIVER",1992,1992-08-11,224,56,0,1.02,0.787571428568169,0.741642857140895,0.945666666666511,0.0459285714272742,59.041,102,20.9995193370166,0
"2020","CHEMAINUS RIVER",1992,1992-08-12,225,57,0,1.1,0.830571428573291,0.772785714286978,0.919000000000233,0.0577857142863131,60.141,103,20.9995193370166,0
"2021","CHEMAINUS RIVER",1992,1992-08-13,226,58,0,0.99,0.877857142859804,0.797142857141028,0.899666666666356,0.080714285718776,61.131,104,20.9995193370166,0
"2022","CHEMAINUS RIVER",1992,1992-08-14,227,59,0,1.01,0.928857142862398,0.826000000000931,0.886999999999534,0.102857142861467,62.141,105,20.9995193370166,0
"2023","CHEMAINUS RIVER",1992,1992-08-15,228,60,0,0.956,0.962142857149177,0.855428571430301,0.876533333334373,0.106714285718876,63.097,106,20.9995193370166,0
"2024","CHEMAINUS RIVER",1992,1992-08-16,229,61,0,0.671,0.945999999996275,0.867071428569034,0.862233333332309,0.078928571427241,63.768,107,20.9995193370166,0
"2025","CHEMAINUS RIVER",1992,1992-08-17,230,62,0,0.713,0.922857142851821,0.865214285710993,0.854599999999239,0.0576428571408282,64.481,108,20.9995193370166,0
"2026","CHEMAINUS RIVER",1992,1992-08-18,231,63,0,0.647,0.869571428571362,0.828571428569766,0.844433333332806,0.0410000000015965,65.128,109,20.9995193370166,0
"2027","CHEMAINUS RIVER",1992,1992-08-19,232,64,0,0.538,0.789285714280725,0.809928571427008,0.829433333332418,-0.0206428571462831,65.666,110,20.9995193370166,0
"2028","CHEMAINUS RIVER",1992,1992-08-20,233,65,1,0.559,0.727714285711824,0.802785714285814,0.804066666665797,-0.0750714285739896,66.225,111,20.9995193370166,0
"2029","CHEMAINUS RIVER",1993,1993-06-18,169,1,0,6.67,8.19857142857343,8.27999999999884,8.33433333333426,-0.0814285714254108,6.67,42,19.9335582822086,0
"2030","CHEMAINUS RIVER",1993,1993-06-19,170,2,0,5.82,7.62142857143356,8.20857142857442,8.19533333333287,-0.587142857140861,12.49,43,19.9335582822086,0
"2031","CHEMAINUS RIVER",1993,1993-06-20,171,3,0,5.23,7.19571428571362,8.15428571428389,7.95633333333341,-0.958571428570265,17.72,44,19.9335582822086,0
"2032","CHEMAINUS RIVER",1993,1993-06-21,172,4,0,4.92,6.80285714285648,8.10571428571295,7.71033333333326,-1.30285714285648,22.64,45,19.9335582822086,0
"2033","CHEMAINUS RIVER",1993,1993-06-22,173,5,0,4.52,6.21428571428571,8.06642857142807,7.50766666666605,-1.85214285714236,27.16,46,19.9335582822086,0
"2034","CHEMAINUS RIVER",1993,1993-06-23,174,6,0,4.16,5.56571428570896,7.75285714285565,7.34333333333295,-2.18714285714668,31.32,47,19.9335582822086,0
"2035","CHEMAINUS RIVER",1993,1993-06-24,175,7,0,3.84,5.02285714285348,6.95571428571462,7.21399999999946,-1.93285714286113,35.16,48,19.9335582822086,0
"2036","CHEMAINUS RIVER",1993,1993-06-25,176,8,0,3.76,4.60714285714286,6.40285714285814,7.10866666666698,-1.79571428571528,38.92,49,19.9335582822086,0
"2037","CHEMAINUS RIVER",1993,1993-06-26,177,9,0,3.63,4.29428571428538,5.95785714285947,7.01866666666659,-1.66357142857409,42.55,50,19.9335582822086,0
"2038","CHEMAINUS RIVER",1993,1993-06-27,178,10,0,3.52,4.04999999999667,5.62285714285515,6.9359999999986,-1.57285714285847,46.07,51,19.9335582822086,0
"2039","CHEMAINUS RIVER",1993,1993-06-28,179,11,0,3.31,3.82000000000698,5.31142857143173,6.84466666666752,-1.49142857142475,49.38,52,19.9335582822086,0
"2040","CHEMAINUS RIVER",1993,1993-06-29,180,12,0,3.05,3.61000000000266,4.91214285714419,6.75199999999992,-1.30214285714153,52.43,53,19.9335582822086,0
"2041","CHEMAINUS RIVER",1993,1993-06-30,181,13,0,2.98,3.44142857143223,4.5035714285706,6.62366666666736,-1.06214285713837,55.41,54,19.9335582822086,0
"2042","CHEMAINUS RIVER",1993,1993-07-01,182,14,0,2.9,3.30714285714618,4.16499999999983,6.43133333333341,-0.857857142853651,58.31,55,19.9335582822086,0
"2043","CHEMAINUS RIVER",1993,1993-07-02,183,15,0,2.72,3.15857142856943,3.88285714285615,6.20499999999884,-0.724285714286712,61.03,56,19.9335582822086,0
"2044","CHEMAINUS RIVER",1993,1993-07-03,184,16,0,2.33,2.97285714285681,3.6335714285711,6.00166666666628,-0.660714285714286,63.36,57,19.9335582822086,0
"2045","CHEMAINUS RIVER",1993,1993-07-04,185,17,0,2.3,2.79857142857509,3.42428571428588,5.83033333333248,-0.625714285710793,65.66,58,19.9335582822086,0
"2046","CHEMAINUS RIVER",1993,1993-07-05,186,18,0,2.26,2.64857142856843,3.23428571428771,5.6783333333345,-0.585714285719275,67.92,59,19.9335582822086,0
"2047","CHEMAINUS RIVER",1993,1993-07-06,187,19,0,2.12,2.51571428571229,3.06285714285748,5.54933333333271,-0.547142857145186,70.04,60,19.9335582822086,0
"2048","CHEMAINUS RIVER",1993,1993-07-07,188,20,0,1.96,2.37000000000366,2.90571428571794,5.42800000000085,-0.535714285714286,72,61,19.9335582822086,0
"2049","CHEMAINUS RIVER",1993,1993-07-08,189,21,0,1.86,2.22142857142691,2.76428571428655,5.32100000000016,-0.542857142859638,73.86,62,19.9335582822086,0
"2050","CHEMAINUS RIVER",1993,1993-07-09,190,22,0,1.65,2.06857142856877,2.6135714285691,5.09099999999938,-0.545000000000333,75.51,63,19.9335582822086,0
"2051","CHEMAINUS RIVER",1993,1993-07-10,191,23,0,1.59,1.96285714285581,2.46785714285631,4.64400000000023,-0.505000000000499,77.1,64,19.9335582822086,0
"2052","CHEMAINUS RIVER",1993,1993-07-11,192,24,0,1.66,1.87142857142525,2.33500000000017,4.31599999999938,-0.463571428574921,78.76,65,19.9335582822086,0
"2053","CHEMAINUS RIVER",1993,1993-07-12,193,25,0,1.73,1.79571428571528,2.22214285714186,4.04500000000116,-0.426428571426576,80.49,66,19.9335582822086,0
"2054","CHEMAINUS RIVER",1993,1993-07-13,194,26,0,1.66,1.729999999998,2.12285714285515,3.82666666666628,-0.392857142857143,82.15,67,19.9335582822086,0
"2055","CHEMAINUS RIVER",1993,1993-07-14,195,27,0,2.58,1.81857142856877,2.09428571428621,3.6570000000007,-0.275714285717445,84.73,68,19.9335582822086,0
"2056","CHEMAINUS RIVER",1993,1993-07-15,196,28,0,2.83,1.95714285714452,2.08928571428571,3.46333333333411,-0.132142857141194,87.56,69,19.9335582822086,0
"2057","CHEMAINUS RIVER",1993,1993-07-16,197,29,0,2.18,2.0328571428628,2.05071428571578,3.24600000000016,-0.0178571428529848,89.74,70,19.9335582822086,0
"2058","CHEMAINUS RIVER",1993,1993-07-17,198,30,0,2.03,2.09571428571196,2.02928571428388,3.05899999999868,0.0664285714280726,91.77,71,19.9335582822086,0
"2059","CHEMAINUS RIVER",1993,1993-07-18,199,31,1,2.09,2.15714285714785,2.01428571428655,2.90633333333341,0.1428571428613,93.86,72,19.9335582822086,0
"2060","CHEMAINUS RIVER",1994,1994-06-18,169,1,0,5.28,5.25285714285149,3.64214285714219,3.22033333333287,1.6107142857093,5.28,60,21.4429281767956,0
"2061","CHEMAINUS RIVER",1994,1994-06-19,170,2,0,6.57,5.90428571428804,3.94928571428422,3.32733333333357,1.95500000000383,11.85,61,21.4429281767956,0
"2062","CHEMAINUS RIVER",1994,1994-06-20,171,3,0,5.3,6.12571428571495,4.16857142857043,3.40533333333248,1.95714285714452,17.15,62,21.4429281767956,0
"2063","CHEMAINUS RIVER",1994,1994-06-21,172,4,0,4.19,5.58285714285116,4.32214285714352,3.45066666666535,1.26071428570763,21.34,63,21.4429281767956,0
"2064","CHEMAINUS RIVER",1994,1994-06-22,173,5,0,3.75,5.09000000000067,4.44357142856877,3.48866666666581,0.646428571431898,25.09,64,21.4429281767956,0
"2065","CHEMAINUS RIVER",1994,1994-06-23,174,6,0,3.5,4.76999999999368,4.55142857142658,3.52633333333263,0.218571428567104,28.59,65,21.4429281767956,0
"2066","CHEMAINUS RIVER",1994,1994-06-24,175,7,0,3.28,4.55285714285648,4.65428571428804,3.55599999999977,-0.101428571431565,31.87,66,21.4429281767956,0
"2067","CHEMAINUS RIVER",1994,1994-06-25,176,8,0,2.97,4.22285714285681,4.73785714285415,3.57599999999899,-0.514999999997339,34.84,67,21.4429281767956,0
"2068","CHEMAINUS RIVER",1994,1994-06-26,177,9,0,2.73,3.67428571429004,4.78928571428904,3.59766666666837,-1.114999999999,37.57,68,21.4429281767956,0
"2069","CHEMAINUS RIVER",1994,1994-06-27,178,10,0,2.68,3.30000000000499,4.71285714285997,3.6143333333331,-1.41285714285498,40.25,69,21.4429281767956,0
"2070","CHEMAINUS RIVER",1994,1994-06-28,179,11,0,2.39,3.04285714285548,4.31285714285332,3.57899999999984,-1.26999999999784,42.64,70,21.4429281767956,0
"2071","CHEMAINUS RIVER",1994,1994-06-29,180,12,0,2.2,2.82142857142857,3.95571428571462,3.5143333333331,-1.13428571428605,44.84,71,21.4429281767956,0
"2072","CHEMAINUS RIVER",1994,1994-06-30,181,13,0,1.99,2.60571428571296,3.68785714285332,3.45899999999868,-1.08214285714036,46.83,72,21.4429281767956,0
"2073","CHEMAINUS RIVER",1994,1994-07-01,182,14,0,1.95,2.41571428571063,3.48428571428355,3.41399999999946,-1.06857142857293,48.78,73,21.4429281767956,0
"2074","CHEMAINUS RIVER",1994,1994-07-02,183,15,0,2.13,2.29571428571528,3.25928571428605,3.38899999999946,-0.963571428570763,50.91,74,21.4429281767956,0
"2075","CHEMAINUS RIVER",1994,1994-07-03,184,16,0,1.91,2.17857142857143,2.92642857143073,3.36433333333504,-0.747857142859305,52.82,75,21.4429281767956,0
"2076","CHEMAINUS RIVER",1994,1994-07-04,185,17,0,1.89,2.06571428570896,2.68285714285698,3.34733333333279,-0.617142857148013,54.71,76,21.4429281767956,0
"2077","CHEMAINUS RIVER",1994,1994-07-05,186,18,0,2.09,2.0228571428618,2.53285714285864,3.34133333333302,-0.50999999999684,56.8,77,21.4429281767956,0
"2078","CHEMAINUS RIVER",1994,1994-07-06,187,19,0,1.77,1.96142857143423,2.3914285714314,3.32600000000093,-0.429999999997173,58.57,78,21.4429281767956,0
"2079","CHEMAINUS RIVER",1994,1994-07-07,188,20,0,1.71,1.92142857143023,2.26357142857159,3.31500000000039,-0.34214285714136,60.28,79,21.4429281767956,0
"2080","CHEMAINUS RIVER",1994,1994-07-08,189,21,0,1.54,1.86285714286246,2.13928571428655,3.29800000000008,-0.276428571424081,61.82,80,21.4429281767956,0
"2081","CHEMAINUS RIVER",1994,1994-07-09,190,22,0,1.4,1.7585714285711,2.02714285714319,3.27833333333256,-0.268571428572094,63.22,81,21.4429281767956,0
"2082","CHEMAINUS RIVER",1994,1994-07-10,191,23,0,1.21,1.65857142856943,1.91857142857043,3.25733333333434,-0.260000000000998,64.43,82,21.4429281767956,0
"2083","CHEMAINUS RIVER",1994,1994-07-11,192,24,0,1.15,1.55285714285648,1.80928571428272,3.23566666666496,-0.256428571426243,65.58,83,21.4429281767956,0
"2084","CHEMAINUS RIVER",1994,1994-07-12,193,25,0,1.09,1.40999999999933,1.71642857143057,3.20500000000078,-0.306428571431232,66.67,84,21.4429281767956,0
"2085","CHEMAINUS RIVER",1994,1994-07-13,194,26,0,1.02,1.30285714285648,1.63214285714535,3.1140000000014,-0.329285714288874,67.69,85,21.4429281767956,0
"2086","CHEMAINUS RIVER",1994,1994-07-14,195,27,0,1.01,1.20285714286313,1.56214285714668,2.88133333333341,-0.359285714283552,68.7,86,21.4429281767956,0
"2087","CHEMAINUS RIVER",1994,1994-07-15,196,28,0,0.926,1.11514285714033,1.4890000000014,2.67220000000088,-0.373857142861068,69.626,87,21.4429281767956,0
"2088","CHEMAINUS RIVER",1994,1994-07-16,197,29,0,0.814,1.0314285714329,1.395000000002,2.50799999999969,-0.3635714285691,70.44,88,21.4429281767956,0
"2089","CHEMAINUS RIVER",1994,1994-07-17,198,30,0,0.782,0.970285714287976,1.3144285714287,2.37406666666696,-0.344142857140728,71.222,89,21.4429281767956,0
"2090","CHEMAINUS RIVER",1994,1994-07-18,199,31,0,0.79,0.9188571428614,1.23585714285894,2.22440000000061,-0.316999999997539,72.012,90,21.4429281767956,0
"2091","CHEMAINUS RIVER",1994,1994-07-19,200,32,0,0.774,0.873714285711425,1.14185714285538,2.03119999999957,-0.268142857143955,72.786,91,21.4429281767956,0
"2092","CHEMAINUS RIVER",1994,1994-07-20,201,33,0,0.771,0.838142857138467,1.07049999999747,1.88023333333355,-0.232357142859005,73.557,92,21.4429281767956,0
"2093","CHEMAINUS RIVER",1994,1994-07-21,202,34,0,0.75,0.800999999994279,1.0019285714287,1.76556666666681,-0.200928571434425,74.307,93,21.4429281767956,0
"2094","CHEMAINUS RIVER",1994,1994-07-22,203,35,0,0.694,0.767857142857143,0.941499999998736,1.66370000000073,-0.173642857141593,75.001,94,21.4429281767956,0
"2095","CHEMAINUS RIVER",1994,1994-07-23,204,36,0,0.598,0.736999999997871,0.884214285715383,1.56696666666733,-0.147214285717512,75.599,95,21.4429281767956,0
"2096","CHEMAINUS RIVER",1994,1994-07-24,205,37,0,0.612,0.712714285714485,0.841500000001231,1.47803333333383,-0.128785714286745,76.211,96,21.4429281767956,0
"2097","CHEMAINUS RIVER",1994,1994-07-25,206,38,0,0.539,0.676857142858872,0.797857142860136,1.39700000000109,-0.121000000001264,76.75,97,21.4429281767956,0
"2098","CHEMAINUS RIVER",1994,1994-07-26,207,39,0,0.542,0.643714285713421,0.758714285712423,1.32406666666502,-0.114999999999002,77.292,98,21.4429281767956,0
"2099","CHEMAINUS RIVER",1994,1994-07-27,208,40,0,0.442,0.596714285717878,0.717428571428172,1.24946666666656,-0.120714285710294,77.734,99,21.4429281767956,0
"2100","CHEMAINUS RIVER",1994,1994-07-28,209,41,0,0.393,0.545714285715284,0.673357142854781,1.18290000000076,-0.127642857139498,78.127,100,21.4429281767956,0
"2101","CHEMAINUS RIVER",1994,1994-07-29,210,42,0,0.368,0.499142857143722,0.633500000000432,1.12183333333426,-0.13435714285671,78.495,101,21.4429281767956,0
"2102","CHEMAINUS RIVER",1994,1994-07-30,211,43,0,0.35,0.46371428571209,0.600357142854981,1.06716666666713,-0.13664285714289,78.845,102,21.4429281767956,0
"2103","CHEMAINUS RIVER",1994,1994-07-31,212,44,0,0.34,0.424857142855347,0.568785714284916,1.01350000000093,-0.143928571429569,79.185,103,21.4429281767956,0
"2104","CHEMAINUS RIVER",1994,1994-08-01,213,45,0,0.353,0.398285714285781,0.537571428572327,0.954266666667536,-0.139285714286546,79.538,104,21.4429281767956,0
"2105","CHEMAINUS RIVER",1994,1994-08-02,214,46,0,0.337,0.369000000006054,0.506357142859737,0.9018333333331,-0.137357142853684,79.875,105,21.4429281767956,0
"2106","CHEMAINUS RIVER",1994,1994-08-03,215,47,0,0.358,0.35700000000153,0.476857142859704,0.850766666668157,-0.119857142858174,80.233,106,21.4429281767956,0
"2107","CHEMAINUS RIVER",1994,1994-08-04,216,48,0,0.406,0.358857142855413,0.452285714285348,0.794633333332604,-0.0934285714299352,80.639,107,21.4429281767956,0
"2108","CHEMAINUS RIVER",1994,1994-08-05,217,49,0,0.363,0.358142857140462,0.428642857142092,0.747733333332386,-0.0705000000016298,81.002,108,21.4429281767956,0
"2109","CHEMAINUS RIVER",1994,1994-08-06,218,50,0,0.333,0.355714285712955,0.409714285712523,0.7018333333331,-0.0539999999995676,81.335,109,21.4429281767956,0
"2110","CHEMAINUS RIVER",1994,1994-08-07,219,51,0,0.363,0.35899999999674,0.391928571426044,0.662599999998929,-0.0329285714293032,81.698,110,21.4429281767956,0
"2111","CHEMAINUS RIVER",1994,1994-08-08,220,52,0,0.52,0.382857142856145,0.390571428570963,0.633266666667381,-0.00771428571481786,82.218,111,21.4429281767956,0
"2112","CHEMAINUS RIVER",1994,1994-08-09,221,53,0,0.495,0.405428571426975,0.387214285716514,0.609433333333194,0.0182142857104606,82.713,112,21.4429281767956,0
"2113","CHEMAINUS RIVER",1994,1994-08-10,222,54,0,0.446,0.417999999996807,0.387499999999168,0.585966666667567,0.0304999999976384,83.159,113,21.4429281767956,0
"2114","CHEMAINUS RIVER",1994,1994-08-11,223,55,0,0.4,0.417142857148844,0.388000000002129,0.562966666667489,0.0291428571467154,83.559,114,21.4429281767956,0
"2115","CHEMAINUS RIVER",1994,1994-08-12,224,56,0,0.379,0.419428571426709,0.388785714283586,0.541599999998774,0.0306428571431233,83.938,115,21.4429281767956,0
"2116","CHEMAINUS RIVER",1994,1994-08-13,225,57,0,0.33,0.419000000002727,0.387357142857841,0.51893333333234,0.0316428571448861,84.268,116,21.4429281767956,0
"2117","CHEMAINUS RIVER",1994,1994-08-14,226,58,0,0.319,0.412714285717811,0.385857142857276,0.498700000000341,0.0268571428605355,84.587,117,21.4429281767956,0
"2118","CHEMAINUS RIVER",1994,1994-08-15,227,59,0,0.273,0.377428571427507,0.380142857141826,0.480666666666123,-0.00271428571431898,84.86,118,21.4429281767956,0
"2119","CHEMAINUS RIVER",1994,1994-08-16,228,60,0,0.318,0.352142857138201,0.378785714282588,0.465199999998246,-0.0266428571443872,85.178,119,21.4429281767956,0
"2120","CHEMAINUS RIVER",1994,1994-08-17,229,61,0,0.311,0.332857142859471,0.375428571428139,0.449233333333783,-0.0425714285686679,85.489,120,21.4429281767956,0
"2121","CHEMAINUS RIVER",1994,1994-08-18,230,62,0,0.308,0.3197142857077,0.368428571428272,0.433699999999953,-0.0487142857205721,85.797,121,21.4429281767956,0
"2122","CHEMAINUS RIVER",1994,1994-08-19,231,63,0,0.299,0.308285714285116,0.363857142855912,0.417966666666325,-0.0555714285707966,86.096,122,21.4429281767956,0
"2123","CHEMAINUS RIVER",1994,1994-08-20,232,64,1,0.258,0.298000000001463,0.358500000002095,0.40156666666735,-0.060500000000632,86.354,123,21.4429281767956,0
"2124","CHEMAINUS RIVER",1995,1995-06-18,169,1,0,2.23,2.12142857142525,1.80571428571212,2.25666666666705,0.315714285713121,2.23,71,23.4299171270718,0
"2125","CHEMAINUS RIVER",1995,1995-06-19,170,2,0,2.06,2.11999999999534,1.83142857142957,2.19266666666566,0.288571428565774,4.29,72,23.4299171270718,0
"2126","CHEMAINUS RIVER",1995,1995-06-20,171,3,0,1.86,2.06571428570896,1.84642857142691,2.12966666666519,0.219285714282055,6.15,73,23.4299171270718,0
"2127","CHEMAINUS RIVER",1995,1995-06-21,172,4,0,1.67,1.94714285714352,1.87000000000366,2.07166666666744,0.0771428571398636,7.82,74,23.4299171270718,0
"2128","CHEMAINUS RIVER",1995,1995-06-22,173,5,0,1.55,1.85285714286147,1.89571428571695,2.01800000000124,-0.0428571428554798,9.37,75,23.4299171270718,0
"2129","CHEMAINUS RIVER",1995,1995-06-23,174,6,0,1.32,1.77571428571329,1.90785714285864,1.96100000000054,-0.132142857145352,10.69,76,23.4299171270718,0
"2130","CHEMAINUS RIVER",1995,1995-06-24,175,7,0,1.16,1.69285714285382,1.89571428571279,1.89933333333271,-0.202857142858972,11.85,77,23.4299171270718,0
"2131","CHEMAINUS RIVER",1995,1995-06-25,176,8,0,1.06,1.52571428571329,1.82357142856927,1.83899999999946,-0.297857142855979,12.91,78,23.4299171270718,0
"2132","CHEMAINUS RIVER",1995,1995-06-26,177,9,0,0.991,1.37300000000479,1.74650000000007,1.78236666666732,-0.373499999995277,13.901,79,23.4299171270718,0
"2133","CHEMAINUS RIVER",1995,1995-06-27,178,10,0,0.897,1.23542857143496,1.65057142857196,1.7279333333349,-0.415142857137003,14.798,80,23.4299171270718,0
"2134","CHEMAINUS RIVER",1995,1995-06-28,179,11,0,0.847,1.11785714285049,1.53249999999701,1.6768333333331,-0.414642857146516,15.645,81,23.4299171270718,0
"2135","CHEMAINUS RIVER",1995,1995-06-29,180,12,0,0.807,1.01171428571355,1.43228571428751,1.62739999999952,-0.420571428573957,16.452,82,23.4299171270718,0
"2136","CHEMAINUS RIVER",1995,1995-06-30,181,13,0,0.743,0.92928571428638,1.35249999999983,1.58050000000124,-0.423214285713454,17.195,83,23.4299171270718,0
"2137","CHEMAINUS RIVER",1995,1995-07-01,182,14,0,0.78,0.875,1.28392857142691,1.54249999999884,-0.408928571426908,17.975,84,23.4299171270718,0
"2138","CHEMAINUS RIVER",1995,1995-07-02,183,15,0,0.737,0.828857142860735,1.17728571428701,1.50573333333402,-0.348428571426276,18.712,85,23.4299171270718,0
"2139","CHEMAINUS RIVER",1995,1995-07-03,184,16,0,0.71,0.788714285707101,1.08085714285595,1.47139999999975,-0.292142857148844,19.422,86,23.4299171270718,0
"2140","CHEMAINUS RIVER",1995,1995-07-04,185,17,0,0.673,0.756714285708897,0.996071428571928,1.43816666666535,-0.23935714286303,20.095,87,23.4299171270718,0
"2141","CHEMAINUS RIVER",1995,1995-07-05,186,18,0,0.68,0.732857142857808,0.925357142854149,1.40416666666667,-0.192499999996341,20.775,88,23.4299171270718,0
"2142","CHEMAINUS RIVER",1995,1995-07-06,187,19,0,0.672,0.713571428570763,0.862642857142159,1.37156666666657,-0.149071428571395,21.447,89,23.4299171270718,0
"2143","CHEMAINUS RIVER",1995,1995-07-07,188,20,0,0.678,0.704285714284716,0.816785714285548,1.34950000000147,-0.112500000000832,22.125,90,23.4299171270718,0
"2144","CHEMAINUS RIVER",1995,1995-07-08,189,21,0,0.645,0.684999999997672,0.779999999998836,1.33133333333341,-0.0950000000011642,22.77,91,23.4299171270718,0
"2145","CHEMAINUS RIVER",1995,1995-07-09,190,22,0,0.737,0.684999999997672,0.756928571429203,1.31756666666673,-0.0719285714315318,23.507,92,23.4299171270718,0
"2146","CHEMAINUS RIVER",1995,1995-07-10,191,23,0,0.945,0.71857142857542,0.753642857141261,1.30473333333309,-0.0350714285658406,24.452,93,23.4299171270718,0
"2147","CHEMAINUS RIVER",1995,1995-07-11,192,24,0,1.07,0.775285714289306,0.765999999999102,1.27139999999975,0.00928571429020453,25.522,94,23.4299171270718,0
"2148","CHEMAINUS RIVER",1995,1995-07-12,193,25,0,1,0.82100000000459,0.776928571431199,1.23573333333285,0.044071428573391,26.522,95,23.4299171270718,0
"2149","CHEMAINUS RIVER",1995,1995-07-13,194,26,0,0.865,0.848571428571761,0.781071428571262,1.18989999999952,0.0675000000004989,27.387,96,23.4299171270718,0
"2150","CHEMAINUS RIVER",1995,1995-07-14,195,27,0,0.731,0.856142857136937,0.780214285710827,1.13093333333187,0.0759285714261101,28.118,97,23.4299171270718,0
"2151","CHEMAINUS RIVER",1995,1995-07-15,196,28,0,0.771,0.874142857143722,0.779571428570697,1.08296666666671,0.0945714285730251,28.889,98,23.4299171270718,0
"2152","CHEMAINUS RIVER",1995,1995-07-16,197,29,0,0.707,0.869857142854016,0.777428571425844,1.04453333333173,0.0924285714281723,29.596,99,23.4299171270718,0
"2153","CHEMAINUS RIVER",1995,1995-07-17,198,30,0,0.643,0.826714285715882,0.772642857145651,1.00796666666671,0.0540714285702312,30.239,100,23.4299171270718,0
"2154","CHEMAINUS RIVER",1995,1995-07-18,199,31,0,0.581,0.75685714285854,0.766071428573923,0.953000000000854,-0.0092142857153833,30.82,101,23.4299171270718,0
"2155","CHEMAINUS RIVER",1995,1995-07-19,200,32,0,0.527,0.689285714287377,0.755142857145984,0.901900000000993,-0.0658571428586063,31.347,102,23.4299171270718,0
"2156","CHEMAINUS RIVER",1995,1995-07-20,201,33,0,0.523,0.640428571429636,0.744500000000698,0.857333333334342,-0.104071428571063,31.87,103,23.4299171270718,0
"2157","CHEMAINUS RIVER",1995,1995-07-21,202,34,0,0.447,0.599857142860336,0.727999999998636,0.816566666665797,-0.1281428571383,32.317,104,23.4299171270718,0
"2158","CHEMAINUS RIVER",1995,1995-07-22,203,35,0,0.477,0.557857142861134,0.716000000002428,0.780799999999969,-0.158142857141294,32.794,105,23.4299171270718,0
"2159","CHEMAINUS RIVER",1995,1995-07-23,204,36,0,0.485,0.526142857145585,0.6979999999998,0.752966666665937,-0.171857142854216,33.279,106,23.4299171270718,0
"2160","CHEMAINUS RIVER",1995,1995-07-24,205,37,0,0.444,0.49771428571382,0.662214285714851,0.729100000000714,-0.164500000001031,33.723,107,23.4299171270718,0
"2161","CHEMAINUS RIVER",1995,1995-07-25,206,38,0,0.479,0.483142857140462,0.619999999999501,0.709733333333861,-0.136857142859039,34.202,108,23.4299171270718,0
"2162","CHEMAINUS RIVER",1995,1995-07-26,207,39,0,0.53,0.483571428564444,0.586428571425911,0.694366666664913,-0.102857142861467,34.732,109,23.4299171270718,0
"2163","CHEMAINUS RIVER",1995,1995-07-27,208,40,0,0.514,0.482285714284184,0.56135714285691,0.681599999999162,-0.0790714285727258,35.246,110,23.4299171270718,0
"2164","CHEMAINUS RIVER",1995,1995-07-28,209,41,0,0.49,0.488428571427773,0.544142857144055,0.669700000000497,-0.0557142857162814,35.736,111,23.4299171270718,0
"2165","CHEMAINUS RIVER",1995,1995-07-29,210,42,0,0.47,0.487428571430168,0.522642857145651,0.658466666667179,-0.0352142857154831,36.206,112,23.4299171270718,0
"2166","CHEMAINUS RIVER",1995,1995-07-30,211,43,0,0.428,0.479285714283053,0.502714285714319,0.647966666665161,-0.0234285714312656,36.634,113,23.4299171270718,0
"2167","CHEMAINUS RIVER",1995,1995-07-31,212,44,0,0.417,0.475428571425644,0.486571428569732,0.635866666666698,-0.0111428571440878,37.051,114,23.4299171270718,0
"2168","CHEMAINUS RIVER",1995,1995-08-01,213,45,0,0.431,0.468571428567105,0.475857142853783,0.625666666665347,-0.00728571428667885,37.482,115,23.4299171270718,0
"2169","CHEMAINUS RIVER",1995,1995-08-02,214,46,0,0.428,0.454000000002062,0.468785714283253,0.61626666666707,-0.0147857142811907,37.91,116,23.4299171270718,0
"2170","CHEMAINUS RIVER",1995,1995-08-03,215,47,0,0.415,0.439857142861001,0.461071428572593,0.607666666667986,-0.0212142857115915,38.325,117,23.4299171270718,0
"2171","CHEMAINUS RIVER",1995,1995-08-04,216,48,0,0.382,0.424428571431365,0.456428571429569,0.597733333334327,-0.0319999999982039,38.707,118,23.4299171270718,0
"2172","CHEMAINUS RIVER",1995,1995-08-05,217,49,0,0.345,0.406571428565907,0.446999999998038,0.586833333332712,-0.0404285714321304,39.052,119,23.4299171270718,0
"2173","CHEMAINUS RIVER",1995,1995-08-06,218,50,0,0.478,0.413714285715417,0.446499999999235,0.580166666665658,-0.0327857142838184,39.53,120,23.4299171270718,0
"2174","CHEMAINUS RIVER",1995,1995-08-07,219,51,0,1.5,0.568428571427441,0.521928571426542,0.608666666666977,0.046500000000898,41.03,121,23.4299171270718,0
"2175","CHEMAINUS RIVER",1995,1995-08-08,220,52,0,1.54,0.726857142863862,0.597714285715483,0.635433333334125,0.129142857148379,42.57,122,23.4299171270718,0
"2176","CHEMAINUS RIVER",1995,1995-08-09,221,53,0,1.11,0.824285714288375,0.639142857145219,0.640933333333427,0.185142857143156,43.68,123,23.4299171270718,0
"2177","CHEMAINUS RIVER",1995,1995-08-10,222,54,0,0.978,0.904714285712024,0.672285714286513,0.63786666666662,0.232428571425511,44.658,124,23.4299171270718,0
"2178","CHEMAINUS RIVER",1995,1995-08-11,223,55,0,0.818,0.966999999995876,0.69571428571362,0.63179999999896,0.271285714282255,45.476,125,23.4299171270718,0
"2179","CHEMAINUS RIVER",1995,1995-08-12,224,56,0,0.778,1.02885714285575,0.717714285710827,0.628899999998976,0.311142857144919,46.254,126,23.4299171270718,0
"2180","CHEMAINUS RIVER",1995,1995-08-13,225,57,0,0.725,1.06414285714605,0.738928571430733,0.628700000001118,0.325214285715317,46.979,127,23.4299171270718,0
"2181","CHEMAINUS RIVER",1995,1995-08-14,226,58,0,0.682,0.94728571428485,0.757857142856145,0.62573333333324,0.189428571428705,47.661,128,23.4299171270718,0
"2182","CHEMAINUS RIVER",1995,1995-08-15,227,59,0,0.709,0.828571428569766,0.777714285716814,0.625800000001133,0.050857142852952,48.37,129,23.4299171270718,0
"2183","CHEMAINUS RIVER",1995,1995-08-16,228,60,0,0.718,0.77257142857083,0.798428571429603,0.628299999999581,-0.0258571428587727,49.088,130,23.4299171270718,0
"2184","CHEMAINUS RIVER",1995,1995-08-17,229,61,0,0.766,0.742285714285182,0.823499999998603,0.63446666666617,-0.0812142857134209,49.854,131,23.4299171270718,0
"2185","CHEMAINUS RIVER",1995,1995-08-18,230,62,0,0.724,0.728857142859072,0.847928571427474,0.641033333332355,-0.119071428568402,50.578,132,23.4299171270718,0
"2186","CHEMAINUS RIVER",1995,1995-08-19,231,63,0,0.812,0.733714285714086,0.881285714284916,0.650666666665347,-0.14757142857083,51.39,133,23.4299171270718,0
"2187","CHEMAINUS RIVER",1995,1995-08-20,232,64,0,1.03,0.777285714284517,0.920714285715284,0.670100000000093,-0.143428571430767,52.42,134,23.4299171270718,0
"2188","CHEMAINUS RIVER",1995,1995-08-21,233,65,0,1,0.822714285717146,0.885000000000998,0.687533333332976,-0.0622857142838517,53.42,135,23.4299171270718,0
"2189","CHEMAINUS RIVER",1995,1995-08-22,234,66,0,0.882,0.847428571424514,0.837999999997139,0.700766666666217,0.00942857142737408,54.302,136,23.4299171270718,0
"2190","CHEMAINUS RIVER",1995,1995-08-23,235,67,0,0.788,0.857428571425511,0.814999999998171,0.712233333332309,0.0424285714273407,55.09,137,23.4299171270718,0
"2191","CHEMAINUS RIVER",1995,1995-08-24,236,68,0,0.704,0.848571428571761,0.795428571428472,0.719733333333473,0.0531428571432895,55.794,138,23.4299171270718,0
"2192","CHEMAINUS RIVER",1995,1995-08-25,237,69,0,0.672,0.841142857139597,0.784999999999335,0.724466666666558,0.0561428571402627,56.466,139,23.4299171270718,0
"2193","CHEMAINUS RIVER",1995,1995-08-26,238,70,0,0.656,0.818857142859737,0.776285714286912,0.729199999999643,0.0425714285728255,57.122,140,23.4299171270718,0
"2194","CHEMAINUS RIVER",1995,1995-08-27,239,71,0,0.619,0.760142857142325,0.768714285713421,0.733500000000155,-0.00857142857109594,57.741,141,23.4299171270718,0
"2195","CHEMAINUS RIVER",1995,1995-08-28,240,72,0,0.602,0.703285714287111,0.763000000002129,0.737899999999596,-0.0597142857150175,58.343,142,23.4299171270718,0
"2196","CHEMAINUS RIVER",1995,1995-08-29,241,73,0,0.589,0.661428571429237,0.754428571426875,0.743266666666993,-0.0929999999976385,58.932,143,23.4299171270718,0
"2197","CHEMAINUS RIVER",1995,1995-08-30,242,74,0,0.559,0.628714285716082,0.743071428570797,0.748000000000078,-0.114357142854715,59.491,144,23.4299171270718,0
"2198","CHEMAINUS RIVER",1995,1995-08-31,243,75,0,0.532,0.604142857141726,0.726357142856744,0.751366666667551,-0.122214285715017,60.023,145,23.4299171270718,0
"2199","CHEMAINUS RIVER",1995,1995-09-01,244,76,0,0.489,0.578000000004457,0.709571428572027,0.75340000000045,-0.13157142856757,60.512,146,23.4299171270718,0
"2200","CHEMAINUS RIVER",1995,1995-09-02,245,77,0,0.462,0.550285714287644,0.68457142857369,0.75496666666586,-0.134285714286047,60.974,147,23.4299171270718,0
"2201","CHEMAINUS RIVER",1995,1995-09-03,246,78,0,0.431,0.523428571427108,0.641785714284716,0.756599999999162,-0.118357142857608,61.405,148,23.4299171270718,0
"2202","CHEMAINUS RIVER",1995,1995-09-04,247,79,0,0.387,0.492714285709163,0.597999999998137,0.75799999999969,-0.105285714288974,61.792,149,23.4299171270718,0
"2203","CHEMAINUS RIVER",1995,1995-09-05,248,80,0,0.405,0.466428571430567,0.563928571429902,0.755566666667194,-0.0974999999993348,62.197,150,23.4299171270718,0
"2204","CHEMAINUS RIVER",1995,1995-09-06,249,81,0,0.415,0.445857142854948,0.537285714285515,0.719399999999829,-0.0914285714305672,62.612,151,23.4299171270718,0
"2205","CHEMAINUS RIVER",1995,1995-09-07,250,82,0,0.413,0.428857142854083,0.516499999997905,0.681833333331936,-0.0876428571438218,63.025,152,23.4299171270718,0
"2206","CHEMAINUS RIVER",1995,1995-09-08,251,83,0,0.4,0.416142857142924,0.49707142857369,0.658166666666511,-0.0809285714307667,63.425,153,23.4299171270718,0
"2207","CHEMAINUS RIVER",1995,1995-09-09,252,84,0,0.373,0.403428571431765,0.476857142859704,0.638000000000466,-0.0734285714279395,63.798,154,23.4299171270718,0
"2208","CHEMAINUS RIVER",1995,1995-09-10,253,85,0,0.35,0.391857142859538,0.457642857143323,0.622400000000683,-0.0657857142837851,64.148,155,23.4299171270718,0
"2209","CHEMAINUS RIVER",1995,1995-09-11,254,86,0,0.313,0.381285714293231,0.437000000001197,0.606900000001769,-0.055714285707966,64.461,156,23.4299171270718,0
"2210","CHEMAINUS RIVER",1995,1995-09-12,255,87,0,0.294,0.365428571431299,0.415928571430933,0.592533333333752,-0.0504999999996341,64.755,157,23.4299171270718,0
"2211","CHEMAINUS RIVER",1995,1995-09-13,256,88,0,0.289,0.347428571432829,0.396642857143888,0.579433333334358,-0.0492142857110593,65.044,158,23.4299171270718,0
"2212","CHEMAINUS RIVER",1995,1995-09-14,257,89,0,0.25,0.324142857147048,0.376500000000565,0.564133333333302,-0.0523571428535173,65.294,159,23.4299171270718,0
"2213","CHEMAINUS RIVER",1995,1995-09-15,258,90,0,0.242,0.301571428567903,0.358857142855413,0.548266666665828,-0.0572857142875104,65.536,160,23.4299171270718,0
"2214","CHEMAINUS RIVER",1995,1995-09-16,259,91,0,0.247,0.283571428569433,0.343500000000599,0.530966666666791,-0.0599285714311658,65.783,161,23.4299171270718,0
"2215","CHEMAINUS RIVER",1995,1995-09-17,260,92,0,0.243,0.26828571428944,0.330071428574489,0.514933333334435,-0.061785714285049,66.026,162,23.4299171270718,0
"2216","CHEMAINUS RIVER",1995,1995-09-18,261,93,0,0.245,0.258571428571096,0.319928571432164,0.496033333335072,-0.0613571428610677,66.271,163,23.4299171270718,0
"2217","CHEMAINUS RIVER",1995,1995-09-19,262,94,0,0.247,0.251857142853883,0.308642857142591,0.469933333333271,-0.0567857142887078,66.518,164,23.4299171270718,0
"2218","CHEMAINUS RIVER",1995,1995-09-20,263,95,0,0.247,0.245857142851621,0.296642857142225,0.444833333332402,-0.0507857142906037,66.765,165,23.4299171270718,0
"2219","CHEMAINUS RIVER",1995,1995-09-21,264,96,0,0.24,0.244428571430035,0.284285714288541,0.423433333334591,-0.0398571428585066,67.005,166,23.4299171270718,0
"2220","CHEMAINUS RIVER",1995,1995-09-22,265,97,0,0.258,0.246714285716215,0.274142857142059,0.405766666666993,-0.027428571425844,67.263,167,23.4299171270718,0
"2221","CHEMAINUS RIVER",1995,1995-09-23,266,98,0,0.274,0.250571428573624,0.267071428571528,0.391433333333892,-0.0164999999979045,67.537,168,23.4299171270718,0
"2222","CHEMAINUS RIVER",1995,1995-09-24,267,99,0,0.263,0.253428571425112,0.260857142857276,0.377800000001056,-0.00742857143216369,67.8,169,23.4299171270718,0
"2223","CHEMAINUS RIVER",1995,1995-09-25,268,100,0,0.275,0.257714285714818,0.258142857142957,0.365100000001257,-0.000428571428139013,68.075,170,23.4299171270718,0
"2224","CHEMAINUS RIVER",1995,1995-09-26,269,101,0,0.302,0.265571428570963,0.258714285712423,0.354533333333287,0.00685714285853983,68.377,171,23.4299171270718,0
"2225","CHEMAINUS RIVER",1995,1995-09-27,270,102,0,0.324,0.276571428577881,0.261214285714751,0.345266666666915,0.0153571428631299,68.701,172,23.4299171270718,0
"2226","CHEMAINUS RIVER",1995,1995-09-28,271,103,0,0.408,0.300571428570298,0.272500000000166,0.339233333334172,0.0280714285701313,69.109,173,23.4299171270718,0
"2227","CHEMAINUS RIVER",1995,1995-09-29,272,104,1,0.465,0.330142857140995,0.288428571428605,0.336099999999472,0.0417142857123898,69.574,174,23.4299171270718,0
"2228","CHEMAINUS RIVER",1996,1996-06-17,169,1,0,1.6,2.02857142857309,2.53071428571379,4.12433333333271,-0.502142857140695,1.6,49,21.5450285714286,0
"2229","CHEMAINUS RIVER",1996,1996-06-18,170,2,0,1.52,1.89428571428704,2.34714285714186,4.00866666666698,-0.452857142854814,3.12,50,21.5450285714286,0
"2230","CHEMAINUS RIVER",1996,1996-06-19,171,3,0,1.42,1.760000000001,2.19571428571362,3.87566666666535,-0.435714285712623,4.54,51,21.5450285714286,0
"2231","CHEMAINUS RIVER",1996,1996-06-20,172,4,0,1.34,1.64000000000565,2.06285714285748,3.72666666666628,-0.422857142851821,5.88,52,21.5450285714286,0
"2232","CHEMAINUS RIVER",1996,1996-06-21,173,5,0,1.32,1.54000000000399,1.95000000000333,3.575,-0.409999999999335,7.2,53,21.5450285714286,0
"2233","CHEMAINUS RIVER",1996,1996-06-22,174,6,0,1.29,1.45857142857442,1.85642857142791,3.41033333333326,-0.397857142853484,8.49,54,21.5450285714286,0
"2234","CHEMAINUS RIVER",1996,1996-06-23,175,7,0,1.33,1.40285714285814,1.77428571428754,3.24700000000109,-0.371428571429403,9.82,55,21.5450285714286,0
"2235","CHEMAINUS RIVER",1996,1996-06-24,176,8,0,1.4,1.37428571428505,1.70142857142907,3.08833333333217,-0.327142857144021,11.22,56,21.5450285714286,0
"2236","CHEMAINUS RIVER",1996,1996-06-25,177,9,0,1.37,1.35285714285315,1.6235714285701,2.93366666666504,-0.270714285716947,12.59,57,21.5450285714286,0
"2237","CHEMAINUS RIVER",1996,1996-06-26,178,10,0,1.28,1.33285714285947,1.54642857143023,2.7856666666669,-0.213571428570763,13.87,58,21.5450285714286,0
"2238","CHEMAINUS RIVER",1996,1996-06-27,179,11,0,1.16,1.30714285713787,1.47357142857176,2.62766666666527,-0.166428571433893,15.03,59,21.5450285714286,0
"2239","CHEMAINUS RIVER",1996,1996-06-28,180,12,0,1.09,1.27428571428339,1.40714285714369,2.47199999999915,-0.132857142860303,16.12,60,21.5450285714286,0
"2240","CHEMAINUS RIVER",1996,1996-06-29,181,13,0,1.06,1.2414285714289,1.35000000000166,2.32399999999907,-0.108571428572759,17.18,61,21.5450285714286,0
"2241","CHEMAINUS RIVER",1996,1996-06-30,182,14,0,1.02,1.19714285714352,1.30000000000083,2.1893333333331,-0.102857142857309,18.2,62,21.5450285714286,0
"2242","CHEMAINUS RIVER",1996,1996-07-01,183,15,0,0.973,1.13614285714825,1.25521428571665,2.06476666666761,-0.119071428568402,19.173,63,21.5450285714286,0
"2243","CHEMAINUS RIVER",1996,1996-07-02,184,16,0,0.938,1.0744285714297,1.21364285714143,1.94336666666592,-0.139214285711724,20.111,64,21.5450285714286,0
"2244","CHEMAINUS RIVER",1996,1996-07-03,185,17,0,0.912,1.02185714285588,1.17735714285768,1.82843333333343,-0.155500000001796,21.023,65,21.5450285714286,0
"2245","CHEMAINUS RIVER",1996,1996-07-04,186,18,0,0.895,0.984000000005056,1.14557142857146,1.72193333333319,-0.161571428566406,21.918,66,21.5450285714286,0
"2246","CHEMAINUS RIVER",1996,1996-07-05,187,19,0,0.886,0.95485714285834,1.11457142857086,1.63346666666718,-0.159714285712523,22.804,67,21.5450285714286,0
"2247","CHEMAINUS RIVER",1996,1996-07-06,188,20,0,0.861,0.926428571426576,1.08392857142774,1.5554999999993,-0.157500000001164,23.665,68,21.5450285714286,0
"2248","CHEMAINUS RIVER",1996,1996-07-07,189,21,0,0.832,0.89957142856604,1.04835714285478,1.48656666666696,-0.148785714288741,24.497,69,21.5450285714286,0
"2249","CHEMAINUS RIVER",1996,1996-07-08,190,22,0,0.792,0.873714285711425,1.00492857142984,1.42629999999966,-0.13121428571841,25.289,70,21.5450285714286,0
"2250","CHEMAINUS RIVER",1996,1996-07-09,191,23,0,0.751,0.847000000000532,0.960714285715117,1.36866666666659,-0.113714285714585,26.04,71,21.5450285714286,0
"2251","CHEMAINUS RIVER",1996,1996-07-10,192,24,0,0.73,0.82100000000459,0.921428571430234,1.31233333333512,-0.100428571425644,26.77,72,21.5450285714286,0
"2252","CHEMAINUS RIVER",1996,1996-07-11,193,25,0,0.698,0.79285714285548,0.888428571430268,1.25360000000025,-0.095571428574788,27.468,73,21.5450285714286,0
"2253","CHEMAINUS RIVER",1996,1996-07-12,194,26,0,0.68,0.76342857142611,0.859142857142225,1.19760000000048,-0.0957142857161151,28.148,74,21.5450285714286,0
"2254","CHEMAINUS RIVER",1996,1996-07-13,195,27,0,0.648,0.732999999999135,0.829714285712855,1.1465333333336,-0.0967142857137202,28.796,75,21.5450285714286,0
"2255","CHEMAINUS RIVER",1996,1996-07-14,196,28,0,0.607,0.700857142859604,0.800214285712822,1.09943333333358,-0.099357142853218,29.403,76,21.5450285714286,0
"2256","CHEMAINUS RIVER",1996,1996-07-15,197,29,0,0.57,0.669142857144055,0.77142857142774,1.05643333333428,-0.102285714283685,29.973,77,21.5450285714286,0
"2257","CHEMAINUS RIVER",1996,1996-07-16,198,30,0,0.542,0.639285714290703,0.743142857145618,1.01716666666713,-0.103857142854914,30.515,78,21.5450285714286,0
"2258","CHEMAINUS RIVER",1996,1996-07-17,199,31,0,0.608,0.621857142857542,0.721428571431066,0.98410000000149,-0.0995714285735241,31.123,79,21.5450285714286,0
"2259","CHEMAINUS RIVER",1996,1996-07-18,200,32,0,0.66,0.616428571428904,0.704642857142192,0.955433333333349,-0.0882142857132878,31.783,80,21.5450285714286,0
"2260","CHEMAINUS RIVER",1996,1996-07-19,201,33,0,0.711,0.620857142859937,0.692142857143023,0.9318000000009,-0.0712857142830866,32.494,81,21.5450285714286,0
"2261","CHEMAINUS RIVER",1996,1996-07-20,202,34,0,0.737,0.633571428571096,0.683285714285116,0.911699999998867,-0.0497142857140196,33.231,82,21.5450285714286,0
"2262","CHEMAINUS RIVER",1996,1996-07-21,203,35,0,0.722,0.649999999998337,0.675428571428971,0.891766666665596,-0.0254285714306337,33.953,83,21.5450285714286,0
"2263","CHEMAINUS RIVER",1996,1996-07-22,204,36,0,0.671,0.664428571430368,0.666785714287211,0.871133333334001,-0.00235714285684341,34.624,84,21.5450285714286,0
"2264","CHEMAINUS RIVER",1996,1996-07-23,205,37,0,0.615,0.674857142855347,0.657071428573025,0.847299999999814,0.0177857142823216,35.239,85,21.5450285714286,0
"2265","CHEMAINUS RIVER",1996,1996-07-24,206,38,0,0.568,0.669142857135739,0.645499999996641,0.819566666666651,0.0236428571390986,35.807,86,21.5450285714286,0
"2266","CHEMAINUS RIVER",1996,1996-07-25,207,39,0,0.529,0.650428571430634,0.633428571429769,0.791533333334761,0.0170000000008648,36.336,87,21.5450285714286,0
"2267","CHEMAINUS RIVER",1996,1996-07-26,208,40,0,0.497,0.619857142854016,0.620357142856977,0.765433333332961,-0.000500000002960244,36.833,88,21.5450285714286,0
"2268","CHEMAINUS RIVER",1996,1996-07-27,209,41,0,0.464,0.580857142864261,0.607214285717678,0.742233333335025,-0.0263571428534176,37.297,89,21.5450285714286,0
"2269","CHEMAINUS RIVER",1996,1996-07-28,210,42,0,0.436,0.540000000003991,0.595000000001164,0.720433333333737,-0.0549999999971728,37.733,90,21.5450285714286,0
"2270","CHEMAINUS RIVER",1996,1996-07-29,211,43,0,0.422,0.504428571422717,0.584428571426542,0.699166666665891,-0.0800000000038251,38.155,91,21.5450285714286,0
"2271","CHEMAINUS RIVER",1996,1996-07-30,212,44,0,0.398,0.473428571430434,0.57414285714289,0.678433333333426,-0.100714285712456,38.553,92,21.5450285714286,0
"2272","CHEMAINUS RIVER",1996,1996-07-31,213,45,0,0.388,0.447714285717146,0.558428571426443,0.658933333332728,-0.110714285709296,38.941,93,21.5450285714286,0
"2273","CHEMAINUS RIVER",1996,1996-08-01,214,46,0,0.376,0.425857142852952,0.538142857141793,0.640200000000186,-0.112285714288841,39.317,94,21.5450285714286,0
"2274","CHEMAINUS RIVER",1996,1996-08-02,215,47,0,0.425,0.4155714285693,0.517714285711658,0.623966666666092,-0.102142857142358,39.742,95,21.5450285714286,0
"2275","CHEMAINUS RIVER",1996,1996-08-03,216,48,0,0.432,0.41099999999694,0.4959285714306,0.608533333333132,-0.0849285714336604,40.174,96,21.5450285714286,0
"2276","CHEMAINUS RIVER",1996,1996-08-04,217,49,0,0.403,0.406285714283253,0.473142857143622,0.592433333332883,-0.0668571428603692,40.577,97,21.5450285714286,0
"2277","CHEMAINUS RIVER",1996,1996-08-05,218,50,0,0.407,0.404142857146715,0.454285714284716,0.57730000000059,-0.0501428571380009,40.984,98,21.5450285714286,0
"2278","CHEMAINUS RIVER",1996,1996-08-06,219,51,0,0.395,0.403714285714419,0.438571428572426,0.562733333334715,-0.0348571428580077,41.379,99,21.5450285714286,0
"2279","CHEMAINUS RIVER",1996,1996-08-07,220,52,0,0.369,0.401000000004257,0.424357142860702,0.548633333334389,-0.0233571428564444,41.748,100,21.5450285714286,0
"2280","CHEMAINUS RIVER",1996,1996-08-08,221,53,0,0.34,0.395857142858274,0.410857142855613,0.534933333333659,-0.0149999999973391,42.088,101,21.5450285714286,0
"2281","CHEMAINUS RIVER",1996,1996-08-09,222,54,0,0.325,0.381571428575886,0.398571428572593,0.521433333332728,-0.0169999999967071,42.413,102,21.5450285714286,0
"2282","CHEMAINUS RIVER",1996,1996-08-10,223,55,0,0.3,0.362714285712822,0.386857142854881,0.508166666666511,-0.0241428571420589,42.713,103,21.5450285714286,0
"2283","CHEMAINUS RIVER",1996,1996-08-11,224,56,0,0.289,0.346428571426908,0.376357142855081,0.495133333333069,-0.0299285714281723,43.002,104,21.5450285714286,0
"2284","CHEMAINUS RIVER",1996,1996-08-12,225,57,0,0.282,0.328571428569766,0.366357142858241,0.482933333333737,-0.037785714288475,43.284,105,21.5450285714286,0
"2285","CHEMAINUS RIVER",1996,1996-08-13,226,58,0,0.282,0.312428571425179,0.358071428569799,0.472100000000016,-0.04564285714462,43.566,106,21.5450285714286,0
"2286","CHEMAINUS RIVER",1996,1996-08-14,227,59,0,0.275,0.298999999999069,0.350000000001663,0.462266666667225,-0.0510000000025944,43.841,107,21.5450285714286,0
"2287","CHEMAINUS RIVER",1996,1996-08-15,228,60,0,0.263,0.288000000000466,0.34192857142937,0.452966666665937,-0.0539285714289041,44.104,108,21.5450285714286,0
"2288","CHEMAINUS RIVER",1996,1996-08-16,229,61,0,0.25,0.277285714284517,0.329428571430201,0.441033333332355,-0.0521428571456844,44.354,109,21.5450285714286,0
"2289","CHEMAINUS RIVER",1996,1996-08-17,230,62,0,0.246,0.269571428569699,0.316142857141261,0.427233333332697,-0.0465714285715617,44.6,110,21.5450285714286,0
"2290","CHEMAINUS RIVER",1996,1996-08-18,231,63,0,0.248,0.26371428571708,0.305071428571994,0.411799999999736,-0.0413571428549144,44.848,111,21.5450285714286,0
"2291","CHEMAINUS RIVER",1996,1996-08-19,232,64,0,0.263,0.260999999998603,0.294785714284184,0.396000000000155,-0.0337857142855812,45.111,112,21.5450285714286,0
"2292","CHEMAINUS RIVER",1996,1996-08-20,233,65,0,0.266,0.258714285712423,0.285571428568801,0.380799999999969,-0.0268571428563779,45.377,113,21.5450285714286,0
"2293","CHEMAINUS RIVER",1996,1996-08-21,234,66,0,0.262,0.256857142850224,0.277928571424647,0.367166666665192,-0.0210714285744221,45.639,114,21.5450285714286,0
"2294","CHEMAINUS RIVER",1996,1996-08-22,235,67,0,0.267,0.257428571432164,0.272714285716315,0.355566666667194,-0.015285714284151,45.906,115,21.5450285714286,0
"2295","CHEMAINUS RIVER",1996,1996-08-23,236,68,0,0.245,0.256714285717213,0.267000000000865,0.344800000001366,-0.0102857142836521,46.151,116,21.5450285714286,0
"2296","CHEMAINUS RIVER",1996,1996-08-24,237,69,0,0.242,0.256142857143589,0.262857142856644,0.335233333332386,-0.00671428571305499,46.393,117,21.5450285714286,0
"2297","CHEMAINUS RIVER",1996,1996-08-25,238,70,0,0.238,0.254714285713687,0.259214285715383,0.326600000000326,-0.00450000000169637,46.631,118,21.5450285714286,0
"2298","CHEMAINUS RIVER",1996,1996-08-26,239,71,0,0.226,0.249428571434692,0.255214285716647,0.318666666666589,-0.00578571428195573,46.857,119,21.5450285714286,0
"2299","CHEMAINUS RIVER",1996,1996-08-27,240,72,0,0.199,0.239857142857675,0.249285714285049,0.310766666665828,-0.00942857142737402,47.056,120,21.5450285714286,0
"2300","CHEMAINUS RIVER",1996,1996-08-28,241,73,0,0.201,0.231142857145252,0.243999999997738,0.30340000000045,-0.0128571428524862,47.257,121,21.5450285714286,0
"2301","CHEMAINUS RIVER",1996,1996-08-29,242,74,0,0.2,0.221571428568235,0.2395000000002,0.296799999999348,-0.0179285714319641,47.457,122,21.5450285714286,0
"2302","CHEMAINUS RIVER",1996,1996-08-30,243,75,0,0.21,0.216571428571894,0.236642857144553,0.290866666667474,-0.0200714285726593,47.667,123,21.5450285714286,0
"2303","CHEMAINUS RIVER",1996,1996-08-31,244,76,0,0.274,0.221142857144254,0.238642857143921,0.287466666667024,-0.0174999999996674,47.941,124,21.5450285714286,0
"2304","CHEMAINUS RIVER",1996,1996-09-01,245,77,0,0.247,0.222428571424514,0.2385714285691,0.281533333333209,-0.0161428571445867,48.188,125,21.5450285714286,0
"2305","CHEMAINUS RIVER",1996,1996-09-02,246,78,0,0.239,0.224285714278397,0.236857142856544,0.275099999998929,-0.0125714285781474,48.427,126,21.5450285714286,0
"2306","CHEMAINUS RIVER",1996,1996-09-03,247,79,0,0.27,0.234428571429037,0.237142857143356,0.270666666666511,-0.00271428571431898,48.697,127,21.5450285714286,0
"2307","CHEMAINUS RIVER",1996,1996-09-04,248,80,0,0.289,0.246999999998869,0.239071428572061,0.266733333332619,0.00792857142680856,48.986,128,21.5450285714286,0
"2308","CHEMAINUS RIVER",1996,1996-09-05,249,81,0,0.27,0.256999999999867,0.239285714284051,0.262566666665953,0.0177142857158157,49.256,129,21.5450285714286,0
"2309","CHEMAINUS RIVER",1996,1996-09-06,250,82,0,0.278,0.266714285709895,0.241642857140895,0.259533333332123,0.0250714285690005,49.534,130,21.5450285714286,0
"2310","CHEMAINUS RIVER",1996,1996-09-07,251,83,0,0.388,0.283000000004124,0.252071428574189,0.261133333334389,0.0309285714299352,49.922,131,21.5450285714286,0
"2311","CHEMAINUS RIVER",1996,1996-09-08,252,84,0,0.422,0.308000000002461,0.265214285713487,0.264366666666077,0.0427857142889739,50.344,132,21.5450285714286,0
"2312","CHEMAINUS RIVER",1996,1996-09-09,253,85,0,0.411,0.332571428576817,0.278428571427607,0.268066666667194,0.0541428571492101,50.755,133,21.5450285714286,0
"2313","CHEMAINUS RIVER",1996,1996-09-10,254,86,0,0.404,0.351714285714219,0.293071428571628,0.271900000000217,0.058642857142591,51.159,134,21.5450285714286,0
"2314","CHEMAINUS RIVER",1996,1996-09-11,255,87,0,0.404,0.36814285714146,0.307571428570165,0.275966666666015,0.0605714285712955,51.563,135,21.5450285714286,0
"2315","CHEMAINUS RIVER",1996,1996-09-12,256,88,0,0.396,0.38614285713993,0.321571428569899,0.279766666666061,0.0645714285700316,51.959,136,21.5450285714286,0
"2316","CHEMAINUS RIVER",1996,1996-09-13,257,89,0,0.386,0.401571428569566,0.334142857139731,0.283466666665239,0.0674285714298353,52.345,137,21.5450285714286,0
"2317","CHEMAINUS RIVER",1996,1996-09-14,258,90,0,0.525,0.421142857139265,0.352071428571695,0.292200000000109,0.0690714285675703,52.87,138,21.5450285714286,0
"2318","CHEMAINUS RIVER",1996,1996-09-15,259,91,0,0.552,0.439714285719674,0.373857142861068,0.302266666667614,0.0658571428586064,53.422,139,21.5450285714286,0
"2319","CHEMAINUS RIVER",1996,1996-09-16,260,92,0,0.544,0.458714285715749,0.395642857146283,0.312200000001273,0.0630714285694662,53.966,140,21.5450285714286,0
"2320","CHEMAINUS RIVER",1996,1996-09-17,261,93,0,0.546,0.479000000000399,0.415357142857309,0.322133333332992,0.06364285714309,54.512,141,21.5450285714286,0
"2321","CHEMAINUS RIVER",1996,1996-09-18,262,94,0,0.529,0.496857142857542,0.432499999999501,0.330999999999767,0.0643571428580409,55.041,142,21.5450285714286,0
"2322","CHEMAINUS RIVER",1996,1996-09-19,263,95,0,0.558,0.520000000001996,0.453071428570963,0.340733333333628,0.0669285714310328,55.599,143,21.5450285714286,0
"2323","CHEMAINUS RIVER",1996,1996-09-20,264,96,0,0.524,0.539714285721337,0.470642857145452,0.349466666668498,0.0690714285758856,56.123,144,21.5450285714286,0
"2324","CHEMAINUS RIVER",1996,1996-09-21,265,97,0,0.5,0.536142857146582,0.478642857142924,0.357233333333473,0.0575000000036587,56.623,145,21.5450285714286,0
"2325","CHEMAINUS RIVER",1996,1996-09-22,266,98,0,0.484,0.526428571428239,0.483071428573956,0.365200000000186,0.0433571428542824,57.107,146,21.5450285714286,0
"2326","CHEMAINUS RIVER",1996,1996-09-23,267,99,0,0.458,0.514142857141061,0.486428571428405,0.372400000000683,0.0277142857126559,57.565,147,21.5450285714286,0
"2327","CHEMAINUS RIVER",1996,1996-09-24,268,100,0,0.436,0.498428571428771,0.488714285714585,0.378999999999845,0.00971428571418592,58.001,148,21.5450285714286,0
"2328","CHEMAINUS RIVER",1996,1996-09-25,269,101,0,0.416,0.4822857142925,0.489571428575021,0.385333333333256,-0.00728571428252123,58.417,149,21.5450285714286,0
"2329","CHEMAINUS RIVER",1996,1996-09-26,270,102,0,0.398,0.4594285714307,0.489714285716348,0.391966666667334,-0.0302857142856478,58.815,150,21.5450285714286,0
"2330","CHEMAINUS RIVER",1996,1996-09-27,271,103,0,0.377,0.438428571422784,0.489071428572061,0.397833333333256,-0.0506428571492766,59.192,151,21.5450285714286,0
"2331","CHEMAINUS RIVER",1996,1996-09-28,272,104,0,0.364,0.418999999994412,0.477571428570497,0.403299999999581,-0.0585714285760852,59.556,152,21.5450285714286,0
"2332","CHEMAINUS RIVER",1996,1996-09-29,273,105,0,0.355,0.400571428571961,0.4635000000001,0.408133333333535,-0.062928571428139,59.911,153,21.5450285714286,0
"2333","CHEMAINUS RIVER",1996,1996-09-30,274,106,0,0.339,0.383571428571096,0.448857142856078,0.410300000000279,-0.0652857142849825,60.25,154,21.5450285714286,0
"2334","CHEMAINUS RIVER",1996,1996-10-01,275,107,0,0.322,0.367285714285182,0.432857142856977,0.412800000000667,-0.0655714285717945,60.572,155,21.5450285714286,0
"2335","CHEMAINUS RIVER",1996,1996-10-02,276,108,0,0.314,0.352714285711824,0.417500000002162,0.415300000001055,-0.0647857142903376,60.886,156,21.5450285714286,0
"2336","CHEMAINUS RIVER",1996,1996-10-03,277,109,0,0.384,0.350714285716614,0.405071428573657,0.419100000001102,-0.0543571428570431,61.27,157,21.5450285714286,0
"2337","CHEMAINUS RIVER",1996,1996-10-04,278,110,0,1.51,0.512571428569832,0.475499999996308,0.459799999999814,0.0370714285735241,62.78,158,21.5450285714286,0
"2338","CHEMAINUS RIVER",1996,1996-10-05,279,111,0,3.21,0.919142857144055,0.669071428569233,0.557799999999891,0.250071428574821,65.99,159,21.5450285714286,0
"2339","CHEMAINUS RIVER",1996,1996-10-06,280,112,0,1.43,1.07271428570883,0.736642857140396,0.596199999999953,0.336071428568435,67.42,160,21.5450285714286,0
"2340","CHEMAINUS RIVER",1996,1996-10-07,281,113,0,1,1.16714285714053,0.775357142855812,0.616599999998774,0.391785714284717,68.42,161,21.5450285714286,0
"2341","CHEMAINUS RIVER",1996,1996-10-08,282,114,0,0.844,1.24171428571156,0.80449999999837,0.630666666666123,0.437214285713188,69.264,162,21.5450285714286,0
"2342","CHEMAINUS RIVER",1996,1996-10-09,283,115,0,0.737,1.30214285714153,0.827428571426675,0.641533333332821,0.474714285714851,70.001,163,21.5450285714286,0
"2343","CHEMAINUS RIVER",1996,1996-10-10,284,116,0,0.682,1.34471428571435,0.847714285715483,0.650800000001133,0.496999999998869,70.683,164,21.5450285714286,0
"2344","CHEMAINUS RIVER",1996,1996-10-11,285,117,0,0.737,1.23428571428771,0.873428571428771,0.661900000000605,0.360857142858939,71.42,165,21.5450285714286,0
"2345","CHEMAINUS RIVER",1996,1996-10-12,286,118,0,1.05,0.925714285711625,0.92242857142784,0.683699999999953,0.00328571428378521,72.47,166,21.5450285714286,0
"2346","CHEMAINUS RIVER",1996,1996-10-13,287,119,1,4.28,1.33285714285947,1.20278571428415,0.813500000000931,0.13007142857532,76.75,167,21.5450285714286,0
"2347","CHEMAINUS RIVER",1999,1999-06-18,169,1,0,25.4,30.5714285714286,25.9071428571437,29.4966666666674,4.66428571428488,25.4,0,31.5812154696133,0
"2348","CHEMAINUS RIVER",1999,1999-06-19,170,2,0,21.2,30.3428571428522,24.8928571428571,29.4299999999988,5.44999999999501,46.6,1,31.5812154696133,0
"2349","CHEMAINUS RIVER",1999,1999-06-20,171,3,0,17.3,28.300000000005,24.2071428571445,29.2566666666671,4.09285714286047,63.9,2,31.5812154696133,0
"2350","CHEMAINUS RIVER",1999,1999-06-21,172,4,0,18.7,26.0428571428555,24.085714285711,29.0733333333318,1.95714285714452,82.6,3,31.5812154696133,0
"2351","CHEMAINUS RIVER",1999,1999-06-22,173,5,0,18.2,23.085714285711,24.1142857142841,28.3633333333322,-1.02857142857309,100.8,4,31.5812154696133,0
"2352","CHEMAINUS RIVER",1999,1999-06-23,174,6,0,17.6,20.8428571428605,24.1714285714302,26.9933333333349,-3.32857142856976,118.4,5,31.5812154696133,0
"2353","CHEMAINUS RIVER",1999,1999-06-24,175,7,0,20.7,19.8714285714252,24.557142857142,25.8199999999992,-4.68571428571678,139.1,6,31.5812154696133,0
"2354","CHEMAINUS RIVER",1999,1999-06-25,176,8,0,18.8,18.9285714285714,24.75,25.2766666666682,-5.82142857142857,157.9,7,31.5812154696133,0
"2355","CHEMAINUS RIVER",1999,1999-06-26,177,9,0,16.4,18.2428571428588,24.2928571428555,24.8166666666667,-6.04999999999667,174.3,8,31.5812154696133,0
"2356","CHEMAINUS RIVER",1999,1999-06-27,178,10,0,13.7,17.7285714285681,23.0142857142865,24.3300000000008,-5.28571428571844,188,9,31.5812154696133,0
"2357","CHEMAINUS RIVER",1999,1999-06-28,179,11,0,13.3,16.9571428571445,21.5,23.8566666666671,-4.54285714285548,201.3,10,31.5812154696133,0
"2358","CHEMAINUS RIVER",1999,1999-06-29,180,12,0,13.7,16.3142857142874,19.6999999999992,23.3966666666674,-3.38571428571179,215,11,31.5812154696133,0
"2359","CHEMAINUS RIVER",1999,1999-06-30,181,13,0,14.2,15.8285714285698,18.3357142857151,22.7733333333337,-2.50714285714535,229.2,12,31.5812154696133,0
"2360","CHEMAINUS RIVER",1999,1999-07-01,182,14,0,14.1,14.8857142857159,17.3785714285706,22.0299999999988,-2.49285714285465,243.3,13,31.5812154696133,0
"2361","CHEMAINUS RIVER",1999,1999-07-02,183,15,0,13.3,14.0999999999933,16.5142857142824,21.6533333333326,-2.41428571428904,256.6,14,31.5812154696133,0
"2362","CHEMAINUS RIVER",1999,1999-07-03,184,16,0,16.8,14.1571428571478,16.2000000000033,21.3933333333349,-2.04285714285548,273.4,15,31.5812154696133,0
"2363","CHEMAINUS RIVER",1999,1999-07-04,185,17,0,16.2,14.5142857142824,16.1214285714252,20.8966666666655,-1.60714285714286,289.6,16,31.5812154696133,0
"2364","CHEMAINUS RIVER",1999,1999-07-05,186,18,0,12.7,14.4285714285714,15.692857142858,20.1400000000004,-1.26428571428655,302.3,17,31.5812154696133,0
"2365","CHEMAINUS RIVER",1999,1999-07-06,187,19,0,12.8,14.2999999999967,15.307142857142,19.6699999999992,-1.00714285714535,315.1,18,31.5812154696133,0
"2366","CHEMAINUS RIVER",1999,1999-07-07,188,20,0,14.3,14.3142857142874,15.0714285714286,19.4666666666667,-0.757142857141194,329.4,19,31.5812154696133,0
"2367","CHEMAINUS RIVER",1999,1999-07-08,189,21,0,12.4,14.0714285714286,14.4785714285723,19.2866666666659,-0.40714285714369,341.8,20,31.5812154696133,0
"2368","CHEMAINUS RIVER",1999,1999-07-09,190,22,0,11.6,13.8285714285781,13.9642857142857,19.1133333333341,-0.135714285707632,353.4,21,31.5812154696133,0
"2369","CHEMAINUS RIVER",1999,1999-07-10,191,23,0,12.4,13.199999999995,13.6785714285714,19.0166666666667,-0.478571428576418,365.8,22,31.5812154696133,0
"2370","CHEMAINUS RIVER",1999,1999-07-11,192,24,0,11.2,12.4857142857176,13.5,18.8533333333326,-1.01428571428239,377,23,31.5812154696133,0
"2371","CHEMAINUS RIVER",1999,1999-07-12,193,25,0,10.4,12.1571428571478,13.2928571428596,18.4400000000004,-1.13571428571179,387.4,24,31.5812154696133,0
"2372","CHEMAINUS RIVER",1999,1999-07-13,194,26,0,9.75,11.7214285714352,13.0107142857159,17.7116666666678,-1.28928571428072,397.15,25,31.5812154696133,0
"2373","CHEMAINUS RIVER",1999,1999-07-14,195,27,0,8.55,10.8999999999983,12.6071428571429,16.8466666666674,-1.70714285714452,405.7,26,31.5812154696133,0
"2374","CHEMAINUS RIVER",1999,1999-07-15,196,28,0,7.37,10.1814285714312,12.1264285714299,15.7956666666665,-1.94499999999867,413.07,27,31.5812154696133,0
"2375","CHEMAINUS RIVER",1999,1999-07-16,197,29,0,7.14,9.54428571428538,11.6864285714317,14.9236666666674,-2.14214285714635,420.21,28,31.5812154696133,0
"2376","CHEMAINUS RIVER",1999,1999-07-17,198,30,0,7.36,8.82428571428838,11.0121428571417,14.2523333333336,-2.18785714285332,427.57,29,31.5812154696133,0
"2377","CHEMAINUS RIVER",1999,1999-07-18,199,31,0,6.75,8.18857142857243,10.337142857145,13.6306666666661,-2.14857142857259,434.32,30,31.5812154696133,0
"2378","CHEMAINUS RIVER",1999,1999-07-19,200,32,0,6.27,7.59857142856345,9.87785714285565,13.1329999999997,-2.2792857142922,440.59,31,31.5812154696133,0
"2379","CHEMAINUS RIVER",1999,1999-07-20,201,33,0,6.04,7.06857142856877,9.395000000002,12.757666666666,-2.32642857143323,446.63,32,31.5812154696133,0
"2380","CHEMAINUS RIVER",1999,1999-07-21,202,34,0,5.52,6.63571428571595,8.76785714285714,12.3183333333349,-2.13214285714119,452.15,33,31.5812154696133,0
"2381","CHEMAINUS RIVER",1999,1999-07-22,203,35,0,4.94,6.28857142856577,8.2349999999985,11.8763333333326,-1.94642857143273,457.09,34,31.5812154696133,0
"2382","CHEMAINUS RIVER",1999,1999-07-23,204,36,0,4.43,5.90142857142824,7.72285714285681,11.4373333333332,-1.82142857142857,461.52,35,31.5812154696133,0
"2383","CHEMAINUS RIVER",1999,1999-07-24,205,37,0,4.29,5.46285714285581,7.14357142857209,10.890333333334,-1.68071428571628,465.81,36,31.5812154696133,0
"2384","CHEMAINUS RIVER",1999,1999-07-25,206,38,0,3.94,5.06142857142757,6.625,10.3949999999992,-1.56357142857243,469.75,37,31.5812154696133,0
"2385","CHEMAINUS RIVER",1999,1999-07-26,207,39,0,3.38,4.64857142857675,6.1235714285701,9.96100000000054,-1.47499999999335,473.13,38,31.5812154696133,0
"2386","CHEMAINUS RIVER",1999,1999-07-27,208,40,0,3.09,4.2271428571382,5.64785714285348,9.6073333333324,-1.42071428571528,476.22,39,31.5812154696133,0
"2387","CHEMAINUS RIVER",1999,1999-07-28,209,41,0,3.04,3.87285714285515,5.25428571428555,9.26533333333403,-1.3814285714304,479.26,40,31.5812154696133,0
"2388","CHEMAINUS RIVER",1999,1999-07-29,210,42,0,2.96,3.59000000000067,4.93928571428322,8.9073333333324,-1.34928571428255,482.22,41,31.5812154696133,0
"2389","CHEMAINUS RIVER",1999,1999-07-30,211,43,0,2.83,3.36142857142425,4.63142857142624,8.52833333333256,-1.270000000002,485.05,42,31.5812154696133,0
"2390","CHEMAINUS RIVER",1999,1999-07-31,212,44,0,2.55,3.11285714285415,4.28785714285498,8.14333333333295,-1.17500000000083,487.6,43,31.5812154696133,0
"2391","CHEMAINUS RIVER",1999,1999-08-01,213,45,0,2.35,2.88571428571595,3.97357142857176,7.7783333333345,-1.08785714285581,489.95,44,31.5812154696133,0
"2392","CHEMAINUS RIVER",1999,1999-08-02,214,46,0,2.19,2.71571428571562,3.68214285714618,7.29133333333302,-0.966428571430567,492.14,45,31.5812154696133,0
"2393","CHEMAINUS RIVER",1999,1999-08-03,215,47,0,2.13,2.57857142857808,3.40285714285814,6.82233333333473,-0.82428571428006,494.27,46,31.5812154696133,0
"2394","CHEMAINUS RIVER",1999,1999-08-04,216,48,0,2.1,2.44428571428372,3.15857142856943,6.46900000000023,-0.714285714285714,496.37,47,31.5812154696133,0
"2395","CHEMAINUS RIVER",1999,1999-08-05,217,49,0,2.11,2.32285714285847,2.95642857142957,6.11266666666682,-0.633571428571096,498.48,48,31.5812154696133,0
"2396","CHEMAINUS RIVER",1999,1999-08-06,218,50,0,1.99,2.20285714285481,2.78214285713953,5.70233333333163,-0.579285714284716,500.47,49,31.5812154696133,0
"2397","CHEMAINUS RIVER",1999,1999-08-07,219,51,0,1.86,2.10428571429137,2.60857142857276,5.35100000000093,-0.50428571428139,502.33,50,31.5812154696133,0
"2398","CHEMAINUS RIVER",1999,1999-08-08,220,52,0,1.76,2.01999999999368,2.45285714285481,5.02299999999814,-0.432857142861134,504.09,51,31.5812154696133,0
"2399","CHEMAINUS RIVER",1999,1999-08-09,221,53,0,1.64,1.94142857142391,2.32857142856977,4.6643333333331,-0.387142857145851,505.73,52,31.5812154696133,0
"2400","CHEMAINUS RIVER",1999,1999-08-10,222,54,0,1.53,1.85571428571296,2.21714285714552,4.34200000000031,-0.361428571432563,507.26,53,31.5812154696133,0
"2401","CHEMAINUS RIVER",1999,1999-08-11,223,55,0,1.42,1.7585714285711,2.10142857142741,4.04266666666566,-0.342857142856311,508.68,54,31.5812154696133,0
"2402","CHEMAINUS RIVER",1999,1999-08-12,224,56,0,1.36,1.65142857142824,1.98714285714336,3.76299999999853,-0.335714285715117,510.04,55,31.5812154696133,0
"2403","CHEMAINUS RIVER",1999,1999-08-13,225,57,0,1.31,1.55428571428638,1.8785714285706,3.5216666666655,-0.324285714284217,511.35,56,31.5812154696133,0
"2404","CHEMAINUS RIVER",1999,1999-08-14,226,58,0,1.24,1.4657142857073,1.78499999999933,3.31733333333201,-0.319285714292034,512.59,57,31.5812154696133,0
"2405","CHEMAINUS RIVER",1999,1999-08-15,227,59,0,1.23,1.39000000000565,1.70499999999967,3.12033333333287,-0.314999999994013,513.82,58,31.5812154696133,0
"2406","CHEMAINUS RIVER",1999,1999-08-16,228,60,0,1.48,1.36714285714386,1.65428571428388,2.92433333333271,-0.28714285714003,515.3,59,31.5812154696133,0
"2407","CHEMAINUS RIVER",1999,1999-08-17,229,61,0,1.57,1.37285714285515,1.61428571428405,2.75166666666628,-0.241428571428904,516.87,60,31.5812154696133,0
"2408","CHEMAINUS RIVER",1999,1999-08-18,230,62,0,1.43,1.37428571428505,1.56642857142807,2.59033333333403,-0.192142857143023,518.3,61,31.5812154696133,0
"2409","CHEMAINUS RIVER",1999,1999-08-19,231,63,1,1.23,1.35571428571296,1.5035714285706,2.42999999999884,-0.147857142857642,519.53,62,31.5812154696133,0
"2410","CHEMAINUS RIVER",2002,2002-06-18,169,1,0,7.38,5.98142857142791,7.34785714285681,11.492333333332,-1.3664285714289,7.38,20,25.2101657458564,0
"2411","CHEMAINUS RIVER",2002,2002-06-19,170,2,0,5.29,5.74428571428871,6.81142857143173,11.2386666666678,-1.06714285714302,12.67,21,25.2101657458564,0
"2412","CHEMAINUS RIVER",2002,2002-06-20,171,3,0,4.31,5.40714285714785,6.29785714286014,10.9289999999998,-0.89071428571229,16.98,22,25.2101657458564,0
"2413","CHEMAINUS RIVER",2002,2002-06-21,172,4,0,3.79,5.04714285714519,5.94142857142807,10.615333333334,-0.894285714282887,20.77,23,25.2101657458564,0
"2414","CHEMAINUS RIVER",2002,2002-06-22,173,5,0,3.44,4.7528571428598,5.67785714285648,10.2933333333329,-0.924999999996674,24.21,24,25.2101657458564,0
"2415","CHEMAINUS RIVER",2002,2002-06-23,174,6,0,3.11,4.53714285714419,5.44428571428372,10.0103333333333,-0.90714285713953,27.32,25,25.2101657458564,0
"2416","CHEMAINUS RIVER",2002,2002-06-24,175,7,0,2.82,4.30571428571628,5.135000000001,9.68099999999977,-0.829285714284716,30.14,26,25.2101657458564,0
"2417","CHEMAINUS RIVER",2002,2002-06-25,176,8,0,2.58,3.62000000000366,4.80071428571578,9.26700000000031,-1.18071428571212,32.72,27,25.2101657458564,0
"2418","CHEMAINUS RIVER",2002,2002-06-26,177,9,0,2.44,3.21285714285581,4.47857142857226,8.78499999999961,-1.26571428571645,35.16,28,25.2101657458564,0
"2419","CHEMAINUS RIVER",2002,2002-06-27,178,10,0,2.36,2.93428571428272,4.17071428571528,8.11366666666581,-1.23642857143256,37.52,29,25.2101657458564,0
"2420","CHEMAINUS RIVER",2002,2002-06-28,179,11,0,2.76,2.78714285714419,3.91714285714469,7.19900000000101,-1.1300000000005,40.28,30,25.2101657458564,0
"2421","CHEMAINUS RIVER",2002,2002-06-29,180,12,0,7.25,3.33142857142957,4.04214285714469,6.77066666666651,-0.710714285715118,47.53,31,25.2101657458564,0
"2422","CHEMAINUS RIVER",2002,2002-06-30,181,13,0,5.33,3.64857142857675,4.09285714286047,6.4783333333345,-0.444285714283718,52.86,32,25.2101657458564,0
"2423","CHEMAINUS RIVER",2002,2002-07-01,182,14,0,4,3.81714285714718,4.06142857143173,6.22166666666744,-0.24428571428455,56.86,33,25.2101657458564,0
"2424","CHEMAINUS RIVER",2002,2002-07-02,183,15,0,3.3,3.92000000000033,3.770000000002,5.95500000000078,0.149999999998337,60.16,34,25.2101657458564,0
"2425","CHEMAINUS RIVER",2002,2002-07-03,184,16,0,2.89,3.98428571428771,3.59857142857176,5.66800000000124,0.385714285715949,63.05,35,25.2101657458564,0
"2426","CHEMAINUS RIVER",2002,2002-07-04,185,17,0,2.65,4.02571428571329,3.479999999998,5.37300000000008,0.545714285715283,65.7,36,25.2101657458564,0
"2427","CHEMAINUS RIVER",2002,2002-07-05,186,18,0,2.53,3.99285714285881,3.3900000000015,5.03066666666806,0.602857142857309,68.23,37,25.2101657458564,0
"2428","CHEMAINUS RIVER",2002,2002-07-06,187,19,0,2.34,3.29142857142558,3.31142857142757,4.72533333333364,-0.0200000000019958,70.57,38,25.2101657458564,0
"2429","CHEMAINUS RIVER",2002,2002-07-07,188,20,0,2.17,2.84000000000067,3.24428571428871,4.50500000000078,-0.404285714288043,72.74,39,25.2101657458564,0
"2430","CHEMAINUS RIVER",2002,2002-07-08,189,21,0,2.33,2.60142857142325,3.20928571428522,4.34499999999922,-0.607857142861966,75.07,40,25.2101657458564,0
"2431","CHEMAINUS RIVER",2002,2002-07-09,190,22,0,2.33,2.46285714285581,3.19142857142807,4.20999999999961,-0.72857142857226,77.4,41,25.2101657458564,0
"2432","CHEMAINUS RIVER",2002,2002-07-10,191,23,0,2.03,2.33999999999235,3.16214285714003,4.0393333333331,-0.82214285714768,79.43,42,25.2101657458564,0
"2433","CHEMAINUS RIVER",2002,2002-07-11,192,24,0,1.86,2.22714285714652,3.1264285714299,3.85933333333426,-0.899285714283386,81.29,43,25.2101657458564,0
"2434","CHEMAINUS RIVER",2002,2002-07-12,193,25,0,1.73,2.11285714285415,3.05285714285648,3.68533333333326,-0.940000000002328,83.02,44,25.2101657458564,0
"2435","CHEMAINUS RIVER",2002,2002-07-13,194,26,0,1.6,2.00714285714119,2.64928571428339,3.51633333333302,-0.642142857142192,84.62,45,25.2101657458564,0
"2436","CHEMAINUS RIVER",2002,2002-07-14,195,27,0,1.55,1.91857142857043,2.37928571428555,3.35766666666799,-0.460714285715117,86.17,46,25.2101657458564,0
"2437","CHEMAINUS RIVER",2002,2002-07-15,196,28,0,1.43,1.79000000000399,2.19571428571362,3.22200000000109,-0.405714285709629,87.6,47,25.2101657458564,0
"2438","CHEMAINUS RIVER",2002,2002-07-16,197,29,0,1.33,1.64714285714685,2.05500000000133,3.11233333333512,-0.407857142854482,88.93,48,25.2101657458564,0
"2439","CHEMAINUS RIVER",2002,2002-07-17,198,30,0,1.24,1.5342857142927,1.93714285714252,3.00566666666806,-0.402857142849825,90.17,49,25.2101657458564,0
"2440","CHEMAINUS RIVER",2002,2002-07-18,199,31,0,1.21,1.44142857142391,1.83428571428522,2.8,-0.392857142861301,91.38,50,25.2101657458564,0
"2441","CHEMAINUS RIVER",2002,2002-07-19,200,32,0,1.18,1.36285714285415,1.73785714285415,2.66299999999853,-0.375,92.56,51,25.2101657458564,0
"2442","CHEMAINUS RIVER",2002,2002-07-20,201,33,0,1.1,1.29142857143389,1.64928571428754,2.55599999999977,-0.35785714285365,93.66,52,25.2101657458564,0
"2443","CHEMAINUS RIVER",2002,2002-07-21,202,34,0,1.02,1.21571428571562,1.56714285714302,2.46366666666775,-0.351428571427407,94.68,53,25.2101657458564,0
"2444","CHEMAINUS RIVER",2002,2002-07-22,203,35,0,0.944,1.14628571428226,1.46814285714312,2.38046666666633,-0.321857142860868,95.624,54,25.2101657458564,0
"2445","CHEMAINUS RIVER",2002,2002-07-23,204,36,0,0.896,1.08428571428106,1.36571428571395,2.30666666666705,-0.281428571432895,96.52,55,25.2101657458564,0
"2446","CHEMAINUS RIVER",2002,2002-07-24,205,37,0,0.866,1.03085714285096,1.28257142857183,2.24153333333282,-0.251714285720871,97.386,56,25.2101657458564,0
"2447","CHEMAINUS RIVER",2002,2002-07-25,206,38,0,0.811,0.973857142862731,1.20764285714332,2.18256666666712,-0.233785714280592,98.197,57,25.2101657458564,0
"2448","CHEMAINUS RIVER",2002,2002-07-26,207,39,0,0.762,0.914142857147713,1.13850000000093,2.1266333333333,-0.224357142853218,98.959,58,25.2101657458564,0
"2449","CHEMAINUS RIVER",2002,2002-07-27,208,40,0,0.733,0.861714285715217,1.07657142857456,2.07240000000068,-0.214857142859338,99.692,59,25.2101657458564,0
"2450","CHEMAINUS RIVER",2002,2002-07-28,209,41,0,0.687,0.814142857137735,1.01492857142668,2.00329999999958,-0.200785714288941,100.379,60,25.2101657458564,0
"2451","CHEMAINUS RIVER",2002,2002-07-29,210,42,0,0.66,0.77357142857675,0.959928571429503,1.783633333334,-0.186357142852752,101.039,61,25.2101657458564,0
"2452","CHEMAINUS RIVER",2002,2002-07-30,211,43,0,0.63,0.735571428567969,0.909928571424514,1.62696666666501,-0.174357142856544,101.669,62,25.2101657458564,0
"2453","CHEMAINUS RIVER",2002,2002-07-31,212,44,0,0.6,0.697571428575819,0.864214285713388,1.51363333333284,-0.166642857137569,102.269,63,25.2101657458564,0
"2454","CHEMAINUS RIVER",2002,2002-08-01,213,45,0,0.578,0.664285714280725,0.819071428571728,1.42289999999921,-0.154785714291003,102.847,64,25.2101657458564,0
"2455","CHEMAINUS RIVER",2002,2002-08-02,214,46,0,0.57,0.636857142854881,0.775500000001297,1.34556666666564,-0.138642857146416,103.417,65,25.2101657458564,0
"2456","CHEMAINUS RIVER",2002,2002-08-03,215,47,0,0.536,0.608714285714086,0.735214285714652,1.27510000000087,-0.126500000000565,103.953,66,25.2101657458564,0
"2457","CHEMAINUS RIVER",2002,2002-08-04,216,48,0,0.64,0.601999999996873,0.708071428567304,1.21209999999846,-0.106071428570431,104.593,67,25.2101657458564,0
"2458","CHEMAINUS RIVER",2002,2002-08-05,217,49,0,0.714,0.609714285711691,0.691642857144221,1.15790000000076,-0.0819285714325296,105.307,68,25.2101657458564,0
"2459","CHEMAINUS RIVER",2002,2002-08-06,218,50,0,0.84,0.639714285714685,0.687642857141327,1.11356666666494,-0.0479285714266423,106.147,69,25.2101657458564,0
"2460","CHEMAINUS RIVER",2002,2002-08-07,219,51,1,0.775,0.664714285713022,0.68114285714442,1.06173333333378,-0.0164285714313986,106.922,70,25.2101657458564,0
"2461","CHEMAINUS RIVER",2004,2004-06-17,169,1,0,2.06,2.35714285714286,2.17214285714103,2.57366666666737,0.185000000001829,2.06,78,17.2594696132597,0
"2462","CHEMAINUS RIVER",2004,2004-06-18,170,2,0,1.88,2.37857142857475,2.16214285714419,2.52033333333287,0.216428571430567,3.94,79,17.2594696132597,0
"2463","CHEMAINUS RIVER",2004,2004-06-19,171,3,0,1.68,2.38285714285615,2.13642857142674,2.4679999999993,0.246428571429403,5.62,80,17.2594696132597,0
"2464","CHEMAINUS RIVER",2004,2004-06-20,172,4,0,1.51,2.21285714285581,2.09285714285631,2.41133333333419,0.119999999999501,7.13,81,17.2594696132597,0
"2465","CHEMAINUS RIVER",2004,2004-06-21,173,5,0,1.36,1.94142857142391,2.04142857142974,2.32999999999884,-0.100000000005821,8.49,82,17.2594696132597,0
"2466","CHEMAINUS RIVER",2004,2004-06-22,174,6,0,1.23,1.72285714285681,1.9885714285691,2.2429999999993,-0.26571428571229,9.72,83,17.2594696132597,0
"2467","CHEMAINUS RIVER",2004,2004-06-23,175,7,0,1.1,1.54571428571528,1.93428571428688,2.17800000000085,-0.388571428571595,10.82,84,17.2594696132597,0
"2468","CHEMAINUS RIVER",2004,2004-06-24,176,8,0,1.03,1.39857142856843,1.87785714285565,2.12300000000008,-0.479285714287211,11.85,85,17.2594696132597,0
"2469","CHEMAINUS RIVER",2004,2004-06-25,177,9,0,1,1.27285714285348,1.82571428571412,2.06666666666667,-0.552857142860635,12.85,86,17.2594696132597,0
"2470","CHEMAINUS RIVER",2004,2004-06-26,178,10,0,0.984,1.17342857142544,1.77814285714079,2.00246666666547,-0.60471428571535,13.834,87,17.2594696132597,0
"2471","CHEMAINUS RIVER",2004,2004-06-27,179,11,0,0.897,1.0858571428606,1.64935714285821,1.92303333333499,-0.563499999997605,14.731,88,17.2594696132597,0
"2472","CHEMAINUS RIVER",2004,2004-06-28,180,12,0,0.822,1.00900000000339,1.47521428571365,1.854766666668,-0.466214285710261,15.553,89,17.2594696132597,0
"2473","CHEMAINUS RIVER",2004,2004-06-29,181,13,0,0.771,0.943428571435756,1.33314285714628,1.79480000000137,-0.389714285710527,16.324,90,17.2594696132597,0
"2474","CHEMAINUS RIVER",2004,2004-06-30,182,14,0,0.715,0.88842857142611,1.2170714285707,1.73563333333392,-0.328642857144587,17.039,91,17.2594696132597,0
"2475","CHEMAINUS RIVER",2004,2004-07-01,183,15,0,0.674,0.837571428573158,1.1180714285708,1.67909999999877,-0.280499999997639,17.713,92,17.2594696132597,0
"2476","CHEMAINUS RIVER",2004,2004-07-02,184,16,0,0.657,0.788571428574089,1.03071428571379,1.62766666666721,-0.242142857139697,18.37,93,17.2594696132597,0
"2477","CHEMAINUS RIVER",2004,2004-07-03,185,17,0,0.665,0.743000000000133,0.958214285712789,1.57949999999837,-0.215214285712656,19.035,94,17.2594696132597,0
"2478","CHEMAINUS RIVER",2004,2004-07-04,186,18,0,0.65,0.707714285709829,0.896785714285215,1.5338333333338,-0.189071428575387,19.685,95,17.2594696132597,0
"2479","CHEMAINUS RIVER",2004,2004-07-05,187,19,0,0.623,0.67928571428638,0.844142857144886,1.48659999999994,-0.164857142858507,20.308,96,17.2594696132597,0
"2480","CHEMAINUS RIVER",2004,2004-07-06,188,20,0,0.592,0.653714285714419,0.798571428575087,1.4356666666669,-0.144857142860669,20.9,97,17.2594696132597,0
"2481","CHEMAINUS RIVER",2004,2004-07-07,189,21,0,0.576,0.633857142862066,0.761142857144088,1.38553333333499,-0.127285714282022,21.476,98,17.2594696132597,0
"2482","CHEMAINUS RIVER",2004,2004-07-08,190,22,0,0.565,0.618285714291103,0.72792857143213,1.33870000000073,-0.109642857141028,22.041,99,17.2594696132597,0
"2483","CHEMAINUS RIVER",2004,2004-07-09,191,23,0,0.588,0.608428571431432,0.698500000002761,1.29630000000082,-0.0900714285713288,22.629,100,17.2594696132597,0
"2484","CHEMAINUS RIVER",2004,2004-07-10,192,24,0,0.753,0.621000000001264,0.682000000000698,1.26073333333285,-0.0609999999994345,23.382,101,17.2594696132597,0
"2485","CHEMAINUS RIVER",2004,2004-07-11,193,25,0,0.787,0.640571428570963,0.674142857140396,1.22930000000051,-0.0335714285694328,24.169,102,17.2594696132597,0
"2486","CHEMAINUS RIVER",2004,2004-07-12,194,26,0,0.698,0.651285714286912,0.665285714286646,1.1975666666675,-0.0139999999997339,24.867,103,17.2594696132597,0
"2487","CHEMAINUS RIVER",2004,2004-07-13,195,27,0,0.636,0.657571428571828,0.655642857143123,1.12876666666707,0.00192857142870451,25.503,104,17.2594696132597,0
"2488","CHEMAINUS RIVER",2004,2004-07-14,196,28,0,0.569,0.656571428565907,0.645214285713986,1.03906666666541,0.0113571428519208,26.072,105,17.2594696132597,0
"2489","CHEMAINUS RIVER",2004,2004-07-15,197,29,0,0.528,0.651285714278596,0.63478571428485,0.964666666666744,0.0164999999937467,26.6,106,17.2594696132597,0
"2490","CHEMAINUS RIVER",2004,2004-07-16,198,30,0,0.484,0.636428571422584,0.622428571427008,0.902799999999115,0.0139999999955762,27.084,107,17.2594696132597,0
"2491","CHEMAINUS RIVER",2004,2004-07-17,199,31,0,0.451,0.59328571428445,0.607142857142857,0.849166666665891,-0.0138571428584068,27.535,108,17.2594696132597,0
"2492","CHEMAINUS RIVER",2004,2004-07-18,200,32,0,0.419,0.540714285718942,0.590642857144953,0.800466666667489,-0.0499285714260103,27.954,109,17.2594696132597,0
"2493","CHEMAINUS RIVER",2004,2004-07-19,201,33,0,0.388,0.496428571425245,0.573857142856078,0.757400000000295,-0.0774285714308332,28.342,110,17.2594696132597,0
"2494","CHEMAINUS RIVER",2004,2004-07-20,202,34,0,0.393,0.461714285708565,0.559642857140196,0.720166666666046,-0.0979285714316315,28.735,111,17.2594696132597,0
"2495","CHEMAINUS RIVER",2004,2004-07-21,203,35,0,0.451,0.444857142857342,0.550714285711625,0.689866666666543,-0.105857142854282,29.186,112,17.2594696132597,0
"2496","CHEMAINUS RIVER",2004,2004-07-22,204,36,0,0.434,0.431428571431232,0.541357142854914,0.663333333334109,-0.109928571423682,29.62,113,17.2594696132597,0
"2497","CHEMAINUS RIVER",2004,2004-07-23,205,37,0,0.412,0.42114285714758,0.528785714285082,0.640399999999984,-0.107642857137502,30.032,114,17.2594696132597,0
"2498","CHEMAINUS RIVER",2004,2004-07-24,206,38,0,0.386,0.411857142861533,0.502571428572992,0.61893333333428,-0.0907142857114585,30.418,115,17.2594696132597,0
"2499","CHEMAINUS RIVER",2004,2004-07-25,207,39,0,0.366,0.404285714279727,0.472499999999335,0.597800000000279,-0.0682142857196076,30.784,116,17.2594696132597,0
"2500","CHEMAINUS RIVER",2004,2004-07-26,208,40,0,0.343,0.397857142853484,0.447142857139365,0.576433333333504,-0.0492857142858806,31.127,117,17.2594696132597,0
"2501","CHEMAINUS RIVER",2004,2004-07-27,209,41,0,0.298,0.384285714286047,0.422999999997306,0.556466666665316,-0.0387142857112589,31.425,118,17.2594696132597,0
"2502","CHEMAINUS RIVER",2004,2004-07-28,210,42,0,0.279,0.359714285720007,0.402285714288675,0.538366666667086,-0.0425714285686679,31.704,119,17.2594696132597,0
"2503","CHEMAINUS RIVER",2004,2004-07-29,211,43,0,0.258,0.334571428572027,0.38300000000163,0.521266666665906,-0.0484285714296026,31.962,120,17.2594696132597,0
"2504","CHEMAINUS RIVER",2004,2004-07-30,212,44,0,0.237,0.30957142857369,0.365357142860635,0.50533333333442,-0.055785714286945,32.199,121,17.2594696132597,0
"2505","CHEMAINUS RIVER",2004,2004-07-31,213,45,0,0.234,0.287857142859139,0.349857142860336,0.490666666667676,-0.0620000000011974,32.433,122,17.2594696132597,0
"2506","CHEMAINUS RIVER",2004,2004-08-01,214,46,0,0.219,0.266857142859538,0.335571428569632,0.476066666666884,-0.0687142857100947,32.652,123,17.2594696132597,0
"2507","CHEMAINUS RIVER",2004,2004-08-02,215,47,0,0.201,0.246571428574888,0.322214285714186,0.460600000000947,-0.0756428571392982,32.853,124,17.2594696132597,0
"2508","CHEMAINUS RIVER",2004,2004-08-03,216,48,0,0.199,0.232428571433827,0.308357142859937,0.445566666667582,-0.0759285714261101,33.052,125,17.2594696132597,0
"2509","CHEMAINUS RIVER",2004,2004-08-04,217,49,0,0.232,0.225714285708299,0.292714285714153,0.4325333333322,-0.067000000005854,33.284,126,17.2594696132597,0
"2510","CHEMAINUS RIVER",2004,2004-08-05,218,50,0,0.203,0.217857142860469,0.276214285716248,0.419566666666651,-0.0583571428557791,33.487,127,17.2594696132597,0
"2511","CHEMAINUS RIVER",2004,2004-08-06,219,51,0,0.479,0.252428571427507,0.281000000000599,0.416333333333023,-0.0285714285730916,33.966,128,17.2594696132597,0
"2512","CHEMAINUS RIVER",2004,2004-08-07,220,52,0,0.629,0.308857142850424,0.298357142854781,0.418466666664851,0.0104999999956428,34.595,129,17.2594696132597,0
"2513","CHEMAINUS RIVER",2004,2004-08-08,221,53,0,0.513,0.350857142857941,0.308857142858739,0.415966666666403,0.0419999999992017,35.108,130,17.2594696132597,0
"2514","CHEMAINUS RIVER",2004,2004-08-09,222,54,0,0.488,0.391857142859538,0.319214285717213,0.407133333334544,0.072642857142325,35.596,131,17.2594696132597,0
"2515","CHEMAINUS RIVER",2004,2004-08-10,223,55,0,0.44,0.426285714285249,0.329357142859538,0.395566666667582,0.0969285714257109,36.036,132,17.2594696132597,0
"2516","CHEMAINUS RIVER",2004,2004-08-11,224,56,0,0.385,0.448142857141128,0.336928571424713,0.385133333331517,0.111214285716414,36.421,133,17.2594696132597,0
"2517","CHEMAINUS RIVER",2004,2004-08-12,225,57,0,0.27,0.457714285709829,0.337785714285149,0.372933333332185,0.11992857142468,36.691,134,17.2594696132597,0
"2518","CHEMAINUS RIVER",2004,2004-08-13,226,58,0,0.245,0.424285714281723,0.338357142854615,0.36213333333338,0.0859285714271079,36.936,135,17.2594696132597,0
"2519","CHEMAINUS RIVER",2004,2004-08-14,227,59,0,0.22,0.365857142863596,0.33735714285701,0.351866666668017,0.0285000000065858,37.156,136,17.2594696132597,0
"2520","CHEMAINUS RIVER",2004,2004-08-15,228,60,0,0.177,0.317857142853817,0.334357142855879,0.34163333333369,-0.0165000000020622,37.333,137,17.2594696132597,0
"2521","CHEMAINUS RIVER",2004,2004-08-16,229,61,0,0.154,0.270142857143323,0.33100000000143,0.331733333334948,-0.0608571428581074,37.487,138,17.2594696132597,0
"2522","CHEMAINUS RIVER",2004,2004-08-17,230,62,0,0.15,0.22871428570943,0.327499999997339,0.322766666665363,-0.0987857142879096,37.637,139,17.2594696132597,0
"2523","CHEMAINUS RIVER",2004,2004-08-18,231,63,0,0.133,0.192714285720805,0.320428571430966,0.314266666667148,-0.127714285710161,37.77,140,17.2594696132597,0
"2524","CHEMAINUS RIVER",2004,2004-08-19,232,64,0,0.116,0.170714285715284,0.314214285712556,0.305033333333752,-0.143499999997273,37.886,141,17.2594696132597,0
"2525","CHEMAINUS RIVER",2004,2004-08-20,233,65,1,0.11,0.151428571428239,0.287857142854981,0.293666666666589,-0.136428571426742,37.996,142,17.2594696132597,0
"2526","CHEMAINUS RIVER",2005,2005-06-18,169,1,0,3.39,3.08714285714918,3.26285714285664,9.77100000000016,-0.175714285707467,3.39,25,20.8572375690608,0
"2527","CHEMAINUS RIVER",2005,2005-06-19,170,2,0,3.06,3.11714285714385,3.19642857142857,8.85300000000085,-0.0792857142847168,6.45,26,20.8572375690608,0
"2528","CHEMAINUS RIVER",2005,2005-06-20,171,3,0,2.8,3.09285714286047,3.12714285714485,8.27966666666713,-0.0342857142843838,9.25,27,20.8572375690608,0
"2529","CHEMAINUS RIVER",2005,2005-06-21,172,4,0,2.58,2.97000000000532,3.06071428571678,7.52899999999984,-0.0907142857114587,11.83,28,20.8572375690608,0
"2530","CHEMAINUS RIVER",2005,2005-06-22,173,5,0,2.65,2.91428571428073,3.00928571428605,6.09400000000023,-0.0950000000053217,14.48,29,20.8572375690608,0
"2531","CHEMAINUS RIVER",2005,2005-06-23,174,6,0,2.49,2.86999999999534,2.94999999999917,5.1536666666662,-0.080000000003825,16.97,30,20.8572375690608,0
"2532","CHEMAINUS RIVER",2005,2005-06-24,175,7,0,2.31,2.75428571428139,2.89142857142724,4.54066666666573,-0.137142857145851,19.28,31,20.8572375690608,0
"2533","CHEMAINUS RIVER",2005,2005-06-25,176,8,0,2.16,2.57857142856977,2.83285714285947,4.11266666666682,-0.254285714289705,21.44,32,20.8572375690608,0
"2534","CHEMAINUS RIVER",2005,2005-06-26,177,9,0,2.07,2.43714285714252,2.77714285714319,3.80166666666628,-0.340000000000665,23.51,33,20.8572375690608,0
"2535","CHEMAINUS RIVER",2005,2005-06-27,178,10,0,2,2.32285714285847,2.70785714285947,3.56933333333388,-0.385000000000998,25.51,34,20.8572375690608,0
"2536","CHEMAINUS RIVER",2005,2005-06-28,179,11,0,1.93,2.229999999998,2.60000000000166,3.38833333333411,-0.370000000003659,27.44,35,20.8572375690608,0
"2537","CHEMAINUS RIVER",2005,2005-06-29,180,12,0,1.84,2.11428571428405,2.51428571428239,3.23999999999845,-0.399999999998337,29.28,36,20.8572375690608,0
"2538","CHEMAINUS RIVER",2005,2005-06-30,181,13,0,1.72,2.00428571428971,2.43714285714252,3.10799999999969,-0.432857142852819,31,37,20.8572375690608,0
"2539","CHEMAINUS RIVER",2005,2005-07-01,182,14,0,1.66,1.91142857142924,2.33285714285531,2.98499999999961,-0.421428571426077,32.66,38,20.8572375690608,0
"2540","CHEMAINUS RIVER",2005,2005-07-02,183,15,0,1.63,1.83571428571096,2.20714285714036,2.86033333333326,-0.371428571429403,34.29,39,20.8572375690608,0
"2541","CHEMAINUS RIVER",2005,2005-07-03,184,16,0,1.56,1.76285714285249,2.09999999999751,2.74966666666636,-0.337142857145019,35.85,40,20.8572375690608,0
"2542","CHEMAINUS RIVER",2005,2005-07-04,185,17,0,1.49,1.68999999999401,2.00642857142624,2.65433333333155,-0.31642857143223,37.34,41,20.8572375690608,0
"2543","CHEMAINUS RIVER",2005,2005-07-05,186,18,0,1.51,1.62999999999634,1.92999999999717,2.5716666666655,-0.300000000000832,38.85,42,20.8572375690608,0
"2544","CHEMAINUS RIVER",2005,2005-07-06,187,19,0,2.25,1.68857142857243,1.90142857142824,2.52100000000016,-0.212857142855812,41.1,43,20.8572375690608,0
"2545","CHEMAINUS RIVER",2005,2005-07-07,188,20,0,2.44,1.79142857142558,1.89785714285764,2.48533333333326,-0.106428571432064,43.54,44,20.8572375690608,0
"2546","CHEMAINUS RIVER",2005,2005-07-08,189,21,0,2.74,1.94571428571362,1.92857142857143,2.4643333333331,0.0171428571421919,46.28,45,20.8572375690608,0
"2547","CHEMAINUS RIVER",2005,2005-07-09,190,22,0,4.84,2.40428571428804,2.1199999999995,2.51500000000039,0.284285714288542,51.12,46,20.8572375690608,0
"2548","CHEMAINUS RIVER",2005,2005-07-10,191,23,0,3.69,2.70857142857442,2.23571428571345,2.53366666666698,0.472857142860968,54.81,47,20.8572375690608,0
"2549","CHEMAINUS RIVER",2005,2005-07-11,192,24,0,3.17,2.94857142857342,2.31928571428372,2.54000000000039,0.629285714289705,57.98,48,20.8572375690608,0
"2550","CHEMAINUS RIVER",2005,2005-07-12,193,25,0,3.27,3.20000000000333,2.41499999999983,2.55399999999984,0.785000000003492,61.25,49,20.8572375690608,0
"2551","CHEMAINUS RIVER",2005,2005-07-13,194,26,0,3.07,3.31714285714718,2.5028571428598,2.55733333333434,0.814285714287378,64.32,50,20.8572375690608,0
"2552","CHEMAINUS RIVER",2005,2005-07-14,195,27,0,2.81,3.37000000000366,2.58071428571462,2.53633333333419,0.789285714289041,67.13,51,20.8572375690608,0
"2553","CHEMAINUS RIVER",2005,2005-07-15,196,28,0,2.55,3.34285714286047,2.64428571428704,2.51999999999922,0.698571428573425,69.68,52,20.8572375690608,0
"2554","CHEMAINUS RIVER",2005,2005-07-16,197,29,0,2.39,2.99285714285881,2.69857142857342,2.50633333333341,0.294285714285382,72.07,53,20.8572375690608,0
"2555","CHEMAINUS RIVER",2005,2005-07-17,198,30,0,2.15,2.77285714285348,2.74071428571395,2.47399999999907,0.0321428571395312,74.22,54,20.8572375690608,0
"2556","CHEMAINUS RIVER",2005,2005-07-18,199,31,0,1.95,2.59857142857176,2.77357142857259,2.42599999999899,-0.175000000000831,76.17,55,20.8572375690608,0
"2557","CHEMAINUS RIVER",2005,2005-07-19,200,32,0,1.76,2.38285714285615,2.79142857142974,2.38266666666605,-0.408571428573591,77.93,56,20.8572375690608,0
"2558","CHEMAINUS RIVER",2005,2005-07-20,201,33,0,1.65,2.18000000000133,2.74857142857426,2.34433333333388,-0.568571428572925,79.58,57,20.8572375690608,0
"2559","CHEMAINUS RIVER",2005,2005-07-21,202,34,0,1.54,1.9985714285701,2.68428571428688,2.30966666666597,-0.68571428571678,81.12,58,20.8572375690608,0
"2560","CHEMAINUS RIVER",2005,2005-07-22,203,35,0,1.44,1.84000000000067,2.59142857143057,2.26933333333388,-0.751428571429902,82.56,59,20.8572375690608,0
"2561","CHEMAINUS RIVER",2005,2005-07-23,204,36,0,1.34,1.68999999999401,2.34142857142641,2.23099999999977,-0.651428571432396,83.9,60,20.8572375690608,0
"2562","CHEMAINUS RIVER",2005,2005-07-24,205,37,0,1.28,1.56571428571728,2.16928571428538,2.19666666666744,-0.603571428568103,85.18,61,20.8572375690608,0
"2563","CHEMAINUS RIVER",2005,2005-07-25,206,38,0,1.21,1.46000000000432,2.02928571428804,2.16500000000039,-0.569285714283719,86.39,62,20.8572375690608,0
"2564","CHEMAINUS RIVER",2005,2005-07-26,207,39,0,1.15,1.37285714285515,1.87785714285565,2.13433333333232,-0.505000000000499,87.54,63,20.8572375690608,0
"2565","CHEMAINUS RIVER",2005,2005-07-27,208,40,0,1.09,1.29285714285548,1.73642857142841,2.10399999999984,-0.443571428572925,88.63,64,20.8572375690608,0
"2566","CHEMAINUS RIVER",2005,2005-07-28,209,41,0,1.02,1.2185714285671,1.6085714285686,2.07366666666542,-0.390000000001497,89.65,65,20.8572375690608,0
"2567","CHEMAINUS RIVER",2005,2005-07-29,210,42,0,0.965,1.15071428571329,1.49535714285698,2.0445000000007,-0.344642857143689,90.615,66,20.8572375690608,0
"2568","CHEMAINUS RIVER",2005,2005-07-30,211,43,0,0.918,1.09042857143296,1.39021428571349,2.01776666666653,-0.299785714280525,91.533,67,20.8572375690608,0
"2569","CHEMAINUS RIVER",2005,2005-07-31,212,44,0,0.87,1.03185714285688,1.29878571428708,1.99143333333389,-0.266928571430201,92.403,68,20.8572375690608,0
"2570","CHEMAINUS RIVER",2005,2005-08-01,213,45,0,0.828,0.977285714279528,1.21864285714193,1.96469999999972,-0.241357142862398,93.231,69,20.8572375690608,0
"2571","CHEMAINUS RIVER",2005,2005-08-02,214,46,0,0.815,0.929428571427707,1.15114285714143,1.93986666666654,-0.22171428571372,94.046,70,20.8572375690608,0
"2572","CHEMAINUS RIVER",2005,2005-08-03,215,47,0,0.802,0.888285714284783,1.09057142857013,1.91693333333436,-0.202285714285348,94.848,71,20.8572375690608,0
"2573","CHEMAINUS RIVER",2005,2005-08-04,216,48,0,0.767,0.852142857146516,1.03535714285681,1.89216666666713,-0.183214285710294,95.615,72,20.8572375690608,0
"2574","CHEMAINUS RIVER",2005,2005-08-05,217,49,0,0.717,0.816714285714884,0.983714285714086,1.84106666666727,-0.166999999999202,96.332,73,20.8572375690608,0
"2575","CHEMAINUS RIVER",2005,2005-08-06,218,50,0,0.677,0.782285714289173,0.936357142861068,1.78230000000137,-0.154071428571894,97.009,74,20.8572375690608,0
"2576","CHEMAINUS RIVER",2005,2005-08-07,219,51,0,0.638,0.749142857143722,0.890500000000299,1.71223333333425,-0.141357142856577,97.647,75,20.8572375690608,0
"2577","CHEMAINUS RIVER",2005,2005-08-08,220,52,0,0.62,0.719428571431698,0.848357142855613,1.57156666666657,-0.128928571423915,98.267,76,20.8572375690608,0
"2578","CHEMAINUS RIVER",2005,2005-08-09,221,53,0,0.591,0.687428571433494,0.8084285714306,1.46826666666699,-0.120999999997106,98.858,77,20.8572375690608,0
"2579","CHEMAINUS RIVER",2005,2005-08-10,222,54,0,0.569,0.6541428571384,0.771214285711592,1.38156666666619,-0.117071428573191,99.427,78,20.8572375690608,0
"2580","CHEMAINUS RIVER",2005,2005-08-11,223,55,0,0.542,0.621999999998869,0.737071428572692,1.29063333333276,-0.115071428573823,99.969,79,20.8572375690608,0
"2581","CHEMAINUS RIVER",2005,2005-08-12,224,56,0,0.533,0.595714285711957,0.706214285713421,1.20606666666572,-0.110500000001464,100.502,80,20.8572375690608,0
"2582","CHEMAINUS RIVER",2005,2005-08-13,225,57,0,0.516,0.572714285708831,0.677499999999002,1.12959999999924,-0.104785714290171,101.018,81,20.8572375690608,0
"2583","CHEMAINUS RIVER",2005,2005-08-14,226,58,0,0.487,0.551142857143922,0.650142857143822,1.06083333333372,-0.0989999999999002,101.505,82,20.8572375690608,0
"2584","CHEMAINUS RIVER",2005,2005-08-15,227,59,0,0.468,0.52942857142937,0.624428571430534,0.996766666666372,-0.0950000000011642,101.973,83,20.8572375690608,0
"2585","CHEMAINUS RIVER",2005,2005-08-16,228,60,0,0.444,0.508428571429769,0.597928571431631,0.939900000001459,-0.0895000000018626,102.417,84,20.8572375690608,0
"2586","CHEMAINUS RIVER",2005,2005-08-17,229,61,0,0.718,0.529714285720339,0.59192857142937,0.898833333334187,-0.0622142857090304,103.135,85,20.8572375690608,0
"2587","CHEMAINUS RIVER",2005,2005-08-18,230,62,0,0.783,0.56414285714605,0.59307142857246,0.86626666666707,-0.0289285714264094,103.918,86,20.8572375690608,0
"2588","CHEMAINUS RIVER",2005,2005-08-19,231,63,0,0.66,0.582285714285847,0.588999999998902,0.83326666666544,-0.0067142857130551,104.578,87,20.8572375690608,0
"2589","CHEMAINUS RIVER",2005,2005-08-20,232,64,0,0.586,0.592285714286845,0.582499999997838,0.80146666666648,0.00978571428900721,105.164,88,20.8572375690608,0
"2590","CHEMAINUS RIVER",2005,2005-08-21,233,65,0,0.527,0.597999999998137,0.574571428571029,0.771033333333132,0.023428571427108,105.691,89,20.8572375690608,0
"2591","CHEMAINUS RIVER",2005,2005-08-22,234,66,0,0.495,0.601857142855546,0.565642857142458,0.742866666667396,0.0362142857130883,106.186,90,20.8572375690608,0
"2592","CHEMAINUS RIVER",2005,2005-08-23,235,67,0,0.474,0.606142857136937,0.557285714283353,0.715999999999379,0.0488571428535839,106.66,91,20.8572375690608,0
"2593","CHEMAINUS RIVER",2005,2005-08-24,236,68,0,0.456,0.568714285710095,0.549214285715217,0.690866666665534,0.0194999999948777,107.116,92,20.8572375690608,0
"2594","CHEMAINUS RIVER",2005,2005-08-25,237,69,0,0.437,0.519285714287045,0.541714285716547,0.66710000000118,-0.0224285714295027,107.553,93,20.8572375690608,0
"2595","CHEMAINUS RIVER",2005,2005-08-26,238,70,0,0.404,0.482714285716481,0.532500000001164,0.644233333333007,-0.0497857142846832,107.957,94,20.8572375690608,0
"2596","CHEMAINUS RIVER",2005,2005-08-27,239,71,0,0.388,0.454428571426044,0.523357142856444,0.623166666666899,-0.0689285714304009,108.345,95,20.8572375690608,0
"2597","CHEMAINUS RIVER",2005,2005-08-28,240,72,0,0.387,0.434428571432363,0.51621428571525,0.603900000000916,-0.0817857142828871,108.732,96,20.8572375690608,0
"2598","CHEMAINUS RIVER",2005,2005-08-29,241,73,0,0.441,0.426714285717545,0.514285714286546,0.588000000000466,-0.0875714285690005,109.173,97,20.8572375690608,0
"2599","CHEMAINUS RIVER",2005,2005-08-30,242,74,0,0.497,0.43000000000133,0.518071428569134,0.575566666666418,-0.0880714285678031,109.67,98,20.8572375690608,0
"2600","CHEMAINUS RIVER",2005,2005-08-31,243,75,0,0.482,0.433714285717412,0.501214285713753,0.564033333334373,-0.0674999999963412,110.152,99,20.8572375690608,0
"2601","CHEMAINUS RIVER",2005,2005-09-01,244,76,0,0.468,0.43814285714013,0.478714285713587,0.552466666667412,-0.0405714285734575,110.62,100,20.8572375690608,0
"2602","CHEMAINUS RIVER",2005,2005-09-02,245,77,0,0.453,0.445142857139997,0.463928571428239,0.540833333332557,-0.0187857142882422,111.073,101,20.8572375690608,0
"2603","CHEMAINUS RIVER",2005,2005-09-03,246,78,0,0.442,0.45285714286313,0.453642857144587,0.530000000000776,-0.000785714281456795,111.515,102,20.8572375690608,0
"2604","CHEMAINUS RIVER",2005,2005-09-04,247,79,0,0.482,0.466428571422252,0.450428571427307,0.522166666665968,0.0159999999949443,111.997,103,20.8572375690608,0
"2605","CHEMAINUS RIVER",2005,2005-09-05,248,80,0,0.492,0.473714285713088,0.450214285715317,0.515999999999379,0.0234999999977715,112.489,104,20.8572375690608,0
"2606","CHEMAINUS RIVER",2005,2005-09-06,249,81,0,0.456,0.467857142860469,0.4489285714309,0.509933333333659,0.0189285714295693,112.945,105,20.8572375690608,0
"2607","CHEMAINUS RIVER",2005,2005-09-07,250,82,0,0.436,0.461285714284583,0.447500000000998,0.503800000000047,0.0137857142835855,113.381,106,20.8572375690608,0
"2608","CHEMAINUS RIVER",2005,2005-09-08,251,83,0,0.425,0.455142857140995,0.446642857140562,0.498266666665828,0.00850000000043238,113.806,107,20.8572375690608,0
"2609","CHEMAINUS RIVER",2005,2005-09-09,252,84,0,0.422,0.450714285718277,0.447928571429137,0.493366666667862,0.00278571428914021,114.228,108,20.8572375690608,0
"2610","CHEMAINUS RIVER",2005,2005-09-10,253,85,0,0.401,0.444857142857342,0.448857142860236,0.488666666667753,-0.0040000000028938,114.629,109,20.8572375690608,0
"2611","CHEMAINUS RIVER",2005,2005-09-11,254,86,0,0.392,0.432000000004856,0.449214285713554,0.483966666667645,-0.0172142857086978,115.021,110,20.8572375690608,0
"2612","CHEMAINUS RIVER",2005,2005-09-12,255,87,0,0.381,0.416142857142924,0.444928571428006,0.479466666667334,-0.0287857142850823,115.402,111,20.8572375690608,0
"2613","CHEMAINUS RIVER",2005,2005-09-13,256,88,0,0.379,0.405142857144321,0.436500000002395,0.475866666667086,-0.0313571428580742,115.781,112,20.8572375690608,0
"2614","CHEMAINUS RIVER",2005,2005-09-14,257,89,0,0.382,0.397428571429503,0.429357142857043,0.473000000000078,-0.0319285714275403,116.163,113,20.8572375690608,0
"2615","CHEMAINUS RIVER",2005,2005-09-15,258,90,0,0.386,0.391857142859538,0.423500000000266,0.471066666666108,-0.0316428571407284,116.549,114,20.8572375690608,0
"2616","CHEMAINUS RIVER",2005,2005-09-16,259,91,0,0.407,0.389714285714685,0.420214285716481,0.460699999999876,-0.0305000000017961,116.956,115,20.8572375690608,0
"2617","CHEMAINUS RIVER",2005,2005-09-17,260,92,0,0.425,0.393142857139797,0.41899999999857,0.448766666666294,-0.0258571428587727,117.381,116,20.8572375690608,0
"2618","CHEMAINUS RIVER",2005,2005-09-18,261,93,0,0.405,0.395000000001996,0.413500000003426,0.440266666668079,-0.0185000000014303,117.786,117,20.8572375690608,0
"2619","CHEMAINUS RIVER",2005,2005-09-19,262,94,0,0.394,0.396857142855879,0.406499999999401,0.433866666666775,-0.00964285714352237,118.18,118,20.8572375690608,0
"2620","CHEMAINUS RIVER",2005,2005-09-20,263,95,0,0.39,0.398428571427108,0.401785714285714,0.429300000000512,-0.00335714285860639,118.57,119,20.8572375690608,0
"2621","CHEMAINUS RIVER",2005,2005-09-21,264,96,0,0.382,0.398428571427108,0.397928571428305,0.425533333333442,0.000499999998802569,118.952,120,20.8572375690608,0
"2622","CHEMAINUS RIVER",2005,2005-09-22,265,97,0,0.38,0.39757142857083,0.394714285715184,0.422400000000683,0.00285714285564609,119.332,121,20.8572375690608,0
"2623","CHEMAINUS RIVER",2005,2005-09-23,266,98,0,0.378,0.393428571430767,0.391571428572726,0.419800000001366,0.00185714285804095,119.71,122,20.8572375690608,0
"2624","CHEMAINUS RIVER",2005,2005-09-24,267,99,0,0.376,0.3864285714309,0.389785714285348,0.417766666666527,-0.00335714285444866,120.086,123,20.8572375690608,0
"2625","CHEMAINUS RIVER",2005,2005-09-25,268,100,0,0.374,0.381999999999867,0.388500000000931,0.416766666667536,-0.00650000000106438,120.46,124,20.8572375690608,0
"2626","CHEMAINUS RIVER",2005,2005-09-26,269,101,0,0.373,0.378999999998736,0.387928571427307,0.41626666666707,-0.0089285714285714,120.833,125,20.8572375690608,0
"2627","CHEMAINUS RIVER",2005,2005-09-27,270,102,0,0.37,0.376142857138932,0.38728571428302,0.415699999998712,-0.0111428571440878,121.203,126,20.8572375690608,0
"2628","CHEMAINUS RIVER",2005,2005-09-28,271,103,0,0.371,0.374571428576019,0.386500000001563,0.413366666667086,-0.0119285714255447,121.574,127,20.8572375690608,0
"2629","CHEMAINUS RIVER",2005,2005-09-29,272,104,0,0.842,0.440571428567637,0.419071428569233,0.424866666666154,0.0214999999984035,122.416,128,20.8572375690608,0
"2630","CHEMAINUS RIVER",2005,2005-09-30,273,105,0,3.55,0.893714285713421,0.643571428572094,0.527133333333768,0.250142857141327,125.966,129,20.8572375690608,0
"2631","CHEMAINUS RIVER",2005,2005-10-01,274,106,0,1.86,1.10571428571296,0.746071428571928,0.57353333333352,0.359642857141028,127.826,130,20.8572375690608,0
"2632","CHEMAINUS RIVER",2005,2005-10-02,275,107,0,1.36,1.24657142856657,0.81428571428322,0.60376666666707,0.432285714283353,129.186,131,20.8572375690608,0
"2633","CHEMAINUS RIVER",2005,2005-10-03,276,108,0,1.19,1.36328571428645,0.871142857142591,0.628699999999177,0.492142857143855,130.376,132,20.8572375690608,0
"2634","CHEMAINUS RIVER",2005,2005-10-04,277,109,0,1.25,1.4890000000014,0.932571428570165,0.654300000000512,0.556428571431232,131.626,133,20.8572375690608,0
"2635","CHEMAINUS RIVER",2005,2005-10-05,278,110,1,1.18,1.60457142856571,0.989571428570863,0.677233333332697,0.614999999994844,132.806,134,20.8572375690608,0
"2636","CHEMAINUS RIVER",2006,2006-06-18,169,1,0,4.49,5.57571428570996,7.0150000000015,9.86533333333403,-1.43928571429154,4.49,32,26.1255801104972,0
"2637","CHEMAINUS RIVER",2006,2006-06-19,170,2,0,4.04,5.11714285713554,6.70285714285481,9.5,-1.58571428571928,8.53,33,26.1255801104972,0
"2638","CHEMAINUS RIVER",2006,2006-06-20,171,3,0,3.75,4.74571428571029,6.44642857142857,9.18499999999961,-1.70071428571828,12.28,34,26.1255801104972,0
"2639","CHEMAINUS RIVER",2006,2006-06-21,172,4,0,3.54,4.42857142857143,6.23285714285781,8.79300000000124,-1.80428571428638,15.82,35,26.1255801104972,0
"2640","CHEMAINUS RIVER",2006,2006-06-22,173,5,0,3.34,4.15285714285814,6.00714285714119,8.38766666666682,-1.85428571428305,19.16,36,26.1255801104972,0
"2641","CHEMAINUS RIVER",2006,2006-06-23,174,6,0,3.13,3.88999999999734,5.38071428571129,8.01533333333209,-1.49071428571395,22.29,37,26.1255801104972,0
"2642","CHEMAINUS RIVER",2006,2006-06-24,175,7,0,2.94,3.60428571428305,4.86214285714336,7.62999999999884,-1.2578571428603,25.23,38,26.1255801104972,0
"2643","CHEMAINUS RIVER",2006,2006-06-25,176,8,0,2.79,3.36142857143256,4.46857142857126,7.28300000000163,-1.1071428571387,28.02,39,26.1255801104972,0
"2644","CHEMAINUS RIVER",2006,2006-06-26,177,9,0,2.68,3.16714285714884,4.14214285714219,6.91900000000023,-0.974999999993348,30.7,40,26.1255801104972,0
"2645","CHEMAINUS RIVER",2006,2006-06-27,178,10,0,2.55,2.99571428571861,3.87071428571445,6.59733333333279,-0.874999999995842,33.25,41,26.1255801104972,0
"2646","CHEMAINUS RIVER",2006,2006-06-28,179,11,0,2.38,2.82999999999967,3.62928571428555,6.33333333333333,-0.79928571428588,35.63,42,26.1255801104972,0
"2647","CHEMAINUS RIVER",2006,2006-06-29,180,12,0,2.19,2.66571428571894,3.40928571428854,6.11666666666667,-0.743571428569599,37.82,43,26.1255801104972,0
"2648","CHEMAINUS RIVER",2006,2006-06-30,181,13,0,2.02,2.50714285714119,3.19857142856927,5.91766666666566,-0.691428571428073,39.84,44,26.1255801104972,0
"2649","CHEMAINUS RIVER",2006,2006-07-01,182,14,0,1.91,2.36000000000266,2.98214285714286,5.67366666666736,-0.622142857140196,41.75,45,26.1255801104972,0
"2650","CHEMAINUS RIVER",2006,2006-07-02,183,15,0,1.8,2.2185714285671,2.78999999999983,5.28366666666698,-0.571428571432729,43.55,46,26.1255801104972,0
"2651","CHEMAINUS RIVER",2006,2006-07-03,184,16,0,1.74,2.08428571428106,2.62571428571495,4.95166666666628,-0.541428571433893,45.29,47,26.1255801104972,0
"2652","CHEMAINUS RIVER",2006,2006-07-04,185,17,0,1.68,1.95999999999601,2.47785714285731,4.68966666666674,-0.517857142861301,46.97,48,26.1255801104972,0
"2653","CHEMAINUS RIVER",2006,2006-07-05,186,18,0,1.6,1.84857142857176,2.33928571428571,4.46266666666682,-0.490714285713953,48.57,49,26.1255801104972,0
"2654","CHEMAINUS RIVER",2006,2006-07-06,187,19,0,1.51,1.7514285714299,2.20857142857442,4.26833333333489,-0.45714285714452,50.08,50,26.1255801104972,0
"2655","CHEMAINUS RIVER",2006,2006-07-07,188,20,0,1.43,1.66714285714884,2.08714285714502,4.09833333333372,-0.419999999996175,51.51,51,26.1255801104972,0
"2656","CHEMAINUS RIVER",2006,2006-07-08,189,21,0,1.35,1.58714285714086,1.97357142857176,3.92666666666628,-0.3864285714309,52.86,52,26.1255801104972,0
"2657","CHEMAINUS RIVER",2006,2006-07-09,190,22,0,1.27,1.5114285714309,1.864999999999,3.57233333333279,-0.353571428568102,54.13,53,26.1255801104972,0
"2658","CHEMAINUS RIVER",2006,2006-07-10,191,23,0,1.22,1.43714285714252,1.76071428571179,3.27300000000008,-0.323571428569267,55.35,54,26.1255801104972,0
"2659","CHEMAINUS RIVER",2006,2006-07-11,192,24,0,1.18,1.36571428571395,1.66285714285498,3.03566666666496,-0.297142857141028,56.53,55,26.1255801104972,0
"2660","CHEMAINUS RIVER",2006,2006-07-12,193,25,0,1.27,1.31857142856877,1.58357142857026,2.83633333333225,-0.265000000001497,57.8,56,26.1255801104972,0
"2661","CHEMAINUS RIVER",2006,2006-07-13,194,26,0,1.47,1.31285714285748,1.53214285714369,2.67366666666737,-0.219285714286213,59.27,57,26.1255801104972,0
"2662","CHEMAINUS RIVER",2006,2006-07-14,195,27,0,1.57,1.33285714285116,1.5,2.53399999999868,-0.167142857148844,60.84,58,26.1255801104972,0
"2663","CHEMAINUS RIVER",2006,2006-07-15,196,28,0,1.5,1.35428571428305,1.47071428571196,2.40833333333333,-0.116428571428904,62.34,59,26.1255801104972,0
"2664","CHEMAINUS RIVER",2006,2006-07-16,197,29,0,1.4,1.37285714285515,1.44214285714302,2.2893333333331,-0.0692857142878762,63.74,60,26.1255801104972,0
"2665","CHEMAINUS RIVER",2006,2006-07-17,198,30,0,1.23,1.37428571428505,1.40571428571379,2.16566666666574,-0.0314285714287377,64.97,61,26.1255801104972,0
"2666","CHEMAINUS RIVER",2006,2006-07-18,199,31,0,1.11,1.36428571429237,1.36500000000316,2.05300000000085,-0.00071428571079335,66.08,62,26.1255801104972,0
"2667","CHEMAINUS RIVER",2006,2006-07-19,200,32,0,1.07,1.33571428571927,1.32714285714402,1.95400000000178,0.00857142857525361,67.15,63,26.1255801104972,0
"2668","CHEMAINUS RIVER",2006,2006-07-20,201,33,0,1.02,1.27142857142358,1.29214285714053,1.86300000000047,-0.0207142857169467,68.17,64,26.1255801104972,0
"2669","CHEMAINUS RIVER",2006,2006-07-21,202,34,0,0.954,1.18342857143476,1.25814285714296,1.77680000000012,-0.0747142857081988,69.124,65,26.1255801104972,0
"2670","CHEMAINUS RIVER",2006,2006-07-22,203,35,0,0.889,1.09614285714425,1.22521428571365,1.69510000000009,-0.129071428569399,70.013,66,26.1255801104972,0
"2671","CHEMAINUS RIVER",2006,2006-07-23,204,36,0,0.835,1.01542857142964,1.19414285714239,1.61860000000064,-0.178714285712756,70.848,67,26.1255801104972,0
"2672","CHEMAINUS RIVER",2006,2006-07-24,205,37,0,0.807,0.954999999999667,1.16464285714236,1.54749999999961,-0.209642857142691,71.655,68,26.1255801104972,0
"2673","CHEMAINUS RIVER",2006,2006-07-25,206,38,0,0.758,0.904714285712024,1.1345000000022,1.47976666666606,-0.229785714290171,72.413,69,26.1255801104972,0
"2674","CHEMAINUS RIVER",2006,2006-07-26,207,39,0,0.732,0.856428571427906,1.09607142857359,1.41483333333357,-0.239642857145684,73.145,70,26.1255801104972,0
"2675","CHEMAINUS RIVER",2006,2006-07-27,208,40,0,0.694,0.809857142856345,1.04064285713996,1.35296666666594,-0.230785714283619,73.839,71,26.1255801104972,0
"2676","CHEMAINUS RIVER",2006,2006-07-28,209,41,0,0.66,0.767857142857143,0.97564285714595,1.29563333333354,-0.207785714288808,74.499,72,26.1255801104972,0
"2677","CHEMAINUS RIVER",2006,2006-07-29,210,42,0,0.647,0.733285714290105,0.914714285717179,1.24420000000003,-0.181428571427075,75.146,73,26.1255801104972,0
"2678","CHEMAINUS RIVER",2006,2006-07-30,211,43,0,0.644,0.705999999997273,0.860714285713454,1.19833333333372,-0.154714285716182,75.79,74,26.1255801104972,0
"2679","CHEMAINUS RIVER",2006,2006-07-31,212,44,0,0.634,0.681285714289905,0.818142857144786,1.15579999999997,-0.136857142854881,76.424,75,26.1255801104972,0
"2680","CHEMAINUS RIVER",2006,2006-08-01,213,45,0,0.621,0.661714285711891,0.783214285711957,1.11649999999984,-0.121500000000067,77.045,76,26.1255801104972,0
"2681","CHEMAINUS RIVER",2006,2006-08-02,214,46,0,0.607,0.643857142854748,0.750142857141327,1.07873333333409,-0.106285714286579,77.652,77,26.1255801104972,0
"2682","CHEMAINUS RIVER",2006,2006-08-03,215,47,0,0.575,0.626857142862199,0.718357142859272,1.04190000000138,-0.0914999999970729,78.227,78,26.1255801104972,0
"2683","CHEMAINUS RIVER",2006,2006-08-04,216,48,0,0.562,0.612857142854149,0.690357142855646,1.00729999999943,-0.0775000000014968,78.789,79,26.1255801104972,0
"2684","CHEMAINUS RIVER",2006,2006-08-05,217,49,0,0.52,0.594714285714352,0.664000000002228,0.974299999999736,-0.0692857142878762,79.309,80,26.1255801104972,0
"2685","CHEMAINUS RIVER",2006,2006-08-06,218,50,0,0.509,0.575428571427308,0.64071428571229,0.943599999998696,-0.0652857142849825,79.818,81,26.1255801104972,0
"2686","CHEMAINUS RIVER",2006,2006-08-07,219,51,0,0.459,0.550428571428971,0.615857142859438,0.913900000000528,-0.0654285714304673,80.277,82,26.1255801104972,0
"2687","CHEMAINUS RIVER",2006,2006-08-08,220,52,0,0.45,0.526000000004258,0.593857142858074,0.886566666666962,-0.0678571428538167,80.727,83,26.1255801104972,0
"2688","CHEMAINUS RIVER",2006,2006-08-09,221,53,0,0.463,0.505428571428638,0.574642857141693,0.861333333334187,-0.069214285713055,81.19,84,26.1255801104972,0
"2689","CHEMAINUS RIVER",2006,2006-08-10,222,54,0,0.475,0.491142857137934,0.559000000000067,0.837833333333644,-0.0678571428621321,81.665,85,26.1255801104972,0
"2690","CHEMAINUS RIVER",2006,2006-08-11,223,55,0,0.477,0.479000000000399,0.545928571427274,0.81140000000014,-0.0669285714268751,82.142,86,26.1255801104972,0
"2691","CHEMAINUS RIVER",2006,2006-08-12,224,56,0,0.461,0.47057142857063,0.532642857142491,0.777766666666139,-0.062071428571861,82.603,87,26.1255801104972,0
"2692","CHEMAINUS RIVER",2006,2006-08-13,225,57,0,0.44,0.460714285719275,0.518071428573291,0.740100000001257,-0.0573571428540163,83.043,88,26.1255801104972,0
"2693","CHEMAINUS RIVER",2006,2006-08-14,226,58,0,0.414,0.454285714284716,0.502357142856844,0.703900000000916,-0.0480714285721271,83.457,89,26.1255801104972,0
"2694","CHEMAINUS RIVER",2006,2006-08-15,227,59,0,0.39,0.44571428571362,0.485857142858939,0.670233333333939,-0.0401428571453185,83.847,90,26.1255801104972,0
"2695","CHEMAINUS RIVER",2006,2006-08-16,228,60,0,0.381,0.434000000000066,0.469714285714352,0.641933333334358,-0.0357142857142858,84.228,91,26.1255801104972,0
"2696","CHEMAINUS RIVER",2006,2006-08-17,229,61,0,0.359,0.417428571431498,0.454285714284716,0.616899999999441,-0.036857142853218,84.587,92,26.1255801104972,0
"2697","CHEMAINUS RIVER",2006,2006-08-18,230,62,0,0.345,0.398571428568435,0.438785714284417,0.59273333333161,-0.0402142857159821,84.932,93,26.1255801104972,0
"2698","CHEMAINUS RIVER",2006,2006-08-19,231,63,0,0.337,0.380857142852619,0.425714285711625,0.569966666666248,-0.0448571428590055,85.269,94,26.1255801104972,0
"2699","CHEMAINUS RIVER",2006,2006-08-20,232,64,0,0.304,0.361428571424247,0.411071428571761,0.548299999998805,-0.0496428571475138,85.573,95,26.1255801104972,0
"2700","CHEMAINUS RIVER",2006,2006-08-21,233,65,0,0.281,0.342428571428172,0.398357142856444,0.52803333333383,-0.0559285714282721,85.854,96,26.1255801104972,0
"2701","CHEMAINUS RIVER",2006,2006-08-22,234,66,0,0.261,0.323999999997406,0.384857142855513,0.508899999999752,-0.0608571428581074,86.115,97,26.1255801104972,0
"2702","CHEMAINUS RIVER",2006,2006-08-23,235,67,0,0.246,0.304714285710361,0.369357142855214,0.490200000000186,-0.0646428571448528,86.361,98,26.1255801104972,0
"2703","CHEMAINUS RIVER",2006,2006-08-24,236,68,0,0.267,0.291571428566905,0.354499999999202,0.473833333332247,-0.0629285714322967,86.628,99,26.1255801104972,0
"2704","CHEMAINUS RIVER",2006,2006-08-25,237,69,0,0.258,0.279142857146715,0.338857142857575,0.458033333332666,-0.0597142857108597,86.886,100,26.1255801104972,0
"2705","CHEMAINUS RIVER",2006,2006-08-26,238,70,0,0.247,0.266285714285914,0.323571428569267,0.443133333333147,-0.0572857142833527,87.133,101,26.1255801104972,0
"2706","CHEMAINUS RIVER",2006,2006-08-27,239,71,0,0.212,0.253142857142458,0.307285714283353,0.428199999998712,-0.0541428571408947,87.345,102,26.1255801104972,0
"2707","CHEMAINUS RIVER",2006,2006-08-28,240,72,0,0.189,0.239999999999002,0.291214285713587,0.412933333332573,-0.0512142857145851,87.534,103,26.1255801104972,0
"2708","CHEMAINUS RIVER",2006,2006-08-29,241,73,0,0.18,0.228428571426775,0.27621428571209,0.397466666666636,-0.0477857142853151,87.714,104,26.1255801104972,0
"2709","CHEMAINUS RIVER",2006,2006-08-30,242,74,0,0.186,0.219857142863995,0.262285714287178,0.38253333333414,-0.042428571423183,87.9,105,26.1255801104972,0
"2710","CHEMAINUS RIVER",2006,2006-08-31,243,75,0,0.198,0.210000000004324,0.250785714285615,0.368433333333815,-0.0407857142812905,88.098,106,26.1255801104972,0
"2711","CHEMAINUS RIVER",2006,2006-09-01,244,76,0,0.19,0.20028571428598,0.239714285716348,0.354533333333287,-0.0394285714303675,88.288,107,26.1255801104972,0
"2712","CHEMAINUS RIVER",2006,2006-09-02,245,77,0,0.183,0.191142857149576,0.228714285717745,0.341466666666868,-0.0375714285681689,88.471,108,26.1255801104972,0
"2713","CHEMAINUS RIVER",2006,2006-09-03,246,78,0,0.186,0.187428571433494,0.220285714287976,0.328933333333892,-0.0328571428544819,88.657,109,26.1255801104972,0
"2714","CHEMAINUS RIVER",2006,2006-09-04,247,79,0,0.165,0.184000000000067,0.211999999999534,0.317099999999239,-0.0279999999994678,88.822,110,26.1255801104972,0
"2715","CHEMAINUS RIVER",2006,2006-09-05,248,80,1,0.159,0.180999999998936,0.204714285712855,0.305433333333349,-0.0237142857139198,88.981,111,26.1255801104972,0
"2716","CHEMAINUS RIVER",2007,2007-06-18,169,1,0,3.79,4.06142857143589,4.66071428571429,7.28800000000047,-0.599285714278396,3.79,51,25.6388950276243,0
"2717","CHEMAINUS RIVER",2007,2007-06-19,170,2,0,3.5,3.88142857143456,4.47428571428671,6.77800000000085,-0.592857142852154,7.29,52,25.6388950276243,0
"2718","CHEMAINUS RIVER",2007,2007-06-20,171,3,0,3.26,3.7414285714289,4.33142857142541,6.39333333333295,-0.589999999996508,10.55,53,25.6388950276243,0
"2719","CHEMAINUS RIVER",2007,2007-06-21,172,4,0,3.19,3.61999999999534,4.20857142857026,6.06966666666558,-0.588571428574921,13.74,54,25.6388950276243,0
"2720","CHEMAINUS RIVER",2007,2007-06-22,173,5,0,3.14,3.51714285714219,4.11571428571395,5.80099999999899,-0.598571428571761,16.88,55,25.6388950276243,0
"2721","CHEMAINUS RIVER",2007,2007-06-23,174,6,0,2.94,3.40142857142824,4.01071428571595,5.55566666666612,-0.60928571428771,19.82,56,25.6388950276243,0
"2722","CHEMAINUS RIVER",2007,2007-06-24,175,7,0,2.8,3.23142857142791,3.78285714285448,5.32333333333372,-0.551428571426576,22.62,57,25.6388950276243,0
"2723","CHEMAINUS RIVER",2007,2007-06-25,176,8,0,2.7,3.07571428570996,3.56857142857293,5.10133333333263,-0.492857142862964,25.32,58,25.6388950276243,0
"2724","CHEMAINUS RIVER",2007,2007-06-26,177,9,0,2.5,2.93285714285282,3.40714285714369,4.90333333333256,-0.47428571429087,27.82,59,25.6388950276243,0
"2725","CHEMAINUS RIVER",2007,2007-06-27,178,10,0,2.33,2.80000000000499,3.27071428571695,4.73366666666698,-0.470714285711957,30.15,60,25.6388950276243,0
"2726","CHEMAINUS RIVER",2007,2007-06-28,179,11,0,2.32,2.67571428571994,3.14785714285764,4.57300000000008,-0.472142857137702,32.47,61,25.6388950276243,0
"2727","CHEMAINUS RIVER",2007,2007-06-29,180,12,0,3.46,2.72142857142691,3.11928571428455,4.4359999999986,-0.397857142857642,35.93,62,25.6388950276243,0
"2728","CHEMAINUS RIVER",2007,2007-06-30,181,13,0,3.74,2.83571428571096,3.1185714285696,4.30499999999884,-0.282857142858639,39.67,63,25.6388950276243,0
"2729","CHEMAINUS RIVER",2007,2007-07-01,182,14,0,3.17,2.88857142857575,3.06000000000183,4.16600000000132,-0.171428571426077,42.84,64,25.6388950276243,0
"2730","CHEMAINUS RIVER",2007,2007-07-02,183,15,0,2.76,2.89714285714685,2.98642857142841,4.02233333333473,-0.0892857142815564,45.6,65,25.6388950276243,0
"2731","CHEMAINUS RIVER",2007,2007-07-03,184,16,0,2.57,2.90714285713953,2.91999999999617,3.8786666666662,-0.0128571428566442,48.17,66,25.6388950276243,0
"2732","CHEMAINUS RIVER",2007,2007-07-04,185,17,0,2.48,2.92857142857143,2.86428571428821,3.73699999999953,0.0642857142832196,50.65,67,25.6388950276243,0
"2733","CHEMAINUS RIVER",2007,2007-07-05,186,18,0,2.36,2.93428571428272,2.80500000000133,3.61199999999953,0.12928571428139,53.01,68,25.6388950276243,0
"2734","CHEMAINUS RIVER",2007,2007-07-06,187,19,0,2.21,2.75571428571961,2.73857142857326,3.51033333333326,0.0171428571463497,55.22,69,25.6388950276243,0
"2735","CHEMAINUS RIVER",2007,2007-07-07,188,20,0,2,2.50714285714951,2.67142857143023,3.41333333333411,-0.164285714280725,57.22,70,25.6388950276243,0
"2736","CHEMAINUS RIVER",2007,2007-07-08,189,21,0,1.85,2.31857142856877,2.60357142857226,3.32699999999992,-0.285000000003492,59.07,71,25.6388950276243,0
"2737","CHEMAINUS RIVER",2007,2007-07-09,190,22,0,1.75,2.17428571428172,2.53571428571429,3.23833333333411,-0.361428571432563,60.82,72,25.6388950276243,0
"2738","CHEMAINUS RIVER",2007,2007-07-10,191,23,0,1.65,2.0428571428638,2.47500000000166,3.09366666666659,-0.432142857137868,62.47,73,25.6388950276243,0
"2739","CHEMAINUS RIVER",2007,2007-07-11,192,24,0,1.69,1.93000000000133,2.42928571428638,2.96000000000155,-0.499285714285049,64.16,74,25.6388950276243,0
"2740","CHEMAINUS RIVER",2007,2007-07-12,193,25,0,1.63,1.82571428571828,2.3800000000005,2.85566666666806,-0.554285714282222,65.79,75,25.6388950276243,0
"2741","CHEMAINUS RIVER",2007,2007-07-13,194,26,0,1.46,1.7185714285671,2.23714285714336,2.76300000000047,-0.518571428576252,67.25,76,25.6388950276243,0
"2742","CHEMAINUS RIVER",2007,2007-07-14,195,27,0,1.34,1.62428571428505,2.06571428571728,2.67300000000008,-0.44142857143223,68.59,77,25.6388950276243,0
"2743","CHEMAINUS RIVER",2007,2007-07-15,196,28,0,1.24,1.53714285714419,1.92785714285648,2.5856666666669,-0.39071428571229,69.83,78,25.6388950276243,0
"2744","CHEMAINUS RIVER",2007,2007-07-16,197,29,0,1.17,1.45428571428472,1.81428571428322,2.49966666666636,-0.359999999998503,71,79,25.6388950276243,0
"2745","CHEMAINUS RIVER",2007,2007-07-17,198,30,0,1.09,1.37428571428505,1.70857142857442,2.40300000000085,-0.334285714289373,72.09,80,25.6388950276243,0
"2746","CHEMAINUS RIVER",2007,2007-07-18,199,31,0,1.15,1.29714285713687,1.6135714285691,2.31499999999845,-0.31642857143223,73.24,81,25.6388950276243,0
"2747","CHEMAINUS RIVER",2007,2007-07-19,200,32,0,1.42,1.26714285714219,1.54642857143023,2.24566666666651,-0.279285714288043,74.66,82,25.6388950276243,0
"2748","CHEMAINUS RIVER",2007,2007-07-20,201,33,0,1.57,1.28285714285448,1.50071428571079,2.1893333333331,-0.217857142856311,76.23,83,25.6388950276243,0
"2749","CHEMAINUS RIVER",2007,2007-07-21,202,34,0,2.4,1.43428571428272,1.52928571428388,2.16300000000047,-0.0950000000011642,78.63,84,25.6388950276243,0
"2750","CHEMAINUS RIVER",2007,2007-07-22,203,35,0,8.05,2.40714285713953,1.97214285714186,2.32666666666628,0.434999999997671,86.68,85,25.6388950276243,0
"2751","CHEMAINUS RIVER",2007,2007-07-23,204,36,0,8,3.38285714285615,2.41857142857043,2.49533333333287,0.964285714285714,94.68,86,25.6388950276243,0
"2752","CHEMAINUS RIVER",2007,2007-07-24,205,37,0,5.86,4.06428571428738,2.71928571428621,2.59733333333473,1.34500000000116,100.54,87,25.6388950276243,0
"2753","CHEMAINUS RIVER",2007,2007-07-25,206,38,0,4.58,4.55428571428638,2.92571428571162,2.65999999999961,1.62857142857475,105.12,88,25.6388950276243,0
"2754","CHEMAINUS RIVER",2007,2007-07-26,207,39,0,3.73,4.88428571428605,3.07571428571412,2.70100000000093,1.80857142857193,108.85,89,25.6388950276243,0
"2755","CHEMAINUS RIVER",2007,2007-07-27,208,40,0,3.13,5.10714285714286,3.19499999999867,2.72766666666527,1.91214285714419,111.98,90,25.6388950276243,0
"2756","CHEMAINUS RIVER",2007,2007-07-28,209,41,0,2.71,5.15142857142824,3.29285714285548,2.74066666666574,1.85857142857276,114.69,91,25.6388950276243,0
"2757","CHEMAINUS RIVER",2007,2007-07-29,210,42,0,2.38,4.34142857143057,3.37428571428505,2.70466666666713,0.967142857145519,117.07,92,25.6388950276243,0
"2758","CHEMAINUS RIVER",2007,2007-07-30,211,43,0,2.15,3.50571428571961,3.44428571428788,2.65166666666822,0.0614285714317315,119.22,93,25.6388950276243,0
"2759","CHEMAINUS RIVER",2007,2007-07-31,212,44,0,1.94,2.94571428571362,3.5050000000005,2.6106666666669,-0.559285714286879,121.16,94,25.6388950276243,0
"2760","CHEMAINUS RIVER",2007,2007-08-01,213,45,0,1.72,2.53714285714419,3.54571428571528,2.57599999999899,-1.0085714285711,122.88,95,25.6388950276243,0
"2761","CHEMAINUS RIVER",2007,2007-08-02,214,46,0,1.55,2.2257142857083,3.55499999999717,2.54200000000031,-1.32928571428887,124.43,96,25.6388950276243,0
"2762","CHEMAINUS RIVER",2007,2007-08-03,215,47,0,1.4,1.97857142857642,3.54285714285964,2.50599999999977,-1.56428571428322,125.83,97,25.6388950276243,0
"2763","CHEMAINUS RIVER",2007,2007-08-04,216,48,0,1.3,1.77714285714319,3.46428571428571,2.47066666666651,-1.68714285714252,127.13,98,25.6388950276243,0
"2764","CHEMAINUS RIVER",2007,2007-08-05,217,49,0,1.25,1.61571428571395,2.97857142857226,2.43866666666581,-1.36285714285831,128.38,99,25.6388950276243,0
"2765","CHEMAINUS RIVER",2007,2007-08-06,218,50,0,1.12,1.4685714285671,2.48714285714336,2.40933333333232,-1.01857142857625,129.5,100,25.6388950276243,0
"2766","CHEMAINUS RIVER",2007,2007-08-07,219,51,0,1.04,1.34000000000067,2.14285714285714,2.38233333333434,-0.802857142856477,130.54,101,25.6388950276243,0
"2767","CHEMAINUS RIVER",2007,2007-08-08,220,52,0,1.01,1.2385714285691,1.88785714285664,2.35766666666605,-0.649285714287544,131.55,102,25.6388950276243,0
"2768","CHEMAINUS RIVER",2007,2007-08-09,221,53,0,0.938,1.15114285714558,1.68842857142694,2.33393333333273,-0.537285714281357,132.488,103,25.6388950276243,0
"2769","CHEMAINUS RIVER",2007,2007-08-10,222,54,0,0.914,1.08171428571222,1.53014285714432,2.30806666666564,-0.448428571432097,133.402,104,25.6388950276243,0
"2770","CHEMAINUS RIVER",2007,2007-08-11,223,55,0,0.904,1.02514285713966,1.40114285714143,2.28386666666484,-0.376000000001763,134.306,105,25.6388950276243,0
"2771","CHEMAINUS RIVER",2007,2007-08-12,224,56,0,0.877,0.971857142859205,1.29378571428658,2.26443333333397,-0.321928571427374,135.183,106,25.6388950276243,0
"2772","CHEMAINUS RIVER",2007,2007-08-13,225,57,0,0.838,0.931571428572559,1.20007142856983,2.24769999999941,-0.268499999997272,136.021,107,25.6388950276243,0
"2773","CHEMAINUS RIVER",2007,2007-08-14,226,58,0,0.808,0.898428571427108,1.11921428571389,2.23330000000036,-0.220785714286779,136.829,108,25.6388950276243,0
"2774","CHEMAINUS RIVER",2007,2007-08-15,227,59,0,0.756,0.862142857147514,1.05035714285831,2.2195000000007,-0.188214285710793,137.585,109,25.6388950276243,0
"2775","CHEMAINUS RIVER",2007,2007-08-16,228,60,0,0.711,0.829714285717013,0.990428571431299,2.20686666666685,-0.160714285714286,138.296,110,25.6388950276243,0
"2776","CHEMAINUS RIVER",2007,2007-08-17,229,61,0,0.708,0.800285714287644,0.940999999999933,2.19213333333416,-0.14071428571229,139.004,111,25.6388950276243,0
"2777","CHEMAINUS RIVER",2007,2007-08-18,230,62,0,0.883,0.797285714286513,0.911214285713088,2.17423333333184,-0.113928571426576,139.887,112,25.6388950276243,0
"2778","CHEMAINUS RIVER",2007,2007-08-19,231,63,0,0.914,0.802571428573823,0.887214285716514,2.15236666666848,-0.0846428571426909,140.801,113,25.6388950276243,0
"2779","CHEMAINUS RIVER",2007,2007-08-20,232,64,0,0.855,0.80500000000133,0.868285714286945,2.10086666666709,-0.0632857142856146,141.656,114,25.6388950276243,0
"2780","CHEMAINUS RIVER",2007,2007-08-21,233,65,0,0.835,0.808857142850424,0.853642857138766,1.86036666666623,-0.044785714288342,142.491,115,25.6388950276243,0
"2781","CHEMAINUS RIVER",2007,2007-08-22,234,66,0,0.811,0.816714285714884,0.839428571431199,1.6207333333344,-0.0227142857163146,143.302,116,25.6388950276243,0
"2782","CHEMAINUS RIVER",2007,2007-08-23,235,67,0,0.801,0.829571428567371,0.829642857142192,1.45209999999885,-7.14285748212307e-05,144.103,117,25.6388950276243,0
"2783","CHEMAINUS RIVER",2007,2007-08-24,236,68,0,0.799,0.842571428569499,0.821428571428571,1.32606666666688,0.021142857140928,144.902,118,25.6388950276243,0
"2784","CHEMAINUS RIVER",2007,2007-08-25,237,69,0,0.765,0.825714285718277,0.811500000002395,1.2272333333327,0.0142142857158822,145.667,119,25.6388950276243,0
"2785","CHEMAINUS RIVER",2007,2007-08-26,238,70,0,0.777,0.806142857140263,0.804357142857043,1.14880000000121,0.00178571428321972,146.444,120,25.6388950276243,0
"2786","CHEMAINUS RIVER",2007,2007-08-27,239,71,0,0.781,0.795571428573956,0.800285714287644,1.08450000000109,-0.00471428571368704,147.225,121,25.6388950276243,0
"2787","CHEMAINUS RIVER",2007,2007-08-28,240,72,0,0.755,0.784142857143057,0.79649999999674,1.03033333333248,-0.0123571428536836,147.98,122,25.6388950276243,0
"2788","CHEMAINUS RIVER",2007,2007-08-29,241,73,0,0.724,0.771714285714552,0.794214285714718,0.982799999999891,-0.0225000000001663,148.704,123,25.6388950276243,0
"2789","CHEMAINUS RIVER",2007,2007-08-30,242,74,0,0.684,0.755000000004657,0.792285714286014,0.940933333333426,-0.0372857142813571,149.388,124,25.6388950276243,0
"2790","CHEMAINUS RIVER",2007,2007-08-31,243,75,0,0.638,0.73200000000153,0.787285714285515,0.90486666666693,-0.0552857142839848,150.026,125,25.6388950276243,0
"2791","CHEMAINUS RIVER",2007,2007-09-01,244,76,0,0.607,0.7094285714307,0.767571428574489,0.873433333334591,-0.0581428571437885,150.633,126,25.6388950276243,0
"2792","CHEMAINUS RIVER",2007,2007-09-02,245,77,0,0.612,0.68585714285395,0.745999999997106,0.847166666665968,-0.0601428571431565,151.245,127,25.6388950276243,0
"2793","CHEMAINUS RIVER",2007,2007-09-03,246,78,0,0.715,0.676428571426576,0.736000000000266,0.82766666666721,-0.0595714285736904,151.96,128,25.6388950276243,0
"2794","CHEMAINUS RIVER",2007,2007-09-04,247,79,0,1.12,0.728571428576418,0.756357142859737,0.823333333333721,-0.0277857142833194,153.08,129,25.6388950276243,0
"2795","CHEMAINUS RIVER",2007,2007-09-05,248,80,0,1.15,0.789428571422052,0.780571428568302,0.824333333332712,0.00885714285375017,154.23,130,25.6388950276243,0
"2796","CHEMAINUS RIVER",2007,2007-09-06,249,81,1,1.06,0.843142857143123,0.79907142857389,0.825,0.0440714285692333,155.29,131,25.6388950276243,0
"2797","CHEMAINUS RIVER",2008,2008-06-17,169,1,0,10.6,14.7999999999967,16.3857142857118,21.9466666666655,-1.58571428571512,10.6,6,17.7070165745856,0
"2798","CHEMAINUS RIVER",2008,2008-06-18,170,2,0,8.95,12.8642857142841,15.8035714285714,20.6783333333326,-2.93928571428738,19.55,7,17.7070165745856,0
"2799","CHEMAINUS RIVER",2008,2008-06-19,171,3,0,7.64,11.4414285714322,15.2564285714304,19.5463333333338,-3.81499999999817,27.19,8,17.7070165745856,0
"2800","CHEMAINUS RIVER",2008,2008-06-20,172,4,0,7.19,10.125714285715,14.3771428571449,18.7760000000009,-4.2514285714299,34.38,9,17.7070165745856,0
"2801","CHEMAINUS RIVER",2008,2008-06-21,173,5,0,7.94,9.23142857142791,13.6942857142879,18.1306666666661,-4.46285714285997,42.32,10,17.7070165745856,0
"2802","CHEMAINUS RIVER",2008,2008-06-22,174,6,0,7.69,8.67285714286014,13.1864285714276,17.6369999999995,-4.51357142856744,50.01,11,17.7070165745856,0
"2803","CHEMAINUS RIVER",2008,2008-06-23,175,7,0,6.59,8.08571428571096,12.6428571428571,16.9699999999992,-4.55714285714618,56.6,12,17.7070165745856,0
"2804","CHEMAINUS RIVER",2008,2008-06-24,176,8,0,5.82,7.40285714285814,11.1014285714274,16.1506666666653,-3.69857142856927,62.42,13,17.7070165745856,0
"2805","CHEMAINUS RIVER",2008,2008-06-25,177,9,0,5.33,6.88571428571595,9.875,15.2083333333333,-2.98928571428405,67.75,14,17.7070165745856,0
"2806","CHEMAINUS RIVER",2008,2008-06-26,178,10,0,4.9,6.49428571428871,8.96785714286047,14.1483333333337,-2.47357142857176,72.65,15,17.7070165745856,0
"2807","CHEMAINUS RIVER",2008,2008-06-27,179,11,0,4.34,6.08714285714086,8.10642857142791,13.3396666666667,-2.01928571428705,76.99,16,17.7070165745856,0
"2808","CHEMAINUS RIVER",2008,2008-06-28,180,12,0,4.48,5.59285714285215,7.41214285714003,12.6823333333324,-1.81928571428788,81.47,17,17.7070165745856,0
"2809","CHEMAINUS RIVER",2008,2008-06-29,181,13,0,4.77,5.17571428571163,6.92428571428588,12.2213333333338,-1.74857142857426,86.24,18,17.7070165745856,0
"2810","CHEMAINUS RIVER",2008,2008-06-30,182,14,0,4.44,4.86857142857376,6.47714285714236,11.8426666666657,-1.6085714285686,90.68,19,17.7070165745856,0
"2811","CHEMAINUS RIVER",2008,2008-07-01,183,15,0,3.94,4.60000000000166,6.0014285714299,11.4340000000006,-1.40142857142824,94.62,20,17.7070165745856,0
"2812","CHEMAINUS RIVER",2008,2008-07-02,184,16,0,3.3,4.30999999999767,5.59785714285681,11.0440000000002,-1.28785714285914,97.92,21,17.7070165745856,0
"2813","CHEMAINUS RIVER",2008,2008-07-03,185,17,0,2.71,3.9971428571402,5.24571428571445,10.6476666666664,-1.24857142857426,100.63,22,17.7070165745856,0
"2814","CHEMAINUS RIVER",2008,2008-07-04,186,18,0,2.3,3.70571428571462,4.89642857142774,10.1543333333335,-1.19071428571312,102.93,23,17.7070165745856,0
"2815","CHEMAINUS RIVER",2008,2008-07-05,187,19,0,2.09,3.36428571429237,4.47857142857226,9.7140000000014,-1.11428571427989,105.02,24,17.7070165745856,0
"2816","CHEMAINUS RIVER",2008,2008-07-06,188,20,0,2.23,3.0014285714299,4.08857142857076,9.13833333333411,-1.08714285714086,107.25,25,17.7070165745856,0
"2817","CHEMAINUS RIVER",2008,2008-07-07,189,21,0,1.99,2.65142857142824,3.760000000001,8.6213333333338,-1.10857142857276,109.24,26,17.7070165745856,0
"2818","CHEMAINUS RIVER",2008,2008-07-08,190,22,0,1.82,2.34857142857176,3.47428571428671,8.18866666666581,-1.12571428571495,111.06,27,17.7070165745856,0
"2819","CHEMAINUS RIVER",2008,2008-07-09,191,23,0,1.74,2.12571428571495,3.21785714285631,7.77333333333372,-1.09214285714136,112.8,28,17.7070165745856,0
"2820","CHEMAINUS RIVER",2008,2008-07-10,192,24,0,1.67,1.9771428571382,2.9871428571392,6.91566666666573,-1.010000000001,114.47,29,17.7070165745856,0
"2821","CHEMAINUS RIVER",2008,2008-07-11,193,25,0,1.59,1.87571428571495,2.79071428571478,6.21866666666659,-0.914999999999834,116.06,30,17.7070165745856,0
"2822","CHEMAINUS RIVER",2008,2008-07-12,194,26,0,1.55,1.79857142856677,2.58142857142957,5.68366666666698,-0.782857142862797,117.61,31,17.7070165745856,0
"2823","CHEMAINUS RIVER",2008,2008-07-13,195,27,0,1.53,1.69857142857342,2.35000000000166,5.18800000000047,-0.651428571428239,119.14,32,17.7070165745856,0
"2824","CHEMAINUS RIVER",2008,2008-07-14,196,28,0,1.49,1.62714285714485,2.13928571428655,4.7643333333331,-0.512142857141693,120.63,33,17.7070165745856,0
"2825","CHEMAINUS RIVER",2008,2008-07-15,197,29,0,1.45,1.57428571428838,1.96142857143007,4.42600000000093,-0.387142857141693,122.08,34,17.7070165745856,0
"2826","CHEMAINUS RIVER",2008,2008-07-16,198,30,0,1.39,1.52428571428339,1.82499999999917,4.11566666666574,-0.300714285715783,123.47,35,17.7070165745856,0
"2827","CHEMAINUS RIVER",2008,2008-07-17,199,31,0,1.35,1.47857142857642,1.72785714285731,3.80733333333434,-0.249285714280891,124.82,36,17.7070165745856,0
"2828","CHEMAINUS RIVER",2008,2008-07-18,200,32,0,1.32,1.44000000000233,1.65785714285864,3.55300000000085,-0.217857142856311,126.14,37,17.7070165745856,0
"2829","CHEMAINUS RIVER",2008,2008-07-19,201,33,0,1.29,1.40285714285814,1.60071428571246,3.34133333333302,-0.197857142854316,127.43,38,17.7070165745856,0
"2830","CHEMAINUS RIVER",2008,2008-07-20,202,34,0,1.26,1.36428571428405,1.53142857142874,3.14366666666659,-0.167142857144686,128.69,39,17.7070165745856,0
"2831","CHEMAINUS RIVER",2008,2008-07-21,203,35,0,1.22,1.32571428570996,1.47642857142741,2.91966666666558,-0.150714285717445,129.91,40,17.7070165745856,0
"2832","CHEMAINUS RIVER",2008,2008-07-22,204,36,0,1.19,1.28857142856577,1.43142857142707,2.70299999999891,-0.142857142861301,131.1,41,17.7070165745856,0
"2833","CHEMAINUS RIVER",2008,2008-07-23,205,37,0,1.17,1.25714285714951,1.39071428571645,2.52233333333473,-0.133571428566938,132.27,42,17.7070165745856,0
"2834","CHEMAINUS RIVER",2008,2008-07-24,206,38,0,1.15,1.2285714285681,1.35357142857226,2.36666666666667,-0.125000000004158,133.42,43,17.7070165745856,0
"2835","CHEMAINUS RIVER",2008,2008-07-25,207,39,0,1.13,1.20142857142491,1.32071428571362,2.22666666666628,-0.119285714288708,134.55,44,17.7070165745856,0
"2836","CHEMAINUS RIVER",2008,2008-07-26,208,40,0,1.13,1.17857142857143,1.29071428571478,2.10099999999899,-0.112142857143356,135.68,45,17.7070165745856,0
"2837","CHEMAINUS RIVER",2008,2008-07-27,209,41,0,1.14,1.16142857142924,1.26285714285664,1.99433333333388,-0.101428571427407,136.82,46,17.7070165745856,0
"2838","CHEMAINUS RIVER",2008,2008-07-28,210,42,0,1.1,1.14428571428704,1.2349999999985,1.88166666666705,-0.0907142857114585,137.92,47,17.7070165745856,0
"2839","CHEMAINUS RIVER",2008,2008-07-29,211,43,0,1.17,1.14142857143556,1.21500000000067,1.76166666666783,-0.073571428565109,139.09,48,17.7070165745856,0
"2840","CHEMAINUS RIVER",2008,2008-07-30,212,44,0,1.35,1.16714285714053,1.21214285714502,1.65866666666698,-0.0450000000044903,140.44,49,17.7070165745856,0
"2841","CHEMAINUS RIVER",2008,2008-07-31,213,45,0,1.34,1.19428571429203,1.21142857143007,1.57200000000109,-0.0171428571380341,141.78,50,17.7070165745856,0
"2842","CHEMAINUS RIVER",2008,2008-08-01,214,46,0,1.44,1.2385714285691,1.21999999999701,1.50999999999961,0.0185714285720939,143.22,51,17.7070165745856,0
"2843","CHEMAINUS RIVER",2008,2008-08-02,215,47,0,1.62,1.30857142857609,1.24357142857376,1.47366666666737,0.0650000000023283,144.84,52,17.7070165745856,0
"2844","CHEMAINUS RIVER",2008,2008-08-03,216,48,0,1.53,1.36428571428405,1.26285714285664,1.44800000000008,0.101428571427407,146.37,53,17.7070165745856,0
"2845","CHEMAINUS RIVER",2008,2008-08-04,217,49,0,1.39,1.40571428571794,1.27500000000249,1.42466666666636,0.13071428571545,147.76,54,17.7070165745856,0
"2846","CHEMAINUS RIVER",2008,2008-08-05,218,50,0,1.28,1.42142857142192,1.28142857142874,1.3929999999993,0.139999999993181,149.04,55,17.7070165745856,0
"2847","CHEMAINUS RIVER",2008,2008-08-06,219,51,0,1.2,1.39999999999834,1.28357142856943,1.36666666666667,0.116428571428904,150.24,56,17.7070165745856,0
"2848","CHEMAINUS RIVER",2008,2008-08-07,220,52,0,1.13,1.36999999999534,1.28214285714369,1.34366666666659,0.0878571428516548,151.37,57,17.7070165745856,0
"2849","CHEMAINUS RIVER",2008,2008-08-08,221,53,0,1.08,1.31857142857708,1.27857142857309,1.32166666666744,0.0400000000039915,152.45,58,17.7070165745856,0
"2850","CHEMAINUS RIVER",2008,2008-08-09,222,54,0,1.05,1.2371428571392,1.27285714285764,1.30100000000093,-0.0357142857184434,153.5,59,17.7070165745856,0
"2851","CHEMAINUS RIVER",2008,2008-08-10,223,55,0,1.05,1.16857142857043,1.26642857142724,1.28299999999969,-0.0978571428568102,154.55,60,17.7070165745856,0
"2852","CHEMAINUS RIVER",2008,2008-08-11,224,56,0,1.06,1.12142857142525,1.26357142857159,1.26666666666667,-0.14214285714635,155.61,61,17.7070165745856,0
"2853","CHEMAINUS RIVER",2008,2008-08-12,225,57,0,1.04,1.08714285714918,1.25428571428555,1.25033333333364,-0.167142857136371,156.65,62,17.7070165745856,0
"2854","CHEMAINUS RIVER",2008,2008-08-13,226,58,0,1.02,1.06142857142757,1.23071428571296,1.23466666666597,-0.169285714285382,157.67,63,17.7070165745856,0
"2855","CHEMAINUS RIVER",2008,2008-08-14,227,59,0,0.981,1.04014285714532,1.20507142857033,1.21903333333321,-0.164928571425013,158.651,64,17.7070165745856,0
"2856","CHEMAINUS RIVER",2008,2008-08-15,228,60,0,0.952,1.02185714285588,1.17021428571648,1.20443333333436,-0.148357142860602,159.603,65,17.7070165745856,0
"2857","CHEMAINUS RIVER",2008,2008-08-16,229,61,0,0.922,1.00357142857475,1.12035714285698,1.19016666666721,-0.116785714282222,160.525,66,17.7070165745856,0
"2858","CHEMAINUS RIVER",2008,2008-08-17,230,62,0,0.894,0.981285714286579,1.0749285714285,1.17596666666601,-0.0936428571419258,161.419,67,17.7070165745856,0
"2859","CHEMAINUS RIVER",2008,2008-08-18,231,63,0,0.874,0.954714285717013,1.03807142857113,1.1621000000004,-0.0833571428541161,162.293,68,17.7070165745856,0
"2860","CHEMAINUS RIVER",2008,2008-08-19,232,64,0,0.861,0.929142857136737,1.00814285714296,1.14879999999927,-0.0790000000062199,163.154,69,17.7070165745856,0
"2861","CHEMAINUS RIVER",2008,2008-08-20,233,65,0,1.09,0.93914285714605,1.00028571428681,1.14446666666772,-0.0611428571407617,164.244,70,17.7070165745856,0
"2862","CHEMAINUS RIVER",2008,2008-08-21,234,66,0,1.28,0.981857142851888,1.0109999999986,1.14746666666664,-0.0291428571467155,165.524,71,17.7070165745856,0
"2863","CHEMAINUS RIVER",2008,2008-08-22,235,67,0,1.46,1.05442857142771,1.03814285714179,1.1571333333326,0.0162857142859139,166.984,72,17.7070165745856,0
"2864","CHEMAINUS RIVER",2008,2008-08-23,236,68,0,1.35,1.11557142856431,1.05957142856953,1.16379999999966,0.055999999994778,168.334,73,17.7070165745856,0
"2865","CHEMAINUS RIVER",2008,2008-08-24,237,69,0,1.42,1.19071428571728,1.08600000000193,1.17346666666757,0.10471428571535,169.754,74,17.7070165745856,0
"2866","CHEMAINUS RIVER",2008,2008-08-25,238,70,0,1.97,1.34728571428319,1.1510000000001,1.20146666666648,0.196285714283087,171.724,75,17.7070165745856,0
"2867","CHEMAINUS RIVER",2008,2008-08-26,239,71,0,1.73,1.47142857143522,1.20028571428598,1.221133333334,0.271142857149243,173.454,76,17.7070165745856,0
"2868","CHEMAINUS RIVER",2008,2008-08-27,240,72,0,1.75,1.56571428571728,1.25242857143166,1.24280000000144,0.313285714285614,175.204,77,17.7070165745856,0
"2869","CHEMAINUS RIVER",2008,2008-08-28,241,73,0,2.26,1.70571428571462,1.34378571428325,1.27913333333175,0.361928571431365,177.464,78,17.7070165745856,0
"2870","CHEMAINUS RIVER",2008,2008-08-29,242,74,0,2.14,1.80285714285648,1.42864285714209,1.30546666666633,0.374214285714386,179.604,79,17.7070165745856,0
"2871","CHEMAINUS RIVER",2008,2008-08-30,243,75,0,2.42,1.95571428571462,1.53564285713946,1.34146666666493,0.420071428575154,182.024,80,17.7070165745856,0
"2872","CHEMAINUS RIVER",2008,2008-08-31,244,76,0,2.03,2.04285714285548,1.61678571428638,1.36113333333439,0.4260714285691,184.054,81,17.7070165745856,0
"2873","CHEMAINUS RIVER",2008,2008-09-01,245,77,0,1.78,2.01571428571229,1.68149999999774,1.36646666666493,0.334214285714552,185.834,82,17.7070165745856,0
"2874","CHEMAINUS RIVER",2008,2008-09-02,246,78,0,1.63,2.00142857142159,1.73642857142841,1.36979999999943,0.264999999993182,187.464,83,17.7070165745856,0
"2875","CHEMAINUS RIVER",2008,2008-09-03,247,79,0,1.53,1.96999999999701,1.76785714285714,1.37446666666656,0.202142857139864,188.994,84,17.7070165745856,0
"2876","CHEMAINUS RIVER",2008,2008-09-04,248,80,1,1.45,1.85428571429137,1.78000000000299,1.38013333333462,0.074285714288375,190.444,85,17.7070165745856,0
"2877","CHEMAINUS RIVER",2009,2009-06-18,169,1,0,1.59,1.89571428571695,2.36785714285881,5.0890000000014,-0.472142857141859,1.59,41,13.9213812154696,0
"2878","CHEMAINUS RIVER",2009,2009-06-19,170,2,0,1.48,1.79428571428538,2.23571428571345,4.76166666666589,-0.441428571428072,3.07,42,13.9213812154696,0
"2879","CHEMAINUS RIVER",2009,2009-06-20,171,3,0,1.38,1.69857142857342,2.10857142857276,4.48033333333442,-0.409999999999335,4.45,43,13.9213812154696,0
"2880","CHEMAINUS RIVER",2009,2009-06-21,172,4,0,1.35,1.60571428571296,1.98928571428405,4.21999999999922,-0.383571428571096,5.8,44,13.9213812154696,0
"2881","CHEMAINUS RIVER",2009,2009-06-22,173,5,0,1.36,1.5242857142917,1.87857142857475,3.96466666666674,-0.354285714283053,7.16,45,13.9213812154696,0
"2882","CHEMAINUS RIVER",2009,2009-06-23,174,6,0,1.27,1.44857142857342,1.77857142856893,3.70399999999984,-0.32999999999551,8.43,46,13.9213812154696,0
"2883","CHEMAINUS RIVER",2009,2009-06-24,175,7,0,1.46,1.41285714285914,1.70857142857026,3.45399999999984,-0.295714285711126,9.89,47,13.9213812154696,0
"2884","CHEMAINUS RIVER",2009,2009-06-25,176,8,0,2.44,1.53428571428438,1.71500000000067,3.22166666666744,-0.180714285716282,12.33,48,13.9213812154696,0
"2885","CHEMAINUS RIVER",2009,2009-06-26,177,9,0,2.55,1.68714285714252,1.74071428571395,2.99733333333279,-0.0535714285714286,14.88,49,13.9213812154696,0
"2886","CHEMAINUS RIVER",2009,2009-06-27,178,10,0,1.9,1.7614285714309,1.73000000000216,2.82699999999992,0.0314285714287377,16.78,50,13.9213812154696,0
"2887","CHEMAINUS RIVER",2009,2009-06-28,179,11,0,1.66,1.80571428571628,1.70571428571462,2.66566666666574,0.100000000001663,18.44,51,13.9213812154696,0
"2888","CHEMAINUS RIVER",2009,2009-06-29,180,12,0,1.48,1.82285714285016,1.67357142857093,2.49933333333271,0.149285714279228,19.92,52,13.9213812154696,0
"2889","CHEMAINUS RIVER",2009,2009-06-30,181,13,0,1.34,1.83285714285947,1.64071428571645,2.35599999999977,0.192142857143023,21.26,53,13.9213812154696,0
"2890","CHEMAINUS RIVER",2009,2009-07-01,182,14,0,1.2,1.79571428571528,1.60428571428721,2.22366666666737,0.191428571428072,22.46,54,13.9213812154696,0
"2891","CHEMAINUS RIVER",2009,2009-07-02,183,15,0,1.13,1.60857142857276,1.57142857142857,2.10633333333341,0.0371428571441876,23.59,55,13.9213812154696,0
"2892","CHEMAINUS RIVER",2009,2009-07-03,184,16,0,1.06,1.39571428571695,1.54142857142974,2.00033333333364,-0.145714285712789,24.65,56,13.9213812154696,0
"2893","CHEMAINUS RIVER",2009,2009-07-04,185,17,0,0.975,1.26357142856744,1.51249999999917,1.90616666666659,-0.248928571431731,25.625,57,13.9213812154696,0
"2894","CHEMAINUS RIVER",2009,2009-07-05,186,18,0,0.909,1.15628571428325,1.48099999999977,1.82546666666555,-0.324714285716514,26.534,58,13.9213812154696,0
"2895","CHEMAINUS RIVER",2009,2009-07-06,187,19,0,0.865,1.06842857142744,1.4456428571388,1.74896666666609,-0.377214285711359,27.399,59,13.9213812154696,0
"2896","CHEMAINUS RIVER",2009,2009-07-07,188,20,0,0.87,1.00128571428857,1.41707142857402,1.67730000000059,-0.415785714285448,28.269,60,13.9213812154696,0
"2897","CHEMAINUS RIVER",2009,2009-07-08,189,21,0,0.999,0.972571428565841,1.38414285714056,1.61359999999986,-0.411571428574721,29.268,61,13.9213812154696,0
"2898","CHEMAINUS RIVER",2009,2009-07-09,190,22,0,1.19,0.981142857136937,1.29485714285485,1.56426666666521,-0.313714285717911,30.458,62,13.9213812154696,0
"2899","CHEMAINUS RIVER",2009,2009-07-10,191,23,0,1.2,1.00114285713893,1.19842857142794,1.52293333333218,-0.197285714289007,31.658,63,13.9213812154696,0
"2900","CHEMAINUS RIVER",2009,2009-07-11,192,24,0,1.04,1.01042857142498,1.13699999999621,1.4792666666656,-0.126571428571229,32.698,64,13.9213812154696,0
"2901","CHEMAINUS RIVER",2009,2009-07-12,193,25,0,0.918,1.01171428571355,1.0839999999984,1.43686666666569,-0.0722857142848494,33.616,65,13.9213812154696,0
"2902","CHEMAINUS RIVER",2009,2009-07-13,194,26,0,0.842,1.00842857142977,1.0384285714286,1.39659999999955,-0.0299999999988358,34.458,66,13.9213812154696,0
"2903","CHEMAINUS RIVER",2009,2009-07-14,195,27,0,0.799,0.998285714279128,0.999785714283852,1.35656666666619,-0.00150000000472317,35.257,67,13.9213812154696,0
"2904","CHEMAINUS RIVER",2009,2009-07-15,196,28,0,0.763,0.964571428576684,0.968571428571262,1.3176666666676,-0.00399999999457834,36.02,68,13.9213812154696,0
"2905","CHEMAINUS RIVER",2009,2009-07-16,197,29,0,0.73,0.898857142859405,0.939999999998171,1.2820000000007,-0.041142857138766,36.75,69,13.9213812154696,0
"2906","CHEMAINUS RIVER",2009,2009-07-17,198,30,0,0.69,0.826000000000931,0.913571428569932,1.24800000000008,-0.0875714285690005,37.44,70,13.9213812154696,0
"2907","CHEMAINUS RIVER",2009,2009-07-18,199,31,0,0.644,0.769428571436687,0.889928571430833,1.21646666666687,-0.120499999994146,38.084,71,13.9213812154696,0
"2908","CHEMAINUS RIVER",2009,2009-07-19,200,32,0,0.616,0.726285714290238,0.869000000001896,1.18766666666682,-0.142714285711658,38.7,72,13.9213812154696,0
"2909","CHEMAINUS RIVER",2009,2009-07-20,201,33,0,0.58,0.688857142863396,0.848642857146582,1.16100000000054,-0.159785714283186,39.28,73,13.9213812154696,0
"2910","CHEMAINUS RIVER",2009,2009-07-21,202,34,0,0.55,0.653285714290437,0.825785714284783,1.13433333333426,-0.172499999994346,39.83,74,13.9213812154696,0
"2911","CHEMAINUS RIVER",2009,2009-07-22,203,35,0,0.514,0.617714285709163,0.791142857142924,1.10613333333167,-0.17342857143376,40.344,75,13.9213812154696,0
"2912","CHEMAINUS RIVER",2009,2009-07-23,204,36,0,0.486,0.582857142859471,0.740857142859438,1.08000000000078,-0.157999999999967,40.83,76,13.9213812154696,0
"2913","CHEMAINUS RIVER",2009,2009-07-24,205,37,0,0.481,0.552999999997805,0.689499999999368,1.04736666666577,-0.136500000001563,41.311,77,13.9213812154696,0
"2914","CHEMAINUS RIVER",2009,2009-07-25,206,38,0,0.464,0.527285714284517,0.648357142860602,0.981500000000233,-0.121071428576085,41.775,78,13.9213812154696,0
"2915","CHEMAINUS RIVER",2009,2009-07-26,207,39,0,0.473,0.50685714285854,0.616571428574389,0.912266666667225,-0.109714285715849,42.248,79,13.9213812154696,0
"2916","CHEMAINUS RIVER",2009,2009-07-27,208,40,0,0.446,0.487714285712822,0.588285714288109,0.863799999999659,-0.100571428575287,42.694,80,13.9213812154696,0
"2917","CHEMAINUS RIVER",2009,2009-07-28,209,41,0,0.42,0.469142857140728,0.561214285715583,0.822466666666636,-0.0920714285748546,43.114,81,13.9213812154696,0
"2918","CHEMAINUS RIVER",2009,2009-07-29,210,42,0,0.391,0.451571428574555,0.534642857141859,0.786166666667365,-0.0830714285673042,43.505,82,13.9213812154696,0
"2919","CHEMAINUS RIVER",2009,2009-07-30,211,43,0,0.376,0.43585714285395,0.50935714285671,0.754033333332821,-0.0735000000027606,43.881,83,13.9213812154696,0
"2920","CHEMAINUS RIVER",2009,2009-07-31,212,44,0,0.346,0.41657142857522,0.484785714286513,0.725566666666418,-0.0682142857112922,44.227,84,13.9213812154696,0
"2921","CHEMAINUS RIVER",2009,2009-08-01,213,45,0,0.334,0.397999999994811,0.462642857139664,0.699033333332045,-0.0646428571448528,44.561,85,13.9213812154696,0
"2922","CHEMAINUS RIVER",2009,2009-08-02,214,46,0,0.345,0.379714285713687,0.443285714286113,0.675199999999798,-0.0635714285724264,44.906,86,13.9213812154696,0
"2923","CHEMAINUS RIVER",2009,2009-08-03,215,47,0,0.364,0.368000000000133,0.427857142856478,0.654833333333954,-0.0598571428563446,45.27,87,13.9213812154696,0
"2924","CHEMAINUS RIVER",2009,2009-08-04,216,48,0,0.351,0.358142857140462,0.413642857140595,0.636233333333318,-0.0555000000001331,45.621,88,13.9213812154696,0
"2925","CHEMAINUS RIVER",2009,2009-08-05,217,49,0,0.351,0.35242857142917,0.402000000001863,0.619100000001102,-0.0495714285726925,45.972,89,13.9213812154696,0
"2926","CHEMAINUS RIVER",2009,2009-08-06,218,50,0,0.349,0.348571428571761,0.392214285712855,0.601733333332231,-0.0436428571410943,46.321,90,13.9213812154696,0
"2927","CHEMAINUS RIVER",2009,2009-08-07,219,51,0,0.31,0.343428571425777,0.380000000000499,0.57876666666707,-0.0365714285747215,46.631,91,13.9213812154696,0
"2928","CHEMAINUS RIVER",2009,2009-08-08,220,52,0,0.297,0.338142857146782,0.368071428570797,0.549000000001009,-0.0299285714240146,46.928,92,13.9213812154696,0
"2929","CHEMAINUS RIVER",2009,2009-08-09,221,53,0,0.307,0.332714285709829,0.356214285711758,0.519233333333007,-0.0235000000019291,47.235,93,13.9213812154696,0
"2930","CHEMAINUS RIVER",2009,2009-08-10,222,54,0,0.336,0.328714285711093,0.348357142855613,0.495766666667381,-0.0196428571445202,47.571,94,13.9213812154696,0
"2931","CHEMAINUS RIVER",2009,2009-08-11,223,55,0,0.396,0.335142857145651,0.346642857143057,0.478366666667474,-0.0114999999974056,47.967,95,13.9213812154696,0
"2932","CHEMAINUS RIVER",2009,2009-08-12,224,56,0,0.44,0.34785714285681,0.35014285714299,0.464966666667412,-0.00228571428617996,48.407,96,13.9213812154696,0
"2933","CHEMAINUS RIVER",2009,2009-08-13,225,57,0,0.507,0.37042857142764,0.359499999999701,0.455233333333551,0.0109285714279395,48.914,97,13.9213812154696,0
"2934","CHEMAINUS RIVER",2009,2009-08-14,226,58,0,0.569,0.407428571430501,0.375428571428139,0.448766666666294,0.0320000000023616,49.483,98,13.9213812154696,0
"2935","CHEMAINUS RIVER",2009,2009-08-15,227,59,0,0.601,0.450857142859604,0.394500000003193,0.444466666667722,0.0563571428564111,50.084,99,13.9213812154696,0
"2936","CHEMAINUS RIVER",2009,2009-08-16,228,60,0,0.565,0.487714285712822,0.410214285711325,0.440299999999115,0.0775000000014968,50.649,100,13.9213812154696,0
"2937","CHEMAINUS RIVER",2009,2009-08-17,229,61,0,0.502,0.5114285714309,0.420071428570996,0.43556666666603,0.0913571428599035,51.151,101,13.9213812154696,0
"2938","CHEMAINUS RIVER",2009,2009-08-18,230,62,0,0.465,0.521285714282255,0.428214285713953,0.430533333332278,0.093071428568302,51.616,102,13.9213812154696,0
"2939","CHEMAINUS RIVER",2009,2009-08-19,231,63,0,0.424,0.518999999996075,0.433428571426443,0.425333333331704,0.0855714285696325,52.04,103,13.9213812154696,0
"2940","CHEMAINUS RIVER",2009,2009-08-20,232,64,0,0.388,0.502000000003526,0.436214285715583,0.419933333333271,0.0657857142879428,52.428,104,13.9213812154696,0
"2941","CHEMAINUS RIVER",2009,2009-08-21,233,65,0,0.349,0.47057142857063,0.439000000000565,0.41443333333397,0.0315714285700648,52.777,105,13.9213812154696,0
"2942","CHEMAINUS RIVER",2009,2009-08-22,234,66,0,0.33,0.431857142855214,0.441357142857409,0.409233333333395,-0.00950000000219525,53.107,106,13.9213812154696,0
"2943","CHEMAINUS RIVER",2009,2009-08-23,235,67,0,0.324,0.397428571429503,0.442571428571162,0.403999999999845,-0.0451428571416597,53.431,107,13.9213812154696,0
"2944","CHEMAINUS RIVER",2009,2009-08-24,236,68,0,0.312,0.370285714286313,0.440857142858606,0.398933333333116,-0.0705714285722934,53.743,108,13.9213812154696,0
"2945","CHEMAINUS RIVER",2009,2009-08-25,237,69,0,0.303,0.347142857150175,0.434214285716215,0.393266666666993,-0.0870714285660402,54.046,109,13.9213812154696,0
"2946","CHEMAINUS RIVER",2009,2009-08-26,238,70,0,0.302,0.329714285717013,0.424357142856544,0.388466666666015,-0.094642857139531,54.348,110,13.9213812154696,0
"2947","CHEMAINUS RIVER",2009,2009-08-27,239,71,0,0.305,0.317857142853817,0.409928571428671,0.384633333332992,-0.0920714285748545,54.653,111,13.9213812154696,0
"2948","CHEMAINUS RIVER",2009,2009-08-28,240,72,0,0.281,0.308142857143788,0.389357142857209,0.380966666666791,-0.0812142857134209,54.934,112,13.9213812154696,0
"2949","CHEMAINUS RIVER",2009,2009-08-29,241,73,0,0.277,0.300571428570298,0.366214285712756,0.37766666666721,-0.065642857142458,55.211,113,13.9213812154696,0
"2950","CHEMAINUS RIVER",2009,2009-08-30,242,74,0,0.276,0.293714285720073,0.345571428574788,0.375333333333644,-0.0518571428547148,55.487,114,13.9213812154696,0
"2951","CHEMAINUS RIVER",2009,2009-08-31,243,75,0,0.268,0.287428571426842,0.328857142856577,0.373133333333923,-0.0414285714297356,55.755,115,13.9213812154696,0
"2952","CHEMAINUS RIVER",2009,2009-09-01,244,76,0,0.263,0.281714285707234,0.314428571428704,0.37039999999882,-0.0327142857214702,56.018,116,13.9213812154696,0
"2953","CHEMAINUS RIVER",2009,2009-09-02,245,77,0,0.261,0.275857142854615,0.302785714285814,0.366966666665394,-0.0269285714311991,56.279,117,13.9213812154696,0
"2954","CHEMAINUS RIVER",2009,2009-09-03,246,78,0,0.276,0.271714285714552,0.294785714284184,0.364466666666946,-0.0230714285696325,56.555,118,13.9213812154696,0
"2955","CHEMAINUS RIVER",2009,2009-09-04,247,79,0,0.284,0.272142857138533,0.290142857141161,0.362233333332309,-0.0180000000026276,56.839,119,13.9213812154696,0
"2956","CHEMAINUS RIVER",2009,2009-09-05,248,80,0,0.304,0.275999999995942,0.28828571428312,0.360733333332852,-0.0122857142871778,57.143,120,13.9213812154696,0
"2957","CHEMAINUS RIVER",2009,2009-09-06,249,81,0,0.424,0.29714285713687,0.295428571428472,0.364533333332899,0.00171428570839843,57.567,121,13.9213812154696,0
"2958","CHEMAINUS RIVER",2009,2009-09-07,250,82,0,0.65,0.351714285714219,0.319571428570531,0.376299999999659,0.0321428571436887,58.217,122,13.9213812154696,0
"2959","CHEMAINUS RIVER",2009,2009-09-08,251,83,0,0.591,0.39857142857675,0.340142857141992,0.385766666667769,0.0584285714347581,58.808,123,13.9213812154696,0
"2960","CHEMAINUS RIVER",2009,2009-09-09,252,84,0,1.19,0.531285714291568,0.403571428573092,0.414233333334172,0.127714285718477,59.998,124,13.9213812154696,0
"2961","CHEMAINUS RIVER",2009,2009-09-10,253,85,0,2.82,0.894714285719341,0.583214285716947,0.49503333333414,0.311500000002395,62.818,125,13.9213812154696,0
"2962","CHEMAINUS RIVER",2009,2009-09-11,254,86,0,1.43,1.05842857143476,0.665285714286646,0.52803333333383,0.393142857148112,64.248,126,13.9213812154696,0
"2963","CHEMAINUS RIVER",2009,2009-09-12,255,87,0,0.982,1.15528571428565,0.715642857140795,0.543866666666387,0.439642857144853,65.23,127,13.9213812154696,0
"2964","CHEMAINUS RIVER",2009,2009-09-13,256,88,0,0.782,1.20642857142957,0.75178571428322,0.550966666666015,0.45464285714635,66.012,128,13.9213812154696,0
"2965","CHEMAINUS RIVER",2009,2009-09-14,257,89,0,0.637,1.20457142856737,0.778142857140795,0.552166666664804,0.426428571426576,66.649,129,13.9213812154696,0
"2966","CHEMAINUS RIVER",2009,2009-09-15,258,90,0,0.54,1.19728571428485,0.7979285714308,0.551333333334575,0.399357142854049,67.189,130,13.9213812154696,0
"2967","CHEMAINUS RIVER",2009,2009-09-16,259,91,0,0.484,1.09642857142691,0.813857142859238,0.55073333333324,0.28257142856767,67.673,131,13.9213812154696,0
"2968","CHEMAINUS RIVER",2009,2009-09-17,260,92,0,0.461,0.759428571427374,0.827071428573358,0.550600000001335,-0.0676428571459837,68.134,132,13.9213812154696,0
"2969","CHEMAINUS RIVER",2009,2009-09-18,261,93,0,0.423,0.615571428572626,0.837000000003692,0.550566666668359,-0.221428571431066,68.557,133,13.9213812154696,0
"2970","CHEMAINUS RIVER",2009,2009-09-19,262,94,0,0.467,0.541999999999202,0.848642857142425,0.553199999998712,-0.306642857143223,69.024,134,13.9213812154696,0
"2971","CHEMAINUS RIVER",2009,2009-09-20,263,95,0,0.465,0.496714285716215,0.851571428572892,0.557066666666651,-0.354857142856677,69.489,135,13.9213812154696,0
"2972","CHEMAINUS RIVER",2009,2009-09-21,264,96,0,0.437,0.468142857143123,0.836357142855247,0.560633333331983,-0.368214285712124,69.926,136,13.9213812154696,0
"2973","CHEMAINUS RIVER",2009,2009-09-22,265,97,0,0.423,0.451428571424913,0.824357142854881,0.563933333333504,-0.372928571429968,70.349,137,13.9213812154696,0
"2974","CHEMAINUS RIVER",2009,2009-09-23,266,98,0,0.395,0.438714285713754,0.767571428570331,0.566699999999643,-0.328857142856577,70.744,138,13.9213812154696,0
"2975","CHEMAINUS RIVER",2009,2009-09-24,267,99,0,0.369,0.425571428570298,0.592499999998836,0.568899999999364,-0.166928571428538,71.113,139,13.9213812154696,0
"2976","CHEMAINUS RIVER",2009,2009-09-25,268,100,0,0.352,0.415428571427973,0.515500000000299,0.570566666667582,-0.100071428572327,71.465,140,13.9213812154696,0
"2977","CHEMAINUS RIVER",2009,2009-09-26,269,101,0,0.34,0.397285714288176,0.469642857143689,0.571733333333395,-0.072357142855513,71.805,141,13.9213812154696,0
"2978","CHEMAINUS RIVER",2009,2009-09-27,270,102,0,0.331,0.378142857142458,0.437428571429336,0.573399999999674,-0.0592857142868785,72.136,142,13.9213812154696,0
"2979","CHEMAINUS RIVER",2009,2009-09-28,271,103,0,0.325,0.362142857147514,0.415142857145319,0.575,-0.0529999999978047,72.461,143,13.9213812154696,0
"2980","CHEMAINUS RIVER",2009,2009-09-29,272,104,0,0.421,0.361857142856544,0.406642857140728,0.579833333332014,-0.0447857142841843,72.882,144,13.9213812154696,0
"2981","CHEMAINUS RIVER",2009,2009-09-30,273,105,0,0.486,0.374857142858673,0.406785714286213,0.587100000000404,-0.0319285714275403,73.368,145,13.9213812154696,0
"2982","CHEMAINUS RIVER",2009,2009-10-01,274,106,0,0.466,0.38871428571708,0.407142857143689,0.593866666668328,-0.018428571426609,73.834,146,13.9213812154696,0
"2983","CHEMAINUS RIVER",2009,2009-10-02,275,107,0,0.459,0.403999999997073,0.409714285712523,0.600466666667489,-0.00571428571544985,74.293,147,13.9213812154696,0
"2984","CHEMAINUS RIVER",2009,2009-10-03,276,108,0,0.447,0.419285714285382,0.408285714286779,0.606166666666589,0.010999999998603,74.74,148,13.9213812154696,0
"2985","CHEMAINUS RIVER",2009,2009-10-04,277,109,0,0.447,0.43585714285395,0.406999999998204,0.611599999999938,0.0288571428557459,75.187,149,13.9213812154696,0
"2986","CHEMAINUS RIVER",2009,2009-10-05,278,110,0,0.436,0.451714285715882,0.406928571431698,0.616000000001319,0.0447857142841843,75.623,150,13.9213812154696,0
"2987","CHEMAINUS RIVER",2009,2009-10-06,279,111,0,0.428,0.452714285713487,0.407285714285016,0.616133333333225,0.0454285714284716,76.051,151,13.9213812154696,0
"2988","CHEMAINUS RIVER",2009,2009-10-07,280,112,0,0.411,0.441999999997539,0.408428571428106,0.608166666666511,0.0335714285694328,76.462,152,13.9213812154696,0
"2989","CHEMAINUS RIVER",2009,2009-10-08,281,113,1,0.397,0.432142857137868,0.410428571427474,0.601699999999255,0.0217142857103941,76.859,153,13.9213812154696,0
"2990","CHEMAINUS RIVER",2011,2011-06-18,169,1,0,11.3,12.3571428571429,16.8285714285739,19.6300000000008,-4.47142857143107,11.3,11,27.3961878453039,0
"2991","CHEMAINUS RIVER",2011,2011-06-19,170,2,0,11.1,11.8142857142874,15.9357142857126,19.1800000000008,-4.12142857142524,22.4,12,27.3961878453039,0
"2992","CHEMAINUS RIVER",2011,2011-06-20,171,3,0,10.3,11.2714285714236,14.8785714285706,18.5733333333337,-3.60714285714701,32.7,13,27.3961878453039,0
"2993","CHEMAINUS RIVER",2011,2011-06-21,172,4,0,9.75,10.6214285714252,13.7607142857118,18.0849999999996,-3.13928571428655,42.45,14,27.3961878453039,0
"2994","CHEMAINUS RIVER",2011,2011-06-22,173,5,0,10.2,10.4500000000033,13.0321428571437,17.7083333333333,-2.58214285714036,52.65,15,27.3961878453039,0
"2995","CHEMAINUS RIVER",2011,2011-06-23,174,6,0,10.1,10.449999999995,12.2678571428571,17.3416666666667,-1.81785714286213,62.75,16,27.3961878453039,0
"2996","CHEMAINUS RIVER",2011,2011-06-24,175,7,0,8.21,10.1371428571459,11.5757142857141,16.9386666666658,-1.43857142856827,70.96,17,27.3961878453039,0
"2997","CHEMAINUS RIVER",2011,2011-06-25,176,8,0,7.52,9.59714285714186,10.9771428571424,16.3460000000002,-1.3800000000005,78.48,18,27.3961878453039,0
"2998","CHEMAINUS RIVER",2011,2011-06-26,177,9,0,7.1,9.02571428571329,10.4200000000003,15.7860000000005,-1.39428571428704,85.58,19,27.3961878453039,0
"2999","CHEMAINUS RIVER",2011,2011-06-27,178,10,0,6.9,8.54000000000399,9.90571428571379,15.2726666666664,-1.3657142857098,92.48,20,27.3961878453039,0
"3000","CHEMAINUS RIVER",2011,2011-06-28,179,11,0,7.41,8.20571428571462,9.41357142856993,14.8730000000001,-1.20785714285531,99.89,21,27.3961878453039,0
"3001","CHEMAINUS RIVER",2011,2011-06-29,180,12,0,7.68,7.84571428571196,9.14785714285764,14.3823333333324,-1.30214285714569,107.57,22,27.3961878453039,0
"3002","CHEMAINUS RIVER",2011,2011-06-30,181,13,0,7.22,7.43428571429104,8.94214285714302,13.9963333333338,-1.50785714285199,114.79,23,27.3961878453039,0
"3003","CHEMAINUS RIVER",2011,2011-07-01,182,14,0,5.79,7.08857142857076,8.61285714285831,13.5226666666664,-1.52428571428754,120.58,24,27.3961878453039,0
"3004","CHEMAINUS RIVER",2011,2011-07-02,183,15,0,5.18,6.75428571428139,8.17571428571162,12.9753333333336,-1.42142857143023,125.76,25,27.3961878453039,0
"3005","CHEMAINUS RIVER",2011,2011-07-03,184,16,0,5.27,6.49285714285881,7.75928571428605,12.4676666666676,-1.26642857142724,131.03,26,27.3961878453039,0
"3006","CHEMAINUS RIVER",2011,2011-07-04,185,17,0,5.2,6.25,7.395000000002,12.0176666666676,-1.145000000002,136.23,27,27.3961878453039,0
"3007","CHEMAINUS RIVER",2011,2011-07-05,186,18,0,4.65,5.85571428571296,7.03071428571379,11.3859999999986,-1.17500000000083,140.88,28,27.3961878453039,0
"3008","CHEMAINUS RIVER",2011,2011-07-06,187,19,0,4.61,5.41714285714053,6.63142857142624,10.7029999999989,-1.21428571428571,145.49,29,27.3961878453039,0
"3009","CHEMAINUS RIVER",2011,2011-07-07,188,20,0,4.72,5.05999999999767,6.24714285714435,10.0136666666658,-1.18714285714668,150.21,30,27.3961878453039,0
"3010","CHEMAINUS RIVER",2011,2011-07-08,189,21,0,4.17,4.82857142856977,5.95857142857026,9.47266666666643,-1.1300000000005,154.38,31,27.3961878453039,0
"3011","CHEMAINUS RIVER",2011,2011-07-09,190,22,0,3.54,4.59428571429037,5.67428571428588,8.89733333333473,-1.07999999999551,157.92,32,27.3961878453039,0
"3012","CHEMAINUS RIVER",2011,2011-07-10,191,23,0,3.17,4.29428571428538,5.39357142857209,8.40633333333341,-1.09928571428671,161.09,33,27.3961878453039,0
"3013","CHEMAINUS RIVER",2011,2011-07-11,192,24,0,3.01,3.98142857142791,5.11571428571395,7.97666666666628,-1.13428571428605,164.1,34,27.3961878453039,0
"3014","CHEMAINUS RIVER",2011,2011-07-12,193,25,0,2.94,3.73714285714751,4.79642857143023,7.57800000000085,-1.05928571428272,167.04,35,27.3961878453039,0
"3015","CHEMAINUS RIVER",2011,2011-07-13,194,26,0,2.95,3.5,4.45857142857026,7.20633333333147,-0.958571428570265,169.99,36,27.3961878453039,0
"3016","CHEMAINUS RIVER",2011,2011-07-14,195,27,0,3.01,3.25571428571129,4.15785714285448,6.82999999999884,-0.90214285714319,173,37,27.3961878453039,0
"3017","CHEMAINUS RIVER",2011,2011-07-15,196,28,0,3.09,3.10142857143157,3.96500000000067,6.55300000000085,-0.8635714285691,176.09,38,27.3961878453039,0
"3018","CHEMAINUS RIVER",2011,2011-07-16,197,29,0,3.84,3.14428571427873,3.86928571428455,6.34433333333194,-0.725000000005821,179.93,39,27.3961878453039,0
"3019","CHEMAINUS RIVER",2011,2011-07-17,198,30,0,5.5,3.4771428571382,3.88571428571179,6.18099999999977,-0.408571428573591,185.43,40,27.3961878453039,0
"3020","CHEMAINUS RIVER",2011,2011-07-18,199,31,0,4.17,3.64285714285714,3.81214285714252,5.94333333333295,-0.169285714285382,189.6,41,27.3961878453039,0
"3021","CHEMAINUS RIVER",2011,2011-07-19,200,32,0,3.59,3.7357142857093,3.73642857142841,5.6929999999993,-0.000714285719108698,193.19,42,27.3961878453039,0
"3022","CHEMAINUS RIVER",2011,2011-07-20,201,33,0,3.14,3.7628571428608,3.6314285714304,5.45433333333349,0.131428571430401,196.33,43,27.3961878453039,0
"3023","CHEMAINUS RIVER",2011,2011-07-21,202,34,0,2.9,3.74714285714851,3.5014285714299,5.22600000000093,0.24571428571861,199.23,44,27.3961878453039,0
"3024","CHEMAINUS RIVER",2011,2011-07-22,203,35,0,2.73,3.69571428571362,3.39857142857259,4.97699999999992,0.297142857141028,201.96,45,27.3961878453039,0
"3025","CHEMAINUS RIVER",2011,2011-07-23,204,36,0,2.49,3.5028571428598,3.32357142856927,4.72333333333372,0.179285714290537,204.45,46,27.3961878453039,0
"3026","CHEMAINUS RIVER",2011,2011-07-24,205,37,0,2.27,3.04142857143389,3.25928571428605,4.52533333333364,-0.217857142852154,206.72,47,27.3961878453039,0
"3027","CHEMAINUS RIVER",2011,2011-07-25,206,38,0,2.17,2.75571428571129,3.19928571428422,4.34699999999915,-0.443571428572926,208.89,48,27.3961878453039,0
"3028","CHEMAINUS RIVER",2011,2011-07-26,207,39,0,2.1,2.54285714285548,3.13928571428239,4.18033333333248,-0.596428571426908,210.99,49,27.3961878453039,0
"3029","CHEMAINUS RIVER",2011,2011-07-27,208,40,0,1.98,2.37714285714485,3.07000000000283,4.01633333333302,-0.692857142857974,212.97,50,27.3961878453039,0
"3030","CHEMAINUS RIVER",2011,2011-07-28,209,41,0,1.84,2.2257142857083,2.98642857142841,3.83066666666612,-0.760714285720106,214.81,51,27.3961878453039,0
"3031","CHEMAINUS RIVER",2011,2011-07-29,210,42,0,1.77,2.08857142857076,2.89214285714219,3.63366666666698,-0.803571428571429,216.58,52,27.3961878453039,0
"3032","CHEMAINUS RIVER",2011,2011-07-30,211,43,0,1.73,1.979999999998,2.7414285714289,3.45066666666535,-0.7614285714309,218.31,53,27.3961878453039,0
"3033","CHEMAINUS RIVER",2011,2011-07-31,212,44,0,1.62,1.88714285713754,2.46428571428571,3.31166666666589,-0.577142857148179,219.93,54,27.3961878453039,0
"3034","CHEMAINUS RIVER",2011,2011-08-01,213,45,0,1.58,1.80285714285648,2.27928571428388,3.19166666666667,-0.476428571427407,221.51,55,27.3961878453039,0
"3035","CHEMAINUS RIVER",2011,2011-08-02,214,46,0,1.47,1.71285714286413,2.1278571428598,3.06500000000039,-0.414999999995676,222.98,56,27.3961878453039,0
"3036","CHEMAINUS RIVER",2011,2011-08-03,215,47,0,1.38,1.62714285714485,2.00214285714485,2.93766666666682,-0.375,224.36,57,27.3961878453039,0
"3037","CHEMAINUS RIVER",2011,2011-08-04,216,48,0,1.32,1.55285714285648,1.88928571428239,2.82666666666628,-0.336428571425911,225.68,58,27.3961878453039,0
"3038","CHEMAINUS RIVER",2011,2011-08-05,217,49,0,1.27,1.48142857142791,1.78499999999933,2.71533333333403,-0.303571428571428,226.95,59,27.3961878453039,0
"3039","CHEMAINUS RIVER",2011,2011-08-06,218,50,0,1.23,1.40999999999933,1.69499999999867,2.59899999999907,-0.284999999999335,228.18,60,27.3961878453039,0
"3040","CHEMAINUS RIVER",2011,2011-08-07,219,51,0,1.19,1.34857142857176,1.61785714285465,2.49966666666636,-0.269285714282887,229.37,61,27.3961878453039,0
"3041","CHEMAINUS RIVER",2011,2011-08-08,220,52,0,1.12,1.28285714285448,1.54285714285548,2.41899999999829,-0.260000000000998,230.49,62,27.3961878453039,0
"3042","CHEMAINUS RIVER",2011,2011-08-09,221,53,0,1.08,1.2271428571382,1.47000000000116,2.34933333333271,-0.242857142862964,231.57,63,27.3961878453039,0
"3043","CHEMAINUS RIVER",2011,2011-08-10,222,54,0,1.03,1.17714285714153,1.40214285714319,2.28333333333333,-0.225000000001663,232.6,64,27.3961878453039,0
"3044","CHEMAINUS RIVER",2011,2011-08-11,223,55,0,1.02,1.13428571428605,1.34357142857126,2.21933333333194,-0.209285714285215,233.62,65,27.3961878453039,0
"3045","CHEMAINUS RIVER",2011,2011-08-12,224,56,0,0.968,1.0911428571396,1.28628571428375,2.1532666666666,-0.195142857144154,234.588,66,27.3961878453039,0
"3046","CHEMAINUS RIVER",2011,2011-08-13,225,57,0,0.913,1.04585714285661,1.22792857142797,2.08336666666631,-0.182071428571362,235.501,67,27.3961878453039,0
"3047","CHEMAINUS RIVER",2011,2011-08-14,226,58,0,0.863,0.999142857143722,1.17385714285774,2.00913333333253,-0.17471428571402,236.364,68,27.3961878453039,0
"3048","CHEMAINUS RIVER",2011,2011-08-15,227,59,0,0.816,0.955714285714618,1.11928571428455,1.90833333333333,-0.163571428569932,237.18,69,27.3961878453039,0
"3049","CHEMAINUS RIVER",2011,2011-08-16,228,60,0,0.791,0.914428571430368,1.07078571428428,1.75136666666755,-0.156357142853916,237.971,70,27.3961878453039,0
"3050","CHEMAINUS RIVER",2011,2011-08-17,229,61,0,0.756,0.875285714282654,1.02621428571209,1.63756666666595,-0.150928571429436,238.727,71,27.3961878453039,0
"3051","CHEMAINUS RIVER",2011,2011-08-18,230,62,0,0.712,0.831285714288242,0.982785714287145,1.54163333333369,-0.151499999998902,239.439,72,27.3961878453039,0
"3052","CHEMAINUS RIVER",2011,2011-08-19,231,63,0,0.683,0.790571428577615,0.940857142858606,1.45973333333386,-0.150285714280991,240.122,73,27.3961878453039,0
"3053","CHEMAINUS RIVER",2011,2011-08-20,232,64,0,0.645,0.75228571428618,0.899071428571395,1.3845666666651,-0.146785714285215,240.767,74,27.3961878453039,0
"3054","CHEMAINUS RIVER",2011,2011-08-21,233,65,0,0.615,0.716857142862864,0.858000000003293,1.31406666666735,-0.141142857140429,241.382,75,27.3961878453039,0
"3055","CHEMAINUS RIVER",2011,2011-08-22,234,66,0,0.69,0.698857142864394,0.827285714289506,1.25406666666774,-0.128428571425112,242.072,76,27.3961878453039,0
"3056","CHEMAINUS RIVER",2011,2011-08-23,235,67,0,1.34,0.777285714284517,0.845857142857442,1.22306666666603,-0.0685714285729253,243.412,77,27.3961878453039,0
"3057","CHEMAINUS RIVER",2011,2011-08-24,236,68,0,1.43,0.873571428570098,0.874428571426376,1.19839999999967,-0.000857142856278137,244.842,78,27.3961878453039,0
"3058","CHEMAINUS RIVER",2011,2011-08-25,237,69,0,1.11,0.930428571425312,0.880857142856777,1.16539999999998,0.0495714285685348,245.952,79,27.3961878453039,0
"3059","CHEMAINUS RIVER",2011,2011-08-26,238,70,0,0.953,0.968999999999401,0.879785714288508,1.13116666666659,0.0892142857108931,246.905,80,27.3961878453039,0
"3060","CHEMAINUS RIVER",2011,2011-08-27,239,71,0,0.837,0.996428571433561,0.87435714285987,1.09773333333433,0.12207142857369,247.742,81,27.3961878453039,0
"3061","CHEMAINUS RIVER",2011,2011-08-28,240,72,0,0.758,1.01685714285122,0.866857142857043,1.06399999999946,0.149999999994179,248.5,82,27.3961878453039,0
"3062","CHEMAINUS RIVER",2011,2011-08-29,241,73,0,0.682,1.01571428571229,0.857285714288342,1.02906666666774,0.158428571423948,249.182,83,27.3961878453039,0
"3063","CHEMAINUS RIVER",2011,2011-08-30,242,74,0,0.632,0.914571428571695,0.845928571428106,0.996133333334001,0.068642857143589,249.814,84,27.3961878453039,0
"3064","CHEMAINUS RIVER",2011,2011-08-31,243,75,0,0.602,0.796285714288907,0.834928571429503,0.963533333333908,-0.0386428571405953,250.416,85,27.3961878453039,0
"3065","CHEMAINUS RIVER",2011,2011-09-01,244,76,0,0.587,0.721571428576551,0.826000000000931,0.93409999999955,-0.10442857142438,251.003,86,27.3961878453039,0
"3066","CHEMAINUS RIVER",2011,2011-09-02,245,77,0,0.569,0.666714285716547,0.817857142857974,0.907066666666651,-0.151142857141427,251.572,87,27.3961878453039,0
"3067","CHEMAINUS RIVER",2011,2011-09-03,246,78,0,0.539,0.624142857143722,0.810285714288641,0.881033333334684,-0.186142857144919,252.111,88,27.3961878453039,0
"3068","CHEMAINUS RIVER",2011,2011-09-04,247,79,0,0.513,0.589142857144387,0.802999999997805,0.855799999999969,-0.213857142853418,252.624,89,27.3961878453039,0
"3069","CHEMAINUS RIVER",2011,2011-09-05,248,80,0,0.473,0.559285714282721,0.787499999997505,0.830566666667194,-0.228214285714785,253.097,90,27.3961878453039,0
"3070","CHEMAINUS RIVER",2011,2011-09-06,249,81,0,0.445,0.532571428571828,0.723571428571761,0.805733333334016,-0.190999999999933,253.542,91,27.3961878453039,0
"3071","CHEMAINUS RIVER",2011,2011-09-07,250,82,0,0.424,0.507142857141194,0.651714285715051,0.78253333333414,-0.144571428573857,253.966,92,27.3961878453039,0
"3072","CHEMAINUS RIVER",2011,2011-09-08,251,83,0,0.399,0.480285714280659,0.600928571428605,0.75983333333279,-0.120642857147946,254.365,93,27.3961878453039,0
"3073","CHEMAINUS RIVER",2011,2011-09-09,252,84,0,0.378,0.452999999996142,0.559857142856345,0.738099999999395,-0.106857142860203,254.743,94,27.3961878453039,0
"3074","CHEMAINUS RIVER",2011,2011-09-10,253,85,0,0.366,0.428285714280459,0.526214285712091,0.716300000000047,-0.0979285714316315,255.109,95,27.3961878453039,0
"3075","CHEMAINUS RIVER",2011,2011-09-11,254,86,0,0.352,0.405285714285648,0.497214285715017,0.695766666667381,-0.0919285714293697,255.461,96,27.3961878453039,0
"3076","CHEMAINUS RIVER",2011,2011-09-12,255,87,0,0.327,0.384428571427374,0.471857142855047,0.676233333333706,-0.0874285714276734,255.788,97,27.3961878453039,0
"3077","CHEMAINUS RIVER",2011,2011-09-13,256,88,0,0.318,0.366285714287577,0.449428571429702,0.658066666667583,-0.0831428571421254,256.106,98,27.3961878453039,0
"3078","CHEMAINUS RIVER",2011,2011-09-14,257,89,0,0.33,0.352857142861467,0.43000000000133,0.641866666668405,-0.0771428571398636,256.436,99,27.3961878453039,0
"3079","CHEMAINUS RIVER",2011,2011-09-15,258,90,0,0.342,0.344714285714352,0.412499999997505,0.626899999999053,-0.0677857142831531,256.778,100,27.3961878453039,0
"3080","CHEMAINUS RIVER",2011,2011-09-16,259,91,0,0.33,0.337857142855812,0.395428571425977,0.612699999999798,-0.0575714285701646,257.108,101,27.3961878453039,0
"3081","CHEMAINUS RIVER",2011,2011-09-17,260,92,0,0.366,0.337857142864128,0.383071428572293,0.601166666667753,-0.0452142857081656,257.474,102,27.3961878453039,0
"3082","CHEMAINUS RIVER",2011,2011-09-18,261,93,0,0.499,0.358857142855413,0.382071428570531,0.5950333333322,-0.0232142857151172,257.973,103,27.3961878453039,0
"3083","CHEMAINUS RIVER",2011,2011-09-19,262,94,0,0.522,0.386714285713554,0.385571428570464,0.590933333333426,0.00114285714308998,258.495,104,27.3961878453039,0
"3084","CHEMAINUS RIVER",2011,2011-09-20,263,95,0,0.49,0.41128571428791,0.388785714287743,0.58676666666676,0.0225000000001663,258.985,105,27.3961878453039,0
"3085","CHEMAINUS RIVER",2011,2011-09-21,264,96,0,0.495,0.434857142856345,0.393857142858906,0.580266666666527,0.0409999999974389,259.48,106,27.3961878453039,0
"3086","CHEMAINUS RIVER",2011,2011-09-22,265,97,0,1.17,0.553142857147447,0.4489285714309,0.574600000000404,0.104214285716548,260.65,107,27.3961878453039,0
"3087","CHEMAINUS RIVER",2011,2011-09-23,266,98,0,3.76,1.04314285714645,0.690500000001131,0.652266666667613,0.352642857145319,264.41,108,27.3961878453039,0
"3088","CHEMAINUS RIVER",2011,2011-09-24,267,99,0,4.64,1.65371428571442,0.995785714289273,0.769933333335212,0.657928571425145,269.05,109,27.3961878453039,0
"3089","CHEMAINUS RIVER",2011,2011-09-25,268,100,0,3.21,2.0410000000016,1.1999285714285,0.845166666666046,0.841071428573092,272.26,110,27.3961878453039,0
"3090","CHEMAINUS RIVER",2011,2011-09-26,269,101,0,14.8,4.08071428571462,2.23371428571409,1.31059999999901,1.84700000000053,287.06,111,27.3961878453039,0
"3091","CHEMAINUS RIVER",2011,2011-09-27,270,102,0,33.9,8.8535714285681,4.63242857142801,2.41533333333403,4.2211428571401,320.96,0,27.3961878453039,0
"3092","CHEMAINUS RIVER",2011,2011-09-28,271,103,0,15.4,10.9828571428578,5.70885714285708,2.90593333333381,5.27400000000073,336.36,1,27.3961878453039,0
"3093","CHEMAINUS RIVER",2011,2011-09-29,272,104,0,8.8,12.0728571428585,6.31300000000296,3.17820000000065,5.75985714285551,345.16,2,27.3961878453039,0
"3094","CHEMAINUS RIVER",2011,2011-09-30,273,105,0,6.01,12.394285714287,6.71871428571675,3.35846666666718,5.6755714285703,351.17,3,27.3961878453039,0
"3095","CHEMAINUS RIVER",2011,2011-10-01,274,106,0,4.64,12.3942857142787,7.02399999999657,3.49356666666572,5.37028571428215,355.81,4,27.3961878453039,0
"3096","CHEMAINUS RIVER",2011,2011-10-02,275,107,0,3.81,12.479999999998,7.2604999999998,3.60159999999839,5.2194999999982,359.62,5,27.3961878453039,0
"3097","CHEMAINUS RIVER",2011,2011-10-03,276,108,0,3.74,10.9000000000067,7.49035714286064,3.70830000000036,3.40964285714602,363.36,6,27.3961878453039,0
"3098","CHEMAINUS RIVER",2011,2011-10-04,277,109,0,4.12,6.64571428571695,7.74964285714252,3.8285333333343,-1.10392857142558,367.48,7,27.3961878453039,0
"3099","CHEMAINUS RIVER",2011,2011-10-05,278,110,0,4.12,5.03428571428438,8.0085714285711,3.95010000000087,-2.97428571428671,371.6,8,27.3961878453039,0
"3100","CHEMAINUS RIVER",2011,2011-10-06,279,111,0,4.3,4.39142857142724,8.23214285714286,4.07860000000025,-3.84071428571562,375.9,9,27.3961878453039,0
"3101","CHEMAINUS RIVER",2011,2011-10-07,280,112,0,3.91,4.09142857142225,8.24285714285465,4.19479999999943,-4.1514285714324,379.81,10,27.3961878453039,0
"3102","CHEMAINUS RIVER",2011,2011-10-08,281,113,0,3.46,3.92285714286014,8.15857142856943,4.29683333333426,-4.2357142857093,383.27,11,27.3961878453039,0
"3103","CHEMAINUS RIVER",2011,2011-10-09,282,114,0,3.43,3.86857142857376,8.17428571428588,4.3985666666665,-4.30571428571212,386.7,12,27.3961878453039,0
"3104","CHEMAINUS RIVER",2011,2011-10-10,283,115,0,3.76,3.87142857142525,7.38571428571595,4.51170000000081,-3.5142857142907,390.46,13,27.3961878453039,0
"3105","CHEMAINUS RIVER",2011,2011-10-11,284,116,0,25.5,6.92571428571163,6.78571428571429,5.34996666666702,0.13999999999734,415.96,0,27.3961878453039,0
"3106","CHEMAINUS RIVER",2011,2011-10-12,285,117,0,40.1,12.065714285709,8.54999999999667,6.67573333333324,3.51571428571229,456.06,0,27.3961878453039,0
"3107","CHEMAINUS RIVER",2011,2011-10-13,286,118,0,21.5,14.5228571428535,9.45714285714036,7.38179999999896,5.06571428571312,477.56,1,27.3961878453039,0
"3108","CHEMAINUS RIVER",2011,2011-10-14,287,119,0,13.3,15.8642857142924,9.97785714285731,7.8141333333333,5.88642857143506,490.86,2,27.3961878453039,0
"3109","CHEMAINUS RIVER",2011,2011-10-15,288,120,0,9.51,16.7285714285681,10.3257142857141,8.11973333333347,6.40285714285398,500.37,3,27.3961878453039,0
"3110","CHEMAINUS RIVER",2011,2011-10-16,289,121,0,7.38,17.2928571428555,10.5807142857146,8.35473333333309,6.71214285714086,507.75,4,27.3961878453039,0
"3111","CHEMAINUS RIVER",2011,2011-10-17,290,122,0,6.03,17.6171428571439,10.7442857142845,8.54353333333274,6.8728571428593,513.78,5,27.3961878453039,0
"3112","CHEMAINUS RIVER",2011,2011-10-18,291,123,0,5.16,14.7114285714259,10.8185714285688,8.69890000000014,3.89285714285714,518.94,6,27.3961878453039,0
"3113","CHEMAINUS RIVER",2011,2011-10-19,292,124,0,4.51,9.62714285714485,10.8464285714269,8.83183333333388,-1.21928571428206,523.45,7,27.3961878453039,0
"3114","CHEMAINUS RIVER",2011,2011-10-20,293,125,0,4.08,7.13857142857575,10.8307142857146,8.95149999999946,-3.69214285713887,527.53,8,27.3961878453039,0
"3115","CHEMAINUS RIVER",2011,2011-10-21,294,126,0,4.03,5.81428571427906,10.8392857142857,9.06933333333194,-5.02500000000665,531.56,9,27.3961878453039,0
"3116","CHEMAINUS RIVER",2011,2011-10-22,295,127,0,5.82,5.28714285714419,11.0078571428561,9.22433333333271,-5.72071428571196,537.38,10,27.3961878453039,0
"3117","CHEMAINUS RIVER",2011,2011-10-23,296,128,0,7.16,5.25571428571961,11.2742857142875,9.33766666666682,-6.01857142856794,544.54,11,27.3961878453039,0
"3118","CHEMAINUS RIVER",2011,2011-10-24,297,129,0,6.08,5.26285714285249,11.4399999999982,9.38566666666496,-6.17714285714568,550.62,12,27.3961878453039,0
"3119","CHEMAINUS RIVER",2011,2011-10-25,298,130,0,5.24,5.2742857142917,9.99285714285881,9.4533333333345,-4.71857142856711,555.86,13,27.3961878453039,0
"3120","CHEMAINUS RIVER",2011,2011-10-26,299,131,0,4.73,5.30571428571628,7.46642857143057,9.1176666666676,-2.16071428571429,560.59,14,27.3961878453039,0
"3121","CHEMAINUS RIVER",2011,2011-10-27,300,132,0,4.47,5.36142857142425,6.25,8.13666666666589,-0.888571428575752,565.06,15,27.3961878453039,0
"3122","CHEMAINUS RIVER",2011,2011-10-28,301,133,1,4.72,5.46000000000432,5.63714285714169,7.78066666666612,-0.177142857137369,569.78,16,27.3961878453039,0
"3123","CHEMAINUS RIVER",2015,2015-06-18,169,1,0,0.703,0.765285714288309,0.906499999999401,1.33203333333367,-0.141214285711093,0.703,78,15.8096519337017,0
"3124","CHEMAINUS RIVER",2015,2015-06-19,170,2,0,0.694,0.745571428568967,0.868214285712124,1.27983333333201,-0.122642857143156,1.397,79,15.8096519337017,0
"3125","CHEMAINUS RIVER",2015,2015-06-20,171,3,0,0.636,0.720428571429303,0.830071428570331,1.22936666666646,-0.109642857141028,2.033,80,15.8096519337017,0
"3126","CHEMAINUS RIVER",2015,2015-06-21,172,4,0,0.605,0.69499999999867,0.794714285713521,1.18286666666778,-0.0997142857148511,2.638,81,15.8096519337017,0
"3127","CHEMAINUS RIVER",2015,2015-06-22,173,5,0,0.575,0.670714285715284,0.761500000001563,1.13803333333344,-0.0907857142862797,3.213,82,15.8096519337017,0
"3128","CHEMAINUS RIVER",2015,2015-06-23,174,6,0,0.536,0.643571428572094,0.729642857140529,1.09090000000045,-0.086071428568435,3.749,83,15.8096519337017,0
"3129","CHEMAINUS RIVER",2015,2015-06-24,175,7,0,0.512,0.608714285714086,0.699714285712356,1.04396666666532,-0.0909999999982704,4.261,84,15.8096519337017,0
"3130","CHEMAINUS RIVER",2015,2015-06-25,176,8,0,0.512,0.581428571429569,0.673357142858939,0.999366666667629,-0.0919285714293697,4.773,85,15.8096519337017,0
"3131","CHEMAINUS RIVER",2015,2015-06-26,177,9,0,0.492,0.552571428573823,0.649071428571395,0.956766666665984,-0.096499999997572,5.265,86,15.8096519337017,0
"3132","CHEMAINUS RIVER",2015,2015-06-27,178,10,0,0.46,0.527428571434159,0.623928571431731,0.915766666666605,-0.096499999997572,5.725,87,15.8096519337017,0
"3133","CHEMAINUS RIVER",2015,2015-06-28,179,11,0,0.444,0.504428571422717,0.599714285710694,0.876566666665409,-0.0952857142879762,6.169,88,15.8096519337017,0
"3134","CHEMAINUS RIVER",2015,2015-06-29,180,12,0,0.443,0.485571428567969,0.578142857141626,0.84200000000031,-0.0925714285736571,6.612,89,15.8096519337017,0
"3135","CHEMAINUS RIVER",2015,2015-06-30,181,13,0,0.457,0.474285714286712,0.558928571429403,0.811233333333318,-0.0846428571426909,7.069,90,15.8096519337017,0
"3136","CHEMAINUS RIVER",2015,2015-07-01,182,14,0,0.405,0.459000000006719,0.533857142860403,0.780066666666729,-0.0748571428536837,7.474,91,15.8096519337017,0
"3137","CHEMAINUS RIVER",2015,2015-07-02,183,15,0,0.365,0.437999999998803,0.509714285714186,0.747566666667505,-0.0717142857153834,7.839,92,15.8096519337017,0
"3138","CHEMAINUS RIVER",2015,2015-07-03,184,16,0,0.348,0.417428571431498,0.485000000002661,0.71516666666721,-0.0675714285711625,8.187,93,15.8096519337017,0
"3139","CHEMAINUS RIVER",2015,2015-07-04,185,17,0,0.325,0.398142857144454,0.462785714289307,0.683333333333333,-0.0646428571448528,8.512,94,15.8096519337017,0
"3140","CHEMAINUS RIVER",2015,2015-07-05,186,18,0,0.315,0.379714285713687,0.442071428568202,0.652833333332092,-0.0623571428545152,8.827,95,15.8096519337017,0
"3141","CHEMAINUS RIVER",2015,2015-07-06,187,19,0,0.317,0.361714285715217,0.423642857141593,0.624400000000605,-0.0619285714263762,9.144,96,15.8096519337017,0
"3142","CHEMAINUS RIVER",2015,2015-07-07,188,20,0,0.32,0.342142857145518,0.408214285716115,0.598399999999674,-0.0660714285705971,9.464,97,15.8096519337017,0
"3143","CHEMAINUS RIVER",2015,2015-07-08,189,21,0,0.312,0.32885714285242,0.393928571429569,0.574133333332914,-0.0650714285771495,9.776,98,15.8096519337017,0
"3144","CHEMAINUS RIVER",2015,2015-07-09,190,22,0,0.279,0.316571428565242,0.377285714282022,0.550699999998324,-0.0607142857167803,10.055,99,15.8096519337017,0
"3145","CHEMAINUS RIVER",2015,2015-07-10,191,23,0,0.27,0.305428571425312,0.361428571428405,0.528666666666201,-0.0560000000030933,10.325,100,15.8096519337017,0
"3146","CHEMAINUS RIVER",2015,2015-07-11,192,24,0,0.257,0.295714285706968,0.346928571425711,0.507866666665844,-0.0512142857187428,10.582,101,15.8096519337017,0
"3147","CHEMAINUS RIVER",2015,2015-07-12,193,25,0,0.342,0.299571428572693,0.33964285714319,0.491533333332821,-0.0400714285704972,10.924,102,15.8096519337017,0
"3148","CHEMAINUS RIVER",2015,2015-07-13,194,26,0,0.414,0.313428571431099,0.337571428573158,0.478266666668545,-0.0241428571420589,11.338,103,15.8096519337017,0
"3149","CHEMAINUS RIVER",2015,2015-07-14,195,27,0,0.325,0.314142857137735,0.328142857141626,0.462999999998525,-0.0140000000038916,11.663,104,15.8096519337017,0
"3150","CHEMAINUS RIVER",2015,2015-07-15,196,28,0,0.287,0.310571428571296,0.319714285711858,0.447733333332386,-0.00914285714056207,11.95,105,15.8096519337017,0
"3151","CHEMAINUS RIVER",2015,2015-07-16,197,29,0,0.266,0.308714285717412,0.312642857141327,0.432400000000295,-0.00392857142391484,12.216,106,15.8096519337017,0
"3152","CHEMAINUS RIVER",2015,2015-07-17,198,30,0,0.235,0.303714285712756,0.304571428569034,0.415033333333364,-0.000857142856278081,12.451,107,15.8096519337017,0
"3153","CHEMAINUS RIVER",2015,2015-07-18,199,31,0,0.214,0.297571428577482,0.296642857142225,0.398733333333318,0.000928571435256986,12.665,108,15.8096519337017,0
"3154","CHEMAINUS RIVER",2015,2015-07-19,200,32,0,0.201,0.277428571434159,0.288500000003426,0.382300000001366,-0.0110714285692666,12.866,109,15.8096519337017,0
"3155","CHEMAINUS RIVER",2015,2015-07-20,201,33,0,0.183,0.24442857142172,0.278928571426409,0.367200000000109,-0.0345000000046899,13.049,110,15.8096519337017,0
"3156","CHEMAINUS RIVER",2015,2015-07-21,202,34,0,0.165,0.221571428576551,0.267857142857143,0.352533333333364,-0.046285714280592,13.214,111,15.8096519337017,0
"3157","CHEMAINUS RIVER",2015,2015-07-22,203,35,0,0.166,0.204285714284716,0.257428571428006,0.338899999998587,-0.0531428571432895,13.38,112,15.8096519337017,0
"3158","CHEMAINUS RIVER",2015,2015-07-23,204,36,0,0.172,0.190857142858606,0.249785714288009,0.326766666667148,-0.058928571429403,13.552,113,15.8096519337017,0
"3159","CHEMAINUS RIVER",2015,2015-07-24,205,37,0,0.222,0.189000000004723,0.246357142858739,0.31710000000118,-0.0573571428540163,13.774,114,15.8096519337017,0
"3160","CHEMAINUS RIVER",2015,2015-07-25,206,38,0,0.296,0.200714285709962,0.249142857143722,0.309899999998743,-0.0484285714337602,14.07,115,15.8096519337017,0
"3161","CHEMAINUS RIVER",2015,2015-07-26,207,39,0,0.497,0.243000000000133,0.260214285717146,0.310066666667505,-0.0172142857170132,14.567,116,15.8096519337017,0
"3162","CHEMAINUS RIVER",2015,2015-07-27,208,40,0,0.5,0.288285714291435,0.266357142856577,0.31140000000014,0.0219285714348579,15.067,117,15.8096519337017,0
"3163","CHEMAINUS RIVER",2015,2015-07-28,209,41,0,0.426,0.325571428568635,0.273571428572593,0.310800000000745,0.0519999999960419,15.493,118,15.8096519337017,0
"3164","CHEMAINUS RIVER",2015,2015-07-29,210,42,0,0.358,0.353000000002794,0.278642857143755,0.307966666666713,0.0743571428590388,15.851,119,15.8096519337017,0
"3165","CHEMAINUS RIVER",2015,2015-07-30,211,43,0,0.324,0.374714285717346,0.282785714287976,0.303533333334296,0.0919285714293697,16.175,120,15.8096519337017,0
"3166","CHEMAINUS RIVER",2015,2015-07-31,212,44,0,0.292,0.384714285710028,0.286857142857376,0.299766666665285,0.0978571428526526,16.467,121,15.8096519337017,0
"3167","CHEMAINUS RIVER",2015,2015-08-01,213,45,0,0.274,0.381571428575886,0.291142857142924,0.296733333333395,0.090428571432962,16.741,122,15.8096519337017,0
"3168","CHEMAINUS RIVER",2015,2015-08-02,214,46,0,0.253,0.346714285709563,0.294857142854848,0.29356666666572,0.0518571428547148,16.994,123,15.8096519337017,0
"3169","CHEMAINUS RIVER",2015,2015-08-03,215,47,0,0.241,0.309714285715017,0.299000000003226,0.290766666666605,0.0107142857117911,17.235,124,15.8096519337017,0
"3170","CHEMAINUS RIVER",2015,2015-08-04,216,48,0,0.221,0.280428571426975,0.302999999997805,0.287633333333846,-0.0225714285708299,17.456,125,15.8096519337017,0
"3171","CHEMAINUS RIVER",2015,2015-08-05,217,49,0,0.211,0.259428571427374,0.306214285715084,0.28409999999955,-0.0467857142877099,17.667,126,15.8096519337017,0
"3172","CHEMAINUS RIVER",2015,2015-08-06,218,50,0,0.224,0.245142857136671,0.309928571427008,0.280899999998898,-0.0647857142903376,17.891,127,15.8096519337017,0
"3173","CHEMAINUS RIVER",2015,2015-08-07,219,51,0,0.245,0.238428571427773,0.311571428568901,0.278666666666201,-0.0731428571411275,18.136,128,15.8096519337017,0
"3174","CHEMAINUS RIVER",2015,2015-08-08,220,52,0,0.24,0.233571428572759,0.307571428574322,0.277366666668483,-0.0740000000015633,18.376,129,15.8096519337017,0
"3175","CHEMAINUS RIVER",2015,2015-08-09,221,53,0,0.249,0.232999999999135,0.289857142854349,0.276666666666279,-0.0568571428552137,18.625,130,15.8096519337017,0
"3176","CHEMAINUS RIVER",2015,2015-08-10,222,54,0,0.258,0.235428571426642,0.27257142857083,0.276700000001195,-0.0371428571441876,18.883,131,15.8096519337017,0
"3177","CHEMAINUS RIVER",2015,2015-08-11,223,55,0,0.238,0.237857142862465,0.25914285714472,0.273233333334792,-0.0212857142822551,19.121,132,15.8096519337017,0
"3178","CHEMAINUS RIVER",2015,2015-08-12,224,56,0,0.212,0.238000000003792,0.248714285715583,0.266499999999845,-0.0107142857117911,19.333,133,15.8096519337017,0
"3179","CHEMAINUS RIVER",2015,2015-08-13,225,57,0,0.194,0.233714285714086,0.239428571425378,0.26213333333338,-0.00571428571129218,19.527,134,15.8096519337017,0
"3180","CHEMAINUS RIVER",2015,2015-08-14,226,58,0,0.189,0.225714285716614,0.232071428572194,0.258866666666775,-0.00635714285557956,19.716,135,15.8096519337017,0
"3181","CHEMAINUS RIVER",2015,2015-08-15,227,59,0,0.193,0.218999999999401,0.22628571428608,0.25643333333428,-0.00728571428667887,19.909,136,15.8096519337017,0
"3182","CHEMAINUS RIVER",2015,2015-08-16,228,60,0,0.208,0.213142857146782,0.223071428572959,0.255533333334218,-0.00992857142617662,20.117,137,15.8096519337017,0
"3183","CHEMAINUS RIVER",2015,2015-08-17,229,61,0,0.225,0.20842857142478,0.221928571425711,0.255899999998898,-0.0135000000009313,20.342,138,15.8096519337017,0
"3184","CHEMAINUS RIVER",2015,2015-08-18,230,62,0,0.213,0.204857142850025,0.221357142856245,0.256299999998494,-0.0165000000062199,20.555,139,15.8096519337017,0
"3185","CHEMAINUS RIVER",2015,2015-08-19,231,63,0,0.197,0.202714285713487,0.22035714285864,0.256766666667924,-0.0176428571451522,20.752,140,15.8096519337017,0
"3186","CHEMAINUS RIVER",2015,2015-08-20,232,64,0,0.18,0.200714285718277,0.217214285716182,0.257266666666449,-0.0164999999979045,20.932,141,15.8096519337017,0
"3187","CHEMAINUS RIVER",2015,2015-08-21,233,65,0,0.164,0.197142857143522,0.211428571430068,0.257200000000497,-0.0142857142865458,21.096,142,15.8096519337017,0
"3188","CHEMAINUS RIVER",2015,2015-08-22,234,66,0,0.165,0.193142857136471,0.206071428567936,0.256966666665782,-0.0129285714314652,21.261,143,15.8096519337017,0
"3189","CHEMAINUS RIVER",2015,2015-08-23,235,67,0,0.176,0.188571428572426,0.200857142859604,0.255433333333349,-0.0122857142871778,21.437,144,15.8096519337017,0
"3190","CHEMAINUS RIVER",2015,2015-08-24,236,68,0,0.157,0.178857142862398,0.193642857143589,0.250800000001133,-0.0147857142811907,21.594,145,15.8096519337017,0
"3191","CHEMAINUS RIVER",2015,2015-08-25,237,69,0,0.143,0.1688571428614,0.186857142855713,0.238999999999457,-0.0179999999943123,21.737,146,15.8096519337017,0
"3192","CHEMAINUS RIVER",2015,2015-08-26,238,70,0,0.149,0.161999999994545,0.182357142854016,0.22729999999865,-0.0203571428594712,21.886,147,15.8096519337017,0
"3193","CHEMAINUS RIVER",2015,2015-08-27,239,71,0,0.143,0.15671428571555,0.178714285716913,0.217866666667396,-0.0220000000013637,22.029,148,15.8096519337017,0
"3194","CHEMAINUS RIVER",2015,2015-08-28,240,72,0,0.223,0.165142857145318,0.18114285714442,0.213366666667086,-0.015999999999102,22.252,149,15.8096519337017,0
"3195","CHEMAINUS RIVER",2015,2015-08-29,241,73,0,0.392,0.197571428575819,0.195357142856145,0.215633333332759,0.00221428571967408,22.644,150,15.8096519337017,0
"3196","CHEMAINUS RIVER",2015,2015-08-30,242,74,0,0.637,0.26342857142611,0.225999999999268,0.227133333333768,0.0374285714268418,23.281,151,15.8096519337017,0
"3197","CHEMAINUS RIVER",2015,2015-08-31,243,75,0,0.728,0.344999999997006,0.261928571429702,0.242266666666061,0.0830714285673042,24.009,152,15.8096519337017,0
"3198","CHEMAINUS RIVER",2015,2015-09-01,244,76,0,4.42,0.955999999997273,0.562428571429336,0.381166666666589,0.393571428567936,28.429,153,15.8096519337017,0
"3199","CHEMAINUS RIVER",2015,2015-09-02,245,77,0,3.15,1.38471428571834,0.773357142856444,0.478133333332759,0.611357142861899,31.579,154,15.8096519337017,0
"3200","CHEMAINUS RIVER",2015,2015-09-03,246,78,0,2.76,1.7585714285711,0.957642857143323,0.562766666667691,0.800928571427773,34.339,155,15.8096519337017,0
"3201","CHEMAINUS RIVER",2015,2015-09-04,247,79,0,2.52,2.08671428570856,1.12592857142694,0.639733333332697,0.960785714281623,36.859,156,15.8096519337017,0
"3202","CHEMAINUS RIVER",2015,2015-09-05,248,80,0,2.14,2.33642857142591,1.26700000000086,0.703600000000248,1.06942857142505,38.999,157,15.8096519337017,0
"3203","CHEMAINUS RIVER",2015,2015-09-06,249,81,0,2.14,2.55114285714392,1.40728571428502,0.766766666667536,1.14385714285891,41.139,158,15.8096519337017,0
"3204","CHEMAINUS RIVER",2015,2015-09-07,250,82,0,2.26,2.770000000002,1.5574999999995,0.83409999999955,1.21250000000249,43.399,159,15.8096519337017,0
"3205","CHEMAINUS RIVER",2015,2015-09-08,251,83,0,1.95,2.41714285714884,1.68657142857306,0.890800000001521,0.730571428575786,45.349,160,15.8096519337017,0
"3206","CHEMAINUS RIVER",2015,2015-09-09,252,84,0,1.72,2.21285714285581,1.79878571428708,0.939533333332899,0.414071428568735,47.069,161,15.8096519337017,0
"3207","CHEMAINUS RIVER",2015,2015-09-10,253,85,0,1.57,2.04285714285548,1.90071428571329,0.983933333332728,0.142142857142192,48.639,162,15.8096519337017,0
"3208","CHEMAINUS RIVER",2015,2015-09-11,254,86,0,1.41,1.88428571428605,1.98549999999731,1.02386666666522,-0.101214285711259,50.049,163,15.8096519337017,0
"3209","CHEMAINUS RIVER",2015,2015-09-12,255,87,0,1.26,1.7585714285711,2.0474999999985,1.05940000000022,-0.288928571427407,51.309,164,15.8096519337017,0
"3210","CHEMAINUS RIVER",2015,2015-09-13,256,88,0,1.12,1.61285714285415,2.08199999999904,1.09043333333296,-0.469142857144886,52.429,165,15.8096519337017,0
"3211","CHEMAINUS RIVER",2015,2015-09-14,257,89,0,1.01,1.43428571428272,2.10214285714236,1.11766666666566,-0.667857142859637,53.439,166,15.8096519337017,0
"3212","CHEMAINUS RIVER",2015,2015-09-15,258,90,0,1.02,1.30142857142658,1.85928571428771,1.14473333333347,-0.557857142861134,54.459,167,15.8096519337017,0
"3213","CHEMAINUS RIVER",2015,2015-09-16,259,91,1,0.929,1.1884285714311,1.70064285714346,1.16820000000104,-0.512214285712356,55.388,168,15.8096519337017,0
"3214","CHEMAINUS RIVER",2018,2018-06-18,169,1,0,1.6,1.82999999999967,1.99714285714435,2.68866666666775,-0.167142857144686,1.6,61,21.3677348066298,0
"3215","CHEMAINUS RIVER",2018,2018-06-19,170,2,0,1.51,1.7714285714319,1.95642857142957,2.56500000000039,-0.184999999997672,3.11,62,21.3677348066298,0
"3216","CHEMAINUS RIVER",2018,2018-06-20,171,3,0,1.43,1.69285714286213,1.91571428571478,2.45300000000085,-0.222857142852652,4.54,63,21.3677348066298,0
"3217","CHEMAINUS RIVER",2018,2018-06-21,172,4,0,1.34,1.59857142857176,1.8699999999995,2.35466666666519,-0.27142857142774,5.88,64,21.3677348066298,0
"3218","CHEMAINUS RIVER",2018,2018-06-22,173,5,0,1.24,1.50714285714951,1.81785714285797,2.26033333333326,-0.310714285708465,7.12,65,21.3677348066298,0
"3219","CHEMAINUS RIVER",2018,2018-06-23,174,6,0,1.18,1.42428571429004,1.71428571428571,2.16900000000023,-0.289999999995676,8.3,66,21.3677348066298,0
"3220","CHEMAINUS RIVER",2018,2018-06-24,175,7,0,1.14,1.34857142856345,1.62571428571079,2.08666666666589,-0.277142857147348,9.44,67,21.3677348066298,0
"3221","CHEMAINUS RIVER",2018,2018-06-25,176,8,0,1.36,1.31428571428738,1.57214285714352,2.02400000000101,-0.257857142856145,10.8,68,21.3677348066298,0
"3222","CHEMAINUS RIVER",2018,2018-06-26,177,9,0,1.37,1.29428571428538,1.53285714285864,1.97066666666651,-0.238571428573258,12.17,69,21.3677348066298,0
"3223","CHEMAINUS RIVER",2018,2018-06-27,178,10,0,1.19,1.260000000001,1.47642857143157,1.91700000000031,-0.216428571430567,13.36,70,21.3677348066298,0
"3224","CHEMAINUS RIVER",2018,2018-06-28,179,11,0,1.1,1.22571428571661,1.41214285714419,1.86500000000039,-0.186428571427574,14.46,71,21.3677348066298,0
"3225","CHEMAINUS RIVER",2018,2018-06-29,180,12,0,1.06,1.19999999999501,1.35357142857226,1.80966666666597,-0.153571428577249,15.52,72,21.3677348066298,0
"3226","CHEMAINUS RIVER",2018,2018-06-30,181,13,0,1.09,1.18714285714252,1.30571428571628,1.76300000000047,-0.118571428573757,16.61,73,21.3677348066298,0
"3227","CHEMAINUS RIVER",2018,2018-07-01,182,14,0,1.08,1.17857142857143,1.26357142856744,1.71266666666488,-0.0849999999960085,17.69,74,21.3677348066298,0
"3228","CHEMAINUS RIVER",2018,2018-07-02,183,15,0,1.01,1.12857142856644,1.22142857142691,1.66266666666682,-0.092857142860469,18.7,75,21.3677348066298,0
"3229","CHEMAINUS RIVER",2018,2018-07-03,184,16,0,0.939,1.06699999999754,1.18064285714146,1.60963333333299,-0.113642857143922,19.639,76,21.3677348066298,0
"3230","CHEMAINUS RIVER",2018,2018-07-04,185,17,0,0.881,1.02285714285348,1.14142857142724,1.56266666666682,-0.118571428573757,20.52,77,21.3677348066298,0
"3231","CHEMAINUS RIVER",2018,2018-07-05,186,18,0,0.828,0.984000000005056,1.10485714286083,1.5209333333342,-0.120857142855779,21.348,78,21.3677348066298,0
"3232","CHEMAINUS RIVER",2018,2018-07-06,187,19,0,0.787,0.94499999999867,1.07249999999684,1.4804999999993,-0.127499999998171,22.135,79,21.3677348066298,0
"3233","CHEMAINUS RIVER",2018,2018-07-07,188,20,0,0.761,0.897999999994811,1.04257142856867,1.43986666666654,-0.144571428573857,22.896,80,21.3677348066298,0
"3234","CHEMAINUS RIVER",2018,2018-07-08,189,21,0,0.784,0.855714285721271,1.01714285714635,1.40033333333364,-0.161428571425079,23.68,81,21.3677348066298,0
"3235","CHEMAINUS RIVER",2018,2018-07-09,190,22,0,0.777,0.822428571434492,0.975500000000466,1.33856666666688,-0.153071428565974,24.457,82,21.3677348066298,0
"3236","CHEMAINUS RIVER",2018,2018-07-10,191,23,0,0.754,0.795999999997938,0.931499999997738,1.2843666666653,-0.1354999999998,25.211,83,21.3677348066298,0
"3237","CHEMAINUS RIVER",2018,2018-07-11,192,24,0,0.706,0.770999999999601,0.896928571426542,1.23756666666595,-0.125928571426942,25.917,84,21.3677348066298,0
"3238","CHEMAINUS RIVER",2018,2018-07-12,193,25,0,0.67,0.748428571428771,0.866214285716913,1.19590000000123,-0.117785714288142,26.587,85,21.3677348066298,0
"3239","CHEMAINUS RIVER",2018,2018-07-13,194,26,0,0.648,0.728571428576418,0.836785714287544,1.1515000000014,-0.108214285711126,27.235,86,21.3677348066298,0
"3240","CHEMAINUS RIVER",2018,2018-07-14,195,27,0,0.614,0.707571428576817,0.802785714285814,1.10530000000144,-0.095214285708997,27.849,87,21.3677348066298,0
"3241","CHEMAINUS RIVER",2018,2018-07-15,196,28,0,0.576,0.677857142856478,0.766785714288874,1.06183333333465,-0.0889285714323965,28.425,88,21.3677348066298,0
"3242","CHEMAINUS RIVER",2018,2018-07-16,197,29,0,0.533,0.64299999999847,0.732714285716481,1.0209333333342,-0.089714285718011,28.958,89,21.3677348066298,0
"3243","CHEMAINUS RIVER",2018,2018-07-17,198,30,0,0.493,0.605714285712955,0.700857142855447,0.981699999998091,-0.0951428571424913,29.451,90,21.3677348066298,0
"3244","CHEMAINUS RIVER",2018,2018-07-18,199,31,0,0.469,0.571857142860868,0.671428571430234,0.944000000000233,-0.0995714285693663,29.92,91,21.3677348066298,0
"3245","CHEMAINUS RIVER",2018,2018-07-19,200,32,0,0.445,0.539714285713022,0.644071428570896,0.908500000000155,-0.104357142857875,30.365,92,21.3677348066298,0
"3246","CHEMAINUS RIVER",2018,2018-07-20,201,33,0,0.457,0.512428571428505,0.620500000002461,0.876066666666884,-0.108071428573956,30.822,93,21.3677348066298,0
"3247","CHEMAINUS RIVER",2018,2018-07-21,202,34,0,0.45,0.489000000001397,0.598285714289107,0.846400000001692,-0.10928571428771,31.272,94,21.3677348066298,0
"3248","CHEMAINUS RIVER",2018,2018-07-22,203,35,0,0.443,0.469999999997006,0.573928571426742,0.819833333332402,-0.103928571429736,31.715,95,21.3677348066298,0
"3249","CHEMAINUS RIVER",2018,2018-07-23,204,36,0,0.431,0.455428571423649,0.549214285711059,0.794866666665378,-0.0937857142874106,32.146,96,21.3677348066298,0
"3250","CHEMAINUS RIVER",2018,2018-07-24,205,37,0,0.396,0.441571428573557,0.523642857143256,0.770066666667117,-0.082071428569699,32.542,97,21.3677348066298,0
"3251","CHEMAINUS RIVER",2018,2018-07-25,206,38,0,0.381,0.42899999999541,0.500428571428139,0.737433333332107,-0.0714285714327291,32.923,98,21.3677348066298,0
"3252","CHEMAINUS RIVER",2018,2018-07-26,207,39,0,0.362,0.417142857140529,0.478428571426775,0.703833333333023,-0.0612857142862465,33.285,99,21.3677348066298,0
"3253","CHEMAINUS RIVER",2018,2018-07-27,208,40,0,0.351,0.402000000001863,0.457214285715184,0.675866666667086,-0.0552142857133212,33.636,100,21.3677348066298,0
"3254","CHEMAINUS RIVER",2018,2018-07-28,209,41,0,0.352,0.387999999993813,0.438499999997605,0.650933333333038,-0.0505000000037918,33.988,101,21.3677348066298,0
"3255","CHEMAINUS RIVER",2018,2018-07-29,210,42,0,0.349,0.374571428576019,0.422285714286513,0.627233333334637,-0.0477142857104939,34.337,102,21.3677348066298,0
"3256","CHEMAINUS RIVER",2018,2018-07-30,211,43,0,0.332,0.360428571434958,0.407928571429303,0.601966666666946,-0.0474999999943455,34.669,103,21.3677348066298,0
"3257","CHEMAINUS RIVER",2018,2018-07-31,212,44,0,0.308,0.34785714285681,0.394714285715184,0.576233333333706,-0.0468571428583736,34.977,104,21.3677348066298,0
"3258","CHEMAINUS RIVER",2018,2018-08-01,213,45,0,0.3,0.336285714284583,0.382642857139997,0.552566666666341,-0.0463571428554133,35.277,105,21.3677348066298,0
"3259","CHEMAINUS RIVER",2018,2018-08-02,214,46,0,0.276,0.323999999997406,0.370571428568967,0.530466666666325,-0.0465714285715617,35.553,106,21.3677348066298,0
"3260","CHEMAINUS RIVER",2018,2018-08-03,215,47,0,0.271,0.312571428566506,0.357285714284184,0.510133333333458,-0.0447142857176784,35.824,107,21.3677348066298,0
"3261","CHEMAINUS RIVER",2018,2018-08-04,216,48,0,0.267,0.300428571428971,0.344214285711392,0.491433333331952,-0.0437857142824214,36.091,108,21.3677348066298,0
"3262","CHEMAINUS RIVER",2018,2018-08-05,217,49,0,0.267,0.288714285707101,0.33164285714156,0.474099999999938,-0.0429285714344587,36.358,109,21.3677348066298,0
"3263","CHEMAINUS RIVER",2018,2018-08-06,218,50,0,0.258,0.278142857140795,0.319285714287876,0.457333333334342,-0.0411428571470813,36.616,110,21.3677348066298,0
"3264","CHEMAINUS RIVER",2018,2018-08-07,219,51,0,0.244,0.269000000004391,0.3084285714306,0.4393333333331,-0.0394285714262099,36.86,111,21.3677348066298,0
"3265","CHEMAINUS RIVER",2018,2018-08-08,220,52,0,0.229,0.258857142862066,0.297571428573324,0.421066666666108,-0.0387142857112589,37.089,112,21.3677348066298,0
"3266","CHEMAINUS RIVER",2018,2018-08-09,221,53,0,0.208,0.249142857143722,0.286571428570564,0.402866666667008,-0.0374285714268418,37.297,113,21.3677348066298,0
"3267","CHEMAINUS RIVER",2018,2018-08-10,222,54,0,0.2,0.239000000001397,0.275785714283951,0.386000000000543,-0.0367857142825544,37.497,114,21.3677348066298,0
"3268","CHEMAINUS RIVER",2018,2018-08-11,223,55,0,0.19,0.228000000002794,0.264214285715882,0.369999999999224,-0.0362142857130883,37.687,115,21.3677348066298,0
"3269","CHEMAINUS RIVER",2018,2018-08-12,224,56,0,0.214,0.220428571429303,0.254571428568202,0.355533333332278,-0.034142857138899,37.901,116,21.3677348066298,0
"3270","CHEMAINUS RIVER",2018,2018-08-13,225,57,0,0.213,0.213999999994745,0.24607142856777,0.342166666665192,-0.0320714285730251,38.114,117,21.3677348066298,0
"3271","CHEMAINUS RIVER",2018,2018-08-14,226,58,0,0.208,0.208857142857076,0.238928571430733,0.329899999999907,-0.0300714285736571,38.322,118,21.3677348066298,0
"3272","CHEMAINUS RIVER",2018,2018-08-15,227,59,0,0.2,0.204714285717013,0.231785714289539,0.318800000000435,-0.0270714285725262,38.522,119,21.3677348066298,0
"3273","CHEMAINUS RIVER",2018,2018-08-16,228,60,0,0.199,0.203428571428438,0.22628571428608,0.309000000000621,-0.0228571428576418,38.721,120,21.3677348066298,0
"3274","CHEMAINUS RIVER",2018,2018-08-17,229,61,0,0.193,0.202428571430833,0.220714285716115,0.299800000000202,-0.0182857142852819,38.914,121,21.3677348066298,0
"3275","CHEMAINUS RIVER",2018,2018-08-18,230,62,0,0.192,0.202714285713487,0.215357142858141,0.291366666665999,-0.0126428571446533,39.106,122,21.3677348066298,0
"3276","CHEMAINUS RIVER",2018,2018-08-19,231,63,0,0.201,0.200857142859604,0.210642857144454,0.282833333332868,-0.00978571428484948,39.307,123,21.3677348066298,0
"3277","CHEMAINUS RIVER",2018,2018-08-20,232,64,0,0.196,0.198428571432097,0.206214285713421,0.274366666665689,-0.00778571428132374,39.503,124,21.3677348066298,0
"3278","CHEMAINUS RIVER",2018,2018-08-21,233,65,0,0.187,0.195428571422651,0.202142857139864,0.265833333332557,-0.00671428571721272,39.69,125,21.3677348066298,0
"3279","CHEMAINUS RIVER",2018,2018-08-22,234,66,0,0.169,0.190999999999933,0.197857142858473,0.257100000001568,-0.00685714285853983,39.859,126,21.3677348066298,0
"3280","CHEMAINUS RIVER",2018,2018-08-23,235,67,0,0.159,0.185285714288641,0.19435714285854,0.249200000000807,-0.00907142856989854,40.018,127,21.3677348066298,0
"3281","CHEMAINUS RIVER",2018,2018-08-24,236,68,0,0.169,0.181857142855214,0.192142857143023,0.242133333334156,-0.0102857142878098,40.187,128,21.3677348066298,0
"3282","CHEMAINUS RIVER",2018,2018-08-25,237,69,0,0.185,0.180857142857609,0.191785714285548,0.236233333333318,-0.0109285714279395,40.372,129,21.3677348066298,0
"3283","CHEMAINUS RIVER",2018,2018-08-26,238,70,0,0.205,0.181428571431232,0.191142857145418,0.231366666666387,-0.00971428571418595,40.577,130,21.3677348066298,0
"3284","CHEMAINUS RIVER",2018,2018-08-27,239,71,0,0.213,0.183857142858739,0.191142857145418,0.226733333334172,-0.00728571428667887,40.79,131,21.3677348066298,0
"3285","CHEMAINUS RIVER",2018,2018-08-28,240,72,0,0.193,0.184714285715017,0.190071428568834,0.221533333331657,-0.00535714285381669,40.983,132,21.3677348066298,0
"3286","CHEMAINUS RIVER",2018,2018-08-29,241,73,0,0.186,0.187142857142525,0.189071428571229,0.216666666666667,-0.00192857142870448,41.169,133,21.3677348066298,0
"3287","CHEMAINUS RIVER",2018,2018-08-30,242,74,0,0.19,0.191571428573557,0.188428571431099,0.212733333334715,0.00314285714245799,41.359,134,21.3677348066298,0
"3288","CHEMAINUS RIVER",2018,2018-08-31,243,75,0,0.173,0.192142857138866,0.18699999999704,0.208500000000155,0.00514285714182602,41.532,135,21.3677348066298,0
"3289","CHEMAINUS RIVER",2018,2018-09-01,244,76,0,0.155,0.187857142857475,0.184357142857542,0.204466666667334,0.0034999999999335,41.687,136,21.3677348066298,0
"3290","CHEMAINUS RIVER",2018,2018-09-02,245,77,0,0.151,0.180142857142658,0.180785714286945,0.200466666667489,-0.000642857144287384,41.838,137,21.3677348066298,0
"3291","CHEMAINUS RIVER",2018,2018-09-03,246,78,0,0.153,0.171571428571562,0.177714285715151,0.196666666667443,-0.00614285714358889,41.991,138,21.3677348066298,0
"3292","CHEMAINUS RIVER",2018,2018-09-04,247,79,0,0.144,0.164571428571695,0.174642857143356,0.192566666666729,-0.0100714285716614,42.135,139,21.3677348066298,0
"3293","CHEMAINUS RIVER",2018,2018-09-05,248,80,0,0.138,0.157714285713155,0.17242857142784,0.188566666666884,-0.0147142857146849,42.273,140,21.3677348066298,0
"3294","CHEMAINUS RIVER",2018,2018-09-06,249,81,0,0.139,0.150428571422318,0.170999999997938,0.185066666665565,-0.0205714285756195,42.412,141,21.3677348066298,0
"3295","CHEMAINUS RIVER",2018,2018-09-07,250,82,0,0.114,0.142000000000865,0.167071428569865,0.181233333332542,-0.0250714285690005,42.526,142,21.3677348066298,0
"3296","CHEMAINUS RIVER",2018,2018-09-08,251,83,0,0.148,0.14100000000326,0.164428571430368,0.17923333333456,-0.0234285714271079,42.674,143,21.3677348066298,0
"3297","CHEMAINUS RIVER",2018,2018-09-09,252,84,0,0.25,0.155142857144321,0.167642857143489,0.180900000000838,-0.0124999999991685,42.924,144,21.3677348066298,0
"3298","CHEMAINUS RIVER",2018,2018-09-10,253,85,0,0.48,0.201857142857209,0.186714285714386,0.190566666666806,0.0151428571428239,43.404,145,21.3677348066298,0
"3299","CHEMAINUS RIVER",2018,2018-09-11,254,86,0,0.571,0.262857142860802,0.213714285716248,0.202466666667412,0.0491428571445535,43.975,146,21.3677348066298,0
"3300","CHEMAINUS RIVER",2018,2018-09-12,255,87,0,0.656,0.336857142858207,0.247285714285681,0.217233333335025,0.0895714285725262,44.631,147,21.3677348066298,0
"3301","CHEMAINUS RIVER",2018,2018-09-13,256,88,0,0.756,0.425000000004989,0.287714285713654,0.235500000000078,0.137285714291335,45.387,148,21.3677348066298,0
"3302","CHEMAINUS RIVER",2018,2018-09-14,257,89,0,0.759,0.517142857142192,0.329571428571528,0.25413333333175,0.187571428570664,46.146,149,21.3677348066298,0
"3303","CHEMAINUS RIVER",2018,2018-09-15,258,90,0,0.79,0.608857142855413,0.374928571429336,0.273833333334187,0.233928571426077,46.936,150,21.3677348066298,0
"3304","CHEMAINUS RIVER",2018,2018-09-16,259,91,0,1.03,0.720285714279661,0.437714285711991,0.301733333332231,0.28257142856767,47.966,151,21.3677348066298,0
"3305","CHEMAINUS RIVER",2018,2018-09-17,260,92,0,2.2,0.96599999999827,0.58392857142774,0.368666666666589,0.38207142857053,50.166,152,21.3677348066298,0
"3306","CHEMAINUS RIVER",2018,2018-09-18,261,93,0,1.92,1.15871428571076,0.710785714285781,0.425966666666015,0.447928571424979,52.086,153,21.3677348066298,0
"3307","CHEMAINUS RIVER",2018,2018-09-19,262,94,0,1.43,1.26928571427873,0.803071428568468,0.467099999999239,0.466214285710261,53.516,154,21.3677348066298,0
"3308","CHEMAINUS RIVER",2018,2018-09-20,263,95,0,1.21,1.33414285713973,0.87957142857236,0.50120000000073,0.454571428567371,54.726,155,21.3677348066298,0
"3309","CHEMAINUS RIVER",2018,2018-09-21,264,96,0,4.24,1.83142857142957,1.17428571428588,0.636899999998665,0.657142857143689,58.966,156,21.3677348066298,0
"3310","CHEMAINUS RIVER",2018,2018-09-22,265,97,0,19.4,4.489999999999,2.54942857142721,1.2782666666666,1.94057142857179,78.366,157,21.3677348066298,0
"3311","CHEMAINUS RIVER",2018,2018-09-23,266,98,0,11.8,6.02857142857309,3.37442857142638,1.6659666666664,2.65414285714672,90.166,158,21.3677348066298,0
"3312","CHEMAINUS RIVER",2018,2018-09-24,267,99,0,6.67,6.66714285714053,3.8165714285694,1.8821333333326,2.85057142857113,96.836,159,21.3677348066298,0
"3313","CHEMAINUS RIVER",2018,2018-09-25,268,100,0,4.78,7.07571428571828,4.11721428571452,2.03463333333299,2.95850000000376,101.616,160,21.3677348066298,0
"3314","CHEMAINUS RIVER",2018,2018-09-26,269,101,0,3.74,7.40571428571794,4.33749999999834,2.15219999999972,3.06821428571961,105.356,161,21.3677348066298,0
"3315","CHEMAINUS RIVER",2018,2018-09-27,270,102,0,3.08,7.67285714286014,4.50349999999993,2.24843333333459,3.1693571428602,108.436,162,21.3677348066298,0
"3316","CHEMAINUS RIVER",2018,2018-09-28,271,103,1,2.63,7.44285714286213,4.63714285714585,2.32989999999991,2.80571428571628,111.066,163,21.3677348066298,0
"3317","CHEMAINUS RIVER",2020,2020-06-17,169,1,0,5.35,6.0428571428638,4.97928571428721,5.65199999999992,1.06357142857658,5.35,78,28.0276243093923,0
"3318","CHEMAINUS RIVER",2020,2020-06-18,170,2,0,4.77,5.87714285713654,5.08571428571096,5.44099999999938,0.791428571425579,10.12,79,28.0276243093923,0
"3319","CHEMAINUS RIVER",2020,2020-06-19,171,3,0,4.33,5.65142857142824,5.17142857143023,5.27233333333279,0.479999999998005,14.45,80,28.0276243093923,0
"3320","CHEMAINUS RIVER",2020,2020-06-20,172,4,0,4.34,5.33857142857076,5.2664285714314,5.13733333333318,0.0721428571393652,18.79,81,28.0276243093923,0
"3321","CHEMAINUS RIVER",2020,2020-06-21,173,5,0,4.45,5.05285714285648,5.3599999999985,5.00533333333248,-0.307142857142026,23.24,82,28.0276243093923,0
"3322","CHEMAINUS RIVER",2020,2020-06-22,174,6,0,3.95,4.760000000001,5.42999999999717,4.89933333333271,-0.669999999996175,27.19,83,28.0276243093923,0
"3323","CHEMAINUS RIVER",2020,2020-06-23,175,7,0,3.53,4.38857142857575,5.364999999999,4.80199999999992,-0.976428571423249,30.72,84,28.0276243093923,0
"3324","CHEMAINUS RIVER",2020,2020-06-24,176,8,0,3.39,4.10857142857276,5.07571428571828,4.69600000000016,-0.967142857145518,34.11,85,28.0276243093923,0
"3325","CHEMAINUS RIVER",2020,2020-06-25,177,9,0,3.36,3.90714285714785,4.89214285714219,4.5856666666669,-0.984999999994345,37.47,86,28.0276243093923,0
"3326","CHEMAINUS RIVER",2020,2020-06-26,178,10,0,3.05,3.72428571428671,4.68785714285748,4.49333333333295,-0.963571428570763,40.52,87,28.0276243093923,0
"3327","CHEMAINUS RIVER",2020,2020-06-27,179,11,0,2.84,3.510000000001,4.42428571428588,4.41266666666682,-0.914285714284883,43.36,88,28.0276243093923,0
"3328","CHEMAINUS RIVER",2020,2020-06-28,180,12,0,2.74,3.26571428572061,4.15928571428854,4.34133333333302,-0.893571428567936,46.1,89,28.0276243093923,0
"3329","CHEMAINUS RIVER",2020,2020-06-29,181,13,0,2.49,3.05714285714618,3.90857142857359,4.27166666666744,-0.851428571427407,48.59,90,28.0276243093923,0
"3330","CHEMAINUS RIVER",2020,2020-06-30,182,14,0,2.31,2.88285714285615,3.63571428571595,4.20633333333341,-0.752857142859804,50.9,91,28.0276243093923,0
"3331","CHEMAINUS RIVER",2020,2020-07-01,183,15,0,2.21,2.71428571428571,3.41142857142924,4.15200000000186,-0.697142857143522,53.11,92,28.0276243093923,0
"3332","CHEMAINUS RIVER",2020,2020-07-02,184,16,0,2.11,2.53571428571429,3.22142857143107,4.10233333333357,-0.68571428571678,55.22,93,28.0276243093923,0
"3333","CHEMAINUS RIVER",2020,2020-07-03,185,17,0,2.14,2.40571428571794,3.06500000000233,4.05733333333434,-0.659285714284384,57.36,94,28.0276243093923,0
"3334","CHEMAINUS RIVER",2020,2020-07-04,186,18,0,2.4,2.34285714285215,2.92642857142658,4.02799999999891,-0.583571428574422,59.76,95,28.0276243093923,0
"3335","CHEMAINUS RIVER",2020,2020-07-05,187,19,0,2.32,2.28285714285448,2.77428571428754,4.00100000000093,-0.491428571433062,62.08,96,28.0276243093923,0
"3336","CHEMAINUS RIVER",2020,2020-07-06,188,20,0,2.13,2.23142857142791,2.64428571428704,3.97166666666744,-0.412857142859139,64.21,97,28.0276243093923,0
"3337","CHEMAINUS RIVER",2020,2020-07-07,189,21,0,1.96,2.18142857143123,2.53214285714369,3.93233333333434,-0.350714285712456,66.17,98,28.0276243093923,0
"3338","CHEMAINUS RIVER",2020,2020-07-08,190,22,0,1.86,2.13142857142624,2.42285714285598,3.89533333333287,-0.291428571429735,68.03,99,28.0276243093923,0
"3339","CHEMAINUS RIVER",2020,2020-07-09,191,23,0,1.85,2.09428571428206,2.31499999999817,3.80899999999868,-0.220714285716115,69.88,100,28.0276243093923,0
"3340","CHEMAINUS RIVER",2020,2020-07-10,192,24,0,1.81,2.04714285713687,2.22642857142741,3.6213333333338,-0.179285714290538,71.69,101,28.0276243093923,0
"3341","CHEMAINUS RIVER",2020,2020-07-11,193,25,0,1.72,1.95000000000333,2.14642857142774,3.48099999999977,-0.196428571424414,73.41,102,28.0276243093923,0
"3342","CHEMAINUS RIVER",2020,2020-07-12,194,26,0,1.74,1.86714285714386,2.07499999999917,3.34200000000031,-0.207857142855313,75.15,103,28.0276243093923,0
"3343","CHEMAINUS RIVER",2020,2020-07-13,195,27,0,1.72,1.80857142856777,2.01999999999784,3.18166666666511,-0.211428571430068,76.87,104,28.0276243093923,0
"3344","CHEMAINUS RIVER",2020,2020-07-14,196,28,0,1.6,1.75714285714119,1.96928571428621,3.02000000000116,-0.212142857145019,78.47,105,28.0276243093923,0
"3345","CHEMAINUS RIVER",2020,2020-07-15,197,29,0,1.49,1.70428571428472,1.91785714285548,2.86966666666752,-0.213571428570763,79.96,106,28.0276243093923,0
"3346","CHEMAINUS RIVER",2020,2020-07-16,198,30,0,1.38,1.63714285714585,1.86571428571395,2.71133333333419,-0.228571428568102,81.34,107,28.0276243093923,0
"3347","CHEMAINUS RIVER",2020,2020-07-17,199,31,0,1.32,1.56714285714718,1.80714285714203,2.57699999999992,-0.239999999994845,82.66,108,28.0276243093923,0
"3348","CHEMAINUS RIVER",2020,2020-07-18,200,32,0,1.24,1.4985714285701,1.72428571428671,2.45933333333426,-0.225714285716614,83.9,109,28.0276243093923,0
"3349","CHEMAINUS RIVER",2020,2020-07-19,201,33,0,1.18,1.41857142857043,1.64285714285714,2.35433333333349,-0.224285714286712,85.08,110,28.0276243093923,0
"3350","CHEMAINUS RIVER",2020,2020-07-20,202,34,0,1.11,1.33142857142957,1.56999999999867,2.2466666666655,-0.2385714285691,86.19,111,28.0276243093923,0
"3351","CHEMAINUS RIVER",2020,2020-07-21,203,35,0,1.08,1.25714285714119,1.50714285714119,2.13433333333426,-0.25,87.27,112,28.0276243093923,0
"3352","CHEMAINUS RIVER",2020,2020-07-22,204,36,0,1.05,1.19428571428372,1.44928571428422,2.03766666666682,-0.255000000000499,88.32,113,28.0276243093923,0
"3353","CHEMAINUS RIVER",2020,2020-07-23,205,37,0,1.12,1.15714285713953,1.39714285714269,1.9573333333324,-0.24000000000316,89.44,114,28.0276243093923,0
"3354","CHEMAINUS RIVER",2020,2020-07-24,206,38,0,1.06,1.11999999999534,1.34357142857126,1.87966666666519,-0.223571428575919,90.5,115,28.0276243093923,0
"3355","CHEMAINUS RIVER",2020,2020-07-25,207,39,0,1.04,1.09142857143057,1.29500000000033,1.80233333333357,-0.203571428569765,91.54,116,28.0276243093923,0
"3356","CHEMAINUS RIVER",2020,2020-07-26,208,40,0,1.01,1.06714285713887,1.24285714285465,1.73433333333232,-0.175714285715783,92.55,117,28.0276243093923,0
"3357","CHEMAINUS RIVER",2020,2020-07-27,209,41,0,0.944,1.0434285714291,1.18742857142934,1.67113333333206,-0.144000000000233,93.494,118,28.0276243093923,0
"3358","CHEMAINUS RIVER",2020,2020-07-28,210,42,0,0.873,1.01385714285841,1.1354999999998,1.60889999999975,-0.121642857141393,94.367,119,28.0276243093923,0
"3359","CHEMAINUS RIVER",2020,2020-07-29,211,43,0,0.819,0.980857142854282,1.087571428569,1.55319999999871,-0.106714285714718,95.186,120,28.0276243093923,0
"3360","CHEMAINUS RIVER",2020,2020-07-30,212,44,0,0.764,0.93000000000133,1.04357142857043,1.50166666666628,-0.1135714285691,95.95,121,28.0276243093923,0
"3361","CHEMAINUS RIVER",2020,2020-07-31,213,45,0,0.717,0.881000000002262,1.0004999999988,1.45189999999905,-0.119499999996541,96.667,122,28.0276243093923,0
"3362","CHEMAINUS RIVER",2020,2020-08-01,214,46,0,0.661,0.826857142857209,0.959142857143888,1.40360000000025,-0.132285714286679,97.328,123,28.0276243093923,0
"3363","CHEMAINUS RIVER",2020,2020-08-02,215,47,0,0.627,0.772142857146848,0.919642857142857,1.35316666666574,-0.147499999996009,97.955,124,28.0276243093923,0
"3364","CHEMAINUS RIVER",2020,2020-08-03,216,48,0,0.609,0.724285714286712,0.883857142857908,1.29346666666679,-0.159571428571196,98.564,125,28.0276243093923,0
"3365","CHEMAINUS RIVER",2020,2020-08-04,217,49,0,0.59,0.683857142858739,0.848857142858573,1.23580000000074,-0.164999999999834,99.154,126,28.0276243093923,0
"3366","CHEMAINUS RIVER",2020,2020-08-05,218,50,0,0.564,0.647428571429503,0.814142857141893,1.18359999999908,-0.16671428571239,99.718,127,28.0276243093923,0
"3367","CHEMAINUS RIVER",2020,2020-08-06,219,51,0,0.72,0.641142857144587,0.785571428572959,1.14226666666606,-0.144428571428372,100.438,128,28.0276243093923,0
"3368","CHEMAINUS RIVER",2020,2020-08-07,220,52,0,0.671,0.634571428568701,0.757785714285481,1.10263333333229,-0.12321428571678,101.109,129,28.0276243093923,0
"3369","CHEMAINUS RIVER",2020,2020-08-08,221,53,0,0.673,0.636285714281257,0.731571428569233,1.06340000000006,-0.0952857142879761,101.782,130,28.0276243093923,0
"3370","CHEMAINUS RIVER",2020,2020-08-09,222,54,0,0.636,0.637571428569832,0.70485714285834,1.02426666666676,-0.0672857142885082,102.418,131,28.0276243093923,0
"3371","CHEMAINUS RIVER",2020,2020-08-10,223,55,0,0.588,0.634571428568701,0.679428571427707,0.986533333332045,-0.0448571428590055,103.006,132,28.0276243093923,0
"3372","CHEMAINUS RIVER",2020,2020-08-11,224,56,0,0.55,0.628857142857409,0.656357142858074,0.946866666667241,-0.0275000000006653,103.556,133,28.0276243093923,0
"3373","CHEMAINUS RIVER",2020,2020-08-12,225,57,0,0.517,0.622142857148512,0.634785714289007,0.906766666667924,-0.0126428571404956,104.073,134,28.0276243093923,0
"3374","CHEMAINUS RIVER",2020,2020-08-13,226,58,0,0.499,0.590571428574289,0.615857142859438,0.870066666667117,-0.0252857142851489,104.572,135,28.0276243093923,0
"3375","CHEMAINUS RIVER",2020,2020-08-14,227,59,0,0.483,0.563714285713753,0.599142857141227,0.836499999999069,-0.0354285714274738,105.055,136,28.0276243093923,0
"3376","CHEMAINUS RIVER",2020,2020-08-15,228,60,0,0.468,0.534428571434026,0.585357142857642,0.806100000000636,-0.0509285714236154,105.523,137,28.0276243093923,0
"3377","CHEMAINUS RIVER",2020,2020-08-16,229,61,0,0.463,0.509714285718344,0.573642857144088,0.777533333333364,-0.0639285714257442,105.986,138,28.0276243093923,0
"3378","CHEMAINUS RIVER",2020,2020-08-17,230,62,0,0.455,0.490714285713953,0.562642857141327,0.751366666665611,-0.071928571427374,106.441,139,28.0276243093923,0
"3379","CHEMAINUS RIVER",2020,2020-08-18,231,63,0,0.432,0.473857142854415,0.551357142855912,0.726433333333504,-0.0775000000014968,106.873,140,28.0276243093923,0
"3380","CHEMAINUS RIVER",2020,2020-08-19,232,64,0,0.414,0.459142857139731,0.540642857144121,0.703233333333628,-0.0815000000043905,107.287,141,28.0276243093923,0
"3381","CHEMAINUS RIVER",2020,2020-08-20,233,65,0,0.645,0.479999999998004,0.535285714286147,0.688733333333706,-0.0552857142881424,107.932,142,28.0276243093923,0
"3382","CHEMAINUS RIVER",2020,2020-08-21,234,66,0,1.54,0.631000000002262,0.597357142858008,0.705066666666729,0.0336428571442541,109.472,143,28.0276243093923,0
"3383","CHEMAINUS RIVER",2020,2020-08-22,235,67,0,2.97,0.988428571427773,0.7614285714309,0.76673333333456,0.226999999996873,112.442,144,28.0276243093923,0
"3384","CHEMAINUS RIVER",2020,2020-08-23,236,68,0,2.06,1.21657142857189,0.863142857145119,0.800066666667893,0.353428571426775,114.502,145,28.0276243093923,0
"3385","CHEMAINUS RIVER",2020,2020-08-24,237,69,0,1.51,1.36728571428518,0.928999999999568,0.815733333331688,0.438285714285615,116.012,146,28.0276243093923,0
"3386","CHEMAINUS RIVER",2020,2020-08-25,238,70,0,1.22,1.47985714285668,0.976857142855546,0.822733333334327,0.503000000001131,117.232,147,28.0276243093923,0
"3387","CHEMAINUS RIVER",2020,2020-08-26,239,71,0,1.03,1.56785714285382,1.01349999999677,0.825599999999395,0.554357142857043,118.262,148,28.0276243093923,0
"3388","CHEMAINUS RIVER",2020,2020-08-27,240,72,0,0.913,1.60614285713694,1.04307142856747,0.826933333332029,0.563071428569466,119.175,149,28.0276243093923,0
"3389","CHEMAINUS RIVER",2020,2020-08-28,241,73,0,0.822,1.50357142857475,1.06728571428851,0.827033333334839,0.436285714286247,119.997,150,28.0276243093923,0
"3390","CHEMAINUS RIVER",2020,2020-08-29,242,74,0,0.752,1.18671428571023,1.087571428569,0.826633333333302,0.0991428571412272,120.749,151,28.0276243093923,0
"3391","CHEMAINUS RIVER",2020,2020-08-30,243,75,0,0.685,0.990285714281656,1.10342857142678,0.825566666666418,-0.113142857145119,121.434,152,28.0276243093923,0
"3392","CHEMAINUS RIVER",2020,2020-08-31,244,76,0,0.671,0.870428571435956,1.11885714286057,0.825900000000062,-0.248428571424613,122.105,153,28.0276243093923,0
"3393","CHEMAINUS RIVER",2020,2020-09-01,245,77,0,0.646,0.788428571424447,1.13414285714056,0.826533333332433,-0.345714285716115,122.751,154,28.0276243093923,0
"3394","CHEMAINUS RIVER",2020,2020-09-02,246,78,0,0.6,0.727000000005189,1.1474285714295,0.826233333333706,-0.420428571424314,123.351,155,28.0276243093923,0
"3395","CHEMAINUS RIVER",2020,2020-09-03,247,79,0,0.568,0.67771428571515,1.14192857142604,0.825499999998525,-0.464214285710893,123.919,156,28.0276243093923,0
"3396","CHEMAINUS RIVER",2020,2020-09-04,248,80,0,0.537,0.636999999996208,1.07028571428548,0.824600000000404,-0.433285714289273,124.456,157,28.0276243093923,0
"3397","CHEMAINUS RIVER",2020,2020-09-05,249,81,0,0.509,0.602285714287843,0.894499999999035,0.817566666666729,-0.292214285711192,124.965,158,28.0276243093923,0
"3398","CHEMAINUS RIVER",2020,2020-09-06,250,82,0,0.48,0.5729999999998,0.781642857140728,0.811200000000342,-0.208642857140928,125.445,159,28.0276243093923,0
"3399","CHEMAINUS RIVER",2020,2020-09-07,251,83,0,0.463,0.543285714279461,0.706857142857708,0.804199999999643,-0.163571428578247,125.908,160,28.0276243093923,0
"3400","CHEMAINUS RIVER",2020,2020-09-08,252,84,0,0.441,0.513999999999734,0.651214285712091,0.79769999999941,-0.137214285712357,126.349,161,28.0276243093923,0
"3401","CHEMAINUS RIVER",2020,2020-09-09,253,85,0,0.419,0.488142857145119,0.607571428575154,0.792066666668203,-0.119428571430035,126.768,162,28.0276243093923,0
"3402","CHEMAINUS RIVER",2020,2020-09-10,254,86,1,0.412,0.465857142856943,0.571785714286047,0.787466666665083,-0.105928571429104,127.18,163,28.0276243093923,0
"3403","CHEMAINUS RIVER",2022,2022-06-18,169,1,0,9.92,11.0271428571432,13.827857142859,14.9430000000012,-2.80071428571578,9.92,29,27.4746961325967,0
"3404","CHEMAINUS RIVER",2022,2022-06-19,170,2,0,10.4,10.4842857142877,13.0850000000002,14.5529999999989,-2.60071428571246,20.32,30,27.4746961325967,0
"3405","CHEMAINUS RIVER",2022,2022-06-20,171,3,0,9.33,10.0599999999977,12.4657142857156,14.2273333333336,-2.40571428571794,29.65,31,27.4746961325967,0
"3406","CHEMAINUS RIVER",2022,2022-06-21,172,4,0,8.55,9.72428571428671,12.0692857142837,13.9190000000002,-2.34499999999701,38.2,32,27.4746961325967,0
"3407","CHEMAINUS RIVER",2022,2022-06-22,173,5,0,8.08,9.46142857142591,11.7107142857151,13.6216666666674,-2.24928571428921,46.28,33,27.4746961325967,0
"3408","CHEMAINUS RIVER",2022,2022-06-23,174,6,0,7.39,9.12428571428505,11.3028571428606,13.3146666666667,-2.17857142857559,53.67,34,27.4746961325967,0
"3409","CHEMAINUS RIVER",2022,2022-06-24,175,7,0,6.61,8.61142857143256,10.3035714285714,13.0083333333333,-1.69214285713887,60.28,35,27.4746961325967,0
"3410","CHEMAINUS RIVER",2022,2022-06-25,176,8,0,6.13,8.06999999999867,9.54857142857093,12.682666666668,-1.47857142857226,66.41,36,27.4746961325967,0
"3411","CHEMAINUS RIVER",2022,2022-06-26,177,9,0,5.83,7.41714285714884,8.95071428571828,12.2936666666685,-1.53357142856943,72.24,37,27.4746961325967,0
"3412","CHEMAINUS RIVER",2022,2022-06-27,178,10,0,5.49,6.86857142857376,8.46428571428571,11.9366666666678,-1.59571428571196,77.73,38,27.4746961325967,0
"3413","CHEMAINUS RIVER",2022,2022-06-28,179,11,0,5.14,6.38142857142624,8.05285714285648,11.6579999999997,-1.67142857143024,82.87,39,27.4746961325967,0
"3414","CHEMAINUS RIVER",2022,2022-06-29,180,12,0,4.91,5.92857142857143,7.69499999999867,11.4050000000008,-1.76642857142724,87.78,40,27.4746961325967,0
"3415","CHEMAINUS RIVER",2022,2022-06-30,181,13,0,4.67,5.53999999999568,7.33214285714036,11.1473333333328,-1.79214285714469,92.45,41,27.4746961325967,0
"3416","CHEMAINUS RIVER",2022,2022-07-01,182,14,0,4.37,5.21999999999701,6.91571428571478,10.8696666666656,-1.69571428571778,96.82,42,27.4746961325967,0
"3417","CHEMAINUS RIVER",2022,2022-07-02,183,15,0,4.16,4.93857142857243,6.50428571428555,10.5650000000004,-1.56571428571312,100.98,43,27.4746961325967,0
"3418","CHEMAINUS RIVER",2022,2022-07-03,184,16,0,4.13,4.69571428571362,6.05642857143123,10.1793333333335,-1.36071428571761,105.11,44,27.4746961325967,0
"3419","CHEMAINUS RIVER",2022,2022-07-04,185,17,0,4.4,4.53999999999568,5.70428571428472,9.77266666666643,-1.16428571428904,109.51,45,27.4746961325967,0
"3420","CHEMAINUS RIVER",2022,2022-07-05,186,18,0,4.46,4.44285714286213,5.41214285714419,9.22800000000085,-0.969285714282056,113.97,46,27.4746961325967,0
"3421","CHEMAINUS RIVER",2022,2022-07-06,187,19,0,4.1,4.32714285713986,5.12785714285565,8.76466666666674,-0.800714285715783,118.07,47,27.4746961325967,0
"3422","CHEMAINUS RIVER",2022,2022-07-07,188,20,0,4.44,4.29428571428538,4.91714285714053,8.44266666666566,-0.622857142855147,122.51,48,27.4746961325967,0
"3423","CHEMAINUS RIVER",2022,2022-07-08,189,21,0,3.95,4.23428571428771,4.72714285714236,8.13766666666682,-0.492857142854649,126.46,49,27.4746961325967,0
"3424","CHEMAINUS RIVER",2022,2022-07-09,190,22,0,3.67,4.16428571428072,4.55142857142658,7.82333333333372,-0.387142857145851,130.13,50,27.4746961325967,0
"3425","CHEMAINUS RIVER",2022,2022-07-10,191,23,0,3.4,4.05999999999767,4.37785714285565,7.25,-0.317857142857974,133.53,51,27.4746961325967,0
"3426","CHEMAINUS RIVER",2022,2022-07-11,192,24,0,3.21,3.89000000000565,4.21500000000067,6.80033333333364,-0.324999999995011,136.74,52,27.4746961325967,0
"3427","CHEMAINUS RIVER",2022,2022-07-12,193,25,0,3.02,3.68428571428272,4.06357142857243,6.42766666666721,-0.379285714289705,139.76,53,27.4746961325967,0
"3428","CHEMAINUS RIVER",2022,2022-07-13,194,26,0,2.82,3.5014285714299,3.91428571428488,6.11166666666589,-0.412857142854981,142.58,54,27.4746961325967,0
"3429","CHEMAINUS RIVER",2022,2022-07-14,195,27,0,2.65,3.24571428571861,3.770000000002,5.83666666666783,-0.524285714283386,145.23,55,27.4746961325967,0
"3430","CHEMAINUS RIVER",2022,2022-07-15,196,28,0,2.56,3.04714285714519,3.64071428571645,5.59133333333302,-0.593571428571262,147.79,56,27.4746961325967,0
"3431","CHEMAINUS RIVER",2022,2022-07-16,197,29,0,2.63,2.89857142857675,3.53142857142874,5.35399999999984,-0.632857142851987,150.42,57,27.4746961325967,0
"3432","CHEMAINUS RIVER",2022,2022-07-17,198,30,0,2.71,2.79999999999667,3.42999999999717,5.10433333333349,-0.630000000000499,153.13,58,27.4746961325967,0
"3433","CHEMAINUS RIVER",2022,2022-07-18,199,31,0,2.8,2.74142857142059,3.31571428571312,4.86699999999837,-0.574285714292533,155.93,59,27.4746961325967,0
"3434","CHEMAINUS RIVER",2022,2022-07-19,200,32,0,2.57,2.67714285714153,3.18071428571212,4.60599999999977,-0.503571428570597,158.5,60,27.4746961325967,0
"3435","CHEMAINUS RIVER",2022,2022-07-20,201,33,0,2.41,2.61857142857376,3.06000000000183,4.37533333333364,-0.441428571428073,160.91,61,27.4746961325967,0
"3436","CHEMAINUS RIVER",2022,2022-07-21,202,34,0,2.24,2.55999999999767,2.90285714285814,4.16500000000039,-0.342857142860469,163.15,62,27.4746961325967,0
"3437","CHEMAINUS RIVER",2022,2022-07-22,203,35,0,2.11,2.49571428571029,2.77142857142774,3.96599999999938,-0.275714285717445,165.26,63,27.4746961325967,0
"3438","CHEMAINUS RIVER",2022,2022-07-23,204,36,0,1.99,2.40428571427973,2.65142857142824,3.7859999999986,-0.247142857148511,167.25,64,27.4746961325967,0
"3439","CHEMAINUS RIVER",2022,2022-07-24,205,37,0,1.89,2.28714285714419,2.54357142857043,3.6286666666662,-0.256428571426243,169.14,65,27.4746961325967,0
"3440","CHEMAINUS RIVER",2022,2022-07-25,206,38,0,1.8,2.14428571428704,2.44285714285382,3.48433333333232,-0.298571428566772,170.94,66,27.4746961325967,0
"3441","CHEMAINUS RIVER",2022,2022-07-26,207,39,0,1.69,2.01857142857209,2.34785714285681,3.34633333333186,-0.329285714284716,172.63,67,27.4746961325967,0
"3442","CHEMAINUS RIVER",2022,2022-07-27,208,40,0,1.58,1.89999999999834,2.25928571428605,3.21599999999938,-0.35928571428771,174.21,68,27.4746961325967,0
"3443","CHEMAINUS RIVER",2022,2022-07-28,209,41,0,1.49,1.79285714285548,2.17642857142658,3.09433333333388,-0.383571428571096,175.7,69,27.4746961325967,0
"3444","CHEMAINUS RIVER",2022,2022-07-29,210,42,0,1.41,1.69285714286213,2.09428571428621,2.97766666666721,-0.401428571424081,177.11,70,27.4746961325967,0
"3445","CHEMAINUS RIVER",2022,2022-07-30,211,43,0,1.32,1.59714285714186,2.00071428571079,2.86599999999938,-0.403571428568934,178.43,71,27.4746961325967,0
"3446","CHEMAINUS RIVER",2022,2022-07-31,212,44,0,1.27,1.5085714285711,1.89785714285764,2.76266666666682,-0.389285714286546,179.7,72,27.4746961325967,0
"3447","CHEMAINUS RIVER",2022,2022-08-01,213,45,0,1.2,1.42285714286014,1.78357142857359,2.66399999999946,-0.360714285713454,180.9,73,27.4746961325967,0
"3448","CHEMAINUS RIVER",2022,2022-08-02,214,46,0,1.14,1.34428571429037,1.68142857143123,2.5643333333331,-0.337142857140861,182.04,74,27.4746961325967,0
"3449","CHEMAINUS RIVER",2022,2022-08-03,215,47,0,1.09,1.27428571428339,1.58714285714086,2.45399999999984,-0.312857142857476,183.13,75,27.4746961325967,0
"3450","CHEMAINUS RIVER",2022,2022-08-04,216,48,0,1.06,1.21285714285581,1.50285714285565,2.34066666666574,-0.289999999999834,184.19,76,27.4746961325967,0
"3451","CHEMAINUS RIVER",2022,2022-08-05,217,49,0,1.03,1.15857142856943,1.42571428571578,2.23833333333411,-0.26714285714635,185.22,77,27.4746961325967,0
"3452","CHEMAINUS RIVER",2022,2022-08-06,218,50,0,0.986,1.11085714285894,1.3540000000004,2.12319999999988,-0.24314285714146,186.206,78,27.4746961325967,0
"3453","CHEMAINUS RIVER",2022,2022-08-07,219,51,0,0.94,1.06371428571375,1.28614285714242,2.02286666666623,-0.222428571428671,187.146,79,27.4746961325967,0
"3454","CHEMAINUS RIVER",2022,2022-08-08,220,52,0,0.893,1.01985714286067,1.2213571428604,1.93030000000144,-0.201499999999734,188.039,80,27.4746961325967,0
"3455","CHEMAINUS RIVER",2022,2022-08-09,221,53,0,0.853,0.978857142850757,1.16157142857056,1.84539999999882,-0.182714285719807,188.892,81,27.4746961325967,0
"3456","CHEMAINUS RIVER",2022,2022-08-10,222,54,0,0.91,0.953142857145784,1.11371428571458,1.76873333333254,-0.160571428568801,189.802,82,27.4746961325967,0
"3457","CHEMAINUS RIVER",2022,2022-08-11,223,55,0,0.831,0.920428571432629,1.06664285714422,1.69576666666738,-0.146214285711591,190.633,83,27.4746961325967,0
"3458","CHEMAINUS RIVER",2022,2022-08-12,224,56,0,0.79,0.88614285713993,1.02235714285468,1.62809999999978,-0.136214285714751,191.423,84,27.4746961325967,0
"3459","CHEMAINUS RIVER",2022,2022-08-13,225,57,0,0.747,0.852000000005189,0.981428571432064,1.56466666666674,-0.129428571426875,192.17,85,27.4746961325967,0
"3460","CHEMAINUS RIVER",2022,2022-08-14,226,58,0,0.722,0.820857142854948,0.942285714284351,1.50339999999851,-0.121428571429403,192.892,86,27.4746961325967,0
"3461","CHEMAINUS RIVER",2022,2022-08-15,227,59,0,0.695,0.79257142856451,0.906214285712589,1.43889999999859,-0.113642857148079,193.587,87,27.4746961325967,0
"3462","CHEMAINUS RIVER",2022,2022-08-16,228,60,0,0.666,0.765857142861933,0.872357142856345,1.37076666666738,-0.106499999994412,194.253,88,27.4746961325967,0
"3463","CHEMAINUS RIVER",2022,2022-08-17,229,61,0,0.649,0.728571428568102,0.840857142856943,1.29906666666696,-0.112285714288841,194.902,89,27.4746961325967,0
"3464","CHEMAINUS RIVER",2022,2022-08-18,230,62,0,0.629,0.699714285712356,0.810071428572493,1.23436666666724,-0.110357142860136,195.531,90,27.4746961325967,0
"3465","CHEMAINUS RIVER",2022,2022-08-19,231,63,0,0.609,0.673857142857742,0.779999999998836,1.17433333333271,-0.106142857141094,196.14,91,27.4746961325967,0
"3466","CHEMAINUS RIVER",2022,2022-08-20,232,64,0,0.634,0.657714285713155,0.754857142859172,1.12080000000036,-0.097142857146017,196.774,92,27.4746961325967,0
"3467","CHEMAINUS RIVER",2022,2022-08-21,233,65,0,0.607,0.641285714285914,0.731071428570431,1.07069999999949,-0.0897857142845169,197.381,93,27.4746961325967,0
"3468","CHEMAINUS RIVER",2022,2022-08-22,234,66,0,0.586,0.625714285714951,0.709142857139731,1.02390000000014,-0.0834285714247797,197.967,94,27.4746961325967,0
"3469","CHEMAINUS RIVER",2022,2022-08-23,235,67,0,0.567,0.61157142857389,0.688714285717911,0.979800000000978,-0.0771428571440214,198.534,95,27.4746961325967,0
"3470","CHEMAINUS RIVER",2022,2022-08-24,236,68,0,0.55,0.597428571432829,0.663000000000466,0.938133333334311,-0.0655714285676368,199.084,96,27.4746961325967,0
"3471","CHEMAINUS RIVER",2022,2022-08-25,237,69,0,0.532,0.583571428574422,0.641642857143389,0.899533333334451,-0.0580714285689672,199.616,97,27.4746961325967,0
"3472","CHEMAINUS RIVER",2022,2022-08-26,238,70,0,0.515,0.570142857139997,0.621999999998869,0.864033333332433,-0.0518571428588724,200.131,98,27.4746961325967,0
"3473","CHEMAINUS RIVER",2022,2022-08-27,239,71,0,0.506,0.551857142858872,0.604785714286014,0.831233333334482,-0.0529285714271412,200.637,99,27.4746961325967,0
"3474","CHEMAINUS RIVER",2022,2022-08-28,240,72,0,0.503,0.537000000002861,0.589142857144387,0.800999999998991,-0.0521428571415267,201.14,100,27.4746961325967,0
"3475","CHEMAINUS RIVER",2022,2022-08-29,241,73,0,0.493,0.523714285718078,0.574714285716514,0.773433333334591,-0.0509999999984367,201.633,101,27.4746961325967,0
"3476","CHEMAINUS RIVER",2022,2022-08-30,242,74,0,0.477,0.510857142857276,0.561214285715583,0.747000000001087,-0.0503571428583071,202.11,102,27.4746961325967,0
"3477","CHEMAINUS RIVER",2022,2022-08-31,243,75,0,0.467,0.499000000002395,0.548214285717612,0.722566666667505,-0.0492142857152171,202.577,103,27.4746961325967,0
"3478","CHEMAINUS RIVER",2022,2022-09-01,244,76,0,0.451,0.487428571430168,0.535500000002295,0.699600000000404,-0.048071428572127,203.028,104,27.4746961325967,0
"3479","CHEMAINUS RIVER",2022,2022-09-02,245,77,0,0.441,0.476857142863862,0.523500000001929,0.677966666667877,-0.0466428571380675,203.469,105,27.4746961325967,0
"3480","CHEMAINUS RIVER",2022,2022-09-03,246,78,0,0.431,0.466142857139598,0.508999999999235,0.657000000000698,-0.0428571428596374,203.9,106,27.4746961325967,0
"3481","CHEMAINUS RIVER",2022,2022-09-04,247,79,0,0.424,0.45485714285834,0.4959285714306,0.636799999999736,-0.0410714285722601,204.324,107,27.4746961325967,0
"3482","CHEMAINUS RIVER",2022,2022-09-05,248,80,0,0.439,0.447142857143522,0.4854285714308,0.61856666666766,-0.0382857142872776,204.763,108,27.4746961325967,0
"3483","CHEMAINUS RIVER",2022,2022-09-06,249,81,0,0.43,0.44042857142631,0.475642857141793,0.60156666666735,-0.0352142857154831,205.193,109,27.4746961325967,0
"3484","CHEMAINUS RIVER",2022,2022-09-07,250,82,0,0.416,0.433142857135473,0.466071428568934,0.585666666664959,-0.0329285714334609,205.609,110,27.4746961325967,0
"3485","CHEMAINUS RIVER",2022,2022-09-08,251,83,0,0.407,0.426857142850557,0.457142857140363,0.570800000000357,-0.0302857142898054,206.016,111,27.4746961325967,0
"3486","CHEMAINUS RIVER",2022,2022-09-09,252,84,0,0.399,0.420857142856611,0.448857142860236,0.55376666666707,-0.0280000000036255,206.415,112,27.4746961325967,0
"3487","CHEMAINUS RIVER",2022,2022-09-10,253,85,0,0.39,0.414999999995676,0.440571428567637,0.539066666665409,-0.0255714285719608,206.805,113,27.4746961325967,0
"3488","CHEMAINUS RIVER",2022,2022-09-11,254,86,0,0.382,0.40900000000173,0.431928571430035,0.525466666667489,-0.0229285714283053,207.187,114,27.4746961325967,0
"3489","CHEMAINUS RIVER",2022,2022-09-12,255,87,0,0.373,0.39957142856604,0.423357142854781,0.512999999998525,-0.023785714288741,207.56,115,27.4746961325967,0
"3490","CHEMAINUS RIVER",2022,2022-09-13,256,88,0,0.371,0.391142857144587,0.415785714285448,0.501300000001599,-0.0246428571408615,207.931,116,27.4746961325967,0
"3491","CHEMAINUS RIVER",2022,2022-09-14,257,89,0,0.369,0.384428571435689,0.408785714285581,0.490433333334901,-0.0243571428498919,208.3,117,27.4746961325967,0
"3492","CHEMAINUS RIVER",2022,2022-09-15,258,90,0,0.401,0.383571428571096,0.405214285710827,0.481599999999162,-0.0216428571397306,208.701,118,27.4746961325967,0
"3493","CHEMAINUS RIVER",2022,2022-09-16,259,91,1,0.375,0.380142857137668,0.40049999999714,0.472466666666636,-0.0203571428594712,209.076,119,27.4746961325967,0
"3494","CHEMAINUS RIVER",2023,2023-06-18,169,1,0,1.27,1.52714285714319,1.76571428571645,3.2713333333338,-0.238571428573258,1.27,43,20.3234143646409,0
"3495","CHEMAINUS RIVER",2023,2023-06-19,170,2,0,1.32,1.43142857143123,1.70428571428887,3.01166666666783,-0.272857142857642,2.59,44,20.3234143646409,0
"3496","CHEMAINUS RIVER",2023,2023-06-20,171,3,0,1.31,1.37000000000366,1.65571428571379,2.79233333333395,-0.285714285710128,3.9,45,20.3234143646409,0
"3497","CHEMAINUS RIVER",2023,2023-06-21,172,4,0,1.28,1.32571428570996,1.614999999999,2.61333333333217,-0.28928571428904,5.18,46,20.3234143646409,0
"3498","CHEMAINUS RIVER",2023,2023-06-22,173,5,0,1.22,1.29428571428538,1.57642857142907,2.45666666666705,-0.282142857143689,6.4,47,20.3234143646409,0
"3499","CHEMAINUS RIVER",2023,2023-06-23,174,6,0,1.18,1.26714285714219,1.54214285714469,2.32000000000116,-0.275000000002495,7.58,48,20.3234143646409,0
"3500","CHEMAINUS RIVER",2023,2023-06-24,175,7,0,1.14,1.24571428571861,1.47142857143107,2.19566666666845,-0.225714285712456,8.72,49,20.3234143646409,0
"3501","CHEMAINUS RIVER",2023,2023-06-25,176,8,0,1.08,1.2185714285671,1.37285714285515,2.07599999999899,-0.154285714288043,9.8,50,20.3234143646409,0
"3502","CHEMAINUS RIVER",2023,2023-06-26,177,9,0,1.05,1.17999999999302,1.30571428571212,1.96266666666488,-0.125714285719109,10.85,51,20.3234143646409,0
"3503","CHEMAINUS RIVER",2023,2023-06-27,178,10,0,0.988,1.13399999999508,1.25199999999937,1.85859999999908,-0.118000000004291,11.838,52,20.3234143646409,0
"3504","CHEMAINUS RIVER",2023,2023-06-28,179,11,0,0.95,1.08685714285821,1.20628571428408,1.76860000000064,-0.119428571425877,12.788,53,20.3234143646409,0
"3505","CHEMAINUS RIVER",2023,2023-06-29,180,12,0,0.915,1.04328571427946,1.16878571428242,1.68543333333218,-0.12550000000296,13.703,54,20.3234143646409,0
"3506","CHEMAINUS RIVER",2023,2023-06-30,181,13,0,0.865,0.998285714287444,1.13271428571482,1.60993333333366,-0.134428571427374,14.568,55,20.3234143646409,0
"3507","CHEMAINUS RIVER",2023,2023-07-01,182,14,0,0.807,0.950714285709962,1.09821428571429,1.54016666666721,-0.147500000004324,15.375,56,20.3234143646409,0
"3508","CHEMAINUS RIVER",2023,2023-07-02,183,15,0,0.762,0.905285714285648,1.06192857142638,1.47590000000006,-0.156642857140728,16.137,57,20.3234143646409,0
"3509","CHEMAINUS RIVER",2023,2023-07-03,184,16,0,0.731,0.859714285720007,1.01985714285651,1.42060000000056,-0.160142857136504,16.868,58,20.3234143646409,0
"3510","CHEMAINUS RIVER",2023,2023-07-04,185,17,0,0.705,0.819285714292034,0.976642857143556,1.36743333333482,-0.157357142851522,17.573,59,20.3234143646409,0
"3511","CHEMAINUS RIVER",2023,2023-07-05,186,18,0,0.687,0.78171428571555,0.934285714286878,1.3176666666676,-0.152571428571329,18.26,60,20.3234143646409,0
"3512","CHEMAINUS RIVER",2023,2023-07-06,187,19,0,0.656,0.744714285721005,0.894000000000233,1.27319999999988,-0.149285714279228,18.916,61,20.3234143646409,0
"3513","CHEMAINUS RIVER",2023,2023-07-07,188,20,0,0.618,0.709428571422385,0.853857142854914,1.2321333333326,-0.14442857143253,19.534,62,20.3234143646409,0
"3514","CHEMAINUS RIVER",2023,2023-07-08,189,21,0,0.582,0.677285714282854,0.813999999996408,1.19286666666546,-0.136714285713554,20.116,63,20.3234143646409,0
"3515","CHEMAINUS RIVER",2023,2023-07-09,190,22,0,0.556,0.6478571428618,0.776571428573724,1.15606666666766,-0.128714285711924,20.672,64,20.3234143646409,0
"3516","CHEMAINUS RIVER",2023,2023-07-10,191,23,0,0.541,0.620714285710294,0.74021428571515,1.10309999999978,-0.119500000004856,21.213,65,20.3234143646409,0
"3517","CHEMAINUS RIVER",2023,2023-07-11,192,24,0,0.518,0.593999999999401,0.706642857145718,1.03836666666709,-0.112642857146316,21.731,66,20.3234143646409,0
"3518","CHEMAINUS RIVER",2023,2023-07-12,193,25,0,0.49,0.565857142858606,0.673785714287078,0.988366666667086,-0.107928571428472,22.221,67,20.3234143646409,0
"3519","CHEMAINUS RIVER",2023,2023-07-13,194,26,0,0.489,0.541999999999202,0.643357142860103,0.946666666667443,-0.101357142860901,22.71,68,20.3234143646409,0
"3520","CHEMAINUS RIVER",2023,2023-07-14,195,27,0,0.474,0.521428571431898,0.615428571427141,0.90946666666617,-0.0939999999952436,23.184,69,20.3234143646409,0
"3521","CHEMAINUS RIVER",2023,2023-07-15,196,28,0,0.451,0.502714285718477,0.590000000000665,0.876499999999457,-0.0872857142821886,23.635,70,20.3234143646409,0
"3522","CHEMAINUS RIVER",2023,2023-07-16,197,29,0,0.424,0.483857142855413,0.565857142858606,0.844966666666248,-0.0820000000031931,24.059,71,20.3234143646409,0
"3523","CHEMAINUS RIVER",2023,2023-07-17,198,30,0,0.391,0.462428571431831,0.541571428571063,0.815000000000388,-0.0791428571392316,24.45,72,20.3234143646409,0
"3524","CHEMAINUS RIVER",2023,2023-07-18,199,31,0,0.39,0.444142857142391,0.519071428570896,0.7856666666669,-0.0749285714285049,24.84,73,20.3234143646409,0
"3525","CHEMAINUS RIVER",2023,2023-07-19,200,32,0,0.391,0.43000000000133,0.497928571429968,0.754700000000109,-0.067928571428638,25.231,74,20.3234143646409,0
"3526","CHEMAINUS RIVER",2023,2023-07-20,201,33,0,0.368,0.412714285709496,0.477357142854349,0.723299999998805,-0.0646428571448528,25.599,75,20.3234143646409,0
"3527","CHEMAINUS RIVER",2023,2023-07-21,202,34,0,0.334,0.392714285715816,0.457071428573857,0.691766666667536,-0.0643571428580409,25.933,76,20.3234143646409,0
"3528","CHEMAINUS RIVER",2023,2023-07-22,203,35,0,0.318,0.373714285711425,0.438214285714951,0.661699999998867,-0.0645000000035257,26.251,77,20.3234143646409,0
"3529","CHEMAINUS RIVER",2023,2023-07-23,204,36,0,0.315,0.358142857140462,0.420999999997938,0.632866666665844,-0.0628571428574755,26.566,78,20.3234143646409,0
"3530","CHEMAINUS RIVER",2023,2023-07-24,205,37,0,0.498,0.373428571428771,0.417928571430301,0.611466666666092,-0.04450000000153,27.064,79,20.3234143646409,0
"3531","CHEMAINUS RIVER",2023,2023-07-25,206,38,0,0.921,0.44928571428006,0.446714285711226,0.606166666666589,0.00257142856883413,27.985,80,20.3234143646409,0
"3532","CHEMAINUS RIVER",2023,2023-07-26,207,39,0,0.778,0.504571428564044,0.467285714282688,0.597100000000016,0.037285714281357,28.763,81,20.3234143646409,0
"3533","CHEMAINUS RIVER",2023,2023-07-27,208,40,0,0.736,0.557142857146183,0.48492857142784,0.58870000000073,0.0722142857183436,29.499,82,20.3234143646409,0
"3534","CHEMAINUS RIVER",2023,2023-07-28,209,41,0,0.693,0.608428571423117,0.500571428569466,0.580133333332681,0.10785714285365,30.192,83,20.3234143646409,0
"3535","CHEMAINUS RIVER",2023,2023-07-29,210,42,0,0.614,0.650714285713288,0.512214285712356,0.570100000000093,0.138500000000931,30.806,84,20.3234143646409,0
"3536","CHEMAINUS RIVER",2023,2023-07-30,211,43,0,0.535,0.682142857146183,0.520142857143323,0.55909999999955,0.162000000002861,31.341,85,20.3234143646409,0
"3537","CHEMAINUS RIVER",2023,2023-07-31,212,44,0,0.491,0.681142857140263,0.527285714284517,0.548566666666496,0.153857142855746,31.832,86,20.3234143646409,0
"3538","CHEMAINUS RIVER",2023,2023-08-01,213,45,0,0.461,0.615428571431299,0.532357142855679,0.538533333333908,0.0830714285756196,32.293,87,20.3234143646409,0
"3539","CHEMAINUS RIVER",2023,2023-08-02,214,46,0,0.42,0.564285714287377,0.534428571425711,0.528166666665735,0.0298571428616664,32.713,88,20.3234143646409,0
"3540","CHEMAINUS RIVER",2023,2023-08-03,215,47,0,0.397,0.515857142853617,0.5364999999999,0.517899999998432,-0.020642857146283,33.11,89,20.3234143646409,0
"3541","CHEMAINUS RIVER",2023,2023-08-04,216,48,0,0.367,0.469285714290371,0.538857142856744,0.507233333333473,-0.0695714285663728,33.477,90,20.3234143646409,0
"3542","CHEMAINUS RIVER",2023,2023-08-05,217,49,0,0.346,0.431000000007251,0.540857142860269,0.496900000000217,-0.109857142853018,33.823,91,20.3234143646409,0
"3543","CHEMAINUS RIVER",2023,2023-08-06,218,50,0,0.346,0.403999999997073,0.543071428571628,0.487833333333644,-0.139071428574555,34.169,92,20.3234143646409,0
"3544","CHEMAINUS RIVER",2023,2023-08-07,219,51,0,0.328,0.380714285719608,0.530928571429935,0.479366666668405,-0.150214285710328,34.497,93,20.3234143646409,0
"3545","CHEMAINUS RIVER",2023,2023-08-08,220,52,0,0.307,0.358714285714086,0.487071428572693,0.471066666666108,-0.128357142858606,34.804,94,20.3234143646409,0
"3546","CHEMAINUS RIVER",2023,2023-08-09,221,53,0,0.353,0.349142857145385,0.456714285716381,0.46480000000059,-0.107571428570996,35.157,95,20.3234143646409,0
"3547","CHEMAINUS RIVER",2023,2023-08-10,222,54,0,0.369,0.345142857146649,0.430500000000133,0.45983333333279,-0.0853571428534841,35.526,96,20.3234143646409,0
"3548","CHEMAINUS RIVER",2023,2023-08-11,223,55,0,0.331,0.340000000000665,0.404642857145518,0.454533333333287,-0.0646428571448528,35.857,97,20.3234143646409,0
"3549","CHEMAINUS RIVER",2023,2023-08-12,224,56,0,0.309,0.334714285713354,0.382857142860303,0.44853333333352,-0.0481428571469483,36.166,98,20.3234143646409,0
"3550","CHEMAINUS RIVER",2023,2023-08-13,225,57,0,0.29,0.326714285715882,0.365357142856478,0.442399999999907,-0.0386428571405953,36.456,99,20.3234143646409,0
"3551","CHEMAINUS RIVER",2023,2023-08-14,226,58,0,0.277,0.319428571425046,0.350071428572327,0.436599999999938,-0.0306428571472809,36.733,100,20.3234143646409,0
"3552","CHEMAINUS RIVER",2023,2023-08-15,227,59,0,0.249,0.311142857144919,0.334928571429503,0.430766666666993,-0.0237857142845834,36.982,101,20.3234143646409,0
"3553","CHEMAINUS RIVER",2023,2023-08-16,228,60,0,0.231,0.293714285711758,0.321428571428571,0.425433333332573,-0.0277142857168136,37.213,102,20.3234143646409,0
"3554","CHEMAINUS RIVER",2023,2023-08-17,229,61,0,0.228,0.273571428568435,0.309357142857542,0.4200333333322,-0.035785714289107,37.441,103,20.3234143646409,0
"3555","CHEMAINUS RIVER",2023,2023-08-18,230,62,0,0.205,0.255571428569965,0.297785714285315,0.413833333332635,-0.0422142857153501,37.646,104,20.3234143646409,0
"3556","CHEMAINUS RIVER",2023,2023-08-19,231,63,0,0.201,0.240142857140329,0.287428571426842,0.408266666667381,-0.0472857142865125,37.847,105,20.3234143646409,0
"3557","CHEMAINUS RIVER",2023,2023-08-20,232,64,0,0.206,0.228142857144121,0.277428571430002,0.403999999999845,-0.0492857142858806,38.053,106,20.3234143646409,0
"3558","CHEMAINUS RIVER",2023,2023-08-21,233,65,0,0.211,0.218714285716747,0.269071428570896,0.400433333334513,-0.0503571428541493,38.264,107,20.3234143646409,0
"3559","CHEMAINUS RIVER",2023,2023-08-22,234,66,0,0.214,0.21371428571209,0.262428571428505,0.397066666667039,-0.0487142857164145,38.478,108,20.3234143646409,0
"3560","CHEMAINUS RIVER",2023,2023-08-23,235,67,0,0.217,0.21171428571688,0.252714285714319,0.387699999999798,-0.0409999999974389,38.695,109,20.3234143646409,0
"3561","CHEMAINUS RIVER",2023,2023-08-24,236,68,0,0.23,0.211999999999534,0.242785714283985,0.364666666666744,-0.0307857142844503,38.925,110,20.3234143646409,0
"3562","CHEMAINUS RIVER",2023,2023-08-25,237,69,0,0.228,0.215285714283319,0.235428571426642,0.346333333333799,-0.0201428571433228,39.153,111,20.3234143646409,0
"3563","CHEMAINUS RIVER",2023,2023-08-26,238,70,0,0.235,0.220142857138334,0.230142857139331,0.329633333332216,-0.0100000000009978,39.388,112,20.3234143646409,0
"3564","CHEMAINUS RIVER",2023,2023-08-27,239,71,0,0.23,0.223571428571761,0.225857142857941,0.314200000001195,-0.00228571428617996,39.618,113,20.3234143646409,0
"3565","CHEMAINUS RIVER",2023,2023-08-28,240,72,0,0.224,0.225428571425644,0.222071428571196,0.30120000000073,0.00335714285444866,39.842,114,20.3234143646409,0
"3566","CHEMAINUS RIVER",2023,2023-08-29,241,73,0,0.298,0.237428571430168,0.225571428571129,0.293299999999969,0.0118571428590388,40.14,115,20.3234143646409,0
"3567","CHEMAINUS RIVER",2023,2023-08-30,242,74,0,0.298,0.249000000002395,0.230357142859637,0.286866666667629,0.0186428571427574,40.438,116,20.3234143646409,0
"3568","CHEMAINUS RIVER",2023,2023-08-31,243,75,0,0.328,0.263000000002129,0.237500000000832,0.282433333333271,0.0255000000012972,40.766,117,20.3234143646409,0
"3569","CHEMAINUS RIVER",2023,2023-09-01,244,76,0,0.343,0.27942857142937,0.247357142856345,0.279866666666931,0.0320714285730251,41.109,118,20.3234143646409,0
"3570","CHEMAINUS RIVER",2023,2023-09-02,245,77,0,0.289,0.287142857144188,0.253642857141261,0.276266666666682,0.033500000002927,41.398,119,20.3234143646409,0
"3571","CHEMAINUS RIVER",2023,2023-09-03,246,78,0,0.285,0.295000000000333,0.259285714286047,0.27353333333352,0.0357142857142857,41.683,120,20.3234143646409,0
"3572","CHEMAINUS RIVER",2023,2023-09-04,247,79,0,0.311,0.307428571428838,0.266428571427241,0.272366666665766,0.0410000000015965,41.994,121,20.3234143646409,0
"3573","CHEMAINUS RIVER",2023,2023-09-05,248,80,0,0.31,0.309142857141394,0.273285714285781,0.271166666666977,0.0358571428556128,42.304,122,20.3234143646409,0
"3574","CHEMAINUS RIVER",2023,2023-09-06,249,81,0,0.299,0.309285714282721,0.279142857142558,0.270199999999022,0.030142857140163,42.603,123,20.3234143646409,0
"3575","CHEMAINUS RIVER",2023,2023-09-07,250,82,0,0.301,0.305428571425312,0.28421428571372,0.269999999999224,0.0212142857115916,42.904,124,20.3234143646409,0
"3576","CHEMAINUS RIVER",2023,2023-09-08,251,83,0,0.293,0.298285714284118,0.288857142856744,0.267999999999302,0.00942857142737397,43.197,125,20.3234143646409,0
"3577","CHEMAINUS RIVER",2023,2023-09-09,252,84,0,0.284,0.297571428577482,0.292357142860835,0.26516666666721,0.00521428571664728,43.481,126,20.3234143646409,0
"3578","CHEMAINUS RIVER",2023,2023-09-10,253,85,0,0.277,0.296428571430234,0.295714285715284,0.263366666667086,0.000714285714950913,43.758,127,20.3234143646409,0
"3579","CHEMAINUS RIVER",2023,2023-09-11,254,86,0,0.317,0.297285714286513,0.302357142857675,0.263633333332837,-0.0050714285711625,44.075,128,20.3234143646409,0
"3580","CHEMAINUS RIVER",2023,2023-09-12,255,87,0,0.326,0.299571428572693,0.304357142857043,0.264833333333566,-0.00478571428435054,44.401,129,20.3234143646409,0
"3581","CHEMAINUS RIVER",2023,2023-09-13,256,88,0,0.334,0.304571428569034,0.306928571425877,0.266733333332619,-0.00235714285684352,44.735,130,20.3234143646409,0
"3582","CHEMAINUS RIVER",2023,2023-09-14,257,89,0,0.343,0.310571428571296,0.307999999998304,0.269866666665378,0.00257142857299186,45.078,131,20.3234143646409,0
"3583","CHEMAINUS RIVER",2023,2023-09-15,258,90,0,0.325,0.315142857143655,0.306714285713887,0.273000000000078,0.00842857142976883,45.403,132,20.3234143646409,0
"3584","CHEMAINUS RIVER",2023,2023-09-16,259,91,0,0.299,0.317285714280193,0.307428571428838,0.27536666666662,0.00985714285135536,45.702,133,20.3234143646409,0
"3585","CHEMAINUS RIVER",2023,2023-09-17,260,92,0,0.276,0.317142857138866,0.30678571428455,0.277733333333163,0.0103571428543156,45.978,134,20.3234143646409,0
"3586","CHEMAINUS RIVER",2023,2023-09-18,261,93,0,0.275,0.311142857144919,0.304214285715716,0.280200000000574,0.00692857142920339,46.253,135,20.3234143646409,0
"3587","CHEMAINUS RIVER",2023,2023-09-19,262,94,0,0.292,0.30628571428159,0.302928571427141,0.283066666665642,0.00335714285444866,46.545,136,20.3234143646409,0
"3588","CHEMAINUS RIVER",2023,2023-09-20,263,95,0,0.378,0.312571428574821,0.308571428571927,0.288633333332837,0.00400000000289374,46.923,137,20.3234143646409,0
"3589","CHEMAINUS RIVER",2023,2023-09-21,264,96,0,0.325,0.310000000005987,0.310285714288641,0.292333333333954,-0.000285714282654226,47.248,138,20.3234143646409,0
"3590","CHEMAINUS RIVER",2023,2023-09-22,265,97,0,0.305,0.307142857146183,0.311142857144919,0.295266666666915,-0.00399999999873607,47.553,139,20.3234143646409,0
"3591","CHEMAINUS RIVER",2023,2023-09-23,266,98,0,0.341,0.313142857148445,0.315214285714319,0.298966666668033,-0.00207142856587389,47.894,140,20.3234143646409,0
"3592","CHEMAINUS RIVER",2023,2023-09-24,267,99,0,0.43,0.335142857145651,0.326142857142258,0.30570000000104,0.00900000000339268,48.324,141,20.3234143646409,0
"3593","CHEMAINUS RIVER",2023,2023-09-25,268,100,0,0.993,0.437714285707833,0.374428571426376,0.330966666666791,0.0632857142814569,49.317,142,20.3234143646409,0
"3594","CHEMAINUS RIVER",2023,2023-09-26,269,101,0,1.05,0.546000000006253,0.426142857143922,0.358300000000357,0.119857142862332,50.367,143,20.3234143646409,0
"3595","CHEMAINUS RIVER",2023,2023-09-27,270,102,0,1.96,0.771999999997206,0.542285714286014,0.416166666666201,0.229714285711192,52.327,144,20.3234143646409,0
"3596","CHEMAINUS RIVER",2023,2023-09-28,271,103,0,3.24,1.18842857142278,0.749214285714386,0.514233333332231,0.439214285708398,55.567,145,20.3234143646409,0
"3597","CHEMAINUS RIVER",2023,2023-09-29,272,104,0,2.61,1.51771428571582,0.912428571431,0.591300000000047,0.605285714284816,58.177,146,20.3234143646409,0
"3598","CHEMAINUS RIVER",2023,2023-09-30,273,105,0,1.91,1.74185714285289,1.02750000000067,0.644033333333209,0.71435714285222,60.087,147,20.3234143646409,0
"3599","CHEMAINUS RIVER",2023,2023-10-01,274,106,0,1.45,1.88757142856983,1.11135714285774,0.680933333333815,0.77621428571209,61.537,148,20.3234143646409,0
"3600","CHEMAINUS RIVER",2023,2023-10-02,275,107,0,1.2,1.91714285714884,1.17742857142834,0.711300000001211,0.739714285720506,62.737,149,20.3234143646409,0
"3601","CHEMAINUS RIVER",2023,2023-10-03,276,108,0,1.19,1.93714285714252,1.24157142857439,0.741466666666868,0.695571428568136,63.927,150,20.3234143646409,0
"3602","CHEMAINUS RIVER",2023,2023-10-04,277,109,0,0.985,1.79785714286014,1.28492857142867,0.763933333333504,0.512928571431465,64.912,151,20.3234143646409,0
"3603","CHEMAINUS RIVER",2023,2023-10-05,278,110,0,0.864,1.45842857143309,1.32342857142794,0.782400000000295,0.135000000005155,65.776,152,20.3234143646409,0
"3604","CHEMAINUS RIVER",2023,2023-10-06,279,111,1,0.737,1.19085714285029,1.35428571428305,0.796999999999146,-0.163428571432762,66.513,153,20.3234143646409,0
"3605","CHEMAINUS RIVER",2024,2024-06-17,169,1,0,2.89,3.44285714286213,6.10642857142791,4.60066666666729,-2.66357142856577,2.89,85,19.0525142857143,0
"3606","CHEMAINUS RIVER",2024,2024-06-18,170,2,0,2.73,3.22285714285681,5.30142857142658,4.59533333333287,-2.07857142856977,5.62,86,19.0525142857143,0
"3607","CHEMAINUS RIVER",2024,2024-06-19,171,3,0,2.56,3.03571428571429,4.4985714285701,4.59200000000031,-1.46285714285581,8.18,87,19.0525142857143,0
"3608","CHEMAINUS RIVER",2024,2024-06-20,172,4,0,2.37,2.85857142857276,3.96857142857126,4.57666666666628,-1.1099999999985,10.55,88,19.0525142857143,0
"3609","CHEMAINUS RIVER",2024,2024-06-21,173,5,0,2.22,2.70428571428472,3.57928571428887,4.54500000000116,-0.875000000004158,12.77,89,19.0525142857143,0
"3610","CHEMAINUS RIVER",2024,2024-06-22,174,6,0,2.04,2.54428571428538,3.27428571428339,4.51233333333318,-0.729999999998004,14.81,90,19.0525142857143,0
"3611","CHEMAINUS RIVER",2024,2024-06-23,175,7,0,1.94,2.39285714285714,3.03571428571429,4.4823333333324,-0.642857142857143,16.75,91,19.0525142857143,0
"3612","CHEMAINUS RIVER",2024,2024-06-24,176,8,0,1.89,2.25,2.84642857143107,4.44233333333395,-0.596428571431066,18.64,92,19.0525142857143,0
"3613","CHEMAINUS RIVER",2024,2024-06-25,177,9,0,1.8,2.11714285714385,2.67000000000033,4.3929999999993,-0.552857142856478,20.44,93,19.0525142857143,0
"3614","CHEMAINUS RIVER",2024,2024-06-26,178,10,0,1.72,1.9971428571402,2.51642857142724,4.34233333333201,-0.519285714287045,22.16,94,19.0525142857143,0
"3615","CHEMAINUS RIVER",2024,2024-06-27,179,11,0,1.72,1.90428571428804,2.3814285714304,4.28433333333426,-0.477142857142358,23.88,95,19.0525142857143,0
"3616","CHEMAINUS RIVER",2024,2024-06-28,180,12,0,1.67,1.82571428570996,2.26499999999734,4.22433333333271,-0.439285714287377,25.55,96,19.0525142857143,0
"3617","CHEMAINUS RIVER",2024,2024-06-29,181,13,0,1.6,1.7628571428608,2.15357142857309,4.17366666666736,-0.39071428571229,27.15,97,19.0525142857143,0
"3618","CHEMAINUS RIVER",2024,2024-06-30,182,14,0,1.62,1.71714285714552,2.05500000000133,4.13333333333333,-0.337857142855813,28.77,98,19.0525142857143,0
"3619","CHEMAINUS RIVER",2024,2024-07-01,183,15,0,1.53,1.66571428571063,1.95785714285531,4.09333333333295,-0.292142857144687,30.3,99,19.0525142857143,0
"3620","CHEMAINUS RIVER",2024,2024-07-02,184,16,0,1.39,1.60714285714286,1.86214285714336,4.03633333333419,-0.255000000000499,31.69,100,19.0525142857143,0
"3621","CHEMAINUS RIVER",2024,2024-07-03,185,17,0,1.29,1.54571428571528,1.77142857142774,3.85266666666527,-0.225714285712456,32.98,101,19.0525142857143,0
"3622","CHEMAINUS RIVER",2024,2024-07-04,186,18,0,1.23,1.47571428571661,1.69000000000233,3.42699999999992,-0.214285714285714,34.21,102,19.0525142857143,0
"3623","CHEMAINUS RIVER",2024,2024-07-05,187,19,0,1.17,1.40428571428804,1.614999999999,3.00599999999977,-0.21071428571096,35.38,103,19.0525142857143,0
"3624","CHEMAINUS RIVER",2024,2024-07-06,188,20,0,1.08,1.32999999999967,1.54642857143023,2.71566666666768,-0.216428571430567,36.46,104,19.0525142857143,0
"3625","CHEMAINUS RIVER",2024,2024-07-07,189,21,0,1.01,1.24285714285881,1.48000000000216,2.49366666666853,-0.237142857143356,37.47,105,19.0525142857143,0
"3626","CHEMAINUS RIVER",2024,2024-07-08,190,22,0,0.953,1.16042857143163,1.41307142857113,2.31509999999932,-0.252642857139498,38.423,106,19.0525142857143,0
"3627","CHEMAINUS RIVER",2024,2024-07-09,191,23,0,0.893,1.08942857142704,1.34828571428495,2.16886666666639,-0.258857142857908,39.316,107,19.0525142857143,0
"3628","CHEMAINUS RIVER",2024,2024-07-10,192,24,0,0.818,1.02200000000552,1.2838571428604,2.04480000000137,-0.261857142854881,40.134,108,19.0525142857143,0
"3629","CHEMAINUS RIVER",2024,2024-07-11,193,25,0,0.745,0.952714285713487,1.21421428571505,1.92730000000059,-0.261500000001563,40.879,109,19.0525142857143,0
"3630","CHEMAINUS RIVER",2024,2024-07-12,194,26,0,0.696,0.885000000000998,1.14464285714452,1.82150000000062,-0.259642857143522,41.575,110,19.0525142857143,0
"3631","CHEMAINUS RIVER",2024,2024-07-13,195,27,0,0.676,0.827285714281191,1.07864285714043,1.72370000000034,-0.251357142859238,42.251,111,19.0525142857143,0
"3632","CHEMAINUS RIVER",2024,2024-07-14,196,28,0,0.645,0.775142857139664,1.00899999999923,1.63519999999941,-0.233857142859571,42.896,112,19.0525142857143,0
"3633","CHEMAINUS RIVER",2024,2024-07-15,197,29,0,0.617,0.7271428571382,0.943785714284916,1.55043333333257,-0.216642857146715,43.513,113,19.0525142857143,0
"3634","CHEMAINUS RIVER",2024,2024-07-16,198,30,0,0.583,0.682857142861134,0.886142857144088,1.46986666666732,-0.203285714282954,44.096,114,19.0525142857143,0
"3635","CHEMAINUS RIVER",2024,2024-07-17,199,31,0,0.545,0.643857142854748,0.832928571430135,1.39169999999964,-0.189071428575387,44.641,115,19.0525142857143,0
"3636","CHEMAINUS RIVER",2024,2024-07-18,200,32,0,0.51,0.610285714285315,0.781499999999401,1.31770000000057,-0.171214285714086,45.151,116,19.0525142857143,0
"3637","CHEMAINUS RIVER",2024,2024-07-19,201,33,0,0.475,0.578714285711093,0.731857142856045,1.24819999999988,-0.153142857144953,45.626,117,19.0525142857143,0
"3638","CHEMAINUS RIVER",2024,2024-07-20,202,34,0,0.439,0.544857142859006,0.686071428570098,1.1838333333338,-0.141214285711093,46.065,118,19.0525142857143,0
"3639","CHEMAINUS RIVER",2024,2024-07-21,203,35,0,0.434,0.514714285714685,0.644928571427174,1.12429999999974,-0.13021428571249,46.499,119,19.0525142857143,0
"3640","CHEMAINUS RIVER",2024,2024-07-22,204,36,0,0.433,0.488428571436089,0.607785714287145,1.0707333333344,-0.119357142851056,46.932,120,19.0525142857143,0
"3641","CHEMAINUS RIVER",2024,2024-07-23,205,37,0,0.413,0.464142857144387,0.573500000002761,1.01983333333434,-0.109357142858374,47.345,121,19.0525142857143,0
"3642","CHEMAINUS RIVER",2024,2024-07-24,206,38,0,0.393,0.442428571429835,0.543142857142292,0.969933333333271,-0.100714285712456,47.738,122,19.0525142857143,0
"3643","CHEMAINUS RIVER",2024,2024-07-25,207,39,0,0.386,0.42471428571402,0.517499999999667,0.922800000000279,-0.0927857142856477,48.124,123,19.0525142857143,0
"3644","CHEMAINUS RIVER",2024,2024-07-26,208,40,0,0.384,0.411714285720206,0.495214285715649,0.878266666668545,-0.0834999999954432,48.508,124,19.0525142857143,0
"3645","CHEMAINUS RIVER",2024,2024-07-27,209,41,0,0.379,0.403142857140795,0.4739999999999,0.833566666666108,-0.0708571428591053,48.887,125,19.0525142857143,0
"3646","CHEMAINUS RIVER",2024,2024-07-28,210,42,0,0.37,0.393999999996075,0.45435714285538,0.790233333333163,-0.0603571428593048,49.257,126,19.0525142857143,0
"3647","CHEMAINUS RIVER",2024,2024-07-29,211,43,0,0.486,0.401571428569566,0.445000000002827,0.753099999999783,-0.0434285714332613,49.743,127,19.0525142857143,0
"3648","CHEMAINUS RIVER",2024,2024-07-30,212,44,0,0.525,0.41757142856451,0.440857142854449,0.716599999998774,-0.0232857142899385,50.268,128,19.0525142857143,0
"3649","CHEMAINUS RIVER",2024,2024-07-31,213,45,0,0.447,0.425285714287643,0.433857142858739,0.680500000001242,-0.00857142857109594,50.715,129,19.0525142857143,0
"3650","CHEMAINUS RIVER",2024,2024-08-01,214,46,0,0.427,0.431142857140263,0.427928571427141,0.648399999999674,0.00321428571312155,51.142,130,19.0525142857143,0
"3651","CHEMAINUS RIVER",2024,2024-08-02,215,47,0,0.391,0.432142857137868,0.421928571429037,0.618433333333815,0.0102142857088308,51.533,131,19.0525142857143,0
"3652","CHEMAINUS RIVER",2024,2024-08-03,216,48,0,0.35,0.42800000000612,0.415571428573458,0.589100000000326,0.0124285714326626,51.883,132,19.0525142857143,0
"3653","CHEMAINUS RIVER",2024,2024-08-04,217,49,0,0.307,0.419000000002727,0.406499999999401,0.560333333333256,0.0125000000033262,52.19,133,19.0525142857143,0
"3654","CHEMAINUS RIVER",2024,2024-08-05,218,50,0,0.27,0.388142857143456,0.394857142856511,0.533333333333333,-0.00671428571305505,52.46,134,19.0525142857143,0
"3655","CHEMAINUS RIVER",2024,2024-08-06,219,51,0,0.25,0.348857142862731,0.38321428571362,0.50799999999969,-0.0343571428508897,52.71,135,19.0525142857143,0
"3656","CHEMAINUS RIVER",2024,2024-08-07,220,52,0,0.227,0.31742857142152,0.371357142854582,0.483799999998882,-0.0539285714330617,52.937,136,19.0525142857143,0
"3657","CHEMAINUS RIVER",2024,2024-08-08,221,53,0,0.209,0.28628571428791,0.358714285714086,0.461000000000543,-0.0724285714261766,53.146,137,19.0525142857143,0
"3658","CHEMAINUS RIVER",2024,2024-08-09,222,54,0,0.189,0.257428571432164,0.344785714285016,0.440033333333364,-0.0873571428528521,53.335,138,19.0525142857143,0
"3659","CHEMAINUS RIVER",2024,2024-08-10,223,55,0,0.171,0.231857142851888,0.329928571429004,0.420899999999286,-0.0980714285771163,53.506,139,19.0525142857143,0
"3660","CHEMAINUS RIVER",2024,2024-08-11,224,56,0,0.153,0.209857142854682,0.314428571428704,0.402799999999115,-0.104571428574023,53.659,140,19.0525142857143,0
"3661","CHEMAINUS RIVER",2024,2024-08-12,225,57,0,0.144,0.191857142856212,0.289999999999834,0.385066666667505,-0.0981428571436221,53.803,141,19.0525142857143,0
"3662","CHEMAINUS RIVER",2024,2024-08-13,226,58,0,0.138,0.175857142852952,0.262357142857841,0.368166666666123,-0.0865000000048894,53.941,142,19.0525142857143,0
"3663","CHEMAINUS RIVER",2024,2024-08-14,227,59,0,0.136,0.162857142859139,0.240142857140329,0.352133333333768,-0.0772857142811907,54.077,143,19.0525142857143,0
"3664","CHEMAINUS RIVER",2024,2024-08-15,228,60,0,0.117,0.149714285715683,0.218000000001796,0.336599999999938,-0.0682857142861134,54.194,144,19.0525142857143,0
"3665","CHEMAINUS RIVER",2024,2024-08-16,229,61,0,0.094,0.13614285713993,0.196785714286047,0.321566666666574,-0.0606428571461168,54.288,145,19.0525142857143,0
"3666","CHEMAINUS RIVER",2024,2024-08-17,230,62,0,0.083,0.123571428570098,0.177714285710993,0.307333333332402,-0.0541428571408947,54.371,146,19.0525142857143,0
"3667","CHEMAINUS RIVER",2024,2024-08-18,231,63,0,0.142,0.121999999998869,0.165928571426775,0.29623333333293,-0.0439285714279062,54.513,147,19.0525142857143,0
"3668","CHEMAINUS RIVER",2024,2024-08-19,232,64,0,0.466,0.167999999996807,0.179928571426509,0.297133333332992,-0.0119285714297023,54.979,148,19.0525142857143,0
"3669","CHEMAINUS RIVER",2024,2024-08-20,233,65,0,0.277,0.187857142857475,0.181857142855214,0.291899999999441,0.00600000000226181,55.256,149,19.0525142857143,0
"3670","CHEMAINUS RIVER",2024,2024-08-21,234,66,0,0.309,0.212571428573158,0.187714285716148,0.287766666665751,0.0248571428570098,55.565,150,19.0525142857143,0
"3671","CHEMAINUS RIVER",2024,2024-08-22,235,67,0,0.328,0.242714285709163,0.196214285712423,0.284933333331719,0.0464999999967404,55.893,151,19.0525142857143,0
"3672","CHEMAINUS RIVER",2024,2024-08-23,236,68,0,0.319,0.27485714285701,0.20549999999847,0.282466666666248,0.0693571428585398,56.212,152,19.0525142857143,0
"3673","CHEMAINUS RIVER",2024,2024-08-24,237,69,0,0.542,0.340428571432962,0.23200000000153,0.287666666666822,0.108428571431432,56.754,153,19.0525142857143,0
"3674","CHEMAINUS RIVER",2024,2024-08-25,238,70,0,0.576,0.402428571434159,0.262214285716514,0.294066666666185,0.140214285717645,57.33,154,19.0525142857143,0
"3675","CHEMAINUS RIVER",2024,2024-08-26,239,71,0,0.618,0.424142857140396,0.296071428568601,0.302033333332899,0.128071428571794,57.948,155,19.0525142857143,0
"3676","CHEMAINUS RIVER",2024,2024-08-27,240,72,0,0.741,0.490428571431299,0.339142857144387,0.314400000000993,0.151285714286912,58.689,156,19.0525142857143,0
"3677","CHEMAINUS RIVER",2024,2024-08-28,241,73,0,0.635,0.537000000002861,0.374785714288009,0.319366666666853,0.162214285714851,59.324,157,19.0525142857143,0
"3678","CHEMAINUS RIVER",2024,2024-08-29,242,74,0,0.647,0.582571428576817,0.41264285714299,0.323433333334591,0.169928571433827,59.971,158,19.0525142857143,0
"3679","CHEMAINUS RIVER",2024,2024-08-30,243,75,0,0.557,0.616571428570231,0.44571428571362,0.327099999998851,0.170857142856611,60.528,159,19.0525142857143,0
"3680","CHEMAINUS RIVER",2024,2024-08-31,244,76,0,0.454,0.604000000000399,0.472214285716681,0.328000000000854,0.131785714283719,60.982,160,19.0525142857143,0
"3681","CHEMAINUS RIVER",2024,2024-09-01,245,77,0,0.379,0.575857142851289,0.489142857142724,0.327599999999317,0.0867142857085648,61.361,161,19.0525142857143,0
"3682","CHEMAINUS RIVER",2024,2024-09-02,246,78,0,0.321,0.533428571436421,0.478785714288408,0.326633333333302,0.0546428571480127,61.682,162,19.0525142857143,0
"3683","CHEMAINUS RIVER",2024,2024-09-03,247,79,0,0.266,0.465571428565974,0.477999999998636,0.325266666665751,-0.0124285714326626,61.948,163,19.0525142857143,0
"3684","CHEMAINUS RIVER",2024,2024-09-04,248,80,0,0.23,0.407714285713155,0.472357142858008,0.323933333333116,-0.0646428571448528,62.178,164,19.0525142857143,0
"3685","CHEMAINUS RIVER",2024,2024-09-05,249,81,0,0.188,0.342142857137203,0.46235714285701,0.321866666665301,-0.120214285719807,62.366,165,19.0525142857143,0
"3686","CHEMAINUS RIVER",2024,2024-09-06,250,82,0,0.167,0.286428571429237,0.451499999999734,0.319866666667319,-0.165071428570497,62.533,166,19.0525142857143,0
"3687","CHEMAINUS RIVER",2024,2024-09-07,251,83,0,0.144,0.242142857143855,0.423071428572127,0.317700000000574,-0.180928571428272,62.677,167,19.0525142857143,0
"3688","CHEMAINUS RIVER",2024,2024-09-08,252,84,0,0.147,0.209000000006719,0.392428571429004,0.316300000000047,-0.183428571422285,62.824,168,19.0525142857143,0
"3689","CHEMAINUS RIVER",2024,2024-09-09,253,85,0,0.143,0.18357142856777,0.358500000002095,0.315366666667008,-0.174928571434326,62.967,169,19.0525142857143,0
"3690","CHEMAINUS RIVER",2024,2024-09-10,254,86,0,0.129,0.164000000006386,0.31478571428618,0.314566666667815,-0.150785714279794,63.096,170,19.0525142857143,0
"3691","CHEMAINUS RIVER",2024,2024-09-11,255,87,0,0.165,0.154714285712024,0.281214285712589,0.315266666666139,-0.126500000000565,63.261,171,19.0525142857143,0
"3692","CHEMAINUS RIVER",2024,2024-09-12,256,88,0,0.219,0.159142857143057,0.25064285714013,0.317966666666325,-0.091499999997073,63.48,172,19.0525142857143,0
"3693","CHEMAINUS RIVER",2024,2024-09-13,257,89,0,0.239,0.169428571426709,0.227928571427973,0.321399999999752,-0.0585000000012639,63.719,173,19.0525142857143,0
"3694","CHEMAINUS RIVER",2024,2024-09-14,258,90,0,0.445,0.212428571423516,0.227285714283685,0.332333333332402,-0.0148571428601696,64.164,174,19.0525142857143,0
"3695","CHEMAINUS RIVER",2024,2024-09-15,259,91,0,0.34,0.239999999999002,0.22450000000286,0.34053333333383,0.0154999999961417,64.504,175,19.0525142857143,0
"3696","CHEMAINUS RIVER",2024,2024-09-16,260,92,0,0.262,0.256999999999867,0.220285714283818,0.346500000000621,0.0367142857160486,64.766,176,19.0525142857143,0
"3697","CHEMAINUS RIVER",2024,2024-09-17,261,93,0,0.255,0.274999999998337,0.219500000002362,0.350266666667691,0.0554999999959754,65.021,177,19.0525142857143,0
"3698","CHEMAINUS RIVER",2024,2024-09-18,262,94,0,0.254,0.287714285717811,0.221214285714918,0.34320000000104,0.0665000000028937,65.275,178,19.0525142857143,0
"3699","CHEMAINUS RIVER",2024,2024-09-19,263,95,0,0.239,0.290571428577615,0.224857142860336,0.341933333334358,0.0657142857172792,65.514,179,19.0525142857143,0
"3700","CHEMAINUS RIVER",2024,2024-09-20,264,96,0,0.237,0.290285714286646,0.229857142856677,0.339533333332899,0.0604285714299684,65.751,180,19.0525142857143,0
"3701","CHEMAINUS RIVER",2024,2024-09-21,265,97,0,0.222,0.258428571429769,0.235428571426642,0.336000000000543,0.0230000000031266,65.973,181,19.0525142857143,0
"3702","CHEMAINUS RIVER",2024,2024-09-22,266,98,0,0.226,0.242142857143855,0.241071428571429,0.332900000000761,0.00107142857242642,66.199,182,19.0525142857143,0
"3703","CHEMAINUS RIVER",2024,2024-09-23,267,99,0,0.238,0.238714285710427,0.247857142855147,0.322766666665363,-0.0091428571447198,66.437,183,19.0525142857143,0
"3704","CHEMAINUS RIVER",2024,2024-09-24,268,100,0,0.242,0.236857142856544,0.255928571427441,0.311633333332914,-0.0190714285708964,66.679,184,19.0525142857143,0
"3705","CHEMAINUS RIVER",2024,2024-09-25,269,101,0,0.633,0.290999999993281,0.289357142855546,0.31213333333338,0.00164285713773488,67.312,185,19.0525142857143,0
"3706","CHEMAINUS RIVER",2024,2024-09-26,270,102,0,0.733,0.361571428565575,0.326071428571595,0.311866666665689,0.0354999999939797,68.045,186,19.0525142857143,0
"3707","CHEMAINUS RIVER",2024,2024-09-27,271,103,0,0.648,0.420285714291302,0.355285714288974,0.312300000000202,0.0650000000023283,68.693,187,19.0525142857143,0
"3708","CHEMAINUS RIVER",2024,2024-09-28,272,104,0,0.644,0.480571428571628,0.369500000000698,0.312199999999333,0.11107142857093,69.337,188,19.0525142857143,0
"3709","CHEMAINUS RIVER",2024,2024-09-29,273,105,0,0.861,0.571285714278929,0.406714285711392,0.32233333333279,0.164571428567537,70.198,189,19.0525142857143,0
"3710","CHEMAINUS RIVER",2024,2024-09-30,274,106,0,0.759,0.645714285716947,0.442214285713687,0.332499999999224,0.20350000000326,70.957,190,19.0525142857143,0
"3711","CHEMAINUS RIVER",2024,2024-10-01,275,107,0,0.67,0.706857142853551,0.471857142855047,0.342200000000109,0.234999999998503,71.627,191,19.0525142857143,0
"3712","CHEMAINUS RIVER",2024,2024-10-02,276,108,0,0.613,0.704000000002062,0.497499999997672,0.351933333332029,0.206500000004391,72.24,192,19.0525142857143,0
"3713","CHEMAINUS RIVER",2024,2024-10-03,277,109,0,0.57,0.680714285716281,0.521142857140928,0.362066666667427,0.159571428575353,72.81,193,19.0525142857143,0
"3714","CHEMAINUS RIVER",2024,2024-10-04,278,110,1,0.712,0.689857142852686,0.555071428571994,0.378133333332759,0.134785714280692,73.522,194,19.0525142857143,0
