"","stream","year","date","doy","days_at_risk","arrived","flow","flow_7d","flow_14d","flow_30d","flow_delta_14d","flow_cum_since_start","days_since_high_flow","jan_jun_mean_flow","n_missing_flow"
"1","COWICHAN RIVER",2002,2002-07-17,198,1,0,6.02,6.88571428570763,8.03285714285448,10.3706666666665,-1.14714285714685,6.02,87,67.1997790055249,0
"2","COWICHAN RIVER",2002,2002-07-18,199,2,0,5.99,6.60571428571296,7.71071428571096,10.0103333333313,-1.104999999998,12.01,88,67.1997790055249,0
"3","COWICHAN RIVER",2002,2002-07-19,200,3,0,6.14,6.41857142856212,7.43499999999767,9.68499999999767,-1.01642857143556,18.15,89,67.1997790055249,0
"4","COWICHAN RIVER",2002,2002-07-20,201,4,0,5.88,6.2714285714319,7.19428571428372,9.40100000000093,-0.922857142851821,24.03,90,67.1997790055249,0
"5","COWICHAN RIVER",2002,2002-07-21,202,5,0,5.66,6.08714285714086,6.98642857143256,9.13966666666868,-0.899285714291701,29.69,91,67.1997790055249,0
"6","COWICHAN RIVER",2002,2002-07-22,203,6,0,5.53,5.93142857143123,6.72428571428671,8.89066666666962,-0.79285714285548,35.22,92,67.1997790055249,0
"7","COWICHAN RIVER",2002,2002-07-23,204,7,0,5.48,5.81428571429569,6.489999999999,8.656666666669,-0.675714285703309,40.7,93,67.1997790055249,0
"8","COWICHAN RIVER",2002,2002-07-24,205,8,0,5.56,5.7485714285701,6.31714285713887,8.46199999999953,-0.568571428568768,46.26,94,67.1997790055249,0
"9","COWICHAN RIVER",2002,2002-07-25,206,9,0,5.67,5.70285714286313,6.15428571428804,8.30100000000093,-0.451428571424913,51.93,95,67.1997790055249,0
"10","COWICHAN RIVER",2002,2002-07-26,207,10,0,5.7,5.63999999999734,6.02928571427973,8.14766666666449,-0.389285714282389,57.63,96,67.1997790055249,0
"11","COWICHAN RIVER",2002,2002-07-27,208,11,0,5.89,5.64142857142724,5.95642857142957,8.01199999999954,-0.315000000002328,63.52,97,67.1997790055249,0
"12","COWICHAN RIVER",2002,2002-07-28,209,12,0,5.78,5.65857142856943,5.87285714285515,7.86133333333225,-0.214285714285714,69.3,98,67.1997790055249,0
"13","COWICHAN RIVER",2002,2002-07-29,210,13,0,5.7,5.6828571428445,5.80714285713787,7.63133333333147,-0.124285714293364,75,99,67.1997790055249,0
"14","COWICHAN RIVER",2002,2002-07-30,211,14,0,5.66,5.70857142856611,5.7614285714309,7.38999999999845,-0.0528571428647924,80.66,100,67.1997790055249,0
"15","COWICHAN RIVER",2002,2002-07-31,212,15,0,5.76,5.73714285714751,5.74285714285881,7.17200000000109,-0.00571428571129218,86.42,101,67.1997790055249,0
"16","COWICHAN RIVER",2002,2002-08-01,213,16,0,5.73,5.74571428571029,5.72428571428671,6.97966666666713,0.0214285714235816,92.15,102,67.1997790055249,0
"17","COWICHAN RIVER",2002,2002-08-02,214,17,0,5.54,5.72285714286513,5.68142857143123,6.80433333333349,0.0414285714338929,97.69,103,67.1997790055249,0
"18","COWICHAN RIVER",2002,2002-08-03,215,18,0,6.02,5.74142857143722,5.69142857143223,6.65500000000078,0.0500000000049887,103.71,104,67.1997790055249,0
"19","COWICHAN RIVER",2002,2002-08-04,216,19,0,6.17,5.79714285713687,5.72785714285315,6.52733333333163,0.0692857142837182,109.88,105,67.1997790055249,0
"20","COWICHAN RIVER",2002,2002-08-05,217,20,0,6.21,5.87000000001197,5.77642857142824,6.42600000000093,0.0935714285837355,116.09,106,67.1997790055249,0
"21","COWICHAN RIVER",2002,2002-08-06,218,21,0,6.11,5.93428571429104,5.82142857142857,6.34400000000217,0.112857142862465,122.2,107,67.1997790055249,0
"22","COWICHAN RIVER",2002,2002-08-07,219,22,0,5.87,5.95000000000333,5.84357142857542,6.23299999999969,0.106428571427906,128.07,108,67.1997790055249,0
"23","COWICHAN RIVER",2002,2002-08-08,220,23,0,5.68,5.94285714285382,5.84428571428206,6.13033333333054,0.0985714285717609,133.75,109,67.1997790055249,0
"24","COWICHAN RIVER",2002,2002-08-09,221,24,0,5.67,5.96142857142591,5.84214285714552,6.05333333333256,0.119285714280393,139.42,110,67.1997790055249,0
"25","COWICHAN RIVER",2002,2002-08-10,222,25,0,6.02,5.96142857142591,5.85142857143156,5.9890000000014,0.109999999994346,145.44,111,67.1997790055249,0
"26","COWICHAN RIVER",2002,2002-08-11,223,26,0,5.87,5.91857142857875,5.85785714285781,5.93633333333225,0.0607142857209375,151.31,112,67.1997790055249,0
"27","COWICHAN RIVER",2002,2002-08-12,224,27,0,5.76,5.85428571428305,5.86214285714751,5.89800000000202,-0.00785714286446026,157.07,113,67.1997790055249,0
"28","COWICHAN RIVER",2002,2002-08-13,225,28,0,5.81,5.81142857141926,5.87285714285515,5.85999999999767,-0.0614285714358891,162.88,114,67.1997790055249,0
"29","COWICHAN RIVER",2002,2002-08-14,226,29,0,6.1,5.84428571429037,5.89714285714685,5.8426666666676,-0.0528571428564772,168.98,115,67.1997790055249,0
"30","COWICHAN RIVER",2002,2002-08-15,227,30,0,5.95,5.88285714286446,5.91285714285914,5.83100000000171,-0.0299999999946783,174.93,116,67.1997790055249,0
"31","COWICHAN RIVER",2002,2002-08-16,228,31,0,5.85,5.90857142856943,5.93499999999767,5.82533333333364,-0.0264285714282391,180.78,117,67.1997790055249,0
"32","COWICHAN RIVER",2002,2002-08-17,229,32,0,5.8,5.87714285714485,5.91928571428538,5.81900000000217,-0.0421428571405285,186.58,118,67.1997790055249,0
"33","COWICHAN RIVER",2002,2002-08-18,230,33,0,6.1,5.90999999999933,5.91428571428904,5.8176666666676,-0.00428571428970592,192.68,119,67.1997790055249,0
"34","COWICHAN RIVER",2002,2002-08-19,231,34,0,6.05,5.95142857143323,5.90285714285814,5.82333333333566,0.0485714285750873,198.73,120,67.1997790055249,0
"35","COWICHAN RIVER",2002,2002-08-20,232,35,0,5.95,5.97142857143522,5.89142857142724,5.83299999999969,0.080000000007983,204.68,121,67.1997790055249,0
"36","COWICHAN RIVER",2002,2002-08-21,233,36,0,5.9,5.94285714285382,5.89357142857209,5.84533333333287,0.0492857142817229,210.58,122,67.1997790055249,0
"37","COWICHAN RIVER",2002,2002-08-22,234,37,0,5.84,5.92714285714153,5.90500000000299,5.8573333333324,0.0221428571385331,216.42,123,67.1997790055249,0
"38","COWICHAN RIVER",2002,2002-08-23,235,38,0,5.66,5.90000000000665,5.90428571428804,5.86066666666884,-0.0042857142813908,222.08,124,67.1997790055249,0
"39","COWICHAN RIVER",2002,2002-08-24,236,39,0,5.73,5.88999999999734,5.8835714285711,5.86266666666682,0.00642857142624287,227.81,125,67.1997790055249,0
"40","COWICHAN RIVER",2002,2002-08-25,237,40,0,5.75,5.84000000000067,5.875,5.86433333333504,-0.0349999999993349,233.56,126,67.1997790055249,0
"41","COWICHAN RIVER",2002,2002-08-26,238,41,0,5.97,5.82857142856145,5.88999999999734,5.86700000000031,-0.0614285714358882,239.53,127,67.1997790055249,0
"42","COWICHAN RIVER",2002,2002-08-27,239,42,0,5.73,5.79714285713687,5.88428571428605,5.86533333333209,-0.0871428571491766,245.26,128,67.1997790055249,0
"43","COWICHAN RIVER",2002,2002-08-28,240,43,0,5.62,5.75714285713288,5.84999999999335,5.86266666666682,-0.0928571428604696,250.88,129,67.1997790055249,0
"44","COWICHAN RIVER",2002,2002-08-29,241,44,0,5.63,5.7271428571382,5.82714285713986,5.86166666666589,-0.100000000001663,256.51,130,67.1997790055249,0
"45","COWICHAN RIVER",2002,2002-08-30,242,45,0,5.44,5.69571428571362,5.79785714286014,5.85100000000093,-0.102142857146516,261.95,131,67.1997790055249,0
"46","COWICHAN RIVER",2002,2002-08-31,243,46,0,5.61,5.67857142857143,5.78428571428438,5.84700000000109,-0.105714285712955,267.56,132,67.1997790055249,0
"47","COWICHAN RIVER",2002,2002-09-01,244,47,0,5.58,5.65428571427973,5.7471428571402,5.84833333333178,-0.0928571428604688,273.14,133,67.1997790055249,0
"48","COWICHAN RIVER",2002,2002-09-02,245,48,0,5.44,5.57857142857808,5.70357142856977,5.82899999999985,-0.124999999991685,278.58,134,67.1997790055249,0
"49","COWICHAN RIVER",2002,2002-09-03,246,49,1,5.59,5.55857142857609,5.67785714285648,5.80966666666791,-0.119285714280392,284.17,135,67.1997790055249,0
"50","COWICHAN RIVER",2005,2005-07-17,198,1,0,10.3,11.3571428571429,9.93357142856777,10.3036666666662,1.42357142857509,10.3,53,63.6808839779005,0
"51","COWICHAN RIVER",2005,2005-07-18,199,2,0,9.79,11.1700000000086,10.1457142857169,10.1466666666674,1.0242857142917,20.09,54,63.6808839779005,0
"52","COWICHAN RIVER",2005,2005-07-19,200,3,0,9.3,10.8414285714306,10.3221428571435,10.0033333333364,0.519285714287046,29.39,55,63.6808839779005,0
"53","COWICHAN RIVER",2005,2005-07-20,201,4,0,8.78,10.3957142857169,10.3935714285721,9.85266666666527,0.00214285714485385,38.17,56,63.6808839779005,0
"54","COWICHAN RIVER",2005,2005-07-21,202,5,0,8.3,9.89571428571695,10.4300000000013,9.66266666666682,-0.534285714284383,46.47,57,63.6808839779005,0
"55","COWICHAN RIVER",2005,2005-07-22,203,6,0,7.84,9.40142857141992,10.3578571428578,9.46399999999752,-0.956428571437884,54.31,58,63.6808839779005,0
"56","COWICHAN RIVER",2005,2005-07-23,204,7,0,7.93,8.89142857142724,10.1671428571488,9.331666666669,-1.2757142857216,62.24,59,63.6808839779005,0
"57","COWICHAN RIVER",2005,2005-07-24,205,8,0,7.2,8.44857142857343,9.90285714285814,9.22166666666744,-1.45428571428472,69.44,60,63.6808839779005,0
"58","COWICHAN RIVER",2005,2005-07-25,206,9,0,6.93,8.04000000000399,9.60500000000632,9.10933333333426,-1.56500000000233,76.37,61,63.6808839779005,0
"59","COWICHAN RIVER",2005,2005-07-26,207,10,0,6.58,7.65142857141992,9.24642857142524,9.00833333333333,-1.59500000000532,82.95,62,63.6808839779005,0
"60","COWICHAN RIVER",2005,2005-07-27,208,11,0,6.4,7.31142857143589,8.85357142857642,8.9073333333324,-1.54214285714053,89.35,63,63.6808839779005,0
"61","COWICHAN RIVER",2005,2005-07-28,209,12,0,6.19,7.00999999999268,8.45285714285481,8.81866666666465,-1.44285714286213,95.54,64,63.6808839779005,0
"62","COWICHAN RIVER",2005,2005-07-29,210,13,0,6.04,6.7528571428598,8.07714285713986,8.73400000000062,-1.32428571428006,101.58,65,63.6808839779005,0
"63","COWICHAN RIVER",2005,2005-07-30,211,14,0,5.81,6.45000000000333,7.67071428571528,8.65533333333442,-1.22071428571196,107.39,66,63.6808839779005,0
"64","COWICHAN RIVER",2005,2005-07-31,212,15,0,5.8,6.25,7.34928571428671,8.57299999999814,-1.09928571428671,113.19,67,63.6808839779005,0
"65","COWICHAN RIVER",2005,2005-08-01,213,16,0,5.68,6.07142857142857,7.05571428571628,8.50333333333644,-0.984285714287711,118.87,68,63.6808839779005,0
"66","COWICHAN RIVER",2005,2005-08-02,214,17,0,5.7,5.94571428571362,6.79857142856677,8.44466666666558,-0.852857142853152,124.57,69,63.6808839779005,0
"67","COWICHAN RIVER",2005,2005-08-03,215,18,0,5.58,5.82857142856145,6.56999999999867,8.40333333333256,-0.741428571437219,130.15,70,63.6808839779005,0
"68","COWICHAN RIVER",2005,2005-08-04,216,19,0,5.38,5.71285714285581,6.36142857142425,8.3549999999969,-0.648571428568435,135.53,71,63.6808839779005,0
"69","COWICHAN RIVER",2005,2005-08-05,217,20,0,5.22,5.59571428572027,6.17428571429004,8.26966666666946,-0.578571428569766,140.75,72,63.6808839779005,0
"70","COWICHAN RIVER",2005,2005-08-06,218,21,0,5.1,5.49428571428039,5.97214285714186,8.18000000000078,-0.477857142861467,145.85,73,63.6808839779005,0
"71","COWICHAN RIVER",2005,2005-08-07,219,22,0,5.01,5.38142857143456,5.81571428571728,8.05200000000186,-0.43428571428272,150.86,74,63.6808839779005,0
"72","COWICHAN RIVER",2005,2005-08-08,220,23,0,5.09,5.29714285713687,5.68428571428272,7.86833333333489,-0.387142857145851,155.95,75,63.6808839779005,0
"73","COWICHAN RIVER",2005,2005-08-09,221,24,0,4.96,5.19142857142391,5.56857142856877,7.67033333333287,-0.377142857144853,160.91,76,63.6808839779005,0
"74","COWICHAN RIVER",2005,2005-08-10,222,25,0,5.16,5.13142857143456,5.479999999998,7.47233333333473,-0.348571428563446,166.07,77,63.6808839779005,0
"75","COWICHAN RIVER",2005,2005-08-11,223,26,0,5.52,5.15142857143655,5.43214285714618,7.26966666666558,-0.280714285709629,171.59,78,63.6808839779005,0
"76","COWICHAN RIVER",2005,2005-08-12,224,27,0,5.55,5.19857142857342,5.39714285714685,7.05800000000357,-0.198571428573424,177.14,79,63.6808839779005,0
"77","COWICHAN RIVER",2005,2005-08-13,225,28,0,5.3,5.2271428571382,5.3607142857093,6.84133333333302,-0.133571428571097,182.44,80,63.6808839779005,0
"78","COWICHAN RIVER",2005,2005-08-14,226,29,0,5.28,5.26571428571229,5.32357142857342,6.64066666666574,-0.0578571428611339,187.72,81,63.6808839779005,0
"79","COWICHAN RIVER",2005,2005-08-15,227,30,0,5.37,5.30571428571628,5.30142857142658,6.43633333333225,0.00428571428970592,193.09,82,63.6808839779005,0
"80","COWICHAN RIVER",2005,2005-08-16,228,31,0,5.32,5.35714285714286,5.27428571428339,6.27033333333287,0.0828571428594707,198.41,83,63.6808839779005,0
"81","COWICHAN RIVER",2005,2005-08-17,229,32,0,5.69,5.43285714286113,5.28214285714785,6.13366666666698,0.150714285713287,204.1,84,63.6808839779005,0
"82","COWICHAN RIVER",2005,2005-08-18,230,33,0,5.47,5.42571428571163,5.28857142857409,6.00599999999783,0.137142857137536,209.57,85,63.6808839779005,0
"83","COWICHAN RIVER",2005,2005-08-19,231,34,0,5.54,5.42428571428172,5.31142857142757,5.89800000000202,0.112857142854149,215.11,86,63.6808839779005,0
"84","COWICHAN RIVER",2005,2005-08-20,232,35,0,5.37,5.43428571429104,5.33071428571462,5.80033333333364,0.103571428576418,220.48,87,63.6808839779005,0
"85","COWICHAN RIVER",2005,2005-08-21,233,36,0,5.22,5.42571428571163,5.34571428571196,5.71300000000047,0.0799999999996679,225.7,88,63.6808839779005,0
"86","COWICHAN RIVER",2005,2005-08-22,234,37,0,5.18,5.39857142857675,5.35214285714652,5.6213333333338,0.0464285714302344,230.88,89,63.6808839779005,0
"87","COWICHAN RIVER",2005,2005-08-23,235,38,0,5.23,5.38571428572426,5.37142857143356,5.55566666666806,0.0142857142907031,236.11,90,63.6808839779005,0
"88","COWICHAN RIVER",2005,2005-08-24,236,39,0,5.29,5.32857142856145,5.38071428571129,5.50099999999705,-0.0521428571498417,241.4,91,63.6808839779005,0
"89","COWICHAN RIVER",2005,2005-08-25,237,40,0,5.43,5.32285714285847,5.37428571428505,5.46266666666682,-0.0514285714265759,246.83,92,63.6808839779005,0
"90","COWICHAN RIVER",2005,2005-08-26,238,41,0,5.29,5.28714285714419,5.35571428571296,5.42566666666729,-0.0685714285687675,252.12,93,63.6808839779005,0
"91","COWICHAN RIVER",2005,2005-08-27,239,42,0,5.24,5.26857142857209,5.35142857143156,5.39400000000217,-0.0828571428594707,257.36,94,63.6808839779005,0
"92","COWICHAN RIVER",2005,2005-08-28,240,43,0,5.08,5.2485714285701,5.33714285714086,5.36199999999953,-0.0885714285707637,262.44,95,63.6808839779005,0
"93","COWICHAN RIVER",2005,2005-08-29,241,44,0,5.3,5.26571428571229,5.33214285714452,5.34499999999922,-0.0664285714322297,267.74,96,63.6808839779005,0
"94","COWICHAN RIVER",2005,2005-08-30,242,45,0,5.17,5.25714285713288,5.32142857142857,5.32399999999907,-0.0642857142956927,272.91,97,63.6808839779005,0
"95","COWICHAN RIVER",2005,2005-08-31,243,46,0,5.26,5.2528571428598,5.29071428571063,5.30999999999767,-0.0378571428508234,278.17,98,63.6808839779005,0
"96","COWICHAN RIVER",2005,2005-09-01,244,47,0,5.26,5.2285714285681,5.27571428571329,5.29533333333287,-0.0471428571451851,283.43,99,63.6808839779005,0
"97","COWICHAN RIVER",2005,2005-09-02,245,48,0,5.02,5.18999999999401,5.2385714285691,5.27666666666822,-0.0485714285750873,288.45,100,63.6808839779005,0
"98","COWICHAN RIVER",2005,2005-09-03,246,49,0,5.19,5.18285714286113,5.22571428571661,5.27033333333675,-0.04285714285548,293.64,101,63.6808839779005,0
"99","COWICHAN RIVER",2005,2005-09-04,247,50,0,5.41,5.229999999998,5.23928571428405,5.27666666666434,-0.00928571428604652,299.05,102,63.6808839779005,0
"100","COWICHAN RIVER",2005,2005-09-05,248,51,0,5.41,5.24571428571029,5.25571428571129,5.28699999999953,-0.0100000000009981,304.46,103,63.6808839779005,0
"101","COWICHAN RIVER",2005,2005-09-06,249,52,0,5.48,5.29000000000399,5.27357142856844,5.30266666666527,0.0164285714355561,309.94,104,63.6808839779005,0
"102","COWICHAN RIVER",2005,2005-09-07,250,53,0,5.34,5.30142857142658,5.27714285714319,5.3109999999986,0.0242857142833861,315.28,105,63.6808839779005,0
"103","COWICHAN RIVER",2005,2005-09-08,251,54,0,5.52,5.33857142857076,5.28357142856943,5.32966666666713,0.0550000000013311,320.8,106,63.6808839779005,0
"104","COWICHAN RIVER",2005,2005-09-09,252,55,0,5.28,5.37571428571495,5.28285714285448,5.33366666666698,0.0928571428604688,326.08,107,63.6808839779005,0
"105","COWICHAN RIVER",2005,2005-09-10,253,56,0,5.33,5.39571428570032,5.28928571428072,5.32733333333163,0.106428571419591,331.41,108,63.6808839779005,0
"106","COWICHAN RIVER",2005,2005-09-11,254,57,0,5.32,5.38285714286446,5.30642857143123,5.31966666666558,0.0764285714332278,336.73,109,63.6808839779005,0
"107","COWICHAN RIVER",2005,2005-09-12,255,58,1,5.41,5.38285714286446,5.31428571428738,5.32333333333566,0.0685714285770826,342.14,110,63.6808839779005,0
"108","COWICHAN RIVER",2009,2009-07-17,198,1,0,6.2,6.34999999999335,6.54928571428172,7.10766666666605,-0.199285714288375,6.2,113,44.2244751381215,0
"109","COWICHAN RIVER",2009,2009-07-18,199,2,0,6.15,6.29285714284716,6.49285714285881,7.03066666666418,-0.200000000011642,12.35,114,44.2244751381215,0
"110","COWICHAN RIVER",2009,2009-07-19,200,3,0,6.12,6.25857142856278,6.46071428571096,6.96066666666496,-0.202142857148178,18.47,115,44.2244751381215,0
"111","COWICHAN RIVER",2009,2009-07-20,201,4,0,6.11,6.23857142856078,6.43142857142292,6.89733333333085,-0.192857142862133,24.58,116,44.2244751381215,0
"112","COWICHAN RIVER",2009,2009-07-21,202,5,0,5.92,6.17142857142192,6.37571428571495,6.83733333333318,-0.204285714293031,30.5,117,44.2244751381215,0
"113","COWICHAN RIVER",2009,2009-07-22,203,6,0,6.05,6.12428571428505,6.30571428571628,6.78433333333426,-0.181428571431232,36.55,118,44.2244751381215,0
"114","COWICHAN RIVER",2009,2009-07-23,204,7,0,6.1,6.09285714286047,6.25428571428971,6.73666666666589,-0.161428571429237,42.65,119,44.2244751381215,0
"115","COWICHAN RIVER",2009,2009-07-24,205,8,0,6.11,6.08000000000798,6.21500000000067,6.67766666666527,-0.134999999992682,48.76,120,44.2244751381215,0
"116","COWICHAN RIVER",2009,2009-07-25,206,9,0,6.47,6.12571428571495,6.20928571428106,6.62399999999907,-0.0835714285661071,55.23,121,44.2244751381215,0
"117","COWICHAN RIVER",2009,2009-07-26,207,10,0,6.56,6.18857142858074,6.22357142857176,6.57899999999985,-0.0349999999910189,61.79,122,44.2244751381215,0
"118","COWICHAN RIVER",2009,2009-07-27,208,11,0,6.47,6.24000000000732,6.23928571428405,6.54200000000031,0.000714285723266705,68.26,123,44.2244751381215,0
"119","COWICHAN RIVER",2009,2009-07-28,209,12,0,6.11,6.26714285714219,6.21928571428206,6.49733333333473,0.0478571428601358,74.37,124,44.2244751381215,0
"120","COWICHAN RIVER",2009,2009-07-29,210,13,0,6.18,6.28571428571429,6.20499999999967,6.46433333333504,0.0807142857146186,80.55,125,44.2244751381215,0
"121","COWICHAN RIVER",2009,2009-07-30,211,14,0,6.28,6.31142857141926,6.20214285713986,6.43933333333116,0.109285714279395,86.83,126,44.2244751381215,0
"122","COWICHAN RIVER",2009,2009-07-31,212,15,0,6.75,6.40285714284983,6.2414285714289,6.43333333333333,0.161428571420921,93.58,127,44.2244751381215,0
"123","COWICHAN RIVER",2009,2009-08-01,213,16,0,6.4,6.39285714285714,6.25928571428605,6.41633333333302,0.133571428571097,99.98,128,44.2244751381215,0
"124","COWICHAN RIVER",2009,2009-08-02,214,17,0,6.5,6.38428571427773,6.28642857142924,6.39899999999907,0.0978571428484951,106.48,129,44.2244751381215,0
"125","COWICHAN RIVER",2009,2009-08-03,215,18,0,6.35,6.36714285713554,6.30357142857143,6.37933333333349,0.0635714285641109,112.83,130,44.2244751381215,0
"126","COWICHAN RIVER",2009,2009-08-04,216,19,0,6.02,6.35428571428305,6.31071428571262,6.3609999999986,0.0435714285704307,118.85,131,44.2244751381215,0
"127","COWICHAN RIVER",2009,2009-08-05,217,20,0,6.1,6.34285714284384,6.31428571427906,6.34699999999721,0.0285714285647769,124.95,132,44.2244751381215,0
"128","COWICHAN RIVER",2009,2009-08-06,218,21,0,6.19,6.33000000000798,6.32071428571362,6.33000000000078,0.00928571429436253,131.14,133,44.2244751381215,0
"129","COWICHAN RIVER",2009,2009-08-07,219,22,0,6.2,6.2514285714299,6.32714285713986,6.30233333333163,-0.0757142857099611,137.34,134,44.2244751381215,0
"130","COWICHAN RIVER",2009,2009-08-08,220,23,0,6.33,6.24142857143722,6.31714285714718,6.28600000000248,-0.075714285709962,143.67,135,44.2244751381215,0
"131","COWICHAN RIVER",2009,2009-08-09,221,24,0,6.5,6.24142857143722,6.31285714285748,6.28066666666806,-0.071428571420256,150.17,136,44.2244751381215,0
"132","COWICHAN RIVER",2009,2009-08-10,222,25,0,6.44,6.25428571428971,6.31071428571262,6.27699999999798,-0.0564285714229165,156.61,137,44.2244751381215,0
"133","COWICHAN RIVER",2009,2009-08-11,223,26,0,6.5,6.32285714285847,6.33857142857076,6.28166666666511,-0.0157142857122903,163.11,138,44.2244751381215,0
"134","COWICHAN RIVER",2009,2009-08-12,224,27,0,6.39,6.36428571429237,6.3535714285681,6.28633333333225,0.0107142857242639,169.5,139,44.2244751381215,0
"135","COWICHAN RIVER",2009,2009-08-13,225,28,0,6.39,6.39285714285714,6.36142857143256,6.28633333333225,0.0314285714245806,175.89,140,44.2244751381215,0
"136","COWICHAN RIVER",2009,2009-08-14,226,29,0,6.13,6.38285714286446,6.31714285714718,6.27799999999891,0.065714285717279,182.02,141,44.2244751381215,0
"137","COWICHAN RIVER",2009,2009-08-15,227,30,0,5.75,6.29999999999667,6.27071428571695,6.25900000000062,0.0292857142797267,187.77,142,44.2244751381215,0
"138","COWICHAN RIVER",2009,2009-08-16,228,31,0,5.82,6.2028571428465,6.22214285714186,6.2463333333338,-0.0192857142953606,193.59,143,44.2244751381215,0
"139","COWICHAN RIVER",2009,2009-08-17,229,32,0,5.79,6.11000000000266,6.18214285714618,6.23433333333426,-0.0721428571435219,199.38,144,44.2244751381215,0
"140","COWICHAN RIVER",2009,2009-08-18,230,33,0,5.64,5.98714285714751,6.15500000000299,6.21833333333489,-0.16785714285548,205.02,145,44.2244751381215,0
"141","COWICHAN RIVER",2009,2009-08-19,231,34,0,5.82,5.90571428570963,6.135000000001,6.20866666666698,-0.229285714291369,210.84,146,44.2244751381215,0
"142","COWICHAN RIVER",2009,2009-08-20,232,35,0,5.8,5.82142857142857,6.10714285714286,6.20466666666713,-0.285714285714286,216.64,147,44.2244751381215,0
"143","COWICHAN RIVER",2009,2009-08-21,233,36,0,5.62,5.7485714285701,6.06571428571728,6.19033333333209,-0.317142857147181,222.26,148,44.2244751381215,0
"144","COWICHAN RIVER",2009,2009-08-22,234,37,0,5.69,5.73999999999069,6.01999999999368,6.17666666666434,-0.280000000002993,227.95,149,44.2244751381215,0
"145","COWICHAN RIVER",2009,2009-08-23,235,38,0,5.66,5.71714285714552,5.95999999999601,6.16166666666589,-0.24285714285049,233.61,150,44.2244751381215,0
"146","COWICHAN RIVER",2009,2009-08-24,236,39,0,5.74,5.70999999999601,5.90999999999933,6.13733333333318,-0.200000000003326,239.35,151,44.2244751381215,0
"147","COWICHAN RIVER",2009,2009-08-25,237,40,0,5.68,5.71571428571562,5.85142857143156,6.10799999999969,-0.135714285715949,245.03,152,44.2244751381215,0
"148","COWICHAN RIVER",2009,2009-08-26,238,41,0,5.52,5.67285714286845,5.78928571428904,6.07633333333458,-0.116428571420589,250.55,153,44.2244751381215,0
"149","COWICHAN RIVER",2009,2009-08-27,239,42,0,5.76,5.66714285713221,5.74428571428039,6.0646666666648,-0.0771428571481794,256.31,154,44.2244751381215,0
"150","COWICHAN RIVER",2009,2009-08-28,240,43,0,5.84,5.69857142857342,5.72357142857176,6.05333333333256,-0.0249999999983368,262.15,155,44.2244751381215,0
"151","COWICHAN RIVER",2009,2009-08-29,241,44,0,5.67,5.69571428571362,5.71785714285215,6.03299999999969,-0.0221428571385331,267.82,156,44.2244751381215,0
"152","COWICHAN RIVER",2009,2009-08-30,242,45,0,5.48,5.67000000000865,5.69357142857708,5.99066666666962,-0.0235714285684345,273.3,157,44.2244751381215,0
"153","COWICHAN RIVER",2009,2009-08-31,243,46,0,5.58,5.64714285714685,5.67857142857143,5.96333333333411,-0.0314285714245806,278.88,158,44.2244751381215,0
"154","COWICHAN RIVER",2009,2009-09-01,244,47,0,5.56,5.62999999998803,5.67285714285182,5.93199999999876,-0.0428571428637952,284.44,159,44.2244751381215,0
"155","COWICHAN RIVER",2009,2009-09-02,245,48,0,5.76,5.66428571427241,5.66857142857043,5.91233333333318,-0.00428571429802105,290.2,160,44.2244751381215,0
"156","COWICHAN RIVER",2009,2009-09-03,246,49,0,5.72,5.65857142858606,5.66285714285914,5.90233333333551,-0.00428571427307478,295.92,161,44.2244751381215,0
"157","COWICHAN RIVER",2009,2009-09-04,247,50,0,5.61,5.62571428571495,5.66214285714419,5.88600000000248,-0.0364285714292372,301.53,162,44.2244751381215,0
"158","COWICHAN RIVER",2009,2009-09-05,248,51,0,5.7,5.63000000000466,5.66285714285914,5.86966666666558,-0.0328571428544819,307.23,163,44.2244751381215,0
"159","COWICHAN RIVER",2009,2009-09-06,249,52,0,5.65,5.65428571427973,5.66214285714419,5.85133333333458,-0.00785714286446026,312.88,164,44.2244751381215,0
"160","COWICHAN RIVER",2009,2009-09-07,250,53,0,5.63,5.66142857142924,5.65428571428804,5.82799999999891,0.00714285714119356,318.51,165,44.2244751381215,0
"161","COWICHAN RIVER",2009,2009-09-08,251,54,0,5.6,5.66714285714884,5.64857142856844,5.79799999999814,0.0185714285804091,324.11,166,44.2244751381215,0
"162","COWICHAN RIVER",2009,2009-09-09,252,55,1,5.7,5.65857142856943,5.66142857142092,5.77333333333178,-0.00285714285148853,329.81,167,44.2244751381215,0
"163","COWICHAN RIVER",2010,2010-07-17,198,1,0,5.41,5.61428571427574,6.05142857142658,7.5609999999986,-0.43714285715084,5.41,87,81.8737569060773,0
"164","COWICHAN RIVER",2010,2010-07-18,199,2,0,5.49,5.53428571428438,5.95142857142491,7.28733333333318,-0.417142857140528,10.9,88,81.8737569060773,0
"165","COWICHAN RIVER",2010,2010-07-19,200,3,0,5.41,5.48428571428771,5.85785714285781,7.08433333333427,-0.373571428570099,16.31,89,81.8737569060773,0
"166","COWICHAN RIVER",2010,2010-07-20,201,4,0,5.71,5.48142857142791,5.78642857142092,6.95133333333069,-0.304999999993015,22.02,90,81.8737569060773,0
"167","COWICHAN RIVER",2010,2010-07-21,202,5,0,5.31,5.45000000000333,5.69642857142857,6.81833333333489,-0.246428571425245,27.33,91,81.8737569060773,0
"168","COWICHAN RIVER",2010,2010-07-22,203,6,0,5.42,5.46142857144254,5.6364285714309,6.69566666666651,-0.174999999988358,32.75,92,81.8737569060773,0
"169","COWICHAN RIVER",2010,2010-07-23,204,7,0,5.38,5.44714285714352,5.58500000000432,6.57866666667008,-0.137857142860801,38.13,93,81.8737569060773,0
"170","COWICHAN RIVER",2010,2010-07-24,205,8,0,5.5,5.46000000001264,5.53714285714419,6.47366666666931,-0.0771428571315482,43.63,94,81.8737569060773,0
"171","COWICHAN RIVER",2010,2010-07-25,206,9,0,5.37,5.44285714287045,5.48857142857742,6.3676666666676,-0.0457142857069686,49,95,81.8737569060773,0
"172","COWICHAN RIVER",2010,2010-07-26,207,10,0,5.56,5.46428571428571,5.47428571428671,6.2786666666662,-0.0100000000009981,54.56,96,81.8737569060773,0
"173","COWICHAN RIVER",2010,2010-07-27,208,11,0,5.82,5.48000000001463,5.48071428572127,6.20466666666713,-0.000714285706635565,60.38,97,81.8737569060773,0
"174","COWICHAN RIVER",2010,2010-07-28,209,12,0,5.65,5.52857142856478,5.48928571428405,6.125,0.0392857142807248,66.03,98,81.8737569060773,0
"175","COWICHAN RIVER",2010,2010-07-29,210,13,0,5.48,5.53714285714419,5.49928571429336,6.04666666666744,0.0378571428508234,71.51,99,81.8737569060773,0
"176","COWICHAN RIVER",2010,2010-07-30,211,14,0,5.32,5.52857142856478,5.48785714285415,5.96333333333411,0.0407142857106271,76.83,100,81.8737569060773,0
"177","COWICHAN RIVER",2010,2010-07-31,212,15,0,5.14,5.4771428571382,5.46857142857542,5.87166666666744,0.00857142856277981,81.97,101,81.8737569060773,0
"178","COWICHAN RIVER",2010,2010-08-01,213,16,0,5.14,5.44428571428372,5.44357142857708,5.7890000000014,0.000714285706635565,87.11,102,81.8737569060773,0
"179","COWICHAN RIVER",2010,2010-08-02,214,17,0,5.21,5.39428571428704,5.42928571428638,5.72100000000016,-0.0349999999993349,92.32,103,81.8737569060773,0
"180","COWICHAN RIVER",2010,2010-08-03,215,18,0,5.4,5.33428571428106,5.40714285714785,5.6713333333338,-0.0728571428667886,97.72,104,81.8737569060773,0
"181","COWICHAN RIVER",2010,2010-08-04,216,19,0,5.37,5.2942857142937,5.41142857142924,5.62633333333457,-0.117142857135539,103.09,105,81.8737569060773,0
"182","COWICHAN RIVER",2010,2010-08-05,217,20,0,5.36,5.27714285713487,5.40714285713953,5.58133333333147,-0.130000000004657,108.45,106,81.8737569060773,0
"183","COWICHAN RIVER",2010,2010-08-06,218,21,0,5.33,5.27857142856478,5.40357142856478,5.53999999999845,-0.125,113.78,107,81.8737569060773,0
"184","COWICHAN RIVER",2010,2010-08-07,219,22,0,5.37,5.31142857141926,5.39428571427873,5.51033333333132,-0.0828571428594715,119.15,108,81.8737569060773,0
"185","COWICHAN RIVER",2010,2010-08-08,220,23,0,5.22,5.32285714285847,5.3835714285711,5.48100000000171,-0.0607142857126224,124.37,109,81.8737569060773,0
"186","COWICHAN RIVER",2010,2010-08-09,221,24,0,5.09,5.30571428571628,5.35000000000166,5.44499999999922,-0.0442857142853814,129.46,110,81.8737569060773,0
"187","COWICHAN RIVER",2010,2010-08-10,222,25,0,5.18,5.27428571427507,5.30428571427806,5.41599999999938,-0.0300000000029934,134.64,111,81.8737569060773,0
"188","COWICHAN RIVER",2010,2010-08-11,223,26,0,5.1,5.23571428571761,5.26500000000565,5.39400000000217,-0.0292857142880427,139.74,112,81.8737569060773,0
"189","COWICHAN RIVER",2010,2010-08-12,224,27,0,5.07,5.19428571428372,5.2357142857093,5.37200000000109,-0.0414285714255787,144.81,113,81.8737569060773,0
"190","COWICHAN RIVER",2010,2010-08-13,225,28,0,5.07,5.15714285715616,5.21785714286047,5.356666666669,-0.0607142857043073,149.88,114,81.8737569060773,0
"191","COWICHAN RIVER",2010,2010-08-14,226,29,0,5.21,5.13428571429436,5.22285714285681,5.35233333333551,-0.0885714285624477,155.09,115,81.8737569060773,0
"192","COWICHAN RIVER",2010,2010-08-15,227,30,0,4.88,5.08571428571096,5.20428571428472,5.3323333333324,-0.118571428573757,159.97,116,81.8737569060773,0
"193","COWICHAN RIVER",2010,2010-08-16,228,31,0,4.81,5.04571428570697,5.17571428571163,5.31233333333318,-0.130000000004657,164.78,117,81.8737569060773,0
"194","COWICHAN RIVER",2010,2010-08-17,229,32,0,5.15,5.04142857143389,5.15785714285448,5.30100000000093,-0.116428571420589,169.93,118,81.8737569060773,0
"195","COWICHAN RIVER",2010,2010-08-18,230,33,0,4.9,5.01285714285249,5.12428571428505,5.28400000000062,-0.111428571432563,174.83,119,81.8737569060773,0
"196","COWICHAN RIVER",2010,2010-08-19,231,34,0,4.73,4.96428571428571,5.07928571428472,5.25133333333457,-0.114999999999002,179.56,120,81.8737569060773,0
"197","COWICHAN RIVER",2010,2010-08-20,232,35,0,4.65,4.90428571427973,5.03071428571794,5.22933333333349,-0.126428571438217,184.21,121,81.8737569060773,0
"198","COWICHAN RIVER",2010,2010-08-21,233,36,0,4.54,4.80857142857609,4.97142857143522,5.2,-0.162857142859139,188.75,122,81.8737569060773,0
"199","COWICHAN RIVER",2010,2010-08-22,234,37,0,4.56,4.76285714285249,4.92428571428172,5.17266666666449,-0.161428571429236,193.31,123,81.8737569060773,0
"200","COWICHAN RIVER",2010,2010-08-23,235,38,0,4.45,4.71142857144254,4.87857142857475,5.13766666666682,-0.167142857132213,197.76,124,81.8737569060773,0
"201","COWICHAN RIVER",2010,2010-08-24,236,39,0,4.67,4.64285714285714,4.84214285714552,5.11433333333116,-0.199285714288375,202.43,125,81.8737569060773,0
"202","COWICHAN RIVER",2010,2010-08-25,237,40,0,4.77,4.62428571428505,4.81857142856877,5.08800000000047,-0.194285714283718,207.2,126,81.8737569060773,0
"203","COWICHAN RIVER",2010,2010-08-26,238,41,0,4.49,4.59000000000067,4.77714285714319,5.04366666666465,-0.187142857142525,211.69,127,81.8737569060773,0
"204","COWICHAN RIVER",2010,2010-08-27,239,42,0,4.48,4.56571428570896,4.73499999999435,5.00466666666713,-0.169285714285381,216.17,128,81.8737569060773,0
"205","COWICHAN RIVER",2010,2010-08-28,240,43,0,4.58,4.57142857142857,4.69000000000233,4.97466666666636,-0.118571428573757,220.75,129,81.8737569060773,0
"206","COWICHAN RIVER",2010,2010-08-29,241,44,0,4.55,4.56999999999867,4.66642857142558,4.94899999999907,-0.096428571426908,225.3,130,81.8737569060773,0
"207","COWICHAN RIVER",2010,2010-08-30,242,45,0,4.39,4.56142857141926,4.6364285714309,4.92399999999907,-0.0750000000116415,229.69,131,81.8737569060773,0
"208","COWICHAN RIVER",2010,2010-08-31,243,46,0,5,4.60857142857276,4.62571428571495,4.91933333333194,-0.0171428571421917,234.69,132,81.8737569060773,0
"209","COWICHAN RIVER",2010,2010-09-01,244,47,1,4.96,4.63571428570763,4.62999999999634,4.9109999999986,0.00571428571129218,239.65,133,81.8737569060773,0
"210","COWICHAN RIVER",2011,2011-07-17,198,1,0,9.33,8.16999999999202,7.52499999999834,10.6239999999991,0.64499999999368,9.33,92,82.6037016574586,0
"211","COWICHAN RIVER",2011,2011-07-18,199,2,0,8.92,8.36000000000266,7.70357142857808,10.0579999999997,0.65642857142458,18.25,93,82.6037016574586,0
"212","COWICHAN RIVER",2011,2011-07-19,200,3,0,9.31,8.57714285713155,7.91142857142924,9.54833333333178,0.665714285702312,27.56,94,82.6037016574586,0
"213","COWICHAN RIVER",2011,2011-07-20,201,4,0,9.29,8.78571428571429,8.11571428571395,9.10799999999969,0.670000000000334,36.85,95,82.6037016574586,0
"214","COWICHAN RIVER",2011,2011-07-21,202,5,0,10,9.10000000000998,8.35428571428305,8.78133333333535,0.745714285726926,46.85,96,82.6037016574586,0
"215","COWICHAN RIVER",2011,2011-07-22,203,6,0,10.4,9.46285714285581,8.60785714285781,8.54800000000202,0.854999999998004,57.25,97,82.6037016574586,0
"216","COWICHAN RIVER",2011,2011-07-23,204,7,0,11.5,9.82142857142857,8.87928571428971,8.43800000000047,0.942142857138865,68.75,98,82.6037016574586,0
"217","COWICHAN RIVER",2011,2011-07-24,205,8,0,11.5,10.1314285714346,9.15071428571329,8.37800000000279,0.98071428572127,80.25,99,82.6037016574586,0
"218","COWICHAN RIVER",2011,2011-07-25,206,9,0,11.3,10.4714285714186,9.41571428571063,8.34466666666558,1.05571428570797,91.55,100,82.6037016574586,0
"219","COWICHAN RIVER",2011,2011-07-26,207,10,0,10.4,10.6271428571449,9.6021428571382,8.33133333333147,1.02500000000665,101.95,101,82.6037016574586,0
"220","COWICHAN RIVER",2011,2011-07-27,208,11,0,10.9,10.8571428571429,9.82142857142857,8.35466666666713,1.03571428571429,112.85,102,82.6037016574586,0
"221","COWICHAN RIVER",2011,2011-07-28,209,12,0,10.5,10.9285714285714,10.0142857142907,8.4109999999986,0.914285714280725,123.35,103,82.6037016574586,0
"222","COWICHAN RIVER",2011,2011-07-29,210,13,0,10.4,10.9285714285714,10.1957142857136,8.50500000000078,0.732857142857808,133.75,104,82.6037016574586,0
"223","COWICHAN RIVER",2011,2011-07-30,211,14,0,10.5,10.7857142857143,10.3035714285714,8.64233333333395,0.482142857142858,144.25,105,82.6037016574586,0
"224","COWICHAN RIVER",2011,2011-07-31,212,15,0,10.5,10.6428571428571,10.3871428571459,8.78200000000264,0.255714285711292,154.75,106,82.6037016574586,0
"225","COWICHAN RIVER",2011,2011-08-01,213,16,0,10.4,10.5142857142824,10.4928571428505,8.91999999999922,0.0214285714318976,165.15,107,82.6037016574586,0
"226","COWICHAN RIVER",2011,2011-08-02,214,17,0,10.1,10.4714285714352,10.54928571429,9.04233333333395,-0.077857142854814,175.25,108,82.6037016574586,0
"227","COWICHAN RIVER",2011,2011-08-03,215,18,0,9.76,10.3085714285761,10.5828571428595,9.15366666667008,-0.274285714283385,185.01,109,82.6037016574586,0
"228","COWICHAN RIVER",2011,2011-08-04,216,19,0,9.53,10.169999999992,10.5492857142817,9.25799999999969,-0.379285714289706,194.54,110,82.6037016574586,0
"229","COWICHAN RIVER",2011,2011-08-05,217,20,0,8.64,9.91857142856212,10.4235714285668,9.33166666666511,-0.505000000004657,203.18,111,82.6037016574586,0
"230","COWICHAN RIVER",2011,2011-08-06,218,21,0,8.51,9.63428571427773,10.209999999996,9.39333333333101,-0.575714285718277,211.69,112,82.6037016574586,0
"231","COWICHAN RIVER",2011,2011-08-07,219,22,0,8.16,9.29999999999667,9.97142857142691,9.43699999999953,-0.671428571430235,219.85,113,82.6037016574586,0
"232","COWICHAN RIVER",2011,2011-08-08,220,23,0,7.93,8.94714285714352,9.73071428571295,9.44466666666558,-0.783571428569433,227.78,114,82.6037016574586,0
"233","COWICHAN RIVER",2011,2011-08-09,221,24,0,7.83,8.62285714285515,9.54714285714519,9.44899999999907,-0.924285714290038,235.61,115,82.6037016574586,0
"234","COWICHAN RIVER",2011,2011-08-10,222,25,0,7.44,8.29142857141726,9.29999999999667,9.44399999999829,-1.00857142857941,243.05,116,82.6037016574586,0
"235","COWICHAN RIVER",2011,2011-08-11,223,26,0,7.42,7.99000000000732,9.07999999999967,9.43166666666511,-1.08999999999235,250.47,117,82.6037016574586,0
"236","COWICHAN RIVER",2011,2011-08-12,224,27,0,6.82,7.729999999998,8.82428571428006,9.39799999999814,-1.09428571428206,257.29,118,82.6037016574586,0
"237","COWICHAN RIVER",2011,2011-08-13,225,28,0,6.5,7.44285714285382,8.53857142856577,9.35466666666713,-1.09571428571196,263.79,119,82.6037016574586,0
"238","COWICHAN RIVER",2011,2011-08-14,226,29,0,6.65,7.2271428571382,8.26357142856744,9.31433333333116,-1.03642857142924,270.44,120,82.6037016574586,0
"239","COWICHAN RIVER",2011,2011-08-15,227,30,0,6.66,7.0457142857236,7.99642857143356,9.23666666666589,-0.950714285709962,277.1,121,82.6037016574586,0
"240","COWICHAN RIVER",2011,2011-08-16,228,31,0,6.8,6.89857142856012,7.76071428570763,9.15233333333163,-0.862142857147514,283.9,122,82.6037016574586,0
"241","COWICHAN RIVER",2011,2011-08-17,229,32,0,6.71,6.7942857142937,7.54285714285548,9.0786666666662,-0.748571428561783,290.61,123,82.6037016574586,0
"242","COWICHAN RIVER",2011,2011-08-18,230,33,0,6.57,6.67285714285182,7.33142857142957,8.98733333333318,-0.658571428577749,297.18,124,82.6037016574586,0
"243","COWICHAN RIVER",2011,2011-08-19,231,34,0,6.35,6.60571428571296,7.16785714285548,8.88933333333116,-0.562142857142525,303.53,125,82.6037016574586,0
"244","COWICHAN RIVER",2011,2011-08-20,232,35,0,6.4,6.59142857143057,7.01714285714219,8.76933333333194,-0.425714285711624,309.93,126,82.6037016574586,0
"245","COWICHAN RIVER",2011,2011-08-21,233,36,0,6.31,6.5428571428638,6.885000000001,8.63299999999969,-0.342142857137203,316.24,127,82.6037016574586,0
"246","COWICHAN RIVER",2011,2011-08-22,234,37,0,6.87,6.57285714285847,6.80928571429104,8.4786666666662,-0.236428571432563,323.11,128,82.6037016574586,0
"247","COWICHAN RIVER",2011,2011-08-23,235,38,0,6.81,6.57428571428837,6.73642857142425,8.32233333333085,-0.162142857135873,329.92,129,82.6037016574586,0
"248","COWICHAN RIVER",2011,2011-08-24,236,39,0,6.64,6.56428571427906,6.67928571428638,8.16700000000031,-0.115000000007318,336.56,130,82.6037016574586,0
"249","COWICHAN RIVER",2011,2011-08-25,237,40,0,6.45,6.5471428571535,6.61000000000266,8.0353333333352,-0.0628571428491602,343.01,131,82.6037016574586,0
"250","COWICHAN RIVER",2011,2011-08-26,238,41,0,6.27,6.53571428571429,6.57071428571362,7.88099999999783,-0.0349999999993349,349.28,132,82.6037016574586,0
"251","COWICHAN RIVER",2011,2011-08-27,239,42,0,6.09,6.49142857143722,6.54142857143389,7.73400000000062,-0.0499999999966736,355.37,133,82.6037016574586,0
"252","COWICHAN RIVER",2011,2011-08-28,240,43,0,6.1,6.46142857142591,6.50214285714485,7.59066666666574,-0.0407142857189422,361.47,134,82.6037016574586,0
"253","COWICHAN RIVER",2011,2011-08-29,241,44,0,6.26,6.37428571428505,6.47357142857176,7.44933333333271,-0.0992857142867116,367.73,135,82.6037016574586,0
"254","COWICHAN RIVER",2011,2011-08-30,242,45,0,6.59,6.34285714286047,6.45857142857442,7.31899999999829,-0.115714285713953,374.32,136,82.6037016574586,0
"255","COWICHAN RIVER",2011,2011-08-31,243,46,0,7.05,6.40142857143655,6.48285714285781,7.20733333333628,-0.0814285714212541,381.37,137,82.6037016574586,0
"256","COWICHAN RIVER",2011,2011-09-01,244,47,0,6.88,6.46285714285581,6.50500000000466,7.1,-0.0421428571488445,388.25,138,82.6037016574586,0
"257","COWICHAN RIVER",2011,2011-09-02,245,48,0,6.67,6.520000000002,6.52785714285814,6.99699999999721,-0.00785714285614514,394.92,139,82.6037016574586,0
"258","COWICHAN RIVER",2011,2011-09-03,246,49,0,6.31,6.55142857142658,6.5214285714319,6.88966666666868,0.0299999999946783,401.23,140,82.6037016574586,0
"259","COWICHAN RIVER",2011,2011-09-04,247,50,0,6.17,6.56142857141926,6.51142857142258,6.8073333333324,0.0499999999966736,407.4,141,82.6037016574586,0
"260","COWICHAN RIVER",2011,2011-09-05,248,51,0,6.15,6.54571428570697,6.45999999999601,6.7286666666662,0.0857142857109601,413.55,142,82.6037016574586,0
"261","COWICHAN RIVER",2011,2011-09-06,249,52,0,6.33,6.50857142857941,6.42571428571994,6.6676666666676,0.0828571428594707,419.88,143,82.6037016574586,0
"262","COWICHAN RIVER",2011,2011-09-07,250,53,1,6.15,6.37999999998803,6.39071428571229,6.60833333333333,-0.0107142857242648,426.03,144,82.6037016574586,0
"263","COWICHAN RIVER",2012,2012-07-16,198,1,0,13.9,15.8428571428605,15.4714285714269,18.6233333333318,0.37142857143356,13.9,73,76.7812154696133,0
"264","COWICHAN RIVER",2012,2012-07-17,199,2,0,13.5,15.3285714285781,15.4285714285714,18.4233333333318,-0.0999999999933472,27.4,74,76.7812154696133,0
"265","COWICHAN RIVER",2012,2012-07-18,200,3,0,13.1,14.6857142857043,15.3428571428522,18.1533333333326,-0.657142857147846,40.5,75,76.7812154696133,0
"266","COWICHAN RIVER",2012,2012-07-19,201,4,0,12.7,14.0714285714286,15.2357142857176,17.8033333333364,-1.16428571428904,53.2,76,76.7812154696133,0
"267","COWICHAN RIVER",2012,2012-07-20,202,5,0,12.5,13.60000000001,15.0642857142874,17.406666666669,-1.4642857142774,65.7,77,76.7812154696133,0
"268","COWICHAN RIVER",2012,2012-07-21,203,6,0,12.4,13.2428571428505,14.8214285714286,17.0166666666667,-1.57857142857808,78.1,78,76.7812154696133,0
"269","COWICHAN RIVER",2012,2012-07-22,204,7,0,12.2,12.9000000000067,14.5428571428555,16.6266666666682,-1.64285714284883,90.3,79,76.7812154696133,0
"270","COWICHAN RIVER",2012,2012-07-23,205,8,0,11.9,12.6142857142924,14.2285714285764,16.1933333333349,-1.61428571428405,102.2,80,76.7812154696133,0
"271","COWICHAN RIVER",2012,2012-07-24,206,9,0,10.8,12.2285714285681,13.7785714285731,15.7199999999992,-1.55000000000499,113,81,76.7812154696133,0
"272","COWICHAN RIVER",2012,2012-07-25,207,10,0,10.3,11.8285714285781,13.2571428571412,15.2166666666667,-1.42857142856311,123.3,82,76.7812154696133,0
"273","COWICHAN RIVER",2012,2012-07-26,208,11,0,8.34,11.2057142857063,12.6385714285674,14.6946666666656,-1.43285714286113,131.64,83,76.7812154696133,0
"274","COWICHAN RIVER",2012,2012-07-27,209,12,0,7.69,10.5185714285721,12.059285714291,14.2010000000009,-1.54071428571894,139.33,84,76.7812154696133,0
"275","COWICHAN RIVER",2012,2012-07-28,210,13,0,7.43,9.80857142857609,11.5257142857133,13.7786666666662,-1.7171428571372,146.76,85,76.7812154696133,0
"276","COWICHAN RIVER",2012,2012-07-29,211,14,0,6.78,9.03428571428438,10.9671428571455,13.4013333333346,-1.93285714286113,153.54,86,76.7812154696133,0
"277","COWICHAN RIVER",2012,2012-07-30,212,15,0,6.58,8.27428571427507,10.4442857142837,13.060666666665,-2.17000000000865,160.12,87,76.7812154696133,0
"278","COWICHAN RIVER",2012,2012-07-31,213,16,0,6.44,7.65142857143655,9.94000000000233,12.7786666666662,-2.28857142856577,166.56,88,76.7812154696133,0
"279","COWICHAN RIVER",2012,2012-08-01,214,17,0,6.5,7.10857142857276,9.46857142857542,12.5253333333336,-2.36000000000266,173.06,89,76.7812154696133,0
"280","COWICHAN RIVER",2012,2012-08-02,215,18,0,6.66,6.86857142856544,9.03714285713587,12.2773333333316,-2.16857142857043,179.72,90,76.7812154696133,0
"281","COWICHAN RIVER",2012,2012-08-03,216,19,0,6.45,6.69142857142391,8.604999999998,12.0156666666657,-1.91357142857409,186.17,91,76.7812154696133,0
"282","COWICHAN RIVER",2012,2012-08-04,217,20,0,6.61,6.57428571428837,8.19142857143223,11.7626666666668,-1.61714285714385,192.78,92,76.7812154696133,0
"283","COWICHAN RIVER",2012,2012-08-05,218,21,0,6.39,6.51857142857209,7.77642857142824,11.4789999999998,-1.25785714285615,199.17,93,76.7812154696133,0
"284","COWICHAN RIVER",2012,2012-08-06,219,22,0,6.63,6.5257142857216,7.39999999999834,11.1733333333357,-0.874285714276733,205.8,94,76.7812154696133,0
"285","COWICHAN RIVER",2012,2012-08-07,220,23,0,7.12,6.62285714285515,7.13714285714585,10.8739999999991,-0.514285714290704,212.92,95,76.7812154696133,0
"286","COWICHAN RIVER",2012,2012-08-08,221,24,0,6.83,6.66999999999202,6.88928571428239,10.5583333333333,-0.219285714290371,219.75,96,76.7812154696133,0
"287","COWICHAN RIVER",2012,2012-08-09,222,25,0,6.67,6.67142857143855,6.770000000002,10.2106666666688,-0.0985714285634458,226.42,97,76.7812154696133,0
"288","COWICHAN RIVER",2012,2012-08-10,223,26,0,6.29,6.64857142857675,6.67000000000033,9.83366666666698,-0.0214285714235825,232.71,98,76.7812154696133,0
"289","COWICHAN RIVER",2012,2012-08-11,224,27,0,6.63,6.65142857141992,6.61285714285415,9.48799999999659,0.0385714285657741,239.34,99,76.7812154696133,0
"290","COWICHAN RIVER",2012,2012-08-12,225,28,0,6.48,6.66428571428904,6.59142857143057,9.17733333333551,0.0728571428584734,245.82,100,76.7812154696133,0
"291","COWICHAN RIVER",2012,2012-08-13,226,29,0,6.39,6.63000000000466,6.57785714286313,8.89366666666853,0.0521428571415266,252.21,101,76.7812154696133,0
"292","COWICHAN RIVER",2012,2012-08-14,227,30,0,5.72,6.43000000000133,6.52642857142824,8.59766666666837,-0.0964285714269089,257.93,102,76.7812154696133,0
"293","COWICHAN RIVER",2012,2012-08-15,228,31,1,5.55,6.2471428571402,6.45857142856611,8.31933333333194,-0.211428571425911,263.48,103,76.7812154696133,0
"294","COWICHAN RIVER",2014,2014-07-17,198,1,0,3.65,3.59142857143057,3.6464285714319,4.74499999999922,-0.0550000000013307,3.65,99,54.4582320441989,0
"295","COWICHAN RIVER",2014,2014-07-18,199,2,0,3.76,3.61714285715217,3.65999999999933,4.60399999999984,-0.0428571428471645,7.41,100,54.4582320441989,0
"296","COWICHAN RIVER",2014,2014-07-19,200,3,0,3.92,3.64714285713022,3.66285714285082,4.49266666666372,-0.0157142857206054,11.33,101,54.4582320441989,0
"297","COWICHAN RIVER",2014,2014-07-20,201,4,0,3.84,3.67571428571162,3.6578571428628,4.3890000000014,0.0178571428488272,15.17,102,54.4582320441989,0
"298","COWICHAN RIVER",2014,2014-07-21,202,5,0,4.03,3.7528571428598,3.67428571429004,4.30266666666915,0.0785714285697652,19.2,103,54.4582320441989,0
"299","COWICHAN RIVER",2014,2014-07-22,203,6,0,3.94,3.80571428571628,3.69785714285847,4.24033333333209,0.107857142857808,23.14,104,54.4582320441989,0
"300","COWICHAN RIVER",2014,2014-07-23,204,7,0,4.26,3.91428571428904,3.74214285714385,4.19133333333302,0.172142857145186,27.4,105,54.4582320441989,0
"301","COWICHAN RIVER",2014,2014-07-24,205,8,0,4.37,4.01714285714219,3.80428571428638,4.13400000000062,0.212857142855812,31.77,106,54.4582320441989,0
"302","COWICHAN RIVER",2014,2014-07-25,206,9,0,4.16,4.07428571428837,3.84571428572027,4.0700000000031,0.228571428568102,35.93,107,54.4582320441989,0
"303","COWICHAN RIVER",2014,2014-07-26,207,10,0,4.41,4.14428571428704,3.89571428570863,4.02033333333287,0.248571428578413,40.34,108,54.4582320441989,0
"304","COWICHAN RIVER",2014,2014-07-27,208,11,0,4.23,4.20000000000333,3.93785714285748,3.97466666667024,0.262142857145851,44.57,109,54.4582320441989,0
"305","COWICHAN RIVER",2014,2014-07-28,209,12,0,4.08,4.2071428571362,3.979999999998,3.92700000000186,0.227142857138201,48.65,110,54.4582320441989,0
"306","COWICHAN RIVER",2014,2014-07-29,210,13,0,4.07,4.2257142857083,4.01571428571229,3.89466666666558,0.209999999996008,52.72,111,54.4582320441989,0
"307","COWICHAN RIVER",2014,2014-07-30,211,14,0,3.7,4.14571428571695,4.03000000000299,3.87200000000109,0.115714285713953,56.42,112,54.4582320441989,0
"308","COWICHAN RIVER",2014,2014-07-31,212,15,0,3.23,3.98285714285781,4,3.84300000000124,-0.0171428571421921,59.65,113,54.4582320441989,0
"309","COWICHAN RIVER",2014,2014-08-01,213,16,0,3.22,3.84857142856345,3.96142857142591,3.80599999999783,-0.112857142862465,62.87,114,54.4582320441989,0
"310","COWICHAN RIVER",2014,2014-08-02,214,17,0,3.38,3.70142857143323,3.92285714286014,3.78833333333411,-0.221428571426908,66.25,115,54.4582320441989,0
"311","COWICHAN RIVER",2014,2014-08-03,215,18,0,3.21,3.55571428569965,3.87785714285149,3.77633333333069,-0.322142857151838,69.46,116,54.4582320441989,0
"312","COWICHAN RIVER",2014,2014-08-04,216,19,0,3.33,3.44857142857342,3.82785714285481,3.75799999999969,-0.37928571428139,72.79,117,54.4582320441989,0
"313","COWICHAN RIVER",2014,2014-08-05,217,20,0,3.92,3.42714285714153,3.82642857142491,3.75833333333333,-0.399285714283386,76.71,118,54.4582320441989,0
"314","COWICHAN RIVER",2014,2014-08-06,218,21,0,3.26,3.36428571427574,3.75499999999634,3.74033333333209,-0.390714285720605,79.97,119,54.4582320441989,0
"315","COWICHAN RIVER",2014,2014-08-07,219,22,0,3.1,3.34571428572027,3.66428571428904,3.72333333333566,-0.318571428568768,83.07,120,54.4582320441989,0
"316","COWICHAN RIVER",2014,2014-08-08,220,23,0,2.94,3.30571428571628,3.57714285713986,3.7,-0.271428571423582,86.01,121,54.4582320441989,0
"317","COWICHAN RIVER",2014,2014-08-09,221,24,0,2.67,3.20428571429303,3.45285714286313,3.67233333333473,-0.248571428570098,88.68,122,54.4582320441989,0
"318","COWICHAN RIVER",2014,2014-08-10,222,25,0,2.55,3.11000000000266,3.33285714285116,3.63800000000047,-0.222857142848495,91.23,123,54.4582320441989,0
"319","COWICHAN RIVER",2014,2014-08-11,223,26,0,2.63,3.00999999999268,3.22928571428305,3.60199999999798,-0.219285714290371,93.86,124,54.4582320441989,0
"320","COWICHAN RIVER",2014,2014-08-12,224,27,0,2.64,2.82714285714818,3.12714285714485,3.56866666666465,-0.299999999996674,96.5,125,54.4582320441989,0
"321","COWICHAN RIVER",2014,2014-08-13,225,28,0,3.06,2.7985714285834,3.08142857142957,3.55433333333349,-0.282857142846166,99.56,126,54.4582320441989,0
"322","COWICHAN RIVER",2014,2014-08-14,226,29,0,2.93,2.77428571427507,3.05999999999767,3.53299999999969,-0.285714285722601,102.49,127,54.4582320441989,0
"323","COWICHAN RIVER",2014,2014-08-15,227,30,0,3.21,2.81285714286579,3.05928571429104,3.52333333333566,-0.246428571425245,105.7,128,54.4582320441989,0
"324","COWICHAN RIVER",2014,2014-08-16,228,31,0,3.1,2.87428571428505,3.03928571428904,3.50500000000078,-0.165000000003992,108.8,129,54.4582320441989,0
"325","COWICHAN RIVER",2014,2014-08-17,229,32,0,3,2.93857142858074,3.0242857142917,3.47966666666713,-0.0857142857109596,111.8,130,54.4582320441989,0
"326","COWICHAN RIVER",2014,2014-08-18,230,33,0,2.88,2.97428571429503,2.99214285714385,3.4450000000031,-0.0178571428488272,114.68,131,54.4582320441989,0
"327","COWICHAN RIVER",2014,2014-08-19,231,34,0,2.89,3.01000000000931,2.91857142857875,3.41333333333411,0.0914285714305669,117.57,132,54.4582320441989,0
"328","COWICHAN RIVER",2014,2014-08-20,232,35,0,2.88,2.98428571428771,2.89142857143556,3.375,0.0928571428521536,120.45,133,54.4582320441989,0
"329","COWICHAN RIVER",2014,2014-08-21,233,36,0,2.94,2.98571428571761,2.87999999999634,3.34166666666667,0.105714285721271,123.39,134,54.4582320441989,0
"330","COWICHAN RIVER",2014,2014-08-22,234,37,0,2.89,2.93999999999401,2.8764285714299,3.29600000000016,0.0635714285641109,126.28,135,54.4582320441989,0
"331","COWICHAN RIVER",2014,2014-08-23,235,38,0,2.93,2.91571428570231,2.89499999999368,3.24799999999814,0.0207142857086313,129.21,136,54.4582320441989,0
"332","COWICHAN RIVER",2014,2014-08-24,236,39,0,2.86,2.89571428571695,2.91714285714884,3.20466666666713,-0.0214285714318976,132.07,137,54.4582320441989,0
"333","COWICHAN RIVER",2014,2014-08-25,237,40,0,2.87,2.89428571428704,2.93428571429104,3.15333333333644,-0.0400000000039915,134.94,138,54.4582320441989,0
"334","COWICHAN RIVER",2014,2014-08-26,238,41,0,2.81,2.88285714284783,2.94642857142857,3.10599999999783,-0.0635714285807421,137.75,139,54.4582320441989,0
"335","COWICHAN RIVER",2014,2014-08-27,239,42,0,2.88,2.88285714284783,2.93357142856777,3.06599999999938,-0.0507142857199403,140.63,140,54.4582320441989,0
"336","COWICHAN RIVER",2014,2014-08-28,240,43,0,2.78,2.86000000000266,2.92285714286014,3.02300000000202,-0.0628571428574753,143.41,141,54.4582320441989,0
"337","COWICHAN RIVER",2014,2014-08-29,241,44,0,2.66,2.82714285714818,2.8835714285711,2.98833333333411,-0.0564285714229169,146.07,142,54.4582320441989,0
"338","COWICHAN RIVER",2014,2014-08-30,242,45,0,3.06,2.84571428572027,2.88071428571129,2.98266666666605,-0.0349999999910193,149.13,143,54.4582320441989,0
"339","COWICHAN RIVER",2014,2014-08-31,243,46,0,3.01,2.86714285713554,2.88142857142624,2.97566666666729,-0.0142857142907036,152.14,144,54.4582320441989,0
"340","COWICHAN RIVER",2014,2014-09-01,244,47,0,2.89,2.86999999999534,2.88214285714119,2.95933333333426,-0.0121428571458506,155.03,145,54.4582320441989,0
"341","COWICHAN RIVER",2014,2014-09-02,245,48,0,3.32,2.94285714285382,2.91285714285082,2.96300000000047,0.0300000000029939,158.35,146,54.4582320441989,0
"342","COWICHAN RIVER",2014,2014-09-03,246,49,0,3.42,3.020000000002,2.95142857142491,2.96599999999938,0.0685714285770831,161.77,147,54.4582320441989,0
"343","COWICHAN RIVER",2014,2014-09-04,247,50,0,3.02,3.05428571428638,2.95714285714452,2.93600000000248,0.0971428571418591,164.79,148,54.4582320441989,0
"344","COWICHAN RIVER",2014,2014-09-05,248,51,0,2.89,3.08714285714086,2.95714285714452,2.92366666666931,0.129999999996341,167.68,149,54.4582320441989,0
"345","COWICHAN RIVER",2014,2014-09-06,249,52,0,2.93,3.06857142856877,2.95714285714452,2.91799999999736,0.111428571424247,170.61,150,54.4582320441989,0
"346","COWICHAN RIVER",2014,2014-09-07,250,53,0,3.03,3.07142857142857,2.96928571428206,2.92100000000016,0.102142857146516,173.64,151,54.4582320441989,0
"347","COWICHAN RIVER",2014,2014-09-08,251,54,0,2.92,3.07571428571828,2.97285714285681,2.92933333333349,0.102857142861467,176.56,152,54.4582320441989,0
"348","COWICHAN RIVER",2014,2014-09-09,252,55,0,3.04,3.03571428571429,2.98928571428405,2.94566666666651,0.0464285714302344,179.6,153,54.4582320441989,0
"349","COWICHAN RIVER",2014,2014-09-10,253,56,0,2.96,2.97000000000532,2.99500000000366,2.95666666666899,-0.0249999999983372,182.56,154,54.4582320441989,0
"350","COWICHAN RIVER",2014,2014-09-11,254,57,0,2.8,2.93857142856411,2.99642857142525,2.96199999999953,-0.0578571428611343,185.36,155,54.4582320441989,0
"351","COWICHAN RIVER",2014,2014-09-12,255,58,0,2.92,2.94285714285382,3.01499999999734,2.9573333333324,-0.0721428571435223,188.28,156,54.4582320441989,0
"352","COWICHAN RIVER",2014,2014-09-13,256,59,0,3.37,3.00571428571961,3.03714285714419,2.97200000000109,-0.0314285714245797,191.65,157,54.4582320441989,0
"353","COWICHAN RIVER",2014,2014-09-14,257,60,0,3.23,3.03428571428438,3.05285714285648,2.97266666666449,-0.0185714285720939,194.88,158,54.4582320441989,0
"354","COWICHAN RIVER",2014,2014-09-15,258,61,0,3.17,3.06999999999867,3.07285714285847,2.975,-0.0028571428598041,198.05,159,54.4582320441989,0
"355","COWICHAN RIVER",2014,2014-09-16,259,62,1,3.07,3.07428571428838,3.05500000000133,2.97733333333163,0.0192857142870446,201.12,160,54.4582320441989,0
"356","COWICHAN RIVER",2015,2015-07-17,198,1,0,4.35,4.42285714285182,4.34571428570364,4.55833333333333,0.0771428571481785,4.35,100,56.1719889502762,0
"357","COWICHAN RIVER",2015,2015-07-18,199,2,0,4.41,4.43714285715084,4.36500000000732,4.54733333333861,0.0721428571435219,8.76,101,56.1719889502762,0
"358","COWICHAN RIVER",2015,2015-07-19,200,3,0,4.3,4.38999999999734,4.3735714285701,4.51166666666201,0.016428571427241,13.06,102,56.1719889502762,0
"359","COWICHAN RIVER",2015,2015-07-20,201,4,0,4.32,4.35285714285315,4.375,4.48099999999783,-0.0221428571468483,17.38,103,56.1719889502762,0
"360","COWICHAN RIVER",2015,2015-07-21,202,5,0,4.21,4.33285714283453,4.37142857142525,4.44333333333489,-0.0385714285907204,21.59,104,56.1719889502762,0
"361","COWICHAN RIVER",2015,2015-07-22,203,6,0,4.28,4.32571428571828,4.36142857143256,4.41133333333613,-0.0357142857142856,25.87,105,56.1719889502762,0
"362","COWICHAN RIVER",2015,2015-07-23,204,7,0,4.26,4.30428571426975,4.35785714285781,4.37800000000279,-0.05357142858806,30.13,106,56.1719889502762,0
"363","COWICHAN RIVER",2015,2015-07-24,205,8,0,4.48,4.32285714285847,4.37285714285515,4.35666666666511,-0.0499999999966736,34.61,107,56.1719889502762,0
"364","COWICHAN RIVER",2015,2015-07-25,206,9,0,4.31,4.30857142855945,4.37285714285515,4.3426666666676,-0.0642857142956927,38.92,108,56.1719889502762,0
"365","COWICHAN RIVER",2015,2015-07-26,207,10,0,4.31,4.31000000002262,4.35000000000998,4.33133333333923,-0.0399999999873604,43.23,109,56.1719889502762,0
"366","COWICHAN RIVER",2015,2015-07-27,208,11,0,4.27,4.30285714287311,4.32785714286313,4.32333333333954,-0.0249999999900217,47.5,110,56.1719889502762,0
"367","COWICHAN RIVER",2015,2015-07-28,209,12,0,4.33,4.31999999999867,4.3264285714166,4.32066666666263,-0.00642857141792774,51.83,111,56.1719889502762,0
"368","COWICHAN RIVER",2015,2015-07-29,210,13,0,4.36,4.33142857143788,4.32857142857808,4.31700000000031,0.00285714285980365,56.19,112,56.1719889502762,0
"369","COWICHAN RIVER",2015,2015-07-30,211,14,0,4.18,4.31999999999867,4.31214285713421,4.3103333333352,0.00785714286446026,60.37,113,56.1719889502762,0
"370","COWICHAN RIVER",2015,2015-07-31,212,15,0,4.05,4.25857142857941,4.29071428571894,4.30599999999783,-0.0321428571395312,64.42,114,56.1719889502762,0
"371","COWICHAN RIVER",2015,2015-08-01,213,16,0,4.28,4.25428571428971,4.28142857142458,4.31000000000155,-0.0271428571348737,68.7,115,56.1719889502762,0
"372","COWICHAN RIVER",2015,2015-08-02,214,17,0,4.14,4.22999999998137,4.270000000002,4.31099999999472,-0.0400000000206218,72.84,116,56.1719889502762,0
"373","COWICHAN RIVER",2015,2015-08-03,215,18,0,4.13,4.20999999999601,4.25642857143456,4.31066666666884,-0.0464285714385504,76.97,117,56.1719889502762,0
"374","COWICHAN RIVER",2015,2015-08-04,216,19,0,4.17,4.18714285715084,4.25357142857475,4.3103333333352,-0.0664285714239146,81.14,118,56.1719889502762,0
"375","COWICHAN RIVER",2015,2015-08-05,217,20,0,3.94,4.12714285712822,4.22928571428305,4.29833333333178,-0.102142857154831,85.08,119,56.1719889502762,0
"376","COWICHAN RIVER",2015,2015-08-06,218,21,0,3.9,4.08714285715749,4.20357142857808,4.28633333333613,-0.116428571420588,88.98,120,56.1719889502762,0
"377","COWICHAN RIVER",2015,2015-08-07,219,22,0,3.78,4.0485714285834,4.15357142858141,4.26500000000621,-0.104999999998005,92.76,121,56.1719889502762,0
"378","COWICHAN RIVER",2015,2015-08-08,220,23,0,3.73,3.97000000000532,4.11214285714751,4.24566666667039,-0.142142857142192,96.49,122,56.1719889502762,0
"379","COWICHAN RIVER",2015,2015-08-09,221,24,0,3.56,3.88714285713754,4.05857142855945,4.22199999999721,-0.171428571421919,100.05,123,56.1719889502762,0
"380","COWICHAN RIVER",2015,2015-08-10,222,25,0,3.56,3.80571428569965,4.00785714284783,4.19699999999721,-0.202142857148179,103.61,124,56.1719889502762,0
"381","COWICHAN RIVER",2015,2015-08-11,223,26,0,3.7,3.73857142856078,3.96285714285581,4.16599999999938,-0.224285714295028,107.31,125,56.1719889502762,0
"382","COWICHAN RIVER",2015,2015-08-12,224,27,0,3.49,3.67428571428172,3.90071428570497,4.12966666666325,-0.226428571423249,110.8,126,56.1719889502762,0
"383","COWICHAN RIVER",2015,2015-08-13,225,28,0,3.48,3.6142857142591,3.8507142857083,4.10066666665953,-0.236428571449194,114.28,127,56.1719889502762,0
"384","COWICHAN RIVER",2015,2015-08-14,226,29,0,3.36,3.55428571426975,3.80142857142658,4.06833333333489,-0.247142857156827,117.64,128,56.1719889502762,0
"385","COWICHAN RIVER",2015,2015-08-15,227,30,0,3.14,3.46999999997206,3.71999999998869,4.02599999999317,-0.250000000016631,120.78,129,56.1719889502762,0
"386","COWICHAN RIVER",2015,2015-08-16,228,31,0,3.21,3.42000000002528,3.65357142858141,3.98800000000435,-0.233571428556128,123.99,130,56.1719889502762,0
"387","COWICHAN RIVER",2015,2015-08-17,229,32,0,3.24,3.37428571430168,3.59000000000067,3.94899999999907,-0.215714285698985,127.23,131,56.1719889502762,0
"388","COWICHAN RIVER",2015,2015-08-18,230,33,0,3.15,3.2957142857236,3.51714285714219,3.91066666666884,-0.221428571418593,130.38,132,56.1719889502762,0
"389","COWICHAN RIVER",2015,2015-08-19,231,34,0,3.19,3.2528571428598,3.46357142857076,3.87299999999814,-0.21071428571096,133.57,133,56.1719889502762,0
"390","COWICHAN RIVER",2015,2015-08-20,232,35,0,3.21,3.21428571428571,3.41428571427241,3.8396666666648,-0.199999999986695,136.78,134,56.1719889502762,0
"391","COWICHAN RIVER",2015,2015-08-21,233,36,0,3.14,3.18285714286113,3.36857142856544,3.80166666666822,-0.185714285704307,139.92,135,56.1719889502762,0
"392","COWICHAN RIVER",2015,2015-08-22,234,37,0,3.25,3.19857142859005,3.33428571428106,3.76800000000124,-0.135714285691003,143.17,136,56.1719889502762,0
"393","COWICHAN RIVER",2015,2015-08-23,235,38,0,3.32,3.21428571428571,3.3171428571555,3.72933333333737,-0.102857142869782,146.49,137,56.1719889502762,0
"394","COWICHAN RIVER",2015,2015-08-24,236,39,0,3.24,3.21428571428571,3.2942857142937,3.69366666666853,-0.0800000000079826,149.73,138,56.1719889502762,0
"395","COWICHAN RIVER",2015,2015-08-25,237,40,0,3.09,3.2057142857063,3.25071428571495,3.65299999999503,-0.0450000000086481,152.82,139,56.1719889502762,0
"396","COWICHAN RIVER",2015,2015-08-26,238,41,0,3.09,3.19142857144055,3.22214285715017,3.61366666666387,-0.030714285709629,155.91,140,56.1719889502762,0
"397","COWICHAN RIVER",2015,2015-08-27,239,42,0,3.14,3.18142857143123,3.19785714285847,3.57399999999907,-0.016428571427241,159.05,141,56.1719889502762,0
"398","COWICHAN RIVER",2015,2015-08-28,240,43,0,3.13,3.18000000000133,3.18142857143123,3.53299999999969,-0.00142857142990183,162.18,142,56.1719889502762,0
"399","COWICHAN RIVER",2015,2015-08-29,241,44,0,3.21,3.17428571428172,3.18642857143589,3.50066666666729,-0.0121428571541662,165.39,143,56.1719889502762,0
"400","COWICHAN RIVER",2015,2015-08-30,242,45,0,3.3,3.17142857142192,3.19285714285382,3.47566666666729,-0.0214285714318976,168.69,144,56.1719889502762,0
"401","COWICHAN RIVER",2015,2015-08-31,243,46,0,3.67,3.23285714284118,3.22357142856345,3.45533333333054,0.00928571427773139,172.36,145,56.1719889502762,0
"402","COWICHAN RIVER",2015,2015-09-01,244,47,0,3.57,3.30142857144321,3.25357142857475,3.43633333333613,0.0478571428684518,175.93,146,56.1719889502762,0
"403","COWICHAN RIVER",2015,2015-09-02,245,48,0,3.76,3.39714285714685,3.2942857142937,3.42399999999907,0.102857142853152,179.69,147,56.1719889502762,0
"404","COWICHAN RIVER",2015,2015-09-03,246,49,0,3.62,3.46571428571562,3.32357142857342,3.40566666666418,0.142142857142192,183.31,148,56.1719889502762,0
"405","COWICHAN RIVER",2015,2015-09-04,247,50,0,3.47,3.51428571426576,3.34714285713354,3.38999999999845,0.167142857132213,186.78,149,56.1719889502762,0
"406","COWICHAN RIVER",2015,2015-09-05,248,51,0,3.3,3.52714285713487,3.3507142857083,3.36999999999534,0.176428571426575,190.08,150,56.1719889502762,0
"407","COWICHAN RIVER",2015,2015-09-06,249,52,0,4.24,3.66142857141261,3.41642857141726,3.38533333332744,0.244999999995343,194.32,151,56.1719889502762,0
"408","COWICHAN RIVER",2015,2015-09-07,250,53,0,3.71,3.66714285713221,3.4499999999867,3.38466666666015,0.217142857145518,198.03,152,56.1719889502762,0
"409","COWICHAN RIVER",2015,2015-09-08,251,54,0,3.57,3.66714285713221,3.48428571428771,3.38500000000155,0.182857142844503,201.6,153,56.1719889502762,0
"410","COWICHAN RIVER",2015,2015-09-09,252,55,0,3.57,3.63999999999734,3.51857142857209,3.3853333333352,0.121428571425245,205.17,154,56.1719889502762,0
"411","COWICHAN RIVER",2015,2015-09-10,253,56,0,3.47,3.61857142858207,3.54214285714884,3.37766666666915,0.0764285714332282,208.64,155,56.1719889502762,0
"412","COWICHAN RIVER",2015,2015-09-11,254,57,0,3.34,3.60000000002661,3.55714285714618,3.37266666667225,0.0428571428804259,211.98,156,56.1719889502762,0
"413","COWICHAN RIVER",2015,2015-09-12,255,58,0,3.27,3.5957142857369,3.56142857143589,3.3656666666735,0.0342857143010145,215.25,157,56.1719889502762,0
"414","COWICHAN RIVER",2015,2015-09-13,256,59,0,3.2,3.44714285716015,3.55428571428638,3.3603333333352,-0.107142857126227,218.45,158,56.1719889502762,0
"415","COWICHAN RIVER",2015,2015-09-14,257,60,0,3.21,3.37571428573158,3.5214285714319,3.3626666666707,-0.145714285700316,221.66,159,56.1719889502762,0
"416","COWICHAN RIVER",2015,2015-09-15,258,61,0,3.26,3.33142857143788,3.49928571428505,3.36433333333116,-0.167857142847164,224.92,160,56.1719889502762,0
"417","COWICHAN RIVER",2015,2015-09-16,259,62,0,3.28,3.29000000000399,3.46500000000067,3.36566666666574,-0.174999999996674,228.2,161,56.1719889502762,0
"418","COWICHAN RIVER",2015,2015-09-17,260,63,1,3.64,3.31428571427906,3.46642857143057,3.38199999999876,-0.152142857151505,231.84,162,56.1719889502762,0
"419","COWICHAN RIVER",2016,2016-07-16,198,1,0,3.15,3.33857142858739,3.35357142858473,3.44466666666946,-0.0149999999973391,3.15,108,76.6319337016575,0
"420","COWICHAN RIVER",2016,2016-07-17,199,2,0,3.17,3.27428571427507,3.34357142857542,3.42366666666542,-0.0692857143003494,6.32,109,76.6319337016575,0
"421","COWICHAN RIVER",2016,2016-07-18,200,3,0,3.47,3.27857142856478,3.36285714286246,3.4146666666648,-0.0842857142976881,9.79,110,76.6319337016575,0
"422","COWICHAN RIVER",2016,2016-07-19,201,4,0,3.36,3.28428571428438,3.36928571429702,3.40433333333737,-0.0850000000126396,13.15,111,76.6319337016575,0
"423","COWICHAN RIVER",2016,2016-07-20,202,5,0,3.24,3.27000000001863,3.37071428572693,3.3950000000031,-0.100714285708299,16.39,112,76.6319337016575,0
"424","COWICHAN RIVER",2016,2016-07-21,203,6,0,3.13,3.25,3.3535714285681,3.38133333333147,-0.103571428568102,19.52,113,76.6319337016575,0
"425","COWICHAN RIVER",2016,2016-07-22,204,7,0,3.06,3.22571428572493,3.31999999999867,3.35833333333333,-0.0942857142737399,22.58,114,76.6319337016575,0
"426","COWICHAN RIVER",2016,2016-07-23,205,8,0,3.04,3.20999999999601,3.2742857142917,3.33166666666511,-0.0642857142956927,25.62,115,76.6319337016575,0
"427","COWICHAN RIVER",2016,2016-07-24,206,9,0,3.02,3.18857142858074,3.23142857142791,3.31433333333892,-0.0428571428471645,28.64,116,76.6319337016575,0
"428","COWICHAN RIVER",2016,2016-07-25,207,10,0,2.88,3.10428571428305,3.19142857142392,3.29333333333489,-0.0871428571408615,31.52,117,76.6319337016575,0
"429","COWICHAN RIVER",2016,2016-07-26,208,11,0,3.17,3.07714285714818,3.18071428571628,3.28733333333706,-0.103571428568102,34.69,118,76.6319337016575,0
"430","COWICHAN RIVER",2016,2016-07-27,209,12,0,2.96,3.03714285714419,3.15357142858141,3.27433333333271,-0.11642857143722,37.65,119,76.6319337016575,0
"431","COWICHAN RIVER",2016,2016-07-28,210,13,0,3.23,3.05142857144321,3.1507142857216,3.26433333333892,-0.0992857142783965,40.88,120,76.6319337016575,0
"432","COWICHAN RIVER",2016,2016-07-29,211,14,0,3.17,3.06714285713887,3.1464285714319,3.26000000000155,-0.0792857142930319,44.05,121,76.6319337016575,0
"433","COWICHAN RIVER",2016,2016-07-30,212,15,0,3.12,3.07857142857808,3.14428571428704,3.25633333333923,-0.0657142857089639,47.17,122,76.6319337016575,0
"434","COWICHAN RIVER",2016,2016-07-31,213,16,0,3.08,3.08714285712423,3.13785714285249,3.24633333332992,-0.0507142857282554,50.25,123,76.6319337016575,0
"435","COWICHAN RIVER",2016,2016-08-01,214,17,0,3.21,3.13428571427773,3.11928571428039,3.24200000000031,0.0149999999973391,53.46,124,76.6319337016575,0
"436","COWICHAN RIVER",2016,2016-08-02,215,18,0,3.35,3.1599999999827,3.11857142856544,3.24333333333489,0.0414285714172626,56.81,125,76.6319337016575,0
"437","COWICHAN RIVER",2016,2016-08-03,216,19,0,3.24,3.1999999999867,3.11857142856544,3.24466666666946,0.0814285714212537,60.05,126,76.6319337016575,0
"438","COWICHAN RIVER",2016,2016-08-04,217,20,0,3.05,3.17428571428172,3.11285714286246,3.23733333333706,0.0614285714192584,63.1,127,76.6319337016575,0
"439","COWICHAN RIVER",2016,2016-08-05,218,21,0,3.57,3.23142857144454,3.1492857142917,3.24900000000683,0.0821428571528355,66.67,128,76.6319337016575,0
"440","COWICHAN RIVER",2016,2016-08-06,219,22,0,3.28,3.25428571425644,3.16642857141726,3.24599999999627,0.0878571428391814,69.95,129,76.6319337016575,0
"441","COWICHAN RIVER",2016,2016-08-07,220,23,0,3.25,3.27857142856478,3.1828571428445,3.23666666666201,0.0957142857202729,73.2,130,76.6319337016575,0
"442","COWICHAN RIVER",2016,2016-08-08,221,24,0,3.43,3.31000000002262,3.22214285715017,3.22833333333644,0.0878571428724433,76.63,131,76.6319337016575,0
"443","COWICHAN RIVER",2016,2016-08-09,222,25,0,3.29,3.30142857144321,3.23071428571296,3.21733333333395,0.0707142857302512,79.92,132,76.6319337016575,0
"444","COWICHAN RIVER",2016,2016-08-10,223,26,0,3.18,3.2928571428638,3.24642857142525,3.20866666666698,0.0464285714385499,83.1,133,76.6319337016575,0
"445","COWICHAN RIVER",2016,2016-08-11,224,27,0,3.2,3.31428571427906,3.24428571428039,3.20466666666325,0.0699999999986698,86.3,134,76.6319337016575,0
"446","COWICHAN RIVER",2016,2016-08-12,225,28,0,3.26,3.26999999998537,3.25071428571495,3.20200000000186,0.0192857142704139,89.56,135,76.6319337016575,0
"447","COWICHAN RIVER",2016,2016-08-13,226,29,0,3.22,3.26142857143922,3.25785714284783,3.20033333333364,0.00357142859138548,92.78,136,76.6319337016575,0
"448","COWICHAN RIVER",2016,2016-08-14,227,30,0,3.26,3.26285714286912,3.27071428571695,3.20133333333458,-0.00785714284782957,96.04,137,76.6319337016575,0
"449","COWICHAN RIVER",2016,2016-08-15,228,31,0,3.09,3.21428571428571,3.26214285715417,3.19933333333271,-0.0478571428684518,99.13,138,76.6319337016575,0
"450","COWICHAN RIVER",2016,2016-08-16,229,32,0,2.98,3.16999999999202,3.23571428571761,3.19300000000124,-0.0657142857255946,102.11,139,76.6319337016575,0
"451","COWICHAN RIVER",2016,2016-08-17,230,33,0,3.22,3.17571428571162,3.23428571428771,3.18466666666791,-0.0585714285760854,105.33,140,76.6319337016575,0
"452","COWICHAN RIVER",2016,2016-08-18,231,34,0,2.99,3.14571428571695,3.229999999998,3.17233333333085,-0.0842857142810578,108.32,141,76.6319337016575,0
"453","COWICHAN RIVER",2016,2016-08-19,232,35,0,2.93,3.09857142856345,3.18428571427441,3.16199999999565,-0.0857142857109596,111.25,142,76.6319337016575,0
"454","COWICHAN RIVER",2016,2016-08-20,233,36,0,3.1,3.08142857143788,3.17142857143855,3.16100000000248,-0.0900000000006651,114.35,143,76.6319337016575,0
"455","COWICHAN RIVER",2016,2016-08-21,234,37,0,3.02,3.0471428571535,3.15500000001131,3.15966666666791,-0.107857142857808,117.37,144,76.6319337016575,0
"456","COWICHAN RIVER",2016,2016-08-22,235,38,0,3.01,3.03571428571429,3.125,3.15866666666698,-0.0892857142857144,120.38,145,76.6319337016575,0
"457","COWICHAN RIVER",2016,2016-08-23,236,39,0,2.98,3.03571428571429,3.10285714285315,3.1573333333324,-0.0671428571388657,123.36,146,76.6319337016575,0
"458","COWICHAN RIVER",2016,2016-08-24,237,40,0,3.13,3.02285714284517,3.0992857142784,3.16566666666574,-0.0764285714332282,126.49,147,76.6319337016575,0
"459","COWICHAN RIVER",2016,2016-08-25,238,41,0,3.22,3.05571428569965,3.1007142857083,3.16733333332619,-0.0450000000086481,129.71,148,76.6319337016575,0
"460","COWICHAN RIVER",2016,2016-08-26,239,42,0,2.95,3.05857142859272,3.07857142857808,3.16700000000031,-0.0199999999853646,132.66,149,76.6319337016575,0
"461","COWICHAN RIVER",2016,2016-08-27,240,43,0,3,3.0442857142937,3.06285714286579,3.15933333333426,-0.0185714285720939,135.66,150,76.6319337016575,0
"462","COWICHAN RIVER",2016,2016-08-28,241,44,0,2.92,3.02999999999468,3.03857142857409,3.15100000000093,-0.0085714285794114,138.58,151,76.6319337016575,0
"463","COWICHAN RIVER",2016,2016-08-29,242,45,0,3.14,3.04857142855014,3.04214285713221,3.15166666666046,0.00642857141792774,141.72,152,76.6319337016575,0
"464","COWICHAN RIVER",2016,2016-08-30,243,46,0,3.12,3.06857142856877,3.05214285714153,3.15300000000279,0.016428571427241,144.84,153,76.6319337016575,0
"465","COWICHAN RIVER",2016,2016-08-31,244,47,0,3.25,3.08571428572759,3.05428571428638,3.15433333333737,0.0314285714412108,148.09,154,76.6319337016575,0
"466","COWICHAN RIVER",2016,2016-09-01,245,48,1,3.23,3.08714285715749,3.07142857142857,3.15033333333364,0.0157142857289205,151.32,155,76.6319337016575,0
"467","COWICHAN RIVER",2017,2017-07-17,198,1,0,5.87,5.43142857143123,5.95428571429303,7.97333333333954,-0.522857142861799,5.87,76,74.5013259668508,0
"468","COWICHAN RIVER",2017,2017-07-18,199,2,0,5.83,5.5028571428598,5.77571428570497,7.78099999999783,-0.272857142845169,11.7,77,74.5013259668508,0
"469","COWICHAN RIVER",2017,2017-07-19,200,3,0,5.68,5.59857142859671,5.6464285714319,7.61700000000031,-0.0478571428351904,17.38,78,74.5013259668508,0
"470","COWICHAN RIVER",2017,2017-07-20,201,4,0,5.72,5.63285714288109,5.59214285714552,7.49666666667132,0.0407142857355733,23.1,79,74.5013259668508,0
"471","COWICHAN RIVER",2017,2017-07-21,202,5,0,5.85,5.72999999998137,5.54999999999667,7.3896666666648,0.1799999999847,28.95,80,74.5013259668508,0
"472","COWICHAN RIVER",2017,2017-07-22,203,6,0,5.81,5.78428571428438,5.55428571428638,7.27600000000093,0.229999999998005,34.76,81,74.5013259668508,0
"473","COWICHAN RIVER",2017,2017-07-23,204,7,0,6.08,5.83428571429769,5.60142857143988,7.16333333333799,0.232857142857807,40.84,82,74.5013259668508,0
"474","COWICHAN RIVER",2017,2017-07-24,205,8,0,6.19,5.87999999998803,5.65571428570963,7.05433333333737,0.224285714278396,47.03,83,74.5013259668508,0
"475","COWICHAN RIVER",2017,2017-07-25,206,9,0,5.81,5.87714285716148,5.69000000001064,6.93400000000062,0.18714285715084,52.84,84,74.5013259668508,0
"476","COWICHAN RIVER",2017,2017-07-26,207,10,0,5.72,5.88285714284783,5.74071428572227,6.81133333333613,0.142142857125561,58.56,85,74.5013259668508,0
"477","COWICHAN RIVER",2017,2017-07-27,208,11,0,5.63,5.86999999997871,5.7514285714299,6.69633333332992,0.11857142854881,64.19,86,74.5013259668508,0
"478","COWICHAN RIVER",2017,2017-07-28,209,12,0,5.43,5.81000000002262,5.770000000002,6.59233333333395,0.0400000000206227,69.62,87,74.5013259668508,0
"479","COWICHAN RIVER",2017,2017-07-29,210,13,0,5.34,5.74285714285049,5.76357142856744,6.4549999999969,-0.0207142857169469,74.96,88,74.5013259668508,0
"480","COWICHAN RIVER",2017,2017-07-30,211,14,0,5.28,5.62857142855812,5.73142857142791,6.27766666666915,-0.102857142869782,80.24,89,74.5013259668508,0
"481","COWICHAN RIVER",2017,2017-07-31,212,15,0,5.22,5.48999999999069,5.68499999998936,6.09499999999534,-0.19499999999867,85.46,90,74.5013259668508,0
"482","COWICHAN RIVER",2017,2017-08-01,213,16,0,5.18,5.40000000000665,5.63857142858407,5.9176666666676,-0.238571428577416,90.64,91,74.5013259668508,0
"483","COWICHAN RIVER",2017,2017-08-02,214,17,0,5.17,5.32142857142857,5.6021428571382,5.77666666666822,-0.280714285709629,95.81,92,74.5013259668508,0
"484","COWICHAN RIVER",2017,2017-08-03,215,18,0,5.27,5.27000000001863,5.56999999999867,5.67466666666636,-0.299999999980043,101.08,93,74.5013259668508,0
"485","COWICHAN RIVER",2017,2017-08-04,216,19,0,5.07,5.21857142854216,5.51428571428239,5.59399999999441,-0.29571428574023,106.15,94,74.5013259668508,0
"486","COWICHAN RIVER",2017,2017-08-05,217,20,0,4.94,5.16142857144587,5.45214285714818,5.5426666666676,-0.290714285702312,111.09,95,74.5013259668508,0
"487","COWICHAN RIVER",2017,2017-08-06,218,21,0,4.99,5.12000000001197,5.37428571428505,5.49433333333582,-0.254285714273075,116.08,96,74.5013259668508,0
"488","COWICHAN RIVER",2017,2017-08-07,219,22,0,5.07,5.09857142856345,5.29428571427707,5.47166666666356,-0.19571428571362,121.15,97,74.5013259668508,0
"489","COWICHAN RIVER",2017,2017-08-08,220,23,0,4.96,5.06714285713887,5.23357142857276,5.45633333333923,-0.166428571433893,126.11,98,74.5013259668508,0
"490","COWICHAN RIVER",2017,2017-08-09,221,24,0,5.12,5.05999999998936,5.19071428570896,5.44599999999627,-0.130714285719607,131.23,99,74.5013259668508,0
"491","COWICHAN RIVER",2017,2017-08-10,222,25,0,4.94,5.01285714283586,5.14142857142724,5.43299999999969,-0.128571428591385,136.17,100,74.5013259668508,0
"492","COWICHAN RIVER",2017,2017-08-11,223,26,0,4.95,4.99571428574356,5.10714285714286,5.43100000000559,-0.111428571399301,141.12,101,74.5013259668508,0
"493","COWICHAN RIVER",2017,2017-08-12,224,27,0,4.99,5.0028571428598,5.08214285715284,5.41466666667256,-0.0792857142930323,146.11,102,74.5013259668508,0
"494","COWICHAN RIVER",2017,2017-08-13,225,28,0,4.91,4.99142857142059,5.05571428571628,5.40599999999783,-0.0642857142956927,151.02,103,74.5013259668508,0
"495","COWICHAN RIVER",2017,2017-08-14,226,29,0,4.94,4.97285714286513,5.03571428571429,5.3896666666648,-0.0628571428491602,155.96,104,74.5013259668508,0
"496","COWICHAN RIVER",2017,2017-08-15,227,30,0,5.18,5.00428571428971,5.03571428571429,5.37133333333768,-0.0314285714245797,161.14,105,74.5013259668508,0
"497","COWICHAN RIVER",2017,2017-08-16,228,31,0,5.11,5.0028571428598,5.03142857142458,5.34599999999628,-0.028571428564776,166.25,106,74.5013259668508,0
"498","COWICHAN RIVER",2017,2017-08-17,229,32,0,5,5.01142857143922,5.01214285713754,5.31833333333489,-0.00071428569831955,171.25,107,74.5013259668508,0
"499","COWICHAN RIVER",2017,2017-08-18,230,33,0,5.18,5.04428571426044,5.020000000002,5.30166666666046,0.0242857142584398,176.43,108,74.5013259668508,0
"500","COWICHAN RIVER",2017,2017-08-19,231,34,0,5.02,5.04857142855014,5.02571428570497,5.27833333332868,0.0228571428451687,181.45,109,74.5013259668508,0
"501","COWICHAN RIVER",2017,2017-08-20,232,35,0,5.1,5.07571428571828,5.03357142856943,5.25333333333644,0.0421428571488445,186.55,110,74.5013259668508,0
"502","COWICHAN RIVER",2017,2017-08-21,233,36,0,5.48,5.15285714286646,5.06285714286579,5.24233333333395,0.090000000000666,192.03,111,74.5013259668508,0
"503","COWICHAN RIVER",2017,2017-08-22,234,37,0,5.27,5.16571428570231,5.08499999999601,5.21533333333209,0.0807142857063035,197.3,112,74.5013259668508,0
"504","COWICHAN RIVER",2017,2017-08-23,235,38,0,5.18,5.17571428571163,5.08928571428571,5.18166666666511,0.0864285714259108,202.48,113,74.5013259668508,0
"505","COWICHAN RIVER",2017,2017-08-24,236,39,0,5.03,5.18000000000133,5.09571428572027,5.15566666666418,0.0842857142810578,207.51,114,74.5013259668508,0
"506","COWICHAN RIVER",2017,2017-08-25,237,40,0,5.22,5.18571428572094,5.11499999999069,5.13899999999752,0.0707142857302516,212.73,115,74.5013259668508,0
"507","COWICHAN RIVER",2017,2017-08-26,238,41,0,5.32,5.22857142858473,5.13857142856744,5.12866666667008,0.0900000000172962,218.05,116,74.5013259668508,0
"508","COWICHAN RIVER",2017,2017-08-27,239,42,0,5.24,5.2485714285701,5.16214285714419,5.12233333333085,0.0864285714259099,223.29,117,74.5013259668508,0
"509","COWICHAN RIVER",2017,2017-08-28,240,43,0,5.22,5.21142857142591,5.18214285714618,5.11833333333489,0.0292857142797276,228.51,118,74.5013259668508,0
"510","COWICHAN RIVER",2017,2017-08-29,241,44,0,5.28,5.21285714285581,5.18928571427906,5.11833333333489,0.0235714285767505,233.79,119,74.5013259668508,0
"511","COWICHAN RIVER",2017,2017-08-30,242,45,0,5.46,5.2528571428598,5.21428571428571,5.12633333333457,0.0385714285740892,239.25,120,74.5013259668508,0
"512","COWICHAN RIVER",2017,2017-08-31,243,46,0,5.36,5.3000000000133,5.24000000000732,5.1323333333324,0.0600000000059868,244.61,121,74.5013259668508,0
"513","COWICHAN RIVER",2017,2017-09-01,244,47,0,5.41,5.32714285714818,5.25642857143456,5.14033333333209,0.0707142857136205,250.02,122,74.5013259668508,0
"514","COWICHAN RIVER",2017,2017-09-02,245,48,0,5.36,5.33285714286779,5.28071428572626,5.14333333333489,0.0521428571415266,255.38,123,74.5013259668508,0
"515","COWICHAN RIVER",2017,2017-09-03,246,49,0,5.31,5.34285714284384,5.29571428570697,5.15133333333458,0.0471428571368699,260.69,124,74.5013259668508,0
"516","COWICHAN RIVER",2017,2017-09-04,247,50,0,5.2,5.3400000000173,5.2757142857216,5.16000000000155,0.0642857142956927,265.89,125,74.5013259668508,0
"517","COWICHAN RIVER",2017,2017-09-05,248,51,0,5.31,5.34428571427374,5.27857142856478,5.17066666666263,0.0657142857089639,271.2,126,74.5013259668508,0
"518","COWICHAN RIVER",2017,2017-09-06,249,52,0,5.39,5.33428571429769,5.29357142857875,5.18133333333923,0.0407142857189422,276.59,127,74.5013259668508,0
"519","COWICHAN RIVER",2017,2017-09-07,250,53,0,5.39,5.33857142855413,5.31928571428372,5.19566666666263,0.0192857142704144,281.98,128,74.5013259668508,0
"520","COWICHAN RIVER",2017,2017-09-08,251,54,0,5.38,5.33428571429769,5.33071428572293,5.20433333333737,0.00357142857475434,287.36,129,74.5013259668508,0
"521","COWICHAN RIVER",2017,2017-09-09,252,55,0,5.64,5.37428571426842,5.3535714285681,5.22766666666915,0.0207142857003157,293,130,74.5013259668508,0
"522","COWICHAN RIVER",2017,2017-09-10,253,56,0,5.59,5.41428571430567,5.37857142857475,5.24899999999907,0.0357142857309167,298.59,131,74.5013259668508,0
"523","COWICHAN RIVER",2017,2017-09-11,254,57,0,5.47,5.4528571428465,5.3964285714319,5.26499999999845,0.0564285714146013,304.06,132,74.5013259668508,0
"524","COWICHAN RIVER",2017,2017-09-12,255,58,0,5.88,5.53428571428438,5.43928571427906,5.29733333333085,0.0950000000053226,309.94,133,74.5013259668508,0
"525","COWICHAN RIVER",2017,2017-09-13,256,59,0,6.05,5.62857142855812,5.48142857142791,5.33433333333427,0.147142857130218,315.99,134,74.5013259668508,0
"526","COWICHAN RIVER",2017,2017-09-14,257,60,1,6.32,5.76142857143922,5.54999999999667,5.37233333333085,0.211428571442542,322.31,135,74.5013259668508,0
"527","COWICHAN RIVER",2018,2018-07-17,198,1,0,6.17,6.22285714286513,6.07428571428837,6.42233333333085,0.148571428576751,6.17,88,64.4251933701657,0
"528","COWICHAN RIVER",2018,2018-07-18,199,2,0,5.78,6.15714285715616,6.07357142857342,6.24166666666667,0.0835714285827374,11.95,89,64.4251933701657,0
"529","COWICHAN RIVER",2018,2018-07-19,200,3,0,5.33,6.03714285714419,6.02500000000665,6.08900000000528,0.0121428571375359,17.28,90,64.4251933701657,0
"530","COWICHAN RIVER",2018,2018-07-20,201,4,0,4.99,5.87428571430168,5.96714285714552,5.9803333333383,-0.0928571428438385,22.27,91,64.4251933701657,0
"531","COWICHAN RIVER",2018,2018-07-21,202,5,0,4.44,5.64857142857675,5.86642857142059,5.87399999999907,-0.217857142843839,26.71,92,64.4251933701657,0
"532","COWICHAN RIVER",2018,2018-07-22,203,6,0,4.4,5.36857142854881,5.75999999999268,5.79666666666356,-0.391428571443871,31.11,93,64.4251933701657,0
"533","COWICHAN RIVER",2018,2018-07-23,204,7,0,4.2,5.0442857142937,5.63642857143922,5.74366666666853,-0.592142857145518,35.31,94,64.4251933701657,0
"534","COWICHAN RIVER",2018,2018-07-24,205,8,0,4.42,4.7942857142937,5.50857142857941,5.69333333333489,-0.714285714285714,39.73,95,64.4251933701657,0
"535","COWICHAN RIVER",2018,2018-07-25,206,9,0,4.2,4.56857142856877,5.36285714286246,5.62766666666915,-0.794285714293697,43.93,96,64.4251933701657,0
"536","COWICHAN RIVER",2018,2018-07-26,207,10,0,4.25,4.41428571427241,5.2257142857083,5.57666666666822,-0.811428571435889,48.18,97,64.4251933701657,0
"537","COWICHAN RIVER",2018,2018-07-27,208,11,0,4.17,4.29714285712024,5.08571428571096,5.50833333333333,-0.788571428590719,52.35,98,64.4251933701657,0
"538","COWICHAN RIVER",2018,2018-07-28,209,12,0,4.09,4.2471428571402,4.94785714285847,5.45799999999969,-0.700714285718277,56.44,99,64.4251933701657,0
"539","COWICHAN RIVER",2018,2018-07-29,210,13,0,4.07,4.20000000001996,4.78428571428438,5.39833333333178,-0.584285714264428,60.51,100,64.4251933701657,0
"540","COWICHAN RIVER",2018,2018-07-30,211,14,0,4.11,4.18714285711758,4.61571428570564,5.34200000000031,-0.428571428588059,64.62,101,64.4251933701657,0
"541","COWICHAN RIVER",2018,2018-07-31,212,15,0,4.25,4.16285714284251,4.4785714285681,5.30266666666139,-0.315714285725595,68.87,102,64.4251933701657,0
"542","COWICHAN RIVER",2018,2018-08-01,213,16,0,4.2,4.16285714287577,4.36571428572227,5.25633333333923,-0.202857142846499,73.07,103,64.4251933701657,0
"543","COWICHAN RIVER",2018,2018-08-02,214,17,0,4.19,4.15428571429636,4.28428571428438,5.20433333333737,-0.129999999988026,77.26,104,64.4251933701657,0
"544","COWICHAN RIVER",2018,2018-08-03,215,18,0,4.37,4.18285714286113,4.23999999999069,5.15699999999876,-0.0571428571295529,81.63,105,64.4251933701657,0
"545","COWICHAN RIVER",2018,2018-08-04,216,19,0,4.27,4.20857142856611,4.22785714285315,5.09899999999907,-0.0192857142870446,85.9,106,64.4251933701657,0
"546","COWICHAN RIVER",2018,2018-08-05,217,20,0,3.92,4.18714285715084,4.1935714285854,5.03633333333613,-0.00642857143455888,89.82,107,64.4251933701657,0
"547","COWICHAN RIVER",2018,2018-08-06,218,21,0,3.56,4.10857142857276,4.14785714284517,4.95999999999379,-0.0392857142724097,93.38,108,64.4251933701657,0
"548","COWICHAN RIVER",2018,2018-08-07,219,22,0,3.52,4.00428571428971,4.08357142856611,4.88099999999783,-0.0792857142764012,96.9,109,64.4251933701657,0
"549","COWICHAN RIVER",2018,2018-08-08,220,23,0,3.31,3.87714285712822,4.020000000002,4.79366666666853,-0.142857142873773,100.21,110,64.4251933701657,0
"550","COWICHAN RIVER",2018,2018-08-09,221,24,0,3.31,3.7514285714299,3.95285714286313,4.69700000000497,-0.201428571433228,103.52,111,64.4251933701657,0
"551","COWICHAN RIVER",2018,2018-08-10,222,25,0,3.2,3.58428571429769,3.88357142857941,4.59566666667039,-0.299285714281723,106.72,112,64.4251933701657,0
"552","COWICHAN RIVER",2018,2018-08-11,223,26,0,3.32,3.44857142859005,3.82857142857808,4.50066666666729,-0.379999999988026,110.04,113,64.4251933701657,0
"553","COWICHAN RIVER",2018,2018-08-12,224,27,0,3.51,3.38999999999734,3.78857142857409,4.41333333333799,-0.398571428576751,113.55,114,64.4251933701657,0
"554","COWICHAN RIVER",2018,2018-08-13,225,28,0,3.36,3.36142857143256,3.73500000000266,4.32466666666636,-0.373571428570098,116.91,115,64.4251933701657,0
"555","COWICHAN RIVER",2018,2018-08-14,226,29,0,3.33,3.33428571429769,3.6692857142937,4.22366666666542,-0.334999999996008,120.24,116,64.4251933701657,0
"556","COWICHAN RIVER",2018,2018-08-15,227,30,0,3.3,3.33285714286779,3.604999999998,4.11800000000124,-0.272142857130218,123.54,117,64.4251933701657,0
"557","COWICHAN RIVER",2018,2018-08-16,228,31,0,3.34,3.33714285712423,3.54428571427707,4.02366666666542,-0.207142857152836,126.88,118,64.4251933701657,0
"558","COWICHAN RIVER",2018,2018-08-17,229,32,0,3.34,3.35714285714286,3.47071428572027,3.94233333333395,-0.113571428577416,130.22,119,64.4251933701657,0
"559","COWICHAN RIVER",2018,2018-08-18,230,33,0,3.44,3.37428571426842,3.41142857142924,3.87933333332961,-0.0371428571608186,133.66,120,64.4251933701657,0
"560","COWICHAN RIVER",2018,2018-08-19,231,34,0,3.43,3.3628571428292,3.37642857141327,3.82733333332775,-0.013571428584068,137.09,121,64.4251933701657,0
"561","COWICHAN RIVER",2018,2018-08-20,232,35,0,3.54,3.38857142856744,3.375,3.79733333333085,0.0135714285674373,140.63,122,64.4251933701657,0
"562","COWICHAN RIVER",2018,2018-08-21,233,36,0,3.74,3.44714285712689,3.39071428571229,3.77533333333364,0.0564285714146018,144.37,123,64.4251933701657,0
"563","COWICHAN RIVER",2018,2018-08-22,234,37,0,3.8,3.51857142855546,3.42571428571162,3.76199999999565,0.0928571428438385,148.17,124,64.4251933701657,0
"564","COWICHAN RIVER",2018,2018-08-23,235,38,0,3.75,3.57714285714818,3.4571428571362,3.7396666666648,0.120000000011974,151.92,125,64.4251933701657,0
"565","COWICHAN RIVER",2018,2018-08-24,236,39,0,3.64,3.62000000001197,3.48857142857742,3.72100000000404,0.131428571434558,155.56,126,64.4251933701657,0
"566","COWICHAN RIVER",2018,2018-08-25,237,40,0,3.94,3.69142857144055,3.53285714285448,3.71066666666884,0.158571428586064,159.5,127,64.4251933701657,0
"567","COWICHAN RIVER",2018,2018-08-26,238,41,0,3.76,3.73857142859405,3.55071428571162,3.69700000000497,0.187857142882422,163.26,128,64.4251933701657,0
"568","COWICHAN RIVER",2018,2018-08-27,239,42,0,3.79,3.77428571430833,3.58142857143788,3.68700000000341,0.192857142870447,167.05,129,64.4251933701657,0
"569","COWICHAN RIVER",2018,2018-08-28,240,43,0,3.76,3.77714285716814,3.61214285714751,3.67666666666822,0.165000000020622,170.81,130,64.4251933701657,0
"570","COWICHAN RIVER",2018,2018-08-29,241,44,0,3.78,3.77428571427507,3.64642857141527,3.66566666666574,0.127857142859804,174.59,131,64.4251933701657,0
"571","COWICHAN RIVER",2018,2018-08-30,242,45,0,3.84,3.78714285714419,3.68214285714618,3.65200000000186,0.104999999998004,178.43,132,64.4251933701657,0
"572","COWICHAN RIVER",2018,2018-08-31,243,46,0,3.87,3.81999999999867,3.72000000000532,3.64099999999938,0.0999999999933476,182.3,133,64.4251933701657,0
"573","COWICHAN RIVER",2018,2018-09-01,244,47,0,3.72,3.78857142857409,3.74000000000732,3.62533333333364,0.0485714285667722,186.02,134,64.4251933701657,0
"574","COWICHAN RIVER",2018,2018-09-02,245,48,0,3.77,3.79000000000399,3.76428571429902,3.6053333333383,0.0257142857049728,189.79,135,64.4251933701657,0
"575","COWICHAN RIVER",2018,2018-09-03,246,49,0,3.74,3.78285714285448,3.77857142858141,3.5876666666707,0.00428571427307478,193.53,136,64.4251933701657,0
"576","COWICHAN RIVER",2018,2018-09-04,247,50,0,3.91,3.80428571426975,3.79071428571894,3.5873333333293,0.0135714285508066,197.44,137,64.4251933701657,0
"577","COWICHAN RIVER",2018,2018-09-05,248,51,0,3.8,3.80714285716281,3.79071428571894,3.59533333333675,0.0164285714438717,201.24,138,64.4251933701657,0
"578","COWICHAN RIVER",2018,2018-09-06,249,52,0,3.78,3.7985714285834,3.7928571428638,3.60400000000373,0.00571428571960775,205.02,139,64.4251933701657,0
"579","COWICHAN RIVER",2018,2018-09-07,250,53,1,3.72,3.77714285713487,3.79857142856677,3.6176666666676,-0.0214285714318976,208.74,140,64.4251933701657,0
"580","COWICHAN RIVER",2019,2019-07-17,198,1,0,3.29,3.19571428569699,3.21500000000067,3.53999999999845,-0.0192857143036753,3.29,163,49.2776243093923,0
"581","COWICHAN RIVER",2019,2019-07-18,199,2,0,3.27,3.17285714285182,3.2285714285681,3.51933333332806,-0.0557142857162813,6.56,164,49.2776243093923,0
"582","COWICHAN RIVER",2019,2019-07-19,200,3,0,3.2,3.17142857142192,3.23928571427574,3.49599999999627,-0.0678571428538164,9.76,165,49.2776243093923,0
"583","COWICHAN RIVER",2019,2019-07-20,201,4,0,3.16,3.15142857143655,3.22642857143988,3.46100000000248,-0.075000000003326,12.92,166,49.2776243093923,0
"584","COWICHAN RIVER",2019,2019-07-21,202,5,0,3.11,3.16142857141261,3.20857142856611,3.43199999999876,-0.0471428571535006,16.03,167,49.2776243093923,0
"585","COWICHAN RIVER",2019,2019-07-22,203,6,0,3.09,3.18857142858074,3.20071428571828,3.4073333333324,-0.0121428571375355,19.12,168,49.2776243093923,0
"586","COWICHAN RIVER",2019,2019-07-23,204,7,0,3.04,3.16571428573557,3.19785714285847,3.38166666666511,-0.0321428571229005,22.16,169,49.2776243093923,0
"587","COWICHAN RIVER",2019,2019-07-24,205,8,0,3.2,3.15285714286646,3.17428571428172,3.36200000000341,-0.0214285714152669,25.36,170,49.2776243093923,0
"588","COWICHAN RIVER",2019,2019-07-25,206,9,0,3.11,3.13000000002129,3.15142857143655,3.33633333333613,-0.0214285714152669,28.47,171,49.2776243093923,0
"589","COWICHAN RIVER",2019,2019-07-26,207,10,0,3.27,3.13999999999734,3.15571428570963,3.3196666666617,-0.0157142857122898,31.74,172,49.2776243093923,0
"590","COWICHAN RIVER",2019,2019-07-27,208,11,0,3.45,3.18142857143123,3.16642857143389,3.27766666666915,0.0149999999973391,35.19,173,49.2776243093923,0
"591","COWICHAN RIVER",2019,2019-07-28,209,12,0,3.16,3.18857142858074,3.17499999999667,3.25066666666729,0.0135714285840676,38.35,174,49.2776243093923,0
"592","COWICHAN RIVER",2019,2019-07-29,210,13,0,3.28,3.21571428571562,3.20214285714818,3.23600000000248,0.0135714285674373,41.63,175,49.2776243093923,0
"593","COWICHAN RIVER",2019,2019-07-30,211,14,0,3.28,3.25,3.20785714286779,3.22033333333675,0.0421428571322133,44.91,176,49.2776243093923,0
"594","COWICHAN RIVER",2019,2019-07-31,212,15,0,3.18,3.2471428571402,3.20000000000333,3.20166666666822,0.0471428571368704,48.09,177,49.2776243093923,0
"595","COWICHAN RIVER",2019,2019-08-01,213,16,0,3.37,3.28428571428438,3.20714285715284,3.20666666667288,0.0771428571315482,51.46,178,49.2776243093923,0
"596","COWICHAN RIVER",2019,2019-08-02,214,17,0,3.69,3.344285714307,3.24214285715217,3.22900000000373,0.102142857154831,55.15,179,49.2776243093923,0
"597","COWICHAN RIVER",2019,2019-08-03,215,18,0,3.3,3.32285714285847,3.25214285714485,3.23633333333613,0.0707142857136205,58.45,180,49.2776243093923,0
"598","COWICHAN RIVER",2019,2019-08-04,216,19,0,3.45,3.36428571429237,3.27642857143655,3.24966666666636,0.0878571428558126,61.9,181,49.2776243093923,0
"599","COWICHAN RIVER",2019,2019-08-05,217,20,0,3.31,3.36857142858207,3.29214285714884,3.24866666667319,0.0764285714332282,65.21,182,49.2776243093923,0
"600","COWICHAN RIVER",2019,2019-08-06,218,21,0,3.29,3.36999999997871,3.30999999998936,3.24633333332992,0.0599999999893566,68.5,183,49.2776243093923,0
"601","COWICHAN RIVER",2019,2019-08-07,219,22,0,3.29,3.38571428570763,3.31642857142392,3.24933333333271,0.0692857142837182,71.79,184,49.2776243093923,0
"602","COWICHAN RIVER",2019,2019-08-08,220,23,0,3,3.33285714283452,3.30857142855945,3.24666666666356,0.0242857142750705,74.79,185,49.2776243093923,0
"603","COWICHAN RIVER",2019,2019-08-09,221,24,0,3.2,3.26285714283586,3.30357142857143,3.23566666666108,-0.0407142857355729,77.99,186,49.2776243093923,0
"604","COWICHAN RIVER",2019,2019-08-10,222,25,0,3.23,3.2528571428598,3.28785714285914,3.22900000000373,-0.0349999999993349,81.22,187,49.2776243093923,0
"605","COWICHAN RIVER",2019,2019-08-11,223,26,0,3.23,3.22142857143522,3.2928571428638,3.22966666667101,-0.0714285714285716,84.45,188,49.2776243093923,0
"606","COWICHAN RIVER",2019,2019-08-12,224,27,0,3.17,3.2014285714166,3.28499999999933,3.22533333333364,-0.0835714285827378,87.62,189,49.2776243093923,0
"607","COWICHAN RIVER",2019,2019-08-13,225,28,0,3.29,3.20142857144986,3.28571428571429,3.23366666666698,-0.0842857142644267,90.91,190,49.2776243093923,0
"608","COWICHAN RIVER",2019,2019-08-14,226,29,0,3.2,3.18857142858074,3.28714285714419,3.24366666666853,-0.0985714285634458,94.11,191,49.2776243093923,0
"609","COWICHAN RIVER",2019,2019-08-15,227,30,0,3.22,3.22000000000532,3.27642857141992,3.24433333333582,-0.0564285714146018,97.33,192,49.2776243093923,0
"610","COWICHAN RIVER",2019,2019-08-16,228,31,0,2.9,3.17714285717479,3.22000000000532,3.23133333333923,-0.0428571428305333,100.23,193,49.2776243093923,0
"611","COWICHAN RIVER",2019,2019-08-17,229,32,0,2.89,3.12857142855812,3.19071428570896,3.21866666666853,-0.0621428571508398,103.12,194,49.2776243093923,0
"612","COWICHAN RIVER",2019,2019-08-18,230,33,0,2.91,3.08285714283452,3.15214285713487,3.20900000000062,-0.0692857143003494,106.03,195,49.2776243093923,0
"613","COWICHAN RIVER",2019,2019-08-19,231,34,0,2.85,3.03714285714419,3.11928571428039,3.19866666666542,-0.0821428571362048,108.88,196,49.2776243093923,0
"614","COWICHAN RIVER",2019,2019-08-20,232,35,0,2.93,2.98571428570098,3.09357142857542,3.1926666666676,-0.107857142874439,111.81,197,49.2776243093923,0
"615","COWICHAN RIVER",2019,2019-08-21,233,36,0,3.35,3.00714285714951,3.09785714286513,3.20133333333458,-0.0907142857156162,115.16,198,49.2776243093923,0
"616","COWICHAN RIVER",2019,2019-08-22,234,37,0,3.31,3.02000000001863,3.12000000001197,3.2103333333352,-0.0999999999933476,118.47,199,49.2776243093923,0
"617","COWICHAN RIVER",2019,2019-08-23,235,38,0,3.19,3.06142857141926,3.11928571429702,3.21000000000155,-0.057857142877765,121.66,200,49.2776243093923,0
"618","COWICHAN RIVER",2019,2019-08-24,236,39,0,3.1,3.09142857141394,3.10999999998603,3.20966666666015,-0.0185714285720939,124.76,201,49.2776243093923,0
"619","COWICHAN RIVER",2019,2019-08-25,237,40,0,3.08,3.11571428572227,3.0992857142784,3.20333333333644,0.0164285714438717,127.84,202,49.2776243093923,0
"620","COWICHAN RIVER",2019,2019-08-26,238,41,0,3.23,3.16999999999202,3.1035714285681,3.19599999999627,0.066428571423915,131.07,203,49.2776243093923,0
"621","COWICHAN RIVER",2019,2019-08-27,239,42,0,3.07,3.19000000001064,3.08785714285581,3.19300000000124,0.102142857154831,134.14,204,49.2776243093923,0
"622","COWICHAN RIVER",2019,2019-08-28,240,43,0,3.21,3.16999999999202,3.08857142857076,3.19066666666574,0.0814285714212541,137.35,205,49.2776243093923,0
"623","COWICHAN RIVER",2019,2019-08-29,241,44,0,3.34,3.17428571428172,3.09714285715017,3.1926666666676,0.0771428571315482,140.69,206,49.2776243093923,0
"624","COWICHAN RIVER",2019,2019-08-30,242,45,0,3.1,3.16142857141261,3.11142857141593,3.18999999999845,0.049999999996674,143.79,207,49.2776243093923,0
"625","COWICHAN RIVER",2019,2019-08-31,243,46,0,3.25,3.18285714286113,3.13714285713754,3.18599999999472,0.0457142857235988,147.04,208,49.2776243093923,0
"626","COWICHAN RIVER",2019,2019-09-01,244,47,0,3.22,3.2028571428465,3.15928571428438,3.17033333332899,0.0435714285621156,150.26,209,49.2776243093923,0
"627","COWICHAN RIVER",2019,2019-09-02,245,48,0,3.14,3.19000000001064,3.18000000000133,3.16499999999845,0.0100000000093132,153.4,210,49.2776243093923,0
"628","COWICHAN RIVER",2019,2019-09-03,246,49,0,3.02,3.18285714286113,3.18642857143589,3.15066666666729,-0.00357142857475479,156.42,211,49.2776243093923,0
"629","COWICHAN RIVER",2019,2019-09-04,247,50,0,2.87,3.13428571427773,3.15214285713487,3.13599999999472,-0.0178571428571428,159.29,212,49.2776243093923,0
"630","COWICHAN RIVER",2019,2019-09-05,248,51,0,3.05,3.09285714284384,3.13357142856278,3.12800000000279,-0.0407142857189426,162.34,213,49.2776243093923,0
"631","COWICHAN RIVER",2019,2019-09-06,249,52,0,3.04,3.08428571429769,3.12285714285515,3.11966666666946,-0.0385714285574585,165.38,214,49.2776243093923,0
"632","COWICHAN RIVER",2019,2019-09-07,250,53,0,2.98,3.0457142857236,3.11428571429237,3.11900000000217,-0.068571428568768,168.36,215,49.2776243093923,0
"633","COWICHAN RIVER",2019,2019-09-08,251,54,0,3,3.01428571429902,3.10857142857276,3.11233333333706,-0.0942857142737403,171.36,216,49.2776243093923,0
"634","COWICHAN RIVER",2019,2019-09-09,252,55,1,2.92,2.98285714284118,3.08642857142591,3.1019999999941,-0.103571428584733,174.28,217,49.2776243093923,0
"635","COWICHAN RIVER",2020,2020-07-16,198,1,0,5.88,6.0500000000133,6.44928571428837,7.10400000000373,-0.39928571427507,5.88,147,70.3023756906077,0
"636","COWICHAN RIVER",2020,2020-07-17,199,2,0,5.73,5.97999999998137,6.36928571428039,6.85166666666822,-0.389285714299019,11.61,148,70.3023756906077,0
"637","COWICHAN RIVER",2020,2020-07-18,200,3,0,5.6,5.88428571431099,6.2514285714299,6.65500000000466,-0.367142857118909,17.21,149,70.3023756906077,0
"638","COWICHAN RIVER",2020,2020-07-19,201,4,0,5.55,5.79285714283053,6.14642857141527,6.50333333332868,-0.353571428584733,22.76,150,70.3023756906077,0
"639","COWICHAN RIVER",2020,2020-07-20,202,5,0,5.57,5.72571428569167,6.04642857142192,6.36700000000031,-0.320714285730252,28.33,151,70.3023756906077,0
"640","COWICHAN RIVER",2020,2020-07-21,203,6,0,5.71,5.69714285712689,5.96928571427374,6.28433333333426,-0.272142857146848,34.04,152,70.3023756906077,0
"641","COWICHAN RIVER",2020,2020-07-22,204,7,0,5.92,5.70857142856611,5.9192857142937,6.23700000000342,-0.21071428572759,39.96,153,70.3023756906077,0
"642","COWICHAN RIVER",2020,2020-07-23,205,8,0,6.14,5.74571428571029,5.8978571428618,6.21733333333395,-0.152142857151506,46.1,154,70.3023756906077,0
"643","COWICHAN RIVER",2020,2020-07-24,206,9,0,6.46,5.84999999999335,5.91499999998736,6.225,-0.0649999999940123,52.56,155,70.3023756906077,0
"644","COWICHAN RIVER",2020,2020-07-25,207,10,0,6.31,5.9514285714166,5.9178571428638,6.2373333333293,0.0335714285528024,58.87,156,70.3023756906077,0
"645","COWICHAN RIVER",2020,2020-07-26,208,11,0,6.39,6.07142857142857,5.93214285712955,6.25666666666511,0.139285714299018,65.26,157,70.3023756906077,0
"646","COWICHAN RIVER",2020,2020-07-27,209,12,0,6.36,6.18428571429104,5.95499999999135,6.26133333333613,0.229285714299684,71.62,158,70.3023756906077,0
"647","COWICHAN RIVER",2020,2020-07-28,210,13,0,6.3,6.26857142858872,5.98285714285781,6.26100000000248,0.285714285730916,77.92,159,70.3023756906077,0
"648","COWICHAN RIVER",2020,2020-07-29,211,14,0,6.16,6.30285714283985,6.00571428570298,6.25299999999503,0.29714285713687,84.08,160,70.3023756906077,0
"649","COWICHAN RIVER",2020,2020-07-30,212,15,0,6.28,6.32285714285847,6.03428571428438,6.25066666666729,0.288571428574089,90.36,161,70.3023756906077,0
"650","COWICHAN RIVER",2020,2020-07-31,213,16,0,5.99,6.25571428571961,6.05285714285648,6.24400000000217,0.20285714286313,96.35,162,70.3023756906077,0
"651","COWICHAN RIVER",2020,2020-08-01,214,17,0,6.34,6.26000000000931,6.10571428571296,6.23666666666977,0.154285714296358,102.69,163,70.3023756906077,0
"652","COWICHAN RIVER",2020,2020-08-02,215,18,0,6.26,6.24142857145385,6.15642857144121,6.21700000000031,0.0850000000126396,108.95,164,70.3023756906077,0
"653","COWICHAN RIVER",2020,2020-08-03,216,19,0,6.18,6.21571428571562,6.20000000000333,6.18133333333147,0.0157142857122894,115.13,165,70.3023756906077,0
"654","COWICHAN RIVER",2020,2020-08-04,217,20,0,6.05,6.18000000000133,6.22428571429503,6.14899999999907,-0.0442857142936974,121.18,166,70.3023756906077,0
"655","COWICHAN RIVER",2020,2020-08-05,218,21,0,5.82,6.13142857145119,6.21714285714552,6.11066666666884,-0.0857142856943289,127,167,70.3023756906077,0
"656","COWICHAN RIVER",2020,2020-08-06,219,22,0,6,6.0914285714472,6.20714285715284,6.08433333333427,-0.115714285705638,133,168,70.3023756906077,0
"657","COWICHAN RIVER",2020,2020-08-07,220,23,0,5.67,6.0457142857236,6.1507142857216,6.05266666666915,-0.104999999998005,138.67,169,70.3023756906077,0
"658","COWICHAN RIVER",2020,2020-08-08,221,24,0,5.8,5.96857142857542,6.11428571429237,6.03133333333923,-0.145714285716946,144.47,170,70.3023756906077,0
"659","COWICHAN RIVER",2020,2020-08-09,222,25,0,5.81,5.9042857142631,6.07285714285847,6.01766666665984,-0.168571428595377,150.28,171,70.3023756906077,0
"660","COWICHAN RIVER",2020,2020-08-10,223,26,0,5.86,5.85857142857276,6.03714285714419,6.00400000000373,-0.178571428571429,156.14,172,70.3023756906077,0
"661","COWICHAN RIVER",2020,2020-08-11,224,27,0,6.03,5.85571428571296,6.01785714285714,5.99866666666543,-0.162142857144188,162.17,173,70.3023756906077,0
"662","COWICHAN RIVER",2020,2020-08-12,225,28,0,5.76,5.84714285713354,5.98928571429237,5.98933333333116,-0.142142857158823,167.93,174,70.3023756906077,0
"663","COWICHAN RIVER",2020,2020-08-13,226,29,0,5.82,5.82142857142857,5.95642857143788,5.98633333333613,-0.135000000009313,173.75,175,70.3023756906077,0
"664","COWICHAN RIVER",2020,2020-08-14,227,30,0,5.7,5.82571428571828,5.93571428572094,5.98166666666511,-0.110000000002661,179.45,176,70.3023756906077,0
"665","COWICHAN RIVER",2020,2020-08-15,228,31,0,5.59,5.79571428569034,5.88214285713288,5.97199999999721,-0.086428571442541,185.04,177,70.3023756906077,0
"666","COWICHAN RIVER",2020,2020-08-16,229,32,0,5.44,5.74285714288375,5.82357142857342,5.96233333333706,-0.0807142856896723,190.48,178,70.3023756906077,0
"667","COWICHAN RIVER",2020,2020-08-17,230,33,0,5.34,5.66857142856212,5.76357142856744,5.95366666666232,-0.0950000000053217,195.82,179,70.3023756906077,0
"668","COWICHAN RIVER",2020,2020-08-18,231,34,0,5.26,5.55857142855945,5.7071428571362,5.94400000000217,-0.148571428576751,201.08,180,70.3023756906077,0
"669","COWICHAN RIVER",2020,2020-08-19,232,35,0,5.27,5.48857142856078,5.66785714284716,5.93400000000062,-0.17928571428638,206.35,181,70.3023756906077,0
"670","COWICHAN RIVER",2020,2020-08-20,233,36,0,5.78,5.48285714284118,5.65214285713487,5.93633333333613,-0.169285714293697,212.13,182,70.3023756906077,0
"671","COWICHAN RIVER",2020,2020-08-21,234,37,0,6.39,5.58142857140462,5.70357142856145,5.9519999999941,-0.122142857156827,218.52,183,70.3023756906077,0
"672","COWICHAN RIVER",2020,2020-08-22,235,38,0,5.87,5.62142857144188,5.70857142856611,5.94300000000124,-0.0871428571242312,224.39,184,70.3023756906077,0
"673","COWICHAN RIVER",2020,2020-08-23,236,39,0,5.46,5.62428571426842,5.68357142857609,5.90966666666791,-0.0592857143076673,229.85,185,70.3023756906077,0
"674","COWICHAN RIVER",2020,2020-08-24,237,40,0,5.45,5.63999999999734,5.65428571427973,5.88099999999783,-0.0142857142823889,235.3,186,70.3023756906077,0
"675","COWICHAN RIVER",2020,2020-08-25,238,41,0,5.53,5.67857142857143,5.61857142856544,5.85233333333551,0.0600000000059877,240.83,187,70.3023756906077,0
"676","COWICHAN RIVER",2020,2020-08-26,239,42,0,5.52,5.71428571428571,5.60142857142325,5.82433333333271,0.112857142862465,246.35,188,70.3023756906077,0
"677","COWICHAN RIVER",2020,2020-08-27,240,43,0,5.86,5.72571428572493,5.60428571428305,5.80966666666791,0.121428571441876,252.21,189,70.3023756906077,0
"678","COWICHAN RIVER",2020,2020-08-28,241,44,0,5.74,5.63285714288109,5.60714285714286,5.79566666667039,0.0257142857382346,257.95,190,70.3023756906077,0
"679","COWICHAN RIVER",2020,2020-08-29,242,45,0,5.59,5.59285714284384,5.60714285714286,5.77266666666449,-0.0142857142990183,263.54,191,70.3023756906077,0
"680","COWICHAN RIVER",2020,2020-08-30,243,46,0,5.7,5.62714285716148,5.62571428571495,5.76300000000435,0.00142857144653252,269.24,192,70.3023756906077,0
"681","COWICHAN RIVER",2020,2020-08-31,244,47,0,5.74,5.66857142859538,5.65428571429636,5.74300000000124,0.0142857142990191,274.98,193,70.3023756906077,0
"682","COWICHAN RIVER",2020,2020-09-01,245,48,0,5.97,5.73142857144454,5.70500000000798,5.73333333333333,0.0264285714365542,280.95,194,70.3023756906077,0
"683","COWICHAN RIVER",2020,2020-09-02,246,49,0,6.22,5.83142857143788,5.7728571428618,5.73466666666791,0.0585714285760845,287.17,195,70.3023756906077,0
"684","COWICHAN RIVER",2020,2020-09-03,247,50,0,6.16,5.87428571426842,5.79999999999667,5.73833333333023,0.0742857142717446,293.33,196,70.3023756906077,0
"685","COWICHAN RIVER",2020,2020-09-04,248,51,0,6.22,5.94285714283719,5.78785714285914,5.75166666666046,0.154999999978047,299.55,197,70.3023756906077,0
"686","COWICHAN RIVER",2020,2020-09-05,249,52,0,6.24,6.03571428571429,5.81428571427906,5.75966666666015,0.221428571435224,305.79,198,70.3023756906077,0
"687","COWICHAN RIVER",2020,2020-09-06,250,53,0,6.27,6.11714285711891,5.8721428571402,5.77966666666325,0.244999999978712,312.06,199,70.3023756906077,0
"688","COWICHAN RIVER",2020,2020-09-07,251,54,0,6.33,6.2014285714166,5.93500000000599,5.79733333333085,0.266428571410611,318.39,200,70.3023756906077,0
"689","COWICHAN RIVER",2020,2020-09-08,252,55,0,6.12,6.22285714283186,5.9771428571382,5.80766666666605,0.245714285693664,324.51,201,70.3023756906077,0
"690","COWICHAN RIVER",2020,2020-09-09,253,56,0,5.76,6.1571428571229,5.99428571428039,5.80433333332961,0.162857142842507,330.27,202,70.3023756906077,0
"691","COWICHAN RIVER",2020,2020-09-10,254,57,1,5.66,6.08571428572759,5.979999999998,5.79200000000031,0.105714285729586,335.93,203,70.3023756906077,0
"692","COWICHAN RIVER",2021,2021-07-17,198,1,0,5.69,5.72857142858473,5.49071428572227,6.20466666667101,0.237857142862465,5.69,170,57.3413259668508,0
"693","COWICHAN RIVER",2021,2021-07-18,199,2,0,5.52,5.75714285714951,5.50785714286446,5.93199999999876,0.249285714285049,11.21,171,57.3413259668508,0
"694","COWICHAN RIVER",2021,2021-07-19,200,3,0,5.54,5.69857142859006,5.52785714286646,5.69666666667132,0.170714285723599,16.75,172,57.3413259668508,0
"695","COWICHAN RIVER",2021,2021-07-20,201,4,0,5.64,5.62714285712822,5.55571428571628,5.50799999999969,0.07142857141194,22.39,173,57.3413259668508,0
"696","COWICHAN RIVER",2021,2021-07-21,202,5,0,5.57,5.58428571429769,5.57285714285847,5.37833333333644,0.0114285714392146,27.96,174,57.3413259668508,0
"697","COWICHAN RIVER",2021,2021-07-22,203,6,0,5.62,5.59142857141394,5.60285714285315,5.30866666666698,-0.0114285714392155,33.58,175,57.3413259668508,0
"698","COWICHAN RIVER",2021,2021-07-23,204,7,0,6.08,5.66571428570231,5.66500000000399,5.28433333333426,0.000714285698320438,39.66,176,57.3413259668508,0
"699","COWICHAN RIVER",2021,2021-07-24,205,8,0,5.81,5.68285714286113,5.70571428572293,5.28733333333706,-0.0228571428617999,45.47,177,57.3413259668508,0
"700","COWICHAN RIVER",2021,2021-07-25,206,9,0,5.92,5.73999999999069,5.7485714285701,5.33299999999969,-0.00857142857941096,51.39,178,57.3413259668508,0
"701","COWICHAN RIVER",2021,2021-07-26,207,10,0,5.94,5.79714285712024,5.74785714285515,5.39300000000124,0.0492857142650927,57.33,179,57.3413259668508,0
"702","COWICHAN RIVER",2021,2021-07-27,208,11,0,6.05,5.85571428571296,5.74142857142059,5.46199999999565,0.114285714292366,63.38,180,57.3413259668508,0
"703","COWICHAN RIVER",2021,2021-07-28,209,12,0,5.82,5.89142857142724,5.73785714286246,5.52100000000404,0.153571428564776,69.2,181,57.3413259668508,0
"704","COWICHAN RIVER",2021,2021-07-29,210,13,0,5.24,5.83714285715749,5.71428571428571,5.54333333333489,0.122857142871778,74.44,182,57.3413259668508,0
"705","COWICHAN RIVER",2021,2021-07-30,211,14,0,4.73,5.64428571428704,5.65499999999468,5.53133333333147,-0.0107142857076337,79.17,183,57.3413259668508,0
"706","COWICHAN RIVER",2021,2021-07-31,212,15,0,4.21,5.41571428570231,5.54928571428172,5.50166666666822,-0.133571428579411,83.38,184,57.3413259668508,0
"707","COWICHAN RIVER",2021,2021-08-01,213,16,0,4.12,5.15857142858606,5.44928571428837,5.46333333333799,-0.290714285702311,87.5,185,57.3413259668508,0
"708","COWICHAN RIVER",2021,2021-08-02,214,17,0,4.26,4.91857142859538,5.35785714285781,5.43133333333923,-0.439285714262431,91.76,186,57.3413259668508,0
"709","COWICHAN RIVER",2021,2021-08-03,215,18,0,4.12,4.64285714285714,5.24928571428505,5.3926666666676,-0.606428571427906,95.88,187,57.3413259668508,0
"710","COWICHAN RIVER",2021,2021-08-04,216,19,0,4.22,4.41428571427241,5.15285714284983,5.35799999999969,-0.738571428577416,100.1,188,57.3413259668508,0
"711","COWICHAN RIVER",2021,2021-08-05,217,20,0,4.23,4.26999999998537,5.05357142857143,5.32399999999907,-0.783571428586064,104.33,189,57.3413259668508,0
"712","COWICHAN RIVER",2021,2021-08-06,218,21,0,3.97,4.16142857141261,4.90285714284983,5.27866666666232,-0.741428571437219,108.3,190,57.3413259668508,0
"713","COWICHAN RIVER",2021,2021-08-07,219,22,0,3.97,4.12714285716148,4.7714285714319,5.2376666666707,-0.644285714270414,112.27,191,57.3413259668508,0
"714","COWICHAN RIVER",2021,2021-08-08,220,23,0,4.14,4.12999999998803,4.64428571428704,5.20200000000186,-0.514285714299019,116.41,192,57.3413259668508,0
"715","COWICHAN RIVER",2021,2021-08-09,221,24,0,4,4.09285714284384,4.50571428571961,5.16066666666884,-0.412857142875769,120.41,193,57.3413259668508,0
"716","COWICHAN RIVER",2021,2021-08-10,222,25,0,4.23,4.10857142857276,4.37571428571495,5.12433333333271,-0.267142857142192,124.64,194,57.3413259668508,0
"717","COWICHAN RIVER",2021,2021-08-11,223,26,0,4.29,4.11857142858207,4.26642857142724,5.06900000000217,-0.147857142845169,128.93,195,57.3413259668508,0
"718","COWICHAN RIVER",2021,2021-08-12,224,27,0,4.04,4.0914285714472,4.18071428571628,4.99899999999907,-0.0892857142690842,132.97,196,57.3413259668508,0
"719","COWICHAN RIVER",2021,2021-08-13,225,28,0,3.86,4.07571428571828,4.11857142856544,4.93199999999876,-0.042857142847164,136.83,197,57.3413259668508,0
"720","COWICHAN RIVER",2021,2021-08-14,226,29,0,4.16,4.10285714285315,4.11500000000732,4.88500000000155,-0.0121428571541662,140.99,198,57.3413259668508,0
"721","COWICHAN RIVER",2021,2021-08-15,227,30,0,3.96,4.07714285714818,4.1035714285681,4.83166666666511,-0.0264285714199231,144.95,199,57.3413259668508,0
"722","COWICHAN RIVER",2021,2021-08-16,228,31,0,3.91,4.06428571427906,4.07857142856145,4.77233333333085,-0.0142857142823889,148.86,200,57.3413259668508,0
"723","COWICHAN RIVER",2021,2021-08-17,229,32,0,3.46,3.9542857142764,4.03142857142458,4.70366666666232,-0.0771428571481785,152.32,201,57.3413259668508,0
"724","COWICHAN RIVER",2021,2021-08-18,230,33,0,2.99,3.76857142855546,3.94357142856877,4.61866666666077,-0.175000000013304,155.31,202,57.3413259668508,0
"725","COWICHAN RIVER",2021,2021-08-19,231,34,0,2.9,3.60571428571296,3.84857142858008,4.52733333333551,-0.242857142867121,158.21,203,57.3413259668508,0
"726","COWICHAN RIVER",2021,2021-08-20,232,35,0,2.81,3.45571428573956,3.76571428572892,4.4353333333352,-0.309999999989357,161.02,204,57.3413259668508,0
"727","COWICHAN RIVER",2021,2021-08-21,233,36,0,3.24,3.32428571428838,3.71357142857076,4.35600000000559,-0.389285714282388,164.26,205,57.3413259668508,0
"728","COWICHAN RIVER",2021,2021-08-22,234,37,0,3.27,3.22571428569167,3.65142857141992,4.2623333333293,-0.425714285728255,167.53,206,57.3413259668508,0
"729","COWICHAN RIVER",2021,2021-08-23,235,38,0,3.07,3.10571428571296,3.58499999999601,4.17099999999627,-0.479285714283053,170.6,207,57.3413259668508,0
"730","COWICHAN RIVER",2021,2021-08-24,236,39,0,3.09,3.05285714287311,3.50357142857475,4.07666666666822,-0.450714285701646,173.69,208,57.3413259668508,0
"731","COWICHAN RIVER",2021,2021-08-25,237,40,0,3.07,3.06428571431232,3.41642857143389,3.98100000000559,-0.35214285712157,176.76,209,57.3413259668508,0
"732","COWICHAN RIVER",2021,2021-08-26,238,41,0,3.12,3.09571428570364,3.3507142857083,3.88333333333333,-0.255000000004657,179.88,210,57.3413259668508,0
"733","COWICHAN RIVER",2021,2021-08-27,239,42,0,3.05,3.12999999998803,3.2928571428638,3.79099999999938,-0.162857142875769,182.93,211,57.3413259668508,0
"734","COWICHAN RIVER",2021,2021-08-28,240,43,0,3.04,3.10142857142325,3.21285714285581,3.7176666666676,-0.111428571432563,185.97,212,57.3413259668508,0
"735","COWICHAN RIVER",2021,2021-08-29,241,44,0,3.07,3.07285714285847,3.14928571427507,3.6623333333293,-0.0764285714165971,189.04,213,57.3413259668508,0
"736","COWICHAN RIVER",2021,2021-08-30,242,45,0,3.49,3.13285714284783,3.11928571428039,3.63833333333023,0.0135714285674373,192.53,214,57.3413259668508,0
"737","COWICHAN RIVER",2021,2021-08-31,243,46,0,3.06,3.12857142855812,3.09071428571562,3.60299999999503,0.0378571428425079,195.59,215,57.3413259668508,0
"738","COWICHAN RIVER",2021,2021-09-01,244,47,0,3.1,3.13285714284783,3.09857142858008,3.56433333333116,0.0342857142677531,198.69,216,57.3413259668508,0
"739","COWICHAN RIVER",2021,2021-09-02,245,48,0,3.02,3.11857142858207,3.10714285714286,3.52766666666915,0.0114285714392151,201.71,217,57.3413259668508,0
"740","COWICHAN RIVER",2021,2021-09-03,246,49,0,3.06,3.12000000001197,3.125,3.48900000000528,-0.00499999998802592,204.77,218,57.3413259668508,0
"741","COWICHAN RIVER",2021,2021-09-04,247,50,0,3.18,3.13999999999734,3.12071428571029,3.45400000000373,0.0192857142870446,207.95,219,57.3413259668508,0
"742","COWICHAN RIVER",2021,2021-09-05,248,51,0,3.42,3.19000000001064,3.13142857143456,3.43566666666884,0.0585714285760854,211.37,220,57.3413259668508,0
"743","COWICHAN RIVER",2021,2021-09-06,249,52,0,3.3,3.16285714287577,3.1478571428618,3.41333333333023,0.0150000000139698,214.67,221,57.3413259668508,0
"744","COWICHAN RIVER",2021,2021-09-07,250,53,0,2.98,3.15142857143655,3.13999999999734,3.37466666666636,0.0114285714392151,217.65,222,57.3413259668508,0
"745","COWICHAN RIVER",2021,2021-09-08,251,54,1,2.97,3.13285714284783,3.13285714284783,3.34033333333209,0,220.62,223,57.3413259668508,0
"746","COWICHAN RIVER",2022,2022-07-17,198,1,0,5.4,5.28857142857409,5.65071428570497,10.7686666666608,-0.362142857130883,5.4,98,61.0452486187845,0
"747","COWICHAN RIVER",2022,2022-07-18,199,2,0,5.3,5.2485714285701,5.5978571428485,9.9353333333352,-0.349285714278397,10.7,99,61.0452486187845,0
"748","COWICHAN RIVER",2022,2022-07-19,200,3,0,5.13,5.21285714285581,5.57500000000333,9.21300000000435,-0.362142857147514,15.83,100,61.0452486187845,0
"749","COWICHAN RIVER",2022,2022-07-20,201,4,0,5.13,5.20857142856611,5.52357142857675,8.60399999999597,-0.315000000010643,20.96,101,61.0452486187845,0
"750","COWICHAN RIVER",2022,2022-07-21,202,5,0,5.15,5.23285714287444,5.45714285715284,8.08233333334016,-0.224285714278397,26.11,102,61.0452486187845,0
"751","COWICHAN RIVER",2022,2022-07-22,203,6,0,5.16,5.23428571430434,5.42142857143855,7.6376666666707,-0.187142857134209,31.27,103,61.0452486187845,0
"752","COWICHAN RIVER",2022,2022-07-23,204,7,0,4.85,5.1599999999827,5.30071428571163,7.2093333333265,-0.140714285728921,36.12,104,61.0452486187845,0
"753","COWICHAN RIVER",2022,2022-07-24,205,8,0,4.45,5.02428571430833,5.15642857144121,6.81433333333892,-0.132142857132878,40.57,105,61.0452486187845,0
"754","COWICHAN RIVER",2022,2022-07-25,206,9,0,4.36,4.88999999999734,5.06928571428372,6.45966666666791,-0.17928571428638,44.93,106,61.0452486187845,0
"755","COWICHAN RIVER",2022,2022-07-26,207,10,0,4.95,4.8642857142591,5.03857142855746,6.16133333332837,-0.174285714298354,49.88,107,61.0452486187845,0
"756","COWICHAN RIVER",2022,2022-07-27,208,11,0,4.82,4.81999999999867,5.01428571428239,5.91866666666853,-0.194285714283718,54.7,108,61.0452486187845,0
"757","COWICHAN RIVER",2022,2022-07-28,209,12,0,4.67,4.75142857139664,4.99214285713554,5.71099999999472,-0.2407142857389,59.37,109,61.0452486187845,0
"758","COWICHAN RIVER",2022,2022-07-29,210,13,0,4.63,4.67571428571163,4.95500000000798,5.55033333333364,-0.279285714296358,64,110,61.0452486187845,0
"759","COWICHAN RIVER",2022,2022-07-30,211,14,0,4.57,4.6357142857409,4.8978571428618,5.42800000000279,-0.262142857120905,68.57,111,61.0452486187845,0
"760","COWICHAN RIVER",2022,2022-07-31,212,15,0,4.47,4.63857142856744,4.83142857143788,5.32433333333271,-0.192857142870447,73.04,112,61.0452486187845,0
"761","COWICHAN RIVER",2022,2022-08-01,213,16,0,4.67,4.68285714286113,4.78642857142924,5.25100000000093,-0.103571428568102,77.71,113,61.0452486187845,0
"762","COWICHAN RIVER",2022,2022-08-02,214,17,0,4.62,4.6357142857409,4.75,5.20133333333458,-0.114285714259105,82.33,114,61.0452486187845,0
"763","COWICHAN RIVER",2022,2022-08-03,215,18,0,4.72,4.62142857144188,4.72071428572027,5.1573333333324,-0.0992857142783965,87.05,115,61.0452486187845,0
"764","COWICHAN RIVER",2022,2022-08-04,216,19,0,4.39,4.58142857143788,4.66642857141726,5.12199999999721,-0.0849999999793782,91.44,116,61.0452486187845,0
"765","COWICHAN RIVER",2022,2022-08-05,217,20,0,4.2,4.51999999998537,4.5978571428485,5.06700000000031,-0.0778571428631301,95.64,117,61.0452486187845,0
"766","COWICHAN RIVER",2022,2022-08-06,218,21,0,4.25,4.47428571426177,4.55500000000133,5.00599999999783,-0.080714285739564,99.89,118,61.0452486187845,0
"767","COWICHAN RIVER",2022,2022-08-07,219,22,0,4.11,4.42285714285182,4.53071428570963,4.95433333333737,-0.107857142857808,104,119,61.0452486187845,0
"768","COWICHAN RIVER",2022,2022-08-08,220,23,0,4.01,4.32857142857808,4.50571428571961,4.8700000000031,-0.177142857141527,108.01,120,61.0452486187845,0
"769","COWICHAN RIVER",2022,2022-08-09,221,24,0,4.26,4.27714285713487,4.45642857143788,4.79633333333768,-0.17928571430301,112.27,121,61.0452486187845,0
"770","COWICHAN RIVER",2022,2022-08-10,222,25,0,4.29,4.21571428571562,4.41857142857875,4.75333333333644,-0.20285714286313,116.56,122,61.0452486187845,0
"771","COWICHAN RIVER",2022,2022-08-11,223,26,0,4.06,4.16857142856212,4.375,4.7093333333265,-0.206428571437884,120.62,123,61.0452486187845,0
"772","COWICHAN RIVER",2022,2022-08-12,224,27,0,3.98,4.1371428571708,4.32857142857808,4.6700000000031,-0.191428571407284,124.6,124,61.0452486187845,0
"773","COWICHAN RIVER",2022,2022-08-13,225,28,0,3.87,4.08285714286779,4.27857142856478,4.63299999999969,-0.195714285696989,128.47,125,61.0452486187845,0
"774","COWICHAN RIVER",2022,2022-08-14,226,29,0,3.84,4.0442857142937,4.23357142857276,4.58933333333892,-0.189285714279062,132.31,126,61.0452486187845,0
"775","COWICHAN RIVER",2022,2022-08-15,227,30,0,3.95,4.03571428571429,4.18214285714618,4.54200000000031,-0.146428571431898,136.26,127,61.0452486187845,0
"776","COWICHAN RIVER",2022,2022-08-16,228,31,0,3.99,3.9971428571402,4.13714285713754,4.4950000000031,-0.139999999997339,140.25,128,61.0452486187845,0
"777","COWICHAN RIVER",2022,2022-08-17,229,32,0,3.78,3.92428571428172,4.06999999999867,4.44433333333582,-0.145714285716947,144.03,129,61.0452486187845,0
"778","COWICHAN RIVER",2022,2022-08-18,230,33,0,3.86,3.89571428571695,4.03214285713953,4.4019999999941,-0.136428571422585,147.89,130,61.0452486187845,0
"779","COWICHAN RIVER",2022,2022-08-19,231,34,0,3.98,3.89571428568369,4.01642857142724,4.36366666666387,-0.120714285743556,151.87,131,61.0452486187845,0
"780","COWICHAN RIVER",2022,2022-08-20,232,35,0,3.86,3.89428571428704,3.98857142857742,4.32066666666263,-0.094285714290371,155.73,132,61.0452486187845,0
"781","COWICHAN RIVER",2022,2022-08-21,233,36,0,3.77,3.88428571427773,3.96428571428571,4.27433333333271,-0.080000000007983,159.5,133,61.0452486187845,0
"782","COWICHAN RIVER",2022,2022-08-22,234,37,0,3.69,3.84714285713354,3.94142857142392,4.23566666666884,-0.094285714290371,163.19,134,61.0452486187845,0
"783","COWICHAN RIVER",2022,2022-08-23,235,38,0,3.67,3.80142857144321,3.8992857142917,4.20966666666791,-0.0978571428484947,166.86,135,61.0452486187845,0
"784","COWICHAN RIVER",2022,2022-08-24,236,39,0,3.67,3.78571428571429,3.854999999998,4.18666666666977,-0.0692857142837187,170.53,136,61.0452486187845,0
"785","COWICHAN RIVER",2022,2022-08-25,237,40,0,3.66,3.75714285714951,3.82642857143323,4.14366666666853,-0.0692857142837187,174.19,137,61.0452486187845,0
"786","COWICHAN RIVER",2022,2022-08-26,238,41,0,3.99,3.75857142857941,3.82714285713155,4.11599999999938,-0.0685714285521368,178.18,138,61.0452486187845,0
"787","COWICHAN RIVER",2022,2022-08-27,239,42,0,3.91,3.76571428572892,3.83000000000798,4.0906666666735,-0.0642857142790616,182.09,139,61.0452486187845,0
"788","COWICHAN RIVER",2022,2022-08-28,240,43,0,3.72,3.75857142857941,3.82142857142857,4.0603333333352,-0.0628571428491602,185.81,140,61.0452486187845,0
"789","COWICHAN RIVER",2022,2022-08-29,241,44,0,4.36,3.85428571428305,3.8507142857083,4.05333333332868,0.00357142857475479,190.17,141,61.0452486187845,0
"790","COWICHAN RIVER",2022,2022-08-30,242,45,0,4.08,3.91285714284251,3.85714285714286,4.04033333333209,0.0557142856996506,194.25,142,61.0452486187845,0
"791","COWICHAN RIVER",2022,2022-08-31,243,46,0,4.18,3.98571428570098,3.88571428570763,4.02399999999907,0.0999999999933481,198.43,143,61.0452486187845,0
"792","COWICHAN RIVER",2022,2022-09-01,244,47,0,4.32,4.08000000000798,3.91857142857875,4.01399999999752,0.161428571429237,202.75,144,61.0452486187845,0
"793","COWICHAN RIVER",2022,2022-09-02,245,48,0,4.22,4.11285714286246,3.93571428572094,3.99733333333085,0.177142857141527,206.97,145,61.0452486187845,0
"794","COWICHAN RIVER",2022,2022-09-03,246,49,0,4.2,4.1542857142631,3.95999999999601,3.99099999999938,0.194285714267088,211.17,146,61.0452486187845,0
"795","COWICHAN RIVER",2022,2022-09-04,247,50,0,3.8,4.16571428570231,3.96214285714086,3.97766666666915,0.20357142856145,214.97,147,61.0452486187845,0
"796","COWICHAN RIVER",2022,2022-09-05,248,51,0,3.81,4.08714285715749,3.97071428572027,3.96300000000435,0.11642857143722,218.78,148,61.0452486187845,0
"797","COWICHAN RIVER",2022,2022-09-06,249,52,0,3.7,4.03285714285448,3.97285714284849,3.94933333333271,0.0600000000059873,222.48,149,61.0452486187845,0
"798","COWICHAN RIVER",2022,2022-09-07,250,53,0,4.47,4.07428571428837,4.02999999999468,3.9646666666648,0.0442857142936965,226.95,150,61.0452486187845,0
"799","COWICHAN RIVER",2022,2022-09-08,251,54,0,5.31,4.21571428571562,4.1478571428618,3.99966666666636,0.0678571428538159,232.26,151,61.0452486187845,0
"800","COWICHAN RIVER",2022,2022-09-09,252,55,1,5.34,4.37571428573158,4.24428571429702,4.03466666666791,0.131428571434559,237.6,152,61.0452486187845,0
"801","COWICHAN RIVER",2023,2023-07-17,198,1,0,4.58,4.72571428569167,4.8978571428618,5.31133333332837,-0.172142857170132,4.58,84,58.7040331491713,0
"802","COWICHAN RIVER",2023,2023-07-18,199,2,0,4.41,4.65142857143655,4.86428571429237,5.25166666666822,-0.212857142855812,8.99,85,58.7040331491713,0
"803","COWICHAN RIVER",2023,2023-07-19,200,3,0,4.53,4.57857142854482,4.8292857142764,5.19499999999534,-0.250714285731582,13.52,86,58.7040331491713,0
"804","COWICHAN RIVER",2023,2023-07-20,201,4,0,4.67,4.53857142857409,4.79642857143855,5.14766666667225,-0.25785714286446,18.19,87,58.7040331491713,0
"805","COWICHAN RIVER",2023,2023-07-21,202,5,0,4.61,4.53285714285448,4.7485714285701,5.09699999999721,-0.215714285715616,22.8,88,58.7040331491713,0
"806","COWICHAN RIVER",2023,2023-07-22,203,6,0,4.57,4.56999999999867,4.70999999999601,5.05900000000062,-0.139999999997339,27.37,89,58.7040331491713,0
"807","COWICHAN RIVER",2023,2023-07-23,204,7,0,4.52,4.55571428569965,4.67142857142192,5.0049999999969,-0.115714285722269,31.89,90,58.7040331491713,0
"808","COWICHAN RIVER",2023,2023-07-24,205,8,0,5.08,4.62714285716148,4.67642857142658,4.96733333333395,-0.0492857142650927,36.97,91,58.7040331491713,0
"809","COWICHAN RIVER",2023,2023-07-25,206,9,0,4.83,4.68714285711758,4.66928571427707,4.92566666666729,0.0178571428405121,41.8,92,58.7040331491713,0
"810","COWICHAN RIVER",2023,2023-07-26,207,10,0,4.52,4.68571428572094,4.63214285713288,4.86333333333023,0.05357142858806,46.32,93,58.7040331491713,0
"811","COWICHAN RIVER",2023,2023-07-27,208,11,0,4.53,4.66571428570231,4.6021428571382,4.81399999999752,0.0635714285641118,50.85,94,58.7040331491713,0
"812","COWICHAN RIVER",2023,2023-07-28,209,12,0,4.53,4.65428571429636,4.59357142857542,4.78099999999783,0.0607142857209375,55.38,95,58.7040331491713,0
"813","COWICHAN RIVER",2023,2023-07-29,210,13,0,4.55,4.65142857143655,4.61071428571761,4.77433333333271,0.0407142857189422,59.93,96,58.7040331491713,0
"814","COWICHAN RIVER",2023,2023-07-30,211,14,0,4.47,4.64428571428704,4.59999999999335,4.75200000000186,0.0442857142936965,64.4,97,58.7040331491713,0
"815","COWICHAN RIVER",2023,2023-07-31,212,15,0,4.4,4.54714285712024,4.58714285714086,4.74133333333302,-0.0400000000206218,68.8,98,58.7040331491713,0
"816","COWICHAN RIVER",2023,2023-08-01,213,16,0,4.44,4.49142857145385,4.58928571428571,4.73500000000155,-0.097857142831864,73.24,99,58.7040331491713,0
"817","COWICHAN RIVER",2023,2023-08-02,214,17,0,4.47,4.48428571430434,4.58500000001264,4.72333333333954,-0.100714285708299,77.71,100,58.7040331491713,0
"818","COWICHAN RIVER",2023,2023-08-03,215,18,0,4.52,4.48285714287444,4.57428571428837,4.71133333333613,-0.0914285714139362,82.23,101,58.7040331491713,0
"819","COWICHAN RIVER",2023,2023-08-04,216,19,0,4.6,4.49285714285049,4.57357142857342,4.69733333333085,-0.0807142857229337,86.83,102,58.7040331491713,0
"820","COWICHAN RIVER",2023,2023-08-05,217,20,0,4.57,4.49571428571029,4.57357142857342,4.67866666667008,-0.0778571428631301,91.4,103,58.7040331491713,0
"821","COWICHAN RIVER",2023,2023-08-06,218,21,0,4.77,4.53857142857409,4.59142857143057,4.66166666666977,-0.0528571428564781,96.17,104,58.7040331491713,0
"822","COWICHAN RIVER",2023,2023-08-07,219,22,0,4.6,4.56714285713887,4.55714285712955,4.6446666666617,0.0100000000093132,100.77,105,58.7040331491713,0
"823","COWICHAN RIVER",2023,2023-08-08,220,23,0,4.63,4.59428571427374,4.5428571428638,4.63033333333054,0.0514285714099447,105.4,106,58.7040331491713,0
"824","COWICHAN RIVER",2023,2023-08-09,221,24,0,4.78,4.63857142856744,4.56142857143589,4.62266666666449,0.0771428571315482,110.18,107,58.7040331491713,0
"825","COWICHAN RIVER",2023,2023-08-10,222,25,0,4.4,4.62142857140861,4.55214285714153,4.6049999999969,0.069285714267088,114.58,108,58.7040331491713,0
"826","COWICHAN RIVER",2023,2023-08-11,223,26,0,4.29,4.57714285714818,4.53499999999933,4.5799999999969,0.0421428571488445,118.87,109,58.7040331491713,0
"827","COWICHAN RIVER",2023,2023-08-12,224,27,0,4.47,4.56285714284916,4.52928571427973,4.56399999999752,0.0335714285694326,123.34,110,58.7040331491713,0
"828","COWICHAN RIVER",2023,2023-08-13,225,28,0,4.62,4.54142857143389,4.54000000000399,4.56300000000435,0.00142857142990138,127.96,111,58.7040331491713,0
"829","COWICHAN RIVER",2023,2023-08-14,226,29,0,4.54,4.53285714288774,4.5500000000133,4.57066666667039,-0.0171428571255614,132.5,112,58.7040331491713,0
"830","COWICHAN RIVER",2023,2023-08-15,227,30,0,4.57,4.52428571427507,4.5592857142744,4.56899999999441,-0.034999999999334,137.07,113,58.7040331491713,0
"831","COWICHAN RIVER",2023,2023-08-16,228,31,0,4.55,4.49142857142059,4.56499999999401,4.56800000000124,-0.0735714285734241,141.62,114,58.7040331491713,0
"832","COWICHAN RIVER",2023,2023-08-17,229,32,0,4.57,4.51571428572892,4.56857142856877,4.57333333333178,-0.052857142839847,146.19,115,58.7040331491713,0
"833","COWICHAN RIVER",2023,2023-08-18,230,33,0,4.52,4.5485714285834,4.56285714286579,4.5730000000059,-0.014285714282388,150.71,116,58.7040331491713,0
"834","COWICHAN RIVER",2023,2023-08-19,231,34,0,4.23,4.51428571429902,4.53857142857409,4.55833333333333,-0.0242857142750701,154.94,117,58.7040331491713,0
"835","COWICHAN RIVER",2023,2023-08-20,232,35,0,4.1,4.43999999997738,4.49071428570564,4.54133333333302,-0.0507142857282554,159.04,118,58.7040331491713,0
"836","COWICHAN RIVER",2023,2023-08-21,233,36,0,4.14,4.38285714284783,4.45785714286779,4.52700000000186,-0.0750000000199567,163.18,119,58.7040331491713,0
"837","COWICHAN RIVER",2023,2023-08-22,234,37,0,4.04,4.30714285716281,4.41571428571894,4.51100000000248,-0.108571428556128,167.22,120,58.7040331491713,0
"838","COWICHAN RIVER",2023,2023-08-23,235,38,0,4.07,4.23857142856078,4.36499999999069,4.47733333332775,-0.126428571429902,171.29,121,58.7040331491713,0
"839","COWICHAN RIVER",2023,2023-08-24,236,39,0,4.01,4.1585714285528,4.33714285714086,4.45,-0.178571428588059,175.3,122,58.7040331491713,0
"840","COWICHAN RIVER",2023,2023-08-25,237,40,0,4.08,4.09571428570364,4.32214285714352,4.4353333333352,-0.226428571439881,179.38,123,58.7040331491713,0
"841","COWICHAN RIVER",2023,2023-08-26,238,41,0,4.03,4.06714285713887,4.29071428571894,4.41866666666853,-0.223571428580076,183.41,124,58.7040331491713,0
"842","COWICHAN RIVER",2023,2023-08-27,239,42,0,4.06,4.06142857145252,4.25071428571495,4.40300000000279,-0.189285714262431,187.47,125,58.7040331491713,0
"843","COWICHAN RIVER",2023,2023-08-28,240,43,0,4.1,4.05571428569965,4.21928571427374,4.38799999999658,-0.163571428574089,191.57,126,58.7040331491713,0
"844","COWICHAN RIVER",2023,2023-08-29,241,44,0,4.09,4.06285714284916,4.18500000000599,4.37533333333364,-0.122142857156827,195.66,127,58.7040331491713,0
"845","COWICHAN RIVER",2023,2023-08-30,242,45,0,4.22,4.08428571429769,4.16142857142924,4.36933333333582,-0.0771428571315482,199.88,128,58.7040331491713,0
"846","COWICHAN RIVER",2023,2023-08-31,243,46,0,4.17,4.10714285714286,4.13285714284783,4.36033333332743,-0.0257142857049732,204.05,129,58.7040331491713,0
"847","COWICHAN RIVER",2023,2023-09-01,244,47,0,4.01,4.09714285713354,4.09642857141859,4.34499999999534,0.000714285714950691,208.06,130,58.7040331491713,0
"848","COWICHAN RIVER",2023,2023-09-02,245,48,0,3.96,4.08714285712423,4.07714285713155,4.32633333332681,0.00999999999268208,212.02,131,58.7040331491713,0
"849","COWICHAN RIVER",2023,2023-09-03,246,49,0,4.06,4.08714285712423,4.07428571428837,4.30833333333333,0.0128571428358555,216.08,132,58.7040331491713,0
"850","COWICHAN RIVER",2023,2023-09-04,247,50,0,3.88,4.05571428573291,4.05571428571628,4.2853333333352,1.66302527304651e-11,219.96,133,58.7040331491713,0
"851","COWICHAN RIVER",2023,2023-09-05,248,51,0,3.84,4.01999999998537,4.04142857141726,4.25433333332961,-0.0214285714318976,223.8,134,58.7040331491713,0
"852","COWICHAN RIVER",2023,2023-09-06,249,52,0,4.3,4.03142857142458,4.05785714286113,4.24433333333582,-0.0264285714365542,228.1,135,58.7040331491713,0
"853","COWICHAN RIVER",2023,2023-09-07,250,53,0,4.68,4.10428571428305,4.10571428571296,4.24599999999627,-0.00142857142990227,232.78,136,58.7040331491713,0
"854","COWICHAN RIVER",2023,2023-09-08,251,54,1,4.67,4.19857142859006,4.1478571428618,4.24233333333395,0.0507142857282554,237.45,137,58.7040331491713,0
"855","COWICHAN RIVER",2024,2024-07-16,198,1,0,6.45,6.11714285715217,5.8171428571555,7.61599999999938,0.299999999996674,6.45,121,53.5310497237569,0
"856","COWICHAN RIVER",2024,2024-07-17,199,2,0,6.98,6.29142857143389,5.87428571428505,7.2353333333352,0.417142857148844,13.43,122,53.5310497237569,0
"857","COWICHAN RIVER",2024,2024-07-18,200,3,0,6.72,6.4499999999867,5.96142857142591,6.90933333333426,0.488571428560785,20.15,123,53.5310497237569,0
"858","COWICHAN RIVER",2024,2024-07-19,201,4,0,6.02,6.45857142856611,6.01857142857209,6.63000000000466,0.439999999994013,26.17,124,53.5310497237569,0
"859","COWICHAN RIVER",2024,2024-07-20,202,5,0,6.16,6.4571428571362,6.08857142857076,6.38866666666387,0.368571428565441,32.33,125,53.5310497237569,0
"860","COWICHAN RIVER",2024,2024-07-21,203,6,0,6.31,6.44857142855679,6.15928571428438,6.19566666667039,0.28928571427241,38.64,126,53.5310497237569,0
"861","COWICHAN RIVER",2024,2024-07-22,204,7,0,5.92,6.36571428568901,6.19571428571362,6.0396666666648,0.169999999975387,44.56,127,53.5310497237569,0
"862","COWICHAN RIVER",2024,2024-07-23,205,8,0,5.33,6.2057142857063,6.16142857142924,5.91866666666853,0.0442857142770663,49.89,128,53.5310497237569,0
"863","COWICHAN RIVER",2024,2024-07-24,206,9,0,5.56,6.0028571428598,6.14714285714685,5.84700000000497,-0.144285714287045,55.45,129,53.5310497237569,0
"864","COWICHAN RIVER",2024,2024-07-25,207,10,0,5.35,5.80714285712955,6.12857142855812,5.81199999999565,-0.321428571428571,60.8,130,53.5310497237569,0
"865","COWICHAN RIVER",2024,2024-07-26,208,11,0,5.27,5.6999999999867,6.0792857142764,5.80299999999503,-0.379285714289706,66.07,131,53.5310497237569,0
"866","COWICHAN RIVER",2024,2024-07-27,209,12,0,5.72,5.63714285713754,6.04714285713687,5.81999999999534,-0.409999999999335,71.79,132,53.5310497237569,0
"867","COWICHAN RIVER",2024,2024-07-28,210,13,0,5.63,5.54000000000399,5.99428571428039,5.84233333333395,-0.454285714276401,77.42,133,53.5310497237569,0
"868","COWICHAN RIVER",2024,2024-07-29,211,14,0,6.67,5.64714285714685,6.00642857141793,5.88699999999565,-0.359285714271079,84.09,134,53.5310497237569,0
"869","COWICHAN RIVER",2024,2024-07-30,212,15,0,6,5.74285714285049,5.9742857142784,5.90233333333551,-0.231428571427906,90.09,135,53.5310497237569,0
"870","COWICHAN RIVER",2024,2024-07-31,213,16,0,5.69,5.76142857140595,5.88214285713288,5.90233333332775,-0.120714285726925,95.78,136,53.5310497237569,0
"871","COWICHAN RIVER",2024,2024-08-01,214,17,0,5.6,5.7971428571535,5.80214285714153,5.87900000000373,-0.00499999998802547,101.38,137,53.5310497237569,0
"872","COWICHAN RIVER",2024,2024-08-02,215,18,0,5.62,5.84714285716681,5.77357142857675,5.8603333333352,0.0735714285900553,107,138,53.5310497237569,0
"873","COWICHAN RIVER",2024,2024-08-03,216,19,0,5.54,5.82142857142857,5.72928571428305,5.86166666666201,0.0921428571455181,112.54,139,53.5310497237569,0
"874","COWICHAN RIVER",2024,2024-08-04,217,20,0,5.6,5.81714285713887,5.67857142857143,5.87433333333271,0.138571428567437,118.14,140,53.5310497237569,0
"875","COWICHAN RIVER",2024,2024-08-05,218,21,0,5.51,5.65142857143655,5.6492857142917,5.8853333333352,0.00214285714485296,123.65,141,53.5310497237569,0
"876","COWICHAN RIVER",2024,2024-08-06,219,22,0,5.66,5.60285714285315,5.67285714285182,5.89666666666356,-0.0699999999986689,129.31,142,53.5310497237569,0
"877","COWICHAN RIVER",2024,2024-08-07,220,23,0,5.73,5.60857142857276,5.68499999998936,5.9073333333324,-0.0764285714165975,135.04,143,53.5310497237569,0
"878","COWICHAN RIVER",2024,2024-08-08,221,24,0,5.79,5.63571428570763,5.71642857143057,5.90666666666511,-0.0807142857229337,140.83,144,53.5310497237569,0
"879","COWICHAN RIVER",2024,2024-08-09,222,25,0,5.72,5.64999999997339,5.7485714285701,5.90533333333054,-0.0985714285967072,146.55,145,53.5310497237569,0
"880","COWICHAN RIVER",2024,2024-08-10,223,26,0,6.26,5.7528571428598,5.78714285714419,5.9269999999941,-0.0342857142843842,152.81,146,53.5310497237569,0
"881","COWICHAN RIVER",2024,2024-08-11,224,27,0,5.7,5.76714285712556,5.79214285713221,5.91833333332712,-0.0250000000066519,158.51,147,53.5310497237569,0
"882","COWICHAN RIVER",2024,2024-08-12,225,28,0,5.94,5.82857142857808,5.74000000000732,5.91066666666884,0.0885714285707628,164.45,148,53.5310497237569,0
"883","COWICHAN RIVER",2024,2024-08-13,226,29,0,6.38,5.93142857143123,5.76714285714219,5.91099999999472,0.164285714289041,170.83,149,53.5310497237569,0
"884","COWICHAN RIVER",2024,2024-08-14,227,30,0,6.23,6.0028571428598,5.80571428571628,5.9019999999941,0.197142857143522,177.06,150,53.5310497237569,0
"885","COWICHAN RIVER",2024,2024-08-15,228,31,0,6.09,6.0457142857236,5.84071428571562,5.88999999999845,0.205000000007983,183.15,151,53.5310497237569,0
"886","COWICHAN RIVER",2024,2024-08-16,229,32,0,5.98,6.08285714286779,5.86642857142059,5.85666666666511,0.216428571447198,189.13,152,53.5310497237569,0
"887","COWICHAN RIVER",2024,2024-08-17,230,33,0,6.14,6.06571428570896,5.90928571428438,5.8373333333293,0.15642857142458,195.27,153,53.5310497237569,0
"888","COWICHAN RIVER",2024,2024-08-18,231,34,0,7.18,6.27714285716814,6.02214285714685,5.87600000000093,0.255000000021288,202.45,154,53.5310497237569,0
"889","COWICHAN RIVER",2024,2024-08-19,232,35,0,6.46,6.35142857142325,6.09000000000067,5.88600000000248,0.261428571422584,208.91,155,53.5310497237569,0
"890","COWICHAN RIVER",2024,2024-08-20,233,36,0,6.52,6.37142857144188,6.15142857143655,5.89300000000124,0.220000000005322,215.43,156,53.5310497237569,0
"891","COWICHAN RIVER",2024,2024-08-21,234,37,0,6.6,6.42428571428172,6.21357142857076,5.91566666666573,0.210714285710959,222.03,157,53.5310497237569,0
"892","COWICHAN RIVER",2024,2024-08-22,235,38,0,6.47,6.47857142858473,6.26214285715417,5.95366666667008,0.216428571430567,228.5,158,53.5310497237569,0
"893","COWICHAN RIVER",2024,2024-08-23,236,39,0,6.61,6.56857142856877,6.32571428571828,5.98866666666387,0.24285714285049,235.11,159,53.5310497237569,0
"894","COWICHAN RIVER",2024,2024-08-24,237,40,0,7.08,6.70285714287976,6.38428571429436,6.04633333333768,0.318571428585398,242.19,160,53.5310497237569,0
"895","COWICHAN RIVER",2024,2024-08-25,238,41,0,6.53,6.61000000000266,6.4435714285854,6.08833333333799,0.166428571417263,248.72,161,53.5310497237569,0
"896","COWICHAN RIVER",2024,2024-08-26,239,42,0,7.34,6.73571428570098,6.54357142856212,6.14233333333395,0.192142857138865,256.06,162,53.5310497237569,0
"897","COWICHAN RIVER",2024,2024-08-27,240,43,0,7.04,6.80999999998936,6.59071428571562,6.18933333333116,0.219285714273741,263.1,163,53.5310497237569,0
"898","COWICHAN RIVER",2024,2024-08-28,241,44,0,6.48,6.7928571428638,6.60857142857276,6.18299999999969,0.184285714291036,269.58,164,53.5310497237569,0
"899","COWICHAN RIVER",2024,2024-08-29,242,45,0,6.04,6.73142857141128,6.604999999998,6.18433333333426,0.126428571413271,275.62,165,53.5310497237569,0
"900","COWICHAN RIVER",2024,2024-08-30,243,46,0,5.78,6.61285714286246,6.59071428571562,6.18733333333706,0.0221428571468492,281.4,166,53.5310497237569,0
"901","COWICHAN RIVER",2024,2024-08-31,244,47,0,5.64,6.4071428571229,6.55500000000133,6.18866666666387,-0.14785714287843,287.04,167,53.5310497237569,0
"902","COWICHAN RIVER",2024,2024-09-01,245,48,0,5.56,6.26857142855546,6.43928571427906,6.18666666666201,-0.170714285723599,292.6,168,53.5310497237569,0
"903","COWICHAN RIVER",2024,2024-09-02,246,49,0,5.66,6.02857142856478,6.38214285713288,6.19066666666574,-0.353571428568102,298.26,169,53.5310497237569,0
"904","COWICHAN RIVER",2024,2024-09-03,247,50,0,5.5,5.80857142855945,6.3092857142744,6.1873333333293,-0.500714285714951,303.76,170,53.5310497237569,0
"905","COWICHAN RIVER",2024,2024-09-04,248,51,0,5.37,5.65000000000665,6.22142857143522,6.18266666666605,-0.571428571428572,309.13,171,53.5310497237569,0
"906","COWICHAN RIVER",2024,2024-09-05,249,52,0,4.76,5.46714285714552,6.0992857142784,6.15266666666915,-0.632142857132878,313.89,172,53.5310497237569,0
"907","COWICHAN RIVER",2024,2024-09-06,250,53,1,4.75,5.31999999999867,5.96642857143057,6.1200000000031,-0.646428571431898,318.64,173,53.5310497237569,0
