"","stream","year","date","doy","days_at_risk","arrived","flow","flow_7d","flow_14d","flow_30d","flow_delta_14d","flow_cum_since_start","days_since_high_flow","jan_jun_mean_flow","n_missing_flow"
"1","LITTLE QUALICUM RIVER",1967,1967-06-01,152,1,0,13.3,12.7999999999998,15.0142857142858,13.1666666666667,-2.21428571428597,13.3,3,15.4682320441989,0
"2","LITTLE QUALICUM RIVER",1967,1967-06-02,153,2,0,15.1,13.2142857142857,14.9571428571427,13.4303333333333,-1.74285714285699,28.4,0,15.4682320441989,0
"3","LITTLE QUALICUM RIVER",1967,1967-06-03,154,3,0,16.4,13.8999999999999,14.8714285714286,13.7106666666667,-0.971428571428728,44.8,0,15.4682320441989,0
"4","LITTLE QUALICUM RIVER",1967,1967-06-04,155,4,0,15.9,14.3714285714289,14.6000000000001,13.9366666666667,-0.228571428571222,60.7,0,15.4682320441989,0
"5","LITTLE QUALICUM RIVER",1967,1967-06-05,156,5,0,15.6,14.6000000000001,14.3071428571428,14.08,0.292857142857299,76.3,0,15.4682320441989,0
"6","LITTLE QUALICUM RIVER",1967,1967-06-06,157,6,0,15.4,14.9000000000004,14.1285714285716,14.1200000000001,0.77142857142878,91.7,0,15.4682320441989,0
"7","LITTLE QUALICUM RIVER",1967,1967-06-07,158,7,0,14.8,15.2142857142857,14.0500000000001,14.1366666666667,1.16428571428566,106.5,0,15.4682320441989,0
"8","LITTLE QUALICUM RIVER",1967,1967-06-08,159,8,0,13.9,15.2999999999998,14.0499999999998,14.1433333333333,1.25,120.4,1,15.4682320441989,0
"9","LITTLE QUALICUM RIVER",1967,1967-06-09,160,9,0,12.7,14.957142857143,14.0857142857143,14.1466666666666,0.871428571428623,133.1,2,15.4682320441989,0
"10","LITTLE QUALICUM RIVER",1967,1967-06-10,161,10,0,12.2,14.3571428571429,14.1285714285714,14.1666666666667,0.228571428571481,145.3,3,15.4682320441989,0
"11","LITTLE QUALICUM RIVER",1967,1967-06-11,162,11,0,11.9,13.7857142857143,14.0785714285716,14.2,-0.292857142857297,157.2,4,15.4682320441989,0
"12","LITTLE QUALICUM RIVER",1967,1967-06-12,163,12,0,11.3,13.1714285714287,13.8857142857144,14.2266666666666,-0.714285714285714,168.5,5,15.4682320441989,0
"13","LITTLE QUALICUM RIVER",1967,1967-06-13,164,13,0,10.9,12.528571428571,13.7142857142857,14.25,-1.1857142857147,179.4,6,15.4682320441989,0
"14","LITTLE QUALICUM RIVER",1967,1967-06-14,165,14,0,10.9,11.9714285714285,13.5928571428571,14.2566666666667,-1.62142857142862,190.3,7,15.4682320441989,0
"15","LITTLE QUALICUM RIVER",1967,1967-06-15,166,15,0,10.7,11.514285714286,13.4071428571429,14.2133333333334,-1.89285714285688,201,8,15.4682320441989,0
"16","LITTLE QUALICUM RIVER",1967,1967-06-16,167,16,0,11,11.2714285714288,13.1142857142859,14.1233333333334,-1.84285714285709,212,9,15.4682320441989,0
"17","LITTLE QUALICUM RIVER",1967,1967-06-17,168,17,0,11,11.1000000000001,12.7285714285715,13.9966666666667,-1.62857142857138,223,10,15.4682320441989,0
"18","LITTLE QUALICUM RIVER",1967,1967-06-18,169,18,0,10.8,10.9428571428569,12.3642857142856,13.8266666666666,-1.42142857142868,233.8,11,15.4682320441989,0
"19","LITTLE QUALICUM RIVER",1967,1967-06-19,170,19,0,10.5,10.8285714285713,12,13.59,-1.17142857142868,244.3,12,15.4682320441989,0
"20","LITTLE QUALICUM RIVER",1967,1967-06-20,171,20,0,10.4,10.7571428571433,11.6428571428571,13.28,-0.885714285713869,254.7,13,15.4682320441989,0
"21","LITTLE QUALICUM RIVER",1967,1967-06-21,172,21,0,9.91,10.6157142857145,11.2935714285715,12.9536666666667,-0.677857142856997,264.61,14,15.4682320441989,0
"22","LITTLE QUALICUM RIVER",1967,1967-06-22,173,22,0,9.46,10.4385714285714,10.9764285714287,12.6723333333334,-0.53785714285732,274.07,15,15.4682320441989,0
"23","LITTLE QUALICUM RIVER",1967,1967-06-23,174,23,0,9,10.1528571428571,10.7121428571429,12.4423333333333,-0.559285714285839,283.07,16,15.4682320441989,0
"24","LITTLE QUALICUM RIVER",1967,1967-06-24,175,24,0,8.27,9.76285714285716,10.4314285714286,12.2546666666666,-0.668571428571472,291.34,17,15.4682320441989,0
"25","LITTLE QUALICUM RIVER",1967,1967-06-25,176,25,0,7.99,9.36142857142841,10.1521428571427,12.1143333333333,-0.790714285714264,299.33,18,15.4682320441989,0
"26","LITTLE QUALICUM RIVER",1967,1967-06-26,177,26,0,7.87,8.98571428571449,9.90714285714291,11.99,-0.921428571428416,307.2,19,15.4682320441989,0
"27","LITTLE QUALICUM RIVER",1967,1967-06-27,178,27,0,7.48,8.56857142857137,9.66285714285732,11.8193333333334,-1.09428571428595,314.68,20,15.4682320441989,0
"28","LITTLE QUALICUM RIVER",1967,1967-06-28,179,28,0,6.99,8.15142857142824,9.38357142857136,11.5856666666667,-1.23214285714312,321.67,21,15.4682320441989,0
"29","LITTLE QUALICUM RIVER",1967,1967-06-29,180,29,0,6.6,7.74285714285725,9.09071428571432,11.3623333333334,-1.34785714285707,328.27,22,15.4682320441989,0
"30","LITTLE QUALICUM RIVER",1967,1967-06-30,181,30,0,6,7.31428571428582,8.73357142857146,11.1423333333333,-1.41928571428564,334.27,23,15.4682320441989,0
"31","LITTLE QUALICUM RIVER",1967,1967-07-01,182,31,0,5.55,6.92571428571422,8.34428571428569,10.884,-1.41857142857147,339.82,24,15.4682320441989,0
"32","LITTLE QUALICUM RIVER",1967,1967-07-02,183,32,0,5.3,6.5414285714287,7.95142857142855,10.5573333333334,-1.40999999999985,345.12,25,15.4682320441989,0
"33","LITTLE QUALICUM RIVER",1967,1967-07-03,184,33,0,5.13,6.1499999999999,7.56785714285719,10.1816666666667,-1.4178571428573,350.25,26,15.4682320441989,0
"34","LITTLE QUALICUM RIVER",1967,1967-07-04,185,34,0,5.04,5.80142857142865,7.18500000000001,9.81966666666667,-1.38357142857136,355.29,27,15.4682320441989,0
"35","LITTLE QUALICUM RIVER",1967,1967-07-05,186,35,0,4.81,5.49000000000004,6.82071428571414,9.45999999999998,-1.3307142857141,360.1,28,15.4682320441989,0
"36","LITTLE QUALICUM RIVER",1967,1967-07-06,187,36,0,4.53,5.1942857142858,6.46857142857152,9.09766666666668,-1.27428571428572,364.63,29,15.4682320441989,0
"37","LITTLE QUALICUM RIVER",1967,1967-07-07,188,37,0,4.39,4.96428571428571,6.13928571428577,8.75066666666668,-1.17500000000005,369.02,30,15.4682320441989,0
"38","LITTLE QUALICUM RIVER",1967,1967-07-08,189,38,0,4.25,4.77857142857153,5.85214285714288,8.42900000000009,-1.07357142857135,373.27,31,15.4682320441989,0
"39","LITTLE QUALICUM RIVER",1967,1967-07-09,190,39,0,4.02,4.59571428571456,5.56857142857163,8.13966666666674,-0.97285714285707,377.29,32,15.4682320441989,0
"40","LITTLE QUALICUM RIVER",1967,1967-07-10,191,40,0,3.82,4.40857142857151,5.2792857142857,7.86033333333338,-0.870714285714192,381.11,33,15.4682320441989,0
"41","LITTLE QUALICUM RIVER",1967,1967-07-11,192,41,0,3.68,4.21428571428571,5.00785714285718,7.58633333333334,-0.79357142857147,384.79,34,15.4682320441989,0
"42","LITTLE QUALICUM RIVER",1967,1967-07-12,193,42,0,3.62,4.0442857142859,4.76714285714297,7.33033333333333,-0.72285714285707,388.41,35,15.4682320441989,0
"43","LITTLE QUALICUM RIVER",1967,1967-07-13,194,43,0,3.45,3.88999999999994,4.54214285714287,7.08200000000009,-0.65214285714293,391.86,36,15.4682320441989,0
"44","LITTLE QUALICUM RIVER",1967,1967-07-14,195,44,0,3.34,3.74000000000004,4.35214285714288,6.83000000000005,-0.612142857142837,395.2,37,15.4682320441989,0
"45","LITTLE QUALICUM RIVER",1967,1967-07-15,196,45,0,3.17,3.58571428571408,4.18214285714281,6.57899999999997,-0.596428571428727,398.37,38,15.4682320441989,0
"46","LITTLE QUALICUM RIVER",1967,1967-07-16,197,46,0,2.89,3.42428571428536,4.00999999999996,6.30866666666661,-0.585714285714597,401.26,39,15.4682320441989,0
"47","LITTLE QUALICUM RIVER",1967,1967-07-17,198,47,0,2.89,3.29142857142818,3.84999999999984,6.03833333333326,-0.558571428571668,404.15,40,15.4682320441989,0
"48","LITTLE QUALICUM RIVER",1967,1967-07-18,199,48,0,2.78,3.16285714285706,3.68857142857139,5.77100000000003,-0.525714285714327,406.93,41,15.4682320441989,0
"49","LITTLE QUALICUM RIVER",1967,1967-07-19,200,49,0,2.72,3.03428571428542,3.53928571428566,5.51166666666662,-0.505000000000239,409.65,42,15.4682320441989,0
"50","LITTLE QUALICUM RIVER",1967,1967-07-20,201,50,0,2.78,2.93857142857139,3.41428571428566,5.25766666666665,-0.475714285714275,412.43,43,15.4682320441989,0
"51","LITTLE QUALICUM RIVER",1967,1967-07-21,202,51,0,2.78,2.8585714285712,3.29928571428562,5.01999999999995,-0.440714285714421,415.21,44,15.4682320441989,0
"52","LITTLE QUALICUM RIVER",1967,1967-07-22,203,52,0,2.72,2.7942857142859,3.18999999999999,4.79533333333335,-0.395714285714088,417.93,45,15.4682320441989,0
"53","LITTLE QUALICUM RIVER",1967,1967-07-23,204,53,0,2.66,2.76142857142882,3.09285714285709,4.58400000000001,-0.33142857142827,420.59,46,15.4682320441989,0
"54","LITTLE QUALICUM RIVER",1967,1967-07-24,205,54,0,2.61,2.72142857142899,3.00642857142858,4.39533333333335,-0.284999999999595,423.2,47,15.4682320441989,0
"55","LITTLE QUALICUM RIVER",1967,1967-07-25,206,55,0,2.49,2.67999999999977,2.92142857142842,4.21200000000002,-0.241428571428644,425.69,48,15.4682320441989,0
"56","LITTLE QUALICUM RIVER",1967,1967-07-26,207,56,0,2.44,2.64000000000046,2.83714285714294,4.03100000000001,-0.197142857142483,428.13,49,15.4682320441989,0
"57","LITTLE QUALICUM RIVER",1967,1967-07-27,208,57,0,2.44,2.59142857142849,2.76499999999994,3.86299999999998,-0.173571428571449,430.57,50,15.4682320441989,0
"58","LITTLE QUALICUM RIVER",1967,1967-07-28,209,58,0,2.27,2.51857142857157,2.68857142857139,3.70566666666673,-0.169999999999813,432.84,51,15.4682320441989,0
"59","LITTLE QUALICUM RIVER",1967,1967-07-29,210,59,0,2.15,2.43714285714252,2.61571428571421,3.55733333333325,-0.178571428571688,434.99,52,15.4682320441989,0
"60","LITTLE QUALICUM RIVER",1967,1967-07-30,211,60,0,2.15,2.36428571428561,2.56285714285722,3.42899999999997,-0.198571428571605,437.14,53,15.4682320441989,0
"61","LITTLE QUALICUM RIVER",1967,1967-07-31,212,61,0,2.1,2.29142857142818,2.50642857142858,3.31399999999994,-0.215000000000405,439.24,54,15.4682320441989,0
"62","LITTLE QUALICUM RIVER",1967,1967-08-01,213,62,0,2.04,2.22714285714288,2.45357142857132,3.20533333333333,-0.226428571428447,441.28,55,15.4682320441989,0
"63","LITTLE QUALICUM RIVER",1967,1967-08-02,214,63,0,1.93,2.15428571428544,2.39714285714295,3.09866666666664,-0.242857142857507,443.21,56,15.4682320441989,0
"64","LITTLE QUALICUM RIVER",1967,1967-08-03,215,64,0,1.87,2.07285714285691,2.3321428571427,2.99299999999991,-0.259285714285787,445.08,57,15.4682320441989,0
"65","LITTLE QUALICUM RIVER",1967,1967-08-04,216,65,0,1.81,2.00714285714275,2.26285714285716,2.89300000000003,-0.255714285714411,446.89,58,15.4682320441989,0
"66","LITTLE QUALICUM RIVER",1967,1967-08-05,217,66,0,1.7,1.94285714285745,2.18999999999999,2.79866666666664,-0.247142857142535,448.59,59,15.4682320441989,0
"67","LITTLE QUALICUM RIVER",1967,1967-08-06,218,67,0,1.66,1.87285714285723,2.11857142857142,2.70766666666665,-0.245714285714192,450.25,60,15.4682320441989,0
"68","LITTLE QUALICUM RIVER",1967,1967-08-07,219,68,0,1.66,1.81000000000027,2.05071428571422,2.62133333333331,-0.240714285713953,451.91,61,15.4682320441989,0
"69","LITTLE QUALICUM RIVER",1967,1967-08-08,220,69,0,1.57,1.74285714285725,1.98500000000006,2.53966666666662,-0.242142857142815,453.48,62,15.4682320441989,0
"70","LITTLE QUALICUM RIVER",1967,1967-08-09,221,70,0,1.53,1.68571428571418,1.91999999999981,2.46333333333326,-0.234285714285631,455.01,63,15.4682320441989,0
"71","LITTLE QUALICUM RIVER",1967,1967-08-10,222,71,0,1.53,1.63714285714325,1.85500000000008,2.39166666666667,-0.217857142856831,456.54,64,15.4682320441989,0
"72","LITTLE QUALICUM RIVER",1967,1967-08-11,223,72,0,1.49,1.59142857142849,1.79928571428562,2.32066666666663,-0.207857142857132,458.03,65,15.4682320441989,0
"73","LITTLE QUALICUM RIVER",1967,1967-08-12,224,73,0,1.4,1.54857142857145,1.74571428571445,2.25233333333332,-0.197142857143003,459.43,66,15.4682320441989,0
"74","LITTLE QUALICUM RIVER",1967,1967-08-13,225,74,0,1.36,1.50571428571441,1.68928571428582,2.18633333333334,-0.183571428571408,460.79,67,15.4682320441989,0
"75","LITTLE QUALICUM RIVER",1967,1967-08-14,226,75,0,1.36,1.46285714285685,1.63642857142856,2.12599999999996,-0.173571428571709,462.15,68,15.4682320441989,0
"76","LITTLE QUALICUM RIVER",1967,1967-08-15,227,76,0,1.36,1.43285714285698,1.58785714285711,2.075,-0.155000000000135,463.51,69,15.4682320441989,0
"77","LITTLE QUALICUM RIVER",1967,1967-08-16,228,77,0,1.66,1.45142857142855,1.56857142857137,2.03400000000001,-0.117142857142815,465.17,70,15.4682320441989,0
"78","LITTLE QUALICUM RIVER",1967,1967-08-17,229,78,0,1.49,1.44571428571414,1.5414285714287,1.99099999999999,-0.0957142857145559,466.66,71,15.4682320441989,0
"79","LITTLE QUALICUM RIVER",1967,1967-08-18,230,79,0,1.44,1.43857142857139,1.51499999999994,1.94833333333336,-0.0764285714285506,468.1,72,15.4682320441989,0
"80","LITTLE QUALICUM RIVER",1967,1967-08-19,231,80,0,1.4,1.43857142857139,1.49357142857142,1.90233333333332,-0.055000000000031,469.5,73,15.4682320441989,0
"81","LITTLE QUALICUM RIVER",1967,1967-08-20,232,81,0,1.4,1.44428571428528,1.47499999999984,1.85633333333329,-0.0307142857145664,470.9,74,15.4682320441989,0
"82","LITTLE QUALICUM RIVER",1967,1967-08-21,233,82,0,1.4,1.45000000000021,1.45642857142853,1.8123333333333,-0.00642857142832209,472.3,75,15.4682320441989,0
"83","LITTLE QUALICUM RIVER",1967,1967-08-22,234,83,0,1.36,1.45000000000021,1.44142857142859,1.76899999999999,0.00857142857161564,473.66,76,15.4682320441989,0
"84","LITTLE QUALICUM RIVER",1967,1967-08-23,235,84,0,1.27,1.39428571428601,1.42285714285728,1.72433333333332,-0.0285714285712728,474.93,77,15.4682320441989,0
"85","LITTLE QUALICUM RIVER",1967,1967-08-24,236,85,0,1.27,1.36285714285727,1.4042857142857,1.68366666666673,-0.0414285714284364,476.2,78,15.4682320441989,0
"86","LITTLE QUALICUM RIVER",1967,1967-08-25,237,86,0,1.27,1.3385714285718,1.38857142857159,1.64466666666667,-0.0499999999997922,477.47,79,15.4682320441989,0
"87","LITTLE QUALICUM RIVER",1967,1967-08-26,238,87,0,1.27,1.31999999999971,1.37928571428555,1.60566666666661,-0.059285714285839,478.74,80,15.4682320441989,0
"88","LITTLE QUALICUM RIVER",1967,1967-08-27,239,88,0,1.27,1.30142857142865,1.37285714285697,1.57233333333328,-0.0714285714283116,480.01,81,15.4682320441989,0
"89","LITTLE QUALICUM RIVER",1967,1967-08-28,240,89,0,1.27,1.28285714285708,1.36642857142864,1.54300000000003,-0.0835714285715636,481.28,82,15.4682320441989,0
"90","LITTLE QUALICUM RIVER",1967,1967-08-29,241,90,0,1.27,1.26999999999992,1.36000000000006,1.51366666666666,-0.0900000000001455,482.55,83,15.4682320441989,0
"91","LITTLE QUALICUM RIVER",1967,1967-08-30,242,91,0,1.23,1.26428571428551,1.32928571428576,1.4846666666667,-0.0650000000002495,483.78,84,15.4682320441989,0
"92","LITTLE QUALICUM RIVER",1967,1967-08-31,243,92,0,1.19,1.25285714285721,1.30785714285724,1.45633333333341,-0.055000000000031,484.97,85,15.4682320441989,0
"93","LITTLE QUALICUM RIVER",1967,1967-09-01,244,93,0,1.32,1.25999999999996,1.29928571428588,1.43600000000006,-0.0392857142859222,486.29,86,15.4682320441989,0
"94","LITTLE QUALICUM RIVER",1967,1967-09-02,245,94,0,1.49,1.2914285714287,1.3057142857142,1.42333333333336,-0.0142857142855064,487.78,87,15.4682320441989,0
"95","LITTLE QUALICUM RIVER",1967,1967-09-03,246,95,0,1.49,1.32285714285743,1.31214285714304,1.4126666666667,0.0107142857143896,489.27,88,15.4682320441989,0
"96","LITTLE QUALICUM RIVER",1967,1967-09-04,247,96,0,1.49,1.35428571428565,1.31857142857137,1.40566666666661,0.0357142857142858,490.76,89,15.4682320441989,0
"97","LITTLE QUALICUM RIVER",1967,1967-09-05,248,97,0,1.4,1.37285714285723,1.32142857142857,1.397,0.0514285714286546,492.16,90,15.4682320441989,0
"98","LITTLE QUALICUM RIVER",1967,1967-09-06,249,98,0,1.44,1.4028571428571,1.3335714285713,1.38966666666662,0.0692857142857974,493.6,91,15.4682320441989,0
"99","LITTLE QUALICUM RIVER",1967,1967-09-07,250,99,0,1.4,1.43285714285698,1.34285714285709,1.38400000000001,0.0899999999998857,495,92,15.4682320441989,0
"100","LITTLE QUALICUM RIVER",1967,1967-09-08,251,100,0,1.4,1.44428571428528,1.35214285714262,1.37966666666665,0.0921428571426595,496.4,93,15.4682320441989,0
"101","LITTLE QUALICUM RIVER",1967,1967-09-09,252,101,0,1.44,1.43714285714304,1.36428571428587,1.37666666666664,0.072857142857174,497.84,94,15.4682320441989,0
"102","LITTLE QUALICUM RIVER",1967,1967-09-10,253,102,1,1.57,1.44857142857135,1.38571428571439,1.37933333333337,0.0628571428569558,499.41,95,15.4682320441989,0
"103","LITTLE QUALICUM RIVER",1968,1968-05-31,152,1,0,7.65,9.05999999999975,10.8514285714284,10.8290000000001,-1.7914285714287,7.65,10,18.2570718232044,0
"104","LITTLE QUALICUM RIVER",1968,1968-06-01,153,2,0,8.04,8.68000000000029,10.6614285714287,10.6903333333333,-1.98142857142843,15.69,11,18.2570718232044,0
"105","LITTLE QUALICUM RIVER",1968,1968-06-02,154,3,0,9.09,8.56714285714198,10.4464285714286,10.6166666666667,-1.87928571428659,24.78,12,18.2570718232044,0
"106","LITTLE QUALICUM RIVER",1968,1968-06-03,155,4,0,9,8.51428571428551,10.0749999999997,10.5433333333332,-1.56071428571418,33.78,13,18.2570718232044,0
"107","LITTLE QUALICUM RIVER",1968,1968-06-04,156,5,0,8.52,8.44571428571466,9.67642857142866,10.4306666666666,-1.230714285714,42.3,14,18.2570718232044,0
"108","LITTLE QUALICUM RIVER",1968,1968-06-05,157,6,0,8.1,8.35714285714286,9.29071428571426,10.3339999999999,-0.933571428571407,50.4,15,18.2570718232044,0
"109","LITTLE QUALICUM RIVER",1968,1968-06-06,158,7,0,7.76,8.30857142857193,8.95214285714298,10.2493333333334,-0.643571428571056,58.16,16,18.2570718232044,0
"110","LITTLE QUALICUM RIVER",1968,1968-06-07,159,8,0,7.7,8.31571428571416,8.68785714285696,10.1783333333333,-0.372142857142794,65.86,17,18.2570718232044,0
"111","LITTLE QUALICUM RIVER",1968,1968-06-08,160,9,0,7.59,8.25142857142886,8.46571428571458,10.1066666666668,-0.214285714285715,73.45,18,18.2570718232044,0
"112","LITTLE QUALICUM RIVER",1968,1968-06-09,161,10,0,7.5,8.0242857142865,8.29571428571424,10.0166666666667,-0.271428571427739,80.95,19,18.2570718232044,0
"113","LITTLE QUALICUM RIVER",1968,1968-06-10,162,11,0,7.19,7.76571428571437,8.13999999999994,9.87966666666665,-0.37428571428557,88.14,20,18.2570718232044,0
"114","LITTLE QUALICUM RIVER",1968,1968-06-11,163,12,0,7.08,7.55999999999975,8.00285714285721,9.72233333333327,-0.442857142857455,95.22,21,18.2570718232044,0
"115","LITTLE QUALICUM RIVER",1968,1968-06-12,164,13,0,6.63,7.34999999999958,7.85357142857122,9.56666666666667,-0.503571428571637,101.85,22,18.2570718232044,0
"116","LITTLE QUALICUM RIVER",1968,1968-06-13,165,14,0,6.43,7.15999999999933,7.73428571428563,9.42099999999991,-0.574285714286296,108.28,23,18.2570718232044,0
"117","LITTLE QUALICUM RIVER",1968,1968-06-14,166,15,0,6.34,6.96571428571458,7.64071428571437,9.29566666666675,-0.674999999999792,114.62,24,18.2570718232044,0
"118","LITTLE QUALICUM RIVER",1968,1968-06-15,167,16,0,6.09,6.75142857142782,7.50142857142834,9.16933333333315,-0.75000000000052,120.71,25,18.2570718232044,0
"119","LITTLE QUALICUM RIVER",1968,1968-06-16,168,17,0,5.95,6.52999999999988,7.27714285714319,9.03100000000001,-0.747142857143315,126.66,26,18.2570718232044,0
"120","LITTLE QUALICUM RIVER",1968,1968-06-17,169,18,0,5.89,6.34428571428621,7.05500000000029,8.87066666666675,-0.710714285714078,132.55,27,18.2570718232044,0
"121","LITTLE QUALICUM RIVER",1968,1968-06-18,170,19,0,5.89,6.17428571428588,6.86714285714282,8.66366666666678,-0.692857142856935,138.44,28,18.2570718232044,0
"122","LITTLE QUALICUM RIVER",1968,1968-06-19,171,20,0,5.97,6.08000000000071,6.71500000000015,8.38933333333334,-0.634999999999438,144.41,29,18.2570718232044,0
"123","LITTLE QUALICUM RIVER",1968,1968-06-20,172,21,0,5.78,5.98714285714336,6.57357142857135,8.11200000000002,-0.58642857142799,150.19,30,18.2570718232044,0
"124","LITTLE QUALICUM RIVER",1968,1968-06-21,173,22,0,5.58,5.87857142857164,6.42214285714311,7.84800000000008,-0.54357142857147,155.77,31,18.2570718232044,0
"125","LITTLE QUALICUM RIVER",1968,1968-06-22,174,23,0,5.8,5.83714285714294,6.29428571428538,7.6246666666666,-0.457142857142441,161.57,32,18.2570718232044,0
"126","LITTLE QUALICUM RIVER",1968,1968-06-23,175,24,0,5.64,5.79285714285652,6.1614285714282,7.43266666666653,-0.368571428571678,167.21,33,18.2570718232044,0
"127","LITTLE QUALICUM RIVER",1968,1968-06-24,176,25,0,5.44,5.72857142857122,6.03642857142872,7.25733333333337,-0.307857142857496,172.65,34,18.2570718232044,0
"128","LITTLE QUALICUM RIVER",1968,1968-06-25,177,26,0,5.32,5.64714285714269,5.91071428571429,7.10533333333321,-0.263571428571595,177.97,35,18.2570718232044,0
"129","LITTLE QUALICUM RIVER",1968,1968-06-26,178,27,0,6.14,5.67142857142816,5.87571428571443,6.99766666666668,-0.204285714286275,184.11,36,18.2570718232044,0
"130","LITTLE QUALICUM RIVER",1968,1968-06-27,179,28,0,7.08,5.85714285714286,5.92214285714311,6.93366666666673,-0.06500000000025,191.19,37,18.2570718232044,0
"131","LITTLE QUALICUM RIVER",1968,1968-06-28,180,29,0,6.82,6.03428571428542,5.95642857142853,6.87033333333335,0.0778571428568933,198.01,38,18.2570718232044,0
"132","LITTLE QUALICUM RIVER",1968,1968-06-29,181,30,0,6.31,6.10714285714286,5.9721428571429,6.81066666666666,0.134999999999958,204.32,39,18.2570718232044,0
"133","LITTLE QUALICUM RIVER",1968,1968-06-30,182,31,0,5.86,6.13857142857159,5.96571428571406,6.75099999999996,0.172857142857538,210.18,40,18.2570718232044,0
"134","LITTLE QUALICUM RIVER",1968,1968-07-01,183,32,0,5.52,6.15000000000042,5.93928571428582,6.66700000000007,0.210714285714598,215.7,41,18.2570718232044,0
"135","LITTLE QUALICUM RIVER",1968,1968-07-02,184,33,0,5.24,6.13857142857159,5.89285714285714,6.53866666666678,0.245714285714452,220.94,42,18.2570718232044,0
"136","LITTLE QUALICUM RIVER",1968,1968-07-03,185,34,0,5.1,5.99000000000004,5.8307142857141,6.40866666666673,0.159285714285943,226.04,43,18.2570718232044,0
"137","LITTLE QUALICUM RIVER",1968,1968-07-04,186,35,0,4.96,5.68714285714252,5.77214285714269,6.2899999999999,-0.0850000000001661,231,44,18.2570718232044,0
"138","LITTLE QUALICUM RIVER",1968,1968-07-05,187,36,0,4.7,5.38428571428605,5.70928571428573,6.17666666666676,-0.324999999999688,235.7,45,18.2570718232044,0
"139","LITTLE QUALICUM RIVER",1968,1968-07-06,188,37,0,4.42,5.11428571428613,5.61071428571449,6.0653333333333,-0.496428571428363,240.12,46,18.2570718232044,0
"140","LITTLE QUALICUM RIVER",1968,1968-07-07,189,38,0,4.22,4.8800000000005,5.50928571428605,5.94933333333344,-0.629285714285547,244.34,47,18.2570718232044,0
"141","LITTLE QUALICUM RIVER",1968,1968-07-08,190,39,0,4.05,4.66999999999929,5.40999999999985,5.83133333333317,-0.740000000000562,248.39,48,18.2570718232044,0
"142","LITTLE QUALICUM RIVER",1968,1968-07-09,191,40,0,3.91,4.48000000000008,5.30928571428584,5.71166666666662,-0.829285714285756,252.3,49,18.2570718232044,0
"143","LITTLE QUALICUM RIVER",1968,1968-07-10,192,41,0,3.77,4.28999999999983,5.13999999999994,5.59766666666668,-0.850000000000104,256.07,50,18.2570718232044,0
"144","LITTLE QUALICUM RIVER",1968,1968-07-11,193,42,0,3.65,4.10285714285731,4.89499999999992,5.48333333333333,-0.792142857142608,259.72,51,18.2570718232044,0
"145","LITTLE QUALICUM RIVER",1968,1968-07-12,194,43,0,3.77,3.96999999999909,4.67714285714257,5.38799999999998,-0.70714285714348,263.49,52,18.2570718232044,0
"146","LITTLE QUALICUM RIVER",1968,1968-07-13,195,44,0,3.65,3.85999999999954,4.48714285714284,5.29533333333335,-0.627142857143294,267.14,53,18.2570718232044,0
"147","LITTLE QUALICUM RIVER",1968,1968-07-14,196,45,0,3.6,3.77142857142774,4.32571428571412,5.20399999999985,-0.55428571428638,270.74,54,18.2570718232044,0
"148","LITTLE QUALICUM RIVER",1968,1968-07-15,197,46,0,3.57,3.70285714285793,4.18642857142861,5.12000000000019,-0.48357142857068,274.31,55,18.2570718232044,0
"149","LITTLE QUALICUM RIVER",1968,1968-07-16,198,47,0,3.57,3.65428571428596,4.06714285714302,5.04066666666671,-0.41285714285706,277.88,56,18.2570718232044,0
"150","LITTLE QUALICUM RIVER",1968,1968-07-17,199,48,0,3.54,3.62142857142836,3.9557142857141,4.96233333333318,-0.334285714285735,281.42,57,18.2570718232044,0
"151","LITTLE QUALICUM RIVER",1968,1968-07-18,200,49,0,3.48,3.5971428571429,3.8500000000001,4.88199999999997,-0.252857142857205,284.9,58,18.2570718232044,0
"152","LITTLE QUALICUM RIVER",1968,1968-07-19,201,50,0,4.33,3.67714285714361,3.82357142857135,4.82733333333332,-0.14642857142774,289.23,59,18.2570718232044,0
"153","LITTLE QUALICUM RIVER",1968,1968-07-20,202,51,0,4.73,3.83142857142853,3.84571428571404,4.79233333333323,-0.0142857142855064,293.96,60,18.2570718232044,0
"154","LITTLE QUALICUM RIVER",1968,1968-07-21,203,52,0,4.53,3.96428571428571,3.86785714285673,4.75733333333313,0.0964285714289872,298.49,61,18.2570718232044,0
"155","LITTLE QUALICUM RIVER",1968,1968-07-22,204,53,0,4.36,4.07714285714194,3.88999999999994,4.70933333333329,0.187142857142005,302.85,62,18.2570718232044,0
"156","LITTLE QUALICUM RIVER",1968,1968-07-23,205,54,0,4.13,4.15714285714265,3.90571428571431,4.65900000000014,0.251428571428343,306.98,63,18.2570718232044,0
"157","LITTLE QUALICUM RIVER",1968,1968-07-24,206,55,0,3.96,4.21714285714344,3.9192857142859,4.6096666666667,0.297857142857537,310.94,64,18.2570718232044,0
"158","LITTLE QUALICUM RIVER",1968,1968-07-25,207,56,0,3.77,4.2585714285711,3.927857142857,4.55799999999993,0.330714285714099,314.71,65,18.2570718232044,0
"159","LITTLE QUALICUM RIVER",1968,1968-07-26,208,57,0,3.6,4.15428571428596,3.91571428571478,4.47333333333348,0.238571428571179,318.31,66,18.2570718232044,0
"160","LITTLE QUALICUM RIVER",1968,1968-07-27,209,58,0,3.45,3.97142857142899,3.90142857142876,4.35233333333332,0.0700000000002285,321.76,67,18.2570718232044,0
"161","LITTLE QUALICUM RIVER",1968,1968-07-28,210,59,0,3.31,3.79714285714311,3.88071428571441,4.23533333333326,-0.0835714285713038,325.07,68,18.2570718232044,0
"162","LITTLE QUALICUM RIVER",1968,1968-07-29,211,60,0,3.14,3.62285714285723,3.84999999999958,4.12966666666665,-0.227142857142359,328.21,69,18.2570718232044,0
"163","LITTLE QUALICUM RIVER",1968,1968-07-30,212,61,0,3,3.46142857142799,3.80928571428532,4.03433333333329,-0.34785714285733,331.21,70,18.2570718232044,0
"164","LITTLE QUALICUM RIVER",1968,1968-07-31,213,62,0,2.89,3.30857142857089,3.76285714285716,3.94666666666647,-0.454285714286276,334.1,71,18.2570718232044,0
"165","LITTLE QUALICUM RIVER",1968,1968-08-01,214,63,0,2.78,3.16714285714365,3.71285714285737,3.86466666666674,-0.545714285713724,336.88,72,18.2570718232044,0
"166","LITTLE QUALICUM RIVER",1968,1968-08-02,215,64,0,2.68,3.03571428571429,3.59500000000012,3.78400000000014,-0.559285714285839,339.56,73,18.2570718232044,0
"167","LITTLE QUALICUM RIVER",1968,1968-08-03,216,65,0,2.6,2.91428571428592,3.44285714285745,3.70533333333345,-0.528571428571533,342.16,74,18.2570718232044,0
"168","LITTLE QUALICUM RIVER",1968,1968-08-04,217,66,0,2.53,2.80285714285752,3.30000000000031,3.63299999999993,-0.497142857142795,344.69,75,18.2570718232044,0
"169","LITTLE QUALICUM RIVER",1968,1968-08-05,218,67,0,2.35,2.69000000000025,3.15642857142874,3.56399999999994,-0.466428571428488,347.04,76,18.2570718232044,0
"170","LITTLE QUALICUM RIVER",1968,1968-08-06,219,68,0,2.18,2.57285714285743,3.01714285714271,3.49599999999991,-0.444285714285278,349.22,77,18.2570718232044,0
"171","LITTLE QUALICUM RIVER",1968,1968-08-07,220,69,0,2.1,2.46000000000017,2.88428571428553,3.43100000000001,-0.424285714285361,351.32,78,18.2570718232044,0
"172","LITTLE QUALICUM RIVER",1968,1968-08-08,221,70,0,2.07,2.35857142857068,2.76285714285716,3.36966666666655,-0.404285714286484,353.39,79,18.2570718232044,0
"173","LITTLE QUALICUM RIVER",1968,1968-08-09,222,71,0,2.02,2.26428571428551,2.6499999999999,3.31133333333346,-0.38571428571439,355.41,80,18.2570718232044,0
"174","LITTLE QUALICUM RIVER",1968,1968-08-10,223,72,0,1.98,2.1757142857137,2.54499999999981,3.25566666666661,-0.369285714286109,357.39,81,18.2570718232044,0
"175","LITTLE QUALICUM RIVER",1968,1968-08-11,224,73,0,1.88,2.08285714285739,2.44285714285745,3.19266666666687,-0.360000000000062,359.27,82,18.2570718232044,0
"176","LITTLE QUALICUM RIVER",1968,1968-08-12,225,74,0,1.81,2.00571428571441,2.34785714285733,3.13133333333341,-0.342142857142919,361.08,83,18.2570718232044,0
"177","LITTLE QUALICUM RIVER",1968,1968-08-13,226,75,0,1.81,1.95285714285689,2.26285714285716,3.07166666666672,-0.31000000000027,362.89,84,18.2570718232044,0
"178","LITTLE QUALICUM RIVER",1968,1968-08-14,227,76,0,1.83,1.91428571428592,2.18714285714304,3.01366666666654,-0.272857142857122,364.72,85,18.2570718232044,0
"179","LITTLE QUALICUM RIVER",1968,1968-08-15,228,77,0,1.83,1.8800000000005,2.11928571428559,2.95566666666661,-0.239285714285091,366.55,86,18.2570718232044,0
"180","LITTLE QUALICUM RIVER",1968,1968-08-16,229,78,0,1.76,1.84285714285735,2.05357142857143,2.89633333333356,-0.210714285714078,368.31,87,18.2570718232044,0
"181","LITTLE QUALICUM RIVER",1968,1968-08-17,230,79,0,1.78,1.81428571428634,1.99500000000002,2.83966666666674,-0.180714285713683,370.09,88,18.2570718232044,0
"182","LITTLE QUALICUM RIVER",1968,1968-08-18,231,80,0,1.81,1.80428571428534,1.94357142857137,2.75566666666661,-0.139285714286026,371.9,89,18.2570718232044,0
"183","LITTLE QUALICUM RIVER",1968,1968-08-19,232,81,0,1.88,1.8142857142853,1.90999999999985,2.66066666666666,-0.0957142857145559,373.78,90,18.2570718232044,0
"184","LITTLE QUALICUM RIVER",1968,1968-08-20,233,82,0,1.98,1.8385714285718,1.89571428571435,2.5756666666668,-0.0571428571425454,375.76,91,18.2570718232044,0
"185","LITTLE QUALICUM RIVER",1968,1968-08-21,234,83,0,2.07,1.87285714285723,1.89357142857157,2.49933333333344,-0.0207142857143481,377.83,92,18.2570718232044,0
"186","LITTLE QUALICUM RIVER",1968,1968-08-22,235,84,0,2.15,1.91857142857147,1.89928571428598,2.43333333333333,0.0192857142854856,379.98,93,18.2570718232044,0
"187","LITTLE QUALICUM RIVER",1968,1968-08-23,236,85,0,2.21,1.98285714285677,1.91285714285706,2.375,0.069999999999709,382.19,94,18.2570718232044,0
"188","LITTLE QUALICUM RIVER",1968,1968-08-24,237,86,0,2.52,2.08857142857076,1.95142857142855,2.33333333333333,0.137142857142213,384.71,95,18.2570718232044,0
"189","LITTLE QUALICUM RIVER",1968,1968-08-25,238,87,0,2.72,2.21857142857126,2.0114285714283,2.30399999999984,0.207142857142961,387.43,96,18.2570718232044,0
"190","LITTLE QUALICUM RIVER",1968,1968-08-26,239,88,0,3.17,2.4028571428571,2.1085714285712,2.29466666666655,0.294285714285901,390.6,97,18.2570718232044,0
"191","LITTLE QUALICUM RIVER",1968,1968-08-27,240,89,0,3.51,2.62142857142836,2.23000000000008,2.30133333333336,0.391428571428281,394.11,98,18.2570718232044,0
"192","LITTLE QUALICUM RIVER",1968,1968-08-28,241,90,0,3.34,2.80285714285752,2.33785714285737,2.30800000000017,0.465000000000146,397.45,99,18.2570718232044,0
"193","LITTLE QUALICUM RIVER",1968,1968-08-29,242,91,0,3.2,2.95285714285689,2.43571428571418,2.31466666666674,0.517142857142712,400.65,100,18.2570718232044,0
"194","LITTLE QUALICUM RIVER",1968,1968-08-30,243,92,0,3.03,3.06999999999971,2.52642857142824,2.31933333333339,0.54357142857147,403.68,101,18.2570718232044,0
"195","LITTLE QUALICUM RIVER",1968,1968-08-31,244,93,0,2.94,3.1300000000005,2.60928571428563,2.3246666666666,0.520714285714868,406.62,102,18.2570718232044,0
"196","LITTLE QUALICUM RIVER",1968,1968-09-01,245,94,0,2.94,3.16142857142924,2.69000000000025,2.33333333333333,0.471428571428987,409.56,103,18.2570718232044,0
"197","LITTLE QUALICUM RIVER",1968,1968-09-02,246,95,0,2.92,3.12571428571495,2.76428571428603,2.34399999999999,0.361428571428925,412.48,104,18.2570718232044,0
"198","LITTLE QUALICUM RIVER",1968,1968-09-03,247,96,0,2.92,3.0414285714287,2.83142857142853,2.35699999999997,0.210000000000166,415.4,105,18.2570718232044,0
"199","LITTLE QUALICUM RIVER",1968,1968-09-04,248,97,0,2.72,2.95285714285689,2.87785714285721,2.36933333333339,0.074999999999688,418.12,106,18.2570718232044,0
"200","LITTLE QUALICUM RIVER",1968,1968-09-05,249,98,1,2.52,2.85571428571399,2.90428571428544,2.38066666666661,-0.0485714285714494,420.64,107,18.2570718232044,0
"201","LITTLE QUALICUM RIVER",1969,1969-06-01,152,1,0,23,26.471428571429,25.8428571428574,23.2366666666669,0.628571428571636,23,0,14.4319337016575,0
"202","LITTLE QUALICUM RIVER",1969,1969-06-02,153,2,0,22.6,26.2142857142857,25.957142857143,23.5600000000001,0.257142857142753,45.6,0,14.4319337016575,0
"203","LITTLE QUALICUM RIVER",1969,1969-06-03,154,3,0,22.7,25.8142857142853,25.9928571428572,23.9099999999999,-0.178571428571949,68.3,0,14.4319337016575,0
"204","LITTLE QUALICUM RIVER",1969,1969-06-04,155,4,0,23,25.3714285714284,25.9499999999997,24.2899999999999,-0.578571428571323,91.3,0,14.4319337016575,0
"205","LITTLE QUALICUM RIVER",1969,1969-06-05,156,5,0,22.6,24.1142857142851,25.7285714285712,24.6333333333333,-1.61428571428613,113.9,0,14.4319337016575,0
"206","LITTLE QUALICUM RIVER",1969,1969-06-06,157,6,0,21.8,22.9857142857145,25.2999999999998,24.88,-2.3142857142853,135.7,0,14.4319337016575,0
"207","LITTLE QUALICUM RIVER",1969,1969-06-07,158,7,0,20.4,22.2999999999998,24.6571428571432,24.9066666666668,-2.35714285714338,156.1,0,14.4319337016575,0
"208","LITTLE QUALICUM RIVER",1969,1969-06-08,159,8,0,18.9,21.7142857142857,24.0928571428574,24.6666666666667,-2.37857142857164,175,0,14.4319337016575,0
"209","LITTLE QUALICUM RIVER",1969,1969-06-09,160,9,0,18.4,21.1142857142851,23.6642857142854,24.3166666666667,-2.55000000000031,193.4,0,14.4319337016575,0
"210","LITTLE QUALICUM RIVER",1969,1969-06-10,161,10,0,18.4,20.5,23.1571428571426,23.9766666666665,-2.65714285714265,211.8,0,14.4319337016575,0
"211","LITTLE QUALICUM RIVER",1969,1969-06-11,162,11,0,18.2,19.8142857142863,22.5928571428574,23.6600000000001,-2.77857142857101,230,0,14.4319337016575,0
"212","LITTLE QUALICUM RIVER",1969,1969-06-12,163,12,0,17.5,19.0857142857151,21.6000000000001,23.33,-2.51428571428499,247.5,0,14.4319337016575,0
"213","LITTLE QUALICUM RIVER",1969,1969-06-13,164,13,0,16.5,18.3285714285718,20.6571428571432,22.9733333333335,-2.32857142857132,264,0,14.4319337016575,0
"214","LITTLE QUALICUM RIVER",1969,1969-06-14,165,14,0,15.2,17.5857142857141,19.9428571428569,22.6633333333334,-2.35714285714285,279.2,0,14.4319337016575,0
"215","LITTLE QUALICUM RIVER",1969,1969-06-15,166,15,0,14.1,16.8999999999994,19.3071428571425,22.4033333333333,-2.40714285714317,293.3,0,14.4319337016575,0
"216","LITTLE QUALICUM RIVER",1969,1969-06-16,167,16,0,13.3,16.1714285714292,18.6428571428571,22.1733333333335,-2.47142857142795,306.6,1,14.4319337016575,0
"217","LITTLE QUALICUM RIVER",1969,1969-06-17,168,17,0,12.7,15.3571428571429,17.9285714285714,21.9366666666666,-2.57142857142857,319.3,2,14.4319337016575,0
"218","LITTLE QUALICUM RIVER",1969,1969-06-18,169,18,0,12.4,14.528571428571,17.1714285714287,21.65,-2.64285714285766,331.7,3,14.4319337016575,0
"219","LITTLE QUALICUM RIVER",1969,1969-06-19,170,19,0,11.8,13.7142857142857,16.4000000000004,21.3033333333335,-2.6857142857147,343.5,4,14.4319337016575,0
"220","LITTLE QUALICUM RIVER",1969,1969-06-20,171,20,0,10.9,12.9142857142849,15.6214285714284,20.8799999999998,-2.70714285714348,354.4,5,14.4319337016575,0
"221","LITTLE QUALICUM RIVER",1969,1969-06-21,172,21,0,9.94,12.1628571428571,14.8742857142856,20.3546666666666,-2.71142857142851,364.34,6,14.4319337016575,0
"222","LITTLE QUALICUM RIVER",1969,1969-06-22,173,22,0,9.15,11.4557142857146,14.177857142857,19.7329999999999,-2.72214285714238,373.49,7,14.4319337016575,0
"223","LITTLE QUALICUM RIVER",1969,1969-06-23,174,23,0,9.4,10.8985714285716,13.5350000000004,19.0663333333335,-2.63642857142882,382.89,8,14.4319337016575,0
"224","LITTLE QUALICUM RIVER",1969,1969-06-24,175,24,0,9.97,10.5085714285721,12.9328571428575,18.5053333333334,-2.42428571428536,392.86,9,14.4319337016575,0
"225","LITTLE QUALICUM RIVER",1969,1969-06-25,176,25,0,9.12,10.0399999999998,12.2842857142854,17.9959999999999,-2.24428571428559,401.98,10,14.4319337016575,0
"226","LITTLE QUALICUM RIVER",1969,1969-06-26,177,26,0,8.55,9.57571428571412,11.6449999999999,17.431,-2.0692857142858,410.53,11,14.4319337016575,0
"227","LITTLE QUALICUM RIVER",1969,1969-06-27,178,27,0,8.18,9.18714285714356,11.0507142857142,16.8336666666667,-1.86357142857066,418.71,12,14.4319337016575,0
"228","LITTLE QUALICUM RIVER",1969,1969-06-28,179,28,0,7.96,8.90428571428596,10.5335714285715,16.0523333333333,-1.62928571428555,426.67,13,14.4319337016575,0
"229","LITTLE QUALICUM RIVER",1969,1969-06-29,180,29,0,7.59,8.68142857142811,10.0685714285714,15.3153333333333,-1.38714285714325,434.26,14,14.4319337016575,0
"230","LITTLE QUALICUM RIVER",1969,1969-06-30,181,30,0,7.11,8.35428571428513,9.62642857142834,14.7123333333332,-1.27214285714321,441.37,15,14.4319337016575,0
"231","LITTLE QUALICUM RIVER",1969,1969-07-01,182,31,0,6.63,7.87714285714277,9.19285714285745,14.1666666666667,-1.31571428571468,448,16,14.4319337016575,0
"232","LITTLE QUALICUM RIVER",1969,1969-07-02,183,32,0,7.05,7.58142857142853,8.81071428571418,13.6483333333332,-1.22928571428565,455.05,17,14.4319337016575,0
"233","LITTLE QUALICUM RIVER",1969,1969-07-03,184,33,0,6.63,7.30714285714306,8.44142857142859,13.1126666666668,-1.13428571428553,461.68,18,14.4319337016575,0
"234","LITTLE QUALICUM RIVER",1969,1969-07-04,185,34,0,6.2,7.02428571428546,8.10571428571451,12.5526666666667,-1.08142857142905,467.88,19,14.4319337016575,0
"235","LITTLE QUALICUM RIVER",1969,1969-07-05,186,35,0,5.86,6.72428571428567,7.81428571428582,11.9946666666668,-1.09000000000015,473.74,20,14.4319337016575,0
"236","LITTLE QUALICUM RIVER",1969,1969-07-06,187,36,0,5.64,6.44571428571466,7.56357142857139,11.456,-1.11785714285673,479.38,21,14.4319337016575,0
"237","LITTLE QUALICUM RIVER",1969,1969-07-07,188,37,0,5.41,6.20285714285689,7.27857142857101,10.9563333333332,-1.07571428571412,484.79,22,14.4319337016575,0
"238","LITTLE QUALICUM RIVER",1969,1969-07-08,189,38,0,5.18,5.99571428571341,6.93642857142809,10.4989999999998,-0.940714285714681,489.97,23,14.4319337016575,0
"239","LITTLE QUALICUM RIVER",1969,1969-07-09,190,39,0,4.96,5.69714285714352,6.63928571428603,10.0510000000002,-0.942142857142503,494.93,24,14.4319337016575,0
"240","LITTLE QUALICUM RIVER",1969,1969-07-10,191,40,0,5.01,5.46571428571354,6.3864285714283,9.60466666666665,-0.920714285714764,499.94,25,14.4319337016575,0
"241","LITTLE QUALICUM RIVER",1969,1969-07-11,192,41,0,5.13,5.31285714285748,6.16857142857147,9.16899999999999,-0.855714285713995,505.07,26,14.4319337016575,0
"242","LITTLE QUALICUM RIVER",1969,1969-07-12,193,42,0,4.98,5.18714285714252,5.9557142857141,8.75166666666652,-0.768571428571574,510.05,27,14.4319337016575,0
"243","LITTLE QUALICUM RIVER",1969,1969-07-13,194,43,0,4.64,5.04428571428538,5.74500000000002,8.35633333333317,-0.700714285714639,514.69,28,14.4319337016575,0
"244","LITTLE QUALICUM RIVER",1969,1969-07-14,195,44,0,4.36,4.89428571428601,5.54857142857145,7.99499999999995,-0.654285714285444,519.05,29,14.4319337016575,0
"245","LITTLE QUALICUM RIVER",1969,1969-07-15,196,45,0,4.08,4.73714285714336,5.36642857142838,7.66100000000006,-0.629285714285029,523.13,30,14.4319337016575,0
"246","LITTLE QUALICUM RIVER",1969,1969-07-16,197,46,0,3.91,4.5871428571419,5.14214285714271,7.34799999999983,-0.555000000000811,527.04,31,14.4319337016575,0
"247","LITTLE QUALICUM RIVER",1969,1969-07-17,198,47,0,3.82,4.41714285714365,4.94142857142859,7.05200000000016,-0.524285714284946,530.86,32,14.4319337016575,0
"248","LITTLE QUALICUM RIVER",1969,1969-07-18,199,48,0,3.62,4.20142857142803,4.75714285714275,6.75933333333329,-0.555714285714722,534.48,33,14.4319337016575,0
"249","LITTLE QUALICUM RIVER",1969,1969-07-19,200,49,0,3.51,3.9914285714289,4.58928571428571,6.48299999999993,-0.59785714285681,537.99,34,14.4319337016575,0
"250","LITTLE QUALICUM RIVER",1969,1969-07-20,201,50,0,3.43,3.81857142857189,4.43142857142863,6.23400000000014,-0.612857142856748,541.42,35,14.4319337016575,0
"251","LITTLE QUALICUM RIVER",1969,1969-07-21,202,51,0,3.31,3.66857142857147,4.28142857142874,6.01299999999998,-0.612857142857268,544.73,36,14.4319337016575,0
"252","LITTLE QUALICUM RIVER",1969,1969-07-22,203,52,0,3.14,3.53428571428542,4.13571428571439,5.81266666666658,-0.601428571428967,547.87,37,14.4319337016575,0
"253","LITTLE QUALICUM RIVER",1969,1969-07-23,204,53,0,3.06,3.4128571428581,4,5.60133333333336,-0.587142857141901,550.93,38,14.4319337016575,0
"254","LITTLE QUALICUM RIVER",1969,1969-07-24,205,54,0,3,3.29571428571424,3.85642857142895,5.36899999999999,-0.560714285714702,553.93,39,14.4319337016575,0
"255","LITTLE QUALICUM RIVER",1969,1969-07-25,206,55,0,2.89,3.19142857142911,3.69642857142857,5.16133333333346,-0.50499999999946,556.82,40,14.4319337016575,0
"256","LITTLE QUALICUM RIVER",1969,1969-07-26,207,56,0,2.75,3.08285714285739,3.53714285714315,4.96800000000003,-0.454285714285756,559.57,41,14.4319337016575,0
"257","LITTLE QUALICUM RIVER",1969,1969-07-27,208,57,0,2.68,2.97571428571454,3.39714285714321,4.7846666666667,-0.421428571428676,562.25,42,14.4319337016575,0
"258","LITTLE QUALICUM RIVER",1969,1969-07-28,209,58,0,2.64,2.8800000000005,3.27428571428598,4.60733333333337,-0.394285714285485,564.89,43,14.4319337016575,0
"259","LITTLE QUALICUM RIVER",1969,1969-07-29,210,59,0,2.47,2.78428571428646,3.15928571428594,4.43666666666686,-0.37499999999948,567.36,44,14.4319337016575,0
"260","LITTLE QUALICUM RIVER",1969,1969-07-30,211,60,0,2.4,2.68999999999921,3.05142857142865,4.27966666666665,-0.361428571429445,569.76,45,14.4319337016575,0
"261","LITTLE QUALICUM RIVER",1969,1969-07-31,212,61,0,2.42,2.60714285714286,2.95142857142855,4.13933333333334,-0.344285714285693,572.18,46,14.4319337016575,0
"262","LITTLE QUALICUM RIVER",1969,1969-08-01,213,62,0,2.36,2.5314285714277,2.86142857142841,3.98299999999993,-0.330000000000707,574.54,47,14.4319337016575,0
"263","LITTLE QUALICUM RIVER",1969,1969-08-02,214,63,0,2.26,2.46142857142799,2.77214285714269,3.83733333333318,-0.310714285714701,576.8,48,14.4319337016575,0
"264","LITTLE QUALICUM RIVER",1969,1969-08-03,215,64,0,2.2,2.39285714285714,2.68428571428584,3.70400000000009,-0.291428571428696,579,49,14.4319337016575,0
"265","LITTLE QUALICUM RIVER",1969,1969-08-04,216,65,0,2.21,2.33142857142853,2.60571428571451,3.58233333333337,-0.274285714285985,581.21,50,14.4319337016575,0
"266","LITTLE QUALICUM RIVER",1969,1969-08-05,217,66,0,2.14,2.28428571428542,2.53428571428594,3.46566666666671,-0.25000000000052,583.35,51,14.4319337016575,0
"267","LITTLE QUALICUM RIVER",1969,1969-08-06,218,67,0,2.08,2.23857142857222,2.46428571428571,3.35466666666689,-0.225714285713496,585.43,52,14.4319337016575,0
"268","LITTLE QUALICUM RIVER",1969,1969-08-07,219,68,0,2.05,2.18571428571366,2.39642857142826,3.2503333333334,-0.210714285714598,587.48,53,14.4319337016575,0
"269","LITTLE QUALICUM RIVER",1969,1969-08-08,220,69,0,2.05,2.14142857142932,2.33642857142851,3.15333333333328,-0.194999999999189,589.53,54,14.4319337016575,0
"270","LITTLE QUALICUM RIVER",1969,1969-08-09,221,70,0,2,2.10428571428617,2.28285714285708,3.05300000000013,-0.178571428570909,591.53,55,14.4319337016575,0
"271","LITTLE QUALICUM RIVER",1969,1969-08-10,222,71,0,1.98,2.07285714285639,2.23285714285677,2.94799999999984,-0.160000000000374,593.51,56,14.4319337016575,0
"272","LITTLE QUALICUM RIVER",1969,1969-08-11,223,72,0,1.93,2.03285714285656,2.18214285714255,2.84633333333331,-0.149285714285984,595.44,57,14.4319337016575,0
"273","LITTLE QUALICUM RIVER",1969,1969-08-12,224,73,0,2.02,2.01571428571437,2.1499999999999,2.75900000000014,-0.134285714285527,597.46,58,14.4319337016575,0
"274","LITTLE QUALICUM RIVER",1969,1969-08-13,225,74,0,1.94,1.99571428571341,2.11714285714282,2.67833333333328,-0.121428571429403,599.4,59,14.4319337016575,0
"275","LITTLE QUALICUM RIVER",1969,1969-08-14,226,75,0,1.94,1.98000000000008,2.08285714285687,2.60699999999997,-0.102857142856789,601.34,60,14.4319337016575,0
"276","LITTLE QUALICUM RIVER",1969,1969-08-15,227,76,0,1.88,1.95571428571358,2.04857142857145,2.53933333333334,-0.0928571428578704,603.22,61,14.4319337016575,0
"277","LITTLE QUALICUM RIVER",1969,1969-08-16,228,77,0,1.83,1.93142857142811,2.01785714285714,2.47299999999984,-0.0864285714290287,605.05,62,14.4319337016575,0
"278","LITTLE QUALICUM RIVER",1969,1969-08-17,229,78,0,1.8,1.90571428571483,1.98928571428561,2.41233333333342,-0.0835714285707843,606.85,63,14.4319337016575,0
"279","LITTLE QUALICUM RIVER",1969,1969-08-18,230,79,0,1.8,1.88714285714273,1.95999999999965,2.35533333333321,-0.0728571428569142,608.65,64,14.4319337016575,0
"280","LITTLE QUALICUM RIVER",1969,1969-08-19,231,80,0,1.82,1.85857142857068,1.93714285714252,2.30166666666652,-0.0785714285718442,610.47,65,14.4319337016575,0
"281","LITTLE QUALICUM RIVER",1969,1969-08-20,232,81,0,1.87,1.84857142857176,1.92214285714259,2.25366666666669,-0.0735714285708258,612.34,66,14.4319337016575,0
"282","LITTLE QUALICUM RIVER",1969,1969-08-21,233,82,0,1.86,1.83714285714294,1.90857142857151,2.21100000000006,-0.0714285714285714,614.2,67,14.4319337016575,0
"283","LITTLE QUALICUM RIVER",1969,1969-08-22,234,83,0,1.78,1.82285714285743,1.88928571428551,2.16833333333319,-0.0664285714280726,615.98,68,14.4319337016575,0
"284","LITTLE QUALICUM RIVER",1969,1969-08-23,235,84,0,1.74,1.80999999999975,1.87071428571393,2.12633333333312,-0.0607142857141818,617.72,69,14.4319337016575,0
"285","LITTLE QUALICUM RIVER",1969,1969-08-24,236,85,0,1.75,1.80285714285648,1.85428571428565,2.08833333333314,-0.0514285714291742,619.47,70,14.4319337016575,0
"286","LITTLE QUALICUM RIVER",1969,1969-08-25,237,86,0,1.99,1.83000000000071,1.85857142857172,2.06299999999998,-0.0285714285710128,621.46,71,14.4319337016575,0
"287","LITTLE QUALICUM RIVER",1969,1969-08-26,238,87,0,1.98,1.85285714285731,1.85571428571399,2.0396666666665,-0.0028571428566857,623.44,72,14.4319337016575,0
"288","LITTLE QUALICUM RIVER",1969,1969-08-27,239,88,0,2.37,1.92428571428588,1.88642857142882,2.03066666666661,0.0378571428570598,625.81,73,14.4319337016575,0
"289","LITTLE QUALICUM RIVER",1969,1969-08-28,240,89,0,2.92,2.07571428571412,1.95642857142853,2.04566666666651,0.11928571428559,628.73,74,14.4319337016575,0
"290","LITTLE QUALICUM RIVER",1969,1969-08-29,241,90,0,2.86,2.23000000000008,2.02642857142876,2.06100000000006,0.203571428571324,631.59,75,14.4319337016575,0
"291","LITTLE QUALICUM RIVER",1969,1969-08-30,242,91,0,2.76,2.37571428571495,2.09285714285735,2.07233333333328,0.2828571428576,634.35,76,14.4319337016575,0
"292","LITTLE QUALICUM RIVER",1969,1969-08-31,243,92,0,2.57,2.49285714285777,2.14785714285712,2.07933333333349,0.345000000000644,636.92,77,14.4319337016575,0
"293","LITTLE QUALICUM RIVER",1969,1969-09-01,244,93,0,2.43,2.5557142857142,2.19285714285745,2.0850000000001,0.362857142856748,639.35,78,14.4319337016575,0
"294","LITTLE QUALICUM RIVER",1969,1969-09-02,245,94,0,2.64,2.65000000000042,2.25142857142886,2.0996666666666,0.398571428571553,641.99,79,14.4319337016575,0
"295","LITTLE QUALICUM RIVER",1969,1969-09-03,246,95,0,2.42,2.65714285714265,2.29071428571427,2.10666666666657,0.366428571428384,644.41,80,14.4319337016575,0
"296","LITTLE QUALICUM RIVER",1969,1969-09-04,247,96,0,2.21,2.5557142857142,2.31571428571416,2.10899999999989,0.240000000000042,646.62,81,14.4319337016575,0
"297","LITTLE QUALICUM RIVER",1969,1969-09-05,248,97,0,2.09,2.44571428571466,2.33785714285737,2.10933333333329,0.107857142857289,648.71,82,14.4319337016575,0
"298","LITTLE QUALICUM RIVER",1969,1969-09-06,249,98,0,2.01,2.33857142857076,2.35714285714286,2.10799999999993,-0.0185714285720939,650.72,83,14.4319337016575,0
"299","LITTLE QUALICUM RIVER",1969,1969-09-07,250,99,0,1.94,2.24857142857114,2.37071428571445,2.10433333333325,-0.122142857143315,652.66,84,14.4319337016575,0
"300","LITTLE QUALICUM RIVER",1969,1969-09-08,251,100,0,1.89,2.17142857142816,2.36357142857118,2.10066666666656,-0.192142857143024,654.55,85,14.4319337016575,0
"301","LITTLE QUALICUM RIVER",1969,1969-09-09,252,101,0,1.86,2.05999999999975,2.35500000000008,2.09666666666672,-0.295000000000333,656.41,86,14.4319337016575,0
"302","LITTLE QUALICUM RIVER",1969,1969-09-10,253,102,0,1.81,1.97285714285681,2.31499999999973,2.09266666666663,-0.34214285714292,658.22,87,14.4319337016575,0
"303","LITTLE QUALICUM RIVER",1969,1969-09-11,254,103,0,1.75,1.90714285714265,2.23142857142843,2.08366666666649,-0.324285714285777,659.97,88,14.4319337016575,0
"304","LITTLE QUALICUM RIVER",1969,1969-09-12,255,104,0,1.75,1.85857142857068,2.15214285714267,2.07733333333332,-0.29357142857199,661.72,89,14.4319337016575,0
"305","LITTLE QUALICUM RIVER",1969,1969-09-13,256,105,0,1.76,1.82285714285743,2.0807142857141,2.07133333333331,-0.257857142856665,663.48,90,14.4319337016575,0
"306","LITTLE QUALICUM RIVER",1969,1969-09-14,257,106,0,1.78,1.79999999999979,2.02428571428546,2.06800000000003,-0.224285714285673,665.26,91,14.4319337016575,0
"307","LITTLE QUALICUM RIVER",1969,1969-09-15,258,107,1,1.72,1.77571428571433,1.97357142857124,2.06433333333334,-0.197857142856914,666.98,92,14.4319337016575,0
"308","LITTLE QUALICUM RIVER",1971,1971-06-01,152,1,0,14.7,16.2857142857143,15.4428571428569,17.7333333333333,0.842857142857349,14.7,0,15.8407182320442,0
"309","LITTLE QUALICUM RIVER",1971,1971-06-02,153,2,0,14.6,15.9714285714279,15.485714285714,17.5133333333334,0.485714285713975,29.3,0,15.8407182320442,0
"310","LITTLE QUALICUM RIVER",1971,1971-06-03,154,3,0,14.8,15.6571428571426,15.5857142857146,17.2366666666666,0.0714285714280507,44.1,0,15.8407182320442,0
"311","LITTLE QUALICUM RIVER",1971,1971-06-04,155,4,0,14.5,15.2857142857143,15.7000000000002,16.9633333333334,-0.414285714285921,58.6,0,15.8407182320442,0
"312","LITTLE QUALICUM RIVER",1971,1971-06-05,156,5,0,14,14.8428571428574,15.75,16.7400000000001,-0.907142857142649,72.6,0,15.8407182320442,0
"313","LITTLE QUALICUM RIVER",1971,1971-06-06,157,6,0,13.6,14.4571428571424,15.6571428571426,16.5399999999999,-1.20000000000021,86.2,1,15.8407182320442,0
"314","LITTLE QUALICUM RIVER",1971,1971-06-07,158,7,0,13.8,14.2857142857143,15.4500000000002,16.3166666666667,-1.16428571428592,100,2,15.8407182320442,0
"315","LITTLE QUALICUM RIVER",1971,1971-06-08,159,8,0,13.3,14.0857142857141,15.1857142857142,16.0966666666667,-1.1000000000001,113.3,3,15.8407182320442,0
"316","LITTLE QUALICUM RIVER",1971,1971-06-09,160,9,0,12.4,13.7714285714288,14.8714285714284,15.8766666666668,-1.09999999999958,125.7,4,15.8407182320442,0
"317","LITTLE QUALICUM RIVER",1971,1971-06-10,161,10,0,11.9,13.3571428571429,14.5071428571428,15.6166666666667,-1.1499999999999,137.6,5,15.8407182320442,0
"318","LITTLE QUALICUM RIVER",1971,1971-06-11,162,11,0,12,13,14.1428571428571,15.2833333333333,-1.14285714285714,149.6,6,15.8407182320442,0
"319","LITTLE QUALICUM RIVER",1971,1971-06-12,163,12,0,11.2,12.5999999999996,13.7214285714285,14.9399999999999,-1.12142857142888,160.8,7,15.8407182320442,0
"320","LITTLE QUALICUM RIVER",1971,1971-06-13,164,13,0,10.9,12.2142857142857,13.3357142857141,14.6433333333334,-1.12142857142836,171.7,8,15.8407182320442,0
"321","LITTLE QUALICUM RIVER",1971,1971-06-14,165,14,0,10.2,11.6999999999992,12.9928571428567,14.3833333333333,-1.29285714285756,181.9,9,15.8407182320442,0
"322","LITTLE QUALICUM RIVER",1971,1971-06-15,166,15,0,9.94,11.2200000000001,12.6528571428571,14.1446666666666,-1.43285714285698,191.84,10,15.8407182320442,0
"323","LITTLE QUALICUM RIVER",1971,1971-06-16,167,16,0,9.68,10.8314285714285,12.3014285714287,13.9273333333333,-1.47000000000012,201.52,11,15.8407182320442,0
"324","LITTLE QUALICUM RIVER",1971,1971-06-17,168,17,0,9.2,10.4457142857136,11.9014285714282,13.7406666666665,-1.45571428571462,210.72,12,15.8407182320442,0
"325","LITTLE QUALICUM RIVER",1971,1971-06-18,169,18,0,9.29,10.0585714285709,11.5292857142854,13.5836666666665,-1.47071428571456,220.01,13,15.8407182320442,0
"326","LITTLE QUALICUM RIVER",1971,1971-06-19,170,19,0,9.85,9.86571428571395,11.2328571428568,13.4653333333333,-1.36714285714282,229.86,14,15.8407182320442,0
"327","LITTLE QUALICUM RIVER",1971,1971-06-20,171,20,0,10.3,9.77999999999988,10.9971428571428,13.3786666666667,-1.21714285714292,240.16,15,15.8407182320442,0
"328","LITTLE QUALICUM RIVER",1971,1971-06-21,172,21,0,11,9.894285714286,10.7971428571426,13.3019999999999,-0.902857142856583,251.16,16,15.8407182320442,0
"329","LITTLE QUALICUM RIVER",1971,1971-06-22,173,22,0,12,10.1885714285714,10.7042857142858,13.2053333333332,-0.515714285714369,263.16,17,15.8407182320442,0
"330","LITTLE QUALICUM RIVER",1971,1971-06-23,174,23,0,12.4,10.577142857143,10.7042857142858,13.062,-0.127142857142774,275.56,18,15.8407182320442,0
"331","LITTLE QUALICUM RIVER",1971,1971-06-24,175,24,0,12.6,11.0628571428575,10.7542857142855,12.9153333333333,0.308571428571929,288.16,19,15.8407182320442,0
"332","LITTLE QUALICUM RIVER",1971,1971-06-25,176,25,0,14.8,11.8500000000006,10.9542857142858,12.8486666666666,0.895714285714867,302.96,0,15.8407182320442,0
"333","LITTLE QUALICUM RIVER",1971,1971-06-26,177,26,0,15.4,12.6428571428571,11.2542857142855,12.7953333333331,1.38857142857159,318.36,0,15.8407182320442,0
"334","LITTLE QUALICUM RIVER",1971,1971-06-27,178,27,0,14.6,13.2571428571433,11.5185714285716,12.712,1.7385714285717,332.96,0,15.8407182320442,0
"335","LITTLE QUALICUM RIVER",1971,1971-06-28,179,28,0,13.3,13.5857142857141,11.74,12.5853333333333,1.84571428571404,346.26,1,15.8407182320442,0
"336","LITTLE QUALICUM RIVER",1971,1971-06-29,180,29,0,12.1,13.5999999999996,11.8942857142855,12.4453333333331,1.7057142857141,358.36,2,15.8407182320442,0
"337","LITTLE QUALICUM RIVER",1971,1971-06-30,181,30,0,11.1,13.4142857142859,11.9957142857145,12.3153333333333,1.41857142857147,369.46,3,15.8407182320442,0
"338","LITTLE QUALICUM RIVER",1971,1971-07-01,182,31,0,10.2,13.0714285714286,12.067142857143,12.1653333333333,1.00428571428555,379.66,4,15.8407182320442,0
"339","LITTLE QUALICUM RIVER",1971,1971-07-02,183,32,0,9.46,12.3085714285709,12.0792857142858,11.994,0.229285714285131,389.12,5,15.8407182320442,0
"340","LITTLE QUALICUM RIVER",1971,1971-07-03,184,33,0,9,11.394285714286,12.0185714285716,11.8006666666666,-0.62428571428557,398.12,6,15.8407182320442,0
"341","LITTLE QUALICUM RIVER",1971,1971-07-04,185,34,0,8.81,10.567142857143,11.9121428571431,11.6110000000001,-1.34500000000012,406.93,7,15.8407182320442,0
"342","LITTLE QUALICUM RIVER",1971,1971-07-05,186,35,0,8.58,9.89285714285714,11.7392857142856,11.4303333333332,-1.84642857142847,415.51,8,15.8407182320442,0
"343","LITTLE QUALICUM RIVER",1971,1971-07-06,187,36,0,8.21,9.33714285714294,11.4685714285713,11.2506666666666,-2.13142857142832,423.72,9,15.8407182320442,0
"344","LITTLE QUALICUM RIVER",1971,1971-07-07,188,37,0,7.84,8.87142857142836,11.1428571428571,11.0519999999999,-2.27142857142878,431.56,10,15.8407182320442,0
"345","LITTLE QUALICUM RIVER",1971,1971-07-08,189,38,0,7.7,8.51428571428551,10.792857142857,10.8653333333333,-2.27857142857153,439.26,11,15.8407182320442,0
"346","LITTLE QUALICUM RIVER",1971,1971-07-09,190,39,0,7.76,8.27142857142878,10.2899999999998,10.7106666666667,-2.01857142857105,447.02,12,15.8407182320442,0
"347","LITTLE QUALICUM RIVER",1971,1971-07-10,191,40,0,8.07,8.13857142857159,9.7664285714288,10.5829999999999,-1.62785714285721,455.09,13,15.8407182320442,0
"348","LITTLE QUALICUM RIVER",1971,1971-07-11,192,41,0,8.18,8.04857142857093,9.30785714285698,10.4556666666666,-1.25928571428605,463.27,14,15.8407182320442,0
"349","LITTLE QUALICUM RIVER",1971,1971-07-12,193,42,0,8.1,7.98000000000008,8.93642857142861,10.3523333333333,-0.956428571428529,471.37,15,15.8407182320442,0
"350","LITTLE QUALICUM RIVER",1971,1971-07-13,194,43,0,7.76,7.91571428571478,8.62642857142886,10.2476666666667,-0.710714285714078,479.13,16,15.8407182320442,0
"351","LITTLE QUALICUM RIVER",1971,1971-07-14,195,44,0,7.53,7.87142857142836,8.37142857142836,10.1586666666667,-0.500000000000001,486.66,17,15.8407182320442,0
"352","LITTLE QUALICUM RIVER",1971,1971-07-15,196,45,0,7.53,7.8471428571429,8.1807142857142,10.0783333333333,-0.333571428571304,494.19,18,15.8407182320442,0
"353","LITTLE QUALICUM RIVER",1971,1971-07-16,197,46,0,7.53,7.8142857142853,8.04285714285704,10.0066666666666,-0.228571428571741,501.72,19,15.8407182320442,0
"354","LITTLE QUALICUM RIVER",1971,1971-07-17,198,47,0,7.5,7.73285714285677,7.93571428571418,9.95,-0.202857142857414,509.22,20,15.8407182320442,0
"355","LITTLE QUALICUM RIVER",1971,1971-07-18,199,48,0,7.59,7.64857142857155,7.84857142857124,9.89333333333343,-0.199999999999688,516.81,21,15.8407182320442,0
"356","LITTLE QUALICUM RIVER",1971,1971-07-19,200,49,0,7.79,7.60428571428617,7.79214285714313,9.82466666666684,-0.187857142856956,524.6,22,15.8407182320442,0
"357","LITTLE QUALICUM RIVER",1971,1971-07-20,201,50,0,7.87,7.6199999999995,7.76785714285714,9.74366666666659,-0.147857142857642,532.47,23,15.8407182320442,0
"358","LITTLE QUALICUM RIVER",1971,1971-07-21,202,51,0,7.76,7.6528571428571,7.76214285714273,9.63566666666666,-0.109285714285631,540.23,24,15.8407182320442,0
"359","LITTLE QUALICUM RIVER",1971,1971-07-22,203,52,0,7.65,7.67000000000033,7.75857142857162,9.4906666666667,-0.0885714285712824,547.88,25,15.8407182320442,0
"360","LITTLE QUALICUM RIVER",1971,1971-07-23,204,53,0,7.42,7.65428571428596,7.73428571428563,9.3246666666666,-0.0799999999996679,555.3,26,15.8407182320442,0
"361","LITTLE QUALICUM RIVER",1971,1971-07-24,205,54,0,7.08,7.59428571428621,7.66357142857149,9.14066666666671,-0.0692857142852779,562.38,27,15.8407182320442,0
"362","LITTLE QUALICUM RIVER",1971,1971-07-25,206,55,0,6.82,7.48428571428563,7.56642857142859,8.8746666666666,-0.0821428571429612,569.2,28,15.8407182320442,0
"363","LITTLE QUALICUM RIVER",1971,1971-07-26,207,56,0,6.51,7.30142857142865,7.45285714285741,8.57833333333353,-0.151428571428759,575.71,29,15.8407182320442,0
"364","LITTLE QUALICUM RIVER",1971,1971-07-27,208,57,0,6.23,7.06714285714302,7.34357142857126,8.2993333333332,-0.276428571428238,581.94,30,15.8407182320442,0
"365","LITTLE QUALICUM RIVER",1971,1971-07-28,209,58,0,5.97,6.81142857142861,7.23214285714286,8.05500000000005,-0.420714285714244,587.91,31,15.8407182320442,0
"366","LITTLE QUALICUM RIVER",1971,1971-07-29,210,59,0,5.72,6.53571428571429,7.10285714285731,7.84233333333347,-0.567142857143024,593.63,32,15.8407182320442,0
"367","LITTLE QUALICUM RIVER",1971,1971-07-30,211,60,0,5.52,6.26428571428551,6.95928571428573,7.65633333333317,-0.695000000000229,599.15,33,15.8407182320442,0
"368","LITTLE QUALICUM RIVER",1971,1971-07-31,212,61,0,5.27,6.00571428571441,6.80000000000031,7.49200000000007,-0.794285714285901,604.42,34,15.8407182320442,0
"369","LITTLE QUALICUM RIVER",1971,1971-08-01,213,62,0,5.13,5.76428571428551,6.62428571428557,7.34766666666668,-0.860000000000062,609.55,35,15.8407182320442,0
"370","LITTLE QUALICUM RIVER",1971,1971-08-02,214,63,0,4.73,5.50999999999996,6.40571428571431,7.20533333333345,-0.895714285714348,614.28,36,15.8407182320442,0
"371","LITTLE QUALICUM RIVER",1971,1971-08-03,215,64,0,4.56,5.27142857142878,6.1692857142859,7.06366666666654,-0.897857142857122,618.84,37,15.8407182320442,0
"372","LITTLE QUALICUM RIVER",1971,1971-08-04,216,65,0,4.47,5.05714285714306,5.93428571428584,6.92666666666676,-0.877142857142775,623.31,38,15.8407182320442,0
"373","LITTLE QUALICUM RIVER",1971,1971-08-05,217,66,0,4.19,4.8385714285718,5.68714285714304,6.79266666666687,-0.848571428571241,627.5,39,15.8407182320442,0
"374","LITTLE QUALICUM RIVER",1971,1971-08-06,218,67,0,3.94,4.61285714285727,5.43857142857139,6.66266666666658,-0.82571428571412,631.44,40,15.8407182320442,0
"375","LITTLE QUALICUM RIVER",1971,1971-08-07,219,68,0,3.62,4.37714285714277,5.19142857142859,6.52666666666676,-0.814285714285819,635.06,41,15.8407182320442,0
"376","LITTLE QUALICUM RIVER",1971,1971-08-08,220,69,0,3.4,4.1300000000005,4.947142857143,6.38133333333341,-0.817142857142503,638.46,42,15.8407182320442,0
"377","LITTLE QUALICUM RIVER",1971,1971-08-09,221,70,0,3.31,3.92714285714257,4.71857142857126,6.22266666666668,-0.791428571428696,641.77,43,15.8407182320442,0
"378","LITTLE QUALICUM RIVER",1971,1971-08-10,222,71,0,3.2,3.73285714285677,4.50214285714277,6.05666666666657,-0.769285714286005,644.97,44,15.8407182320442,0
"379","LITTLE QUALICUM RIVER",1971,1971-08-11,223,72,0,3.11,3.53857142857097,4.29785714285702,5.8903333333333,-0.759285714286047,648.08,45,15.8407182320442,0
"380","LITTLE QUALICUM RIVER",1971,1971-08-12,224,73,0,3.06,3.37714285714277,4.10785714285729,5.73366666666673,-0.730714285714515,651.14,46,15.8407182320442,0
"381","LITTLE QUALICUM RIVER",1971,1971-08-13,225,74,0,3.03,3.24714285714331,3.93000000000029,5.58366666666673,-0.682857142856977,654.17,47,15.8407182320442,0
"382","LITTLE QUALICUM RIVER",1971,1971-08-14,226,75,0,3,3.15857142857151,3.76785714285714,5.43266666666677,-0.609285714285631,657.17,48,15.8407182320442,0
"383","LITTLE QUALICUM RIVER",1971,1971-08-15,227,76,0,2.94,3.09285714285631,3.61142857142841,5.27966666666665,-0.518571428572094,660.11,49,15.8407182320442,0
"384","LITTLE QUALICUM RIVER",1971,1971-08-16,228,77,0,2.86,3.02857142857101,3.47785714285679,5.125,-0.449285714285776,662.97,50,15.8407182320442,0
"385","LITTLE QUALICUM RIVER",1971,1971-08-17,229,78,0,2.8,2.97142857142899,3.35214285714288,4.9653333333333,-0.380714285713891,665.77,51,15.8407182320442,0
"386","LITTLE QUALICUM RIVER",1971,1971-08-18,230,79,0,2.73,2.91714285714365,3.22785714285731,4.79666666666671,-0.310714285713662,668.5,52,15.8407182320442,0
"387","LITTLE QUALICUM RIVER",1971,1971-08-19,231,80,0,2.67,2.86142857142841,3.11928571428559,4.62333333333348,-0.257857142857184,671.17,53,15.8407182320442,0
"388","LITTLE QUALICUM RIVER",1971,1971-08-20,232,81,0,2.68,2.81142857142861,3.02928571428596,4.45400000000009,-0.217857142857351,673.85,54,15.8407182320442,0
"389","LITTLE QUALICUM RIVER",1971,1971-08-21,233,82,0,3.06,2.81999999999971,2.98928571428561,4.30099999999996,-0.169285714285901,676.91,55,15.8407182320442,0
"390","LITTLE QUALICUM RIVER",1971,1971-08-22,234,83,0,3.68,2.92571428571474,3.00928571428553,4.17633333333336,-0.0835714285707843,680.59,56,15.8407182320442,0
"391","LITTLE QUALICUM RIVER",1971,1971-08-23,235,84,0,3.54,3.02285714285764,3.02571428571433,4.05833333333333,-0.00285714285668526,684.13,57,15.8407182320442,0
"392","LITTLE QUALICUM RIVER",1971,1971-08-24,236,85,0,3.34,3.09999999999958,3.03571428571429,3.94233333333323,0.0642857142852988,687.47,58,15.8407182320442,0
"393","LITTLE QUALICUM RIVER",1971,1971-08-25,237,86,0,3.23,3.17142857142816,3.0442857142859,3.83299999999993,0.127142857142254,690.7,59,15.8407182320442,0
"394","LITTLE QUALICUM RIVER",1971,1971-08-26,238,87,0,3.09,3.23142857142791,3.04642857142816,3.72833333333328,0.18499999999975,693.79,60,15.8407182320442,0
"395","LITTLE QUALICUM RIVER",1971,1971-08-27,239,88,0,2.97,3.2728571428566,3.04214285714261,3.62833333333329,0.230714285713995,696.76,61,15.8407182320442,0
"396","LITTLE QUALICUM RIVER",1971,1971-08-28,240,89,0,2.89,3.24857142857114,3.03428571428542,3.53399999999989,0.214285714285714,699.65,62,15.8407182320442,0
"397","LITTLE QUALICUM RIVER",1971,1971-08-29,241,90,0,2.81,3.12428571428609,3.02500000000042,3.44366666666683,0.0992857142856729,702.46,63,15.8407182320442,0
"398","LITTLE QUALICUM RIVER",1971,1971-08-30,242,91,0,2.77,3.01428571428551,3.01857142857157,3.36033333333326,-0.0042857142860675,705.23,64,15.8407182320442,0
"399","LITTLE QUALICUM RIVER",1971,1971-08-31,243,92,0,2.74,2.92857142857143,3.01428571428551,3.28066666666661,-0.085714285714078,707.97,65,15.8407182320442,0
"400","LITTLE QUALICUM RIVER",1971,1971-09-01,244,93,0,2.76,2.86142857142841,3.01642857142828,3.2149999999999,-0.154999999999875,710.73,66,15.8407182320442,0
"401","LITTLE QUALICUM RIVER",1971,1971-09-02,245,94,0,2.92,2.83714285714294,3.03428571428542,3.16033333333326,-0.197142857142483,713.65,67,15.8407182320442,0
"402","LITTLE QUALICUM RIVER",1971,1971-09-03,246,95,0,2.82,2.81571428571416,3.04428571428538,3.10533333333321,-0.228571428571221,716.47,68,15.8407182320442,0
"403","LITTLE QUALICUM RIVER",1971,1971-09-04,247,96,0,2.76,2.79714285714311,3.02285714285712,3.05766666666653,-0.225714285714016,719.23,69,15.8407182320442,0
"404","LITTLE QUALICUM RIVER",1971,1971-09-05,248,97,0,2.97,2.81999999999971,2.9721428571429,3.0253333333334,-0.15214285714319,722.2,70,15.8407182320442,0
"405","LITTLE QUALICUM RIVER",1971,1971-09-06,249,98,0,3.14,2.87285714285723,2.94357142857137,3.00933333333329,-0.0707142857141405,725.34,71,15.8407182320442,0
"406","LITTLE QUALICUM RIVER",1971,1971-09-07,250,99,0,3.09,2.92285714285806,2.92571428571474,2.99900000000004,-0.0028571428566857,728.43,72,15.8407182320442,0
"407","LITTLE QUALICUM RIVER",1971,1971-09-08,251,100,0,3.17,2.98142857142895,2.92142857142868,2.99433333333339,0.0600000000002705,731.6,73,15.8407182320442,0
"408","LITTLE QUALICUM RIVER",1971,1971-09-09,252,101,0,3.23,3.02571428571433,2.93142857142863,2.99533333333335,0.0942857142856934,734.83,74,15.8407182320442,0
"409","LITTLE QUALICUM RIVER",1971,1971-09-10,253,102,0,3.37,3.10428571428617,2.96000000000017,3.00400000000009,0.144285714286005,738.2,75,15.8407182320442,0
"410","LITTLE QUALICUM RIVER",1971,1971-09-11,254,103,0,4.76,3.39000000000046,3.09357142857178,3.06066666666666,0.296428571428676,742.96,76,15.8407182320442,0
"411","LITTLE QUALICUM RIVER",1971,1971-09-12,255,104,0,5.1,3.6942857142858,3.25714285714275,3.12966666666665,0.437142857143044,748.06,77,15.8407182320442,0
"412","LITTLE QUALICUM RIVER",1971,1971-09-13,256,105,0,5.3,4.00285714285669,3.43785714285696,3.20633333333317,0.564999999999729,753.36,78,15.8407182320442,0
"413","LITTLE QUALICUM RIVER",1971,1971-09-14,257,106,0,5.15,4.29714285714207,3.61000000000006,3.28000000000005,0.687142857142005,758.51,79,15.8407182320442,0
"414","LITTLE QUALICUM RIVER",1971,1971-09-15,258,107,1,4.84,4.53571428571429,3.75857142857162,3.34600000000016,0.77714285714267,763.35,80,15.8407182320442,0
"415","LITTLE QUALICUM RIVER",1972,1972-05-31,152,1,0,14.7,13.6428571428571,13.9428571428569,13.3969999999999,-0.299999999999793,14.7,0,15.7793922651934,0
"416","LITTLE QUALICUM RIVER",1972,1972-06-01,153,2,0,13.6,13.8714285714284,13.8642857142856,13.569,0.0071428571427532,28.3,1,15.7793922651934,0
"417","LITTLE QUALICUM RIVER",1972,1972-06-02,154,3,0,12.3,14.0285714285721,13.7785714285715,13.6910000000001,0.250000000000519,40.6,2,15.7793922651934,0
"418","LITTLE QUALICUM RIVER",1972,1972-06-03,155,4,0,11.7,14.0142857142855,13.6428571428571,13.78,0.371428571428364,52.3,3,15.7793922651934,0
"419","LITTLE QUALICUM RIVER",1972,1972-06-04,156,5,0,11.6,13.7285714285712,13.3857142857139,13.8233333333332,0.342857142857349,63.9,4,15.7793922651934,0
"420","LITTLE QUALICUM RIVER",1972,1972-06-05,157,6,0,11.6,13.1000000000006,13.1357142857144,13.8266666666668,-0.035714285713766,75.5,5,15.7793922651934,0
"421","LITTLE QUALICUM RIVER",1972,1972-06-06,158,7,0,11.6,12.4428571428569,12.9357142857142,13.82,-0.492857142857247,87.1,6,15.7793922651934,0
"422","LITTLE QUALICUM RIVER",1972,1972-06-07,159,8,0,11.4,11.971428571429,12.8071428571431,13.8033333333335,-0.835714285714078,98.5,7,15.7793922651934,0
"423","LITTLE QUALICUM RIVER",1972,1972-06-08,160,9,0,11.4,11.6571428571426,12.7642857142855,13.7899999999999,-1.10714285714286,109.9,8,15.7793922651934,0
"424","LITTLE QUALICUM RIVER",1972,1972-06-09,161,10,0,12.1,11.6285714285716,12.8285714285718,13.8100000000001,-1.20000000000021,122,9,15.7793922651934,0
"425","LITTLE QUALICUM RIVER",1972,1972-06-10,162,11,0,12.4,11.7285714285712,12.8714285714284,13.8266666666665,-1.14285714285714,134.4,10,15.7793922651934,0
"426","LITTLE QUALICUM RIVER",1972,1972-06-11,163,12,0,12.8,11.9000000000004,12.8142857142858,13.78,-0.914285714285402,147.2,11,15.7793922651934,0
"427","LITTLE QUALICUM RIVER",1972,1972-06-12,164,13,0,12.2,11.9857142857135,12.542857142857,13.6366666666666,-0.557142857143585,159.4,12,15.7793922651934,0
"428","LITTLE QUALICUM RIVER",1972,1972-06-13,165,14,0,11.2,11.9285714285714,12.1857142857142,13.4233333333335,-0.257142857142753,170.6,13,15.7793922651934,0
"429","LITTLE QUALICUM RIVER",1972,1972-06-14,166,15,0,10.5,11.7999999999998,11.8857142857144,13.1866666666666,-0.0857142857145963,181.1,14,15.7793922651934,0
"430","LITTLE QUALICUM RIVER",1972,1972-06-15,167,16,0,10.3,11.6428571428571,11.6499999999999,12.9433333333332,-0.0071428571427532,191.4,15,15.7793922651934,0
"431","LITTLE QUALICUM RIVER",1972,1972-06-16,168,17,0,9.71,11.3014285714287,11.4650000000001,12.7203333333334,-0.16357142857149,201.11,16,15.7793922651934,0
"432","LITTLE QUALICUM RIVER",1972,1972-06-17,169,18,0,9.15,10.8371428571429,11.2828571428571,12.5353333333333,-0.445714285714141,210.26,17,15.7793922651934,0
"433","LITTLE QUALICUM RIVER",1972,1972-06-18,170,19,0,8.64,10.2428571428567,11.0714285714286,12.3733333333332,-0.828571428571845,218.9,18,15.7793922651934,0
"434","LITTLE QUALICUM RIVER",1972,1972-06-19,171,20,0,8.33,9.69000000000025,10.8378571428569,12.1976666666667,-1.1478571428566,227.23,19,15.7793922651934,0
"435","LITTLE QUALICUM RIVER",1972,1972-06-20,172,21,0,8.44,9.29571428571424,10.6121428571428,11.9723333333333,-1.31642857142859,235.67,20,15.7793922651934,0
"436","LITTLE QUALICUM RIVER",1972,1972-06-21,173,22,0,8.33,8.98571428571449,10.3928571428571,11.7466666666667,-1.40714285714265,244,21,15.7793922651934,0
"437","LITTLE QUALICUM RIVER",1972,1972-06-22,174,23,0,8.21,8.68714285714356,10.1650000000004,11.5403333333333,-1.47785714285679,252.21,22,15.7793922651934,0
"438","LITTLE QUALICUM RIVER",1972,1972-06-23,175,24,0,8.01,8.44428571428476,9.87285714285671,11.3673333333332,-1.42857142857195,260.22,23,15.7793922651934,0
"439","LITTLE QUALICUM RIVER",1972,1972-06-24,176,25,0,8.07,8.29000000000087,9.56357142857191,11.2363333333335,-1.27357142857103,268.29,24,15.7793922651934,0
"440","LITTLE QUALICUM RIVER",1972,1972-06-25,177,26,0,7.99,8.19714285714352,9.22000000000012,11.1293333333335,-1.0228571428566,276.28,25,15.7793922651934,0
"441","LITTLE QUALICUM RIVER",1972,1972-06-26,178,27,0,8.01,8.15142857142928,8.92071428571476,11.0030000000001,-0.769285714285486,284.29,26,15.7793922651934,0
"442","LITTLE QUALICUM RIVER",1972,1972-06-27,179,28,0,8.27,8.12714285714277,8.71142857142851,10.8253333333334,-0.584285714285736,292.56,27,15.7793922651934,0
"443","LITTLE QUALICUM RIVER",1972,1972-06-28,180,29,0,7.96,8.07428571428526,8.52999999999988,10.5573333333334,-0.455714285714619,300.52,28,15.7793922651934,0
"444","LITTLE QUALICUM RIVER",1972,1972-06-29,181,30,0,7.67,7.99714285714227,8.34214285714292,10.2729999999998,-0.345000000000645,308.19,29,15.7793922651934,0
"445","LITTLE QUALICUM RIVER",1972,1972-06-30,182,31,0,7.33,7.90000000000042,8.17214285714259,10.0273333333333,-0.272142857142171,315.52,30,15.7793922651934,0
"446","LITTLE QUALICUM RIVER",1972,1972-07-01,183,32,0,7.02,7.75,8.02000000000044,9.80800000000017,-0.270000000000437,322.54,31,15.7793922651934,0
"447","LITTLE QUALICUM RIVER",1972,1972-07-02,184,33,0,6.82,7.58285714285739,7.89000000000046,9.6253333333334,-0.307142857143065,329.36,32,15.7793922651934,0
"448","LITTLE QUALICUM RIVER",1972,1972-07-03,185,34,0,6.68,7.39285714285714,7.77214285714321,9.45800000000017,-0.379285714286067,336.04,33,15.7793922651934,0
"449","LITTLE QUALICUM RIVER",1972,1972-07-04,186,35,0,6.71,7.17000000000033,7.64857142857155,9.29500000000019,-0.47857142857122,342.75,34,15.7793922651934,0
"450","LITTLE QUALICUM RIVER",1972,1972-07-05,187,36,0,6.6,6.97571428571454,7.5249999999999,9.12833333333328,-0.549285714285361,349.35,35,15.7793922651934,0
"451","LITTLE QUALICUM RIVER",1972,1972-07-06,188,37,0,6.54,6.81428571428634,7.40571428571431,8.9596666666667,-0.591428571427969,355.89,36,15.7793922651934,0
"452","LITTLE QUALICUM RIVER",1972,1972-07-07,189,38,0,6.31,6.66857142857147,7.28428571428594,8.7899999999999,-0.615714285714473,362.2,37,15.7793922651934,0
"453","LITTLE QUALICUM RIVER",1972,1972-07-08,190,39,0,6.26,6.55999999999975,7.15499999999988,8.61866666666683,-0.595000000000124,368.46,38,15.7793922651934,0
"454","LITTLE QUALICUM RIVER",1972,1972-07-09,191,40,0,6.17,6.4671428571424,7.0249999999999,8.42099999999991,-0.557857142857497,374.63,39,15.7793922651934,0
"455","LITTLE QUALICUM RIVER",1972,1972-07-10,192,41,0,6.06,6.3785714285706,6.88571428571387,8.2096666666667,-0.507142857143273,380.69,40,15.7793922651934,0
"456","LITTLE QUALICUM RIVER",1972,1972-07-11,193,42,0,6.29,6.31857142857085,6.74428571428559,7.99266666666663,-0.425714285714743,386.98,41,15.7793922651934,0
"457","LITTLE QUALICUM RIVER",1972,1972-07-12,194,43,0,9.06,6.67000000000033,6.82285714285743,7.88800000000022,-0.152857142857101,396.04,42,15.7793922651934,0
"458","LITTLE QUALICUM RIVER",1972,1972-07-13,195,44,0,11,7.30714285714306,7.0607142857147,7.88133333333341,0.246428571428363,407.04,43,15.7793922651934,0
"459","LITTLE QUALICUM RIVER",1972,1972-07-14,196,45,0,10.5,7.90571428571483,7.28714285714315,7.88133333333341,0.618571428571679,417.54,44,15.7793922651934,0
"460","LITTLE QUALICUM RIVER",1972,1972-07-15,197,46,0,9.54,8.37428571428505,7.4671428571424,7.85600000000001,0.90714285714265,427.08,45,15.7793922651934,0
"461","LITTLE QUALICUM RIVER",1972,1972-07-16,198,47,0,8.86,8.7585714285711,7.61285714285675,7.82766666666648,1.14571428571435,435.94,46,15.7793922651934,0
"462","LITTLE QUALICUM RIVER",1972,1972-07-17,199,48,0,8.3,9.07857142857184,7.72857142857122,7.79933333333344,1.35000000000062,444.24,47,15.7793922651934,0
"463","LITTLE QUALICUM RIVER",1972,1972-07-18,200,49,0,7.79,9.29285714285756,7.8057142857142,7.77100000000016,1.48714285714336,452.03,48,15.7793922651934,0
"464","LITTLE QUALICUM RIVER",1972,1972-07-19,201,50,0,7.31,9.04285714285652,7.85642857142843,7.73700000000002,1.18642857142809,459.34,49,15.7793922651934,0
"465","LITTLE QUALICUM RIVER",1972,1972-07-20,202,51,0,6.82,8.44571428571362,7.87642857142834,7.68299999999993,0.569285714285278,466.16,50,15.7793922651934,0
"466","LITTLE QUALICUM RIVER",1972,1972-07-21,203,52,0,6.31,7.84714285714186,7.87642857142834,7.61566666666646,-0.0292857142864831,472.47,51,15.7793922651934,0
"467","LITTLE QUALICUM RIVER",1972,1972-07-22,204,53,0,6,7.34142857142849,7.85785714285677,7.54199999999983,-0.51642857142828,478.47,52,15.7793922651934,0
"468","LITTLE QUALICUM RIVER",1972,1972-07-23,205,54,0,5.52,6.86428571428613,7.81142857142861,7.45900000000014,-0.947142857142483,483.99,53,15.7793922651934,0
"469","LITTLE QUALICUM RIVER",1972,1972-07-24,206,55,0,5.27,6.43142857142811,7.75499999999998,7.36566666666646,-1.32357142857187,489.26,54,15.7793922651934,0
"470","LITTLE QUALICUM RIVER",1972,1972-07-25,207,56,0,4.96,6.02714285714215,7.65999999999985,7.2646666666665,-1.6328571428577,494.22,55,15.7793922651934,0
"471","LITTLE QUALICUM RIVER",1972,1972-07-26,208,57,0,4.53,5.6300000000005,7.33642857142851,7.14866666666664,-1.70642857142801,498.75,56,15.7793922651934,0
"472","LITTLE QUALICUM RIVER",1972,1972-07-27,209,58,0,4.36,5.27857142857205,6.86214285714284,7.01833333333343,-1.58357142857078,503.11,57,15.7793922651934,0
"473","LITTLE QUALICUM RIVER",1972,1972-07-28,210,59,0,4.08,4.96000000000017,6.40357142857101,6.88899999999994,-1.44357142857085,507.19,58,15.7793922651934,0
"474","LITTLE QUALICUM RIVER",1972,1972-07-29,211,60,0,3.85,4.65285714285814,5.99714285714331,6.76166666666686,-1.34428571428517,511.04,59,15.7793922651934,0
"475","LITTLE QUALICUM RIVER",1972,1972-07-30,212,61,0,3.68,4.38999999999942,5.62714285714277,6.6399999999999,-1.23714285714336,514.72,60,15.7793922651934,0
"476","LITTLE QUALICUM RIVER",1972,1972-07-31,213,62,0,3.45,4.1300000000005,5.28071428571431,6.52099999999991,-1.15071428571381,518.17,61,15.7793922651934,0
"477","LITTLE QUALICUM RIVER",1972,1972-08-01,214,63,0,3.31,3.89428571428601,4.96071428571408,6.40399999999984,-1.06642857142807,521.48,62,15.7793922651934,0
"478","LITTLE QUALICUM RIVER",1972,1972-08-02,215,64,0,3.23,3.7085714285713,4.6692857142859,6.28899999999994,-0.960714285714597,524.71,63,15.7793922651934,0
"479","LITTLE QUALICUM RIVER",1972,1972-08-03,216,65,0,3.14,3.53428571428542,4.40642857142874,6.16999999999995,-0.872142857143315,527.85,64,15.7793922651934,0
"480","LITTLE QUALICUM RIVER",1972,1972-08-04,217,66,0,3.03,3.38428571428605,4.17214285714311,6.05099999999996,-0.78785714285706,530.88,65,15.7793922651934,0
"481","LITTLE QUALICUM RIVER",1972,1972-08-05,218,67,0,2.92,3.25142857142782,3.95214285714298,5.93033333333321,-0.700714285715159,533.8,66,15.7793922651934,0
"482","LITTLE QUALICUM RIVER",1972,1972-08-06,219,68,0,2.76,3.12000000000054,3.75499999999998,5.81200000000002,-0.634999999999438,536.56,67,15.7793922651934,0
"483","LITTLE QUALICUM RIVER",1972,1972-08-07,220,69,0,2.66,3.00714285714223,3.56857142857137,5.69199999999983,-0.561428571429133,539.22,68,15.7793922651934,0
"484","LITTLE QUALICUM RIVER",1972,1972-08-08,221,70,0,2.6,2.90571428571483,3.40000000000042,5.57300000000008,-0.494285714285589,541.82,69,15.7793922651934,0
"485","LITTLE QUALICUM RIVER",1972,1972-08-09,222,71,0,2.51,2.80285714285648,3.25571428571389,5.45466666666665,-0.452857142857413,544.33,70,15.7793922651934,0
"486","LITTLE QUALICUM RIVER",1972,1972-08-10,223,72,0,2.48,2.7085714285713,3.12142857142836,5.32766666666673,-0.41285714285706,546.81,71,15.7793922651934,0
"487","LITTLE QUALICUM RIVER",1972,1972-08-11,224,73,0,2.39,2.61714285714282,3.00071428571443,5.10533333333321,-0.383571428571615,549.2,72,15.7793922651934,0
"488","LITTLE QUALICUM RIVER",1972,1972-08-12,225,74,0,2.31,2.52999999999988,2.89071428571385,4.81566666666646,-0.360714285713974,551.51,73,15.7793922651934,0
"489","LITTLE QUALICUM RIVER",1972,1972-08-13,226,75,0,2.25,2.45714285714244,2.78857142857149,4.54066666666646,-0.33142857142905,553.76,74,15.7793922651934,0
"490","LITTLE QUALICUM RIVER",1972,1972-08-14,227,76,0,2.2,2.39142857142932,2.69928571428578,4.29600000000015,-0.307857142856457,555.96,75,15.7793922651934,0
"491","LITTLE QUALICUM RIVER",1972,1972-08-15,228,77,0,2.21,2.33571428571408,2.62071428571445,4.07433333333344,-0.285000000000374,558.17,76,15.7793922651934,0
"492","LITTLE QUALICUM RIVER",1972,1972-08-16,229,78,0,2.5,2.33428571428625,2.56857142857137,3.88100000000001,-0.234285714285111,560.67,77,15.7793922651934,0
"493","LITTLE QUALICUM RIVER",1972,1972-08-17,230,79,0,2.57,2.3471428571429,2.5278571428571,3.70699999999997,-0.180714285714203,563.24,78,15.7793922651934,0
"494","LITTLE QUALICUM RIVER",1972,1972-08-18,231,80,0,2.5,2.36285714285727,2.49000000000004,3.54666666666672,-0.127142857142774,565.74,79,15.7793922651934,0
"495","LITTLE QUALICUM RIVER",1972,1972-08-19,232,81,0,2.36,2.37000000000054,2.45000000000021,3.39800000000008,-0.0799999999996674,568.1,80,15.7793922651934,0
"496","LITTLE QUALICUM RIVER",1972,1972-08-20,233,82,0,2.26,2.3714285714294,2.41428571428592,3.26300000000022,-0.0428571428565192,570.36,81,15.7793922651934,0
"497","LITTLE QUALICUM RIVER",1972,1972-08-21,234,83,0,2.32,2.38857142857159,2.39000000000046,3.14033333333355,-0.00142857142886266,572.68,82,15.7793922651934,0
"498","LITTLE QUALICUM RIVER",1972,1972-08-22,235,84,0,2.3,2.40142857142824,2.36857142857116,3.03299999999993,0.0328571428570803,574.98,83,15.7793922651934,0
"499","LITTLE QUALICUM RIVER",1972,1972-08-23,236,85,0,2.1,2.34428571428517,2.33928571428571,2.92733333333332,0.00499999999945944,577.08,84,15.7793922651934,0
"500","LITTLE QUALICUM RIVER",1972,1972-08-24,237,86,0,2.02,2.26571428571437,2.30642857142863,2.82933333333349,-0.0407142857142646,579.1,85,15.7793922651934,0
"501","LITTLE QUALICUM RIVER",1972,1972-08-25,238,87,0,1.97,2.19000000000025,2.27642857142876,2.74399999999999,-0.0864285714285091,581.07,86,15.7793922651934,0
"502","LITTLE QUALICUM RIVER",1972,1972-08-26,239,88,0,1.91,2.12571428571391,2.24785714285723,2.66233333333318,-0.122142857143314,582.98,87,15.7793922651934,0
"503","LITTLE QUALICUM RIVER",1972,1972-08-27,240,89,0,1.9,2.07428571428526,2.22285714285733,2.58966666666674,-0.148571428572073,584.88,88,15.7793922651934,0
"504","LITTLE QUALICUM RIVER",1972,1972-08-28,241,90,0,1.82,2.00285714285669,2.19571428571414,2.52199999999987,-0.192857142857454,586.7,89,15.7793922651934,0
"505","LITTLE QUALICUM RIVER",1972,1972-08-29,242,91,0,1.79,1.93000000000029,2.16571428571427,2.45900000000014,-0.235714285713974,588.49,90,15.7793922651934,0
"506","LITTLE QUALICUM RIVER",1972,1972-08-30,243,92,0,1.78,1.88428571428605,2.11428571428561,2.40333333333328,-0.229999999999563,590.27,91,15.7793922651934,0
"507","LITTLE QUALICUM RIVER",1972,1972-08-31,244,93,0,1.7,1.83857142857076,2.05214285714257,2.3496666666666,-0.213571428571803,591.97,92,15.7793922651934,0
"508","LITTLE QUALICUM RIVER",1972,1972-09-01,245,94,0,1.67,1.79571428571424,1.99285714285725,2.29766666666668,-0.197142857143003,593.64,93,15.7793922651934,0
"509","LITTLE QUALICUM RIVER",1972,1972-09-02,246,95,0,1.63,1.75571428571441,1.94071428571416,2.24733333333328,-0.184999999999751,595.27,94,15.7793922651934,0
"510","LITTLE QUALICUM RIVER",1972,1972-09-03,247,96,0,1.61,1.71428571428571,1.89428571428549,2.2,-0.179999999999771,596.88,95,15.7793922651934,0
"511","LITTLE QUALICUM RIVER",1972,1972-09-04,248,97,0,1.61,1.68428571428584,1.84357142857126,2.15633333333341,-0.159285714285423,598.49,96,15.7793922651934,0
"512","LITTLE QUALICUM RIVER",1972,1972-09-05,249,98,0,1.52,1.64571428571383,1.78785714285706,2.1149999999999,-0.142142857143231,600.01,97,15.7793922651934,0
"513","LITTLE QUALICUM RIVER",1972,1972-09-06,250,99,0,1.48,1.60285714285731,1.74357142857168,2.0756666666668,-0.140714285714369,601.49,98,15.7793922651934,0
"514","LITTLE QUALICUM RIVER",1972,1972-09-07,251,100,0,1.49,1.57285714285743,1.7057142857141,2.03866666666654,-0.132857142856665,602.98,99,15.7793922651934,0
"515","LITTLE QUALICUM RIVER",1972,1972-09-08,252,101,0,1.56,1.55714285714306,1.67642857142865,2.00700000000021,-0.11928571428559,604.54,100,15.7793922651934,0
"516","LITTLE QUALICUM RIVER",1972,1972-09-09,253,102,0,1.67,1.56285714285748,1.65928571428594,1.98000000000005,-0.0964285714284674,606.21,101,15.7793922651934,0
"517","LITTLE QUALICUM RIVER",1972,1972-09-10,254,103,0,1.63,1.56571428571416,1.63999999999994,1.95466666666665,-0.0742857142857767,607.84,102,15.7793922651934,0
"518","LITTLE QUALICUM RIVER",1972,1972-09-11,255,104,0,1.59,1.56285714285748,1.62357142857166,1.93066666666685,-0.0607142857141816,609.43,103,15.7793922651934,0
"519","LITTLE QUALICUM RIVER",1972,1972-09-12,256,105,0,1.54,1.56571428571416,1.60571428571399,1.90699999999997,-0.0399999999998337,610.97,104,15.7793922651934,0
"520","LITTLE QUALICUM RIVER",1972,1972-09-13,257,106,0,1.51,1.56999999999971,1.58642857142851,1.88399999999989,-0.0164285714288002,612.48,105,15.7793922651934,0
"521","LITTLE QUALICUM RIVER",1972,1972-09-14,258,107,0,1.48,1.56857142857189,1.57071428571466,1.8596666666667,-0.00214285714277396,613.96,106,15.7793922651934,0
"522","LITTLE QUALICUM RIVER",1972,1972-09-15,259,108,1,1.44,1.55142857142762,1.55428571428534,1.8243333333332,-0.00285714285772487,615.4,107,15.7793922651934,0
"523","LITTLE QUALICUM RIVER",1973,1973-06-01,152,1,0,8.92,12.1371428571427,12.9721428571429,11.0269999999999,-0.835000000000166,8.92,5,13.3328729281768,0
"524","LITTLE QUALICUM RIVER",1973,1973-06-02,153,2,0,8.35,10.8299999999997,12.7042857142858,11.0626666666666,-1.87428571428609,17.27,6,13.3328729281768,0
"525","LITTLE QUALICUM RIVER",1973,1973-06-03,154,3,0,7.67,9.83999999999963,12.4735714285712,11.0539999999998,-2.63357142857162,24.94,7,13.3328729281768,0
"526","LITTLE QUALICUM RIVER",1973,1973-06-04,155,4,0,7.39,9.10999999999954,12.3099999999998,11.0293333333332,-3.20000000000021,32.33,8,13.3328729281768,0
"527","LITTLE QUALICUM RIVER",1973,1973-06-05,156,5,0,7.22,8.5414285714287,12.1707142857142,10.9866666666666,-3.62928571428555,39.55,9,13.3328729281768,0
"528","LITTLE QUALICUM RIVER",1973,1973-06-06,157,6,0,7.96,8.17857142857143,11.9464285714286,10.9669999999998,-3.76785714285714,47.51,10,13.3328729281768,0
"529","LITTLE QUALICUM RIVER",1973,1973-06-07,158,7,0,8.64,8.02142857142774,10.9349999999998,10.97,-2.91357142857201,56.15,11,13.3328729281768,0
"530","LITTLE QUALICUM RIVER",1973,1973-06-08,159,8,0,9.17,8.05714285714306,10.0971428571429,10.9953333333334,-2.03999999999983,65.32,12,13.3328729281768,0
"531","LITTLE QUALICUM RIVER",1973,1973-06-09,160,9,0,9.09,8.16285714285706,9.49642857142836,11.0329999999999,-1.3335714285713,74.41,13,13.3328729281768,0
"532","LITTLE QUALICUM RIVER",1973,1973-06-10,161,10,0,8.47,8.27714285714319,9.05857142857141,11.0623333333334,-0.781428571428219,82.88,14,13.3328729281768,0
"533","LITTLE QUALICUM RIVER",1973,1973-06-11,162,11,0,7.82,8.3385714285718,8.72428571428567,11.0786666666667,-0.38571428571387,90.7,15,13.3328729281768,0
"534","LITTLE QUALICUM RIVER",1973,1973-06-12,163,12,0,7.9,8.4357142857147,8.4885714285717,11.0730000000001,-0.0528571428569986,98.6,16,13.3328729281768,0
"535","LITTLE QUALICUM RIVER",1973,1973-06-13,164,13,0,9.15,8.60571428571503,8.39214285714323,11.0346666666667,0.213571428571804,107.75,17,13.3328729281768,0
"536","LITTLE QUALICUM RIVER",1973,1973-06-14,165,14,0,9.54,8.73428571428667,8.37785714285721,10.9426666666669,0.356428571429465,117.29,18,13.3328729281768,0
"537","LITTLE QUALICUM RIVER",1973,1973-06-15,166,15,0,9.57,8.7914285714287,8.42428571428588,10.8383333333334,0.367142857142815,126.86,19,13.3328729281768,0
"538","LITTLE QUALICUM RIVER",1973,1973-06-16,167,16,0,9.43,8.84000000000067,8.50142857142886,10.7260000000002,0.338571428571804,136.29,20,13.3328729281768,0
"539","LITTLE QUALICUM RIVER",1973,1973-06-17,168,17,0,9.66,9.00999999999996,8.64357142857157,10.6213333333333,0.366428571428385,145.95,21,13.3328729281768,0
"540","LITTLE QUALICUM RIVER",1973,1973-06-18,169,18,0,9.2,9.20714285714244,8.77285714285712,10.5246666666666,0.43428571428532,155.15,22,13.3328729281768,0
"541","LITTLE QUALICUM RIVER",1973,1973-06-19,170,19,0,8.78,9.33285714285739,8.88428571428605,10.4540000000001,0.448571428571345,163.93,23,13.3328729281768,0
"542","LITTLE QUALICUM RIVER",1973,1973-06-20,171,20,0,8.44,9.23142857142791,8.91857142857147,10.4126666666666,0.312857142856437,172.37,24,13.3328729281768,0
"543","LITTLE QUALICUM RIVER",1973,1973-06-21,172,21,0,8.33,9.05857142857089,8.89642857142878,10.3846666666667,0.162142857142108,180.7,25,13.3328729281768,0
"544","LITTLE QUALICUM RIVER",1973,1973-06-22,173,22,0,8.07,8.84428571428517,8.81785714285694,10.2836666666667,0.0264285714282391,188.77,26,13.3328729281768,0
"545","LITTLE QUALICUM RIVER",1973,1973-06-23,174,23,0,7.82,8.61428571428509,8.72714285714288,9.7843333333333,-0.112857142857788,196.59,27,13.3328729281768,0
"546","LITTLE QUALICUM RIVER",1973,1973-06-24,175,24,0,7.31,8.27857142857101,8.64428571428549,9.33133333333317,-0.365714285714473,203.9,28,13.3328729281768,0
"547","LITTLE QUALICUM RIVER",1973,1973-06-25,176,25,0,7.11,7.98000000000008,8.59357142857126,8.98499999999985,-0.61357142857118,211.01,29,13.3328729281768,0
"548","LITTLE QUALICUM RIVER",1973,1973-06-26,177,26,0,6.68,7.67999999999925,8.50642857142832,8.72099999999991,-0.826428571429069,217.69,30,13.3328729281768,0
"549","LITTLE QUALICUM RIVER",1973,1973-06-27,178,27,0,6.46,7.39714285714269,8.3142857142853,8.51966666666655,-0.917142857142609,224.15,31,13.3328729281768,0
"550","LITTLE QUALICUM RIVER",1973,1973-06-28,179,28,0,6.17,7.0885714285718,8.07357142857134,8.35200000000017,-0.984999999999542,230.32,32,13.3328729281768,0
"551","LITTLE QUALICUM RIVER",1973,1973-06-29,180,29,0,5.8,6.76428571428551,7.80428571428534,8.19533333333335,-1.03999999999983,236.12,33,13.3328729281768,0
"552","LITTLE QUALICUM RIVER",1973,1973-06-30,181,30,0,5.64,6.45285714285689,7.53357142857099,8.05866666666649,-1.0807142857141,241.76,34,13.3328729281768,0
"553","LITTLE QUALICUM RIVER",1973,1973-07-01,182,31,0,5.41,6.18142857142915,7.23000000000008,7.94166666666667,-1.04857142857093,247.17,35,13.3328729281768,0
"554","LITTLE QUALICUM RIVER",1973,1973-07-02,183,32,0,5.07,5.89000000000046,6.93500000000027,7.83233333333337,-1.04499999999981,252.24,36,13.3328729281768,0
"555","LITTLE QUALICUM RIVER",1973,1973-07-03,184,33,0,4.93,5.64000000000046,6.65999999999985,7.74100000000011,-1.0199999999994,257.17,37,13.3328729281768,0
"556","LITTLE QUALICUM RIVER",1973,1973-07-04,185,34,0,4.87,5.4128571428581,6.40500000000039,7.65700000000021,-0.992142857142295,262.04,38,13.3328729281768,0
"557","LITTLE QUALICUM RIVER",1973,1973-07-05,186,35,0,4.73,5.20714285714244,6.14785714285712,7.57400000000004,-0.94071428571468,266.77,39,13.3328729281768,0
"558","LITTLE QUALICUM RIVER",1973,1973-07-06,187,36,0,4.64,5.0414285714287,5.9028571428571,7.46333333333338,-0.861428571428405,271.41,40,13.3328729281768,0
"559","LITTLE QUALICUM RIVER",1973,1973-07-07,188,37,0,4.79,4.92000000000033,5.68642857142861,7.3350000000001,-0.76642857142828,276.2,41,13.3328729281768,0
"560","LITTLE QUALICUM RIVER",1973,1973-07-08,189,38,0,4.67,4.8142857142853,5.49785714285723,7.18499999999985,-0.683571428571928,280.87,42,13.3328729281768,0
"561","LITTLE QUALICUM RIVER",1973,1973-07-09,190,39,0,4.53,4.73714285714232,5.31357142857139,7.03299999999993,-0.57642857142907,285.4,43,13.3328729281768,0
"562","LITTLE QUALICUM RIVER",1973,1973-07-10,191,40,0,4.47,4.67142857142816,5.15571428571431,6.8996666666666,-0.48428571428615,289.87,44,13.3328729281768,0
"563","LITTLE QUALICUM RIVER",1973,1973-07-11,192,41,0,4.25,4.58285714285635,4.99785714285723,6.78066666666661,-0.415000000000873,294.12,45,13.3328729281768,0
"564","LITTLE QUALICUM RIVER",1973,1973-07-12,193,42,0,4.05,4.48571428571449,4.84642857142847,6.65233333333332,-0.360714285713974,298.17,46,13.3328729281768,0
"565","LITTLE QUALICUM RIVER",1973,1973-07-13,194,43,0,3.94,4.38571428571491,4.7135714285718,6.47866666666669,-0.327857142856893,302.11,47,13.3328729281768,0
"566","LITTLE QUALICUM RIVER",1973,1973-07-14,195,44,0,3.82,4.24714285714331,4.58357142857182,6.28799999999998,-0.336428571428509,305.93,48,13.3328729281768,0
"567","LITTLE QUALICUM RIVER",1973,1973-07-15,196,45,0,3.71,4.11000000000058,4.46214285714294,6.09266666666663,-0.352142857142359,309.64,49,13.3328729281768,0
"568","LITTLE QUALICUM RIVER",1973,1973-07-16,197,46,0,3.57,3.97285714285785,4.35500000000008,5.89733333333328,-0.382142857142233,313.21,50,13.3328729281768,0
"569","LITTLE QUALICUM RIVER",1973,1973-07-17,198,47,0,3.43,3.8242857142863,4.24785714285723,5.68966666666674,-0.42357142857093,316.64,51,13.3328729281768,0
"570","LITTLE QUALICUM RIVER",1973,1973-07-18,199,48,0,3.2,3.67428571428588,4.12857142857112,5.48966666666674,-0.454285714285236,319.84,52,13.3328729281768,0
"571","LITTLE QUALICUM RIVER",1973,1973-07-19,200,49,0,3.23,3.55714285714307,4.02142857142878,5.30466666666665,-0.464285714285714,323.07,53,13.3328729281768,0
"572","LITTLE QUALICUM RIVER",1973,1973-07-20,201,50,0,3.11,3.43857142857139,3.91214285714315,5.12700000000016,-0.473571428571761,326.18,54,13.3328729281768,0
"573","LITTLE QUALICUM RIVER",1973,1973-07-21,202,51,0,3,3.32142857142857,3.78428571428594,4.94933333333344,-0.462857142857371,329.18,55,13.3328729281768,0
"574","LITTLE QUALICUM RIVER",1973,1973-07-22,203,52,0,2.92,3.2085714285713,3.65928571428594,4.77766666666672,-0.450714285714639,332.1,56,13.3328729281768,0
"575","LITTLE QUALICUM RIVER",1973,1973-07-23,204,53,0,2.76,3.09285714285735,3.5328571428576,4.60900000000014,-0.44000000000025,334.86,57,13.3328729281768,0
"576","LITTLE QUALICUM RIVER",1973,1973-07-24,205,54,0,2.68,2.98571428571449,3.4050000000004,4.45466666666689,-0.419285714285901,337.54,58,13.3328729281768,0
"577","LITTLE QUALICUM RIVER",1973,1973-07-25,206,55,0,2.71,2.91571428571478,3.29500000000033,4.30800000000017,-0.379285714285548,340.25,59,13.3328729281768,0
"578","LITTLE QUALICUM RIVER",1973,1973-07-26,207,56,0,2.74,2.84571428571404,3.20142857142855,4.17666666666676,-0.355714285714515,342.99,60,13.3328729281768,0
"579","LITTLE QUALICUM RIVER",1973,1973-07-27,208,57,0,2.66,2.7814285714277,3.10999999999954,4.05,-0.328571428571844,345.65,61,13.3328729281768,0
"580","LITTLE QUALICUM RIVER",1973,1973-07-28,209,58,0,2.72,2.74142857142786,3.03142857142822,3.93499999999985,-0.290000000000354,348.37,62,13.3328729281768,0
"581","LITTLE QUALICUM RIVER",1973,1973-07-29,210,59,0,2.62,2.69857142857135,2.95357142857132,3.82900000000009,-0.254999999999979,350.99,63,13.3328729281768,0
"582","LITTLE QUALICUM RIVER",1973,1973-07-30,211,60,0,2.53,2.66571428571375,2.87928571428555,3.7253333333334,-0.213571428571803,353.52,64,13.3328729281768,0
"583","LITTLE QUALICUM RIVER",1973,1973-07-31,212,61,0,2.44,2.63142857142832,2.80857142857141,3.62633333333336,-0.177142857143086,355.96,65,13.3328729281768,0
"584","LITTLE QUALICUM RIVER",1973,1973-08-01,213,62,0,2.35,2.57999999999967,2.74785714285723,3.53566666666666,-0.167857142857558,358.31,66,13.3328729281768,0
"585","LITTLE QUALICUM RIVER",1973,1973-08-02,214,63,0,2.26,2.51142857142882,2.67857142857143,3.44666666666672,-0.167142857142608,360.57,67,13.3328729281768,0
"586","LITTLE QUALICUM RIVER",1973,1973-08-03,215,64,0,2.1,2.43142857142915,2.60642857142843,3.35433333333325,-0.174999999999272,362.67,68,13.3328729281768,0
"587","LITTLE QUALICUM RIVER",1973,1973-08-04,216,65,0,2.02,2.33142857142853,2.5364285714282,3.26399999999994,-0.204999999999667,364.69,69,13.3328729281768,0
"588","LITTLE QUALICUM RIVER",1973,1973-08-05,217,66,0,1.93,2.23285714285677,2.46571428571406,3.17366666666664,-0.232857142857288,366.62,70,13.3328729281768,0
"589","LITTLE QUALICUM RIVER",1973,1973-08-06,218,67,0,1.72,2.11714285714282,2.39142857142828,3.07133333333331,-0.274285714285465,368.34,71,13.3328729281768,0
"590","LITTLE QUALICUM RIVER",1973,1973-08-07,219,68,0,1.77,2.02142857142878,2.32642857142855,2.97466666666684,-0.304999999999771,370.11,72,13.3328729281768,0
"591","LITTLE QUALICUM RIVER",1973,1973-08-08,220,69,0,1.76,1.93714285714252,2.2585714285711,2.88233333333337,-0.321428571428571,371.87,73,13.3328729281768,0
"592","LITTLE QUALICUM RIVER",1973,1973-08-09,221,70,0,1.73,1.86142857142841,2.18642857142861,2.79100000000011,-0.325000000000208,373.6,74,13.3328729281768,0
"593","LITTLE QUALICUM RIVER",1973,1973-08-10,222,71,0,1.66,1.79857142857093,2.11500000000004,2.70466666666665,-0.316428571429112,375.26,75,13.3328729281768,0
"594","LITTLE QUALICUM RIVER",1973,1973-08-11,223,72,0,1.47,1.72000000000012,2.02571428571433,2.61866666666659,-0.305714285714202,376.73,76,13.3328729281768,0
"595","LITTLE QUALICUM RIVER",1973,1973-08-12,224,73,0,1.34,1.63571428571491,1.93428571428584,2.53199999999997,-0.29857142857093,378.07,77,13.3328729281768,0
"596","LITTLE QUALICUM RIVER",1973,1973-08-13,225,74,0,1.27,1.57142857142857,1.84428571428569,2.44699999999987,-0.272857142857122,379.34,78,13.3328729281768,0
"597","LITTLE QUALICUM RIVER",1973,1973-08-14,226,75,0,1.27,1.5,1.76071428571439,2.36566666666671,-0.26071428571439,380.61,79,13.3328729281768,0
"598","LITTLE QUALICUM RIVER",1973,1973-08-15,227,76,0,1.6,1.4771428571434,1.70714285714296,2.3,-0.229999999999563,382.21,80,13.3328729281768,0
"599","LITTLE QUALICUM RIVER",1973,1973-08-16,228,77,0,1.47,1.44000000000025,1.65071428571433,2.2346666666667,-0.210714285714078,383.68,81,13.3328729281768,0
"600","LITTLE QUALICUM RIVER",1973,1973-08-17,229,78,0,1.4,1.4028571428571,1.60071428571402,2.1746666666666,-0.197857142856914,385.08,82,13.3328729281768,0
"601","LITTLE QUALICUM RIVER",1973,1973-08-18,230,79,0,1.27,1.37428571428609,1.54714285714311,2.10933333333329,-0.172857142857018,386.35,83,13.3328729281768,0
"602","LITTLE QUALICUM RIVER",1973,1973-08-19,231,80,0,1.14,1.34571428571404,1.49071428571447,2.04366666666659,-0.145000000000437,387.49,84,13.3328729281768,0
"603","LITTLE QUALICUM RIVER",1973,1973-08-20,232,81,0,1.08,1.31857142857189,1.44500000000023,1.97966666666665,-0.126428571428343,388.57,85,13.3328729281768,0
"604","LITTLE QUALICUM RIVER",1973,1973-08-21,233,82,0,1.08,1.29142857142766,1.39571428571383,1.91833333333319,-0.104285714286172,389.65,86,13.3328729281768,0
"605","LITTLE QUALICUM RIVER",1973,1973-08-22,234,83,0,1.08,1.2171428571424,1.3471428571429,1.86233333333318,-0.130000000000499,390.73,87,13.3328729281768,0
"606","LITTLE QUALICUM RIVER",1973,1973-08-23,235,84,0,1.08,1.1614285714282,1.30071428571422,1.80899999999989,-0.139285714286026,391.81,88,13.3328729281768,0
"607","LITTLE QUALICUM RIVER",1973,1973-08-24,236,85,0,1.08,1.11571428571499,1.25928571428605,1.75466666666665,-0.143571428571055,392.89,89,13.3328729281768,0
"608","LITTLE QUALICUM RIVER",1973,1973-08-25,237,86,0,1.14,1.0971428571429,1.23571428571449,1.70133333333336,-0.138571428571595,394.03,90,13.3328729281768,0
"609","LITTLE QUALICUM RIVER",1973,1973-08-26,238,87,0,1.21,1.10714285714286,1.22642857142845,1.65300000000013,-0.119285714285589,395.24,91,13.3328729281768,0
"610","LITTLE QUALICUM RIVER",1973,1973-08-27,239,88,0,1.14,1.11571428571395,1.21714285714292,1.6003333333334,-0.101428571428966,396.38,92,13.3328729281768,0
"611","LITTLE QUALICUM RIVER",1973,1973-08-28,240,89,0,1.14,1.12428571428609,1.20785714285687,1.55099999999996,-0.083571428570784,397.52,93,13.3328729281768,0
"612","LITTLE QUALICUM RIVER",1973,1973-08-29,241,90,0,1.08,1.12428571428609,1.17071428571424,1.50266666666672,-0.0464285714281556,398.6,94,13.3328729281768,0
"613","LITTLE QUALICUM RIVER",1973,1973-08-30,242,91,0,1.08,1.12428571428609,1.14285714285714,1.45733333333337,-0.0185714285710543,399.68,95,13.3328729281768,0
"614","LITTLE QUALICUM RIVER",1973,1973-08-31,243,92,0,1.08,1.12428571428505,1.12000000000002,1.4149999999999,0.00428571428502833,400.76,96,13.3328729281768,0
"615","LITTLE QUALICUM RIVER",1973,1973-09-01,244,93,1,1.08,1.11571428571395,1.10642857142843,1.37566666666656,0.00928571428552716,401.84,97,13.3328729281768,0
"616","LITTLE QUALICUM RIVER",1974,1974-06-01,152,1,0,14.5,18.6857142857147,15.5635714285714,14.4170000000001,3.12214285714331,14.5,0,19.9022099447514,0
"617","LITTLE QUALICUM RIVER",1974,1974-06-02,153,2,0,15.3,17.2999999999998,15.9971428571428,14.4603333333333,1.302857142857,29.8,0,19.9022099447514,0
"618","LITTLE QUALICUM RIVER",1974,1974-06-03,154,3,0,15.8,16.2714285714288,16.4685714285713,14.5470000000001,-0.197142857142484,45.6,0,19.9022099447514,0
"619","LITTLE QUALICUM RIVER",1974,1974-06-04,155,4,0,19.8,16.2571428571433,17.2257142857145,14.7270000000002,-0.968571428571263,65.4,0,19.9022099447514,0
"620","LITTLE QUALICUM RIVER",1974,1974-06-05,156,5,0,19,16.4571428571435,17.8928571428571,14.8070000000002,-1.43571428571366,84.4,0,19.9022099447514,0
"621","LITTLE QUALICUM RIVER",1974,1974-06-06,157,6,0,17.6,16.6857142857147,18.2857142857143,14.8003333333334,-1.59999999999958,102,0,19.9022099447514,0
"622","LITTLE QUALICUM RIVER",1974,1974-06-07,158,7,0,16.5,16.9285714285714,18.3142857142858,14.757,-1.38571428571439,118.5,0,19.9022099447514,0
"623","LITTLE QUALICUM RIVER",1974,1974-06-08,159,8,0,15.3,17.0428571428565,17.8642857142856,14.7236666666666,-0.821428571429092,133.8,0,19.9022099447514,0
"624","LITTLE QUALICUM RIVER",1974,1974-06-09,160,9,0,14.2,16.8857142857149,17.0928571428574,14.7036666666667,-0.207142857142443,148,0,19.9022099447514,0
"625","LITTLE QUALICUM RIVER",1974,1974-06-10,161,10,0,14,16.6285714285716,16.4500000000002,14.7103333333335,0.178571428571427,162,0,19.9022099447514,0
"626","LITTLE QUALICUM RIVER",1974,1974-06-11,162,11,0,14.5,15.8714285714284,16.0642857142858,14.7636666666668,-0.192857142857456,176.5,0,19.9022099447514,0
"627","LITTLE QUALICUM RIVER",1974,1974-06-12,163,12,0,15.2,15.3285714285708,15.8928571428571,14.8769999999999,-0.564285714286337,191.7,0,19.9022099447514,0
"628","LITTLE QUALICUM RIVER",1974,1974-06-13,164,13,0,16.3,15.1428571428571,15.9142857142859,15.0470000000001,-0.77142857142878,208,0,19.9022099447514,0
"629","LITTLE QUALICUM RIVER",1974,1974-06-14,165,14,0,18.3,15.3999999999994,16.1642857142854,15.3003333333332,-0.764285714286025,226.3,0,19.9022099447514,0
"630","LITTLE QUALICUM RIVER",1974,1974-06-15,166,15,0,19,15.9285714285714,16.485714285714,15.5903333333333,-0.557142857142546,245.3,0,19.9022099447514,0
"631","LITTLE QUALICUM RIVER",1974,1974-06-16,167,16,0,18.4,16.528571428571,16.707142857143,15.881,-0.178571428571949,263.7,0,19.9022099447514,0
"632","LITTLE QUALICUM RIVER",1974,1974-06-17,168,17,0,18.4,17.1571428571426,16.8928571428571,16.1829999999999,0.264285714285506,282.1,0,19.9022099447514,0
"633","LITTLE QUALICUM RIVER",1974,1974-06-18,169,18,0,18.3,17.7000000000002,16.7857142857143,16.4853333333335,0.914285714285924,300.4,0,19.9022099447514,0
"634","LITTLE QUALICUM RIVER",1974,1974-06-19,170,19,0,17.8,18.0714285714286,16.6999999999997,16.7719999999999,1.37142857142889,318.2,0,19.9022099447514,0
"635","LITTLE QUALICUM RIVER",1974,1974-06-20,171,20,0,17.7,18.2714285714288,16.707142857143,17.0553333333335,1.56428571428582,335.9,0,19.9022099447514,0
"636","LITTLE QUALICUM RIVER",1974,1974-06-21,172,21,0,17,18.0857142857151,16.7428571428572,17.3,1.34285714285787,352.9,0,19.9022099447514,0
"637","LITTLE QUALICUM RIVER",1974,1974-06-22,173,22,0,16.1,17.6714285714292,16.8000000000003,17.4333333333333,0.871428571428883,369,0,19.9022099447514,0
"638","LITTLE QUALICUM RIVER",1974,1974-06-23,174,23,0,14.6,17.1285714285716,16.8285714285713,17.3833333333333,0.30000000000031,383.6,0,19.9022099447514,0
"639","LITTLE QUALICUM RIVER",1974,1974-06-24,175,24,0,13.5,16.4285714285714,16.792857142857,17.1133333333334,-0.364285714285611,397.1,1,19.9022099447514,0
"640","LITTLE QUALICUM RIVER",1974,1974-06-25,176,25,0,12.7,15.6285714285706,16.6642857142854,16.7033333333333,-1.03571428571481,409.8,2,19.9022099447514,0
"641","LITTLE QUALICUM RIVER",1974,1974-06-26,177,26,0,12.1,14.8142857142863,16.4428571428575,16.3400000000001,-1.62857142857112,421.9,3,19.9022099447514,0
"642","LITTLE QUALICUM RIVER",1974,1974-06-27,178,27,0,12,14,16.1357142857144,16.0766666666668,-2.13571428571439,433.9,4,19.9022099447514,0
"643","LITTLE QUALICUM RIVER",1974,1974-06-28,179,28,0,12.4,13.3428571428563,15.7142857142857,15.9033333333333,-2.3714285714294,446.3,5,19.9022099447514,0
"644","LITTLE QUALICUM RIVER",1974,1974-06-29,180,29,0,12.3,12.7999999999998,15.2357142857145,15.78,-2.4357142857147,458.6,6,19.9022099447514,0
"645","LITTLE QUALICUM RIVER",1974,1974-06-30,181,30,0,12.5,12.5,14.8142857142858,15.7033333333333,-2.31428571428582,471.1,7,19.9022099447514,0
"646","LITTLE QUALICUM RIVER",1974,1974-07-01,182,31,0,12.5,12.3571428571429,14.3928571428571,15.6366666666666,-2.03571428571428,483.6,8,19.9022099447514,0
"647","LITTLE QUALICUM RIVER",1974,1974-07-02,183,32,0,11.8,12.2285714285723,13.9285714285714,15.5200000000002,-1.69999999999917,495.4,9,19.9022099447514,0
"648","LITTLE QUALICUM RIVER",1974,1974-07-03,184,33,0,11.6,12.1571428571426,13.4857142857145,15.38,-1.32857142857184,507,10,19.9022099447514,0
"649","LITTLE QUALICUM RIVER",1974,1974-07-04,185,34,0,11.5,12.0857142857141,13.042857142857,15.1033333333333,-0.957142857142962,518.5,11,19.9022099447514,0
"650","LITTLE QUALICUM RIVER",1974,1974-07-05,186,35,0,11,11.8857142857149,12.6142857142856,14.8366666666666,-0.728571428570701,529.5,12,19.9022099447514,0
"651","LITTLE QUALICUM RIVER",1974,1974-07-06,187,36,0,10.5,11.6285714285716,12.2142857142857,14.6,-0.585714285714078,540,13,19.9022099447514,0
"652","LITTLE QUALICUM RIVER",1974,1974-07-07,188,37,0,10.1,11.2857142857143,11.8928571428571,14.3866666666666,-0.607142857142856,550.1,14,19.9022099447514,0
"653","LITTLE QUALICUM RIVER",1974,1974-07-08,189,38,0,9.8,10.9000000000004,11.6285714285716,14.2033333333335,-0.72857142857122,559.9,15,19.9022099447514,0
"654","LITTLE QUALICUM RIVER",1974,1974-07-09,190,39,0,10.1,10.6571428571426,11.4428571428575,14.0666666666667,-0.785714285714805,570,16,19.9022099447514,0
"655","LITTLE QUALICUM RIVER",1974,1974-07-10,191,40,0,11.3,10.6142857142851,11.3857142857139,13.9766666666665,-0.77142857142878,581.3,17,19.9022099447514,0
"656","LITTLE QUALICUM RIVER",1974,1974-07-11,192,41,0,11.3,10.5857142857141,11.3357142857141,13.87,-0.75,592.6,18,19.9022099447514,0
"657","LITTLE QUALICUM RIVER",1974,1974-07-12,193,42,0,11.3,10.6285714285716,11.2571428571433,13.7400000000001,-0.628571428571638,603.9,19,19.9022099447514,0
"658","LITTLE QUALICUM RIVER",1974,1974-07-13,194,43,0,11,10.7000000000002,11.1642857142859,13.5633333333334,-0.464285714285715,614.9,20,19.9022099447514,0
"659","LITTLE QUALICUM RIVER",1974,1974-07-14,195,44,0,10.4,10.7428571428567,11.0142857142855,13.3,-0.27142857142878,625.3,21,19.9022099447514,0
"660","LITTLE QUALICUM RIVER",1974,1974-07-15,196,45,0,10,10.7714285714277,10.8357142857141,13,-0.0642857142863384,635.3,22,19.9022099447514,0
"661","LITTLE QUALICUM RIVER",1974,1974-07-16,197,46,0,9.85,10.7357142857145,10.6964285714286,12.7150000000001,0.0392857142859224,645.15,23,19.9022099447514,0
"662","LITTLE QUALICUM RIVER",1974,1974-07-17,198,47,0,13.8,11.0928571428574,10.8535714285712,12.5616666666666,0.239285714286131,658.95,24,19.9022099447514,0
"663","LITTLE QUALICUM RIVER",1974,1974-07-18,199,48,0,13.6,11.4214285714282,11.0035714285711,12.4049999999998,0.417857142857038,672.55,25,19.9022099447514,0
"664","LITTLE QUALICUM RIVER",1974,1974-07-19,200,49,0,12.5,11.5928571428563,11.110714285714,12.2283333333333,0.482142857142339,685.05,26,19.9022099447514,0
"665","LITTLE QUALICUM RIVER",1974,1974-07-20,201,50,0,11.4,11.6499999999994,11.1749999999998,12.0183333333332,0.474999999999584,696.45,27,19.9022099447514,0
"666","LITTLE QUALICUM RIVER",1974,1974-07-21,202,51,0,10.8,11.7071428571435,11.2250000000001,11.8116666666666,0.482142857143376,707.25,28,19.9022099447514,0
"667","LITTLE QUALICUM RIVER",1974,1974-07-22,203,52,0,10.5,11.7785714285721,11.2749999999999,11.625,0.503571428572156,717.75,29,19.9022099447514,0
"668","LITTLE QUALICUM RIVER",1974,1974-07-23,204,53,0,10.3,11.8428571428563,11.2892857142854,11.4816666666666,0.55357142857091,728.05,30,19.9022099447514,0
"669","LITTLE QUALICUM RIVER",1974,1974-07-24,205,54,0,9.77,11.2671428571432,11.1800000000003,11.3573333333334,0.0871428571429398,737.82,31,19.9022099447514,0
"670","LITTLE QUALICUM RIVER",1974,1974-07-25,206,55,0,9.2,10.6385714285716,11.0299999999999,11.2406666666667,-0.39142857142828,747.02,32,19.9022099447514,0
"671","LITTLE QUALICUM RIVER",1974,1974-07-26,207,56,0,8.75,10.1028571428573,10.8478571428568,11.1289999999998,-0.744999999999502,755.77,33,19.9022099447514,0
"672","LITTLE QUALICUM RIVER",1974,1974-07-27,208,57,0,8.24,9.65142857142824,10.6507142857138,11.0036666666664,-0.999285714285568,764.01,34,19.9022099447514,0
"673","LITTLE QUALICUM RIVER",1974,1974-07-28,209,58,0,7.82,9.2257142857135,10.4664285714285,10.851,-1.24071428571499,771.83,35,19.9022099447514,0
"674","LITTLE QUALICUM RIVER",1974,1974-07-29,210,59,0,7.7,8.82571428571412,10.3021428571431,10.6976666666667,-1.47642857142897,779.53,36,19.9022099447514,0
"675","LITTLE QUALICUM RIVER",1974,1974-07-30,211,60,0,7.39,8.41000000000037,10.1264285714283,10.5273333333333,-1.71642857142797,786.92,37,19.9022099447514,0
"676","LITTLE QUALICUM RIVER",1974,1974-07-31,212,61,0,7.08,8.02571428571433,9.64642857142878,10.3466666666667,-1.62071428571445,794,38,19.9022099447514,0
"677","LITTLE QUALICUM RIVER",1974,1974-08-01,213,62,0,6.77,7.67857142857143,9.15857142857151,10.1789999999998,-1.48000000000008,800.77,39,19.9022099447514,0
"678","LITTLE QUALICUM RIVER",1974,1974-08-02,214,63,0,6.57,7.36714285714282,8.73500000000006,10.0113333333332,-1.36785714285725,807.34,40,19.9022099447514,0
"679","LITTLE QUALICUM RIVER",1974,1974-08-03,215,64,0,6.29,7.0885714285718,8.37000000000002,9.83766666666658,-1.28142857142822,813.63,41,19.9022099447514,0
"680","LITTLE QUALICUM RIVER",1974,1974-08-04,216,65,0,5.92,6.81714285714302,8.02142857142826,9.66833333333319,-1.20428571428524,819.55,42,19.9022099447514,0
"681","LITTLE QUALICUM RIVER",1974,1974-08-05,217,66,0,5.52,6.50571428571441,7.66571428571427,9.50233333333332,-1.15999999999985,825.07,43,19.9022099447514,0
"682","LITTLE QUALICUM RIVER",1974,1974-08-06,218,67,0,5.15,6.1857142857147,7.29785714285754,9.33733333333342,-1.11214285714284,830.22,44,19.9022099447514,0
"683","LITTLE QUALICUM RIVER",1974,1974-08-07,219,68,0,4.87,5.8699999999995,6.94785714285691,9.17299999999983,-1.07785714285741,835.09,45,19.9022099447514,0
"684","LITTLE QUALICUM RIVER",1974,1974-08-08,220,69,0,4.53,5.54999999999979,6.61428571428561,8.98733333333318,-1.06428571428582,839.62,46,19.9022099447514,0
"685","LITTLE QUALICUM RIVER",1974,1974-08-09,221,70,0,4.33,5.23000000000008,6.29857142857145,8.75500000000005,-1.06857142857137,843.95,47,19.9022099447514,0
"686","LITTLE QUALICUM RIVER",1974,1974-08-10,222,71,0,4.22,4.93428571428584,6.01142857142882,8.51899999999999,-1.07714285714298,848.17,48,19.9022099447514,0
"687","LITTLE QUALICUM RIVER",1974,1974-08-11,223,72,0,4.11,4.67571428571474,5.74642857142888,8.27933333333325,-1.07071428571414,852.28,49,19.9022099447514,0
"688","LITTLE QUALICUM RIVER",1974,1974-08-12,224,73,0,3.94,4.45000000000021,5.47785714285731,8.04399999999999,-1.0278571428571,856.22,50,19.9022099447514,0
"689","LITTLE QUALICUM RIVER",1974,1974-08-13,225,74,0,3.77,4.25285714285669,5.21928571428569,7.82300000000008,-0.966428571429009,859.99,51,19.9022099447514,0
"690","LITTLE QUALICUM RIVER",1974,1974-08-14,226,75,0,3.6,4.07142857142857,4.97071428571404,7.6096666666667,-0.899285714285465,863.59,52,19.9022099447514,0
"691","LITTLE QUALICUM RIVER",1974,1974-08-15,227,76,0,3.4,3.91000000000037,4.73000000000008,7.39466666666655,-0.819999999999709,866.99,53,19.9022099447514,0
"692","LITTLE QUALICUM RIVER",1974,1974-08-16,228,77,0,3.28,3.75999999999996,4.49500000000002,7.04399999999999,-0.735000000000062,870.27,54,19.9022099447514,0
"693","LITTLE QUALICUM RIVER",1974,1974-08-17,229,78,0,3.17,3.60999999999954,4.27214285714269,6.69633333333331,-0.662142857143148,873.44,55,19.9022099447514,0
"694","LITTLE QUALICUM RIVER",1974,1974-08-18,230,79,0,3,3.45142857142803,4.06357142857139,6.37966666666665,-0.612142857143356,876.44,56,19.9022099447514,0
"695","LITTLE QUALICUM RIVER",1974,1974-08-19,231,80,0,2.89,3.30142857142762,3.87571428571391,6.09599999999991,-0.574285714286296,879.33,57,19.9022099447514,0
"696","LITTLE QUALICUM RIVER",1974,1974-08-20,232,81,0,2.76,3.15714285714265,3.70499999999967,5.82799999999988,-0.547857142857018,882.09,58,19.9022099447514,0
"697","LITTLE QUALICUM RIVER",1974,1974-08-21,233,82,0,2.54,3.00571428571441,3.53857142857149,5.56266666666658,-0.53285714285708,884.63,59,19.9022099447514,0
"698","LITTLE QUALICUM RIVER",1974,1974-08-22,234,83,0,2.42,2.86571428571395,3.38785714285716,5.3,-0.522142857143211,887.05,60,19.9022099447514,0
"699","LITTLE QUALICUM RIVER",1974,1974-08-23,235,84,0,2.39,2.73857142857118,3.24928571428557,5.05399999999984,-0.51071428571439,889.44,61,19.9022099447514,0
"700","LITTLE QUALICUM RIVER",1974,1974-08-24,236,85,0,2.4,2.62857142857164,3.11928571428559,4.82733333333332,-0.490714285713953,891.84,62,19.9022099447514,0
"701","LITTLE QUALICUM RIVER",1974,1974-08-25,237,86,0,2.35,2.53571428571429,2.99357142857116,4.61399999999994,-0.457857142856873,894.19,63,19.9022099447514,0
"702","LITTLE QUALICUM RIVER",1974,1974-08-26,238,87,0,2.28,2.44857142857238,2.875,4.41533333333355,-0.426428571427615,896.47,64,19.9022099447514,0
"703","LITTLE QUALICUM RIVER",1974,1974-08-27,239,88,0,2.18,2.36571428571499,2.76142857142882,4.22733333333357,-0.395714285713828,898.65,65,19.9022099447514,0
"704","LITTLE QUALICUM RIVER",1974,1974-08-28,240,89,0,2.12,2.3057142857142,2.65571428571431,4.04133333333327,-0.350000000000104,900.77,66,19.9022099447514,0
"705","LITTLE QUALICUM RIVER",1974,1974-08-29,241,90,0,2.09,2.25857142857214,2.56214285714304,3.86466666666674,-0.303571428570909,902.86,67,19.9022099447514,0
"706","LITTLE QUALICUM RIVER",1974,1974-08-30,242,91,0,2.09,2.21571428571458,2.47714285714288,3.69833333333324,-0.261428571428301,904.95,68,19.9022099447514,0
"707","LITTLE QUALICUM RIVER",1974,1974-08-31,243,92,0,2.02,2.16142857142924,2.39500000000044,3.54000000000015,-0.2335714285712,906.97,69,19.9022099447514,0
"708","LITTLE QUALICUM RIVER",1974,1974-09-01,244,93,1,1.96,2.10571428571503,2.32071428571466,3.38633333333346,-0.214999999999626,908.93,70,19.9022099447514,0
"709","LITTLE QUALICUM RIVER",1975,1975-06-01,152,1,0,14.7,11.7428571428567,12.3071428571431,14.0666666666667,-0.564285714286338,14.7,0,10.3825414364641,0
"710","LITTLE QUALICUM RIVER",1975,1975-06-02,153,2,0,15.7,12.528571428571,12.3357142857141,14.1733333333332,0.192857142856935,30.4,0,10.3825414364641,0
"711","LITTLE QUALICUM RIVER",1975,1975-06-03,154,3,0,14.7,13.2000000000012,12.4071428571437,14.2400000000004,0.79285714285756,45.1,0,10.3825414364641,0
"712","LITTLE QUALICUM RIVER",1975,1975-06-04,155,4,0,13.7,13.7142857142857,12.4428571428569,14.2933333333334,1.27142857142878,58.8,1,10.3825414364641,0
"713","LITTLE QUALICUM RIVER",1975,1975-06-05,156,5,0,13.6,14.0714285714286,12.4714285714279,14.3433333333329,1.60000000000062,72.4,2,10.3825414364641,0
"714","LITTLE QUALICUM RIVER",1975,1975-06-06,157,6,0,12.4,14.0571428571441,12.4571428571435,14.3700000000002,1.60000000000062,84.8,3,10.3825414364641,0
"715","LITTLE QUALICUM RIVER",1975,1975-06-07,158,7,0,11.5,13.7571428571433,12.4571428571435,14.3666666666667,1.29999999999979,96.3,4,10.3825414364641,0
"716","LITTLE QUALICUM RIVER",1975,1975-06-08,159,8,0,10.7,13.1857142857147,12.4642857142857,14.2766666666668,0.721428571428987,107,5,10.3825414364641,0
"717","LITTLE QUALICUM RIVER",1975,1975-06-09,160,9,0,10,12.3714285714294,12.4500000000002,14.0133333333331,-0.0785714285708039,117,6,10.3825414364641,0
"718","LITTLE QUALICUM RIVER",1975,1975-06-10,161,10,0,10.1,11.7142857142857,12.4571428571435,13.6766666666668,-0.742857142857767,127.1,7,10.3825414364641,0
"719","LITTLE QUALICUM RIVER",1975,1975-06-11,162,11,0,10.5,11.2571428571433,12.4857142857145,13.3866666666669,-1.22857142857122,137.6,8,10.3825414364641,0
"720","LITTLE QUALICUM RIVER",1975,1975-06-12,163,12,0,10.4,10.8000000000008,12.4357142857147,13.1566666666666,-1.63571428571387,148,9,10.3825414364641,0
"721","LITTLE QUALICUM RIVER",1975,1975-06-13,164,13,0,10.9,10.585714285713,12.3214285714286,12.9133333333331,-1.73571428571553,158.9,10,10.3825414364641,0
"722","LITTLE QUALICUM RIVER",1975,1975-06-14,165,14,0,10.8,10.4857142857135,12.1214285714284,12.6366666666664,-1.63571428571491,169.7,11,10.3825414364641,0
"723","LITTLE QUALICUM RIVER",1975,1975-06-15,166,15,0,10.3,10.4285714285714,11.8071428571431,12.3733333333332,-1.37857142857164,180,12,10.3825414364641,0
"724","LITTLE QUALICUM RIVER",1975,1975-06-16,167,16,0,9.57,10.3671428571439,11.3692857142866,12.1223333333338,-1.00214285714277,189.57,13,10.3825414364641,0
"725","LITTLE QUALICUM RIVER",1975,1975-06-17,168,17,0,8.98,10.2071428571424,10.9607142857141,11.871666666667,-0.753571428571636,198.55,14,10.3825414364641,0
"726","LITTLE QUALICUM RIVER",1975,1975-06-18,169,18,0,8.58,9.93285714285698,10.5950000000001,11.6476666666669,-0.662142857143149,207.13,15,10.3825414364641,0
"727","LITTLE QUALICUM RIVER",1975,1975-06-19,170,19,0,8.44,9.65285714285814,10.2264285714295,11.4723333333338,-0.573571428571345,215.57,16,10.3825414364641,0
"728","LITTLE QUALICUM RIVER",1975,1975-06-20,171,20,0,8.58,9.32142857142857,9.95357142857081,11.3183333333329,-0.632142857142235,224.15,17,10.3825414364641,0
"729","LITTLE QUALICUM RIVER",1975,1975-06-21,172,21,0,8.44,8.98428571428563,9.73499999999954,11.1596666666665,-0.750714285713912,232.59,18,10.3825414364641,0
"730","LITTLE QUALICUM RIVER",1975,1975-06-22,173,22,0,8.27,8.6942857142858,9.56142857142861,11.0153333333335,-0.867142857142815,240.86,19,10.3825414364641,0
"731","LITTLE QUALICUM RIVER",1975,1975-06-23,174,23,0,8.01,8.47142857142691,9.41928571428538,10.899,-0.947857142858473,248.87,20,10.3825414364641,0
"732","LITTLE QUALICUM RIVER",1975,1975-06-24,175,24,0,7.65,8.28142857142874,9.24428571428559,10.8006666666668,-0.962857142856853,256.52,21,10.3825414364641,0
"733","LITTLE QUALICUM RIVER",1975,1975-06-25,176,25,0,7.33,8.10285714285731,9.01785714285714,10.7050000000003,-0.914999999999834,263.85,22,10.3825414364641,0
"734","LITTLE QUALICUM RIVER",1975,1975-06-26,177,26,0,7.28,7.93714285714252,8.79500000000033,10.6143333333336,-0.857857142857807,271.13,23,10.3825414364641,0
"735","LITTLE QUALICUM RIVER",1975,1975-06-27,178,27,0,7.31,7.75571428571545,8.53857142857201,10.5213333333333,-0.782857142856561,278.44,24,10.3825414364641,0
"736","LITTLE QUALICUM RIVER",1975,1975-06-28,179,28,0,6.85,7.52857142857101,8.25642857142832,10.3796666666666,-0.727857142857308,285.29,25,10.3825414364641,0
"737","LITTLE QUALICUM RIVER",1975,1975-06-29,180,29,0,6.51,7.27714285714319,7.98571428571449,10.1800000000003,-0.708571428571304,291.8,26,10.3825414364641,0
"738","LITTLE QUALICUM RIVER",1975,1975-06-30,181,30,0,6.14,7.010000000001,7.74071428571395,9.93133333333341,-0.730714285712955,297.94,27,10.3825414364641,0
"739","LITTLE QUALICUM RIVER",1975,1975-07-01,182,31,0,5.95,6.76714285714219,7.52428571428546,9.63966666666674,-0.757142857143273,303.89,28,10.3825414364641,0
"740","LITTLE QUALICUM RIVER",1975,1975-07-02,183,32,0,5.89,6.56142857142757,7.33214285714244,9.31266666666682,-0.770714285714868,309.78,29,10.3825414364641,0
"741","LITTLE QUALICUM RIVER",1975,1975-07-03,184,33,0,5.92,6.36714285714178,7.15214285714215,9.01999999999971,-0.785000000000374,315.7,30,10.3825414364641,0
"742","LITTLE QUALICUM RIVER",1975,1975-07-04,185,34,0,5.92,6.16857142857043,6.96214285714294,8.76066666666642,-0.79357142857251,321.62,31,10.3825414364641,0
"743","LITTLE QUALICUM RIVER",1975,1975-07-05,186,35,0,5.95,6.04000000000191,6.78428571428646,8.50566666666709,-0.74428571428455,327.57,32,10.3825414364641,0
"744","LITTLE QUALICUM RIVER",1975,1975-07-06,187,36,0,5.95,5.96000000000017,6.61857142857168,8.29066666666671,-0.658571428571512,333.52,33,10.3825414364641,0
"745","LITTLE QUALICUM RIVER",1975,1975-07-07,188,37,0,5.92,5.92857142857143,6.46928571428621,8.10466666666665,-0.540714285714785,339.44,34,10.3825414364641,0
"746","LITTLE QUALICUM RIVER",1975,1975-07-08,189,38,0,5.97,5.93142857142915,6.34928571428567,7.94700000000012,-0.417857142856519,345.41,35,10.3825414364641,0
"747","LITTLE QUALICUM RIVER",1975,1975-07-09,190,39,0,5.8,5.91857142857251,6.24000000000004,7.80700000000021,-0.321428571427532,351.21,36,10.3825414364641,0
"748","LITTLE QUALICUM RIVER",1975,1975-07-10,191,40,0,5.64,5.87857142857268,6.12285714285723,7.65833333333333,-0.24428571428455,356.85,37,10.3825414364641,0
"749","LITTLE QUALICUM RIVER",1975,1975-07-11,192,41,0,5.3,5.78999999999983,5.97928571428513,7.48499999999961,-0.189285714285298,362.15,38,10.3825414364641,0
"750","LITTLE QUALICUM RIVER",1975,1975-07-12,193,42,0,5.1,5.66857142857043,5.85428571428617,7.30833333333333,-0.185714285715741,367.25,39,10.3825414364641,0
"751","LITTLE QUALICUM RIVER",1975,1975-07-13,194,43,0,4.76,5.4985714285701,5.72928571428513,7.10366666666669,-0.230714285715035,372.01,40,10.3825414364641,0
"752","LITTLE QUALICUM RIVER",1975,1975-07-14,195,44,0,4.53,5.29999999999875,5.61428571428509,6.89466666666655,-0.314285714286338,376.54,41,10.3825414364641,0
"753","LITTLE QUALICUM RIVER",1975,1975-07-15,196,45,0,4.45,5.08285714285739,5.50714285714327,6.69966666666684,-0.42428571428588,380.99,42,10.3825414364641,0
"754","LITTLE QUALICUM RIVER",1975,1975-07-16,197,46,0,4.02,4.82857142856977,5.37357142857114,6.51466666666626,-0.545000000001372,385.01,43,10.3825414364641,0
"755","LITTLE QUALICUM RIVER",1975,1975-07-17,198,47,0,3.74,4.55714285714203,5.21785714285735,6.3399999999999,-0.660714285715325,388.75,44,10.3825414364641,0
"756","LITTLE QUALICUM RIVER",1975,1975-07-18,199,48,0,3.68,4.32571428571412,5.05785714285698,6.17666666666628,-0.732142857142857,392.43,45,10.3825414364641,0
"757","LITTLE QUALICUM RIVER",1975,1975-07-19,200,49,0,3.48,4.09428571428621,4.88142857142832,6.01133333333322,-0.787142857142109,395.91,46,10.3825414364641,0
"758","LITTLE QUALICUM RIVER",1975,1975-07-20,201,50,0,3.34,3.89142857142932,4.69499999999971,5.83666666666686,-0.803571428570389,399.25,47,10.3825414364641,0
"759","LITTLE QUALICUM RIVER",1975,1975-07-21,202,51,0,3.17,3.69714285714352,4.49857142857114,5.66100000000006,-0.801428571427615,402.42,48,10.3825414364641,0
"760","LITTLE QUALICUM RIVER",1975,1975-07-22,203,52,0,3.06,3.4985714285701,4.29071428571375,5.48733333333318,-0.792142857143647,405.48,49,10.3825414364641,0
"761","LITTLE QUALICUM RIVER",1975,1975-07-23,204,53,0,2.94,3.34428571428621,4.08642857142799,5.31833333333343,-0.742142857141776,408.42,50,10.3825414364641,0
"762","LITTLE QUALICUM RIVER",1975,1975-07-24,205,54,0,2.92,3.22714285714236,3.89214285714219,5.16066666666641,-0.664999999999834,411.34,51,10.3825414364641,0
"763","LITTLE QUALICUM RIVER",1975,1975-07-25,206,55,0,2.86,3.11000000000058,3.71785714285735,5.01166666666638,-0.607857142856769,414.2,52,10.3825414364641,0
"764","LITTLE QUALICUM RIVER",1975,1975-07-26,207,56,0,2.74,3.00428571428555,3.54928571428588,4.86033333333326,-0.545000000000333,416.94,53,10.3825414364641,0
"765","LITTLE QUALICUM RIVER",1975,1975-07-27,208,57,0,2.67,2.90857142857151,3.40000000000042,4.70566666666661,-0.491428571428904,419.61,54,10.3825414364641,0
"766","LITTLE QUALICUM RIVER",1975,1975-07-28,209,58,0,2.55,2.82000000000075,3.25857142857214,4.56233333333366,-0.438571428571387,422.16,55,10.3825414364641,0
"767","LITTLE QUALICUM RIVER",1975,1975-07-29,210,59,0,2.47,2.73571428571553,3.11714285714282,4.42766666666672,-0.381428571427282,424.63,56,10.3825414364641,0
"768","LITTLE QUALICUM RIVER",1975,1975-07-30,211,60,0,2.39,2.65714285714369,3.00071428571495,4.30266666666672,-0.343571428571262,427.02,57,10.3825414364641,0
"769","LITTLE QUALICUM RIVER",1975,1975-07-31,212,61,0,2.28,2.5657142857152,2.89642857142878,4.18033333333345,-0.330714285713579,429.3,58,10.3825414364641,0
"770","LITTLE QUALICUM RIVER",1975,1975-08-01,213,62,0,2.19,2.47000000000116,2.79000000000087,4.05700000000021,-0.319999999999709,431.49,59,10.3825414364641,0
"771","LITTLE QUALICUM RIVER",1975,1975-08-02,214,63,0,2.15,2.38571428571387,2.69499999999971,3.93133333333341,-0.309285714285839,433.64,60,10.3825414364641,0
"772","LITTLE QUALICUM RIVER",1975,1975-08-03,215,64,0,2.13,2.30857142857193,2.60857142857172,3.80500000000029,-0.299999999999792,435.77,61,10.3825414364641,0
"773","LITTLE QUALICUM RIVER",1975,1975-08-04,216,65,0,2.05,2.23714285714336,2.52857142857205,3.675,-0.291428571428696,437.82,62,10.3825414364641,0
"774","LITTLE QUALICUM RIVER",1975,1975-08-05,217,66,0,2.06,2.17857142857143,2.45714285714348,3.54533333333335,-0.278571428572052,439.88,63,10.3825414364641,0
"775","LITTLE QUALICUM RIVER",1975,1975-08-06,218,67,0,1.98,2.1199999999995,2.38857142857159,3.41399999999994,-0.268571428572094,441.86,64,10.3825414364641,0
"776","LITTLE QUALICUM RIVER",1975,1975-08-07,219,68,0,1.93,2.06999999999867,2.31785714285693,3.279333333333,-0.247857142858265,443.79,65,10.3825414364641,0
"777","LITTLE QUALICUM RIVER",1975,1975-08-08,220,69,0,1.92,2.03142857142874,2.25071428571495,3.15,-0.219285714286213,445.71,66,10.3825414364641,0
"778","LITTLE QUALICUM RIVER",1975,1975-08-09,221,70,0,1.88,1.99285714285673,2.1892857142853,3.02466666666636,-0.196428571428571,447.59,67,10.3825414364641,0
"779","LITTLE QUALICUM RIVER",1975,1975-08-10,222,71,0,1.81,1.94714285714144,2.12785714285669,2.90833333333333,-0.180714285715242,449.4,68,10.3825414364641,0
"780","LITTLE QUALICUM RIVER",1975,1975-08-11,223,72,0,1.78,1.90857142856943,2.07285714285639,2.79766666666643,-0.164285714286962,451.18,69,10.3825414364641,0
"781","LITTLE QUALICUM RIVER",1975,1975-08-12,224,73,0,1.75,1.86428571428405,2.02142857142774,2.69733333333328,-0.157142857143689,452.93,70,10.3825414364641,0
"782","LITTLE QUALICUM RIVER",1975,1975-08-13,225,74,0,1.67,1.82000000000075,1.97000000000012,2.60200000000041,-0.149999999999376,454.6,71,10.3825414364641,0
"783","LITTLE QUALICUM RIVER",1975,1975-08-14,226,75,0,1.64,1.77857142857309,1.92428571428588,2.50833333333333,-0.145714285712789,456.24,72,10.3825414364641,0
"784","LITTLE QUALICUM RIVER",1975,1975-08-15,227,76,0,1.67,1.74285714285673,1.88714285714273,2.43000000000029,-0.144285714286005,457.91,73,10.3825414364641,0
"785","LITTLE QUALICUM RIVER",1975,1975-08-16,228,77,0,1.64,1.70857142857234,1.85071428571454,2.3600000000001,-0.142142857142192,459.55,74,10.3825414364641,0
"786","LITTLE QUALICUM RIVER",1975,1975-08-17,229,78,0,1.78,1.7042857142868,1.82571428571412,2.29666666666696,-0.121428571427324,461.33,75,10.3825414364641,0
"787","LITTLE QUALICUM RIVER",1975,1975-08-18,230,79,0,1.89,1.72000000000116,1.8142857142853,2.24366666666659,-0.0942857142841345,463.22,76,10.3825414364641,0
"788","LITTLE QUALICUM RIVER",1975,1975-08-19,231,80,0,1.8,1.72714285714444,1.79571428571424,2.19233333333347,-0.0685714285698069,465.02,77,10.3825414364641,0
"789","LITTLE QUALICUM RIVER",1975,1975-08-20,232,81,0,1.76,1.739999999999,1.77999999999988,2.14533333333335,-0.0400000000008731,466.78,78,10.3825414364641,0
"790","LITTLE QUALICUM RIVER",1975,1975-08-21,233,82,0,1.71,1.75,1.76428571428655,2.10033333333364,-0.0142857142865458,468.49,79,10.3825414364641,0
"791","LITTLE QUALICUM RIVER",1975,1975-08-22,234,83,0,1.89,1.78142857142874,1.76214285714273,2.06533333333355,0.0192857142860052,470.38,80,10.3825414364641,0
"792","LITTLE QUALICUM RIVER",1975,1975-08-23,235,84,0,5.55,2.33999999999859,2.02428571428546,2.15299999999988,0.315714285713121,475.93,81,10.3825414364641,0
"793","LITTLE QUALICUM RIVER",1975,1975-08-24,236,85,0,4.13,2.6757142857137,2.19000000000025,2.19533333333335,0.485714285713454,480.06,82,10.3825414364641,0
"794","LITTLE QUALICUM RIVER",1975,1975-08-25,237,86,0,3.48,2.90285714285606,2.31142857142861,2.21999999999971,0.591428571427449,483.54,83,10.3825414364641,0
"795","LITTLE QUALICUM RIVER",1975,1975-08-26,238,87,0,4.16,3.239999999999,2.48357142857172,2.26966666666655,0.756428571427283,487.7,84,10.3825414364641,0
"796","LITTLE QUALICUM RIVER",1975,1975-08-27,239,88,0,5.97,3.84142857142849,2.79071428571375,2.38366666666649,1.05071428571474,493.67,85,10.3825414364641,0
"797","LITTLE QUALICUM RIVER",1975,1975-08-28,240,89,0,6.03,4.45857142857026,3.10428571428513,2.50233333333308,1.35428571428513,499.7,86,10.3825414364641,0
"798","LITTLE QUALICUM RIVER",1975,1975-08-29,241,90,0,12,5.90285714285606,3.8421428571424,2.82266666666643,2.06071428571366,511.7,87,10.3825414364641,0
"799","LITTLE QUALICUM RIVER",1975,1975-08-30,242,91,0,13.8,7.08142857142957,4.71071428571408,3.20666666666657,2.37071428571549,525.5,88,10.3825414364641,0
"800","LITTLE QUALICUM RIVER",1975,1975-08-31,243,92,0,12.7,8.3057142857142,5.49071428571395,3.55699999999973,2.81500000000025,538.2,89,10.3825414364641,0
"801","LITTLE QUALICUM RIVER",1975,1975-09-01,244,93,1,10.9,9.36571428571603,6.13428571428605,3.84866666666688,3.23142857142999,549.1,90,10.3825414364641,0
"802","LITTLE QUALICUM RIVER",1976,1976-05-31,152,1,0,14.6,13.9471428571435,12.3014285714287,16.1473333333333,1.64571428571487,14.6,0,14.0087845303867,0
"803","LITTLE QUALICUM RIVER",1976,1976-06-01,153,2,0,13.8,14.5142857142865,12.3442857142862,15.8673333333335,2.17000000000033,28.4,1,14.0087845303867,0
"804","LITTLE QUALICUM RIVER",1976,1976-06-02,154,3,0,12.3,14.8428571428584,12.3728571428572,15.5606666666669,2.47000000000116,40.7,2,14.0087845303867,0
"805","LITTLE QUALICUM RIVER",1976,1976-06-03,155,4,0,10.9,14.085714285713,12.365714285714,15.2406666666667,1.71999999999909,51.6,3,14.0087845303867,0
"806","LITTLE QUALICUM RIVER",1976,1976-06-04,156,5,0,9.88,13.1399999999994,12.3428571428574,14.9300000000003,0.797142857142067,61.48,4,14.0087845303867,0
"807","LITTLE QUALICUM RIVER",1976,1976-06-05,157,6,0,9.32,12.2857142857143,12.3185714285708,14.6606666666664,-0.0328571428565603,70.8,5,14.0087845303867,0
"808","LITTLE QUALICUM RIVER",1976,1976-06-06,158,7,0,8.86,11.3799999999984,12.2899999999998,14.3959999999997,-0.910000000001414,79.66,6,14.0087845303867,0
"809","LITTLE QUALICUM RIVER",1976,1976-06-07,159,8,0,8.75,10.5442857142854,12.2457142857145,14.0376666666663,-1.70142857142907,88.41,7,14.0087845303867,0
"810","LITTLE QUALICUM RIVER",1976,1976-06-08,160,9,0,9.29,9.90000000000042,12.2071428571435,13.6106666666669,-2.30714285714306,97.7,8,14.0087845303867,0
"811","LITTLE QUALICUM RIVER",1976,1976-06-09,161,10,0,10.2,9.59999999999958,12.221428571429,13.1106666666669,-2.6214285714294,107.9,9,14.0087845303867,0
"812","LITTLE QUALICUM RIVER",1976,1976-06-10,162,11,0,10.5,9.54285714285756,11.8142857142853,12.6473333333333,-2.27142857142774,118.4,10,14.0087845303867,0
"813","LITTLE QUALICUM RIVER",1976,1976-06-11,163,12,0,10.5,9.63142857142832,11.3857142857139,12.2940000000002,-1.75428571428555,128.9,11,14.0087845303867,0
"814","LITTLE QUALICUM RIVER",1976,1976-06-12,164,13,0,10.2,9.75714285714327,11.0214285714288,11.9873333333332,-1.26428571428551,139.1,12,14.0087845303867,0
"815","LITTLE QUALICUM RIVER",1976,1976-06-13,165,14,0,9.77,9.88714285714377,10.6335714285711,11.7196666666665,-0.746428571427325,148.87,13,14.0087845303867,0
"816","LITTLE QUALICUM RIVER",1976,1976-06-14,166,15,0,9.32,9.96857142857126,10.2564285714283,11.5103333333333,-0.287857142857058,158.19,14,14.0087845303867,0
"817","LITTLE QUALICUM RIVER",1976,1976-06-15,167,16,0,10.8,10.1842857142848,10.0421428571426,11.3703333333334,0.142142857142192,168.99,15,14.0087845303867,0
"818","LITTLE QUALICUM RIVER",1976,1976-06-16,168,17,0,12.6,10.5271428571432,10.0635714285714,11.3070000000002,0.463571428571802,181.59,16,14.0087845303867,0
"819","LITTLE QUALICUM RIVER",1976,1976-06-17,169,18,0,13.1,10.8985714285705,10.220714285714,11.3036666666667,0.677857142856478,194.69,17,14.0087845303867,0
"820","LITTLE QUALICUM RIVER",1976,1976-06-18,170,19,0,14,11.3985714285705,10.5149999999994,11.3736666666664,0.883571428571097,208.69,0,14.0087845303867,0
"821","LITTLE QUALICUM RIVER",1976,1976-06-19,171,20,0,14.5,12.0128571428566,10.885,11.4903333333331,1.12785714285669,223.19,0,14.0087845303867,0
"822","LITTLE QUALICUM RIVER",1976,1976-06-20,172,21,0,13.6,12.5599999999998,11.2235714285718,11.6036666666667,1.33642857142799,236.79,1,14.0087845303867,0
"823","LITTLE QUALICUM RIVER",1976,1976-06-21,173,22,0,12.5,13.0142857142865,11.4914285714289,11.6983333333332,1.52285714285764,249.29,2,14.0087845303867,0
"824","LITTLE QUALICUM RIVER",1976,1976-06-22,174,23,0,11.4,13.0999999999996,11.6421428571422,11.7696666666666,1.45785714285739,260.69,3,14.0087845303867,0
"825","LITTLE QUALICUM RIVER",1976,1976-06-23,175,24,0,10.8,12.8428571428563,11.6849999999998,11.8173333333335,1.15785714285656,271.49,4,14.0087845303867,0
"826","LITTLE QUALICUM RIVER",1976,1976-06-24,176,25,0,10.4,12.4571428571445,11.6778571428575,11.8363333333337,0.779285714287003,281.89,5,14.0087845303867,0
"827","LITTLE QUALICUM RIVER",1976,1976-06-25,177,26,0,10.1,11.9000000000004,11.6492857142855,11.8396666666667,0.250714285714951,291.99,6,14.0087845303867,0
"828","LITTLE QUALICUM RIVER",1976,1976-06-26,178,27,0,9.43,11.1757142857158,11.5942857142862,11.6139999999999,-0.418571428570431,301.42,7,14.0087845303867,0
"829","LITTLE QUALICUM RIVER",1976,1976-06-27,179,28,0,8.95,10.5114285714288,11.5357142857143,11.3623333333332,-1.02428571428547,310.37,8,14.0087845303867,0
"830","LITTLE QUALICUM RIVER",1976,1976-06-28,180,29,0,8.75,9.97571428571453,11.4950000000005,11.1440000000002,-1.51928571428601,319.12,9,14.0087845303867,0
"831","LITTLE QUALICUM RIVER",1976,1976-06-29,181,30,0,9.06,9.64142857142932,11.3707142857145,10.9393333333331,-1.72928571428513,328.18,10,14.0087845303867,0
"832","LITTLE QUALICUM RIVER",1976,1976-06-30,182,31,0,9.49,9.4542857142868,11.1485714285716,10.7690000000002,-1.69428571428476,337.67,11,14.0087845303867,0
"833","LITTLE QUALICUM RIVER",1976,1976-07-01,183,32,0,9.43,9.31571428571312,10.8864285714288,10.6233333333332,-1.5707142857157,347.1,12,14.0087845303867,0
"834","LITTLE QUALICUM RIVER",1976,1976-07-02,184,33,0,9,9.15857142857151,10.529285714286,10.5133333333331,-1.37071428571445,356.1,13,14.0087845303867,0
"835","LITTLE QUALICUM RIVER",1976,1976-07-03,185,34,0,8.72,9.05714285714203,10.1164285714289,10.4406666666667,-1.05928571428688,364.82,14,14.0087845303867,0
"836","LITTLE QUALICUM RIVER",1976,1976-07-04,186,35,0,9.51,9.13714285714169,9.82428571428526,10.428333333333,-0.687142857143563,374.33,15,14.0087845303867,0
"837","LITTLE QUALICUM RIVER",1976,1976-07-05,187,36,0,9.68,9.26999999999992,9.62285714285723,10.4403333333335,-0.35285714285731,384.01,16,14.0087845303867,0
"838","LITTLE QUALICUM RIVER",1976,1976-07-06,188,37,0,9.83,9.3800000000005,9.51071428571491,10.4726666666669,-0.130714285714411,393.84,17,14.0087845303867,0
"839","LITTLE QUALICUM RIVER",1976,1976-07-07,189,38,0,9.83,9.42857142857143,9.44142857142911,10.508666666667,-0.0128571428576834,403.67,18,14.0087845303867,0
"840","LITTLE QUALICUM RIVER",1976,1976-07-08,190,39,0,9.77,9.47714285714236,9.39642857142774,10.5246666666664,0.0807142857146186,413.44,19,14.0087845303867,0
"841","LITTLE QUALICUM RIVER",1976,1976-07-09,191,40,0,9.77,9.58714285714294,9.37285714285723,10.5103333333333,0.214285714285714,423.21,20,14.0087845303867,0
"842","LITTLE QUALICUM RIVER",1976,1976-07-10,192,41,0,9.34,9.6757142857137,9.36642857142786,10.4716666666665,0.30928571428584,432.55,21,14.0087845303867,0
"843","LITTLE QUALICUM RIVER",1976,1976-07-11,193,42,0,8.81,9.5757142857162,9.35642857142895,10.4153333333335,0.219285714287253,441.36,22,14.0087845303867,0
"844","LITTLE QUALICUM RIVER",1976,1976-07-12,194,43,0,8.38,9.38999999999942,9.32999999999967,10.3546666666666,0.05999999999975,449.74,23,14.0087845303867,0
"845","LITTLE QUALICUM RIVER",1976,1976-07-13,195,44,0,7.99,9.12714285714277,9.25357142857164,10.2953333333334,-0.126428571428862,457.73,24,14.0087845303867,0
"846","LITTLE QUALICUM RIVER",1976,1976-07-14,196,45,0,7.59,8.80714285714203,9.11785714285673,10.2376666666668,-0.310714285714701,465.32,25,14.0087845303867,0
"847","LITTLE QUALICUM RIVER",1976,1976-07-15,197,46,0,7.28,8.45142857142907,8.96428571428571,10.1203333333334,-0.512857142856642,472.6,26,14.0087845303867,0
"848","LITTLE QUALICUM RIVER",1976,1976-07-16,198,47,0,7.08,8.06714285714302,8.82714285714298,9.93633333333322,-0.759999999999959,479.68,27,14.0087845303867,0
"849","LITTLE QUALICUM RIVER",1976,1976-07-17,199,48,0,6.91,7.72000000000116,8.69785714285743,9.73000000000029,-0.977857142856269,486.59,28,14.0087845303867,0
"850","LITTLE QUALICUM RIVER",1976,1976-07-18,200,49,0,6.63,7.40857142856943,8.49214285714281,9.48433333333329,-1.08357142857338,493.22,29,14.0087845303867,0
"851","LITTLE QUALICUM RIVER",1976,1976-07-19,201,50,0,6.37,7.1214285714294,8.25571428571441,9.21333333333362,-1.13428571428501,499.59,30,14.0087845303867,0
"852","LITTLE QUALICUM RIVER",1976,1976-07-20,202,51,0,6.17,6.86142857142841,7.99428571428559,8.9656666666667,-1.13285714285718,505.76,31,14.0087845303867,0
"853","LITTLE QUALICUM RIVER",1976,1976-07-21,203,52,0,5.97,6.6300000000005,7.71857142857126,8.74800000000008,-1.08857142857076,511.73,32,14.0087845303867,0
"854","LITTLE QUALICUM RIVER",1976,1976-07-22,204,53,0,5.72,6.40714285714369,7.42928571428638,8.55866666666698,-1.02214285714269,517.45,33,14.0087845303867,0
"855","LITTLE QUALICUM RIVER",1976,1976-07-23,205,54,0,5.55,6.18857142857243,7.12785714285773,8.38366666666698,-0.939285714285299,523,34,14.0087845303867,0
"856","LITTLE QUALICUM RIVER",1976,1976-07-24,206,55,0,5.44,5.97857142857018,6.84928571428567,8.21833333333294,-0.870714285715491,528.44,35,14.0087845303867,0
"857","LITTLE QUALICUM RIVER",1976,1976-07-25,207,56,0,5.27,5.78428571428646,6.59642857142795,8.05733333333337,-0.812142857141485,533.71,36,14.0087845303867,0
"858","LITTLE QUALICUM RIVER",1976,1976-07-26,208,57,0,5.07,5.59857142857176,6.36000000000058,7.91200000000002,-0.761428571428821,538.78,37,14.0087845303867,0
"859","LITTLE QUALICUM RIVER",1976,1976-07-27,209,58,0,4.79,5.40142857142824,6.13142857142832,7.77333333333324,-0.730000000000083,543.57,38,14.0087845303867,0
"860","LITTLE QUALICUM RIVER",1976,1976-07-28,210,59,0,4.62,5.20857142857026,5.91928571428538,7.63566666666641,-0.710714285715117,548.19,39,14.0087845303867,0
"861","LITTLE QUALICUM RIVER",1976,1976-07-29,211,60,0,4.56,5.04285714285756,5.72500000000062,7.4856666666669,-0.682142857143066,552.75,40,14.0087845303867,0
"862","LITTLE QUALICUM RIVER",1976,1976-07-30,212,61,0,4.47,4.88857142856952,5.53857142857097,7.31833333333295,-0.650000000001455,557.22,41,14.0087845303867,0
"863","LITTLE QUALICUM RIVER",1976,1976-07-31,213,62,0,4.36,4.73428571428563,5.35642857142791,7.1493333333332,-0.622142857142275,561.58,42,14.0087845303867,0
"864","LITTLE QUALICUM RIVER",1976,1976-08-01,214,63,0,4.13,4.57142857142857,5.17785714285752,6.98700000000002,-0.606428571428946,565.71,43,14.0087845303867,0
"865","LITTLE QUALICUM RIVER",1976,1976-08-02,215,64,0,3.99,4.41714285714261,5.00785714285718,6.82933333333349,-0.590714285714577,569.7,44,14.0087845303867,0
"866","LITTLE QUALICUM RIVER",1976,1976-08-03,216,65,0,3.91,4.29142857142974,4.84642857142899,6.64266666666711,-0.554999999999252,573.61,45,14.0087845303867,0
"867","LITTLE QUALICUM RIVER",1976,1976-08-04,217,66,0,3.79,4.17285714285806,4.69071428571416,6.44633333333331,-0.517857142856103,577.4,46,14.0087845303867,0
"868","LITTLE QUALICUM RIVER",1976,1976-08-05,218,67,0,3.65,4.04285714285548,4.54285714285652,6.24033333333306,-0.500000000001039,581.05,47,14.0087845303867,0
"869","LITTLE QUALICUM RIVER",1976,1976-08-06,219,68,0,3.54,3.91000000000141,4.39928571428546,6.03066666666661,-0.489285714284051,584.59,48,14.0087845303867,0
"870","LITTLE QUALICUM RIVER",1976,1976-08-07,220,69,0,3.48,3.78428571428646,4.25928571428605,5.82100000000016,-0.474999999999584,588.07,49,14.0087845303867,0
"871","LITTLE QUALICUM RIVER",1976,1976-08-08,221,70,0,3.37,3.6757142857137,4.12357142857114,5.60766666666653,-0.447857142857434,591.44,50,14.0087845303867,0
"872","LITTLE QUALICUM RIVER",1976,1976-08-09,222,71,0,3.23,3.56714285714302,3.99214285714282,5.40400000000033,-0.424999999999792,594.67,51,14.0087845303867,0
"873","LITTLE QUALICUM RIVER",1976,1976-08-10,223,72,0,3.09,3.44999999999917,3.87071428571445,5.21333333333314,-0.420714285715284,597.76,52,14.0087845303867,0
"874","LITTLE QUALICUM RIVER",1976,1976-08-11,224,73,0,2.92,3.32571428571412,3.74928571428609,5.03133333333341,-0.423571428571969,600.68,53,14.0087845303867,0
"875","LITTLE QUALICUM RIVER",1976,1976-08-12,225,74,0,2.78,3.20142857142907,3.62214285714228,4.85766666666653,-0.420714285713205,603.46,54,14.0087845303867,0
"876","LITTLE QUALICUM RIVER",1976,1976-08-13,226,75,0,2.97,3.1199999999995,3.51500000000046,4.70366666666669,-0.395000000000957,606.43,55,14.0087845303867,0
"877","LITTLE QUALICUM RIVER",1976,1976-08-14,227,76,0,3.26,3.08857142857076,3.43642857142861,4.56966666666655,-0.34785714285785,609.69,56,14.0087845303867,0
"878","LITTLE QUALICUM RIVER",1976,1976-08-15,228,77,0,3,3.03571428571429,3.35571428571399,4.43366666666649,-0.319999999999709,612.69,57,14.0087845303867,0
"879","LITTLE QUALICUM RIVER",1976,1976-08-16,229,78,0,3.4,3.05999999999975,3.31357142857139,4.31666666666667,-0.253571428571636,616.09,58,14.0087845303867,0
"880","LITTLE QUALICUM RIVER",1976,1976-08-17,230,79,0,3.77,3.15714285714369,3.30357142857143,4.2213333333338,-0.14642857142774,619.86,59,14.0087845303867,0
"881","LITTLE QUALICUM RIVER",1976,1976-08-18,231,80,0,3.6,3.25428571428555,3.28999999999983,4.12899999999985,-0.0357142857142856,623.46,60,14.0087845303867,0
"882","LITTLE QUALICUM RIVER",1976,1976-08-19,232,81,0,3.51,3.35857142857068,3.27999999999988,4.04033333333306,0.0785714285708048,626.97,61,14.0087845303867,0
"883","LITTLE QUALICUM RIVER",1976,1976-08-20,233,82,0,3.48,3.43142857142915,3.27571428571433,3.95733333333337,0.155714285714827,630.45,62,14.0087845303867,0
"884","LITTLE QUALICUM RIVER",1976,1976-08-21,234,83,0,3.4,3.45142857142907,3.26999999999992,3.87999999999981,0.181428571429153,633.85,63,14.0087845303867,0
"885","LITTLE QUALICUM RIVER",1976,1976-08-22,235,84,0,3.45,3.51571428571437,3.27571428571433,3.80999999999961,0.240000000000042,637.3,64,14.0087845303867,0
"886","LITTLE QUALICUM RIVER",1976,1976-08-23,236,85,0,3.37,3.51142857142882,3.28571428571429,3.74100000000035,0.225714285714535,640.67,65,14.0087845303867,0
"887","LITTLE QUALICUM RIVER",1976,1976-08-24,237,86,0,3.34,3.44999999999917,3.30357142857143,3.67666666666676,0.14642857142774,644.01,66,14.0087845303867,0
"888","LITTLE QUALICUM RIVER",1976,1976-08-25,238,87,0,3.23,3.39714285714269,3.32571428571412,3.61533333333306,0.0714285714285712,647.24,67,14.0087845303867,0
"889","LITTLE QUALICUM RIVER",1976,1976-08-26,239,88,0,3.03,3.32857142857184,3.34357142857126,3.55666666666657,-0.0149999999994179,650.27,68,14.0087845303867,0
"890","LITTLE QUALICUM RIVER",1976,1976-08-27,240,89,0,3.23,3.29285714285756,3.36214285714336,3.51033333333374,-0.0692857142857974,653.5,69,14.0087845303867,0
"891","LITTLE QUALICUM RIVER",1976,1976-08-28,241,90,0,4.5,3.45000000000125,3.45071428571516,3.50833333333333,-0.000714285713911522,658,70,14.0087845303867,0
"892","LITTLE QUALICUM RIVER",1976,1976-08-29,242,91,0,4.39,3.58428571428729,3.55000000000083,3.50566666666709,0.0342857142864625,662.39,71,14.0087845303867,0
"893","LITTLE QUALICUM RIVER",1976,1976-08-30,243,92,0,4.13,3.6928571428559,3.60214285714236,3.49800000000008,0.0907142857135375,666.52,72,14.0087845303867,0
"894","LITTLE QUALICUM RIVER",1976,1976-08-31,244,93,0,3.85,3.76571428571437,3.60785714285677,3.48866666666678,0.1578571428576,670.37,73,14.0087845303867,0
"895","LITTLE QUALICUM RIVER",1976,1976-09-01,245,94,0,3.62,3.82142857142857,3.60928571428563,3.47633333333312,0.212142857142941,673.99,74,14.0087845303867,0
"896","LITTLE QUALICUM RIVER",1976,1976-09-02,246,95,0,3.34,3.86571428571395,3.5971428571429,3.45733333333289,0.268571428571054,677.33,75,14.0087845303867,0
"897","LITTLE QUALICUM RIVER",1976,1976-09-03,247,96,0,3.11,3.84857142856968,3.57071428571362,3.43466666666645,0.277857142856062,680.44,76,14.0087845303867,0
"898","LITTLE QUALICUM RIVER",1976,1976-09-04,248,97,0,3.09,3.64714285714269,3.54857142857197,3.41600000000035,0.0985714285707218,683.53,77,14.0087845303867,0
"899","LITTLE QUALICUM RIVER",1976,1976-09-05,249,98,1,3.88,3.57428571428422,3.57928571428576,3.42733333333308,-0.00500000000153822,687.41,78,14.0087845303867,0
"900","LITTLE QUALICUM RIVER",1977,1977-06-01,152,1,0,7.14,6.49571428571445,6.49214285714282,7.68466666666694,0.00357142857163595,7.14,34,10.8874033149171,0
"901","LITTLE QUALICUM RIVER",1977,1977-06-02,153,2,0,6.97,6.60142857142949,6.54714285714311,7.53033333333345,0.0542857142863795,14.11,35,10.8874033149171,0
"902","LITTLE QUALICUM RIVER",1977,1977-06-03,154,3,0,6.74,6.66285714285706,6.58142857142853,7.36833333333295,0.0814285714285292,20.85,36,10.8874033149171,0
"903","LITTLE QUALICUM RIVER",1977,1977-06-04,155,4,0,6.74,6.70285714285689,6.56357142857139,7.21299999999998,0.139285714285506,27.59,37,10.8874033149171,0
"904","LITTLE QUALICUM RIVER",1977,1977-06-05,156,5,0,7.16,6.80000000000083,6.58928571428571,7.09833333333324,0.210714285715117,34.75,38,10.8874033149171,0
"905","LITTLE QUALICUM RIVER",1977,1977-06-06,157,6,0,7.62,6.98285714285781,6.65214285714319,7.01899999999975,0.330714285714619,42.37,39,10.8874033149171,0
"906","LITTLE QUALICUM RIVER",1977,1977-06-07,158,7,0,7.62,7.14142857142724,6.74357142857064,6.96233333333318,0.397857142856602,49.99,40,10.8874033149171,0
"907","LITTLE QUALICUM RIVER",1977,1977-06-08,159,8,0,7.22,7.15285714285606,6.82428571428526,6.90099999999996,0.328571428570805,57.21,41,10.8874033149171,0
"908","LITTLE QUALICUM RIVER",1977,1977-06-09,160,9,0,6.82,7.13142857142832,6.8664285714289,6.83400000000014,0.264999999999418,64.03,42,10.8874033149171,0
"909","LITTLE QUALICUM RIVER",1977,1977-06-10,161,10,0,6.4,7.08285714285739,6.87285714285723,6.76133333333322,0.210000000000166,70.43,43,10.8874033149171,0
"910","LITTLE QUALICUM RIVER",1977,1977-06-11,162,11,0,6.09,6.99000000000108,6.84642857142899,6.69900000000004,0.143571428572094,76.52,44,10.8874033149171,0
"911","LITTLE QUALICUM RIVER",1977,1977-06-12,163,12,0,5.8,6.7957142857132,6.79785714285702,6.64233333333298,-0.00214285714381379,82.32,45,10.8874033149171,0
"912","LITTLE QUALICUM RIVER",1977,1977-06-13,164,13,0,5.47,6.48857142857118,6.73571428571449,6.58600000000006,-0.247142857143315,87.79,46,10.8874033149171,0
"913","LITTLE QUALICUM RIVER",1977,1977-06-14,165,14,0,5.24,6.14857142857259,6.64499999999992,6.53233333333337,-0.496428571427324,93.03,47,10.8874033149171,0
"914","LITTLE QUALICUM RIVER",1977,1977-06-15,166,15,0,5.04,5.83714285714294,6.4949999999995,6.48233333333337,-0.65785714285656,98.07,48,10.8874033149171,0
"915","LITTLE QUALICUM RIVER",1977,1977-06-16,167,16,0,4.76,5.54285714285756,6.33714285714294,6.43066666666661,-0.794285714285382,102.83,49,10.8874033149171,0
"916","LITTLE QUALICUM RIVER",1977,1977-06-17,168,17,0,4.59,5.28428571428646,6.18357142857193,6.37233333333328,-0.899285714285465,107.42,50,10.8874033149171,0
"917","LITTLE QUALICUM RIVER",1977,1977-06-18,169,18,0,4.33,5.03285714285656,6.01142857142882,6.3100000000001,-0.97857142857226,111.75,51,10.8874033149171,0
"918","LITTLE QUALICUM RIVER",1977,1977-06-19,170,19,0,4.16,4.79857142857301,5.79714285714311,6.24000000000039,-0.998571428570099,115.91,52,10.8874033149171,0
"919","LITTLE QUALICUM RIVER",1977,1977-06-20,171,20,0,3.77,4.5557142857142,5.52214285714269,6.13266666666653,-0.966428571428488,119.68,53,10.8874033149171,0
"920","LITTLE QUALICUM RIVER",1977,1977-06-21,172,21,0,3.54,4.31285714285748,5.23071428571503,6.02400000000004,-0.917857142857558,123.22,54,10.8874033149171,0
"921","LITTLE QUALICUM RIVER",1977,1977-06-22,173,22,0,3.51,4.09428571428621,4.96571428571458,5.91633333333351,-0.871428571428363,126.73,55,10.8874033149171,0
"922","LITTLE QUALICUM RIVER",1977,1977-06-23,174,23,0,3.34,3.89142857142724,4.7171428571424,5.81633333333302,-0.825714285715159,130.07,56,10.8874033149171,0
"923","LITTLE QUALICUM RIVER",1977,1977-06-24,175,24,0,3.4,3.72142857142899,4.50285714285773,5.72666666666676,-0.781428571428738,133.47,57,10.8874033149171,0
"924","LITTLE QUALICUM RIVER",1977,1977-06-25,176,25,0,3.31,3.57571428571412,4.30428571428534,5.62933333333349,-0.728571428571221,136.78,58,10.8874033149171,0
"925","LITTLE QUALICUM RIVER",1977,1977-06-26,177,26,0,3.23,3.4428571428559,4.12071428571445,5.52666666666676,-0.677857142858556,140.01,59,10.8874033149171,0
"926","LITTLE QUALICUM RIVER",1977,1977-06-27,178,27,0,2.97,3.32857142857184,3.94214285714302,5.41033333333326,-0.613571428571179,142.98,60,10.8874033149171,0
"927","LITTLE QUALICUM RIVER",1977,1977-06-28,179,28,0,2.8,3.22285714285681,3.76785714285714,5.28766666666682,-0.545000000000333,145.78,61,10.8874033149171,0
"928","LITTLE QUALICUM RIVER",1977,1977-06-29,180,29,0,2.54,3.08428571428522,3.58928571428571,5.16100000000006,-0.505000000000499,148.32,62,10.8874033149171,0
"929","LITTLE QUALICUM RIVER",1977,1977-06-30,181,30,0,2.4,2.95000000000125,3.42071428571424,5.02400000000004,-0.470714285712997,150.72,63,10.8874033149171,0
"930","LITTLE QUALICUM RIVER",1977,1977-07-01,182,31,0,2.36,2.80142857142865,3.26142857142882,4.86466666666674,-0.460000000000166,153.08,64,10.8874033149171,0
"931","LITTLE QUALICUM RIVER",1977,1977-07-02,183,32,0,2.23,2.64714285714269,3.11142857142841,4.70666666666657,-0.464285714285714,155.31,65,10.8874033149171,0
"932","LITTLE QUALICUM RIVER",1977,1977-07-03,184,33,0,2.18,2.49714285714228,2.96999999999909,4.55466666666665,-0.47285714285681,157.49,66,10.8874033149171,0
"933","LITTLE QUALICUM RIVER",1977,1977-07-04,185,34,0,2.11,2.37428571428505,2.85142857142845,4.40033333333316,-0.477142857143398,159.6,67,10.8874033149171,0
"934","LITTLE QUALICUM RIVER",1977,1977-07-05,186,35,0,2.04,2.26571428571437,2.74428571428559,4.22966666666665,-0.47857142857122,161.64,68,10.8874033149171,0
"935","LITTLE QUALICUM RIVER",1977,1977-07-06,187,36,0,1.97,2.18428571428688,2.63428571428605,4.04133333333351,-0.449999999999168,163.61,69,10.8874033149171,0
"936","LITTLE QUALICUM RIVER",1977,1977-07-07,188,37,0,1.91,2.11428571428613,2.53214285714369,3.85100000000045,-0.417857142857559,165.52,70,10.8874033149171,0
"937","LITTLE QUALICUM RIVER",1977,1977-07-08,189,38,0,1.89,2.04714285714311,2.42428571428588,3.67333333333372,-0.377142857142774,167.41,71,10.8874033149171,0
"938","LITTLE QUALICUM RIVER",1977,1977-07-09,190,39,0,1.82,1.98857142857118,2.31785714285693,3.50666666666657,-0.329285714285756,169.23,72,10.8874033149171,0
"939","LITTLE QUALICUM RIVER",1977,1977-07-10,191,40,0,1.78,1.93142857142915,2.21428571428571,3.35266666666673,-0.282857142856561,171.01,73,10.8874033149171,0
"940","LITTLE QUALICUM RIVER",1977,1977-07-11,192,41,0,1.97,1.91142857142924,2.14285714285714,3.21533333333306,-0.231428571427906,172.98,74,10.8874033149171,0
"941","LITTLE QUALICUM RIVER",1977,1977-07-12,193,42,0,1.83,1.88142857142832,2.07357142857135,3.08300000000017,-0.192142857143023,174.81,75,10.8874033149171,0
"942","LITTLE QUALICUM RIVER",1977,1977-07-13,194,43,0,1.81,1.85857142857068,2.02142857142878,2.96100000000006,-0.162857142858099,176.62,76,10.8874033149171,0
"943","LITTLE QUALICUM RIVER",1977,1977-07-14,195,44,0,1.74,1.83428571428522,1.97428571428567,2.84433333333339,-0.140000000000457,178.36,77,10.8874033149171,0
"944","LITTLE QUALICUM RIVER",1977,1977-07-15,196,45,0,1.74,1.8128571428554,1.92999999999925,2.73433333333329,-0.117142857143855,180.1,78,10.8874033149171,0
"945","LITTLE QUALICUM RIVER",1977,1977-07-16,197,46,0,1.76,1.80428571428638,1.89642857142878,2.63433333333329,-0.0921428571423999,181.86,79,10.8874033149171,0
"946","LITTLE QUALICUM RIVER",1977,1977-07-17,198,47,0,1.76,1.80142857142865,1.8664285714289,2.5399999999999,-0.0650000000002493,183.62,80,10.8874033149171,0
"947","LITTLE QUALICUM RIVER",1977,1977-07-18,199,48,0,1.63,1.75285714285772,1.83214285714348,2.45,-0.0792857142857559,185.25,81,10.8874033149171,0
"948","LITTLE QUALICUM RIVER",1977,1977-07-19,200,49,0,1.61,1.72142857142899,1.80142857142865,2.3649999999999,-0.0799999999996674,186.86,82,10.8874033149171,0
"949","LITTLE QUALICUM RIVER",1977,1977-07-20,201,50,0,1.59,1.69000000000025,1.77428571428546,2.29233333333347,-0.0842857142852154,188.45,83,10.8874033149171,0
"950","LITTLE QUALICUM RIVER",1977,1977-07-21,202,51,0,1.57,1.66571428571478,1.75,2.22666666666676,-0.0842857142852154,190.02,84,10.8874033149171,0
"951","LITTLE QUALICUM RIVER",1977,1977-07-22,203,52,0,1.49,1.6300000000005,1.72142857142795,2.15933333333329,-0.091428571427449,191.51,85,10.8874033149171,0
"952","LITTLE QUALICUM RIVER",1977,1977-07-23,204,53,0,1.44,1.58428571428522,1.6942857142858,2.09600000000016,-0.110000000000582,192.95,86,10.8874033149171,0
"953","LITTLE QUALICUM RIVER",1977,1977-07-24,205,54,0,1.41,1.53428571428646,1.66785714285756,2.02966666666665,-0.133571428571096,194.36,87,10.8874033149171,0
"954","LITTLE QUALICUM RIVER",1977,1977-07-25,206,55,0,1.38,1.4985714285701,1.62571428571391,1.96533333333306,-0.127142857143813,195.74,88,10.8874033149171,0
"955","LITTLE QUALICUM RIVER",1977,1977-07-26,207,56,0,1.36,1.46285714285581,1.5921428571424,1.90299999999988,-0.129285714286588,197.1,89,10.8874033149171,0
"956","LITTLE QUALICUM RIVER",1977,1977-07-27,208,57,0,1.37,1.43142857142915,1.5607142857147,1.84966666666684,-0.129285714285548,198.47,90,10.8874033149171,0
"957","LITTLE QUALICUM RIVER",1977,1977-07-28,209,58,0,1.35,1.39999999999834,1.53285714285656,1.80133333333312,-0.132857142858224,199.82,91,10.8874033149171,0
"958","LITTLE QUALICUM RIVER",1977,1977-07-29,210,59,0,1.31,1.37428571428713,1.50214285714381,1.76033333333374,-0.127857142856685,201.13,92,10.8874033149171,0
"959","LITTLE QUALICUM RIVER",1977,1977-07-30,211,60,0,1.27,1.34999999999958,1.4671428571424,1.72266666666643,-0.117142857142816,202.4,93,10.8874033149171,0
"960","LITTLE QUALICUM RIVER",1977,1977-07-31,212,61,0,1.25,1.32714285714194,1.4307142857142,1.68566666666641,-0.10357142857226,203.65,94,10.8874033149171,0
"961","LITTLE QUALICUM RIVER",1977,1977-08-01,213,62,0,1.22,1.30428571428638,1.40142857142824,1.65199999999992,-0.0971428571418593,204.87,95,10.8874033149171,0
"962","LITTLE QUALICUM RIVER",1977,1977-08-02,214,63,0,1.23,1.28571428571429,1.37428571428505,1.62033333333335,-0.0885714285707633,206.1,96,10.8874033149171,0
"963","LITTLE QUALICUM RIVER",1977,1977-08-03,215,64,0,1.21,1.26285714285664,1.3471428571429,1.59033333333355,-0.0842857142862548,207.31,97,10.8874033149171,0
"964","LITTLE QUALICUM RIVER",1977,1977-08-04,216,65,0,1.19,1.24000000000108,1.31999999999971,1.56200000000002,-0.0799999999986281,208.5,98,10.8874033149171,0
"965","LITTLE QUALICUM RIVER",1977,1977-08-05,217,66,0,1.19,1.22285714285681,1.29857142857197,1.53600000000006,-0.0757142857151589,209.69,99,10.8874033149171,0
"966","LITTLE QUALICUM RIVER",1977,1977-08-06,218,67,0,1.19,1.21142857143007,1.28071428571483,1.51200000000002,-0.069285714284758,210.88,100,10.8874033149171,0
"967","LITTLE QUALICUM RIVER",1977,1977-08-07,219,68,0,1.16,1.19857142857135,1.26285714285664,1.48766666666634,-0.0642857142852986,212.04,101,10.8874033149171,0
"968","LITTLE QUALICUM RIVER",1977,1977-08-08,220,69,0,1.12,1.18428571428688,1.24428571428663,1.46433333333359,-0.0599999999997507,213.16,102,10.8874033149171,0
"969","LITTLE QUALICUM RIVER",1977,1977-08-09,221,70,0,1.11,1.16714285714469,1.22642857142949,1.44200000000031,-0.0592857142847996,214.27,103,10.8874033149171,0
"970","LITTLE QUALICUM RIVER",1977,1977-08-10,222,71,0,1.09,1.15000000000042,1.20642857142853,1.41266666666682,-0.0564285714281141,215.36,104,10.8874033149171,0
"971","LITTLE QUALICUM RIVER",1977,1977-08-11,223,72,0,1.07,1.13285714285614,1.18642857142861,1.38733333333318,-0.053571428572468,216.43,105,10.8874033149171,0
"972","LITTLE QUALICUM RIVER",1977,1977-08-12,224,73,0,1.08,1.11714285714178,1.16999999999929,1.36299999999998,-0.0528571428575171,217.51,106,10.8874033149171,0
"973","LITTLE QUALICUM RIVER",1977,1977-08-13,225,74,0,1.06,1.09857142856968,1.15499999999988,1.34033333333306,-0.0564285714301929,218.57,107,10.8874033149171,0
"974","LITTLE QUALICUM RIVER",1977,1977-08-14,226,75,0,1.08,1.08714285714294,1.14285714285714,1.31833333333343,-0.0557142857142026,219.65,108,10.8874033149171,0
"975","LITTLE QUALICUM RIVER",1977,1977-08-15,227,76,0,1.06,1.07857142856977,1.13142857142832,1.29499999999971,-0.0528571428585565,220.71,109,10.8874033149171,0
"976","LITTLE QUALICUM RIVER",1977,1977-08-16,228,77,0,1.02,1.06571428571312,1.1164285714289,1.27033333333335,-0.0507142857157823,221.73,110,10.8874033149171,0
"977","LITTLE QUALICUM RIVER",1977,1977-08-17,229,78,0,1.01,1.0542857142843,1.10214285714236,1.24966666666636,-0.0478571428580574,222.74,111,10.8874033149171,0
"978","LITTLE QUALICUM RIVER",1977,1977-08-18,230,79,0,1,1.04428571428538,1.08857142857076,1.229333333333,-0.0442857142853816,223.74,112,10.8874033149171,0
"979","LITTLE QUALICUM RIVER",1977,1977-08-19,231,80,0,0.985,1.03071428571379,1.07392857142778,1.20916666666647,-0.0432142857139948,224.725,113,10.8874033149171,0
"980","LITTLE QUALICUM RIVER",1977,1977-08-20,232,81,0,0.98,1.01928571428704,1.05892857142836,1.18949999999992,-0.0396428571413188,225.705,114,10.8874033149171,0
"981","LITTLE QUALICUM RIVER",1977,1977-08-21,233,82,0,0.994,1.00699999999987,1.0470714285714,1.17296666666662,-0.0400714285715367,226.699,115,10.8874033149171,0
"982","LITTLE QUALICUM RIVER",1977,1977-08-22,234,83,0,0.971,0.994285714286629,1.0364285714282,1.15733333333337,-0.0421428571415684,227.67,116,10.8874033149171,0
"983","LITTLE QUALICUM RIVER",1977,1977-08-23,235,84,0,1.09,1.00428571428555,1.03499999999933,1.14666666666647,-0.0307142857137868,228.76,117,10.8874033149171,0
"984","LITTLE QUALICUM RIVER",1977,1977-08-24,236,85,0,1.1,1.01714285714427,1.03571428571429,1.13733333333366,-0.0185714285700151,229.86,118,10.8874033149171,0
"985","LITTLE QUALICUM RIVER",1977,1977-08-25,237,86,0,1.38,1.07142857142857,1.05785714285698,1.13799999999998,0.0135714285715949,231.24,119,10.8874033149171,0
"986","LITTLE QUALICUM RIVER",1977,1977-08-26,238,87,0,1.29,1.11500000000108,1.07285714285743,1.13533333333326,0.0421428571436471,232.53,120,10.8874033149171,0
"987","LITTLE QUALICUM RIVER",1977,1977-08-27,239,88,0,1.23,1.15071428571329,1.08500000000017,1.13133333333341,0.0657142857131217,233.76,121,10.8874033149171,0
"988","LITTLE QUALICUM RIVER",1977,1977-08-28,240,89,0,1.23,1.18442857142821,1.09571428571404,1.1286666666662,0.0887142857141692,234.99,122,10.8874033149171,0
"989","LITTLE QUALICUM RIVER",1977,1977-08-29,241,90,0,1.23,1.22142857142899,1.10785714285781,1.12733333333357,0.113571428571179,236.22,123,10.8874033149171,0
"990","LITTLE QUALICUM RIVER",1977,1977-08-30,242,91,0,1.19,1.23571428571553,1.12000000000054,1.12533333333364,0.115714285714992,237.41,124,10.8874033149171,0
"991","LITTLE QUALICUM RIVER",1977,1977-08-31,243,92,0,1.17,1.24571428571445,1.13142857142936,1.12366666666688,0.114285714285091,238.58,125,10.8874033149171,0
"992","LITTLE QUALICUM RIVER",1977,1977-09-01,244,93,0,1.15,1.21285714285789,1.14214285714323,1.12100000000016,0.0707142857146599,239.73,126,10.8874033149171,0
"993","LITTLE QUALICUM RIVER",1977,1977-09-02,245,94,0,1.16,1.1942857142858,1.15464285714344,1.11933333333339,0.0396428571423582,240.89,127,10.8874033149171,0
"994","LITTLE QUALICUM RIVER",1977,1977-09-03,246,95,0,1.16,1.18428571428688,1.16750000000008,1.11833333333343,0.0167857142867951,242.05,128,10.8874033149171,0
"995","LITTLE QUALICUM RIVER",1977,1977-09-04,247,96,0,1.23,1.18428571428688,1.18435714285754,1.11966666666655,-7.14285706635565e-05,243.28,129,10.8874033149171,0
"996","LITTLE QUALICUM RIVER",1977,1977-09-05,248,97,1,1.25,1.18714285714252,1.20428571428576,1.12166666666647,-0.0171428571432315,244.53,130,10.8874033149171,0
"997","LITTLE QUALICUM RIVER",1978,1978-06-01,152,1,0,6.88,6.92857142857143,7.08500000000017,7.21200000000002,-0.156428571428737,6.88,61,11.4401657458564,0
"998","LITTLE QUALICUM RIVER",1978,1978-06-02,153,2,0,6.99,7.0571428571441,7.04857142857197,7.17599999999996,0.00857142857213589,13.87,62,11.4401657458564,0
"999","LITTLE QUALICUM RIVER",1978,1978-06-03,154,3,0,6.97,7.11428571428613,6.99214285714282,7.14766666666692,0.122142857143315,20.84,63,11.4401657458564,0
"1000","LITTLE QUALICUM RIVER",1978,1978-06-04,155,4,0,7.05,7.0657142857152,6.93714285714356,7.13333333333333,0.128571428571637,27.89,64,11.4401657458564,0
"1001","LITTLE QUALICUM RIVER",1978,1978-06-05,156,5,0,6.94,6.97714285714236,6.9028571428571,7.12666666666628,0.0742857142852573,34.83,65,11.4401657458564,0
"1002","LITTLE QUALICUM RIVER",1978,1978-06-06,157,6,0,6.71,6.91285714285706,6.87428571428609,7.12100000000015,0.0385714285709708,41.54,66,11.4401657458564,0
"1003","LITTLE QUALICUM RIVER",1978,1978-06-07,158,7,0,6.51,6.86428571428613,6.85999999999954,7.11133333333322,0.00428571428658753,48.05,67,11.4401657458564,0
"1004","LITTLE QUALICUM RIVER",1978,1978-06-08,159,8,0,6.17,6.76285714285664,6.84571428571404,7.08666666666638,-0.0828571428573923,54.22,68,11.4401657458564,0
"1005","LITTLE QUALICUM RIVER",1978,1978-06-09,160,9,0,5.89,6.60571428571296,6.83142857142853,7.04699999999963,-0.225714285715575,60.11,69,11.4401657458564,0
"1006","LITTLE QUALICUM RIVER",1978,1978-06-10,161,10,0,5.72,6.42714285714153,6.77071428571383,7.01200000000002,-0.343571428572302,65.83,70,11.4401657458564,0
"1007","LITTLE QUALICUM RIVER",1978,1978-06-11,162,11,0,5.66,6.22857142857018,6.64714285714269,6.98066666666661,-0.418571428572509,71.49,71,11.4401657458564,0
"1008","LITTLE QUALICUM RIVER",1978,1978-06-12,163,12,0,5.69,6.05000000000083,6.51357142857159,6.93233333333337,-0.463571428570764,77.18,72,11.4401657458564,0
"1009","LITTLE QUALICUM RIVER",1978,1978-06-13,164,13,0,5.69,5.90428571428596,6.40857142857151,6.87000000000019,-0.504285714285548,82.87,73,11.4401657458564,0
"1010","LITTLE QUALICUM RIVER",1978,1978-06-14,165,14,0,5.61,5.77571428571537,6.32000000000075,6.79266666666663,-0.544285714285381,88.48,74,11.4401657458564,0
"1011","LITTLE QUALICUM RIVER",1978,1978-06-15,166,15,0,5.3,5.65142857143032,6.20714285714348,6.70800000000017,-0.555714285713163,93.78,75,11.4401657458564,0
"1012","LITTLE QUALICUM RIVER",1978,1978-06-16,167,16,0,5.1,5.53857142857201,6.07214285714248,6.62300000000008,-0.533571428570472,98.88,76,11.4401657458564,0
"1013","LITTLE QUALICUM RIVER",1978,1978-06-17,168,17,0,4.9,5.42142857143023,5.92428571428588,6.5363333333337,-0.502857142855646,103.78,77,11.4401657458564,0
"1014","LITTLE QUALICUM RIVER",1978,1978-06-18,169,18,0,4.7,5.28428571428646,5.75642857142832,6.44300000000027,-0.47214285714186,108.48,78,11.4401657458564,0
"1015","LITTLE QUALICUM RIVER",1978,1978-06-19,170,19,0,4.47,5.11000000000058,5.58000000000071,6.33333333333333,-0.470000000000125,112.95,79,11.4401657458564,0
"1016","LITTLE QUALICUM RIVER",1978,1978-06-20,171,20,0,4.28,4.90857142857151,5.40642857142874,6.21533333333355,-0.497857142857226,117.23,80,11.4401657458564,0
"1017","LITTLE QUALICUM RIVER",1978,1978-06-21,172,21,0,4.16,4.70142857142907,5.23857142857222,6.10666666666705,-0.537142857143149,121.39,81,11.4401657458564,0
"1018","LITTLE QUALICUM RIVER",1978,1978-06-22,173,22,0,4.05,4.52285714285556,5.08714285714294,6.00466666666665,-0.564285714287378,125.44,82,11.4401657458564,0
"1019","LITTLE QUALICUM RIVER",1978,1978-06-23,174,23,0,3.82,4.34000000000067,4.93928571428634,5.90833333333333,-0.599285714285672,129.26,83,11.4401657458564,0
"1020","LITTLE QUALICUM RIVER",1978,1978-06-24,175,24,0,3.62,4.15714285714161,4.78928571428592,5.81666666666667,-0.632142857144313,132.88,84,11.4401657458564,0
"1021","LITTLE QUALICUM RIVER",1978,1978-06-25,176,25,0,3.54,3.9914285714289,4.63785714285768,5.73166666666705,-0.646428571428779,136.42,85,11.4401657458564,0
"1022","LITTLE QUALICUM RIVER",1978,1978-06-26,177,26,0,3.34,3.82999999999967,4.47000000000012,5.62400000000004,-0.640000000000458,139.76,86,11.4401657458564,0
"1023","LITTLE QUALICUM RIVER",1978,1978-06-27,178,27,0,3.03,3.65142857142824,4.27999999999988,5.47866666666669,-0.628571428571636,142.79,87,11.4401657458564,0
"1024","LITTLE QUALICUM RIVER",1978,1978-06-28,179,28,0,2.94,3.47714285714236,4.08928571428571,5.32466666666684,-0.612142857143356,145.73,88,11.4401657458564,0
"1025","LITTLE QUALICUM RIVER",1978,1978-06-29,180,29,0,2.97,3.32285714285847,3.92285714285702,5.1850000000001,-0.599999999998545,148.7,89,11.4401657458564,0
"1026","LITTLE QUALICUM RIVER",1978,1978-06-30,181,30,0,2.86,3.1857142857147,3.76285714285768,5.05200000000041,-0.577142857142982,151.56,90,11.4401657458564,0
"1027","LITTLE QUALICUM RIVER",1978,1978-07-01,182,31,1,2.72,3.0571428571441,3.60714285714286,4.91333333333362,-0.549999999998753,154.28,91,11.4401657458564,0
"1028","LITTLE QUALICUM RIVER",1981,1981-06-01,152,1,0,5.85,6.73285714285573,6.88428571428501,8.5636666666663,-0.151428571429278,5.85,34,12.1022651933702,0
"1029","LITTLE QUALICUM RIVER",1981,1981-06-02,153,2,0,5.72,6.40999999999933,6.77142857142774,8.30766666666653,-0.361428571428405,11.57,35,12.1022651933702,0
"1030","LITTLE QUALICUM RIVER",1981,1981-06-03,154,3,0,5.75,6.19000000000025,6.65499999999988,8.05599999999977,-0.464999999999626,17.32,36,12.1022651933702,0
"1031","LITTLE QUALICUM RIVER",1981,1981-06-04,155,4,0,5.6,6.01714285714219,6.55428571428534,7.81933333333339,-0.537142857143149,22.92,37,12.1022651933702,0
"1032","LITTLE QUALICUM RIVER",1981,1981-06-05,156,5,0,5.76,5.89571428571279,6.5228571428566,7.62133333333331,-0.627142857143813,28.68,38,12.1022651933702,0
"1033","LITTLE QUALICUM RIVER",1981,1981-06-06,157,6,0,6,5.82571428571412,6.52071428571383,7.44133333333302,-0.694999999999709,34.68,39,12.1022651933702,0
"1034","LITTLE QUALICUM RIVER",1981,1981-06-07,158,7,0,5.94,5.80285714285648,6.47857142857122,7.27599999999996,-0.675714285714744,40.62,40,12.1022651933702,0
"1035","LITTLE QUALICUM RIVER",1981,1981-06-08,159,8,0,5.85,5.80285714285856,6.26785714285714,7.12766666666672,-0.464999999998587,46.47,41,12.1022651933702,0
"1036","LITTLE QUALICUM RIVER",1981,1981-06-09,160,9,0,5.74,5.8057142857142,6.10785714285677,6.98833333333314,-0.302142857142566,52.21,42,12.1022651933702,0
"1037","LITTLE QUALICUM RIVER",1981,1981-06-10,161,10,0,5.74,5.80428571428638,5.99714285714331,6.85333333333353,-0.192857142856935,57.95,43,12.1022651933702,0
"1038","LITTLE QUALICUM RIVER",1981,1981-06-11,162,11,0,5.21,5.74857142857218,5.88285714285718,6.71933333333339,-0.134285714285007,63.16,44,12.1022651933702,0
"1039","LITTLE QUALICUM RIVER",1981,1981-06-12,163,12,0,4.63,5.58714285714294,5.74142857142787,6.575,-0.154285714284924,67.79,45,12.1022651933702,0
"1040","LITTLE QUALICUM RIVER",1981,1981-06-13,164,13,0,4.87,5.42571428571578,5.62571428571495,6.44200000000031,-0.199999999999168,72.66,46,12.1022651933702,0
"1041","LITTLE QUALICUM RIVER",1981,1981-06-14,165,14,0,4.88,5.27428571428546,5.53857142857097,6.33133333333341,-0.264285714285506,77.54,47,12.1022651933702,0
"1042","LITTLE QUALICUM RIVER",1981,1981-06-15,166,15,0,4.86,5.13285714285615,5.46785714285735,6.2399999999999,-0.335000000001205,82.4,48,12.1022651933702,0
"1043","LITTLE QUALICUM RIVER",1981,1981-06-16,167,16,0,4.9,5.01285714285872,5.40928571428646,6.16200000000002,-0.39642857142774,87.3,49,12.1022651933702,0
"1044","LITTLE QUALICUM RIVER",1981,1981-06-17,168,17,0,4.76,4.87285714285723,5.3385714285718,6.08633333333322,-0.465714285714577,92.06,50,12.1022651933702,0
"1045","LITTLE QUALICUM RIVER",1981,1981-06-18,169,18,0,4.9,4.82857142856977,5.28857142857097,6.00633333333293,-0.460000000001205,96.96,51,12.1022651933702,0
"1046","LITTLE QUALICUM RIVER",1981,1981-06-19,170,19,0,5.49,4.95142857142907,5.26928571428601,5.94333333333343,-0.317857142856935,102.45,52,12.1022651933702,0
"1047","LITTLE QUALICUM RIVER",1981,1981-06-20,171,20,0,5.68,5.06714285714094,5.24642857142836,5.89899999999955,-0.179285714287419,108.13,53,12.1022651933702,0
"1048","LITTLE QUALICUM RIVER",1981,1981-06-21,172,21,0,5.89,5.21142857143007,5.24285714285777,5.88866666666678,-0.0314285714276981,114.02,54,12.1022651933702,0
"1049","LITTLE QUALICUM RIVER",1981,1981-06-22,173,22,0,6.04,5.3800000000005,5.25642857142832,5.88899999999994,0.123571428572177,120.06,55,12.1022651933702,0
"1050","LITTLE QUALICUM RIVER",1981,1981-06-23,174,23,0,6.4,5.59428571428413,5.30357142857143,5.88466666666645,0.290714285712705,126.46,56,12.1022651933702,0
"1051","LITTLE QUALICUM RIVER",1981,1981-06-24,175,24,0,6.28,5.81142857142757,5.3421428571424,5.80066666666632,0.469285714285174,132.74,57,12.1022651933702,0
"1052","LITTLE QUALICUM RIVER",1981,1981-06-25,176,25,0,5.96,5.96285714285789,5.39571428571383,5.73333333333333,0.567142857144063,138.7,58,12.1022651933702,0
"1053","LITTLE QUALICUM RIVER",1981,1981-06-26,177,26,0,5.6,5.97857142857226,5.46500000000067,5.67700000000041,0.513571428571595,144.3,59,12.1022651933702,0
"1054","LITTLE QUALICUM RIVER",1981,1981-06-27,178,27,0,5.44,5.9442857142858,5.50571428571337,5.63133333333293,0.438571428572426,149.74,60,12.1022651933702,0
"1055","LITTLE QUALICUM RIVER",1981,1981-06-28,179,28,0,5.27,5.85571428571296,5.53357142857151,5.58666666666638,0.322142857141444,155.01,61,12.1022651933702,0
"1056","LITTLE QUALICUM RIVER",1981,1981-06-29,180,29,0,5.25,5.74285714285673,5.56142857142861,5.54533333333335,0.181428571428114,160.26,62,12.1022651933702,0
"1057","LITTLE QUALICUM RIVER",1981,1981-06-30,181,30,0,5.03,5.54714285714311,5.57071428571362,5.50966666666645,-0.0235714285705138,165.29,63,12.1022651933702,0
"1058","LITTLE QUALICUM RIVER",1981,1981-07-01,182,31,0,4.76,5.33000000000175,5.57071428571466,5.47333333333372,-0.240714285712913,170.05,64,12.1022651933702,0
"1059","LITTLE QUALICUM RIVER",1981,1981-07-02,183,32,0,4.48,5.11857142857168,5.54071428571478,5.43200000000021,-0.422142857143107,174.53,65,12.1022651933702,0
"1060","LITTLE QUALICUM RIVER",1981,1981-07-03,184,33,0,4.39,4.94571428571362,5.46214285714294,5.38666666666686,-0.51642857142932,178.92,66,12.1022651933702,0
"1061","LITTLE QUALICUM RIVER",1981,1981-07-04,185,34,0,4.08,4.7514285714299,5.34785714285785,5.33600000000006,-0.596428571427947,183,67,12.1022651933702,0
"1062","LITTLE QUALICUM RIVER",1981,1981-07-05,186,35,0,3.97,4.5657142857152,5.21071428571408,5.27633333333361,-0.644999999998877,186.97,68,12.1022651933702,0
"1063","LITTLE QUALICUM RIVER",1981,1981-07-06,187,36,0,3.78,4.35571428571503,5.04928571428588,5.20233333333357,-0.693571428570847,190.75,69,12.1022651933702,0
"1064","LITTLE QUALICUM RIVER",1981,1981-07-07,188,37,0,3.68,4.16285714285706,4.85500000000008,5.12699999999992,-0.692142857143024,194.43,70,12.1022651933702,0
"1065","LITTLE QUALICUM RIVER",1981,1981-07-08,189,38,0,3.46,3.97714285714236,4.65357142857205,5.04733333333327,-0.676428571429694,197.89,71,12.1022651933702,0
"1066","LITTLE QUALICUM RIVER",1981,1981-07-09,190,39,0,3.38,3.82000000000075,4.46928571428621,4.96866666666707,-0.649285714285465,201.27,72,12.1022651933702,0
"1067","LITTLE QUALICUM RIVER",1981,1981-07-10,191,40,0,3.58,3.70428571428472,4.32499999999917,4.89666666666647,-0.620714285714453,204.85,73,12.1022651933702,0
"1068","LITTLE QUALICUM RIVER",1981,1981-07-11,192,41,0,3.64,3.64142857142724,4.19642857142857,4.84433333333291,-0.55500000000133,208.49,74,12.1022651933702,0
"1069","LITTLE QUALICUM RIVER",1981,1981-07-12,193,42,0,3.51,3.57571428571412,4.07071428571466,4.80700000000021,-0.49500000000054,212,75,12.1022651933702,0
"1070","LITTLE QUALICUM RIVER",1981,1981-07-13,194,43,0,3.51,3.53714285714211,3.94642857142857,4.76166666666638,-0.409285714286463,215.51,76,12.1022651933702,0
"1071","LITTLE QUALICUM RIVER",1981,1981-07-14,195,44,0,3.32,3.48571428571553,3.8242857142863,4.70966666666694,-0.338571428570763,218.83,77,12.1022651933702,0
"1072","LITTLE QUALICUM RIVER",1981,1981-07-15,196,45,0,3.22,3.45142857142907,3.71428571428571,4.65500000000029,-0.262857142856644,222.05,78,12.1022651933702,0
"1073","LITTLE QUALICUM RIVER",1981,1981-07-16,197,46,0,3,3.39714285714269,3.60857142857172,4.59166666666667,-0.211428571429029,225.05,79,12.1022651933702,0
"1074","LITTLE QUALICUM RIVER",1981,1981-07-17,198,47,0,2.99,3.31285714285748,3.5085714285711,4.53266666666653,-0.19571428571362,228.04,80,12.1022651933702,0
"1075","LITTLE QUALICUM RIVER",1981,1981-07-18,199,48,0,3.05,3.22857142857226,3.43499999999975,4.47100000000016,-0.20642857142749,231.09,81,12.1022651933702,0
"1076","LITTLE QUALICUM RIVER",1981,1981-07-19,200,49,0,2.97,3.15142857142824,3.36357142857118,4.38700000000002,-0.212142857142941,234.06,82,12.1022651933702,0
"1077","LITTLE QUALICUM RIVER",1981,1981-07-20,201,50,0,2.85,3.0571428571441,3.29714285714311,4.29266666666711,-0.239999999999002,236.91,83,12.1022651933702,0
"1078","LITTLE QUALICUM RIVER",1981,1981-07-21,202,51,0,2.58,2.95142857142699,3.21857142857126,4.18233333333289,-0.267142857144271,239.49,84,12.1022651933702,0
"1079","LITTLE QUALICUM RIVER",1981,1981-07-22,203,52,0,2.53,2.85285714285731,3.15214285714319,4.06533333333355,-0.29928571428588,242.02,85,12.1022651933702,0
"1080","LITTLE QUALICUM RIVER",1981,1981-07-23,204,53,0,2.5,2.78142857142874,3.08928571428571,3.93533333333374,-0.307857142856977,244.52,86,12.1022651933702,0
"1081","LITTLE QUALICUM RIVER",1981,1981-07-24,205,54,0,2.5,2.71142857143007,3.01214285714377,3.80933333333378,-0.300714285713704,247.02,87,12.1022651933702,0
"1082","LITTLE QUALICUM RIVER",1981,1981-07-25,206,55,0,2.4,2.61857142857168,2.92357142857197,3.69066666666671,-0.305000000000291,249.42,88,12.1022651933702,0
"1083","LITTLE QUALICUM RIVER",1981,1981-07-26,207,56,0,2.31,2.52428571428546,2.83785714285685,3.58099999999977,-0.313571428571387,251.73,89,12.1022651933702,0
"1084","LITTLE QUALICUM RIVER",1981,1981-07-27,208,57,0,2.22,2.4342857142848,2.74571428571445,3.47366666666688,-0.311428571429652,253.95,90,12.1022651933702,0
"1085","LITTLE QUALICUM RIVER",1981,1981-07-28,209,58,0,2.23,2.38428571428605,2.66785714285652,3.37233333333328,-0.283571428570472,256.18,91,12.1022651933702,0
"1086","LITTLE QUALICUM RIVER",1981,1981-07-29,210,59,0,2.27,2.34714285714186,2.59999999999958,3.27300000000008,-0.252857142857725,258.45,92,12.1022651933702,0
"1087","LITTLE QUALICUM RIVER",1981,1981-07-30,211,60,0,2.17,2.29999999999875,2.54071428571375,3.17766666666672,-0.240714285714992,260.62,93,12.1022651933702,0
"1088","LITTLE QUALICUM RIVER",1981,1981-07-31,212,61,0,2.29,2.26999999999992,2.49071428571499,3.09533333333335,-0.220714285715076,262.91,94,12.1022651933702,0
"1089","LITTLE QUALICUM RIVER",1981,1981-08-01,213,62,1,2.17,2.23714285714336,2.42785714285752,3.01833333333343,-0.190714285714161,265.08,95,12.1022651933702,0
"1090","LITTLE QUALICUM RIVER",1982,1982-06-01,152,1,0,16,16.3142857142853,15.2857142857143,13.6053333333334,1.02857142857101,16,0,13.6024861878453,0
"1091","LITTLE QUALICUM RIVER",1982,1982-06-02,153,2,0,15.5,15.9428571428559,15.4500000000002,13.8139999999999,0.492857142855689,31.5,0,13.6024861878453,0
"1092","LITTLE QUALICUM RIVER",1982,1982-06-03,154,3,0,14.6,15.6428571428571,15.5714285714286,14.0090000000001,0.0714285714285712,46.1,0,13.6024861878453,0
"1093","LITTLE QUALICUM RIVER",1982,1982-06-04,155,4,0,13.1,15.2571428571412,15.557142857142,14.1633333333331,-0.300000000000832,59.2,1,13.6024861878453,0
"1094","LITTLE QUALICUM RIVER",1982,1982-06-05,156,5,0,12.6,14.8285714285718,15.4285714285714,14.2766666666668,-0.599999999999584,71.8,2,13.6024861878453,0
"1095","LITTLE QUALICUM RIVER",1982,1982-06-06,157,6,0,12,14.2857142857143,15.2714285714288,14.3266666666668,-0.985714285714494,83.8,3,13.6024861878453,0
"1096","LITTLE QUALICUM RIVER",1982,1982-06-07,158,7,0,11.7,13.6428571428571,15.0642857142853,14.3366666666664,-1.42142857142816,95.5,4,13.6024861878453,0
"1097","LITTLE QUALICUM RIVER",1982,1982-06-08,159,8,0,11.7,13.028571428571,14.6714285714282,14.3333333333333,-1.64285714285714,107.2,5,13.6024861878453,0
"1098","LITTLE QUALICUM RIVER",1982,1982-06-09,160,9,0,12.1,12.5428571428576,14.2428571428567,14.3200000000002,-1.69999999999917,119.3,6,13.6024861878453,0
"1099","LITTLE QUALICUM RIVER",1982,1982-06-10,161,10,0,12.5,12.2428571428567,13.9428571428569,14.2966666666665,-1.70000000000021,131.8,7,13.6024861878453,0
"1100","LITTLE QUALICUM RIVER",1982,1982-06-11,162,11,0,13.5,12.3000000000008,13.778571428571,14.2966666666665,-1.47857142857018,145.3,8,13.6024861878453,0
"1101","LITTLE QUALICUM RIVER",1982,1982-06-12,163,12,0,14.4,12.557142857142,13.6928571428569,14.3166666666667,-1.13571428571491,159.7,0,13.6024861878453,0
"1102","LITTLE QUALICUM RIVER",1982,1982-06-13,164,13,0,15.2,13.0142857142865,13.6500000000004,14.3633333333336,-0.63571428571387,174.9,0,13.6024861878453,0
"1103","LITTLE QUALICUM RIVER",1982,1982-06-14,165,14,0,14.9,13.471428571429,13.5571428571431,14.3966666666665,-0.0857142857140776,189.8,0,13.6024861878453,0
"1104","LITTLE QUALICUM RIVER",1982,1982-06-15,166,15,0,14.3,13.8428571428584,13.4357142857147,14.396666666667,0.40714285714369,204.1,0,13.6024861878453,0
"1105","LITTLE QUALICUM RIVER",1982,1982-06-16,167,16,0,14.4,14.1714285714282,13.3571428571429,14.3633333333331,0.814285714285298,218.5,0,13.6024861878453,0
"1106","LITTLE QUALICUM RIVER",1982,1982-06-17,168,17,0,14.2,14.4142857142849,13.3285714285708,14.3566666666666,1.08571428571408,232.7,0,13.6024861878453,0
"1107","LITTLE QUALICUM RIVER",1982,1982-06-18,169,18,0,14.3,14.528571428571,13.4142857142859,14.3933333333334,1.11428571428509,247,0,13.6024861878453,0
"1108","LITTLE QUALICUM RIVER",1982,1982-06-19,170,19,0,14.5,14.5428571428576,13.5499999999998,14.4466666666665,0.992857142857765,261.5,0,13.6024861878453,0
"1109","LITTLE QUALICUM RIVER",1982,1982-06-20,171,20,0,14.3,14.4142857142849,13.7142857142857,14.4799999999998,0.69999999999917,275.8,0,13.6024861878453,0
"1110","LITTLE QUALICUM RIVER",1982,1982-06-21,172,21,0,13.6,14.2285714285723,13.8500000000006,14.4533333333335,0.378571428571638,289.4,1,13.6024861878453,0
"1111","LITTLE QUALICUM RIVER",1982,1982-06-22,173,22,0,12.8,14.0142857142845,13.9285714285714,14.4066666666666,0.0857142857130384,302.2,2,13.6024861878453,0
"1112","LITTLE QUALICUM RIVER",1982,1982-06-23,174,23,0,11.7,13.6285714285727,13.9000000000004,14.3100000000001,-0.271428571427741,313.9,3,13.6024861878453,0
"1113","LITTLE QUALICUM RIVER",1982,1982-06-24,175,24,0,10.8,13.1428571428571,13.778571428571,14.0966666666665,-0.63571428571387,324.7,4,13.6024861878453,0
"1114","LITTLE QUALICUM RIVER",1982,1982-06-25,176,25,0,10.2,12.5571428571441,13.5428571428576,13.8333333333333,-0.985714285713454,334.9,5,13.6024861878453,0
"1115","LITTLE QUALICUM RIVER",1982,1982-06-26,177,26,0,10.8,12.028571428571,13.2857142857143,13.6366666666664,-1.25714285714327,345.7,6,13.6024861878453,0
"1116","LITTLE QUALICUM RIVER",1982,1982-06-27,178,27,0,11.1,11.5714285714286,12.9928571428567,13.4799999999998,-1.42142857142816,356.8,7,13.6024861878453,0
"1117","LITTLE QUALICUM RIVER",1982,1982-06-28,179,28,0,10.7,11.1571428571416,12.6928571428569,13.3166666666667,-1.53571428571533,367.5,8,13.6024861878453,0
"1118","LITTLE QUALICUM RIVER",1982,1982-06-29,180,29,0,9.83,10.7328571428578,12.3735714285711,13.1176666666666,-1.64071428571333,377.33,9,13.6024861878453,0
"1119","LITTLE QUALICUM RIVER",1982,1982-06-30,181,30,0,9.31,10.3914285714272,12.01,12.888,-1.61857142857272,386.64,10,13.6024861878453,0
"1120","LITTLE QUALICUM RIVER",1982,1982-07-01,182,31,0,8.69,10.0900000000007,11.6164285714289,12.6443333333334,-1.52642857142824,395.33,11,13.6024861878453,0
"1121","LITTLE QUALICUM RIVER",1982,1982-07-02,183,32,0,7.66,9.72714285714236,11.1421428571432,12.3830000000002,-1.41500000000087,402.99,12,13.6024861878453,0
"1122","LITTLE QUALICUM RIVER",1982,1982-07-03,184,33,0,9.84,9.59000000000067,10.8092857142858,12.2243333333332,-1.21928571428517,412.83,13,13.6024861878453,0
"1123","LITTLE QUALICUM RIVER",1982,1982-07-04,185,34,0,9.84,9.40999999999933,10.490714285714,12.1156666666667,-1.08071428571462,422.67,14,13.6024861878453,0
"1124","LITTLE QUALICUM RIVER",1982,1982-07-05,186,35,0,8.66,9.11857142857168,10.1378571428566,11.9843333333333,-1.01928571428497,431.33,15,13.6024861878453,0
"1125","LITTLE QUALICUM RIVER",1982,1982-07-06,187,36,0,7.6,8.80000000000083,9.76642857142932,11.8376666666668,-0.966428571428487,438.93,16,13.6024861878453,0
"1126","LITTLE QUALICUM RIVER",1982,1982-07-07,188,37,0,7.28,8.510000000001,9.45071428571412,11.6903333333335,-0.940714285713121,446.21,17,13.6024861878453,0
"1127","LITTLE QUALICUM RIVER",1982,1982-07-08,189,38,0,6.9,8.25428571428555,9.17214285714311,11.5303333333335,-0.917857142857558,453.11,18,13.6024861878453,0
"1128","LITTLE QUALICUM RIVER",1982,1982-07-09,190,39,0,6.38,8.07142857142857,8.89928571428547,11.3396666666667,-0.827857142856894,459.49,19,13.6024861878453,0
"1129","LITTLE QUALICUM RIVER",1982,1982-07-10,191,40,0,6.16,7.54571428571528,8.56785714285797,11.1283333333335,-1.02214285714269,465.65,20,13.6024861878453,0
"1130","LITTLE QUALICUM RIVER",1982,1982-07-11,192,41,0,5.71,6.95571428571462,8.18285714285698,10.8686666666666,-1.22714285714236,471.36,21,13.6024861878453,0
"1131","LITTLE QUALICUM RIVER",1982,1982-07-12,193,42,0,5.65,6.52571428571537,7.82214285714352,10.5770000000004,-1.29642857142816,477.01,22,13.6024861878453,0
"1132","LITTLE QUALICUM RIVER",1982,1982-07-13,194,43,0,5.42,6.21428571428571,7.50714285714327,10.251,-1.29285714285756,482.43,23,13.6024861878453,0
"1133","LITTLE QUALICUM RIVER",1982,1982-07-14,195,44,0,5.1,5.90285714285606,7.20642857142853,9.9243333333332,-1.30357142857247,487.53,24,13.6024861878453,0
"1134","LITTLE QUALICUM RIVER",1982,1982-07-15,196,45,0,4.9,5.61714285714385,6.9357142857147,9.61100000000006,-1.31857142857085,492.43,25,13.6024861878453,0
"1135","LITTLE QUALICUM RIVER",1982,1982-07-16,197,46,0,4.7,5.37714285714277,6.72428571428567,9.28766666666682,-1.3471428571429,497.13,26,13.6024861878453,0
"1136","LITTLE QUALICUM RIVER",1982,1982-07-17,198,47,0,4.5,5.13999999999942,6.34285714285735,8.96433333333359,-1.20285714285793,501.63,27,13.6024861878453,0
"1137","LITTLE QUALICUM RIVER",1982,1982-07-18,199,48,0,4.2,4.92428571428588,5.94000000000025,8.62766666666672,-1.01571428571437,505.83,28,13.6024861878453,0
"1138","LITTLE QUALICUM RIVER",1982,1982-07-19,200,49,0,4.1,4.70285714285689,5.61428571428613,8.28100000000025,-0.911428571429237,509.93,29,13.6024861878453,0
"1139","LITTLE QUALICUM RIVER",1982,1982-07-20,201,50,0,3.9,4.48571428571345,5.34999999999958,7.93433333333329,-0.86428571428613,513.83,30,13.6024861878453,0
"1140","LITTLE QUALICUM RIVER",1982,1982-07-21,202,51,0,1.08,3.91142857142924,4.90714285714265,7.51699999999983,-0.995714285713413,514.91,31,13.6024861878453,0
"1141","LITTLE QUALICUM RIVER",1982,1982-07-22,203,52,0,1.07,3.36428571428405,4.49071428571395,7.12599999999996,-1.1264285714299,515.98,32,13.6024861878453,0
"1142","LITTLE QUALICUM RIVER",1982,1982-07-23,204,53,0,1.3,2.8785714285706,4.12785714285669,6.779333333333,-1.24928571428609,517.28,33,13.6024861878453,0
"1143","LITTLE QUALICUM RIVER",1982,1982-07-24,205,54,0,1.02,2.38142857142832,3.76071428571387,6.45333333333353,-1.37928571428555,518.3,34,13.6024861878453,0
"1144","LITTLE QUALICUM RIVER",1982,1982-07-25,206,55,0,1.06,1.93285714285698,3.42857142857143,6.1486666666664,-1.49571428571445,519.36,35,13.6024861878453,0
"1145","LITTLE QUALICUM RIVER",1982,1982-07-26,207,56,0,1.07,1.5,3.10142857142845,5.82433333333368,-1.60142857142845,520.43,36,13.6024861878453,0
"1146","LITTLE QUALICUM RIVER",1982,1982-07-27,208,57,0,1.16,1.10857142857068,2.79714285714207,5.49299999999979,-1.68857142857139,521.59,37,13.6024861878453,0
"1147","LITTLE QUALICUM RIVER",1982,1982-07-28,209,58,0,1.24,1.13142857142832,2.52142857142878,5.17766666666672,-1.39000000000046,522.83,38,13.6024861878453,0
"1148","LITTLE QUALICUM RIVER",1982,1982-07-29,210,59,0,1.4,1.17857142857143,2.27142857142774,4.89666666666647,-1.09285714285631,524.23,39,13.6024861878453,0
"1149","LITTLE QUALICUM RIVER",1982,1982-07-30,211,60,0,1.71,1.23714285714336,2.05785714285698,4.64333333333343,-0.820714285713621,525.94,40,13.6024861878453,0
"1150","LITTLE QUALICUM RIVER",1982,1982-07-31,212,61,0,1.79,1.34714285714186,1.86428571428509,4.41333333333314,-0.517142857143231,527.73,41,13.6024861878453,0
"1151","LITTLE QUALICUM RIVER",1982,1982-08-01,213,62,1,1.81,1.4542857142868,1.69357142857189,4.21833333333343,-0.239285714285091,529.54,42,13.6024861878453,0
"1152","LITTLE QUALICUM RIVER",1983,1983-06-01,152,1,0,9.77,9.96285714285581,9.41642857142766,8.68499999999961,0.546428571428155,9.77,60,18.237955801105,0
"1153","LITTLE QUALICUM RIVER",1983,1983-06-02,153,2,0,9.32,9.93285714285698,9.5885714285718,8.70900000000014,0.344285714285174,19.09,61,18.237955801105,0
"1154","LITTLE QUALICUM RIVER",1983,1983-06-03,154,3,0,8.73,9.86714285714178,9.66785714285652,8.71299999999998,0.199285714285256,27.82,62,18.237955801105,0
"1155","LITTLE QUALICUM RIVER",1983,1983-06-04,155,4,0,7.99,9.64428571428497,9.62285714285723,8.69833333333324,0.0214285714277391,35.81,63,18.237955801105,0
"1156","LITTLE QUALICUM RIVER",1983,1983-06-05,156,5,0,7.55,9.22285714285681,9.51214285714273,8.67933333333349,-0.289285714285922,43.36,64,18.237955801105,0
"1157","LITTLE QUALICUM RIVER",1983,1983-06-06,157,6,0,7.15,8.68714285714252,9.33428571428522,8.64466666666655,-0.647142857142692,50.51,65,18.237955801105,0
"1158","LITTLE QUALICUM RIVER",1983,1983-06-07,158,7,0,6.85,8.1942857142858,9.10928571428563,8.58833333333362,-0.914999999999834,57.36,66,18.237955801105,0
"1159","LITTLE QUALICUM RIVER",1983,1983-06-08,159,8,0,7,7.79857142857301,8.88071428571441,8.54366666666659,-1.0821428571414,64.36,67,18.237955801105,0
"1160","LITTLE QUALICUM RIVER",1983,1983-06-09,160,9,0,7.2,7.49571428571445,8.71428571428571,8.51900000000023,-1.21857142857126,71.56,68,18.237955801105,0
"1161","LITTLE QUALICUM RIVER",1983,1983-06-10,161,10,0,10.5,7.74857142857218,8.80785714285698,8.61166666666686,-1.0592857142848,82.06,69,18.237955801105,0
"1162","LITTLE QUALICUM RIVER",1983,1983-06-11,162,11,0,10.9,8.16428571428488,8.90428571428492,8.72066666666651,-0.740000000000041,92.96,70,18.237955801105,0
"1163","LITTLE QUALICUM RIVER",1983,1983-06-12,163,12,0,10.7,8.61428571428613,8.91857142857147,8.82533333333364,-0.30428571428534,103.66,71,18.237955801105,0
"1164","LITTLE QUALICUM RIVER",1983,1983-06-13,164,13,0,9.78,8.99000000000108,8.8385714285718,8.88266666666702,0.151428571429278,113.44,72,18.237955801105,0
"1165","LITTLE QUALICUM RIVER",1983,1983-06-14,165,14,0,8.93,9.28714285714211,8.74071428571395,8.89766666666643,0.546428571428157,122.37,73,18.237955801105,0
"1166","LITTLE QUALICUM RIVER",1983,1983-06-15,166,15,0,8.48,9.4985714285701,8.64857142857155,8.9093333333333,0.849999999998545,130.85,74,18.237955801105,0
"1167","LITTLE QUALICUM RIVER",1983,1983-06-16,167,16,0,7.85,9.59142857142849,8.54357142857147,8.91966666666655,1.04785714285702,138.7,75,18.237955801105,0
"1168","LITTLE QUALICUM RIVER",1983,1983-06-17,168,17,0,7.81,9.20714285714244,8.47785714285731,8.95233333333308,0.729285714285133,146.51,76,18.237955801105,0
"1169","LITTLE QUALICUM RIVER",1983,1983-06-18,169,18,0,7.79,8.76285714285872,8.4635714285718,8.98166666666705,0.299285714286921,154.3,77,18.237955801105,0
"1170","LITTLE QUALICUM RIVER",1983,1983-06-19,170,19,0,7.48,8.30285714285648,8.4585714285713,8.97699999999992,-0.155714285714826,161.78,78,18.237955801105,0
"1171","LITTLE QUALICUM RIVER",1983,1983-06-20,171,20,0,7.04,7.91142857142716,8.45071428571412,8.9243333333332,-0.539285714286961,168.82,79,18.237955801105,0
"1172","LITTLE QUALICUM RIVER",1983,1983-06-21,172,21,0,6.66,7.58714285714294,8.43714285714252,8.84299999999979,-0.849999999999583,175.48,80,18.237955801105,0
"1173","LITTLE QUALICUM RIVER",1983,1983-06-22,173,22,0,6.3,7.27571428571537,8.38714285714273,8.73166666666657,-1.11142857142737,181.78,81,18.237955801105,0
"1174","LITTLE QUALICUM RIVER",1983,1983-06-23,174,23,0,6.33,7.05857142857193,8.32500000000021,8.60933333333329,-1.26642857142828,188.11,82,18.237955801105,0
"1175","LITTLE QUALICUM RIVER",1983,1983-06-24,175,24,0,6.34,6.84857142857176,8.0278571428571,8.48066666666661,-1.17928571428534,194.45,83,18.237955801105,0
"1176","LITTLE QUALICUM RIVER",1983,1983-06-25,176,25,0,6.24,6.62714285714277,7.69500000000075,8.37100000000015,-1.06785714285797,200.69,84,18.237955801105,0
"1177","LITTLE QUALICUM RIVER",1983,1983-06-26,177,26,0,6.36,6.46714285714344,7.38499999999996,8.27666666666676,-0.917857142856519,207.05,85,18.237955801105,0
"1178","LITTLE QUALICUM RIVER",1983,1983-06-27,178,27,0,6.12,6.33571428571512,7.12357142857114,8.16233333333318,-0.78785714285602,213.17,86,18.237955801105,0
"1179","LITTLE QUALICUM RIVER",1983,1983-06-28,179,28,0,5.86,6.22142857142899,6.90428571428596,8.00766666666653,-0.682857142856976,219.03,87,18.237955801105,0
"1180","LITTLE QUALICUM RIVER",1983,1983-06-29,180,29,0,5.78,6.14714285714269,6.71142857142903,7.83700000000002,-0.564285714286338,224.81,88,18.237955801105,0
"1181","LITTLE QUALICUM RIVER",1983,1983-06-30,181,30,0,5.55,6.03571428571429,6.54714285714311,7.67866666666669,-0.511428571428821,230.36,89,18.237955801105,0
"1182","LITTLE QUALICUM RIVER",1983,1983-07-01,182,31,0,5.43,5.90571428571379,6.37714285714277,7.53400000000014,-0.471428571428987,235.79,90,18.237955801105,0
"1183","LITTLE QUALICUM RIVER",1983,1983-07-02,183,32,0,5.63,5.81857142857085,6.22285714285681,7.41100000000006,-0.404285714285963,241.42,91,18.237955801105,0
"1184","LITTLE QUALICUM RIVER",1983,1983-07-03,184,33,0,5.19,5.65142857142824,6.05928571428584,7.29300000000027,-0.4078571428576,246.61,92,18.237955801105,0
"1185","LITTLE QUALICUM RIVER",1983,1983-07-04,185,34,0,4.8,5.46285714285789,5.8992857142865,7.18666666666686,-0.436428571428613,251.41,93,18.237955801105,0
"1186","LITTLE QUALICUM RIVER",1983,1983-07-05,186,35,0,4.58,5.27999999999884,5.75071428571391,7.08766666666634,-0.470714285715076,255.99,94,18.237955801105,0
"1187","LITTLE QUALICUM RIVER",1983,1983-07-06,187,36,0,4.37,5.07857142857184,5.61285714285727,6.99500000000019,-0.534285714285423,260.36,95,18.237955801105,0
"1188","LITTLE QUALICUM RIVER",1983,1983-07-07,188,37,0,4.2,4.88571428571387,5.46071428571408,6.90666666666657,-0.575000000000208,264.56,96,18.237955801105,0
"1189","LITTLE QUALICUM RIVER",1983,1983-07-08,189,38,0,4.07,4.69142857142807,5.29857142857093,6.80899999999965,-0.607142857142858,268.63,97,18.237955801105,0
"1190","LITTLE QUALICUM RIVER",1983,1983-07-09,190,39,0,3.98,4.45571428571462,5.13714285714273,6.70166666666676,-0.681428571428114,272.61,98,18.237955801105,0
"1191","LITTLE QUALICUM RIVER",1983,1983-07-10,191,40,0,3.86,4.26571428571437,4.9585714285713,6.48033333333345,-0.692857142856935,276.47,99,18.237955801105,0
"1192","LITTLE QUALICUM RIVER",1983,1983-07-11,192,41,0,5.99,4.43571428571262,4.94928571428526,6.31666666666667,-0.513571428572635,282.46,100,18.237955801105,0
"1193","LITTLE QUALICUM RIVER",1983,1983-07-12,193,42,0,12.9,5.62428571428713,5.45214285714298,6.3899999999999,0.172142857144146,295.36,101,18.237955801105,0
"1194","LITTLE QUALICUM RIVER",1983,1983-07-13,194,43,0,12.6,6.79999999999875,5.9392857142853,6.48399999999965,0.860714285713454,307.96,102,18.237955801105,0
"1195","LITTLE QUALICUM RIVER",1983,1983-07-14,195,44,0,11.3,7.8142857142853,6.34999999999958,6.56299999999998,1.46428571428571,319.26,103,18.237955801105,0
"1196","LITTLE QUALICUM RIVER",1983,1983-07-15,196,45,0,10.5,8.73285714285781,6.71214285714294,6.63033333333345,2.02071428571487,329.76,104,18.237955801105,0
"1197","LITTLE QUALICUM RIVER",1983,1983-07-16,197,46,0,9.41,9.5085714285711,6.98214285714286,6.68233333333337,2.52642857142824,339.17,105,18.237955801105,0
"1198","LITTLE QUALICUM RIVER",1983,1983-07-17,198,47,0,8.4,10.1571428571416,7.21142857142799,6.70199999999992,2.94571428571362,347.57,106,18.237955801105,0
"1199","LITTLE QUALICUM RIVER",1983,1983-07-18,199,48,0,7.37,10.3542857142872,7.39499999999992,6.68799999999998,2.95928571428729,354.94,107,18.237955801105,0
"1200","LITTLE QUALICUM RIVER",1983,1983-07-19,200,49,0,6.67,9.46428571428571,7.54428571428642,6.66100000000006,1.91999999999929,361.61,108,18.237955801105,0
"1201","LITTLE QUALICUM RIVER",1983,1983-07-20,201,50,0,6.09,8.53428571428646,7.66714285714261,6.62933333333349,0.867142857143856,367.7,109,18.237955801105,0
"1202","LITTLE QUALICUM RIVER",1983,1983-07-21,202,51,0,5.39,7.69000000000025,7.75214285714277,6.58700000000002,-0.0621428571425247,373.09,110,18.237955801105,0
"1203","LITTLE QUALICUM RIVER",1983,1983-07-22,203,52,0,4.79,6.87428571428505,7.80357142857143,6.53666666666638,-0.92928571428638,377.88,111,18.237955801105,0
"1204","LITTLE QUALICUM RIVER",1983,1983-07-23,204,53,0,4.39,6.15714285714161,7.83285714285635,6.47199999999963,-1.67571428571474,382.27,112,18.237955801105,0
"1205","LITTLE QUALICUM RIVER",1983,1983-07-24,205,54,0,4.15,5.55000000000083,7.85357142857122,6.39900000000004,-2.30357142857039,386.42,113,18.237955801105,0
"1206","LITTLE QUALICUM RIVER",1983,1983-07-25,206,55,0,3.79,5.03857142856993,7.69642857142857,6.31733333333298,-2.65785714285864,390.21,114,18.237955801105,0
"1207","LITTLE QUALICUM RIVER",1983,1983-07-26,207,56,0,3.6,4.59999999999958,7.03214285714265,6.22533333333316,-2.43214285714307,393.81,115,18.237955801105,0
"1208","LITTLE QUALICUM RIVER",1983,1983-07-27,208,57,0,3.5,4.23000000000008,6.38214285714327,6.13799999999998,-2.15214285714319,397.31,116,18.237955801105,0
"1209","LITTLE QUALICUM RIVER",1983,1983-07-28,209,58,0,3.47,3.95571428571462,5.82285714285743,6.05833333333333,-1.86714285714282,400.78,117,18.237955801105,0
"1210","LITTLE QUALICUM RIVER",1983,1983-07-29,210,59,0,3.34,3.74857142857218,5.31142857142861,5.97699999999992,-1.56285714285644,404.12,118,18.237955801105,0
"1211","LITTLE QUALICUM RIVER",1983,1983-07-30,211,60,0,3.25,3.58571428571512,4.87142857142836,5.90033333333316,-1.28571428571325,407.37,119,18.237955801105,0
"1212","LITTLE QUALICUM RIVER",1983,1983-07-31,212,61,0,3.2,3.44999999999917,4.5,5.82599999999996,-1.05000000000083,410.57,120,18.237955801105,0
"1213","LITTLE QUALICUM RIVER",1983,1983-08-01,213,62,1,3.08,3.34857142857176,4.19357142857085,5.74099999999986,-0.844999999999085,413.65,121,18.237955801105,0
"1214","LITTLE QUALICUM RIVER",1984,1984-05-31,152,1,0,14.3,16.3285714285718,17.6428571428571,13.6743333333337,-1.3142857142853,14.3,0,14.8829281767956,0
"1215","LITTLE QUALICUM RIVER",1984,1984-06-01,153,2,0,12.9,15.7285714285723,17.7357142857145,13.776,-2.00714285714223,27.2,1,14.8829281767956,0
"1216","LITTLE QUALICUM RIVER",1984,1984-06-02,154,3,0,11.9,15,17.1428571428571,13.8529999999999,-2.14285714285714,39.1,2,14.8829281767956,0
"1217","LITTLE QUALICUM RIVER",1984,1984-06-03,155,4,0,11.4,14.2285714285723,16.1642857142859,13.9406666666667,-1.93571428571366,50.5,3,14.8829281767956,0
"1218","LITTLE QUALICUM RIVER",1984,1984-06-04,156,5,0,11,13.4285714285714,15.471428571429,14.026,-2.04285714285756,61.5,4,14.8829281767956,0
"1219","LITTLE QUALICUM RIVER",1984,1984-06-05,157,6,0,10.9,12.6285714285706,14.8357142857141,14.1236666666664,-2.20714285714348,72.4,5,14.8829281767956,0
"1220","LITTLE QUALICUM RIVER",1984,1984-06-06,158,7,0,10.8,11.8857142857139,14.3142857142853,14.2283333333335,-2.42857142857143,83.2,6,14.8829281767956,0
"1221","LITTLE QUALICUM RIVER",1984,1984-06-07,159,8,0,10.3,11.3142857142853,13.8214285714286,14.3133333333336,-2.50714285714327,93.5,7,14.8829281767956,0
"1222","LITTLE QUALICUM RIVER",1984,1984-06-08,160,9,0,10.1,10.9142857142849,13.3214285714286,14.3703333333334,-2.40714285714369,103.6,8,14.8829281767956,0
"1223","LITTLE QUALICUM RIVER",1984,1984-06-09,161,10,0,9.84,10.6200000000016,12.8100000000008,14.4080000000002,-2.18999999999921,113.44,9,14.8829281767956,0
"1224","LITTLE QUALICUM RIVER",1984,1984-06-10,162,11,0,9.39,10.3328571428574,12.2807142857148,14.3776666666667,-1.94785714285743,122.83,10,14.8829281767956,0
"1225","LITTLE QUALICUM RIVER",1984,1984-06-11,163,12,0,9.12,10.0642857142853,11.7464285714284,14.2850000000001,-1.68214285714306,131.95,11,14.8829281767956,0
"1226","LITTLE QUALICUM RIVER",1984,1984-06-12,164,13,0,8.96,9.78714285714419,11.2078571428574,14.183666666667,-1.4207142857132,140.91,12,14.8829281767956,0
"1227","LITTLE QUALICUM RIVER",1984,1984-06-13,165,14,0,8.73,9.4914285714289,10.6885714285714,14.0413333333335,-1.19714285714248,149.64,13,14.8829281767956,0
"1228","LITTLE QUALICUM RIVER",1984,1984-06-14,166,15,0,9.04,9.31142857142757,10.3128571428564,13.876,-1.00142857142886,158.68,14,14.8829281767956,0
"1229","LITTLE QUALICUM RIVER",1984,1984-06-15,167,16,0,9.44,9.21714285714344,10.0657142857142,13.7606666666664,-0.848571428570722,168.12,15,14.8829281767956,0
"1230","LITTLE QUALICUM RIVER",1984,1984-06-16,168,17,0,9.65,9.18999999999817,9.90499999999988,13.6823333333329,-0.715000000001705,177.77,16,14.8829281767956,0
"1231","LITTLE QUALICUM RIVER",1984,1984-06-17,169,18,0,9.82,9.25142857142782,9.79214285714261,13.6230000000001,-0.540714285714785,187.59,17,14.8829281767956,0
"1232","LITTLE QUALICUM RIVER",1984,1984-06-18,170,19,0,9.4,9.29142857142766,9.67785714285648,13.263,-0.386428571428821,196.99,18,14.8829281767956,0
"1233","LITTLE QUALICUM RIVER",1984,1984-06-19,171,20,0,9.13,9.31571428571312,9.55142857142866,12.7306666666666,-0.235714285715533,206.12,19,14.8829281767956,0
"1234","LITTLE QUALICUM RIVER",1984,1984-06-20,172,21,0,8.87,9.33571428571304,9.41357142857097,12.3363333333332,-0.0778571428579333,214.99,20,14.8829281767956,0
"1235","LITTLE QUALICUM RIVER",1984,1984-06-21,173,22,0,8.48,9.25571428571545,9.28357142857151,11.9590000000001,-0.0278571428560603,223.47,21,14.8829281767956,0
"1236","LITTLE QUALICUM RIVER",1984,1984-06-22,174,23,0,8.36,9.10142857142949,9.15928571428646,11.6343333333333,-0.0578571428569781,231.83,22,14.8829281767956,0
"1237","LITTLE QUALICUM RIVER",1984,1984-06-23,175,24,0,8.44,8.92857142857143,9.0592857142848,11.342333333333,-0.130714285713371,240.27,23,14.8829281767956,0
"1238","LITTLE QUALICUM RIVER",1984,1984-06-24,176,25,0,8.34,8.71714285714344,8.98428571428563,11.0503333333336,-0.267142857142192,248.61,24,14.8829281767956,0
"1239","LITTLE QUALICUM RIVER",1984,1984-06-25,177,26,0,8.31,8.56142857142965,8.92642857142866,10.7606666666669,-0.364999999999002,256.92,25,14.8829281767956,0
"1240","LITTLE QUALICUM RIVER",1984,1984-06-26,178,27,0,8.26,8.43714285714252,8.87642857142782,10.476,-0.439285714285299,265.18,26,14.8829281767956,0
"1241","LITTLE QUALICUM RIVER",1984,1984-06-27,179,28,0,8.18,8.33857142857284,8.83714285714294,10.1953333333334,-0.498571428570097,273.36,27,14.8829281767956,0
"1242","LITTLE QUALICUM RIVER",1984,1984-06-28,180,29,0,7.44,8.19000000000025,8.72285714285785,9.89333333333343,-0.532857142857599,280.8,28,14.8829281767956,0
"1243","LITTLE QUALICUM RIVER",1984,1984-06-29,181,30,0,5.71,7.81142857142757,8.45642857142853,9.55033333333316,-0.645000000000956,286.51,29,14.8829281767956,0
"1244","LITTLE QUALICUM RIVER",1984,1984-06-30,182,31,0,6.24,7.49714285714435,8.21285714285789,9.28166666666657,-0.715714285713537,292.75,30,14.8829281767956,0
"1245","LITTLE QUALICUM RIVER",1984,1984-07-01,183,32,0,7.1,7.31999999999867,8.01857142857105,9.08833333333314,-0.698571428572384,299.85,31,14.8829281767956,0
"1246","LITTLE QUALICUM RIVER",1984,1984-07-02,184,33,0,7.19,7.15999999999933,7.86071428571449,8.93133333333341,-0.700714285715159,307.04,32,14.8829281767956,0
"1247","LITTLE QUALICUM RIVER",1984,1984-07-03,185,34,0,7.01,6.98142857142999,7.70928571428625,8.7850000000001,-0.727857142856269,314.05,33,14.8829281767956,0
"1248","LITTLE QUALICUM RIVER",1984,1984-07-04,186,35,0,6.84,6.78999999999983,7.56428571428634,8.64633333333331,-0.774285714286504,320.89,34,14.8829281767956,0
"1249","LITTLE QUALICUM RIVER",1984,1984-07-05,187,36,0,6.84,6.70428571428472,7.44714285714248,8.51100000000006,-0.742857142857766,327.73,35,14.8829281767956,0
"1250","LITTLE QUALICUM RIVER",1984,1984-07-06,188,37,0,6.83,6.86428571428613,7.33785714285685,8.37866666666669,-0.473571428570722,334.56,36,14.8829281767956,0
"1251","LITTLE QUALICUM RIVER",1984,1984-07-07,189,38,0,6.89,6.95714285714244,7.2271428571434,8.2649999999999,-0.270000000000956,341.45,37,14.8829281767956,0
"1252","LITTLE QUALICUM RIVER",1984,1984-07-08,190,39,0,6.7,6.90000000000042,7.10999999999954,8.15166666666676,-0.209999999999127,348.15,38,14.8829281767956,0
"1253","LITTLE QUALICUM RIVER",1984,1984-07-09,191,40,0,6.5,6.80142857142865,6.98071428571399,8.04033333333306,-0.17928571428534,354.65,39,14.8829281767956,0
"1254","LITTLE QUALICUM RIVER",1984,1984-07-10,192,41,0,5.83,6.63285714285615,6.80714285714306,7.92166666666647,-0.17428571428692,360.48,40,14.8829281767956,0
"1255","LITTLE QUALICUM RIVER",1984,1984-07-11,193,42,0,3.34,6.13285714285615,6.46142857142799,7.72899999999984,-0.328571428571844,363.82,41,14.8829281767956,0
"1256","LITTLE QUALICUM RIVER",1984,1984-07-12,194,43,0,3.51,5.65714285714369,6.1807142857142,7.54733333333327,-0.523571428570514,367.33,42,14.8829281767956,0
"1257","LITTLE QUALICUM RIVER",1984,1984-07-13,195,44,0,3.97,5.24857142857218,6.05642857142915,7.38866666666678,-0.807857142856976,371.3,43,14.8829281767956,0
"1258","LITTLE QUALICUM RIVER",1984,1984-07-14,196,45,0,4.22,4.86714285714178,5.91214285714211,7.22799999999988,-1.04500000000033,375.52,44,14.8829281767956,0
"1259","LITTLE QUALICUM RIVER",1984,1984-07-15,197,46,0,4.23,4.51428571428655,5.70714285714348,7.05433333333349,-1.19285714285694,379.75,45,14.8829281767956,0
"1260","LITTLE QUALICUM RIVER",1984,1984-07-16,198,47,0,4.12,4.17428571428588,5.48785714285727,6.87000000000019,-1.31357142857139,383.87,46,14.8829281767956,0
"1261","LITTLE QUALICUM RIVER",1984,1984-07-17,199,48,0,4.13,3.93142857142915,5.28214285714265,6.68033333333345,-1.3507142857135,388,47,14.8829281767956,0
"1262","LITTLE QUALICUM RIVER",1984,1984-07-18,200,49,0,4.1,4.03999999999983,5.08642857142799,6.50366666666669,-1.04642857142816,392.1,48,14.8829281767956,0
"1263","LITTLE QUALICUM RIVER",1984,1984-07-19,201,50,0,4.05,4.11714285714178,4.88714285714273,6.33433333333329,-0.770000000000956,396.15,49,14.8829281767956,0
"1264","LITTLE QUALICUM RIVER",1984,1984-07-20,202,51,0,4.13,4.13999999999942,4.6942857142858,6.1763333333336,-0.55428571428638,400.28,50,14.8829281767956,0
"1265","LITTLE QUALICUM RIVER",1984,1984-07-21,203,52,0,4,4.10857142857276,4.48785714285727,6.02699999999992,-0.379285714284508,404.28,51,14.8829281767956,0
"1266","LITTLE QUALICUM RIVER",1984,1984-07-22,204,53,0,4.1,4.08999999999859,4.30214285714257,5.88499999999961,-0.212142857143979,408.38,52,14.8829281767956,0
"1267","LITTLE QUALICUM RIVER",1984,1984-07-23,205,54,0,3.94,4.0642857142853,4.11928571428559,5.7350000000001,-0.055000000000291,412.32,53,14.8829281767956,0
"1268","LITTLE QUALICUM RIVER",1984,1984-07-24,206,55,0,3.69,4.00142857142782,3.96642857142849,5.57999999999981,0.0349999999993349,416.01,54,14.8829281767956,0
"1269","LITTLE QUALICUM RIVER",1984,1984-07-25,207,56,0,3.47,3.91142857142924,3.97571428571454,5.41866666666659,-0.0642857142852984,419.48,55,14.8829281767956,0
"1270","LITTLE QUALICUM RIVER",1984,1984-07-26,208,57,0,3.45,3.82571428571412,3.97142857142795,5.25833333333333,-0.145714285713828,422.93,56,14.8829281767956,0
"1271","LITTLE QUALICUM RIVER",1984,1984-07-27,209,58,0,3.35,3.71428571428571,3.92714285714257,5.09733333333328,-0.212857142856852,426.28,57,14.8829281767956,0
"1272","LITTLE QUALICUM RIVER",1984,1984-07-28,210,59,0,3.09,3.58428571428522,3.84642857142899,4.95233333333308,-0.262142857143772,429.37,58,14.8829281767956,0
"1273","LITTLE QUALICUM RIVER",1984,1984-07-29,211,60,0,2.97,3.42285714285806,3.75642857142832,4.86100000000006,-0.333571428570265,432.34,59,14.8829281767956,0
"1274","LITTLE QUALICUM RIVER",1984,1984-07-30,212,61,0,2.76,3.25428571428555,3.65928571428542,4.74499999999971,-0.404999999999875,435.1,60,14.8829281767956,0
"1275","LITTLE QUALICUM RIVER",1984,1984-07-31,213,62,0,2.78,3.12428571428505,3.56285714285644,4.60099999999996,-0.438571428571387,437.88,61,14.8829281767956,0
"1276","LITTLE QUALICUM RIVER",1984,1984-08-01,214,63,0,2.7,3.01428571428655,3.46285714285789,4.45133333333361,-0.448571428571345,440.58,62,14.8829281767956,0
"1277","LITTLE QUALICUM RIVER",1984,1984-08-02,215,64,0,2.35,2.85714285714286,3.34142857142849,4.29599999999967,-0.484285714285631,442.93,63,14.8829281767956,0
"1278","LITTLE QUALICUM RIVER",1984,1984-08-03,216,65,0,2.25,2.69999999999917,3.20714285714244,4.14299999999979,-0.507142857143273,445.18,64,14.8829281767956,0
"1279","LITTLE QUALICUM RIVER",1984,1984-08-04,217,66,0,2.11,2.55999999999975,3.07214285714248,3.98533333333326,-0.512142857142733,447.29,65,14.8829281767956,0
"1280","LITTLE QUALICUM RIVER",1984,1984-08-05,218,67,0,2.83,2.53999999999983,2.98142857142895,3.85199999999992,-0.441428571429112,450.12,66,14.8829281767956,0
"1281","LITTLE QUALICUM RIVER",1984,1984-08-06,219,68,0,2.46,2.49714285714435,2.87571428571495,3.70433333333349,-0.378571428570597,452.58,67,14.8829281767956,0
"1282","LITTLE QUALICUM RIVER",1984,1984-08-07,220,69,0,2.34,2.43428571428688,2.77928571428596,3.55900000000014,-0.344999999999085,454.92,68,14.8829281767956,0
"1283","LITTLE QUALICUM RIVER",1984,1984-08-08,221,70,0,2.27,2.37285714285723,2.69357142857189,3.41800000000027,-0.32071428571466,457.19,69,14.8829281767956,0
"1284","LITTLE QUALICUM RIVER",1984,1984-08-09,222,71,0,2.24,2.35714285714286,2.60714285714286,3.29833333333324,-0.25,459.43,70,14.8829281767956,0
"1285","LITTLE QUALICUM RIVER",1984,1984-08-10,223,72,0,2.09,2.33428571428522,2.51714285714219,3.25666666666657,-0.182857142856977,461.52,71,14.8829281767956,0
"1286","LITTLE QUALICUM RIVER",1984,1984-08-11,224,73,0,2.04,2.3242857142863,2.44214285714302,3.20766666666653,-0.117857142856727,463.56,72,14.8829281767956,0
"1287","LITTLE QUALICUM RIVER",1984,1984-08-12,225,74,0,1.94,2.19714285714352,2.36857142857168,3.1399999999999,-0.171428571428156,465.5,73,14.8829281767956,0
"1288","LITTLE QUALICUM RIVER",1984,1984-08-13,226,75,0,2.01,2.13285714285615,2.31500000000025,3.06633333333351,-0.182142857144104,467.51,74,14.8829281767956,0
"1289","LITTLE QUALICUM RIVER",1984,1984-08-14,227,76,0,1.81,2.05714285714203,2.24571428571445,2.98566666666641,-0.188571428572426,469.32,75,14.8829281767956,0
"1290","LITTLE QUALICUM RIVER",1984,1984-08-15,228,77,0,1.74,1.98142857142791,2.17714285714257,2.90633333333341,-0.19571428571466,471.06,76,14.8829281767956,0
"1291","LITTLE QUALICUM RIVER",1984,1984-08-16,229,78,0,1.7,1.90428571428596,2.13071428571441,2.82533333333316,-0.226428571428447,472.76,77,14.8829281767956,0
"1292","LITTLE QUALICUM RIVER",1984,1984-08-17,230,79,0,1.79,1.86142857143048,2.09785714285785,2.74833333333372,-0.236428571427366,474.55,78,14.8829281767956,0
"1293","LITTLE QUALICUM RIVER",1984,1984-08-18,231,80,0,1.62,1.80142857142865,2.06285714285748,2.66733333333347,-0.261428571428821,476.17,79,14.8829281767956,0
"1294","LITTLE QUALICUM RIVER",1984,1984-08-19,232,81,0,1.63,1.75714285714327,1.9771428571434,2.58400000000014,-0.220000000000125,477.8,80,14.8829281767956,0
"1295","LITTLE QUALICUM RIVER",1984,1984-08-20,233,82,0,1.46,1.67857142857143,1.90571428571379,2.4993333333332,-0.227142857142358,479.26,81,14.8829281767956,0
"1296","LITTLE QUALICUM RIVER",1984,1984-08-21,234,83,0,1.35,1.61285714285831,1.83500000000017,2.40766666666702,-0.222142857141859,480.61,82,14.8829281767956,0
"1297","LITTLE QUALICUM RIVER",1984,1984-08-22,235,84,0,1.2,1.53571428571429,1.7585714285711,2.31633333333351,-0.22285714285681,481.81,83,14.8829281767956,0
"1298","LITTLE QUALICUM RIVER",1984,1984-08-23,236,85,0,1.18,1.46142857142799,1.68285714285698,2.23266666666653,-0.221428571428987,482.99,84,14.8829281767956,0
"1299","LITTLE QUALICUM RIVER",1984,1984-08-24,237,86,0,1.19,1.37571428571287,1.61857142857168,2.15666666666657,-0.242857142858806,484.18,85,14.8829281767956,0
"1300","LITTLE QUALICUM RIVER",1984,1984-08-25,238,87,0,1.15,1.30857142857193,1.55500000000029,2.08000000000029,-0.246428571428364,485.33,86,14.8829281767956,0
"1301","LITTLE QUALICUM RIVER",1984,1984-08-26,239,88,0,1.11,1.23428571428563,1.49571428571445,2.00533333333345,-0.261428571428821,486.44,87,14.8829281767956,0
"1302","LITTLE QUALICUM RIVER",1984,1984-08-27,240,89,0,1.12,1.1857142857147,1.43214285714306,1.93966666666674,-0.246428571428364,487.56,88,14.8829281767956,0
"1303","LITTLE QUALICUM RIVER",1984,1984-08-28,241,90,0,1.11,1.15142857142824,1.38214285714327,1.87766666666672,-0.230714285715034,488.67,89,14.8829281767956,0
"1304","LITTLE QUALICUM RIVER",1984,1984-08-29,242,91,0,1.12,1.13999999999942,1.33785714285685,1.82300000000008,-0.197857142857434,489.79,90,14.8829281767956,0
"1305","LITTLE QUALICUM RIVER",1984,1984-08-30,243,92,0,1.18,1.1400000000015,1.30071428571474,1.76966666666704,-0.160714285713246,490.97,91,14.8829281767956,0
"1306","LITTLE QUALICUM RIVER",1984,1984-08-31,244,93,0,1.33,1.16000000000141,1.26785714285714,1.72400000000004,-0.107857142855729,492.3,92,14.8829281767956,0
"1307","LITTLE QUALICUM RIVER",1984,1984-09-01,245,94,1,1.28,1.17857142857143,1.24357142857168,1.68833333333362,-0.0650000000002495,493.58,93,14.8829281767956,0
"1308","LITTLE QUALICUM RIVER",1985,1985-06-01,152,1,0,8.59,10.1900000000002,11.4664285714285,10.3889999999999,-1.27642857142824,8.59,44,7.8421546961326,0
"1309","LITTLE QUALICUM RIVER",1985,1985-06-02,153,2,0,8.09,9.67428571428588,11.0514285714287,10.3463333333333,-1.37714285714277,16.68,45,7.8421546961326,0
"1310","LITTLE QUALICUM RIVER",1985,1985-06-03,154,3,0,7.93,9.20714285714244,10.6678571428576,10.270666666667,-1.46071428571512,24.61,46,7.8421546961326,0
"1311","LITTLE QUALICUM RIVER",1985,1985-06-04,155,4,0,7.96,8.78714285714211,10.336428571428,10.1993333333332,-1.54928571428588,32.57,47,7.8421546961326,0
"1312","LITTLE QUALICUM RIVER",1985,1985-06-05,156,5,0,7.66,8.36714285714178,10.0121428571427,10.1256666666668,-1.64500000000096,40.23,48,7.8421546961326,0
"1313","LITTLE QUALICUM RIVER",1985,1985-06-06,157,6,0,7.37,8.04999999999875,9.6528571428571,10.0459999999997,-1.60285714285835,47.6,49,7.8421546961326,0
"1314","LITTLE QUALICUM RIVER",1985,1985-06-07,158,7,0,7.43,7.86142857142841,9.28357142857151,9.97899999999984,-1.42214285714311,55.03,50,7.8421546961326,0
"1315","LITTLE QUALICUM RIVER",1985,1985-06-08,159,8,0,6.95,7.62714285714277,8.90857142857151,9.90533333333345,-1.28142857142874,61.98,51,7.8421546961326,0
"1316","LITTLE QUALICUM RIVER",1985,1985-06-09,160,9,0,6.26,7.36571428571395,8.51999999999992,9.83133333333293,-1.15428571428596,68.24,52,7.8421546961326,0
"1317","LITTLE QUALICUM RIVER",1985,1985-06-10,161,10,0,5.95,7.08285714285739,8.14499999999992,9.75233333333357,-1.06214285714252,74.19,53,7.8421546961326,0
"1318","LITTLE QUALICUM RIVER",1985,1985-06-11,162,11,0,5.85,6.78142857142874,7.78428571428542,9.68666666666638,-1.00285714285669,80.04,54,7.8421546961326,0
"1319","LITTLE QUALICUM RIVER",1985,1985-06-12,163,12,0,6.01,6.54571428571528,7.45642857142853,9.62900000000033,-0.910714285713246,86.05,55,7.8421546961326,0
"1320","LITTLE QUALICUM RIVER",1985,1985-06-13,164,13,0,5.64,6.29857142857301,7.17428571428588,9.54033333333355,-0.875714285712872,91.69,56,7.8421546961326,0
"1321","LITTLE QUALICUM RIVER",1985,1985-06-14,165,14,0,5.55,6.02999999999884,6.94571428571362,9.44433333333291,-0.915714285714785,97.24,57,7.8421546961326,0
"1322","LITTLE QUALICUM RIVER",1985,1985-06-15,166,15,0,5.72,5.85428571428513,6.74071428571395,9.32999999999981,-0.886428571428821,102.96,58,7.8421546961326,0
"1323","LITTLE QUALICUM RIVER",1985,1985-06-16,167,16,0,5.25,5.71000000000017,6.53785714285706,9.12166666666647,-0.827857142856893,108.21,59,7.8421546961326,0
"1324","LITTLE QUALICUM RIVER",1985,1985-06-17,168,17,0,5.1,5.58857142857076,6.33571428571408,8.84166666666667,-0.747142857143314,113.31,60,7.8421546961326,0
"1325","LITTLE QUALICUM RIVER",1985,1985-06-18,169,18,0,5.02,5.47000000000116,6.12571428571495,8.545666666667,-0.655714285713787,118.33,61,7.8421546961326,0
"1326","LITTLE QUALICUM RIVER",1985,1985-06-19,170,19,0,5.02,5.32857142856977,5.93714285714252,8.26966666666655,-0.608571428572759,123.35,62,7.8421546961326,0
"1327","LITTLE QUALICUM RIVER",1985,1985-06-20,171,20,0,4.43,5.15571428571379,5.7271428571434,7.99733333333328,-0.571428571429611,127.78,63,7.8421546961326,0
"1328","LITTLE QUALICUM RIVER",1985,1985-06-21,172,21,0,3.79,4.90428571428596,5.4671428571424,7.71699999999983,-0.562857142856436,131.57,64,7.8421546961326,0
"1329","LITTLE QUALICUM RIVER",1985,1985-06-22,173,22,0,3.84,4.63571428571595,5.24500000000054,7.43166666666705,-0.609285714284591,135.41,65,7.8421546961326,0
"1330","LITTLE QUALICUM RIVER",1985,1985-06-23,174,23,0,3.75,4.42142857143023,5.0657142857152,7.13666666666686,-0.644285714284966,139.16,66,7.8421546961326,0
"1331","LITTLE QUALICUM RIVER",1985,1985-06-24,175,24,0,2.86,4.10142857142949,4.84500000000012,6.82533333333364,-0.743571428570639,142.02,67,7.8421546961326,0
"1332","LITTLE QUALICUM RIVER",1985,1985-06-25,176,25,0,1.52,3.60142857142741,4.53571428571429,6.48600000000006,-0.934285714286878,143.54,68,7.8421546961326,0
"1333","LITTLE QUALICUM RIVER",1985,1985-06-26,177,26,0,1.8,3.14142857142932,4.23499999999954,6.17266666666643,-1.09357142857022,145.34,69,7.8421546961326,0
"1334","LITTLE QUALICUM RIVER",1985,1985-06-27,178,27,0,2.04,2.80000000000083,3.97785714285731,5.87733333333357,-1.17785714285648,147.38,70,7.8421546961326,0
"1335","LITTLE QUALICUM RIVER",1985,1985-06-28,179,28,0,2.16,2.56714285714302,3.73571428571449,5.59599999999967,-1.16857142857147,149.54,71,7.8421546961326,0
"1336","LITTLE QUALICUM RIVER",1985,1985-06-29,180,29,0,2.34,2.35285714285731,3.49428571428663,5.35433333333349,-1.14142857142932,151.88,72,7.8421546961326,0
"1337","LITTLE QUALICUM RIVER",1985,1985-06-30,181,30,0,2.45,2.16714285714261,3.29428571428642,5.14433333333339,-1.12714285714381,154.33,73,7.8421546961326,0
"1338","LITTLE QUALICUM RIVER",1985,1985-07-01,182,31,0,2.55,2.12285714285723,3.11214285714336,4.94300000000027,-0.98928571428613,156.88,74,7.8421546961326,0
"1339","LITTLE QUALICUM RIVER",1985,1985-07-02,183,32,0,2.5,2.26285714285872,2.93214285714307,4.75666666666705,-0.669285714284342,159.38,75,7.8421546961326,0
"1340","LITTLE QUALICUM RIVER",1985,1985-07-03,184,33,0,2.36,2.34285714285631,2.74214285714282,4.57099999999967,-0.399285714286505,161.74,76,7.8421546961326,0
"1341","LITTLE QUALICUM RIVER",1985,1985-07-04,185,34,0,2.07,2.34714285714186,2.57357142857135,4.37466666666684,-0.226428571429486,163.81,77,7.8421546961326,0
"1342","LITTLE QUALICUM RIVER",1985,1985-07-05,186,35,0,1.35,2.23142857142998,2.3992857142865,4.16433333333359,-0.167857142856519,165.16,78,7.8421546961326,0
"1343","LITTLE QUALICUM RIVER",1985,1985-07-06,187,36,0,1.37,2.09285714285631,2.22285714285681,3.96433333333359,-0.130000000000499,166.53,79,7.8421546961326,0
"1344","LITTLE QUALICUM RIVER",1985,1985-07-07,188,37,0,1.42,1.94571428571362,2.05642857142811,3.76399999999994,-0.110714285714494,167.95,80,7.8421546961326,0
"1345","LITTLE QUALICUM RIVER",1985,1985-07-08,189,38,0,1.55,1.80285714285648,1.96285714285685,3.58400000000014,-0.160000000000374,169.5,81,7.8421546961326,0
"1346","LITTLE QUALICUM RIVER",1985,1985-07-09,190,39,0,1.45,1.65285714285606,1.95785714285739,3.42366666666688,-0.30500000000133,170.95,82,7.8421546961326,0
"1347","LITTLE QUALICUM RIVER",1985,1985-07-10,191,40,0,1.41,1.51714285714427,1.93000000000029,3.27233333333327,-0.41285714285602,172.36,83,7.8421546961326,0
"1348","LITTLE QUALICUM RIVER",1985,1985-07-11,192,41,0,1.54,1.44142857142807,1.89428571428497,3.12866666666669,-0.452857142856893,173.9,84,7.8421546961326,0
"1349","LITTLE QUALICUM RIVER",1985,1985-07-12,193,42,0,1.6,1.47714285714236,1.85428571428617,2.98166666666657,-0.377142857143814,175.5,85,7.8421546961326,0
"1350","LITTLE QUALICUM RIVER",1985,1985-07-13,194,43,0,1.62,1.51285714285664,1.80285714285648,2.84766666666643,-0.289999999999834,177.12,86,7.8421546961326,0
"1351","LITTLE QUALICUM RIVER",1985,1985-07-14,195,44,0,1.67,1.54857142857093,1.74714285714228,2.71833333333343,-0.198571428571346,178.79,87,7.8421546961326,0
"1352","LITTLE QUALICUM RIVER",1985,1985-07-15,196,45,0,1.68,1.56714285714302,1.68499999999975,2.58366666666698,-0.117857142856727,180.47,88,7.8421546961326,0
"1353","LITTLE QUALICUM RIVER",1985,1985-07-16,197,46,0,1.65,1.59571428571404,1.62428571428505,2.46366666666678,-0.0285714285710128,182.12,89,7.8421546961326,0
"1354","LITTLE QUALICUM RIVER",1985,1985-07-17,198,47,0,1.61,1.62428571428505,1.57071428571466,2.34733333333328,0.0535714285703892,183.73,90,7.8421546961326,0
"1355","LITTLE QUALICUM RIVER",1985,1985-07-18,199,48,0,1.58,1.6300000000005,1.53571428571429,2.23266666666653,0.094285714286213,185.31,91,7.8421546961326,0
"1356","LITTLE QUALICUM RIVER",1985,1985-07-19,200,49,0,1.46,1.61000000000058,1.54357142857147,2.11400000000043,0.066428571429112,186.77,92,7.8421546961326,0
"1357","LITTLE QUALICUM RIVER",1985,1985-07-20,201,50,0,1.45,1.58571428571512,1.54928571428588,2.01466666666674,0.0364285714292365,188.22,93,7.8421546961326,0
"1358","LITTLE QUALICUM RIVER",1985,1985-07-21,202,51,0,1.44,1.55285714285856,1.55071428571474,1.9363333333337,0.00214285714381335,189.66,94,7.8421546961326,0
"1359","LITTLE QUALICUM RIVER",1985,1985-07-22,203,52,0,1.44,1.51857142857001,1.54285714285652,1.85633333333293,-0.0242857142865043,191.1,95,7.8421546961326,0
"1360","LITTLE QUALICUM RIVER",1985,1985-07-23,204,53,0,1.35,1.47571428571454,1.53571428571429,1.77633333333312,-0.0599999999997507,192.45,96,7.8421546961326,0
"1361","LITTLE QUALICUM RIVER",1985,1985-07-24,205,54,0,1.29,1.42999999999925,1.52714285714215,1.72399999999955,-0.0971428571428987,193.74,97,7.8421546961326,0
"1362","LITTLE QUALICUM RIVER",1985,1985-07-25,206,55,0,1.3,1.38999999999942,1.50999999999996,1.71666666666667,-0.120000000000541,195.04,98,7.8421546961326,0
"1363","LITTLE QUALICUM RIVER",1985,1985-07-26,207,56,0,1.26,1.36142857142841,1.48571428571449,1.69866666666688,-0.124285714286088,196.3,99,7.8421546961326,0
"1364","LITTLE QUALICUM RIVER",1985,1985-07-27,208,57,0,1.27,1.33571428571304,1.46071428571408,1.67299999999959,-0.125000000001039,197.57,100,7.8421546961326,0
"1365","LITTLE QUALICUM RIVER",1985,1985-07-28,209,58,0,1.28,1.3128571428554,1.43285714285698,1.64366666666659,-0.12000000000158,198.85,101,7.8421546961326,0
"1366","LITTLE QUALICUM RIVER",1985,1985-07-29,210,59,0,1.27,1.28857142857201,1.40357142857101,1.60799999999969,-0.114999999999002,200.12,102,7.8421546961326,0
"1367","LITTLE QUALICUM RIVER",1985,1985-07-30,211,60,0,1.26,1.27571428571537,1.37571428571495,1.56833333333343,-0.0999999999995842,201.38,103,7.8421546961326,0
"1368","LITTLE QUALICUM RIVER",1985,1985-07-31,212,61,0,1.16,1.25714285714327,1.34357142857126,1.52199999999963,-0.0864285714279893,202.54,104,7.8421546961326,0
"1369","LITTLE QUALICUM RIVER",1985,1985-08-01,213,62,0,1.2,1.24285714285673,1.31642857142807,1.4786666666662,-0.0735714285713456,203.74,105,7.8421546961326,0
"1370","LITTLE QUALICUM RIVER",1985,1985-08-02,214,63,0,1.21,1.23571428571345,1.29857142857093,1.44033333333355,-0.0628571428574753,204.95,106,7.8421546961326,0
"1371","LITTLE QUALICUM RIVER",1985,1985-08-03,215,64,0,1.2,1.22571428571454,1.28071428571379,1.41133333333322,-0.0549999999992516,206.15,107,7.8421546961326,0
"1372","LITTLE QUALICUM RIVER",1985,1985-08-04,216,65,0,1.15,1.20714285714452,1.25999999999996,1.40466666666665,-0.0528571428554383,207.3,108,7.8421546961326,0
"1373","LITTLE QUALICUM RIVER",1985,1985-08-05,217,66,0,1.15,1.19000000000025,1.23928571428613,1.39733333333328,-0.0492857142858805,208.45,109,7.8421546961326,0
"1374","LITTLE QUALICUM RIVER",1985,1985-08-06,218,67,0,1.14,1.17285714285598,1.22428571428567,1.38799999999998,-0.051428571429694,209.59,110,7.8421546961326,0
"1375","LITTLE QUALICUM RIVER",1985,1985-08-07,219,68,0,1.08,1.16142857142924,1.20928571428625,1.37233333333328,-0.047857142857018,210.67,111,7.8421546961326,0
"1376","LITTLE QUALICUM RIVER",1985,1985-08-08,220,69,0,1.08,1.14428571428704,1.19357142857189,1.3600000000001,-0.0492857142848411,211.75,112,7.8421546961326,0
"1377","LITTLE QUALICUM RIVER",1985,1985-08-09,221,70,0,1.11,1.1300000000005,1.18285714285698,1.35,-0.0528571428564777,212.86,113,7.8421546961326,0
"1378","LITTLE QUALICUM RIVER",1985,1985-08-10,222,71,0,1.11,1.11714285714386,1.17142857142919,1.3356666666669,-0.0542857142853399,213.97,114,7.8421546961326,0
"1379","LITTLE QUALICUM RIVER",1985,1985-08-11,223,72,0,1.05,1.10285714285731,1.15500000000091,1.31733333333347,-0.0521428571436056,215.02,115,7.8421546961326,0
"1380","LITTLE QUALICUM RIVER",1985,1985-08-12,224,73,0,1.03,1.08571428571512,1.13785714285768,1.29766666666692,-0.0521428571425662,216.05,116,7.8421546961326,0
"1381","LITTLE QUALICUM RIVER",1985,1985-08-13,225,74,0,1.02,1.06857142857085,1.12071428571341,1.27599999999996,-0.0521428571425662,217.07,117,7.8421546961326,0
"1382","LITTLE QUALICUM RIVER",1985,1985-08-14,226,75,0,0.983,1.05471428571452,1.10807142857188,1.25276666666662,-0.0533571428573589,218.053,118,7.8421546961326,0
"1383","LITTLE QUALICUM RIVER",1985,1985-08-15,227,76,0,0.973,1.03942857142829,1.09185714285767,1.23020000000009,-0.052428571429378,219.026,119,7.8421546961326,0
"1384","LITTLE QUALICUM RIVER",1985,1985-08-16,228,77,0,0.989,1.02214285714269,1.07607142857159,1.20950000000012,-0.0539285714289039,220.015,120,7.8421546961326,0
"1385","LITTLE QUALICUM RIVER",1985,1985-08-17,229,78,0,0.985,1.00428571428555,1.0607142857147,1.18966666666674,-0.0564285714291535,221,121,7.8421546961326,0
"1386","LITTLE QUALICUM RIVER",1985,1985-08-18,230,79,0,0.975,0.993571428569599,1.04821428571345,1.17349999999957,-0.054642857143855,221.975,122,7.8421546961326,0
"1387","LITTLE QUALICUM RIVER",1985,1985-08-19,231,80,0,0.947,0.981714285712639,1.03371428571388,1.15673333333301,-0.0520000000012391,222.922,123,7.8421546961326,0
"1388","LITTLE QUALICUM RIVER",1985,1985-08-20,232,81,0,0.986,0.976857142857625,1.02271428571424,1.14159999999974,-0.0458571428566106,223.908,124,7.8421546961326,0
"1389","LITTLE QUALICUM RIVER",1985,1985-08-21,233,82,0,0.958,0.973285714284949,1.01399999999973,1.12553333333344,-0.0407142857147847,224.866,125,7.8421546961326,0
"1390","LITTLE QUALICUM RIVER",1985,1985-08-22,234,83,0,0.935,0.967857142856311,1.0036428571423,1.11169999999984,-0.0357857142859886,225.801,126,7.8421546961326,0
"1391","LITTLE QUALICUM RIVER",1985,1985-08-23,235,84,0,0.903,0.955571428571212,0.988857142856952,1.09880000000024,-0.0332857142857392,226.704,127,7.8421546961326,0
"1392","LITTLE QUALICUM RIVER",1985,1985-08-24,236,85,0,0.946,0.949999999999169,0.977142857142358,1.08700000000002,-0.0271428571431898,227.65,128,7.8421546961326,0
"1393","LITTLE QUALICUM RIVER",1985,1985-08-25,237,86,0,0.978,0.950428571429386,0.971999999999493,1.0775999999998,-0.0215714285701064,228.628,129,7.8421546961326,0
"1394","LITTLE QUALICUM RIVER",1985,1985-08-26,238,87,0,0.947,0.950428571429386,0.966071428571013,1.06683333333349,-0.0156428571416265,229.575,130,7.8421546961326,0
"1395","LITTLE QUALICUM RIVER",1985,1985-08-27,239,88,0,0.935,0.943142857142708,0.960000000000166,1.05533333333345,-0.0168571428574588,230.51,131,7.8421546961326,0
"1396","LITTLE QUALICUM RIVER",1985,1985-08-28,240,89,0,0.801,0.920714285715284,0.947000000000116,1.03970000000021,-0.0262857142848328,231.311,132,7.8421546961326,0
"1397","LITTLE QUALICUM RIVER",1985,1985-08-29,241,90,0,1,0.93000000000133,0.948928571428821,1.03103333333323,-0.0189285714274905,232.311,133,7.8421546961326,0
"1398","LITTLE QUALICUM RIVER",1985,1985-08-30,242,91,0,1.1,0.958142857142125,0.956857142856669,1.02903333333331,0.00128571428545654,233.411,134,7.8421546961326,0
"1399","LITTLE QUALICUM RIVER",1985,1985-08-31,243,92,0,1.17,0.990142857142408,0.970071428570788,1.02803333333334,0.0200714285716198,234.581,135,7.8421546961326,0
"1400","LITTLE QUALICUM RIVER",1985,1985-09-01,244,93,1,1.16,1.01614285714251,0.983285714285947,1.02636666666658,0.0328571428565608,235.741,136,7.8421546961326,0
"1401","LITTLE QUALICUM RIVER",1986,1986-06-01,152,1,0,10.6,15.414285714287,14.1071428571429,11.321666666667,1.3071428571441,10.6,3,17.1635359116022,0
"1402","LITTLE QUALICUM RIVER",1986,1986-06-02,153,2,0,9.83,13.7185714285713,13.9307142857142,11.3670000000003,-0.21214285714294,20.43,4,17.1635359116022,0
"1403","LITTLE QUALICUM RIVER",1986,1986-06-03,154,3,0,9.14,12.2385714285712,13.547857142857,11.3776666666667,-1.30928571428584,29.57,5,17.1635359116022,0
"1404","LITTLE QUALICUM RIVER",1986,1986-06-04,155,4,0,8.44,11.1014285714295,13.2150000000007,11.3810000000003,-2.11357142857118,38.01,6,17.1635359116022,0
"1405","LITTLE QUALICUM RIVER",1986,1986-06-05,156,5,0,7.75,10.1085714285728,12.9685714285723,11.3713333333333,-2.85999999999954,45.76,7,17.1635359116022,0
"1406","LITTLE QUALICUM RIVER",1986,1986-06-06,157,6,0,7.14,9.24285714285881,12.7357142857145,11.3540000000003,-3.49285714285569,52.9,8,17.1635359116022,0
"1407","LITTLE QUALICUM RIVER",1986,1986-06-07,158,7,0,6.58,8.49714285714228,12.4485714285713,11.338,-3.95142857142907,59.48,9,17.1635359116022,0
"1408","LITTLE QUALICUM RIVER",1986,1986-06-08,159,8,0,6.13,7.85857142857068,11.6364285714288,11.3203333333334,-3.77785714285814,65.61,10,17.1635359116022,0
"1409","LITTLE QUALICUM RIVER",1986,1986-06-09,160,9,0,5.97,7.30714285714203,10.5128571428566,11.2929999999998,-3.20571428571462,71.58,11,17.1635359116022,0
"1410","LITTLE QUALICUM RIVER",1986,1986-06-10,161,10,0,5.69,6.8142857142853,9.52642857142824,11.2669999999998,-2.71214285714294,77.27,12,17.1635359116022,0
"1411","LITTLE QUALICUM RIVER",1986,1986-06-11,162,11,0,5.42,6.38285714285615,8.74214285714281,11.1963333333333,-2.35928571428667,82.69,13,17.1635359116022,0
"1412","LITTLE QUALICUM RIVER",1986,1986-06-12,163,12,0,5.17,6.01428571428447,8.06142857142861,10.9686666666666,-2.04714285714415,87.86,14,17.1635359116022,0
"1413","LITTLE QUALICUM RIVER",1986,1986-06-13,164,13,0,4.91,5.69571428571362,7.46928571428621,10.749,-1.77357142857259,92.77,15,17.1635359116022,0
"1414","LITTLE QUALICUM RIVER",1986,1986-06-14,165,14,0,4.89,5.4542857142868,6.97571428571454,10.5286666666667,-1.52142857142774,97.66,16,17.1635359116022,0
"1415","LITTLE QUALICUM RIVER",1986,1986-06-15,166,15,0,4.8,5.26428571428655,6.56142857142861,10.3353333333333,-1.29714285714207,102.46,17,17.1635359116022,0
"1416","LITTLE QUALICUM RIVER",1986,1986-06-16,167,16,0,4.52,5.05714285714203,6.18214285714203,10.1559999999998,-1.125,106.98,18,17.1635359116022,0
"1417","LITTLE QUALICUM RIVER",1986,1986-06-17,168,17,0,3.42,4.73285714285781,5.77357142857155,9.9100000000001,-1.04071428571374,110.4,19,17.1635359116022,0
"1418","LITTLE QUALICUM RIVER",1986,1986-06-18,169,18,0,3.65,4.48000000000008,5.43142857142811,9.62166666666647,-0.951428571428031,114.05,20,17.1635359116022,0
"1419","LITTLE QUALICUM RIVER",1986,1986-06-19,170,19,0,3.81,4.28571428571429,5.14999999999938,9.26533333333306,-0.86428571428509,117.86,21,17.1635359116022,0
"1420","LITTLE QUALICUM RIVER",1986,1986-06-20,171,20,0,4.15,4.17714285714361,4.93642857142861,8.96700000000031,-0.759285714285007,122.01,22,17.1635359116022,0
"1421","LITTLE QUALICUM RIVER",1986,1986-06-21,172,21,0,4.04,4.0557142857142,4.7550000000005,8.72833333333353,-0.699285714286296,126.05,23,17.1635359116022,0
"1422","LITTLE QUALICUM RIVER",1986,1986-06-22,173,22,0,4.12,3.95857142857026,4.61142857142841,8.51899999999975,-0.652857142858141,130.17,24,17.1635359116022,0
"1423","LITTLE QUALICUM RIVER",1986,1986-06-23,174,23,0,3.71,3.84285714285839,4.45000000000021,8.28933333333359,-0.607142857141818,133.88,25,17.1635359116022,0
"1424","LITTLE QUALICUM RIVER",1986,1986-06-24,175,24,0,2.75,3.74714285714228,4.24000000000004,7.79766666666692,-0.492857142857767,136.63,26,17.1635359116022,0
"1425","LITTLE QUALICUM RIVER",1986,1986-06-25,176,25,0,2.98,3.65142857142824,4.06571428571416,7.17366666666639,-0.414285714285922,139.61,27,17.1635359116022,0
"1426","LITTLE QUALICUM RIVER",1986,1986-06-26,177,26,0,3.18,3.56142857142965,3.92357142857197,6.62966666666665,-0.362142857142317,142.79,28,17.1635359116022,0
"1427","LITTLE QUALICUM RIVER",1986,1986-06-27,178,27,0,3.25,3.43285714285698,3.80500000000029,6.19133333333351,-0.372142857143314,146.04,29,17.1635359116022,0
"1428","LITTLE QUALICUM RIVER",1986,1986-06-28,179,28,0,3.28,3.3242857142863,3.69000000000025,5.8106666666669,-0.365714285713953,149.32,30,17.1635359116022,0
"1429","LITTLE QUALICUM RIVER",1986,1986-06-29,180,29,0,3.19,3.19142857143015,3.57500000000021,5.47700000000041,-0.383571428570057,152.51,31,17.1635359116022,0
"1430","LITTLE QUALICUM RIVER",1986,1986-06-30,181,30,0,3.11,3.10571428571503,3.47428571428671,5.18733333333366,-0.368571428571678,155.62,32,17.1635359116022,0
"1431","LITTLE QUALICUM RIVER",1986,1986-07-01,182,31,0,3.35,3.19142857142807,3.46928571428517,4.94566666666651,-0.277857142857101,158.97,33,17.1635359116022,0
"1432","LITTLE QUALICUM RIVER",1986,1986-07-02,183,32,0,3.88,3.32000000000075,3.48571428571449,4.74733333333328,-0.165714285713745,162.85,34,17.1635359116022,0
"1433","LITTLE QUALICUM RIVER",1986,1986-07-03,184,33,0,3.87,3.41857142857043,3.49000000000004,4.57166666666647,-0.0714285714296108,166.72,35,17.1635359116022,0
"1434","LITTLE QUALICUM RIVER",1986,1986-07-04,185,34,0,3.76,3.49142857142683,3.4621428571419,4.41566666666622,0.0292857142849243,170.48,36,17.1635359116022,0
"1435","LITTLE QUALICUM RIVER",1986,1986-07-05,186,35,0,3.61,3.53857142856993,3.43142857142811,4.27766666666624,0.107142857141818,174.09,37,17.1635359116022,0
"1436","LITTLE QUALICUM RIVER",1986,1986-07-06,187,36,0,3.51,3.58428571428522,3.38785714285768,4.15666666666657,0.196428571427532,177.6,38,17.1635359116022,0
"1437","LITTLE QUALICUM RIVER",1986,1986-07-07,188,37,0,3.45,3.63285714285615,3.36928571428559,4.05233333333357,0.263571428570556,181.05,39,17.1635359116022,0
"1438","LITTLE QUALICUM RIVER",1986,1986-07-08,189,38,0,3.3,3.62571428571495,3.40857142857151,3.95800000000017,0.217142857143439,184.35,40,17.1635359116022,0
"1439","LITTLE QUALICUM RIVER",1986,1986-07-09,190,39,0,3.17,3.52428571428546,3.42214285714311,3.86466666666674,0.102142857142358,187.52,41,17.1635359116022,0
"1440","LITTLE QUALICUM RIVER",1986,1986-07-10,191,40,0,3.2,3.42857142857143,3.42357142857093,3.78166666666657,0.00500000000049861,190.72,42,17.1635359116022,0
"1441","LITTLE QUALICUM RIVER",1986,1986-07-11,192,41,0,3.1,3.33428571428729,3.41285714285706,3.70433333333349,-0.0785714285697656,193.82,43,17.1635359116022,0
"1442","LITTLE QUALICUM RIVER",1986,1986-07-12,193,42,0,2.96,3.2414285714289,3.38999999999942,3.63066666666661,-0.148571428570514,196.78,44,17.1635359116022,0
"1443","LITTLE QUALICUM RIVER",1986,1986-07-13,194,43,0,2.92,3.15714285714161,3.37071428571341,3.5643333333331,-0.213571428571802,199.7,45,17.1635359116022,0
"1444","LITTLE QUALICUM RIVER",1986,1986-07-14,195,44,0,2.86,3.07285714285639,3.35285714285627,3.49666666666647,-0.279999999999875,202.56,46,17.1635359116022,0
"1445","LITTLE QUALICUM RIVER",1986,1986-07-15,196,45,0,2.8,3.00142857142782,3.31357142857139,3.42999999999981,-0.312142857143564,205.36,47,17.1635359116022,0
"1446","LITTLE QUALICUM RIVER",1986,1986-07-16,197,46,0,2.7,2.9342857142848,3.22928571428513,3.36933333333339,-0.295000000000333,208.06,48,17.1635359116022,0
"1447","LITTLE QUALICUM RIVER",1986,1986-07-17,198,47,0,2.6,2.84857142857176,3.13857142857159,3.34199999999983,-0.289999999999834,210.66,49,17.1635359116022,0
"1448","LITTLE QUALICUM RIVER",1986,1986-07-18,199,48,0,2.47,2.7585714285711,3.0464285714292,3.30266666666672,-0.287857142858099,213.13,50,17.1635359116022,0
"1449","LITTLE QUALICUM RIVER",1986,1986-07-19,200,49,0,2.34,2.67000000000033,2.95571428571462,3.25366666666669,-0.285714285714286,215.47,51,17.1635359116022,0
"1450","LITTLE QUALICUM RIVER",1986,1986-07-20,201,50,0,2.44,2.60142857142949,2.87928571428555,3.19666666666647,-0.277857142856062,217.91,52,17.1635359116022,0
"1451","LITTLE QUALICUM RIVER",1986,1986-07-21,202,51,0,2.43,2.53999999999983,2.80642857142811,3.14299999999979,-0.266428571428281,220.34,53,17.1635359116022,0
"1452","LITTLE QUALICUM RIVER",1986,1986-07-22,203,52,0,2.36,2.47714285714236,2.73928571428509,3.08433333333329,-0.262142857142733,222.7,54,17.1635359116022,0
"1453","LITTLE QUALICUM RIVER",1986,1986-07-23,204,53,0,2.25,2.41285714285706,2.67357142857093,3.03566666666641,-0.26071428571387,224.95,55,17.1635359116022,0
"1454","LITTLE QUALICUM RIVER",1986,1986-07-24,205,54,0,2.19,2.35428571428513,2.60142857142845,3.01699999999983,-0.247142857143314,227.14,56,17.1635359116022,0
"1455","LITTLE QUALICUM RIVER",1986,1986-07-25,206,55,0,1.97,2.28285714285656,2.52071428571383,2.98333333333333,-0.237857142857268,229.11,57,17.1635359116022,0
"1456","LITTLE QUALICUM RIVER",1986,1986-07-26,207,56,0,1.89,2.21857142857126,2.4442857142858,2.94033333333306,-0.225714285714535,231,58,17.1635359116022,0
"1457","LITTLE QUALICUM RIVER",1986,1986-07-27,208,57,0,1.99,2.15428571428596,2.37785714285772,2.89833333333324,-0.223571428571761,232.99,59,17.1635359116022,0
"1458","LITTLE QUALICUM RIVER",1986,1986-07-28,209,58,0,1.88,2.0757142857162,2.30785714285802,2.85166666666676,-0.232142857141818,234.87,60,17.1635359116022,0
"1459","LITTLE QUALICUM RIVER",1986,1986-07-29,210,59,0,1.82,1.99857142857218,2.23785714285727,2.80599999999977,-0.239285714285091,236.69,61,17.1635359116022,0
"1460","LITTLE QUALICUM RIVER",1986,1986-07-30,211,60,0,1.61,1.90714285714369,2.16000000000037,2.75599999999977,-0.252857142856685,238.3,62,17.1635359116022,0
"1461","LITTLE QUALICUM RIVER",1986,1986-07-31,212,61,0,1.49,1.8071428571441,2.08071428571462,2.69400000000023,-0.273571428570514,239.79,63,17.1635359116022,0
"1462","LITTLE QUALICUM RIVER",1986,1986-08-01,213,62,0,1.52,1.74285714285673,2.01285714285664,2.61533333333306,-0.269999999999917,241.31,64,17.1635359116022,0
"1463","LITTLE QUALICUM RIVER",1986,1986-08-02,214,63,0,1.56,1.6957142857157,1.95714285714348,2.53833333333362,-0.261428571427782,242.87,65,17.1635359116022,0
"1464","LITTLE QUALICUM RIVER",1986,1986-08-03,215,64,0,1.48,1.62285714285723,1.88857142857159,2.46233333333366,-0.265714285714369,244.35,66,17.1635359116022,0
"1465","LITTLE QUALICUM RIVER",1986,1986-08-04,216,65,0,1.42,1.55714285714203,1.81642857142911,2.38933333333359,-0.259285714287086,245.77,67,17.1635359116022,0
"1466","LITTLE QUALICUM RIVER",1986,1986-08-05,217,66,0,1.38,1.49428571428663,1.7464285714294,2.31833333333343,-0.252142857142774,247.15,68,17.1635359116022,0
"1467","LITTLE QUALICUM RIVER",1986,1986-08-06,218,67,0,1.35,1.45714285714244,1.68214285714306,2.24833333333324,-0.225000000000624,248.5,69,17.1635359116022,0
"1468","LITTLE QUALICUM RIVER",1986,1986-08-07,219,68,0,1.29,1.42857142857143,1.61785714285777,2.18133333333341,-0.189285714286338,249.79,70,17.1635359116022,0
"1469","LITTLE QUALICUM RIVER",1986,1986-08-08,220,69,0,1.21,1.38428571428605,1.56357142857139,2.11599999999986,-0.17928571428534,251,71,17.1635359116022,0
"1470","LITTLE QUALICUM RIVER",1986,1986-08-09,221,70,0,1.15,1.32571428571412,1.51071428571491,2.04766666666692,-0.18500000000079,252.15,72,17.1635359116022,0
"1471","LITTLE QUALICUM RIVER",1986,1986-08-10,222,71,0,1.22,1.28857142857201,1.45571428571462,1.9850000000001,-0.167142857142608,253.37,73,17.1635359116022,0
"1472","LITTLE QUALICUM RIVER",1986,1986-08-11,223,72,0,1.21,1.2585714285711,1.40785714285656,1.92666666666676,-0.149285714285465,254.58,74,17.1635359116022,0
"1473","LITTLE QUALICUM RIVER",1986,1986-08-12,224,73,0,1.2,1.23285714285573,1.36357142857118,1.86933333333339,-0.13071428571545,255.78,75,17.1635359116022,0
"1474","LITTLE QUALICUM RIVER",1986,1986-08-13,225,74,0,1.13,1.20142857142907,1.32928571428576,1.81166666666686,-0.127857142856685,256.91,76,17.1635359116022,0
"1475","LITTLE QUALICUM RIVER",1986,1986-08-14,226,75,0,1.07,1.16999999999825,1.29928571428484,1.75399999999984,-0.129285714286587,257.98,77,17.1635359116022,0
"1476","LITTLE QUALICUM RIVER",1986,1986-08-15,227,76,0,1.12,1.15714285714369,1.27071428571487,1.7013333333336,-0.113571428571179,259.1,78,17.1635359116022,0
"1477","LITTLE QUALICUM RIVER",1986,1986-08-16,228,77,0,1.1,1.14999999999834,1.23785714285623,1.65133333333312,-0.0878571428578911,260.2,79,17.1635359116022,0
"1478","LITTLE QUALICUM RIVER",1986,1986-08-17,229,78,0,1.06,1.12714285714277,1.20785714285739,1.60433333333349,-0.0807142857146184,261.26,80,17.1635359116022,0
"1479","LITTLE QUALICUM RIVER",1986,1986-08-18,230,79,0,1.04,1.10285714285731,1.1807142857142,1.56100000000006,-0.0778571428568935,262.3,81,17.1635359116022,0
"1480","LITTLE QUALICUM RIVER",1986,1986-08-19,231,80,0,1.04,1.07999999999967,1.1564285714277,1.5143333333331,-0.0764285714280308,263.34,82,17.1635359116022,0
"1481","LITTLE QUALICUM RIVER",1986,1986-08-20,232,81,0,1.02,1.0642857142853,1.13285714285718,1.46733333333347,-0.0685714285718859,264.36,83,17.1635359116022,0
"1482","LITTLE QUALICUM RIVER",1986,1986-08-21,233,82,0,1.03,1.05857142857193,1.11428571428509,1.42300000000008,-0.0557142857131632,265.39,84,17.1635359116022,0
"1483","LITTLE QUALICUM RIVER",1986,1986-08-22,234,83,0,1.01,1.04285714285756,1.10000000000062,1.38166666666705,-0.057142857143065,266.4,85,17.1635359116022,0
"1484","LITTLE QUALICUM RIVER",1986,1986-08-23,235,84,0,0.938,1.01971428571518,1.08485714285676,1.33993333333347,-0.0651428571415766,267.338,86,17.1635359116022,0
"1485","LITTLE QUALICUM RIVER",1986,1986-08-24,236,85,0,0.989,1.00957142857078,1.06835714285678,1.30723333333347,-0.0587857142859971,268.327,87,17.1635359116022,0
"1486","LITTLE QUALICUM RIVER",1986,1986-08-25,237,86,0,1,1.00385714285741,1.05335714285736,1.27756666666683,-0.0494999999999501,269.327,88,17.1635359116022,0
"1487","LITTLE QUALICUM RIVER",1986,1986-08-26,238,87,0,1.08,1.00957142857286,1.04478571428626,1.24723333333338,-0.0352142857134043,270.407,89,17.1635359116022,0
"1488","LITTLE QUALICUM RIVER",1986,1986-08-27,239,88,0,1.11,1.0224285714295,1.0433571428574,1.22156666666657,-0.0209285714278979,271.517,90,17.1635359116022,0
"1489","LITTLE QUALICUM RIVER",1986,1986-08-28,240,89,0,1.06,1.02671428571505,1.04264285714349,1.19623333333341,-0.0159285714284385,272.577,91,17.1635359116022,0
"1490","LITTLE QUALICUM RIVER",1986,1986-08-29,241,90,0,1.13,1.04385714285724,1.0433571428574,1.18023333333355,0.000499999999842071,273.707,92,17.1635359116022,0
"1491","LITTLE QUALICUM RIVER",1986,1986-08-30,242,91,0,1.11,1.06842857142952,1.04407142857235,1.16756666666673,0.0243571428571678,274.817,93,17.1635359116022,0
"1492","LITTLE QUALICUM RIVER",1986,1986-08-31,243,92,0,1.02,1.07285714285639,1.04121428571359,1.15090000000006,0.0316428571428071,275.837,94,17.1635359116022,0
"1493","LITTLE QUALICUM RIVER",1986,1986-09-01,244,93,0,1,1.07285714285639,1.0383571428569,1.13223333333299,0.0344999999994928,276.837,95,17.1635359116022,0
"1494","LITTLE QUALICUM RIVER",1986,1986-09-02,245,94,0,0.987,1.05957142857161,1.03457142857224,1.11580000000007,0.0249999999993764,277.824,96,17.1635359116022,0
"1495","LITTLE QUALICUM RIVER",1986,1986-09-03,246,95,0,0.967,1.03914285714148,1.03078571428549,1.10069999999978,0.00835714285598699,278.791,97,17.1635359116022,0
"1496","LITTLE QUALICUM RIVER",1986,1986-09-04,247,96,0,0.894,1.01542857142756,1.0210714285713,1.08449999999963,-0.00564285714374679,279.685,98,17.1635359116022,0
"1497","LITTLE QUALICUM RIVER",1986,1986-09-05,248,97,0,0.893,0.981571428571312,1.01271428571428,1.06926666666695,-0.0311428571429653,280.578,99,17.1635359116022,0
"1498","LITTLE QUALICUM RIVER",1986,1986-09-06,249,98,0,0.822,0.940428571428389,1.00442857142895,1.05366666666669,-0.0640000000005655,281.4,100,17.1635359116022,0
"1499","LITTLE QUALICUM RIVER",1986,1986-09-07,250,99,0,0.745,0.901142857143506,0.98699999999995,1.0381666666668,-0.0858571428564444,282.145,101,17.1635359116022,0
"1500","LITTLE QUALICUM RIVER",1986,1986-09-08,251,100,0,0.75,0.86542857142922,0.969142857142807,1.02483333333318,-0.103714285713587,282.895,102,17.1635359116022,0
"1501","LITTLE QUALICUM RIVER",1986,1986-09-09,252,101,0,0.748,0.831285714284084,0.945428571427848,1.00909999999955,-0.114142857143763,283.643,103,17.1635359116022,0
"1502","LITTLE QUALICUM RIVER",1986,1986-09-10,253,102,0,0.787,0.805571428572875,0.922357142857176,0.995000000000194,-0.116785714284301,284.43,104,17.1635359116022,0
"1503","LITTLE QUALICUM RIVER",1986,1986-09-11,254,103,0,0.861,0.80085714285711,0.908142857142333,0.983699999999953,-0.107285714285224,285.291,105,17.1635359116022,0
"1504","LITTLE QUALICUM RIVER",1986,1986-09-12,255,104,0,0.829,0.791714285714469,0.88664285714289,0.97366666666688,-0.0949285714284217,286.12,106,17.1635359116022,0
"1505","LITTLE QUALICUM RIVER",1986,1986-09-13,256,105,0,0.781,0.785857142855613,0.863142857142001,0.964033333333403,-0.0772857142863879,286.901,107,17.1635359116022,0
"1506","LITTLE QUALICUM RIVER",1986,1986-09-14,257,106,0,0.845,0.800142857142159,0.850642857142832,0.954866666666445,-0.0505000000006736,287.746,108,17.1635359116022,0
"1507","LITTLE QUALICUM RIVER",1986,1986-09-15,258,107,0,0.859,0.815714285713122,0.840571428571171,0.946833333333295,-0.0248571428580493,288.605,109,17.1635359116022,0
"1508","LITTLE QUALICUM RIVER",1986,1986-09-16,259,108,0,0.876,0.834000000000482,0.832642857142283,0.940699999999682,0.00135714285819888,289.481,110,17.1635359116022,0
"1509","LITTLE QUALICUM RIVER",1986,1986-09-17,260,109,0,0.874,0.846428571426908,0.825999999999892,0.935166666666434,0.0204285714270164,290.355,111,17.1635359116022,0
"1510","LITTLE QUALICUM RIVER",1986,1986-09-18,261,110,0,0.879,0.8489999999999,0.824928571428505,0.929800000000008,0.0240714285713952,291.234,112,17.1635359116022,0
"1511","LITTLE QUALICUM RIVER",1986,1986-09-19,262,111,0,0.864,0.85399999999832,0.822857142856394,0.924599999999918,0.0311428571419259,292.098,113,17.1635359116022,0
"1512","LITTLE QUALICUM RIVER",1986,1986-09-20,263,112,0,0.845,0.86314285714304,0.824499999999326,0.918433333333329,0.0386428571437136,292.943,114,17.1635359116022,0
"1513","LITTLE QUALICUM RIVER",1986,1986-09-21,264,113,0,0.853,0.86428571428613,0.832214285714144,0.913199999999779,0.0320714285719857,293.796,115,17.1635359116022,0
"1514","LITTLE QUALICUM RIVER",1986,1986-09-22,265,114,0,1.18,0.91014285714482,0.862928571428971,0.921266666666876,0.047214285715849,294.976,116,17.1635359116022,0
"1515","LITTLE QUALICUM RIVER",1986,1986-09-23,266,115,0,2.29,1.11214285714336,0.973071428571919,0.964633333333283,0.139071428571437,297.266,117,17.1635359116022,0
"1516","LITTLE QUALICUM RIVER",1986,1986-09-24,267,116,0,2.03,1.2772857142866,1.06185714285675,0.998966666666577,0.215428571429844,299.296,118,17.1635359116022,0
"1517","LITTLE QUALICUM RIVER",1986,1986-09-25,268,117,1,1.88,1.42028571428714,1.13464285714352,1.02563333333334,0.285642857143622,301.176,119,17.1635359116022,0
"1518","LITTLE QUALICUM RIVER",2013,2013-06-01,152,1,0,11.2,10.6428571428571,10.461428571429,12.0559999999998,0.181428571428114,11.2,16,10.8007182320442,0
"1519","LITTLE QUALICUM RIVER",2013,2013-06-02,153,2,0,10.4,10.8014285714287,10.3828571428572,12.151,0.41857142857147,21.6,17,10.8007182320442,0
"1520","LITTLE QUALICUM RIVER",2013,2013-06-03,154,3,0,9.88,10.8542857142851,10.3242857142853,12.2173333333335,0.529999999999875,31.48,18,10.8007182320442,0
"1521","LITTLE QUALICUM RIVER",2013,2013-06-04,155,4,0,8.44,10.5885714285708,10.1628571428571,12.1993333333332,0.425714285713703,39.92,19,10.8007182320442,0
"1522","LITTLE QUALICUM RIVER",2013,2013-06-05,156,5,0,7.38,10.0571428571441,9.95428571428576,12.1020000000004,0.102857142858348,47.3,20,10.8007182320442,0
"1523","LITTLE QUALICUM RIVER",2013,2013-06-06,157,6,0,7.46,9.48000000000008,9.73714285714232,11.9706666666665,-0.257142857142233,54.76,21,10.8007182320442,0
"1524","LITTLE QUALICUM RIVER",2013,2013-06-07,158,7,0,7.55,8.90142857142824,9.60928571428563,11.8123333333332,-0.707857142857392,62.31,22,10.8007182320442,0
"1525","LITTLE QUALICUM RIVER",2013,2013-06-08,159,8,0,7.22,8.33285714285739,9.48785714285727,11.6296666666666,-1.15499999999988,69.53,23,10.8007182320442,0
"1526","LITTLE QUALICUM RIVER",2013,2013-06-09,160,9,0,6.79,7.81714285714302,9.30928571428584,11.429333333333,-1.49214285714281,76.32,24,10.8007182320442,0
"1527","LITTLE QUALICUM RIVER",2013,2013-06-10,161,10,0,5.42,7.17999999999925,9.01714285714219,11.1833333333333,-1.83714285714294,81.74,25,10.8007182320442,0
"1528","LITTLE QUALICUM RIVER",2013,2013-06-11,162,11,0,4.66,6.63999999999942,8.61428571428509,10.7086666666665,-1.97428571428567,86.4,26,10.8007182320442,0
"1529","LITTLE QUALICUM RIVER",2013,2013-06-12,163,12,0,4.77,6.26714285714219,8.16214285714315,10.2076666666665,-1.89500000000096,91.17,27,10.8007182320442,0
"1530","LITTLE QUALICUM RIVER",2013,2013-06-13,164,13,0,5.11,5.93142857142915,7.70571428571462,9.69800000000008,-1.77428571428547,96.28,28,10.8007182320442,0
"1531","LITTLE QUALICUM RIVER",2013,2013-06-14,165,14,0,5.42,5.62714285714277,7.26428571428551,9.29533333333335,-1.63714285714273,101.7,29,10.8007182320442,0
"1532","LITTLE QUALICUM RIVER",2013,2013-06-15,166,15,0,5.27,5.34857142857176,6.84071428571458,8.96100000000006,-1.49214285714282,106.97,30,10.8007182320442,0
"1533","LITTLE QUALICUM RIVER",2013,2013-06-16,167,16,0,5.2,5.1214285714294,6.46928571428621,8.67100000000016,-1.34785714285681,112.17,31,10.8007182320442,0
"1534","LITTLE QUALICUM RIVER",2013,2013-06-17,168,17,0,5.14,5.08142857142957,6.13071428571441,8.41900000000023,-1.04928571428484,117.31,32,10.8007182320442,0
"1535","LITTLE QUALICUM RIVER",2013,2013-06-18,169,18,0,5.89,5.25714285714327,5.94857142857135,8.23200000000021,-0.691428571428073,123.2,33,10.8007182320442,0
"1536","LITTLE QUALICUM RIVER",2013,2013-06-19,170,19,0,5.75,5.39714285714269,5.83214285714244,8.06699999999983,-0.434999999999751,128.95,34,10.8007182320442,0
"1537","LITTLE QUALICUM RIVER",2013,2013-06-20,171,20,0,5.38,5.4357142857147,5.68357142857193,7.88966666666674,-0.247857142857226,134.33,35,10.8007182320442,0
"1538","LITTLE QUALICUM RIVER",2013,2013-06-21,172,21,0,5.18,5.40142857142824,5.51428571428551,7.71899999999975,-0.112857142857267,139.51,36,10.8007182320442,0
"1539","LITTLE QUALICUM RIVER",2013,2013-06-22,173,22,0,5.12,5.37999999999842,5.36428571428509,7.53966666666626,0.0157142857133294,144.63,37,10.8007182320442,0
"1540","LITTLE QUALICUM RIVER",2013,2013-06-23,174,23,0,5.01,5.35285714285731,5.23714285714336,7.39533333333335,0.115714285713953,149.64,38,10.8007182320442,0
"1541","LITTLE QUALICUM RIVER",2013,2013-06-24,175,24,0,5.49,5.40285714285606,5.24214285714282,7.28099999999977,0.160714285713246,155.13,39,10.8007182320442,0
"1542","LITTLE QUALICUM RIVER",2013,2013-06-25,176,25,0,5.46,5.34142857142849,5.29928571428588,7.15333333333353,0.0421428571426077,160.59,40,10.8007182320442,0
"1543","LITTLE QUALICUM RIVER",2013,2013-06-26,177,26,0,5.5,5.3057142857142,5.35142857142845,7.01966666666655,-0.0457142857142445,166.09,41,10.8007182320442,0
"1544","LITTLE QUALICUM RIVER",2013,2013-06-27,178,27,0,5.98,5.39142857142724,5.41357142857097,6.87566666666632,-0.0221428571437299,172.07,42,10.8007182320442,0
"1545","LITTLE QUALICUM RIVER",2013,2013-06-28,179,28,0,6.56,5.58857142857076,5.4949999999995,6.7243333333332,0.0935714285712628,178.63,43,10.8007182320442,0
"1546","LITTLE QUALICUM RIVER",2013,2013-06-29,180,29,0,6.47,5.78142857142874,5.58071428571358,6.55666666666657,0.20071428571516,185.1,44,10.8007182320442,0
"1547","LITTLE QUALICUM RIVER",2013,2013-06-30,181,30,0,6.11,5.93857142857035,5.64571428571383,6.3736666666664,0.292857142856519,191.21,45,10.8007182320442,0
"1548","LITTLE QUALICUM RIVER",2013,2013-07-01,182,31,0,5.78,5.98000000000008,5.69142857142807,6.19299999999979,0.288571428572011,196.99,46,10.8007182320442,0
"1549","LITTLE QUALICUM RIVER",2013,2013-07-02,183,32,0,5.42,5.97428571428671,5.6578571428576,6.02700000000041,0.316428571429112,202.41,47,10.8007182320442,0
"1550","LITTLE QUALICUM RIVER",2013,2013-07-03,184,33,0,4.98,5.90000000000042,5.60285714285731,5.86366666666678,0.297142857143107,207.39,48,10.8007182320442,0
"1551","LITTLE QUALICUM RIVER",2013,2013-07-04,185,34,0,4.39,5.67285714285806,5.53214285714265,5.72866666666669,0.140714285715408,211.78,49,10.8007182320442,0
"1552","LITTLE QUALICUM RIVER",2013,2013-07-05,186,35,0,3.76,5.27285714285764,5.4307142857142,5.60799999999969,-0.157857142856561,215.54,50,10.8007182320442,0
"1553","LITTLE QUALICUM RIVER",2013,2013-07-06,187,36,0,3.7,4.87714285714277,5.32928571428576,5.48266666666653,-0.452142857142982,219.24,51,10.8007182320442,0
"1554","LITTLE QUALICUM RIVER",2013,2013-07-07,188,37,0,3.64,4.52428571428546,5.23142857142791,5.35233333333308,-0.707142857142442,222.88,52,10.8007182320442,0
"1555","LITTLE QUALICUM RIVER",2013,2013-07-08,189,38,0,3.26,4.16428571428696,5.07214285714352,5.22033333333335,-0.907857142856561,226.14,53,10.8007182320442,0
"1556","LITTLE QUALICUM RIVER",2013,2013-07-09,190,39,0,2.9,3.8042857142843,4.88928571428551,5.09066666666671,-1.08500000000121,229.04,54,10.8007182320442,0
"1557","LITTLE QUALICUM RIVER",2013,2013-07-10,191,40,0,2.86,3.50142857142782,4.70071428571412,5.00533333333345,-1.1992857142863,231.9,55,10.8007182320442,0
"1558","LITTLE QUALICUM RIVER",2013,2013-07-11,192,41,0,2.8,3.27428571428546,4.47357142857176,4.94333333333343,-1.1992857142863,234.7,56,10.8007182320442,0
"1559","LITTLE QUALICUM RIVER",2013,2013-07-12,193,42,0,2.6,3.10857142857276,4.1907142857152,4.87100000000015,-1.08214285714244,237.3,57,10.8007182320442,0
"1560","LITTLE QUALICUM RIVER",2013,2013-07-13,194,43,0,2.32,2.91142857142924,3.89428571428601,4.77799999999988,-0.982857142856769,239.62,58,10.8007182320442,0
"1561","LITTLE QUALICUM RIVER",2013,2013-07-14,195,44,0,2.29,2.71857142857334,3.6214285714294,4.67366666666688,-0.902857142856062,241.91,59,10.8007182320442,0
"1562","LITTLE QUALICUM RIVER",2013,2013-07-15,196,45,0,2.26,2.57571428571412,3.37000000000054,4.57333333333324,-0.794285714286421,244.17,60,10.8007182320442,0
"1563","LITTLE QUALICUM RIVER",2013,2013-07-16,197,46,0,2.25,2.48285714285781,3.14357142857105,4.475,-0.660714285713246,246.42,61,10.8007182320442,0
"1564","LITTLE QUALICUM RIVER",2013,2013-07-17,198,47,0,2.22,2.39142857142932,2.94642857142857,4.37766666666672,-0.554999999999252,248.64,62,10.8007182320442,0
"1565","LITTLE QUALICUM RIVER",2013,2013-07-18,199,48,0,2.18,2.30285714285648,2.78857142857097,4.25399999999985,-0.485714285714494,250.82,63,10.8007182320442,0
"1566","LITTLE QUALICUM RIVER",2013,2013-07-19,200,49,0,2.17,2.24142857142683,2.67499999999979,4.13466666666645,-0.433571428572967,252.99,64,10.8007182320442,0
"1567","LITTLE QUALICUM RIVER",2013,2013-07-20,201,50,0,2.13,2.21428571428571,2.56285714285748,4.02633333333312,-0.348571428571761,255.12,65,10.8007182320442,0
"1568","LITTLE QUALICUM RIVER",2013,2013-07-21,202,51,0,2.08,2.1842857142848,2.45142857142907,3.92300000000008,-0.26714285714427,257.2,66,10.8007182320442,0
"1569","LITTLE QUALICUM RIVER",2013,2013-07-22,203,52,0,2.06,2.15571428571379,2.36571428571395,3.82100000000016,-0.210000000000166,259.26,67,10.8007182320442,0
"1570","LITTLE QUALICUM RIVER",2013,2013-07-23,204,53,0,2.03,2.12428571428505,2.30357142857143,3.72166666666647,-0.17928571428638,261.29,68,10.8007182320442,0
"1571","LITTLE QUALICUM RIVER",2013,2013-07-24,205,54,0,2.01,2.09428571428621,2.24285714285777,3.60566666666709,-0.148571428571553,263.3,69,10.8007182320442,0
"1572","LITTLE QUALICUM RIVER",2013,2013-07-25,206,55,0,2,2.06857142857293,2.1857142857147,3.49033333333355,-0.117142857141776,265.3,70,10.8007182320442,0
"1573","LITTLE QUALICUM RIVER",2013,2013-07-26,207,56,0,1.98,2.04142857142974,2.14142857142828,3.37300000000008,-0.0999999999985448,267.28,71,10.8007182320442,0
"1574","LITTLE QUALICUM RIVER",2013,2013-07-27,208,57,0,1.96,2.01714285714219,2.11571428571395,3.23899999999994,-0.0985714285717609,269.24,72,10.8007182320442,0
"1575","LITTLE QUALICUM RIVER",2013,2013-07-28,209,58,0,1.95,1.99857142857218,2.09142857142849,3.08533333333374,-0.0928571428563112,271.19,73,10.8007182320442,0
"1576","LITTLE QUALICUM RIVER",2013,2013-07-29,210,59,0,1.96,1.98428571428563,2.06999999999971,2.9350000000001,-0.0857142857140778,273.15,74,10.8007182320442,0
"1577","LITTLE QUALICUM RIVER",2013,2013-07-30,211,60,0,2.02,1.98285714285781,2.05357142857143,2.79866666666688,-0.0707142857136203,275.17,75,10.8007182320442,0
"1578","LITTLE QUALICUM RIVER",2013,2013-07-31,212,61,0,1.95,1.97428571428463,2.03428571428542,2.67100000000016,-0.0600000000007901,277.12,76,10.8007182320442,0
"1579","LITTLE QUALICUM RIVER",2013,2013-08-01,213,62,0,1.91,1.96142857142799,2.01500000000046,2.55399999999984,-0.0535714285724682,279.03,77,10.8007182320442,0
"1580","LITTLE QUALICUM RIVER",2013,2013-08-02,214,63,0,1.91,1.95142857142907,1.9964285714294,2.45166666666676,-0.0450000000003326,280.94,78,10.8007182320442,0
"1581","LITTLE QUALICUM RIVER",2013,2013-08-03,215,64,0,1.89,1.94142857143015,1.97928571428617,2.36833333333343,-0.0378571428560204,282.83,79,10.8007182320442,0
"1582","LITTLE QUALICUM RIVER",2013,2013-08-04,216,65,0,1.86,1.92857142857143,1.9635714285718,2.30500000000029,-0.0350000000003741,284.69,80,10.8007182320442,0
"1583","LITTLE QUALICUM RIVER",2013,2013-08-05,217,66,0,1.85,1.91285714285706,1.94857142857135,2.24333333333343,-0.0357142857142856,286.54,81,10.8007182320442,0
"1584","LITTLE QUALICUM RIVER",2013,2013-08-06,218,67,0,1.82,1.88428571428605,1.93357142857193,2.18266666666702,-0.0492857142858805,288.36,82,10.8007182320442,0
"1585","LITTLE QUALICUM RIVER",2013,2013-08-07,219,68,0,1.79,1.86142857142841,1.91785714285652,2.13366666666649,-0.0564285714281141,290.15,83,10.8007182320442,0
"1586","LITTLE QUALICUM RIVER",2013,2013-08-08,220,69,0,1.77,1.84142857142849,1.90142857142824,2.09600000000016,-0.0599999999997505,291.92,84,10.8007182320442,0
"1587","LITTLE QUALICUM RIVER",2013,2013-08-09,221,70,0,1.76,1.81999999999867,1.88571428571387,2.05933333333329,-0.0657142857152004,293.68,85,10.8007182320442,0
"1588","LITTLE QUALICUM RIVER",2013,2013-08-10,222,71,0,1.69,1.79142857142766,1.8664285714289,2.02233333333327,-0.0750000000012472,295.37,86,10.8007182320442,0
"1589","LITTLE QUALICUM RIVER",2013,2013-08-11,223,72,0,1.78,1.77999999999884,1.85428571428513,1.99499999999971,-0.0742857142862963,297.15,87,10.8007182320442,0
"1590","LITTLE QUALICUM RIVER",2013,2013-08-12,224,73,0,1.8,1.77285714285764,1.84285714285735,1.97766666666672,-0.069999999999709,298.95,88,10.8007182320442,0
"1591","LITTLE QUALICUM RIVER",2013,2013-08-13,225,74,0,1.84,1.77571428571329,1.82999999999967,1.96266666666634,-0.0542857142863795,300.79,89,10.8007182320442,0
"1592","LITTLE QUALICUM RIVER",2013,2013-08-14,226,75,0,1.79,1.77571428571537,1.81857142857189,1.94700000000012,-0.0428571428565192,302.58,90,10.8007182320442,0
"1593","LITTLE QUALICUM RIVER",2013,2013-08-15,227,76,0,1.78,1.77714285714319,1.80928571428584,1.93133333333341,-0.0321428571426492,304.36,91,10.8007182320442,0
"1594","LITTLE QUALICUM RIVER",2013,2013-08-16,228,77,0,1.79,1.78142857142874,1.8007142857137,1.91699999999983,-0.0192857142849661,306.15,92,10.8007182320442,0
"1595","LITTLE QUALICUM RIVER",2013,2013-08-17,229,78,0,1.84,1.80285714285648,1.79714285714207,1.90566666666661,0.00571428571441057,307.99,93,10.8007182320442,0
"1596","LITTLE QUALICUM RIVER",2013,2013-08-18,230,79,0,1.76,1.80000000000083,1.78999999999983,1.89200000000031,0.0100000000009979,309.75,94,10.8007182320442,0
"1597","LITTLE QUALICUM RIVER",2013,2013-08-19,231,80,0,1.7,1.78571428571429,1.77928571428596,1.87766666666672,0.00642857142832209,311.45,95,10.8007182320442,0
"1598","LITTLE QUALICUM RIVER",2013,2013-08-20,232,81,0,1.65,1.7585714285711,1.76714285714219,1.86333333333314,-0.00857142857109583,313.1,96,10.8007182320442,0
"1599","LITTLE QUALICUM RIVER",2013,2013-08-21,233,82,0,1.62,1.73428571428563,1.7550000000005,1.84866666666688,-0.0207142857148677,314.72,97,10.8007182320442,0
"1600","LITTLE QUALICUM RIVER",2013,2013-08-22,234,83,0,1.6,1.70857142857026,1.74285714285673,1.83433333333329,-0.0342857142864625,316.32,98,10.8007182320442,0
"1601","LITTLE QUALICUM RIVER",2013,2013-08-23,235,84,0,1.59,1.68000000000133,1.73071428571503,1.82033333333335,-0.0507142857137037,317.91,99,10.8007182320442,0
"1602","LITTLE QUALICUM RIVER",2013,2013-08-24,236,85,0,1.58,1.64285714285714,1.72285714285681,1.80633333333293,-0.0799999999996674,319.49,100,10.8007182320442,0
"1603","LITTLE QUALICUM RIVER",2013,2013-08-25,237,86,0,1.56,1.61428571428613,1.70714285714348,1.79233333333347,-0.0928571428573508,321.05,101,10.8007182320442,0
"1604","LITTLE QUALICUM RIVER",2013,2013-08-26,238,87,0,1.56,1.59428571428621,1.69000000000025,1.77900000000033,-0.0957142857140363,322.61,102,10.8007182320442,0
"1605","LITTLE QUALICUM RIVER",2013,2013-08-27,239,88,0,1.56,1.58142857142957,1.67000000000033,1.76599999999986,-0.0885714285707633,324.17,103,10.8007182320442,0
"1606","LITTLE QUALICUM RIVER",2013,2013-08-28,240,89,0,1.6,1.57857142857184,1.65642857142874,1.75400000000033,-0.0778571428568933,325.77,104,10.8007182320442,0
"1607","LITTLE QUALICUM RIVER",2013,2013-08-29,241,90,0,1.83,1.61142857142841,1.65999999999933,1.74766666666643,-0.0485714285709296,327.6,105,10.8007182320442,0
"1608","LITTLE QUALICUM RIVER",2013,2013-08-30,242,91,0,2.49,1.739999999999,1.71000000000017,1.76566666666671,0.0299999999988358,330.09,106,10.8007182320442,0
"1609","LITTLE QUALICUM RIVER",2013,2013-08-31,243,92,0,2.25,1.83571428571512,1.73928571428613,1.77699999999992,0.0964285714289872,332.34,107,10.8007182320442,0
"1610","LITTLE QUALICUM RIVER",2013,2013-09-01,244,93,0,2.28,1.93857142857035,1.77642857142824,1.7893333333331,0.162142857142109,334.62,108,10.8007182320442,0
"1611","LITTLE QUALICUM RIVER",2013,2013-09-02,245,94,0,2.26,2.03857142856993,1.81642857142807,1.80166666666628,0.222142857141859,336.88,109,10.8007182320442,0
"1612","LITTLE QUALICUM RIVER",2013,2013-09-03,246,95,0,2.31,2.14571428571487,1.86357142857222,1.81666666666667,0.282142857142649,339.19,110,10.8007182320442,0
"1613","LITTLE QUALICUM RIVER",2013,2013-09-04,247,96,0,2.59,2.28714285714211,1.93285714285698,1.84133333333351,0.354285714285132,341.78,111,10.8007182320442,0
"1614","LITTLE QUALICUM RIVER",2013,2013-09-05,248,97,0,2.9,2.44000000000025,2.02571428571433,1.87733333333308,0.414285714285922,344.68,112,10.8007182320442,0
"1615","LITTLE QUALICUM RIVER",2013,2013-09-06,249,98,0,2.64,2.46142857142799,2.1007142857135,1.90566666666661,0.360714285714494,347.32,113,10.8007182320442,0
"1616","LITTLE QUALICUM RIVER",2013,2013-09-07,250,99,0,2.44,2.48857142857118,2.16214285714315,1.92799999999988,0.326428571428031,349.76,114,10.8007182320442,0
"1617","LITTLE QUALICUM RIVER",2013,2013-09-08,251,100,0,2.31,2.49285714285673,2.21571428571354,1.94633333333331,0.27714285714319,352.07,115,10.8007182320442,0
"1618","LITTLE QUALICUM RIVER",2013,2013-09-09,252,101,0,2.18,2.48142857142998,2.25999999999996,1.96266666666682,0.221428571430026,354.25,116,10.8007182320442,0
"1619","LITTLE QUALICUM RIVER",2013,2013-09-10,253,102,0,2.06,2.44571428571362,2.29571428571424,1.97200000000012,0.149999999999376,356.31,117,10.8007182320442,0
"1620","LITTLE QUALICUM RIVER",2013,2013-09-11,254,103,0,1.97,2.35714285714286,2.32214285714248,1.97766666666672,0.0350000000003741,358.28,118,10.8007182320442,0
"1621","LITTLE QUALICUM RIVER",2013,2013-09-12,255,104,0,1.97,2.22428571428671,2.33214285714348,1.98200000000021,-0.107857142856769,360.25,119,10.8007182320442,0
"1622","LITTLE QUALICUM RIVER",2013,2013-09-13,256,105,0,2.02,2.13571428571595,2.29857142857197,1.98966666666674,-0.16285714285602,362.27,120,10.8007182320442,0
"1623","LITTLE QUALICUM RIVER",2013,2013-09-14,257,106,0,1.91,2.05999999999975,2.27428571428546,1.99399999999975,-0.214285714285714,364.18,121,10.8007182320442,0
"1624","LITTLE QUALICUM RIVER",2013,2013-09-15,258,107,0,1.94,2.00714285714327,2.25,1.99900000000004,-0.242857142856727,366.12,122,10.8007182320442,0
"1625","LITTLE QUALICUM RIVER",2013,2013-09-16,259,108,0,2.24,2.01571428571437,2.24857142857218,2.01233333333366,-0.232857142857808,368.36,123,10.8007182320442,0
"1626","LITTLE QUALICUM RIVER",2013,2013-09-17,260,109,0,2.14,2.02714285714319,2.23642857142841,2.025,-0.209285714285215,370.5,124,10.8007182320442,0
"1627","LITTLE QUALICUM RIVER",2013,2013-09-18,261,110,0,2,2.03142857142874,2.1942857142858,2.0350000000001,-0.16285714285706,372.5,125,10.8007182320442,0
"1628","LITTLE QUALICUM RIVER",2013,2013-09-19,262,111,0,1.93,2.02571428571329,2.125,2.04433333333339,-0.0992857142867121,374.43,126,10.8007182320442,0
"1629","LITTLE QUALICUM RIVER",2013,2013-09-20,263,112,0,2.08,2.03428571428438,2.08500000000017,2.05966666666645,-0.0507142857157827,376.51,127,10.8007182320442,0
"1630","LITTLE QUALICUM RIVER",2013,2013-09-21,264,113,0,2.24,2.08142857142957,2.07071428571466,2.08100000000025,0.0107142857149092,378.75,128,10.8007182320442,0
"1631","LITTLE QUALICUM RIVER",2013,2013-09-22,265,114,0,2.53,2.16571428571478,2.08642857142903,2.11233333333318,0.0792857142857559,381.28,129,10.8007182320442,0
"1632","LITTLE QUALICUM RIVER",2013,2013-09-23,266,115,0,3.11,2.28999999999983,2.1528571428571,2.16333333333362,0.137142857142732,384.39,130,10.8007182320442,0
"1633","LITTLE QUALICUM RIVER",2013,2013-09-24,267,116,0,3.56,2.49285714285673,2.25999999999996,2.22999999999981,0.232857142856769,387.95,131,10.8007182320442,0
"1634","LITTLE QUALICUM RIVER",2013,2013-09-25,268,117,0,4.55,2.85714285714286,2.4442857142858,2.32966666666665,0.41285714285706,392.5,132,10.8007182320442,0
"1635","LITTLE QUALICUM RIVER",2013,2013-09-26,269,118,0,5.51,3.36857142857168,2.69714285714248,2.46133333333322,0.671428571429195,398.01,133,10.8007182320442,0
"1636","LITTLE QUALICUM RIVER",2013,2013-09-27,270,119,0,6.13,3.94714285714352,2.99071428571395,2.61233333333318,0.956428571429569,404.14,134,10.8007182320442,0
"1637","LITTLE QUALICUM RIVER",2013,2013-09-28,271,120,0,7.66,4.72142857142899,3.40142857142928,2.80666666666705,1.31999999999971,411.8,135,10.8007182320442,0
"1638","LITTLE QUALICUM RIVER",2013,2013-09-29,272,121,0,16.4,6.70285714285689,4.43428571428584,3.27033333333335,2.26857142857105,428.2,0,10.8007182320442,0
"1639","LITTLE QUALICUM RIVER",2013,2013-09-30,273,122,0,37.8,11.6585714285715,6.97428571428567,4.45533333333345,4.68428571428584,466,0,10.8007182320442,0
"1640","LITTLE QUALICUM RIVER",2013,2013-10-01,274,123,0,35.6,16.2357142857135,9.36428571428509,5.56599999999986,6.87142857142836,501.6,0,10.8007182320442,0
"1641","LITTLE QUALICUM RIVER",2013,2013-10-02,275,124,0,29.2,19.7571428571433,11.3071428571431,6.46400000000043,8.45000000000021,530.8,0,10.8007182320442,0
"1642","LITTLE QUALICUM RIVER",2013,2013-10-03,276,125,0,24,22.3985714285726,12.8835714285721,7.18700000000002,9.51500000000046,554.8,0,10.8007182320442,0
"1643","LITTLE QUALICUM RIVER",2013,2013-10-04,277,126,0,19.1,24.2514285714278,14.0992857142857,7.73733333333318,10.1521428571422,573.9,0,10.8007182320442,0
"1644","LITTLE QUALICUM RIVER",2013,2013-10-05,278,127,0,15.8,25.4142857142849,15.0678571428569,8.16733333333347,10.3464285714279,589.7,0,10.8007182320442,0
"1645","LITTLE QUALICUM RIVER",2013,2013-10-06,279,128,0,13.3,24.971428571429,15.8371428571429,8.52266666666692,9.13428571428605,603,1,10.8007182320442,0
"1646","LITTLE QUALICUM RIVER",2013,2013-10-07,280,129,0,11.9,21.2714285714277,16.4649999999996,8.83799999999998,4.80642857142811,614.9,2,10.8007182320442,0
"1647","LITTLE QUALICUM RIVER",2013,2013-10-08,281,130,0,10.9,17.7428571428588,16.9892857142861,9.12433333333368,0.753571428572677,625.8,3,10.8007182320442,0
"1648","LITTLE QUALICUM RIVER",2013,2013-10-09,282,131,0,9.74,14.9628571428558,17.3599999999995,9.37633333333312,-2.39714285714373,635.54,4,10.8007182320442,0
"1649","LITTLE QUALICUM RIVER",2013,2013-10-10,283,132,0,8.81,12.7928571428555,17.595714285714,9.60133333333312,-4.80285714285855,644.35,5,10.8007182320442,0
"1650","LITTLE QUALICUM RIVER",2013,2013-10-11,284,133,0,7.84,11.1842857142869,17.7178571428574,9.79700000000012,-6.53357142857047,652.19,6,10.8007182320442,0
"1651","LITTLE QUALICUM RIVER",2013,2013-10-12,285,134,0,7.15,9.94857142857134,17.6814285714281,9.96966666666655,-7.73285714285677,659.34,7,10.8007182320442,0
"1652","LITTLE QUALICUM RIVER",2013,2013-10-13,286,135,0,6.46,8.97142857142899,16.971428571429,10.1176666666666,-8,665.8,8,10.8007182320442,0
"1653","LITTLE QUALICUM RIVER",2013,2013-10-14,287,136,0,5.86,8.10857142857276,14.6900000000002,10.2493333333337,-6.58142857142749,671.66,9,10.8007182320442,0
"1654","LITTLE QUALICUM RIVER",2013,2013-10-15,288,137,1,5.36,7.31714285714302,12.5300000000009,10.3633333333336,-5.21285714285789,677.02,10,10.8007182320442,0
"1655","LITTLE QUALICUM RIVER",2014,2014-06-01,152,1,0,4.64,5.74285714285673,6.9028571428571,9.09466666666655,-1.16000000000037,4.64,37,11.2014917127072,0
"1656","LITTLE QUALICUM RIVER",2014,2014-06-02,153,2,0,4.66,5.43428571428688,6.60642857142895,8.79666666666696,-1.17214285714207,9.3,38,11.2014917127072,0
"1657","LITTLE QUALICUM RIVER",2014,2014-06-03,154,3,0,4.64,5.17000000000033,6.33071428571462,8.50800000000017,-1.16071428571429,13.94,39,11.2014917127072,0
"1658","LITTLE QUALICUM RIVER",2014,2014-06-04,155,4,0,4.59,4.94571428571362,6.08142857142853,8.23099999999977,-1.13571428571491,18.53,40,11.2014917127072,0
"1659","LITTLE QUALICUM RIVER",2014,2014-06-05,156,5,0,4.45,4.73428571428563,5.83571428571408,7.98266666666653,-1.10142857142845,22.98,41,11.2014917127072,0
"1660","LITTLE QUALICUM RIVER",2014,2014-06-06,157,6,0,4.06,4.52999999999884,5.54785714285702,7.75133333333312,-1.01785714285818,27.04,42,11.2014917127072,0
"1661","LITTLE QUALICUM RIVER",2014,2014-06-07,158,7,0,3.57,4.37285714285723,5.24785714285723,7.51366666666678,-0.875,30.61,43,11.2014917127072,0
"1662","LITTLE QUALICUM RIVER",2014,2014-06-08,159,8,0,3.6,4.22428571428671,4.98357142857172,7.23700000000002,-0.759285714285007,34.21,44,11.2014917127072,0
"1663","LITTLE QUALICUM RIVER",2014,2014-06-09,160,9,0,3.46,4.05285714285648,4.74357142857168,6.97233333333328,-0.690714285715201,37.67,45,11.2014917127072,0
"1664","LITTLE QUALICUM RIVER",2014,2014-06-10,161,10,0,3.35,3.86857142857168,4.51928571428601,6.73066666666661,-0.650714285714328,41.02,46,11.2014917127072,0
"1665","LITTLE QUALICUM RIVER",2014,2014-06-11,162,11,0,3.26,3.67857142857143,4.31214285714252,6.50266666666672,-0.633571428571096,44.28,47,11.2014917127072,0
"1666","LITTLE QUALICUM RIVER",2014,2014-06-12,163,12,0,3.25,3.50714285714327,4.12071428571445,6.28066666666661,-0.613571428571179,47.53,48,11.2014917127072,0
"1667","LITTLE QUALICUM RIVER",2014,2014-06-13,164,13,0,3.16,3.37857142857268,3.95428571428576,6.05266666666672,-0.57571428571308,50.69,49,11.2014917127072,0
"1668","LITTLE QUALICUM RIVER",2014,2014-06-14,165,14,0,2.92,3.28571428571429,3.82928571428576,5.8100000000001,-0.54357142857147,53.61,50,11.2014917127072,0
"1669","LITTLE QUALICUM RIVER",2014,2014-06-15,166,15,0,2.93,3.18999999999817,3.70714285714244,5.56766666666663,-0.51714285714427,56.54,51,11.2014917127072,0
"1670","LITTLE QUALICUM RIVER",2014,2014-06-16,167,16,0,2.99,3.12285714285723,3.58785714285685,5.34866666666639,-0.464999999999626,59.53,52,11.2014917127072,0
"1671","LITTLE QUALICUM RIVER",2014,2014-06-17,168,17,0,2.91,3.05999999999975,3.46428571428571,5.14800000000008,-0.404285714285964,62.44,53,11.2014917127072,0
"1672","LITTLE QUALICUM RIVER",2014,2014-06-18,169,18,0,2.77,2.99000000000108,3.33428571428625,4.94666666666696,-0.344285714285174,65.21,54,11.2014917127072,0
"1673","LITTLE QUALICUM RIVER",2014,2014-06-19,170,19,0,2.71,2.91285714285706,3.21000000000017,4.75366666666669,-0.297142857143107,67.92,55,11.2014917127072,0
"1674","LITTLE QUALICUM RIVER",2014,2014-06-20,171,20,0,2.69,2.84571428571404,3.11214285714336,4.57400000000004,-0.26642857142932,70.61,56,11.2014917127072,0
"1675","LITTLE QUALICUM RIVER",2014,2014-06-21,172,21,0,2.49,2.78428571428646,3.03500000000037,4.39400000000023,-0.250714285713912,73.1,57,11.2014917127072,0
"1676","LITTLE QUALICUM RIVER",2014,2014-06-22,173,22,0,2.43,2.71285714285789,2.95142857142803,4.20533333333345,-0.23857142857014,75.53,58,11.2014917127072,0
"1677","LITTLE QUALICUM RIVER",2014,2014-06-23,174,23,0,2.44,2.63428571428605,2.87857142857164,4.02766666666672,-0.244285714285589,77.97,59,11.2014917127072,0
"1678","LITTLE QUALICUM RIVER",2014,2014-06-24,175,24,0,2.52,2.57857142857184,2.8192857142858,3.86833333333343,-0.240714285713953,80.49,60,11.2014917127072,0
"1679","LITTLE QUALICUM RIVER",2014,2014-06-25,176,25,0,2.59,2.55285714285648,2.77142857142878,3.72733333333357,-0.218571428572301,83.08,61,11.2014917127072,0
"1680","LITTLE QUALICUM RIVER",2014,2014-06-26,177,26,0,2.48,2.51999999999992,2.71642857142849,3.59366666666659,-0.196428571428571,85.56,62,11.2014917127072,0
"1681","LITTLE QUALICUM RIVER",2014,2014-06-27,178,27,0,2.45,2.48571428571345,2.66571428571375,3.46999999999971,-0.180000000000291,88.01,63,11.2014917127072,0
"1682","LITTLE QUALICUM RIVER",2014,2014-06-28,179,28,0,2.48,2.48428571428563,2.63428571428605,3.35500000000029,-0.150000000000416,90.49,64,11.2014917127072,0
"1683","LITTLE QUALICUM RIVER",2014,2014-06-29,180,29,0,2.51,2.49571428571445,2.60428571428617,3.25566666666661,-0.108571428571719,93,65,11.2014917127072,0
"1684","LITTLE QUALICUM RIVER",2014,2014-06-30,181,30,0,2.47,2.5,2.56714285714302,3.18233333333337,-0.0671428571430233,95.47,66,11.2014917127072,0
"1685","LITTLE QUALICUM RIVER",2014,2014-07-01,182,31,0,2.43,2.48714285714128,2.53285714285656,3.10866666666649,-0.0457142857152837,97.9,67,11.2014917127072,0
"1686","LITTLE QUALICUM RIVER",2014,2014-07-02,183,32,0,2.39,2.45857142857026,2.50571428571337,3.03299999999969,-0.0471428571431067,100.29,68,11.2014917127072,0
"1687","LITTLE QUALICUM RIVER",2014,2014-07-03,184,33,0,2.33,2.43714285714252,2.47857142857122,2.95599999999977,-0.0414285714286962,102.62,69,11.2014917127072,0
"1688","LITTLE QUALICUM RIVER",2014,2014-07-04,185,34,0,2.31,2.41714285714469,2.45142857142907,2.88000000000029,-0.0342857142843838,104.93,70,11.2014917127072,0
"1689","LITTLE QUALICUM RIVER",2014,2014-07-05,186,35,0,2.37,2.40142857142824,2.44285714285693,2.8106666666669,-0.0414285714286962,107.3,71,11.2014917127072,0
"1690","LITTLE QUALICUM RIVER",2014,2014-07-06,187,36,0,2.5,2.40000000000042,2.44785714285743,2.75866666666698,-0.0478571428570183,109.8,72,11.2014917127072,0
"1691","LITTLE QUALICUM RIVER",2014,2014-07-07,188,37,0,2.49,2.40285714285606,2.45142857142803,2.72266666666643,-0.0485714285719694,112.29,73,11.2014917127072,0
"1692","LITTLE QUALICUM RIVER",2014,2014-07-08,189,38,0,2.41,2.40000000000042,2.44357142857085,2.68299999999969,-0.0435714285704307,114.7,74,11.2014917127072,0
"1693","LITTLE QUALICUM RIVER",2014,2014-07-09,190,39,0,2.34,2.39285714285714,2.4257142857137,2.64566666666651,-0.0328571428565607,117.04,75,11.2014917127072,0
"1694","LITTLE QUALICUM RIVER",2014,2014-07-10,191,40,0,2.29,2.38714285714377,2.41214285714315,2.61033333333326,-0.0249999999993764,119.33,76,11.2014917127072,0
"1695","LITTLE QUALICUM RIVER",2014,2014-07-11,192,41,0,2.27,2.38142857142832,2.3992857142865,2.57733333333357,-0.017857142858182,121.6,77,11.2014917127072,0
"1696","LITTLE QUALICUM RIVER",2014,2014-07-12,193,42,0,2.23,2.36142857142841,2.38142857142832,2.54333333333343,-0.019999999999917,123.83,78,11.2014917127072,0
"1697","LITTLE QUALICUM RIVER",2014,2014-07-13,194,43,0,2.19,2.31714285714302,2.35857142857172,2.51100000000006,-0.0414285714286962,126.02,79,11.2014917127072,0
"1698","LITTLE QUALICUM RIVER",2014,2014-07-14,195,44,0,2.16,2.270000000002,2.33642857142903,2.4856666666669,-0.066428571427033,128.18,80,11.2014917127072,0
"1699","LITTLE QUALICUM RIVER",2014,2014-07-15,196,45,0,2.14,2.23142857142998,2.3157142857152,2.45933333333378,-0.0842857142852154,130.32,81,11.2014917127072,0
"1700","LITTLE QUALICUM RIVER",2014,2014-07-16,197,46,0,2.12,2.20000000000125,2.2964285714292,2.43033333333345,-0.096428571427948,132.44,82,11.2014917127072,0
"1701","LITTLE QUALICUM RIVER",2014,2014-07-17,198,47,0,2.09,2.17142857142816,2.27928571428596,2.40299999999988,-0.107857142857808,134.53,83,11.2014917127072,0
"1702","LITTLE QUALICUM RIVER",2014,2014-07-18,199,48,0,2.07,2.14285714285714,2.26214285714273,2.37966666666665,-0.119285714285589,136.6,84,11.2014917127072,0
"1703","LITTLE QUALICUM RIVER",2014,2014-07-19,200,49,0,2.07,2.1199999999995,2.24071428571395,2.35833333333333,-0.120714285714452,138.67,85,11.2014917127072,0
"1704","LITTLE QUALICUM RIVER",2014,2014-07-20,201,50,0,2.02,2.09571428571404,2.20642857142853,2.33600000000006,-0.110714285714494,140.69,86,11.2014917127072,0
"1705","LITTLE QUALICUM RIVER",2014,2014-07-21,202,51,0,2.01,2.07428571428422,2.17214285714311,2.31999999999971,-0.097857142858889,142.7,87,11.2014917127072,0
"1706","LITTLE QUALICUM RIVER",2014,2014-07-22,203,52,0,1.91,2.04142857142766,2.13642857142882,2.30266666666672,-0.0950000000011642,144.61,88,11.2014917127072,0
"1707","LITTLE QUALICUM RIVER",2014,2014-07-23,204,53,0,1.96,2.01857142857209,2.10928571428667,2.28666666666686,-0.0907142857145766,146.57,89,11.2014917127072,0
"1708","LITTLE QUALICUM RIVER",2014,2014-07-24,205,54,0,2.23,2.03857142857201,2.10500000000008,2.27699999999992,-0.0664285714280726,148.8,90,11.2014917127072,0
"1709","LITTLE QUALICUM RIVER",2014,2014-07-25,206,55,0,1.98,2.02571428571329,2.08428571428522,2.25666666666657,-0.0585714285719274,150.78,91,11.2014917127072,0
"1710","LITTLE QUALICUM RIVER",2014,2014-07-26,207,56,0,1.9,2.0014285714299,2.0607142857147,2.23733333333366,-0.0592857142847998,152.68,92,11.2014917127072,0
"1711","LITTLE QUALICUM RIVER",2014,2014-07-27,208,57,0,1.83,1.97428571428463,2.03499999999933,2.21666666666667,-0.0607142857147016,154.51,93,11.2014917127072,0
"1712","LITTLE QUALICUM RIVER",2014,2014-07-28,209,58,0,1.79,1.94285714285797,2.0085714285711,2.19366666666659,-0.0657142857131214,156.3,94,11.2014917127072,0
"1713","LITTLE QUALICUM RIVER",2014,2014-07-29,210,59,0,1.76,1.92142857142816,1.98142857142791,2.16866666666659,-0.0599999999997507,158.06,95,11.2014917127072,0
"1714","LITTLE QUALICUM RIVER",2014,2014-07-30,211,60,0,1.73,1.88857142856952,1.95357142857081,2.14399999999975,-0.0650000000012889,159.79,96,11.2014917127072,0
"1715","LITTLE QUALICUM RIVER",2014,2014-07-31,212,61,0,1.71,1.8142857142853,1.92642857142865,2.12000000000019,-0.112142857143356,161.5,97,11.2014917127072,0
"1716","LITTLE QUALICUM RIVER",2014,2014-08-01,213,62,0,1.7,1.77428571428546,1.89999999999938,2.09700000000012,-0.125714285713912,163.2,98,11.2014917127072,0
"1717","LITTLE QUALICUM RIVER",2014,2014-08-02,214,63,0,1.67,1.74142857142683,1.87142857142836,2.075,-0.130000000001538,164.87,99,11.2014917127072,0
"1718","LITTLE QUALICUM RIVER",2014,2014-08-03,215,64,0,1.64,1.71428571428571,1.84428571428517,2.05266666666624,-0.12999999999946,166.51,100,11.2014917127072,0
"1719","LITTLE QUALICUM RIVER",2014,2014-08-04,216,65,0,1.62,1.69000000000025,1.81642857142911,2.02766666666672,-0.126428571428862,168.13,101,11.2014917127072,0
"1720","LITTLE QUALICUM RIVER",2014,2014-08-05,217,66,0,1.59,1.66571428571478,1.79357142857147,1.99733333333328,-0.127857142856685,169.72,102,11.2014917127072,0
"1721","LITTLE QUALICUM RIVER",2014,2014-08-06,218,67,0,1.58,1.64428571428704,1.76642857142828,1.96700000000031,-0.122142857141236,171.3,103,11.2014917127072,0
"1722","LITTLE QUALICUM RIVER",2014,2014-08-07,219,68,0,1.48,1.61142857142841,1.71285714285685,1.93600000000006,-0.101428571428447,172.78,104,11.2014917127072,0
"1723","LITTLE QUALICUM RIVER",2014,2014-08-08,220,69,0,1.21,1.54142857142974,1.6578571428576,1.89833333333372,-0.116428571427865,173.99,105,11.2014917127072,0
"1724","LITTLE QUALICUM RIVER",2014,2014-08-09,221,70,0,1.11,1.46142857143007,1.60142857142845,1.85900000000014,-0.139999999998379,175.1,106,11.2014917127072,0
"1725","LITTLE QUALICUM RIVER",2014,2014-08-10,222,71,0,1.09,1.38285714285822,1.54857142857197,1.81966666666655,-0.165714285713745,176.19,107,11.2014917127072,0
"1726","LITTLE QUALICUM RIVER",2014,2014-08-11,223,72,0,1.08,1.3057142857142,1.49785714285723,1.78133333333341,-0.192142857143023,177.27,108,11.2014917127072,0
"1727","LITTLE QUALICUM RIVER",2014,2014-08-12,224,73,0,1.11,1.23714285714336,1.45142857142907,1.74533333333335,-0.214285714285714,178.38,109,11.2014917127072,0
"1728","LITTLE QUALICUM RIVER",2014,2014-08-13,225,74,0,1.13,1.17285714285598,1.40857142857151,1.71099999999957,-0.235714285715533,179.51,110,11.2014917127072,0
"1729","LITTLE QUALICUM RIVER",2014,2014-08-14,226,75,0,1.14,1.12428571428505,1.36785714285673,1.67766666666624,-0.243571428571678,180.65,111,11.2014917127072,0
"1730","LITTLE QUALICUM RIVER",2014,2014-08-15,227,76,0,1.24,1.1285714285706,1.33500000000017,1.64833333333324,-0.206428571429569,181.89,112,11.2014917127072,0
"1731","LITTLE QUALICUM RIVER",2014,2014-08-16,228,77,0,1.2,1.14142857142724,1.30142857142865,1.61866666666659,-0.160000000001414,183.09,113,11.2014917127072,0
"1732","LITTLE QUALICUM RIVER",2014,2014-08-17,229,78,0,1.15,1.15000000000042,1.26642857142932,1.58799999999998,-0.116428571428904,184.24,114,11.2014917127072,0
"1733","LITTLE QUALICUM RIVER",2014,2014-08-18,230,79,0,1.1,1.15285714285606,1.22928571428513,1.55566666666661,-0.0764285714290702,185.34,115,11.2014917127072,0
"1734","LITTLE QUALICUM RIVER",2014,2014-08-19,231,80,0,1.08,1.14857142857051,1.19285714285694,1.5243333333332,-0.044285714286421,186.42,116,11.2014917127072,0
"1735","LITTLE QUALICUM RIVER",2014,2014-08-20,232,81,0,1.06,1.13857142857159,1.15571428571379,1.49266666666663,-0.0171428571421919,187.48,117,11.2014917127072,0
"1736","LITTLE QUALICUM RIVER",2014,2014-08-21,233,82,0,1.06,1.12714285714277,1.12571428571391,1.4643333333331,0.00142857142886244,188.54,118,11.2014917127072,0
"1737","LITTLE QUALICUM RIVER",2014,2014-08-22,234,83,0,1.05,1.09999999999958,1.11428571428509,1.43399999999965,-0.0142857142855064,189.59,119,11.2014917127072,0
"1738","LITTLE QUALICUM RIVER",2014,2014-08-23,235,84,0,1.04,1.07714285714402,1.10928571428563,1.39433333333339,-0.0321428571416098,190.63,120,11.2014917127072,0
"1739","LITTLE QUALICUM RIVER",2014,2014-08-24,236,85,0,1.03,1.05999999999975,1.10500000000008,1.36266666666682,-0.0450000000003328,191.66,121,11.2014917127072,0
"1740","LITTLE QUALICUM RIVER",2014,2014-08-25,237,86,0,0.986,1.04371428571384,1.09828571428495,1.33219999999953,-0.0545714285711127,192.646,122,11.2014917127072,0
"1741","LITTLE QUALICUM RIVER",2014,2014-08-26,238,87,0,1,1.03228571428502,1.09042857142776,1.30453333333329,-0.0581428571427491,193.646,123,11.2014917127072,0
"1742","LITTLE QUALICUM RIVER",2014,2014-08-27,239,88,0,0.984,1.02142857142982,1.08000000000071,1.27766666666672,-0.058571428570888,194.63,124,11.2014917127072,0
"1743","LITTLE QUALICUM RIVER",2014,2014-08-28,240,89,0,0.948,1.00542857142864,1.06628571428571,1.25059999999988,-0.0608571428570681,195.578,125,11.2014917127072,0
"1744","LITTLE QUALICUM RIVER",2014,2014-08-29,241,90,0,0.934,0.988857142857991,1.04442857142879,1.22406666666696,-0.0555714285707966,196.512,126,11.2014917127072,0
"1745","LITTLE QUALICUM RIVER",2014,2014-08-30,242,91,0,1.06,0.991714285713637,1.03442857142883,1.2024,-0.0427142857151922,197.572,127,11.2014917127072,0
"1746","LITTLE QUALICUM RIVER",2014,2014-08-31,243,92,0,1.15,1.00885714285583,1.03442857142779,1.18406666666657,-0.0255714285719608,198.722,128,11.2014917127072,0
"1747","LITTLE QUALICUM RIVER",2014,2014-09-01,244,93,0,0.998,1.01057142857254,1.02714285714319,1.16166666666686,-0.0165714285706469,199.72,129,11.2014917127072,0
"1748","LITTLE QUALICUM RIVER",2014,2014-09-02,245,94,0,1.12,1.02771428571473,1.02999999999988,1.14433333333339,-0.00228571428514046,200.84,130,11.2014917127072,0
"1749","LITTLE QUALICUM RIVER",2014,2014-09-03,246,95,0,1.09,1.04285714285756,1.03214285714369,1.12666666666676,0.01071428571387,201.93,131,11.2014917127072,0
"1750","LITTLE QUALICUM RIVER",2014,2014-09-04,247,96,0,0.986,1.0482857142862,1.02685714285742,1.10653333333321,0.0214285714287792,202.916,132,11.2014917127072,0
"1751","LITTLE QUALICUM RIVER",2014,2014-09-05,248,97,0,0.934,1.0482857142862,1.01857142857209,1.0850000000001,0.0297142857141028,203.85,133,11.2014917127072,0
"1752","LITTLE QUALICUM RIVER",2014,2014-09-06,249,98,0,0.91,1.02685714285638,1.00928571428501,1.06599999999986,0.0175714285713702,204.76,134,11.2014917127072,0
"1753","LITTLE QUALICUM RIVER",2014,2014-09-07,250,99,0,0.885,0.989000000001397,0.998928571428613,1.05516666666663,-0.00992857142721604,205.645,135,11.2014917127072,0
"1754","LITTLE QUALICUM RIVER",2014,2014-09-08,251,100,0,0.893,0.9739999999999,0.992285714286221,1.04793333333315,-0.0182857142863213,206.538,136,11.2014917127072,0
"1755","LITTLE QUALICUM RIVER",2014,2014-09-09,252,101,0,0.883,0.940142857143655,0.983928571429195,1.04103333333333,-0.0437857142855397,207.421,137,11.2014917127072,0
"1756","LITTLE QUALICUM RIVER",2014,2014-09-10,253,102,0,0.871,0.908857142856245,0.975857142856902,1.03406666666657,-0.067000000000657,208.292,138,11.2014917127072,0
"1757","LITTLE QUALICUM RIVER",2014,2014-09-11,254,103,0,0.877,0.893285714285282,0.970785714285739,1.02629999999966,-0.0775000000004573,209.169,139,11.2014917127072,0
"1758","LITTLE QUALICUM RIVER",2014,2014-09-12,255,104,0,0.905,0.88914285714314,0.968714285714668,1.01880000000043,-0.0795714285715283,210.074,140,11.2014917127072,0
"1759","LITTLE QUALICUM RIVER",2014,2014-09-13,256,105,0,0.888,0.886000000000682,0.95642857142853,1.01040000000018,-0.070428571427848,210.962,141,11.2014917127072,0
"1760","LITTLE QUALICUM RIVER",2014,2014-09-14,257,106,0,0.862,0.882714285714818,0.935857142858107,0.997800000000279,-0.0531428571432895,211.824,142,11.2014917127072,0
"1761","LITTLE QUALICUM RIVER",2014,2014-09-15,258,107,0,0.868,0.879142857142142,0.926571428571021,0.986733333333298,-0.0474285714288791,212.692,143,11.2014917127072,0
"1762","LITTLE QUALICUM RIVER",2014,2014-09-16,259,108,0,0.933,0.886285714285415,0.913214285714535,0.979499999999825,-0.0269285714291203,213.625,144,11.2014917127072,0
"1763","LITTLE QUALICUM RIVER",2014,2014-09-17,260,109,0,0.914,0.892428571429004,0.900642857142624,0.97330000000026,-0.00821428571362048,214.539,145,11.2014917127072,0
"1764","LITTLE QUALICUM RIVER",2014,2014-09-18,261,110,0,0.957,0.903857142857825,0.898571428571553,0.969200000000031,0.00528571428627145,215.496,146,11.2014917127072,0
"1765","LITTLE QUALICUM RIVER",2014,2014-09-19,262,111,0,0.928,0.90714285714161,0.898142857142375,0.964800000000105,0.00899999999923495,216.424,147,11.2014917127072,0
"1766","LITTLE QUALICUM RIVER",2014,2014-09-20,263,112,0,0.901,0.908999999999651,0.897500000000166,0.959500000000116,0.0114999999994845,217.325,148,11.2014917127072,0
"1767","LITTLE QUALICUM RIVER",2014,2014-09-21,264,113,0,0.883,0.911999999998703,0.89735714285676,0.953933333333407,0.0146428571419425,218.208,149,11.2014917127072,0
"1768","LITTLE QUALICUM RIVER",2014,2014-09-22,265,114,0,0.866,0.911714285716049,0.895428571429095,0.948133333333438,0.0162857142869534,219.074,150,11.2014917127072,0
"1769","LITTLE QUALICUM RIVER",2014,2014-09-23,266,115,0,1,0.921285714286829,0.903785714286122,0.947133333333477,0.0175000000007068,220.074,151,11.2014917127072,0
"1770","LITTLE QUALICUM RIVER",2014,2014-09-24,267,116,0,1.25,0.969285714286213,0.930857142857609,0.955933333333814,0.0384285714286047,221.324,152,11.2014917127072,0
"1771","LITTLE QUALICUM RIVER",2014,2014-09-25,268,117,0,1.29,1.01685714285746,0.960357142857642,0.965600000000268,0.0564999999998171,222.614,153,11.2014917127072,0
"1772","LITTLE QUALICUM RIVER",2014,2014-09-26,269,118,0,1.47,1.09428571428621,1.00071428571391,0.98179999999993,0.0935714285723017,224.084,154,11.2014917127072,0
"1773","LITTLE QUALICUM RIVER",2014,2014-09-27,270,119,0,1.46,1.17414285714247,1.04157142857106,0.998866666666678,0.132571428571412,225.544,155,11.2014917127072,0
"1774","LITTLE QUALICUM RIVER",2014,2014-09-28,271,120,0,1.28,1.23085714285844,1.07142857142857,1.01040000000018,0.159428571429869,226.824,156,11.2014917127072,0
"1775","LITTLE QUALICUM RIVER",2014,2014-09-29,272,121,0,1.23,1.28285714285656,1.0972857142863,1.01606666666679,0.185571428570256,228.054,157,11.2014917127072,0
"1776","LITTLE QUALICUM RIVER",2014,2014-09-30,273,122,0,1.35,1.33285714285531,1.12707142857107,1.02273333333336,0.205785714284243,229.404,158,11.2014917127072,0
"1777","LITTLE QUALICUM RIVER",2014,2014-10-01,274,123,0,1.46,1.36285714285623,1.16607142857122,1.03813333333334,0.196785714285008,230.864,159,11.2014917127072,0
"1778","LITTLE QUALICUM RIVER",2014,2014-10-02,275,124,0,1.41,1.3800000000005,1.19842857142898,1.04780000000028,0.18157142857152,232.274,160,11.2014917127072,0
"1779","LITTLE QUALICUM RIVER",2014,2014-10-03,276,125,0,1.38,1.36714285714178,1.23071428571399,1.05746666666625,0.136428571427781,233.654,161,11.2014917127072,0
"1780","LITTLE QUALICUM RIVER",2014,2014-10-04,277,126,0,1.39,1.35714285714286,1.26564285714267,1.07093333333323,0.0915000000001913,235.044,162,11.2014917127072,0
"1781","LITTLE QUALICUM RIVER",2014,2014-10-05,278,127,0,1.38,1.37142857142732,1.30114285714288,1.08579999999977,0.0702857142844422,236.424,163,11.2014917127072,0
"1782","LITTLE QUALICUM RIVER",2014,2014-10-06,279,128,1,1.4,1.39571428571487,1.33928571428571,1.10213333333377,0.0564285714291537,237.824,164,11.2014917127072,0
"1783","LITTLE QUALICUM RIVER",2015,2015-06-01,152,1,0,2.19,2.38428571428605,2.79214285714365,3.53033333333345,-0.4078571428576,2.19,58,9.97895027624309,0
"1784","LITTLE QUALICUM RIVER",2015,2015-06-02,153,2,0,2.58,2.37571428571287,2.73071428571399,3.45233333333308,-0.355000000001123,4.77,59,9.97895027624309,0
"1785","LITTLE QUALICUM RIVER",2015,2015-06-03,154,3,0,2.43,2.34857142857176,2.67000000000033,3.37200000000012,-0.321428571428571,7.2,60,9.97895027624309,0
"1786","LITTLE QUALICUM RIVER",2015,2015-06-04,155,4,0,2.27,2.32000000000075,2.59928571428567,3.2850000000001,-0.279285714284924,9.47,61,9.97895027624309,0
"1787","LITTLE QUALICUM RIVER",2015,2015-06-05,156,5,0,2.18,2.30285714285648,2.52642857142824,3.19900000000004,-0.223571428571761,11.65,62,9.97895027624309,0
"1788","LITTLE QUALICUM RIVER",2015,2015-06-06,157,6,0,2.12,2.28285714285656,2.45071428571412,3.11533333333306,-0.167857142857559,13.77,63,9.97895027624309,0
"1789","LITTLE QUALICUM RIVER",2015,2015-06-07,158,7,0,2.07,2.26285714285664,2.37428571428609,3.0350000000001,-0.111428571429445,15.84,64,9.97895027624309,0
"1790","LITTLE QUALICUM RIVER",2015,2015-06-08,159,8,0,2.05,2.24285714285673,2.31357142857139,2.95833333333333,-0.0707142857146597,17.89,65,9.97895027624309,0
"1791","LITTLE QUALICUM RIVER",2015,2015-06-09,160,9,0,2.02,2.16285714285914,2.26928571428601,2.88466666666694,-0.106428571426867,19.91,66,9.97895027624309,0
"1792","LITTLE QUALICUM RIVER",2015,2015-06-10,161,10,0,2.03,2.10571428571503,2.2271428571434,2.81700000000031,-0.121428571428364,21.94,67,9.97895027624309,0
"1793","LITTLE QUALICUM RIVER",2015,2015-06-11,162,11,0,2.11,2.08285714285739,2.20142857142907,2.76299999999998,-0.118571428571678,24.05,68,9.97895027624309,0
"1794","LITTLE QUALICUM RIVER",2015,2015-06-12,163,12,0,2.01,2.05857142857193,2.1807142857142,2.70399999999984,-0.122142857142275,26.06,69,9.97895027624309,0
"1795","LITTLE QUALICUM RIVER",2015,2015-06-13,164,13,0,2.03,2.04571428571528,2.16428571428592,2.64666666666647,-0.118571428570638,28.09,70,9.97895027624309,0
"1796","LITTLE QUALICUM RIVER",2015,2015-06-14,165,14,0,1.99,2.03428571428646,2.14857142857155,2.58966666666674,-0.114285714285091,30.08,71,9.97895027624309,0
"1797","LITTLE QUALICUM RIVER",2015,2015-06-15,166,15,0,1.98,2.02428571428546,2.1335714285711,2.53466666666694,-0.109285714285631,32.06,72,9.97895027624309,0
"1798","LITTLE QUALICUM RIVER",2015,2015-06-16,167,16,0,2.13,2.03999999999983,2.10142857142949,2.48700000000002,-0.0614285714296527,34.19,73,9.97895027624309,0
"1799","LITTLE QUALICUM RIVER",2015,2015-06-17,168,17,0,2.38,2.08999999999859,2.09785714285681,2.44900000000004,-0.00785714285822392,36.57,74,9.97895027624309,0
"1800","LITTLE QUALICUM RIVER",2015,2015-06-18,169,18,0,2.26,2.11142857142841,2.0971428571429,2.40966666666694,0.0142857142855064,38.83,75,9.97895027624309,0
"1801","LITTLE QUALICUM RIVER",2015,2015-06-19,170,19,0,2.13,2.1285714285706,2.09357142857126,2.37133333333331,0.0349999999993349,40.96,76,9.97895027624309,0
"1802","LITTLE QUALICUM RIVER",2015,2015-06-20,171,20,0,1.98,2.1214285714294,2.08357142857234,2.32866666666669,0.0378571428570593,42.94,77,9.97895027624309,0
"1803","LITTLE QUALICUM RIVER",2015,2015-06-21,172,21,0,2.07,2.13285714285615,2.0835714285713,2.29099999999986,0.0492857142848413,45.01,78,9.97895027624309,0
"1804","LITTLE QUALICUM RIVER",2015,2015-06-22,173,22,0,2.09,2.14857142857051,2.08642857142799,2.25466666666665,0.0621428571425242,47.1,79,9.97895027624309,0
"1805","LITTLE QUALICUM RIVER",2015,2015-06-23,174,23,0,2.07,2.13999999999942,2.08999999999963,2.21900000000023,0.049999999999792,49.17,80,9.97895027624309,0
"1806","LITTLE QUALICUM RIVER",2015,2015-06-24,175,24,0,1.97,2.08142857142957,2.08571428571408,2.18799999999998,-0.00428571428450875,51.14,81,9.97895027624309,0
"1807","LITTLE QUALICUM RIVER",2015,2015-06-25,176,25,0,2,2.04428571428538,2.07785714285689,2.16666666666667,-0.0335714285715114,53.14,82,9.97895027624309,0
"1808","LITTLE QUALICUM RIVER",2015,2015-06-26,177,26,0,1.87,2.00714285714327,2.06785714285693,2.14166666666667,-0.060714285713662,55.01,83,9.97895027624309,0
"1809","LITTLE QUALICUM RIVER",2015,2015-06-27,178,27,0,1.72,1.96999999999909,2.04571428571424,2.11666666666667,-0.0757142857151587,56.73,84,9.97895027624309,0
"1810","LITTLE QUALICUM RIVER",2015,2015-06-28,179,28,0,1.68,1.91428571428696,2.02357142857155,2.09600000000016,-0.109285714284592,58.41,85,9.97895027624309,0
"1811","LITTLE QUALICUM RIVER",2015,2015-06-29,180,29,0,1.64,1.85000000000166,1.99928571428609,2.07533333333364,-0.149285714284425,60.05,86,9.97895027624309,0
"1812","LITTLE QUALICUM RIVER",2015,2015-06-30,181,30,0,1.62,1.78571428571429,1.96285714285685,2.05566666666661,-0.177142857142566,61.67,87,9.97895027624309,0
"1813","LITTLE QUALICUM RIVER",2015,2015-07-01,182,31,0,1.6,1.73285714285573,1.90714285714265,2.03599999999957,-0.17428571428692,63.27,88,9.97895027624309,0
"1814","LITTLE QUALICUM RIVER",2015,2015-07-02,183,32,0,1.52,1.66428571428488,1.85428571428513,2.0006666666668,-0.190000000000249,64.79,89,9.97895027624309,0
"1815","LITTLE QUALICUM RIVER",2015,2015-07-03,184,33,0,1.39,1.59571428571404,1.80142857142865,1.96599999999986,-0.205714285714618,66.18,90,9.97895027624309,0
"1816","LITTLE QUALICUM RIVER",2015,2015-07-04,185,34,0,1.39,1.54857142857093,1.75928571428501,1.93666666666638,-0.210714285714078,67.57,91,9.97895027624309,0
"1817","LITTLE QUALICUM RIVER",2015,2015-07-05,186,35,0,1.39,1.50714285714119,1.71071428571408,1.91033333333326,-0.203571428572884,68.96,92,9.97895027624309,0
"1818","LITTLE QUALICUM RIVER",2015,2015-07-06,187,36,0,1.42,1.47571428571246,1.66285714285706,1.88700000000002,-0.187142857144603,70.38,93,9.97895027624309,0
"1819","LITTLE QUALICUM RIVER",2015,2015-07-07,188,37,0,1.39,1.4428571428559,1.61428571428509,1.8643333333331,-0.171428571429195,71.77,94,9.97895027624309,0
"1820","LITTLE QUALICUM RIVER",2015,2015-07-08,189,38,0,1.36,1.40857142857151,1.57071428571362,1.84133333333302,-0.162142857142109,73.13,95,9.97895027624309,0
"1821","LITTLE QUALICUM RIVER",2015,2015-07-09,190,39,0,1.34,1.38285714285822,1.52357142857155,1.81866666666659,-0.140714285713329,74.47,96,9.97895027624309,0
"1822","LITTLE QUALICUM RIVER",2015,2015-07-10,191,40,0,1.31,1.3714285714294,1.48357142857172,1.79466666666655,-0.112142857142317,75.78,97,9.97895027624309,0
"1823","LITTLE QUALICUM RIVER",2015,2015-07-11,192,41,0,1.45,1.3800000000005,1.46428571428571,1.77266666666643,-0.0842857142852154,77.23,98,9.97895027624309,0
"1824","LITTLE QUALICUM RIVER",2015,2015-07-12,193,42,0,1.66,1.41857142857251,1.46285714285685,1.76100000000006,-0.0442857142843422,78.89,99,9.97895027624309,0
"1825","LITTLE QUALICUM RIVER",2015,2015-07-13,194,43,0,1.6,1.4442857142858,1.45999999999913,1.74666666666647,-0.0157142857133294,80.49,100,9.97895027624309,0
"1826","LITTLE QUALICUM RIVER",2015,2015-07-14,195,44,0,1.43,1.45000000000125,1.44642857142857,1.72799999999988,0.00357142857267601,81.92,101,9.97895027624309,0
"1827","LITTLE QUALICUM RIVER",2015,2015-07-15,196,45,0,1.38,1.45285714285897,1.43071428571524,1.70800000000017,0.0221428571437303,83.3,102,9.97895027624309,0
"1828","LITTLE QUALICUM RIVER",2015,2015-07-16,197,46,0,1.33,1.45142857142699,1.41714285714261,1.68133333333293,0.0342857142843838,84.63,103,9.97895027624309,0
"1829","LITTLE QUALICUM RIVER",2015,2015-07-17,198,47,0,1.32,1.45285714285689,1.41214285714315,1.64600000000016,0.0407142857137452,85.95,104,9.97895027624309,0
"1830","LITTLE QUALICUM RIVER",2015,2015-07-18,199,48,0,1.31,1.43285714285698,1.40642857142874,1.6143333333331,0.0264285714282388,87.26,105,9.97895027624309,0
"1831","LITTLE QUALICUM RIVER",2015,2015-07-19,200,49,0,1.27,1.37714285714277,1.39785714285764,1.5856666666669,-0.0207142857148679,88.53,106,9.97895027624309,0
"1832","LITTLE QUALICUM RIVER",2015,2015-07-20,201,50,0,1.21,1.32142857142857,1.38285714285718,1.55999999999961,-0.0614285714286131,89.74,107,9.97895027624309,0
"1833","LITTLE QUALICUM RIVER",2015,2015-07-21,202,51,0,1.18,1.28571428571429,1.36785714285777,1.53033333333345,-0.0821428571434808,90.92,108,9.97895027624309,0
"1834","LITTLE QUALICUM RIVER",2015,2015-07-22,203,52,0,1.21,1.26142857142674,1.35714285714286,1.50099999999996,-0.0957142857161151,92.13,109,9.97895027624309,0
"1835","LITTLE QUALICUM RIVER",2015,2015-07-23,204,53,0,1.22,1.24571428571445,1.34857142857072,1.47266666666643,-0.10285714285627,93.35,110,9.97895027624309,0
"1836","LITTLE QUALICUM RIVER",2015,2015-07-24,205,54,0,1.26,1.23714285714336,1.34500000000012,1.44900000000004,-0.107857142856769,94.61,111,9.97895027624309,0
"1837","LITTLE QUALICUM RIVER",2015,2015-07-25,206,55,0,1.21,1.22285714285681,1.32785714285689,1.42266666666643,-0.105000000000083,95.82,112,9.97895027624309,0
"1838","LITTLE QUALICUM RIVER",2015,2015-07-26,207,56,0,1.19,1.21142857142799,1.29428571428538,1.4,-0.0828571428573923,97.01,113,9.97895027624309,0
"1839","LITTLE QUALICUM RIVER",2015,2015-07-27,208,57,0,1.16,1.2042857142868,1.26285714285768,1.38133333333341,-0.058571428570888,98.17,114,9.97895027624309,0
"1840","LITTLE QUALICUM RIVER",2015,2015-07-28,209,58,0,1.13,1.19714285714352,1.2414285714289,1.36299999999998,-0.0442857142853816,99.3,115,9.97895027624309,0
"1841","LITTLE QUALICUM RIVER",2015,2015-07-29,210,59,0,1.12,1.18428571428688,1.22285714285681,1.34566666666651,-0.0385714285699319,100.42,116,9.97895027624309,0
"1842","LITTLE QUALICUM RIVER",2015,2015-07-30,211,60,0,1.07,1.16285714285706,1.20428571428576,1.32733333333308,-0.0414285714286962,101.49,117,9.97895027624309,0
"1843","LITTLE QUALICUM RIVER",2015,2015-07-31,212,61,0,1.05,1.13285714285614,1.18499999999975,1.30900000000014,-0.0521428571436056,102.54,118,9.97895027624309,0
"1844","LITTLE QUALICUM RIVER",2015,2015-08-01,213,62,0,1.06,1.11142857142841,1.16714285714261,1.29366666666659,-0.0557142857142026,103.6,119,9.97895027624309,0
"1845","LITTLE QUALICUM RIVER",2015,2015-08-02,214,63,0,1.06,1.09285714285839,1.15214285714319,1.28266666666702,-0.0592857142847996,104.66,120,9.97895027624309,0
"1846","LITTLE QUALICUM RIVER",2015,2015-08-03,215,64,0,1.06,1.07857142857184,1.14142857142932,1.27166666666696,-0.0628571428574753,105.72,121,9.97895027624309,0
"1847","LITTLE QUALICUM RIVER",2015,2015-08-04,216,65,0,1.08,1.07142857142857,1.13428571428605,1.2613333333337,-0.0628571428574756,106.8,122,9.97895027624309,0
"1848","LITTLE QUALICUM RIVER",2015,2015-08-05,217,66,0,1.11,1.07000000000075,1.12714285714381,1.25100000000045,-0.057142857143065,107.91,123,9.97895027624309,0
"1849","LITTLE QUALICUM RIVER",2015,2015-08-06,218,67,0,1.13,1.07857142857184,1.12071428571445,1.24233333333347,-0.0421428571426077,109.04,124,9.97895027624309,0
"1850","LITTLE QUALICUM RIVER",2015,2015-08-07,219,68,0,1.08,1.08285714285739,1.10785714285677,1.23300000000017,-0.0249999999993764,110.12,125,9.97895027624309,0
"1851","LITTLE QUALICUM RIVER",2015,2015-08-08,220,69,0,1.16,1.09714285714394,1.10428571428617,1.22699999999992,-0.00714285714223362,111.28,126,9.97895027624309,0
"1852","LITTLE QUALICUM RIVER",2015,2015-08-09,221,70,0,1.21,1.1185714285696,1.10571428571399,1.2236666666664,0.0128571428556044,112.49,127,9.97895027624309,0
"1853","LITTLE QUALICUM RIVER",2015,2015-08-10,222,71,0,1.14,1.12999999999842,1.10428571428513,1.21333333333314,0.0257142857132879,113.63,128,9.97895027624309,0
"1854","LITTLE QUALICUM RIVER",2015,2015-08-11,223,72,0,1.09,1.13142857142832,1.10142857142845,1.19433333333339,0.0299999999998752,114.72,129,9.97895027624309,0
"1855","LITTLE QUALICUM RIVER",2015,2015-08-12,224,73,0,1.04,1.12142857142732,1.09571428571404,1.1756666666668,0.0257142857132879,115.76,130,9.97895027624309,0
"1856","LITTLE QUALICUM RIVER",2015,2015-08-13,225,74,0,1.05,1.11000000000058,1.09428571428621,1.16299999999998,0.0157142857143688,116.81,131,9.97895027624309,0
"1857","LITTLE QUALICUM RIVER",2015,2015-08-14,226,75,0,1.08,1.11000000000058,1.09642857142899,1.15299999999988,0.0135714285715949,117.89,132,9.97895027624309,0
"1858","LITTLE QUALICUM RIVER",2015,2015-08-15,227,76,0,1.11,1.10285714285731,1.10000000000062,1.145666666667,0.00285714285668548,119,133,9.97895027624309,0
"1859","LITTLE QUALICUM RIVER",2015,2015-08-16,228,77,0,1.09,1.08571428571512,1.10214285714236,1.13799999999998,-0.016428571427241,120.09,134,9.97895027624309,0
"1860","LITTLE QUALICUM RIVER",2015,2015-08-17,229,78,0,1.05,1.07285714285847,1.10142857142845,1.12933333333349,-0.0285714285699734,121.14,135,9.97895027624309,0
"1861","LITTLE QUALICUM RIVER",2015,2015-08-18,230,79,0,1.02,1.06285714285748,1.0971428571429,1.12100000000016,-0.0342857142854232,122.16,136,9.97895027624309,0
"1862","LITTLE QUALICUM RIVER",2015,2015-08-19,231,80,0,1,1.0571428571441,1.08928571428571,1.11400000000043,-0.0321428571416098,123.16,137,9.97895027624309,0
"1863","LITTLE QUALICUM RIVER",2015,2015-08-20,232,81,0,1,1.05000000000083,1.08000000000071,1.10800000000017,-0.0299999999998752,124.16,138,9.97895027624309,0
"1864","LITTLE QUALICUM RIVER",2015,2015-08-21,233,82,0,0.982,1.03599999999902,1.0729999999998,1.10040000000008,-0.0370000000007815,125.142,139,9.97895027624309,0
"1865","LITTLE QUALICUM RIVER",2015,2015-08-22,234,83,0,0.991,1.01900000000023,1.06092857142877,1.09276666666701,-0.0419285714285382,126.133,140,9.97895027624309,0
"1866","LITTLE QUALICUM RIVER",2015,2015-08-23,235,84,0,0.972,1.00214285714277,1.04392857142895,1.08316666666651,-0.0417857142861717,127.105,141,9.97895027624309,0
"1867","LITTLE QUALICUM RIVER",2015,2015-08-24,236,85,0,0.964,0.989857142857675,1.03135714285807,1.07496666666702,-0.0415000000003991,128.069,142,9.97895027624309,0
"1868","LITTLE QUALICUM RIVER",2015,2015-08-25,237,86,0,0.929,0.976857142855546,1.01985714285651,1.06626666666659,-0.0430000000009646,128.998,143,9.97895027624309,0
"1869","LITTLE QUALICUM RIVER",2015,2015-08-26,238,87,0,0.912,0.964285714285714,1.01071428571491,1.05800000000017,-0.0464285714291951,129.91,144,9.97895027624309,0
"1870","LITTLE QUALICUM RIVER",2015,2015-08-27,239,88,0,0.903,0.950428571427308,1.00021428571407,1.05043333333306,-0.0497857142867619,130.813,145,9.97895027624309,0
"1871","LITTLE QUALICUM RIVER",2015,2015-08-28,240,89,0,0.912,0.940428571428389,0.988214285713704,1.04349999999977,-0.0477857142853151,131.725,146,9.97895027624309,0
"1872","LITTLE QUALICUM RIVER",2015,2015-08-29,241,90,0,1.24,0.975999999999268,0.997499999999751,1.04916666666686,-0.0215000000004824,132.965,147,9.97895027624309,0
"1873","LITTLE QUALICUM RIVER",2015,2015-08-30,242,91,0,1.3,1.02285714285764,1.01250000000021,1.05750000000019,0.0103571428574341,134.265,148,9.97895027624309,0
"1874","LITTLE QUALICUM RIVER",2015,2015-08-31,243,92,0,1.5,1.09942857142804,1.04464285714286,1.07216666666694,0.054785714285182,135.765,149,9.97895027624309,0
"1875","LITTLE QUALICUM RIVER",2015,2015-09-01,244,93,0,3.41,1.45385714285866,1.2153571428571,1.15049999999998,0.238500000001555,139.175,150,9.97895027624309,0
"1876","LITTLE QUALICUM RIVER",2015,2015-09-02,245,94,0,4.59,1.97928571428513,1.47178571428542,1.26816666666661,0.507499999999709,143.765,151,9.97895027624309,0
"1877","LITTLE QUALICUM RIVER",2015,2015-09-03,246,95,0,4.94,2.55600000000101,1.75321428571416,1.39683333333329,0.802785714286853,148.705,152,9.97895027624309,0
"1878","LITTLE QUALICUM RIVER",2015,2015-09-04,247,96,0,4.94,3.13142857142832,2.03592857142836,1.52449999999953,1.09549999999997,153.645,153,9.97895027624309,0
"1879","LITTLE QUALICUM RIVER",2015,2015-09-05,248,97,0,4.69,3.62428571428505,2.30014285714216,1.64316666666661,1.32414285714289,158.335,154,9.97895027624309,0
"1880","LITTLE QUALICUM RIVER",2015,2015-09-06,249,98,0,4.53,4.08571428571304,2.55428571428534,1.75816666666651,1.5314285714277,162.865,155,9.97895027624309,0
"1881","LITTLE QUALICUM RIVER",2015,2015-09-07,250,99,0,4.35,4.49285714285673,2.79614285714238,1.86449999999992,1.69671428571434,167.215,156,9.97895027624309,0
"1882","LITTLE QUALICUM RIVER",2015,2015-09-08,251,100,0,4.09,4.58999999999859,3.02192857142862,1.96050000000008,1.56807142856997,171.305,157,9.97895027624309,0
"1883","LITTLE QUALICUM RIVER",2015,2015-09-09,252,101,0,3.54,4.44000000000025,3.20964285714269,2.04050000000037,1.23035714285756,174.845,158,9.97895027624309,0
"1884","LITTLE QUALICUM RIVER",2015,2015-09-10,253,102,0,2.41,4.07857142856977,3.31728571428539,2.08449999999963,0.761285714284376,177.255,159,9.97895027624309,0
"1885","LITTLE QUALICUM RIVER",2015,2015-09-11,254,103,0,2.75,3.76571428571437,3.44857142857135,2.14149999999984,0.317142857143024,180.005,160,9.97895027624309,0
"1886","LITTLE QUALICUM RIVER",2015,2015-09-12,255,104,0,2.78,3.49285714285881,3.55857142857193,2.19916666666686,-0.0657142857131214,182.785,161,9.97895027624309,0
"1887","LITTLE QUALICUM RIVER",2015,2015-09-13,256,105,0,2.67,3.22714285714444,3.65642857142874,2.25216666666674,-0.429285714284301,185.455,162,9.97895027624309,0
"1888","LITTLE QUALICUM RIVER",2015,2015-09-14,257,106,0,2.69,2.989999999999,3.74142857142786,2.30483333333298,-0.751428571428862,188.145,163,9.97895027624309,0
"1889","LITTLE QUALICUM RIVER",2015,2015-09-15,258,107,0,2.81,2.8071428571441,3.69857142857135,2.36216666666684,-0.891428571427241,190.955,164,9.97895027624309,0
"1890","LITTLE QUALICUM RIVER",2015,2015-09-16,259,108,0,2.91,2.71714285714136,3.5785714285708,2.42416666666638,-0.861428571429444,193.865,165,9.97895027624309,0
"1891","LITTLE QUALICUM RIVER",2015,2015-09-17,260,109,0,3.1,2.8157142857152,3.44714285714248,2.49349999999977,-0.631428571427283,196.965,166,9.97895027624309,0
"1892","LITTLE QUALICUM RIVER",2015,2015-09-18,261,110,0,3.24,2.88571428571595,3.32571428571516,2.56816666666661,-0.43999999999921,200.205,167,9.97895027624309,0
"1893","LITTLE QUALICUM RIVER",2015,2015-09-19,262,111,0,3.15,2.93857142857035,3.21571428571458,2.63983333333308,-0.277142857144229,203.355,168,9.97895027624309,0
"1894","LITTLE QUALICUM RIVER",2015,2015-09-20,263,112,0,4.48,3.19714285714144,3.21214285714294,2.75643333333331,-0.0150000000014967,207.835,169,9.97895027624309,0
"1895","LITTLE QUALICUM RIVER",2015,2015-09-21,264,113,0,8.33,4.00285714285773,3.49642857142836,3.0010666666664,0.506428571429362,216.165,170,9.97895027624309,0
"1896","LITTLE QUALICUM RIVER",2015,2015-09-22,265,114,0,8.15,4.76571428571437,3.78642857142924,3.24033333333355,0.979285714285132,224.315,171,9.97895027624309,0
"1897","LITTLE QUALICUM RIVER",2015,2015-09-23,266,115,0,7.49,5.42000000000033,4.06857142857085,3.45786666666633,1.35142857142949,231.805,172,9.97895027624309,0
"1898","LITTLE QUALICUM RIVER",2015,2015-09-24,267,116,0,7.4,6.03428571428646,4.42500000000083,3.67356666666698,1.60928571428563,239.205,173,9.97895027624309,0
"1899","LITTLE QUALICUM RIVER",2015,2015-09-25,268,117,0,7.81,6.68714285714252,4.78642857142924,3.90349999999986,1.90071428571329,247.015,174,9.97895027624309,0
"1900","LITTLE QUALICUM RIVER",2015,2015-09-26,269,118,0,7.19,7.26428571428655,5.10142857142845,4.1130666666669,2.1628571428581,254.205,175,9.97895027624309,0
"1901","LITTLE QUALICUM RIVER",2015,2015-09-27,270,119,0,6.55,7.55999999999975,5.3785714285706,4.30099999999996,2.18142857142915,260.755,176,9.97895027624309,0
"1902","LITTLE QUALICUM RIVER",2015,2015-09-28,271,120,0,6.02,7.23000000000008,5.6164285714289,4.46033333333326,1.61357142857118,266.775,177,9.97895027624309,0
"1903","LITTLE QUALICUM RIVER",2015,2015-09-29,272,121,0,5.61,6.86714285714178,5.81642857142807,4.60399999999984,1.0507142857137,272.385,178,9.97895027624309,0
"1904","LITTLE QUALICUM RIVER",2015,2015-09-30,273,122,0,5.2,6.53999999999983,5.98000000000008,4.72733333333308,0.559999999999751,277.585,179,9.97895027624309,0
"1905","LITTLE QUALICUM RIVER",2015,2015-10-01,274,123,0,4.85,6.1757142857137,6.10500000000008,4.77533333333316,0.0707142857136205,282.435,180,9.97895027624309,0
"1906","LITTLE QUALICUM RIVER",2015,2015-10-02,275,124,0,4.57,5.71285714285581,6.19999999999917,4.77466666666636,-0.487142857143357,287.005,181,9.97895027624309,0
"1907","LITTLE QUALICUM RIVER",2015,2015-10-03,276,125,0,4.31,5.30142857142865,6.2828571428576,4.75366666666669,-0.981428571428946,291.315,182,9.97895027624309,0
"1908","LITTLE QUALICUM RIVER",2015,2015-10-04,277,126,0,4.04,4.94285714285797,6.25142857142886,4.72366666666688,-1.30857142857089,295.355,183,9.97895027624309,0
"1909","LITTLE QUALICUM RIVER",2015,2015-10-05,278,127,0,4.04,4.65999999999933,5.94499999999971,4.70199999999992,-1.28500000000037,299.395,184,9.97895027624309,0
"1910","LITTLE QUALICUM RIVER",2015,2015-10-06,279,128,0,4.07,4.44000000000025,5.65357142857101,4.68666666666686,-1.21357142857076,303.465,185,9.97895027624309,0
"1911","LITTLE QUALICUM RIVER",2015,2015-10-07,280,129,0,4.02,4.27142857142982,5.40571428571483,4.6756666666668,-1.13428571428501,307.485,186,9.97895027624309,0
"1912","LITTLE QUALICUM RIVER",2015,2015-10-08,281,130,0,4.03,4.15428571428596,5.16499999999983,4.67366666666688,-1.01071428571387,311.515,187,9.97895027624309,0
"1913","LITTLE QUALICUM RIVER",2015,2015-10-09,282,131,0,4.04,4.07857142857184,4.89571428571383,4.69033333333306,-0.817142857141985,315.555,188,9.97895027624309,0
"1914","LITTLE QUALICUM RIVER",2015,2015-10-10,283,132,0,6.43,4.38142857142832,4.84142857142849,4.82433333333368,-0.460000000000166,321.985,189,9.97895027624309,0
"1915","LITTLE QUALICUM RIVER",2015,2015-10-11,284,133,0,9.19,5.11714285714385,5.03000000000092,5.03900000000043,0.0871428571429398,331.175,190,9.97895027624309,0
"1916","LITTLE QUALICUM RIVER",2015,2015-10-12,285,134,0,8.96,5.82000000000075,5.24000000000004,5.24499999999971,0.580000000000706,340.135,191,9.97895027624309,0
"1917","LITTLE QUALICUM RIVER",2015,2015-10-13,286,135,0,9.18,6.55000000000083,5.49500000000054,5.46200000000002,1.05500000000029,349.315,192,9.97895027624309,0
"1918","LITTLE QUALICUM RIVER",2015,2015-10-14,287,136,1,8.46,7.1842857142848,5.72785714285731,5.65433333333349,1.45642857142749,357.775,193,9.97895027624309,0
"1919","LITTLE QUALICUM RIVER",2016,2016-05-31,152,1,0,3.08,3.11285714285623,3.49214285714282,3.84833333333324,-0.379285714286588,3.08,65,13.3820994475138,0
"1920","LITTLE QUALICUM RIVER",2016,2016-06-01,153,2,0,3.12,3.11428571428613,3.43928571428634,3.77433333333368,-0.325000000000208,6.2,66,13.3820994475138,0
"1921","LITTLE QUALICUM RIVER",2016,2016-06-02,154,3,0,3.3,3.13999999999942,3.37999999999946,3.70533333333296,-0.240000000000042,9.5,67,13.3820994475138,0
"1922","LITTLE QUALICUM RIVER",2016,2016-06-03,155,4,0,3.3,3.19714285714352,3.32999999999967,3.63299999999969,-0.132857142856145,12.8,68,13.3820994475138,0
"1923","LITTLE QUALICUM RIVER",2016,2016-06-04,156,5,0,3.18,3.22142857142899,3.27571428571433,3.57833333333353,-0.0542857142853399,15.98,69,13.3820994475138,0
"1924","LITTLE QUALICUM RIVER",2016,2016-06-05,157,6,0,3.07,3.17999999999925,3.21642857142849,3.54233333333347,-0.0364285714292367,19.05,70,13.3820994475138,0
"1925","LITTLE QUALICUM RIVER",2016,2016-06-06,158,7,0,2.9,3.13571428571595,3.1492857142865,3.49800000000008,-0.0135714285705553,21.95,71,13.3820994475138,0
"1926","LITTLE QUALICUM RIVER",2016,2016-06-07,159,8,0,2.72,3.08428571428522,3.09857142857072,3.4393333333331,-0.0142857142855064,24.67,72,13.3820994475138,0
"1927","LITTLE QUALICUM RIVER",2016,2016-06-08,160,9,0,2.71,3.02571428571329,3.06999999999971,3.37899999999984,-0.044285714286421,27.38,73,13.3820994475138,0
"1928","LITTLE QUALICUM RIVER",2016,2016-06-09,161,10,0,2.58,2.92285714285806,3.03142857142874,3.32466666666684,-0.10857142857068,29.96,74,13.3820994475138,0
"1929","LITTLE QUALICUM RIVER",2016,2016-06-10,162,11,0,2.57,2.81857142857085,3.00785714285718,3.29566666666651,-0.189285714286338,32.53,75,13.3820994475138,0
"1930","LITTLE QUALICUM RIVER",2016,2016-06-11,163,12,0,2.49,2.71999999999909,2.97071428571404,3.26233333333318,-0.250714285714951,35.02,76,13.3820994475138,0
"1931","LITTLE QUALICUM RIVER",2016,2016-06-12,164,13,0,2.41,2.62571428571495,2.9028571428571,3.23066666666661,-0.27714285714215,37.43,77,13.3820994475138,0
"1932","LITTLE QUALICUM RIVER",2016,2016-06-13,165,14,0,2.27,2.53571428571429,2.83571428571512,3.195666666667,-0.300000000000832,39.7,78,13.3820994475138,0
"1933","LITTLE QUALICUM RIVER",2016,2016-06-14,166,15,0,2.26,2.47000000000116,2.77714285714319,3.15633333333341,-0.307142857142026,41.96,79,13.3820994475138,0
"1934","LITTLE QUALICUM RIVER",2016,2016-06-15,167,16,0,2.25,2.40428571428596,2.71499999999963,3.11466666666674,-0.310714285713662,44.21,80,13.3820994475138,0
"1935","LITTLE QUALICUM RIVER",2016,2016-06-16,168,17,0,2.26,2.35857142857068,2.64071428571437,3.07599999999996,-0.282142857143689,46.47,81,13.3820994475138,0
"1936","LITTLE QUALICUM RIVER",2016,2016-06-17,169,18,0,2.18,2.30285714285856,2.5607142857147,3.02000000000019,-0.257857142856145,48.65,82,13.3820994475138,0
"1937","LITTLE QUALICUM RIVER",2016,2016-06-18,170,19,0,2.32,2.27857142857101,2.49928571428505,2.95966666666645,-0.220714285714036,50.97,83,13.3820994475138,0
"1938","LITTLE QUALICUM RIVER",2016,2016-06-19,171,20,0,2.34,2.26857142857209,2.44714285714352,2.90433333333349,-0.178571428571428,53.31,84,13.3820994475138,0
"1939","LITTLE QUALICUM RIVER",2016,2016-06-20,172,21,0,2.14,2.25,2.39285714285714,2.84433333333339,-0.142857142857143,55.45,85,13.3820994475138,0
"1940","LITTLE QUALICUM RIVER",2016,2016-06-21,173,22,0,2.14,2.23285714285781,2.35142857142949,2.7856666666669,-0.118571428571678,57.59,86,13.3820994475138,0
"1941","LITTLE QUALICUM RIVER",2016,2016-06-22,174,23,0,2.18,2.22285714285681,2.31357142857139,2.73033333333345,-0.0907142857145766,59.77,87,13.3820994475138,0
"1942","LITTLE QUALICUM RIVER",2016,2016-06-23,175,24,0,3.59,2.41285714285706,2.38571428571387,2.73566666666641,0.0271428571431898,63.36,88,13.3820994475138,0
"1943","LITTLE QUALICUM RIVER",2016,2016-06-24,176,25,0,3.3,2.57285714285639,2.43785714285748,2.74199999999983,0.134999999998919,66.66,89,13.3820994475138,0
"1944","LITTLE QUALICUM RIVER",2016,2016-06-25,177,26,0,2.85,2.64857142857259,2.4635714285718,2.73300000000017,0.18500000000079,69.51,90,13.3820994475138,0
"1945","LITTLE QUALICUM RIVER",2016,2016-06-26,178,27,0,2.58,2.68285714285698,2.47571428571454,2.72233333333376,0.207142857142442,72.09,91,13.3820994475138,0
"1946","LITTLE QUALICUM RIVER",2016,2016-06-27,179,28,0,2.41,2.72142857142691,2.48571428571345,2.70233333333308,0.235714285713454,74.5,92,13.3820994475138,0
"1947","LITTLE QUALICUM RIVER",2016,2016-06-28,180,29,0,2.27,2.739999999999,2.48642857142841,2.66599999999986,0.253571428570597,76.77,93,13.3820994475138,0
"1948","LITTLE QUALICUM RIVER",2016,2016-06-29,181,30,0,2.2,2.74285714285673,2.48285714285677,2.63233333333337,0.259999999999958,78.97,94,13.3820994475138,0
"1949","LITTLE QUALICUM RIVER",2016,2016-06-30,182,31,0,2.16,2.53857142857201,2.47571428571454,2.60166666666676,0.0628571428574753,81.13,95,13.3820994475138,0
"1950","LITTLE QUALICUM RIVER",2016,2016-07-01,183,32,0,2.17,2.37714285714277,2.47499999999958,2.56999999999971,-0.0978571428568102,83.3,96,13.3820994475138,0
"1951","LITTLE QUALICUM RIVER",2016,2016-07-02,184,33,0,2.12,2.27285714285556,2.46071428571408,2.53066666666661,-0.187857142858515,85.42,97,13.3820994475138,0
"1952","LITTLE QUALICUM RIVER",2016,2016-07-03,185,34,0,2.08,2.20142857142699,2.44214285714198,2.4899999999999,-0.240714285714993,87.5,98,13.3820994475138,0
"1953","LITTLE QUALICUM RIVER",2016,2016-07-04,186,35,0,2.05,2.15000000000042,2.43571428571366,2.45233333333308,-0.285714285713246,89.55,99,13.3820994475138,0
"1954","LITTLE QUALICUM RIVER",2016,2016-07-05,187,36,0,2.09,2.12428571428505,2.43214285714203,2.41966666666655,-0.307857142856977,91.64,100,13.3820994475138,0
"1955","LITTLE QUALICUM RIVER",2016,2016-07-06,188,37,0,2.03,2.09999999999958,2.42142857142816,2.39066666666622,-0.321428571428571,93.67,101,13.3820994475138,0
"1956","LITTLE QUALICUM RIVER",2016,2016-07-07,189,38,0,1.97,2.07285714285639,2.3057142857142,2.36566666666671,-0.232857142857808,95.64,102,13.3820994475138,0
"1957","LITTLE QUALICUM RIVER",2016,2016-07-08,190,39,0,1.85,2.02714285714319,2.20214285714298,2.33700000000002,-0.174999999999792,97.49,103,13.3820994475138,0
"1958","LITTLE QUALICUM RIVER",2016,2016-07-09,191,40,0,2.05,2.01714285714427,2.14499999999992,2.31933333333339,-0.127857142855646,99.54,104,13.3820994475138,0
"1959","LITTLE QUALICUM RIVER",2016,2016-07-10,192,41,0,2.05,2.01285714285872,2.10714285714286,2.30200000000041,-0.0942857142841342,101.59,105,13.3820994475138,0
"1960","LITTLE QUALICUM RIVER",2016,2016-07-11,193,42,0,1.98,2.00285714285772,2.07642857142907,2.2850000000001,-0.0735714285713454,103.57,106,13.3820994475138,0
"1961","LITTLE QUALICUM RIVER",2016,2016-07-12,194,43,0,2.08,2.0014285714299,2.06285714285748,2.27400000000004,-0.0614285714275735,105.65,107,13.3820994475138,0
"1962","LITTLE QUALICUM RIVER",2016,2016-07-13,195,44,0,2.14,2.01714285714427,2.05857142857193,2.26966666666655,-0.0414285714276565,107.79,108,13.3820994475138,0
"1963","LITTLE QUALICUM RIVER",2016,2016-07-14,196,45,0,1.95,2.01428571428655,2.04357142857147,2.25933333333329,-0.0292857142849243,109.74,109,13.3820994475138,0
"1964","LITTLE QUALICUM RIVER",2016,2016-07-15,197,46,0,1.9,2.02142857142774,2.02428571428546,2.24766666666643,-0.00285714285772487,111.64,110,13.3820994475138,0
"1965","LITTLE QUALICUM RIVER",2016,2016-07-16,198,47,0,1.83,1.989999999999,2.00357142857164,2.23333333333333,-0.0135714285726343,113.47,111,13.3820994475138,0
"1966","LITTLE QUALICUM RIVER",2016,2016-07-17,199,48,0,1.83,1.95857142857026,1.98571428571449,2.22166666666647,-0.0271428571442291,115.3,112,13.3820994475138,0
"1967","LITTLE QUALICUM RIVER",2016,2016-07-18,200,49,0,1.85,1.94000000000025,1.97142857142899,2.20600000000025,-0.0314285714287377,117.15,113,13.3820994475138,0
"1968","LITTLE QUALICUM RIVER",2016,2016-07-19,201,50,0,2.12,1.94571428571362,1.97357142857176,2.1986666666664,-0.0278571428581407,119.27,114,13.3820994475138,0
"1969","LITTLE QUALICUM RIVER",2016,2016-07-20,202,51,0,1.98,1.92285714285598,1.97000000000012,2.19333333333295,-0.0471428571441461,121.25,115,13.3820994475138,0
"1970","LITTLE QUALICUM RIVER",2016,2016-07-21,203,52,0,1.99,1.92857142857143,1.97142857142899,2.18833333333314,-0.0428571428575586,123.24,116,13.3820994475138,0
"1971","LITTLE QUALICUM RIVER",2016,2016-07-22,204,53,0,2.06,1.95142857142907,1.98642857142841,2.18433333333329,-0.0349999999993347,125.3,117,13.3820994475138,0
"1972","LITTLE QUALICUM RIVER",2016,2016-07-23,205,54,0,1.99,1.97428571428671,1.98214285714286,2.13100000000025,-0.00785714285614514,127.29,118,13.3820994475138,0
"1973","LITTLE QUALICUM RIVER",2016,2016-07-24,206,55,0,1.95,1.9914285714289,1.97499999999958,2.08600000000006,0.0164285714293197,129.24,119,13.3820994475138,0
"1974","LITTLE QUALICUM RIVER",2016,2016-07-25,207,56,0,1.86,1.99285714285673,1.96642857142849,2.05299999999988,0.0264285714282386,131.1,120,13.3820994475138,0
"1975","LITTLE QUALICUM RIVER",2016,2016-07-26,208,57,0,1.85,1.9542857142868,1.95000000000021,2.02866666666669,0.00428571428658753,132.95,121,13.3820994475138,0
"1976","LITTLE QUALICUM RIVER",2016,2016-07-27,209,58,0,1.83,1.93285714285698,1.92785714285648,2.00933333333329,0.00500000000049883,134.78,122,13.3820994475138,0
"1977","LITTLE QUALICUM RIVER",2016,2016-07-28,210,59,0,1.82,1.90857142857151,1.91857142857147,1.99433333333339,-0.00999999999995849,136.6,123,13.3820994475138,0
"1978","LITTLE QUALICUM RIVER",2016,2016-07-29,211,60,0,1.79,1.8699999999995,1.91071428571429,1.98066666666661,-0.0407142857147846,138.39,124,13.3820994475138,0
"1979","LITTLE QUALICUM RIVER",2016,2016-07-30,212,61,0,1.77,1.83857142857076,1.90642857142874,1.96766666666663,-0.0678571428579744,140.16,125,13.3820994475138,0
"1980","LITTLE QUALICUM RIVER",2016,2016-07-31,213,62,0,1.76,1.81142857142757,1.90142857142824,1.95399999999984,-0.0900000000006653,141.92,126,13.3820994475138,0
"1981","LITTLE QUALICUM RIVER",2016,2016-08-01,214,63,0,1.76,1.79714285714311,1.89499999999992,1.94200000000031,-0.0978571428568102,143.68,127,13.3820994475138,0
"1982","LITTLE QUALICUM RIVER",2016,2016-08-02,215,64,0,1.86,1.79857142857093,1.87642857142886,1.93466666666694,-0.0778571428579329,145.54,128,13.3820994475138,0
"1983","LITTLE QUALICUM RIVER",2016,2016-08-03,216,65,0,1.86,1.80285714285856,1.86785714285777,1.92833333333353,-0.0649999999992101,147.4,129,13.3820994475138,0
"1984","LITTLE QUALICUM RIVER",2016,2016-08-04,217,66,0,1.73,1.78999999999983,1.84928571428567,1.91633333333351,-0.059285714285839,149.13,130,13.3820994475138,0
"1985","LITTLE QUALICUM RIVER",2016,2016-08-05,218,67,0,1.69,1.77571428571537,1.82285714285743,1.90500000000029,-0.0471428571420671,150.82,131,13.3820994475138,0
"1986","LITTLE QUALICUM RIVER",2016,2016-08-06,219,68,0,1.74,1.77142857142982,1.80500000000029,1.89733333333376,-0.0335714285704722,152.56,132,13.3820994475138,0
"1987","LITTLE QUALICUM RIVER",2016,2016-08-07,220,69,0,1.75,1.770000000002,1.79071428571478,1.89400000000023,-0.0207142857127889,154.31,133,13.3820994475138,0
"1988","LITTLE QUALICUM RIVER",2016,2016-08-08,221,70,0,1.85,1.78285714285656,1.78999999999983,1.88733333333318,-0.00714285714327301,156.16,134,13.3820994475138,0
"1989","LITTLE QUALICUM RIVER",2016,2016-08-09,222,71,0,1.78,1.77142857142774,1.78499999999933,1.87833333333304,-0.0135714285715949,157.94,135,13.3820994475138,0
"1990","LITTLE QUALICUM RIVER",2016,2016-08-10,223,72,0,1.78,1.75999999999892,1.78142857142874,1.87166666666647,-0.0214285714298186,159.72,136,13.3820994475138,0
"1991","LITTLE QUALICUM RIVER",2016,2016-08-11,224,73,0,1.78,1.76714285714219,1.77857142857101,1.86166666666638,-0.0114285714288209,161.5,137,13.3820994475138,0
"1992","LITTLE QUALICUM RIVER",2016,2016-08-12,225,74,0,1.7,1.76857142857209,1.77214285714373,1.84700000000012,-0.00357142857163661,163.2,138,13.3820994475138,0
"1993","LITTLE QUALICUM RIVER",2016,2016-08-13,226,75,0,1.64,1.75428571428555,1.76285714285768,1.83666666666686,-0.00857142857213544,164.84,139,13.3820994475138,0
"1994","LITTLE QUALICUM RIVER",2016,2016-08-14,227,76,0,1.62,1.73571428571345,1.75285714285772,1.82733333333357,-0.0171428571442707,166.46,140,13.3820994475138,0
"1995","LITTLE QUALICUM RIVER",2016,2016-08-15,228,77,0,1.6,1.70000000000125,1.7414285714289,1.81966666666704,-0.0414285714276565,168.06,141,13.3820994475138,0
"1996","LITTLE QUALICUM RIVER",2016,2016-08-16,229,78,0,1.57,1.67000000000033,1.72071428571404,1.81100000000006,-0.0507142857137037,169.63,142,13.3820994475138,0
"1997","LITTLE QUALICUM RIVER",2016,2016-08-17,230,79,0,1.55,1.63714285714377,1.69857142857135,1.80099999999996,-0.0614285714275735,171.18,143,13.3820994475138,0
"1998","LITTLE QUALICUM RIVER",2016,2016-08-18,231,80,0,1.51,1.59857142857176,1.68285714285698,1.78066666666661,-0.0842857142852154,172.69,144,13.3820994475138,0
"1999","LITTLE QUALICUM RIVER",2016,2016-08-19,232,81,0,1.47,1.56571428571312,1.66714285714261,1.76366666666678,-0.101428571429486,174.16,145,13.3820994475138,0
"2000","LITTLE QUALICUM RIVER",2016,2016-08-20,233,82,0,1.44,1.53714285714211,1.64571428571383,1.74533333333335,-0.108571428571719,175.6,146,13.3820994475138,0
"2001","LITTLE QUALICUM RIVER",2016,2016-08-21,234,83,0,1.48,1.51714285714219,1.62642857142782,1.72599999999996,-0.109285714285631,177.08,147,13.3820994475138,0
"2002","LITTLE QUALICUM RIVER",2016,2016-08-22,235,84,0,1.61,1.51857142857001,1.60928571428563,1.71333333333314,-0.0907142857156162,178.69,148,13.3820994475138,0
"2003","LITTLE QUALICUM RIVER",2016,2016-08-23,236,85,0,1.64,1.52857142857101,1.59928571428567,1.70299999999988,-0.0707142857146599,180.33,149,13.3820994475138,0
"2004","LITTLE QUALICUM RIVER",2016,2016-08-24,237,86,0,1.56,1.52999999999884,1.5835714285713,1.69299999999979,-0.053571428572468,181.89,150,13.3820994475138,0
"2005","LITTLE QUALICUM RIVER",2016,2016-08-25,238,87,0,1.48,1.52571428571537,1.56214285714356,1.68066666666661,-0.0364285714281973,183.37,151,13.3820994475138,0
"2006","LITTLE QUALICUM RIVER",2016,2016-08-26,239,88,0,1.42,1.51857142857209,1.54214285714261,1.66700000000031,-0.023571428570514,184.79,152,13.3820994475138,0
"2007","LITTLE QUALICUM RIVER",2016,2016-08-27,240,89,0,1.4,1.51285714285664,1.52499999999938,1.65299999999988,-0.0121428571427324,186.19,153,13.3820994475138,0
"2008","LITTLE QUALICUM RIVER",2016,2016-08-28,241,90,0,1.47,1.51142857142882,1.51428571428551,1.64233333333347,-0.00285714285668548,187.66,154,13.3820994475138,0
"2009","LITTLE QUALICUM RIVER",2016,2016-08-29,242,91,0,1.46,1.49000000000108,1.50428571428555,1.63200000000021,-0.014285714284467,189.12,155,13.3820994475138,0
"2010","LITTLE QUALICUM RIVER",2016,2016-08-30,243,92,0,1.37,1.45142857142907,1.49000000000004,1.61900000000023,-0.0385714285709711,190.49,156,13.3820994475138,0
"2011","LITTLE QUALICUM RIVER",2016,2016-08-31,244,93,0,1.34,1.42000000000033,1.47499999999958,1.60499999999981,-0.0549999999992516,191.83,157,13.3820994475138,0
"2012","LITTLE QUALICUM RIVER",2016,2016-09-01,245,94,0,1.57,1.43285714285698,1.47928571428617,1.59533333333335,-0.0464285714291952,193.4,158,13.3820994475138,0
"2013","LITTLE QUALICUM RIVER",2016,2016-09-02,246,95,0,2.13,1.53428571428438,1.52642857142824,1.604333333333,0.00785714285614492,195.53,159,13.3820994475138,0
"2014","LITTLE QUALICUM RIVER",2016,2016-09-03,247,96,0,1.87,1.60142857142949,1.55714285714306,1.60900000000014,0.044285714286421,197.4,160,13.3820994475138,0
"2015","LITTLE QUALICUM RIVER",2016,2016-09-04,248,97,0,1.7,1.63428571428605,1.57285714285743,1.60933333333329,0.0614285714286131,199.1,161,13.3820994475138,0
"2016","LITTLE QUALICUM RIVER",2016,2016-09-05,249,98,0,1.59,1.65285714285606,1.57142857142857,1.604333333333,0.0814285714274905,200.69,162,13.3820994475138,0
"2017","LITTLE QUALICUM RIVER",2016,2016-09-06,250,99,0,1.56,1.67999999999925,1.56571428571416,1.59799999999959,0.114285714285091,202.25,163,13.3820994475138,0
"2018","LITTLE QUALICUM RIVER",2016,2016-09-07,251,100,0,1.58,1.71428571428571,1.56714285714302,1.58899999999994,0.147142857142691,203.83,164,13.3820994475138,0
"2019","LITTLE QUALICUM RIVER",2016,2016-09-08,252,101,0,1.54,1.71000000000017,1.57142857142857,1.58100000000025,0.138571428571595,205.37,165,13.3820994475138,0
"2020","LITTLE QUALICUM RIVER",2016,2016-09-09,253,102,0,1.51,1.6214285714294,1.57785714285689,1.57200000000012,0.0435714285725095,206.88,166,13.3820994475138,0
"2021","LITTLE QUALICUM RIVER",2016,2016-09-10,254,103,0,1.39,1.55285714285648,1.57714285714298,1.55900000000014,-0.0242857142865043,208.27,167,13.3820994475138,0
"2022","LITTLE QUALICUM RIVER",2016,2016-09-11,255,104,0,1.41,1.51142857142882,1.57285714285743,1.5493333333332,-0.0614285714286129,209.68,168,13.3820994475138,0
"2023","LITTLE QUALICUM RIVER",2016,2016-09-12,256,105,0,1.42,1.48714285714336,1.56999999999971,1.54199999999983,-0.0828571428563529,211.1,169,13.3820994475138,0
"2024","LITTLE QUALICUM RIVER",2016,2016-09-13,257,106,0,1.38,1.46142857143007,1.57071428571466,1.53400000000014,-0.109285714284592,212.48,170,13.3820994475138,0
"2025","LITTLE QUALICUM RIVER",2016,2016-09-14,258,107,0,1.36,1.43000000000133,1.57214285714352,1.52599999999996,-0.142142857142192,213.84,171,13.3820994475138,0
"2026","LITTLE QUALICUM RIVER",2016,2016-09-15,259,108,0,1.38,1.40714285714161,1.55857142857089,1.51966666666655,-0.151428571429278,215.22,172,13.3820994475138,0
"2027","LITTLE QUALICUM RIVER",2016,2016-09-16,260,109,0,1.44,1.39714285714269,1.50928571428605,1.51599999999986,-0.112142857143356,216.66,173,13.3820994475138,0
"2028","LITTLE QUALICUM RIVER",2016,2016-09-17,261,110,0,1.57,1.42285714285806,1.48785714285727,1.51800000000027,-0.0649999999992099,218.23,174,13.3820994475138,0
"2029","LITTLE QUALICUM RIVER",2016,2016-09-18,262,111,0,1.59,1.44857142857135,1.48000000000008,1.52200000000012,-0.0314285714287379,219.82,175,13.3820994475138,0
"2030","LITTLE QUALICUM RIVER",2016,2016-09-19,263,112,0,1.76,1.49714285714228,1.49214285714282,1.53266666666653,0.00499999999945966,221.58,176,13.3820994475138,0
"2031","LITTLE QUALICUM RIVER",2016,2016-09-20,264,113,0,2.03,1.58999999999859,1.52571428571433,1.55099999999996,0.064285714284259,223.61,177,13.3820994475138,0
"2032","LITTLE QUALICUM RIVER",2016,2016-09-21,265,114,0,2.06,1.68999999999817,1.55999999999975,1.56599999999986,0.12999999999842,225.67,178,13.3820994475138,0
"2033","LITTLE QUALICUM RIVER",2016,2016-09-22,266,115,0,1.9,1.76428571428655,1.58571428571408,1.57466666666684,0.178571428572468,227.57,179,13.3820994475138,0
"2034","LITTLE QUALICUM RIVER",2016,2016-09-23,267,116,0,1.85,1.82285714285639,1.60999999999954,1.58433333333329,0.212857142856852,229.42,180,13.3820994475138,0
"2035","LITTLE QUALICUM RIVER",2016,2016-09-24,268,117,0,1.92,1.87285714285723,1.64785714285764,1.59900000000004,0.224999999999584,231.34,181,13.3820994475138,0
"2036","LITTLE QUALICUM RIVER",2016,2016-09-25,269,118,0,1.86,1.91142857142924,1.68000000000029,1.61366666666678,0.231428571428946,233.2,182,13.3820994475138,0
"2037","LITTLE QUALICUM RIVER",2016,2016-09-26,270,119,0,1.76,1.91142857142924,1.70428571428576,1.6256666666668,0.207142857143481,234.96,183,13.3820994475138,0
"2038","LITTLE QUALICUM RIVER",2016,2016-09-27,271,120,0,1.75,1.8714285714294,1.73071428571399,1.6350000000001,0.140714285715408,236.71,184,13.3820994475138,0
"2039","LITTLE QUALICUM RIVER",2016,2016-09-28,272,121,0,1.73,1.8242857142863,1.75714285714223,1.64399999999975,0.0671428571440629,238.44,185,13.3820994475138,0
"2040","LITTLE QUALICUM RIVER",2016,2016-09-29,273,122,0,1.71,1.79714285714311,1.78071428571483,1.65533333333345,0.0164285714282804,240.15,186,13.3820994475138,0
"2041","LITTLE QUALICUM RIVER",2016,2016-09-30,274,123,0,1.66,1.770000000002,1.79642857142919,1.66600000000035,-0.0264285714271992,241.81,187,13.3820994475138,0
"2042","LITTLE QUALICUM RIVER",2016,2016-10-01,275,124,0,1.72,1.74142857142683,1.80714285714203,1.67099999999967,-0.0657142857152004,243.53,188,13.3820994475138,0
"2043","LITTLE QUALICUM RIVER",2016,2016-10-02,276,125,0,1.95,1.75428571428555,1.83285714285739,1.66500000000039,-0.0785714285718444,245.48,189,13.3820994475138,0
"2044","LITTLE QUALICUM RIVER",2016,2016-10-03,277,126,0,1.93,1.77857142857101,1.84500000000012,1.66699999999983,-0.066428571429112,247.41,190,13.3820994475138,0
"2045","LITTLE QUALICUM RIVER",2016,2016-10-04,278,127,0,2.1,1.82857142857184,1.85000000000062,1.68033333333345,-0.0214285714287792,249.51,191,13.3820994475138,0
"2046","LITTLE QUALICUM RIVER",2016,2016-10-05,279,128,0,3.3,2.05285714285856,1.93857142857243,1.73733333333366,0.11428571428613,252.81,192,13.3820994475138,0
"2047","LITTLE QUALICUM RIVER",2016,2016-10-06,280,129,1,3.69,2.33571428571304,2.06642857142807,1.80833333333333,0.269285714284966,256.5,193,13.3820994475138,0
"2048","LITTLE QUALICUM RIVER",2017,2017-06-01,152,1,0,11.9,12.5714285714286,12.3000000000008,13.5099999999996,0.271428571427739,11.9,20,16.6157458563536,0
"2049","LITTLE QUALICUM RIVER",2017,2017-06-02,153,2,0,11.2,12.442857142858,12.3500000000017,13.4433333333339,0.0928571428563121,23.1,21,16.6157458563536,0
"2050","LITTLE QUALICUM RIVER",2017,2017-06-03,154,3,0,10.6,12.1999999999992,12.3428571428563,13.2,-0.142857142857144,33.7,22,16.6157458563536,0
"2051","LITTLE QUALICUM RIVER",2017,2017-06-04,155,4,0,9.84,11.8057142857163,12.23142857143,12.8080000000007,-0.425714285713704,43.54,23,16.6157458563536,0
"2052","LITTLE QUALICUM RIVER",2017,2017-06-05,156,5,0,8.91,11.2071428571404,11.9964285714273,12.4216666666665,-0.789285714286962,52.45,24,16.6157458563536,0
"2053","LITTLE QUALICUM RIVER",2017,2017-06-06,157,6,0,7.64,10.355714285713,11.5921428571434,12.0829999999997,-1.23642857143049,60.09,25,16.6157458563536,0
"2054","LITTLE QUALICUM RIVER",2017,2017-06-07,158,7,0,6.69,9.53999999999983,11.0985714285718,11.7860000000005,-1.55857142857193,66.78,26,16.6157458563536,0
"2055","LITTLE QUALICUM RIVER",2017,2017-06-08,159,8,0,6.5,8.76857142857209,10.6700000000003,11.5426666666666,-1.90142857142824,73.28,27,16.6157458563536,0
"2056","LITTLE QUALICUM RIVER",2017,2017-06-09,160,9,0,5.68,7.979999999998,10.211428571428,11.3019999999999,-2.23142857142998,78.96,28,16.6157458563536,0
"2057","LITTLE QUALICUM RIVER",2017,2017-06-10,161,10,0,5.7,7.28000000000299,9.74000000000108,11.0220000000001,-2.45999999999809,84.66,29,16.6157458563536,0
"2058","LITTLE QUALICUM RIVER",2017,2017-06-11,162,11,0,5.72,6.69142857142807,9.24857142857218,10.7160000000003,-2.5571428571441,90.38,30,16.6157458563536,0
"2059","LITTLE QUALICUM RIVER",2017,2017-06-12,163,12,0,5.76,6.2414285714289,8.72428571428463,10.4446666666666,-2.48285714285573,96.14,31,16.6157458563536,0
"2060","LITTLE QUALICUM RIVER",2017,2017-06-13,164,13,0,5.94,5.9985714285701,8.17714285714153,10.2193333333329,-2.17857142857143,102.08,32,16.6157458563536,0
"2061","LITTLE QUALICUM RIVER",2017,2017-06-14,165,14,0,5.71,5.85857142857276,7.6992857142863,10.0130000000005,-1.84071428571354,107.79,33,16.6157458563536,0
"2062","LITTLE QUALICUM RIVER",2017,2017-06-15,166,15,0,6.33,5.83428571428522,7.30142857142865,9.85066666666632,-1.46714285714344,114.12,34,16.6157458563536,0
"2063","LITTLE QUALICUM RIVER",2017,2017-06-16,167,16,0,7.02,6.02571428571329,7.00285714285565,9.72799999999988,-0.977142857142359,121.14,35,16.6157458563536,0
"2064","LITTLE QUALICUM RIVER",2017,2017-06-17,168,17,0,6.27,6.10714285714286,6.69357142857293,9.59033333333403,-0.586428571430068,127.41,36,16.6157458563536,0
"2065","LITTLE QUALICUM RIVER",2017,2017-06-18,169,18,0,6.34,6.19571428571362,6.44357142857085,9.45166666666725,-0.247857142857226,133.75,37,16.6157458563536,0
"2066","LITTLE QUALICUM RIVER",2017,2017-06-19,170,19,0,6.38,6.28428571428854,6.26285714285872,9.30766666666702,0.0214285714298192,140.13,38,16.6157458563536,0
"2067","LITTLE QUALICUM RIVER",2017,2017-06-20,171,20,0,6.43,6.35428571428721,6.17642857142865,9.14200000000031,0.177857142858556,146.56,39,16.6157458563536,0
"2068","LITTLE QUALICUM RIVER",2017,2017-06-21,172,21,0,6.29,6.43714285714252,6.14785714285764,8.94500000000019,0.289285714284883,152.85,40,16.6157458563536,0
"2069","LITTLE QUALICUM RIVER",2017,2017-06-22,173,22,0,6,6.3900000000015,6.11214285714336,8.70166666666725,0.277857142858141,158.85,41,16.6157458563536,0
"2070","LITTLE QUALICUM RIVER",2017,2017-06-23,174,23,0,5.71,6.20285714285897,6.11428571428613,8.43866666666678,0.0885714285728421,164.56,42,16.6157458563536,0
"2071","LITTLE QUALICUM RIVER",2017,2017-06-24,175,24,0,5.45,6.08571428571512,6.09642857142899,8.20366666666717,-0.0107142857138696,170.01,43,16.6157458563536,0
"2072","LITTLE QUALICUM RIVER",2017,2017-06-25,176,25,0,5.34,5.94285714285797,6.0692857142858,7.97833333333353,-0.126428571427823,175.35,44,16.6157458563536,0
"2073","LITTLE QUALICUM RIVER",2017,2017-06-26,177,26,0,4.86,5.72571428571246,6.0050000000005,7.73033333333345,-0.279285714288043,180.21,45,16.6157458563536,0
"2074","LITTLE QUALICUM RIVER",2017,2017-06-27,178,27,0,4.08,5.3900000000015,5.87214285714435,7.4463333333338,-0.482142857142857,184.29,46,16.6157458563536,0
"2075","LITTLE QUALICUM RIVER",2017,2017-06-28,179,28,0,4.04,5.06857142856877,5.75285714285565,7.14433333333291,-0.684285714286879,188.33,47,16.6157458563536,0
"2076","LITTLE QUALICUM RIVER",2017,2017-06-29,180,29,0,3.93,4.77285714285764,5.58142857142957,6.82200000000012,-0.808571428571928,192.26,48,16.6157458563536,0
"2077","LITTLE QUALICUM RIVER",2017,2017-06-30,181,30,0,3.82,4.50285714285565,5.35285714285731,6.53599999999957,-0.850000000001663,196.08,49,16.6157458563536,0
"2078","LITTLE QUALICUM RIVER",2017,2017-07-01,182,31,0,3.71,4.25428571428555,5.17000000000033,6.26300000000047,-0.915714285714785,199.79,50,16.6157458563536,0
"2079","LITTLE QUALICUM RIVER",2017,2017-07-02,183,32,0,3.65,4.01285714285664,4.97785714285731,6.01133333333322,-0.965000000000665,203.44,51,16.6157458563536,0
"2080","LITTLE QUALICUM RIVER",2017,2017-07-03,184,33,0,3.6,3.83285714285947,4.77928571428596,5.77800000000085,-0.946428571426492,207.04,52,16.6157458563536,0
"2081","LITTLE QUALICUM RIVER",2017,2017-07-04,185,34,0,3.35,3.7285714285681,4.5592857142848,5.56166666666589,-0.830714285716697,210.39,53,16.6157458563536,0
"2082","LITTLE QUALICUM RIVER",2017,2017-07-05,186,35,0,2.84,3.55714285714203,4.3128571428554,5.35933333333329,-0.755714285713371,213.23,54,16.6157458563536,0
"2083","LITTLE QUALICUM RIVER",2017,2017-07-06,187,36,0,2.78,3.39285714285714,4.08285714285739,5.19733333333376,-0.69000000000025,216.01,55,16.6157458563536,0
"2084","LITTLE QUALICUM RIVER",2017,2017-07-07,188,37,0,2.74,3.23857142857326,3.87071428571445,5.06566666666671,-0.632142857141194,218.75,56,16.6157458563536,0
"2085","LITTLE QUALICUM RIVER",2017,2017-07-08,189,38,0,2.76,3.10285714285731,3.67857142857143,4.94100000000035,-0.575714285714119,221.51,57,16.6157458563536,0
"2086","LITTLE QUALICUM RIVER",2017,2017-07-09,190,39,0,2.7,2.96714285714136,3.489999999999,4.84166666666667,-0.522857142857642,224.21,58,16.6157458563536,0
"2087","LITTLE QUALICUM RIVER",2017,2017-07-10,191,40,0,2.73,2.84285714285631,3.33785714285789,4.74266666666663,-0.49500000000158,226.94,59,16.6157458563536,0
"2088","LITTLE QUALICUM RIVER",2017,2017-07-11,192,41,0,2.74,2.75571428571545,3.24214285714178,4.64333333333295,-0.486428571426326,229.68,60,16.6157458563536,0
"2089","LITTLE QUALICUM RIVER",2017,2017-07-12,193,42,0,2.51,2.70857142857442,3.13285714285822,4.53500000000058,-0.424285714283802,232.19,61,16.6157458563536,0
"2090","LITTLE QUALICUM RIVER",2017,2017-07-13,194,43,0,2.38,2.65142857142824,3.02214285714269,4.41633333333399,-0.370714285714452,234.57,62,16.6157458563536,0
"2091","LITTLE QUALICUM RIVER",2017,2017-07-14,195,44,0,2.34,2.59428571428621,2.91642857142974,4.30399999999984,-0.322142857143523,236.91,63,16.6157458563536,0
"2092","LITTLE QUALICUM RIVER",2017,2017-07-15,196,45,0,2.28,2.52571428571329,2.8142857142853,4.16900000000023,-0.28857142857201,239.19,64,16.6157458563536,0
"2093","LITTLE QUALICUM RIVER",2017,2017-07-16,197,46,0,2.26,2.46285714285581,2.71499999999859,4.01033333333326,-0.252142857142774,241.45,65,16.6157458563536,0
"2094","LITTLE QUALICUM RIVER",2017,2017-07-17,198,47,0,2.11,2.37428571428505,2.60857142857068,3.87166666666647,-0.234285714285631,243.56,66,16.6157458563536,0
"2095","LITTLE QUALICUM RIVER",2017,2017-07-18,199,48,0,1.98,2.26571428571645,2.51071428571595,3.72633333333361,-0.244999999999501,245.54,67,16.6157458563536,0
"2096","LITTLE QUALICUM RIVER",2017,2017-07-19,200,49,0,1.96,2.18714285714252,2.44785714285847,3.57899999999984,-0.260714285715949,247.5,68,16.6157458563536,0
"2097","LITTLE QUALICUM RIVER",2017,2017-07-20,201,50,0,1.93,2.12285714285515,2.38714285714169,3.42899999999984,-0.264285714286546,249.43,69,16.6157458563536,0
"2098","LITTLE QUALICUM RIVER",2017,2017-07-21,202,51,0,2,2.07428571428422,2.33428571428522,3.28599999999957,-0.260000000000998,251.43,70,16.6157458563536,0
"2099","LITTLE QUALICUM RIVER",2017,2017-07-22,203,52,0,2.02,2.03714285714003,2.28142857142666,3.15333333333256,-0.244285714286629,253.45,71,16.6157458563536,0
"2100","LITTLE QUALICUM RIVER",2017,2017-07-23,204,53,0,1.96,1.99428571428871,2.22857142857226,3.02833333333353,-0.234285714283552,255.41,72,16.6157458563536,0
"2101","LITTLE QUALICUM RIVER",2017,2017-07-24,205,54,0,1.93,1.96857142857126,2.17142857142816,2.91099999999957,-0.202857142856893,257.34,73,16.6157458563536,0
"2102","LITTLE QUALICUM RIVER",2017,2017-07-25,206,55,0,1.88,1.95428571428472,2.11000000000058,2.79566666666651,-0.155714285715866,259.22,74,16.6157458563536,0
"2103","LITTLE QUALICUM RIVER",2017,2017-07-26,207,56,0,1.87,1.94142857142807,2.0642857142853,2.69600000000016,-0.122857142857226,261.09,75,16.6157458563536,0
"2104","LITTLE QUALICUM RIVER",2017,2017-07-27,208,57,0,1.84,1.92857142857143,2.02571428571329,2.62133333333283,-0.0971428571418593,262.93,76,16.6157458563536,0
"2105","LITTLE QUALICUM RIVER",2017,2017-07-28,209,58,0,1.75,1.89285714285714,1.98357142857068,2.54500000000019,-0.0907142857135375,264.68,77,16.6157458563536,0
"2106","LITTLE QUALICUM RIVER",2017,2017-07-29,210,59,0,1.63,1.83714285714502,1.93714285714252,2.46833333333295,-0.0999999999975052,266.31,78,16.6157458563536,0
"2107","LITTLE QUALICUM RIVER",2017,2017-07-30,211,60,0,1.59,1.78428571428438,1.88928571428655,2.39400000000023,-0.105000000002162,267.9,79,16.6157458563536,0
"2108","LITTLE QUALICUM RIVER",2017,2017-07-31,212,61,0,1.67,1.74714285714435,1.85785714285781,2.32599999999996,-0.110714285713454,269.57,80,16.6157458563536,0
"2109","LITTLE QUALICUM RIVER",2017,2017-08-01,213,62,0,1.75,1.72857142857226,1.84142857142849,2.26266666666682,-0.112857142856228,271.32,81,16.6157458563536,0
"2110","LITTLE QUALICUM RIVER",2017,2017-08-02,214,63,0,1.74,1.71000000000017,1.82571428571412,2.20066666666632,-0.115714285713953,273.06,82,16.6157458563536,0
"2111","LITTLE QUALICUM RIVER",2017,2017-08-03,215,64,0,1.65,1.68285714285698,1.8057142857142,2.14400000000023,-0.122857142857226,274.71,83,16.6157458563536,0
"2112","LITTLE QUALICUM RIVER",2017,2017-08-04,216,65,0,1.51,1.64857142857259,1.77071428571487,2.09966666666733,-0.122142857142275,276.22,84,16.6157458563536,0
"2113","LITTLE QUALICUM RIVER",2017,2017-08-05,217,66,0,1.56,1.63857142857159,1.73785714285831,2.05899999999965,-0.0992857142867121,277.78,85,16.6157458563536,0
"2114","LITTLE QUALICUM RIVER",2017,2017-08-06,218,67,0,1.54,1.6314285714304,1.70785714285739,2.01900000000023,-0.0764285714269914,279.32,86,16.6157458563536,0
"2115","LITTLE QUALICUM RIVER",2017,2017-08-07,219,68,0,1.54,1.61285714285415,1.67999999999925,1.97833333333256,-0.0671428571451023,280.86,87,16.6157458563536,0
"2116","LITTLE QUALICUM RIVER",2017,2017-08-08,220,69,0,1.54,1.58285714285531,1.65571428571379,1.93966666666674,-0.0728571428584732,282.4,88,16.6157458563536,0
"2117","LITTLE QUALICUM RIVER",2017,2017-08-09,221,70,0,1.51,1.55000000000083,1.6300000000005,1.89900000000004,-0.0799999999996672,283.91,89,16.6157458563536,0
"2118","LITTLE QUALICUM RIVER",2017,2017-08-10,222,71,0,1.49,1.52714285714319,1.60500000000008,1.85733333333337,-0.0778571428568935,285.4,90,16.6157458563536,0
"2119","LITTLE QUALICUM RIVER",2017,2017-08-11,223,72,0,1.5,1.52571428571329,1.58714285714294,1.82366666666639,-0.0614285714296523,286.9,91,16.6157458563536,0
"2120","LITTLE QUALICUM RIVER",2017,2017-08-12,224,73,0,1.45,1.510000000001,1.5742857142863,1.79266666666663,-0.0642857142852984,288.35,92,16.6157458563536,0
"2121","LITTLE QUALICUM RIVER",2017,2017-08-13,225,74,0,1.47,1.5,1.5657142857152,1.76366666666678,-0.0657142857152004,289.82,93,16.6157458563536,0
"2122","LITTLE QUALICUM RIVER",2017,2017-08-14,226,75,0,1.49,1.49285714285881,1.55285714285648,1.73733333333318,-0.0599999999976717,291.31,94,16.6157458563536,0
"2123","LITTLE QUALICUM RIVER",2017,2017-08-15,227,76,0,1.47,1.48285714285781,1.53285714285656,1.71100000000054,-0.0499999999987526,292.78,95,16.6157458563536,0
"2124","LITTLE QUALICUM RIVER",2017,2017-08-16,228,77,0,1.44,1.47285714285681,1.51142857142882,1.68866666666678,-0.0385714285720107,294.22,96,16.6157458563536,0
"2125","LITTLE QUALICUM RIVER",2017,2017-08-17,229,78,0,1.41,1.46142857143007,1.49428571428663,1.66966666666655,-0.0328571428565609,295.63,97,16.6157458563536,0
"2126","LITTLE QUALICUM RIVER",2017,2017-08-18,230,79,0,1.41,1.44857142857342,1.48714285714336,1.6513333333336,-0.0385714285699317,297.04,98,16.6157458563536,0
"2127","LITTLE QUALICUM RIVER",2017,2017-08-19,231,80,0,1.4,1.44142857142807,1.47571428571454,1.63366666666698,-0.0342857142864625,298.44,99,16.6157458563536,0
"2128","LITTLE QUALICUM RIVER",2017,2017-08-20,232,81,0,1.39,1.42999999999717,1.46499999999859,1.61333333333314,-0.0350000000014135,299.83,100,16.6157458563536,0
"2129","LITTLE QUALICUM RIVER",2017,2017-08-21,233,82,0,1.38,1.41428571428488,1.45357142857184,1.59200000000031,-0.0392857142869616,301.21,101,16.6157458563536,0
"2130","LITTLE QUALICUM RIVER",2017,2017-08-22,234,83,0,1.36,1.39857142857259,1.4407142857152,1.57200000000012,-0.0421428571426077,302.57,102,16.6157458563536,0
"2131","LITTLE QUALICUM RIVER",2017,2017-08-23,235,84,0,1.32,1.38142857142624,1.42714285714153,1.55166666666628,-0.0457142857152837,303.89,103,16.6157458563536,0
"2132","LITTLE QUALICUM RIVER",2017,2017-08-24,236,85,0,1.36,1.37428571428505,1.41785714285756,1.53433333333329,-0.0435714285725095,305.25,104,16.6157458563536,0
"2133","LITTLE QUALICUM RIVER",2017,2017-08-25,237,86,0,1.37,1.3685714285696,1.40857142857151,1.51766666666663,-0.0400000000019125,306.62,105,16.6157458563536,0
"2134","LITTLE QUALICUM RIVER",2017,2017-08-26,238,87,0,1.36,1.36285714285415,1.40214285714111,1.50166666666628,-0.0392857142869616,307.98,106,16.6157458563536,0
"2135","LITTLE QUALICUM RIVER",2017,2017-08-27,239,88,0,1.31,1.35142857143157,1.39071428571437,1.4870000000005,-0.0392857142828038,309.29,107,16.6157458563536,0
"2136","LITTLE QUALICUM RIVER",2017,2017-08-28,240,89,0,1.24,1.33142857142957,1.37285714285723,1.47400000000004,-0.0414285714276568,310.53,108,16.6157458563536,0
"2137","LITTLE QUALICUM RIVER",2017,2017-08-29,241,90,0,1.21,1.30999999999767,1.35428571428513,1.46133333333322,-0.0442857142874604,311.74,109,16.6157458563536,0
"2138","LITTLE QUALICUM RIVER",2017,2017-08-30,242,91,0,1.2,1.29285714285964,1.33714285714294,1.44566666666651,-0.0442857142833029,312.94,110,16.6157458563536,0
"2139","LITTLE QUALICUM RIVER",2017,2017-08-31,243,92,0,1.2,1.26999999999784,1.32214285714144,1.4273333333326,-0.0521428571436056,314.14,111,16.6157458563536,0
"2140","LITTLE QUALICUM RIVER",2017,2017-09-01,244,93,0,1.21,1.24714285714435,1.30785714285698,1.40966666666694,-0.0607142857126226,315.35,112,16.6157458563536,0
"2141","LITTLE QUALICUM RIVER",2017,2017-09-02,245,94,0,1.17,1.22000000000116,1.29142857142766,1.39366666666659,-0.0714285714264926,316.52,113,16.6157458563536,0
"2142","LITTLE QUALICUM RIVER",2017,2017-09-03,246,95,0,1.15,1.19714285713936,1.27428571428546,1.38166666666608,-0.0771428571461001,317.67,114,16.6157458563536,0
"2143","LITTLE QUALICUM RIVER",2017,2017-09-04,247,96,0,1.13,1.18142857142707,1.25642857142832,1.36733333333298,-0.0750000000012472,318.8,115,16.6157458563536,0
"2144","LITTLE QUALICUM RIVER",2017,2017-09-05,248,97,0,1.13,1.17000000000033,1.239999999999,1.3536666666662,-0.0699999999986696,319.93,116,16.6157458563536,0
"2145","LITTLE QUALICUM RIVER",2017,2017-09-06,249,98,0,1.15,1.16285714285498,1.22785714285731,1.34066666666671,-0.0650000000023283,321.08,117,16.6157458563536,0
"2146","LITTLE QUALICUM RIVER",2017,2017-09-07,250,99,0,1.16,1.15714285714369,1.21357142857076,1.32799999999988,-0.0564285714270747,322.24,118,16.6157458563536,0
"2147","LITTLE QUALICUM RIVER",2017,2017-09-08,251,100,0,1.2,1.15571428571379,1.20142857142907,1.31766666666663,-0.0457142857152837,323.44,119,16.6157458563536,0
"2148","LITTLE QUALICUM RIVER",2017,2017-09-09,252,101,0,1.26,1.16857142857043,1.1942857142858,1.30999999999961,-0.0257142857153667,324.7,120,16.6157458563536,0
"2149","LITTLE QUALICUM RIVER",2017,2017-09-10,253,102,0,1.3,1.19000000000233,1.19357142857085,1.30333333333353,-0.00357142856851822,326,121,16.6157458563536,0
"2150","LITTLE QUALICUM RIVER",2017,2017-09-11,254,103,0,1.22,1.20285714285897,1.19214285714302,1.29566666666651,0.0107142857159488,327.22,122,16.6157458563536,0
"2151","LITTLE QUALICUM RIVER",2017,2017-09-12,255,104,0,1.15,1.20571428571462,1.18785714285748,1.28499999999961,0.0178571428571428,328.37,123,16.6157458563536,0
"2152","LITTLE QUALICUM RIVER",2017,2017-09-13,256,105,1,1.18,1.21000000000017,1.18642857142757,1.27466666666636,0.0235714285725928,329.55,124,16.6157458563536,0
"2153","LITTLE QUALICUM RIVER",2019,2019-06-01,152,1,0,2.46,3.11000000000266,3.92571428571578,4.62733333333357,-0.815714285713121,2.46,42,11.1642541436464,0
"2154","LITTLE QUALICUM RIVER",2019,2019-06-02,153,2,0,2.44,2.90999999999933,3.70428571428472,4.52299999999911,-0.794285714285381,4.9,43,11.1642541436464,0
"2155","LITTLE QUALICUM RIVER",2019,2019-06-03,154,3,0,2.4,2.72857142857226,3.49214285714385,4.43066666666709,-0.763571428571595,7.3,44,11.1642541436464,0
"2156","LITTLE QUALICUM RIVER",2019,2019-06-04,155,4,0,2.3,2.57142857142857,3.29428571428538,4.33499999999961,-0.72285714285681,9.6,45,11.1642541436464,0
"2157","LITTLE QUALICUM RIVER",2019,2019-06-05,156,5,0,2.23,2.43857142857243,3.10785714285781,4.24400000000023,-0.669285714285381,11.83,46,11.1642541436464,0
"2158","LITTLE QUALICUM RIVER",2019,2019-06-06,157,6,0,2.26,2.3699999999995,2.95428571428472,4.15599999999977,-0.584285714285215,14.09,47,11.1642541436464,0
"2159","LITTLE QUALICUM RIVER",2019,2019-06-07,158,7,0,2.14,2.31857142857293,2.82071428571362,4.08033333333345,-0.502142857140695,16.23,48,11.1642541436464,0
"2160","LITTLE QUALICUM RIVER",2019,2019-06-08,159,8,0,2,2.25285714285565,2.68142857142915,4.02433333333368,-0.428571428573508,18.23,49,11.1642541436464,0
"2161","LITTLE QUALICUM RIVER",2019,2019-06-09,160,9,0,2,2.19000000000233,2.55000000000083,3.95066666666632,-0.359999999998503,20.23,50,11.1642541436464,0
"2162","LITTLE QUALICUM RIVER",2019,2019-06-10,161,10,0,1.99,2.13142857142624,2.42999999999925,3.85966666666694,-0.298571428573008,22.22,51,11.1642541436464,0
"2163","LITTLE QUALICUM RIVER",2019,2019-06-11,162,11,0,1.97,2.08428571428522,2.32785714285689,3.76166666666686,-0.243571428571678,24.19,52,11.1642541436464,0
"2164","LITTLE QUALICUM RIVER",2019,2019-06-12,163,12,0,1.96,2.04571428571113,2.24214285714178,3.66333333333314,-0.19642857143065,26.15,53,11.1642541436464,0
"2165","LITTLE QUALICUM RIVER",2019,2019-06-13,164,13,0,1.93,1.99857142857426,2.18428571428688,3.53000000000078,-0.185714285712623,28.08,54,11.1642541436464,0
"2166","LITTLE QUALICUM RIVER",2019,2019-06-14,165,14,0,1.94,1.97000000000116,2.14428571428704,3.37433333333368,-0.17428571428588,30.02,55,11.1642541436464,0
"2167","LITTLE QUALICUM RIVER",2019,2019-06-15,166,15,0,1.89,1.95428571428472,2.10357142857018,3.22000000000019,-0.149285714285465,31.91,56,11.1642541436464,0
"2168","LITTLE QUALICUM RIVER",2019,2019-06-16,167,16,0,1.87,1.93571428571262,2.06285714285748,3.06933333333291,-0.127142857144853,33.78,57,11.1642541436464,0
"2169","LITTLE QUALICUM RIVER",2019,2019-06-17,168,17,0,1.87,1.91857142857043,2.02499999999834,2.93833333333314,-0.106428571427906,35.65,58,11.1642541436464,0
"2170","LITTLE QUALICUM RIVER",2019,2019-06-18,169,18,0,1.82,1.89714285714269,1.99071428571395,2.8143333333331,-0.0935714285712621,37.47,59,11.1642541436464,0
"2171","LITTLE QUALICUM RIVER",2019,2019-06-19,170,19,0,1.89,1.88714285714585,1.96642857142849,2.69833333333372,-0.0792857142826378,39.36,60,11.1642541436464,0
"2172","LITTLE QUALICUM RIVER",2019,2019-06-20,171,20,0,2.15,1.91857142857043,1.95857142857234,2.60099999999996,-0.0400000000019125,41.51,61,11.1642541436464,0
"2173","LITTLE QUALICUM RIVER",2019,2019-06-21,172,21,0,2.01,1.92857142857143,1.9492857142863,2.50666666666705,-0.0207142857148677,43.52,62,11.1642541436464,0
"2174","LITTLE QUALICUM RIVER",2019,2019-06-22,173,22,0,1.92,1.93285714285698,1.94357142857085,2.42366666666639,-0.01071428571387,45.44,63,11.1642541436464,0
"2175","LITTLE QUALICUM RIVER",2019,2019-06-23,174,23,0,1.92,1.94000000000233,1.93785714285748,2.35399999999984,0.00214285714485274,47.36,64,11.1642541436464,0
"2176","LITTLE QUALICUM RIVER",2019,2019-06-24,175,24,0,1.84,1.93571428571678,1.92714285714361,2.28366666666698,0.00857142857317483,49.2,65,11.1642541436464,0
"2177","LITTLE QUALICUM RIVER",2019,2019-06-25,176,25,0,1.7,1.91857142857043,1.90785714285656,2.21233333333318,0.01071428571387,50.9,66,11.1642541436464,0
"2178","LITTLE QUALICUM RIVER",2019,2019-06-26,177,26,0,1.67,1.88714285714169,1.88714285714377,2.14566666666651,-2.07878159130814e-12,52.57,67,11.1642541436464,0
"2179","LITTLE QUALICUM RIVER",2019,2019-06-27,178,27,0,1.88,1.84857142857176,1.8835714285711,2.09500000000019,-0.0349999999993349,54.45,68,11.1642541436464,0
"2180","LITTLE QUALICUM RIVER",2019,2019-06-28,179,28,0,1.87,1.82857142856977,1.8785714285706,2.05199999999992,-0.0500000000008316,56.32,69,11.1642541436464,0
"2181","LITTLE QUALICUM RIVER",2019,2019-06-29,180,29,0,1.77,1.80714285714203,1.8699999999995,2.01966666666655,-0.0628571428574756,58.09,70,11.1642541436464,0
"2182","LITTLE QUALICUM RIVER",2019,2019-06-30,181,30,0,1.7,1.77571428571329,1.85785714285781,1.99300000000027,-0.0821428571445202,59.79,71,11.1642541436464,0
"2183","LITTLE QUALICUM RIVER",2019,2019-07-01,182,31,0,1.66,1.75,1.84285714285839,1.96633333333302,-0.0928571428583902,61.45,72,11.1642541436464,0
"2184","LITTLE QUALICUM RIVER",2019,2019-07-02,183,32,0,1.63,1.74000000000316,1.8292857142868,1.93933333333407,-0.0892857142836354,63.08,73,11.1642541436464,0
"2185","LITTLE QUALICUM RIVER",2019,2019-07-03,184,33,0,1.63,1.73428571428771,1.8107142857147,1.91366666666678,-0.0764285714269914,64.71,74,11.1642541436464,0
"2186","LITTLE QUALICUM RIVER",2019,2019-07-04,185,34,0,1.64,1.69999999999917,1.77428571428546,1.89166666666667,-0.0742857142862965,66.35,75,11.1642541436464,0
"2187","LITTLE QUALICUM RIVER",2019,2019-07-05,186,35,0,1.66,1.67000000000033,1.74928571428505,1.87266666666643,-0.0792857142847165,68.01,76,11.1642541436464,0
"2188","LITTLE QUALICUM RIVER",2019,2019-07-06,187,36,0,1.68,1.65714285714369,1.73214285714286,1.85333333333353,-0.0749999999991686,69.69,77,11.1642541436464,0
"2189","LITTLE QUALICUM RIVER",2019,2019-07-07,188,37,0,1.72,1.65999999999933,1.71785714285631,1.8393333333331,-0.0578571428569767,71.41,78,11.1642541436464,0
"2190","LITTLE QUALICUM RIVER",2019,2019-07-08,189,38,0,1.69,1.66428571428488,1.70714285714244,1.82899999999984,-0.0428571428575586,73.1,79,11.1642541436464,0
"2191","LITTLE QUALICUM RIVER",2019,2019-07-09,190,39,0,1.67,1.67000000000033,1.70500000000175,1.81800000000027,-0.0350000000014137,74.77,80,11.1642541436464,0
"2192","LITTLE QUALICUM RIVER",2019,2019-07-10,191,40,0,1.86,1.70285714285481,1.71857142857126,1.81366666666678,-0.0157142857164478,76.63,81,11.1642541436464,0
"2193","LITTLE QUALICUM RIVER",2019,2019-07-11,192,41,0,1.91,1.7414285714289,1.72071428571404,1.81166666666686,0.0207142857148677,78.54,82,11.1642541436464,0
"2194","LITTLE QUALICUM RIVER",2019,2019-07-12,193,42,0,1.8,1.76142857142674,1.71571428571354,1.80633333333341,0.0457142857132049,80.34,83,11.1642541436464,0
"2195","LITTLE QUALICUM RIVER",2019,2019-07-13,194,43,0,1.73,1.76857142857209,1.71285714285789,1.79966666666636,0.0557142857142026,82.07,84,11.1642541436464,0
"2196","LITTLE QUALICUM RIVER",2019,2019-07-14,195,44,0,1.67,1.7614285714309,1.71071428571512,1.79066666666671,0.0507142857157825,83.74,85,11.1642541436464,0
"2197","LITTLE QUALICUM RIVER",2019,2019-07-15,196,45,0,1.66,1.75714285714119,1.71071428571304,1.78299999999969,0.0464285714281556,85.4,86,11.1642541436464,0
"2198","LITTLE QUALICUM RIVER",2019,2019-07-16,197,46,0,1.69,1.75999999999684,1.71499999999859,1.77699999999992,0.0449999999982538,87.09,87,11.1642541436464,0
"2199","LITTLE QUALICUM RIVER",2019,2019-07-17,198,47,0,1.67,1.73285714285781,1.71785714285631,1.77033333333384,0.0150000000014967,88.76,88,11.1642541436464,0
"2200","LITTLE QUALICUM RIVER",2019,2019-07-18,199,48,0,1.72,1.70571428571462,1.72357142857176,1.76700000000031,-0.0178571428571428,90.48,89,11.1642541436464,0
"2201","LITTLE QUALICUM RIVER",2019,2019-07-19,200,49,0,1.9,1.72000000000116,1.74071428571395,1.76733333333298,-0.0207142857127889,92.38,90,11.1642541436464,0
"2202","LITTLE QUALICUM RIVER",2019,2019-07-20,201,50,0,1.81,1.73142857142791,1.75,1.75599999999977,-0.0185714285720937,94.19,91,11.1642541436464,0
"2203","LITTLE QUALICUM RIVER",2019,2019-07-21,202,51,0,1.73,1.739999999999,1.75071428571495,1.74666666666647,-0.0107142857159488,95.92,92,11.1642541436464,0
"2204","LITTLE QUALICUM RIVER",2019,2019-07-22,203,52,0,1.66,1.74000000000316,1.74857142857218,1.73800000000047,-0.00857142856901705,97.58,93,11.1642541436464,0
"2205","LITTLE QUALICUM RIVER",2019,2019-07-23,204,53,0,1.64,1.73285714285781,1.74642857142732,1.7286666666662,-0.0135714285695161,99.22,94,11.1642541436464,0
"2206","LITTLE QUALICUM RIVER",2019,2019-07-24,205,54,0,1.64,1.72857142857226,1.73071428571503,1.72200000000012,-0.00214285714277396,100.86,95,11.1642541436464,0
"2207","LITTLE QUALICUM RIVER",2019,2019-07-25,206,55,0,1.61,1.71285714285581,1.70928571428522,1.71900000000023,0.003571428570597,102.47,96,11.1642541436464,0
"2208","LITTLE QUALICUM RIVER",2019,2019-07-26,207,56,0,1.6,1.67000000000033,1.69500000000075,1.71666666666667,-0.0250000000004158,104.07,97,11.1642541436464,0
"2209","LITTLE QUALICUM RIVER",2019,2019-07-27,208,57,0,1.58,1.63714285714169,1.6842857142848,1.70666666666608,-0.0471428571431065,105.65,98,11.1642541436464,0
"2210","LITTLE QUALICUM RIVER",2019,2019-07-28,209,58,0,1.59,1.61714285714386,1.67857142857143,1.69733333333376,-0.0614285714275735,107.24,99,11.1642541436464,0
"2211","LITTLE QUALICUM RIVER",2019,2019-07-29,210,59,0,1.57,1.60428571428305,1.67214285714311,1.69066666666671,-0.0678571428600532,108.81,100,11.1642541436464,0
"2212","LITTLE QUALICUM RIVER",2019,2019-07-30,211,60,0,1.58,1.59571428571612,1.66428571428696,1.68666666666686,-0.0685714285708465,110.39,101,11.1642541436464,0
"2213","LITTLE QUALICUM RIVER",2019,2019-07-31,212,61,0,1.63,1.59428571428621,1.66142857142924,1.6856666666669,-0.0671428571430235,112.02,102,11.1642541436464,0
"2214","LITTLE QUALICUM RIVER",2019,2019-08-01,213,62,0,1.86,1.6300000000005,1.67142857142816,1.69333333333295,-0.0414285714276568,113.88,103,11.1642541436464,0
"2215","LITTLE QUALICUM RIVER",2019,2019-08-02,214,63,0,3.16,1.85285714285731,1.76142857142882,1.74433333333291,0.0914285714284881,117.04,104,11.1642541436464,0
"2216","LITTLE QUALICUM RIVER",2019,2019-08-03,215,64,0,2.4,1.97000000000116,1.80357142857143,1.76966666666655,0.166428571429736,119.44,105,11.1642541436464,0
"2217","LITTLE QUALICUM RIVER",2019,2019-08-04,216,65,0,2.13,2.04714285714103,1.83214285714244,1.78533333333326,0.214999999998587,121.57,106,11.1642541436464,0
"2218","LITTLE QUALICUM RIVER",2019,2019-08-05,217,66,0,2.04,2.11428571428821,1.85928571428563,1.79733333333376,0.255000000002578,123.61,107,11.1642541436464,0
"2219","LITTLE QUALICUM RIVER",2019,2019-08-06,218,67,0,1.98,2.17142857142608,1.8835714285711,1.80599999999977,0.287857142854981,125.59,108,11.1642541436464,0
"2220","LITTLE QUALICUM RIVER",2019,2019-08-07,219,68,0,1.94,2.21571428571146,1.90499999999884,1.8143333333331,0.310714285712623,127.53,109,11.1642541436464,0
"2221","LITTLE QUALICUM RIVER",2019,2019-08-08,220,69,0,1.89,2.22000000000116,1.92500000000083,1.82166666666647,0.295000000000333,129.42,110,11.1642541436464,0
"2222","LITTLE QUALICUM RIVER",2019,2019-08-09,221,70,0,1.86,2.03428571428438,1.94357142857085,1.82166666666647,0.0907142857135372,131.28,111,11.1642541436464,0
"2223","LITTLE QUALICUM RIVER",2019,2019-08-10,222,71,0,1.84,1.95428571428472,1.96214285714294,1.81933333333291,-0.0078571428582237,133.12,112,11.1642541436464,0
"2224","LITTLE QUALICUM RIVER",2019,2019-08-11,223,72,0,1.84,1.91285714285914,1.98000000000008,1.82066666666748,-0.0671428571409447,134.96,113,11.1642541436464,0
"2225","LITTLE QUALICUM RIVER",2019,2019-08-12,224,73,0,1.79,1.8771428571407,1.99571428571445,1.82266666666643,-0.118571428573757,136.75,114,11.1642541436464,0
"2226","LITTLE QUALICUM RIVER",2019,2019-08-13,225,74,0,1.83,1.85571428571711,2.01357142857159,1.82799999999988,-0.157857142854482,138.58,115,11.1642541436464,0
"2227","LITTLE QUALICUM RIVER",2019,2019-08-14,226,75,0,1.87,1.84571428571612,2.03071428571379,1.83500000000058,-0.184999999997672,140.45,116,11.1642541436464,0
"2228","LITTLE QUALICUM RIVER",2019,2019-08-15,227,76,0,1.81,1.83428571428522,2.02714285714319,1.83900000000043,-0.192857142857974,142.26,117,11.1642541436464,0
"2229","LITTLE QUALICUM RIVER",2019,2019-08-16,228,77,0,1.81,1.82714285714402,1.9307142857142,1.84366666666659,-0.103571428570181,144.07,118,11.1642541436464,0
"2230","LITTLE QUALICUM RIVER",2019,2019-08-17,229,78,0,1.78,1.81857142857293,1.88642857142882,1.84566666666651,-0.0678571428558956,145.85,119,11.1642541436464,0
"2231","LITTLE QUALICUM RIVER",2019,2019-08-18,230,79,0,1.77,1.80857142856777,1.86071428571345,1.84133333333302,-0.0521428571456843,147.62,120,11.1642541436464,0
"2232","LITTLE QUALICUM RIVER",2019,2019-08-19,231,80,0,1.76,1.80428571428638,1.84071428571354,1.83966666666674,-0.0364285714271577,149.38,121,11.1642541436464,0
"2233","LITTLE QUALICUM RIVER",2019,2019-08-20,232,81,0,1.74,1.79142857142558,1.82357142857135,1.83999999999942,-0.0321428571457674,151.12,122,11.1642541436464,0
"2234","LITTLE QUALICUM RIVER",2019,2019-08-21,233,82,0,1.72,1.76999999999784,1.80785714285698,1.84199999999934,-0.0378571428591385,152.84,123,11.1642541436464,0
"2235","LITTLE QUALICUM RIVER",2019,2019-08-22,234,83,0,1.73,1.7585714285711,1.79642857142816,1.84500000000019,-0.0378571428570595,154.57,124,11.1642541436464,0
"2236","LITTLE QUALICUM RIVER",2019,2019-08-23,235,84,0,1.74,1.7485714285701,1.78785714285706,1.84833333333275,-0.0392857142869616,156.31,125,11.1642541436464,0
"2237","LITTLE QUALICUM RIVER",2019,2019-08-24,236,85,0,1.72,1.739999999999,1.77928571428596,1.85199999999992,-0.0392857142869616,158.03,126,11.1642541436464,0
"2238","LITTLE QUALICUM RIVER",2019,2019-08-25,237,86,0,1.69,1.72857142857226,1.76857142857001,1.85499999999981,-0.0399999999977547,159.72,127,11.1642541436464,0
"2239","LITTLE QUALICUM RIVER",2019,2019-08-26,238,87,0,1.67,1.71571428571562,1.760000000001,1.85800000000066,-0.0442857142853816,161.39,128,11.1642541436464,0
"2240","LITTLE QUALICUM RIVER",2019,2019-08-27,239,88,0,1.65,1.70285714285897,1.74714285714228,1.85999999999961,-0.0442857142833029,163.04,129,11.1642541436464,0
"2241","LITTLE QUALICUM RIVER",2019,2019-08-28,240,89,0,1.61,1.68714285714252,1.72857142857018,1.86133333333322,-0.0414285714276568,164.65,130,11.1642541436464,0
"2242","LITTLE QUALICUM RIVER",2019,2019-08-29,241,90,0,1.61,1.67000000000033,1.71428571428571,1.86233333333318,-0.0442857142853816,166.26,131,11.1642541436464,0
"2243","LITTLE QUALICUM RIVER",2019,2019-08-30,242,91,0,1.62,1.65285714285814,1.70071428571412,1.86199999999953,-0.0478571428559786,167.88,132,11.1642541436464,0
"2244","LITTLE QUALICUM RIVER",2019,2019-08-31,243,92,0,1.62,1.63857142857159,1.6892857142853,1.85399999999984,-0.0507142857137037,169.5,133,11.1642541436464,0
"2245","LITTLE QUALICUM RIVER",2019,2019-09-01,244,93,0,1.67,1.63571428571595,1.6821428571441,1.80433333333349,-0.0464285714281556,171.17,134,11.1642541436464,0
"2246","LITTLE QUALICUM RIVER",2019,2019-09-02,245,94,0,1.65,1.63285714285614,1.67428571428588,1.77933333333349,-0.0414285714297358,172.82,135,11.1642541436464,0
"2247","LITTLE QUALICUM RIVER",2019,2019-09-03,246,95,0,1.61,1.6271428571407,1.66499999999983,1.76199999999953,-0.0378571428591385,174.43,136,11.1642541436464,0
"2248","LITTLE QUALICUM RIVER",2019,2019-09-04,247,96,0,1.58,1.6228571428593,1.65500000000091,1.74666666666647,-0.0321428571416098,176.01,137,11.1642541436464,0
"2249","LITTLE QUALICUM RIVER",2019,2019-09-05,248,97,0,1.57,1.61714285714386,1.64357142857209,1.73300000000066,-0.0264285714282386,177.58,138,11.1642541436464,0
"2250","LITTLE QUALICUM RIVER",2019,2019-09-06,249,98,0,1.54,1.60571428571296,1.62928571428555,1.71966666666655,-0.0235714285725928,179.12,139,11.1642541436464,0
"2251","LITTLE QUALICUM RIVER",2019,2019-09-07,250,99,0,1.54,1.59428571428621,1.6164285714289,1.70799999999969,-0.0221428571426907,180.66,140,11.1642541436464,0
"2252","LITTLE QUALICUM RIVER",2019,2019-09-08,251,100,0,1.55,1.57714285714402,1.60642857142999,1.6976666666674,-0.0292857142859637,182.21,141,11.1642541436464,0
"2253","LITTLE QUALICUM RIVER",2019,2019-09-09,252,101,0,1.61,1.57142857142857,1.60214285714236,1.69000000000039,-0.0307142857137868,183.82,142,11.1642541436464,0
"2254","LITTLE QUALICUM RIVER",2019,2019-09-10,253,102,0,1.56,1.56428571428738,1.59571428571404,1.68066666666612,-0.0314285714266589,185.38,143,11.1642541436464,0
"2255","LITTLE QUALICUM RIVER",2019,2019-09-11,254,103,0,1.57,1.56285714285748,1.59285714285839,1.67333333333372,-0.0300000000009146,186.95,144,11.1642541436464,0
"2256","LITTLE QUALICUM RIVER",2019,2019-09-12,255,104,1,1.75,1.58857142857076,1.60285714285731,1.67066666666651,-0.0142857142865458,188.7,145,11.1642541436464,0
"2257","LITTLE QUALICUM RIVER",2020,2020-05-31,152,1,0,4.92,5.42428571428588,6.35428571428513,8.32400000000004,-0.929999999999252,4.92,109,15.4281215469613,0
"2258","LITTLE QUALICUM RIVER",2020,2020-06-01,153,2,0,4.74,5.2414285714289,6.02857142857309,8.12866666666717,-0.787142857144188,9.66,110,15.4281215469613,0
"2259","LITTLE QUALICUM RIVER",2020,2020-06-02,154,3,0,4.72,5.010000000001,5.73785714285831,7.90933333333329,-0.727857142857309,14.38,111,15.4281215469613,0
"2260","LITTLE QUALICUM RIVER",2020,2020-06-03,155,4,0,4.55,4.81428571428738,5.47285714285681,7.69433333333291,-0.658571428569433,18.93,112,15.4281215469613,0
"2261","LITTLE QUALICUM RIVER",2020,2020-06-04,156,5,0,4.44,4.73857142857326,5.24571428571445,7.49900000000004,-0.507142857141194,23.37,113,15.4281215469613,0
"2262","LITTLE QUALICUM RIVER",2020,2020-06-05,157,6,0,4.35,4.66857142857459,5.10071428571454,7.31333333333411,-0.432142857139947,27.72,114,15.4281215469613,0
"2263","LITTLE QUALICUM RIVER",2020,2020-06-06,158,7,0,4.34,4.57999999999967,5.04285714285756,7.14433333333388,-0.462857142857891,32.06,115,15.4281215469613,0
"2264","LITTLE QUALICUM RIVER",2020,2020-06-07,159,8,0,4.41,4.50714285714535,4.96571428571562,6.99166666666667,-0.458571428570264,36.47,116,15.4281215469613,0
"2265","LITTLE QUALICUM RIVER",2020,2020-06-08,160,9,0,4.5,4.47285714285681,4.85714285714286,6.83933333333407,-0.384285714286047,40.97,117,15.4281215469613,0
"2266","LITTLE QUALICUM RIVER",2020,2020-06-09,161,10,0,4.68,4.46714285714136,4.73857142857118,6.68199999999973,-0.271428571429818,45.65,118,15.4281215469613,0
"2267","LITTLE QUALICUM RIVER",2020,2020-06-10,162,11,0,4.87,4.51285714285664,4.66357142857201,6.52233333333279,-0.150714285715367,50.52,119,15.4281215469613,0
"2268","LITTLE QUALICUM RIVER",2020,2020-06-11,163,12,0,4.92,4.58142857142957,4.66000000000141,6.31633333333399,-0.078571428571844,55.44,120,15.4281215469613,0
"2269","LITTLE QUALICUM RIVER",2020,2020-06-12,164,13,0,5.37,4.72714285714236,4.69785714285847,6.11866666666659,0.0292857142838852,60.81,121,15.4281215469613,0
"2270","LITTLE QUALICUM RIVER",2020,2020-06-13,165,14,0,5.39,4.8771428571407,4.72857142857018,5.95166666666628,0.148571428570514,66.2,122,15.4281215469613,0
"2271","LITTLE QUALICUM RIVER",2020,2020-06-14,166,15,0,5.54,5.03857142856993,4.77285714285764,5.81833333333295,0.26571428571229,71.74,123,15.4281215469613,0
"2272","LITTLE QUALICUM RIVER",2020,2020-06-15,167,16,0,5.57,5.19142857142807,4.83214285714244,5.69766666666643,0.35928571428563,77.31,124,15.4281215469613,0
"2273","LITTLE QUALICUM RIVER",2020,2020-06-16,168,17,0,5.39,5.29285714285548,4.87999999999842,5.55799999999969,0.41285714285706,82.7,125,15.4281215469613,0
"2274","LITTLE QUALICUM RIVER",2020,2020-06-17,169,18,0,5.13,5.32999999999967,4.92142857142816,5.41900000000023,0.408571428571511,87.83,126,15.4281215469613,0
"2275","LITTLE QUALICUM RIVER",2020,2020-06-18,170,19,0,4.92,5.32999999999967,4.95571428571462,5.29000000000039,0.374285714285048,92.75,127,15.4281215469613,0
"2276","LITTLE QUALICUM RIVER",2020,2020-06-19,171,20,0,4.78,5.24571428571445,4.98642857142841,5.17400000000004,0.259285714286047,97.53,128,15.4281215469613,0
"2277","LITTLE QUALICUM RIVER",2020,2020-06-20,172,21,0,4.72,5.15000000000249,5.01357142857159,5.07733333333357,0.136428571430899,102.25,129,15.4281215469613,0
"2278","LITTLE QUALICUM RIVER",2020,2020-06-21,173,22,0,4.69,5.02857142857309,5.03357142857151,5.02100000000016,-0.00499999999841982,106.94,130,15.4281215469613,0
"2279","LITTLE QUALICUM RIVER",2020,2020-06-22,174,23,0,4.5,4.87571428571495,5.03357142857151,4.99933333333368,-0.157857142856561,111.44,131,15.4281215469613,0
"2280","LITTLE QUALICUM RIVER",2020,2020-06-23,175,24,0,4.39,4.73285714285781,5.01285714285664,4.96266666666682,-0.279999999998836,115.83,132,15.4281215469613,0
"2281","LITTLE QUALICUM RIVER",2020,2020-06-24,176,25,0,4.75,4.67857142857143,5.00428571428555,4.92033333333287,-0.32571428571412,120.58,133,15.4281215469613,0
"2282","LITTLE QUALICUM RIVER",2020,2020-06-25,177,26,0,4.61,4.63428571428605,4.98214285714286,4.86266666666682,-0.34785714285681,125.19,134,15.4281215469613,0
"2283","LITTLE QUALICUM RIVER",2020,2020-06-26,178,27,0,4.45,4.58714285714086,4.91642857142766,4.81366666666678,-0.329285714286796,129.64,135,15.4281215469613,0
"2284","LITTLE QUALICUM RIVER",2020,2020-06-27,179,28,0,4.31,4.52857142856893,4.83928571428571,4.79166666666667,-0.310714285716781,133.95,136,15.4281215469613,0
"2285","LITTLE QUALICUM RIVER",2020,2020-06-28,180,29,0,4.13,4.44857142856927,4.73857142857118,4.76800000000027,-0.290000000001912,138.08,137,15.4281215469613,0
"2286","LITTLE QUALICUM RIVER",2020,2020-06-29,181,30,0,3.98,4.37428571428505,4.625,4.73533333333326,-0.250714285714951,142.06,138,15.4281215469613,0
"2287","LITTLE QUALICUM RIVER",2020,2020-06-30,182,31,0,3.94,4.31000000000183,4.52142857142982,4.70266666666721,-0.211428571427989,146,139,15.4281215469613,0
"2288","LITTLE QUALICUM RIVER",2020,2020-07-01,183,32,0,3.84,4.18000000000133,4.42928571428638,4.67266666666643,-0.249285714285049,149.84,140,15.4281215469613,0
"2289","LITTLE QUALICUM RIVER",2020,2020-07-02,184,33,0,3.78,4.06142857142757,4.34785714285681,4.64133333333302,-0.286428571429236,153.62,141,15.4281215469613,0
"2290","LITTLE QUALICUM RIVER",2020,2020-07-03,185,34,0,3.85,3.97571428571661,4.28142857142874,4.61800000000027,-0.305714285712124,157.47,142,15.4281215469613,0
"2291","LITTLE QUALICUM RIVER",2020,2020-07-04,186,35,0,3.86,3.91142857142924,4.21999999999908,4.59866666666639,-0.308571428569848,161.33,143,15.4281215469613,0
"2292","LITTLE QUALICUM RIVER",2020,2020-07-05,187,36,0,3.7,3.85000000000166,4.14928571428546,4.57699999999992,-0.299285714283801,165.03,144,15.4281215469613,0
"2293","LITTLE QUALICUM RIVER",2020,2020-07-06,188,37,0,3.63,3.80000000000083,4.08714285714294,4.55333333333353,-0.287142857142109,168.66,145,15.4281215469613,0
"2294","LITTLE QUALICUM RIVER",2020,2020-07-07,189,38,0,3.63,3.75571428571129,4.03285714285656,4.5273333333326,-0.277142857145269,172.29,146,15.4281215469613,0
"2295","LITTLE QUALICUM RIVER",2020,2020-07-08,190,39,0,3.58,3.71857142857126,3.9492857142863,4.49666666666647,-0.230714285715034,175.87,147,15.4281215469613,0
"2296","LITTLE QUALICUM RIVER",2020,2020-07-09,191,40,0,3.54,3.68428571428688,3.87285714285723,4.45866666666698,-0.188571428570347,179.41,148,15.4281215469613,0
"2297","LITTLE QUALICUM RIVER",2020,2020-07-10,192,41,0,3.49,3.63285714285615,3.80428571428638,4.41266666666682,-0.171428571430234,182.9,149,15.4281215469613,0
"2298","LITTLE QUALICUM RIVER",2020,2020-07-11,193,42,0,3.48,3.57857142857392,3.74500000000158,4.36466666666674,-0.166428571427657,186.38,150,15.4281215469613,0
"2299","LITTLE QUALICUM RIVER",2020,2020-07-12,194,43,0,3.42,3.53857142856993,3.6942857142858,4.29966666666636,-0.155714285715866,189.8,151,15.4281215469613,0
"2300","LITTLE QUALICUM RIVER",2020,2020-07-13,195,44,0,3.21,3.4785714285681,3.63928571428447,4.22699999999992,-0.160714285716364,193.01,152,15.4281215469613,0
"2301","LITTLE QUALICUM RIVER",2020,2020-07-14,196,45,0,2.86,3.36857142857376,3.56214285714252,4.13766666666682,-0.193571428568768,195.87,153,15.4281215469613,0
"2302","LITTLE QUALICUM RIVER",2020,2020-07-15,197,46,0,2.78,3.25428571428555,3.48642857142841,4.04466666666655,-0.232142857142857,198.65,154,15.4281215469613,0
"2303","LITTLE QUALICUM RIVER",2020,2020-07-16,198,47,0,2.72,3.13714285714169,3.41071428571429,3.95566666666709,-0.273571428572593,201.37,155,15.4281215469613,0
"2304","LITTLE QUALICUM RIVER",2020,2020-07-17,199,48,0,2.62,3.01285714285664,3.32285714285639,3.87200000000012,-0.309999999999751,203.99,156,15.4281215469613,0
"2305","LITTLE QUALICUM RIVER",2020,2020-07-18,200,49,0,2.59,2.88571428571179,3.23214285714286,3.79433333333291,-0.346428571431066,206.58,157,15.4281215469613,0
"2306","LITTLE QUALICUM RIVER",2020,2020-07-19,201,50,0,2.55,2.7614285714309,3.15000000000042,3.72000000000019,-0.388571428569516,209.13,158,15.4281215469613,0
"2307","LITTLE QUALICUM RIVER",2020,2020-07-20,202,51,0,2.4,2.64571428571695,3.06214285714252,3.64266666666663,-0.416428571425578,211.53,159,15.4281215469613,0
"2308","LITTLE QUALICUM RIVER",2020,2020-07-21,203,52,0,2.06,2.53142857142874,2.95000000000125,3.55499999999981,-0.41857142857251,213.59,160,15.4281215469613,0
"2309","LITTLE QUALICUM RIVER",2020,2020-07-22,204,53,0,2.03,2.42428571428588,2.83928571428571,3.47266666666643,-0.414999999999834,215.62,161,15.4281215469613,0
"2310","LITTLE QUALICUM RIVER",2020,2020-07-23,205,54,0,1.96,2.31571428571312,2.72642857142741,3.39166666666667,-0.410714285714286,217.58,162,15.4281215469613,0
"2311","LITTLE QUALICUM RIVER",2020,2020-07-24,206,55,0,1.8,2.19857142857342,2.60571428571503,3.29333333333392,-0.40714285714161,219.38,163,15.4281215469613,0
"2312","LITTLE QUALICUM RIVER",2020,2020-07-25,207,56,0,1.79,2.08428571428522,2.4849999999985,3.19933333333271,-0.400714285713288,221.17,164,15.4281215469613,0
"2313","LITTLE QUALICUM RIVER",2020,2020-07-26,208,57,0,1.76,1.97142857142691,2.3664285714289,3.10966666666694,-0.395000000001996,222.93,165,15.4281215469613,0
"2314","LITTLE QUALICUM RIVER",2020,2020-07-27,209,58,0,1.73,1.87571428571495,2.26071428571595,3.02366666666737,-0.385000000000998,224.66,166,15.4281215469613,0
"2315","LITTLE QUALICUM RIVER",2020,2020-07-28,210,59,0,1.75,1.83142857142957,2.18142857142915,2.94433333333388,-0.349999999999584,226.41,167,15.4281215469613,0
"2316","LITTLE QUALICUM RIVER",2020,2020-07-29,211,60,0,1.69,1.78285714285864,2.10357142857226,2.86800000000027,-0.32071428571362,228.1,168,15.4281215469613,0
"2317","LITTLE QUALICUM RIVER",2020,2020-07-30,212,61,0,1.66,1.739999999999,2.02785714285606,2.79199999999934,-0.28785714285706,229.76,169,15.4281215469613,0
"2318","LITTLE QUALICUM RIVER",2020,2020-07-31,213,62,0,1.64,1.71714285714136,1.95785714285739,2.71866666666659,-0.240714285716032,231.4,170,15.4281215469613,0
"2319","LITTLE QUALICUM RIVER",2020,2020-08-01,214,63,0,1.62,1.69285714285797,1.88857142857159,2.64666666666647,-0.19571428571362,233.02,171,15.4281215469613,0
"2320","LITTLE QUALICUM RIVER",2020,2020-08-02,215,64,0,1.61,1.67142857143023,1.82142857142857,2.57200000000012,-0.149999999998337,234.63,172,15.4281215469613,0
"2321","LITTLE QUALICUM RIVER",2020,2020-08-03,216,65,0,1.61,1.65428571428388,1.76499999999942,2.49700000000012,-0.110714285715533,236.24,173,15.4281215469613,0
"2322","LITTLE QUALICUM RIVER",2020,2020-08-04,217,66,0,1.59,1.63142857142624,1.73142857142791,2.42666666666628,-0.100000000001663,237.83,174,15.4281215469613,0
"2323","LITTLE QUALICUM RIVER",2020,2020-08-05,218,67,0,1.6,1.6185714285696,1.70071428571412,2.35899999999965,-0.0821428571445202,239.43,175,15.4281215469613,0
"2324","LITTLE QUALICUM RIVER",2020,2020-08-06,219,68,0,1.65,1.61714285714386,1.67857142857143,2.29300000000027,-0.0614285714275735,241.08,176,15.4281215469613,0
"2325","LITTLE QUALICUM RIVER",2020,2020-08-07,220,69,0,1.66,1.6199999999995,1.66857142857043,2.22899999999984,-0.0485714285709296,242.74,177,15.4281215469613,0
"2326","LITTLE QUALICUM RIVER",2020,2020-08-08,221,70,0,1.63,1.6214285714294,1.65714285714369,2.16533333333306,-0.0357142857142856,244.37,178,15.4281215469613,0
"2327","LITTLE QUALICUM RIVER",2020,2020-08-09,222,71,0,1.57,1.61571428571395,1.64357142857209,2.10133333333361,-0.0278571428581407,245.94,179,15.4281215469613,0
"2328","LITTLE QUALICUM RIVER",2020,2020-08-10,223,72,0,1.55,1.60714285714286,1.63071428571337,2.03699999999953,-0.0235714285705138,247.49,180,15.4281215469613,0
"2329","LITTLE QUALICUM RIVER",2020,2020-08-11,224,73,0,1.57,1.60428571428721,1.61785714285673,1.97533333333364,-0.0135714285695159,249.06,181,15.4281215469613,0
"2330","LITTLE QUALICUM RIVER",2020,2020-08-12,225,74,0,1.57,1.60000000000166,1.60928571428563,1.92066666666748,-0.00928571428396818,250.63,182,15.4281215469613,0
"2331","LITTLE QUALICUM RIVER",2020,2020-08-13,226,75,0,1.55,1.58571428571512,1.60142857142949,1.87699999999992,-0.0157142857143688,252.18,183,15.4281215469613,0
"2332","LITTLE QUALICUM RIVER",2020,2020-08-14,227,76,0,1.51,1.56428571428738,1.59214285714344,1.83466666666694,-0.0278571428560619,253.69,184,15.4281215469613,0
"2333","LITTLE QUALICUM RIVER",2020,2020-08-15,228,77,0,1.47,1.54142857142974,1.58142857142957,1.79300000000027,-0.0399999999998337,255.16,185,15.4281215469613,0
"2334","LITTLE QUALICUM RIVER",2020,2020-08-16,229,78,0,1.44,1.52285714285764,1.5692857142858,1.75366666666717,-0.0464285714281556,256.6,186,15.4281215469613,0
"2335","LITTLE QUALICUM RIVER",2020,2020-08-17,230,79,0,1.41,1.50285714285565,1.55499999999925,1.7143333333331,-0.0521428571436056,258.01,187,15.4281215469613,0
"2336","LITTLE QUALICUM RIVER",2020,2020-08-18,231,80,0,1.36,1.47285714285681,1.53857142857201,1.67466666666636,-0.0657142857152004,259.37,188,15.4281215469613,0
"2337","LITTLE QUALICUM RIVER",2020,2020-08-19,232,81,0,1.35,1.44142857142807,1.52071428571487,1.63966666666674,-0.0792857142867953,260.72,189,15.4281215469613,0
"2338","LITTLE QUALICUM RIVER",2020,2020-08-20,233,82,0,1.61,1.44999999999917,1.51785714285714,1.62466666666636,-0.0678571428579744,262.33,190,15.4281215469613,0
"2339","LITTLE QUALICUM RIVER",2020,2020-08-21,234,83,0,1.9,1.50571428571129,1.53499999999933,1.62033333333287,-0.0292857142880425,264.23,191,15.4281215469613,0
"2340","LITTLE QUALICUM RIVER",2020,2020-08-22,235,84,0,2.09,1.59428571428206,1.5678571428559,1.62466666666636,0.0264285714261598,266.32,192,15.4281215469613,0
"2341","LITTLE QUALICUM RIVER",2020,2020-08-23,236,85,0,2.12,1.69142857142807,1.60714285714286,1.63533333333326,0.0842857142852154,268.44,193,15.4281215469613,0
"2342","LITTLE QUALICUM RIVER",2020,2020-08-24,237,86,0,2.05,1.78285714285864,1.64285714285714,1.64400000000023,0.140000000001497,270.49,194,15.4281215469613,0
"2343","LITTLE QUALICUM RIVER",2020,2020-08-25,238,87,0,1.99,1.87285714285515,1.67285714285598,1.65166666666628,0.199999999999169,272.48,195,15.4281215469613,0
"2344","LITTLE QUALICUM RIVER",2020,2020-08-26,239,88,0,1.91,1.95285714285481,1.69714285714144,1.65766666666605,0.255714285713371,274.39,196,15.4281215469613,0
"2345","LITTLE QUALICUM RIVER",2020,2020-08-27,240,89,0,1.82,1.98285714285781,1.71642857142849,1.65999999999961,0.26642857142932,276.21,197,15.4281215469613,0
"2346","LITTLE QUALICUM RIVER",2020,2020-08-28,241,90,0,1.77,1.96428571428571,1.7349999999985,1.66266666666585,0.229285714287211,277.98,198,15.4281215469613,0
"2347","LITTLE QUALICUM RIVER",2020,2020-08-29,242,91,0,1.66,1.90285714285814,1.7485714285701,1.66266666666682,0.154285714288042,279.64,199,15.4281215469613,0
"2348","LITTLE QUALICUM RIVER",2020,2020-08-30,243,92,0,1.66,1.83714285714086,1.76428571428447,1.66333333333314,0.0728571428563944,281.3,200,15.4281215469613,0
"2349","LITTLE QUALICUM RIVER",2020,2020-08-31,244,93,0,1.64,1.77857142857309,1.78071428571587,1.66400000000043,-0.00214285714277396,282.94,201,15.4281215469613,0
"2350","LITTLE QUALICUM RIVER",2020,2020-09-01,245,94,0,1.56,1.71714285714552,1.79500000000033,1.66233333333318,-0.0778571428548145,284.5,202,15.4281215469613,0
"2351","LITTLE QUALICUM RIVER",2020,2020-09-02,246,95,0,1.51,1.65999999999933,1.80642857142707,1.65899999999965,-0.14642857142774,286.01,203,15.4281215469613,0
"2352","LITTLE QUALICUM RIVER",2020,2020-09-03,247,96,0,1.46,1.60857142857276,1.79571428571528,1.65466666666713,-0.187142857142524,287.47,204,15.4281215469613,0
"2353","LITTLE QUALICUM RIVER",2020,2020-09-04,248,97,0,1.56,1.57857142857392,1.77142857142982,1.65333333333353,-0.192857142855896,289.03,205,15.4281215469613,0
"2354","LITTLE QUALICUM RIVER",2020,2020-09-05,249,98,0,1.54,1.56142857142757,1.73214285714286,1.64966666666636,-0.170714285715284,290.57,206,15.4281215469613,0
"2355","LITTLE QUALICUM RIVER",2020,2020-09-06,250,99,0,1.52,1.54142857142974,1.6892857142853,1.64500000000019,-0.147857142855563,292.09,207,15.4281215469613,0
"2356","LITTLE QUALICUM RIVER",2020,2020-09-07,251,100,0,1.5,1.52142857142774,1.65000000000042,1.64066666666671,-0.128571428572676,293.59,208,15.4281215469613,0
"2357","LITTLE QUALICUM RIVER",2020,2020-09-08,252,101,0,1.51,1.51428571428655,1.61571428571603,1.63866666666678,-0.101428571429486,295.1,209,15.4281215469613,0
"2358","LITTLE QUALICUM RIVER",2020,2020-09-09,253,102,0,1.53,1.51714285714635,1.58857142857284,1.63800000000047,-0.0714285714264926,296.63,210,15.4281215469613,0
"2359","LITTLE QUALICUM RIVER",2020,2020-09-10,254,103,1,1.47,1.51857142857209,1.56357142857243,1.63466666666694,-0.0450000000003328,298.1,211,15.4281215469613,0
"2360","LITTLE QUALICUM RIVER",2021,2021-06-01,152,1,0,5.1,5.8785714285706,5.00714285714327,5.55633333333341,0.871428571427324,5.1,43,10.1643093922652,0
"2361","LITTLE QUALICUM RIVER",2021,2021-06-02,153,2,0,5.57,6.11285714285831,5.01857142857209,5.5106666666669,1.09428571428621,10.67,44,10.1643093922652,0
"2362","LITTLE QUALICUM RIVER",2021,2021-06-03,154,3,0,5.57,6.01428571428655,5.13285714285822,5.49033333333403,0.881428571428322,16.24,45,10.1643093922652,0
"2363","LITTLE QUALICUM RIVER",2021,2021-06-04,155,4,0,4.66,5.52571428571745,5.23142857142999,5.46933333333388,0.294285714287461,20.9,46,10.1643093922652,0
"2364","LITTLE QUALICUM RIVER",2021,2021-06-05,156,5,0,3.94,5.19428571428372,5.25499999999842,5.41133333333322,-0.0607142857147016,24.84,47,10.1643093922652,0
"2365","LITTLE QUALICUM RIVER",2021,2021-06-06,157,6,0,3.56,4.87857142857475,5.21214285714294,5.32200000000012,-0.333571428568186,28.4,48,10.1643093922652,0
"2366","LITTLE QUALICUM RIVER",2021,2021-06-07,158,7,0,3.43,4.54714285714519,5.14785714285764,5.27799999999988,-0.600714285712456,31.83,49,10.1643093922652,0
"2367","LITTLE QUALICUM RIVER",2021,2021-06-08,159,8,0,3.07,4.25714285714535,5.06785714285797,5.24000000000039,-0.810714285712622,34.9,50,10.1643093922652,0
"2368","LITTLE QUALICUM RIVER",2021,2021-06-09,160,9,0,2.63,3.83714285714086,4.97499999999958,5.19433333333291,-1.13785714285872,37.53,51,10.1643093922652,0
"2369","LITTLE QUALICUM RIVER",2021,2021-06-10,161,10,0,2.55,3.40571428571379,4.71000000000017,5.14133333333399,-1.30428571428638,40.08,52,10.1643093922652,0
"2370","LITTLE QUALICUM RIVER",2021,2021-06-11,162,11,0,2.49,3.09571428571196,4.3107142857147,5.04333333333294,-1.21500000000274,42.57,53,10.1643093922652,0
"2371","LITTLE QUALICUM RIVER",2021,2021-06-12,163,12,0,2.86,2.94142857143223,4.06785714285797,4.92466666666733,-1.12642857142574,45.43,54,10.1643093922652,0
"2372","LITTLE QUALICUM RIVER",2021,2021-06-13,164,13,0,6.79,3.40285714285398,4.14071428571437,4.91566666666671,-0.737857142860386,52.22,55,10.1643093922652,0
"2373","LITTLE QUALICUM RIVER",2021,2021-06-14,165,14,0,6.45,3.83428571428522,4.1907142857152,4.8870000000005,-0.356428571429985,58.67,56,10.1643093922652,0
"2374","LITTLE QUALICUM RIVER",2021,2021-06-15,166,15,0,5.39,4.16571428571063,4.21142857142799,4.81066666666593,-0.045714285717362,64.06,57,10.1643093922652,0
"2375","LITTLE QUALICUM RIVER",2021,2021-06-16,167,16,0,4.84,4.48142857143206,4.15928571428646,4.70833333333333,0.322142857145601,68.9,58,10.1643093922652,0
"2376","LITTLE QUALICUM RIVER",2021,2021-06-17,168,17,0,4.25,4.72428571428671,4.06500000000025,4.60500000000078,0.659285714286463,73.15,59,10.1643093922652,0
"2377","LITTLE QUALICUM RIVER",2021,2021-06-18,169,18,0,3.96,4.93428571428688,4.01499999999942,4.55666666666705,0.919285714287461,77.11,60,10.1643093922652,0
"2378","LITTLE QUALICUM RIVER",2021,2021-06-19,170,19,0,3.7,5.05428571428222,3.99785714285723,4.54766666666643,1.056428571425,80.81,61,10.1643093922652,0
"2379","LITTLE QUALICUM RIVER",2021,2021-06-20,171,20,0,3.6,4.59857142857176,4.00071428571287,4.55833333333333,0.597857142858889,84.41,62,10.1643093922652,0
"2380","LITTLE QUALICUM RIVER",2021,2021-06-21,172,21,0,3.43,4.16714285714053,4.00071428571287,4.5523333333326,0.166428571427656,87.84,63,10.1643093922652,0
"2381","LITTLE QUALICUM RIVER",2021,2021-06-22,173,22,0,3.37,3.87857142857475,4.02214285714269,4.52599999999996,-0.143571428567936,91.21,64,10.1643093922652,0
"2382","LITTLE QUALICUM RIVER",2021,2021-06-23,174,23,0,3.19,3.64285714285714,4.0621428571446,4.48800000000047,-0.41928571428746,94.4,65,10.1643093922652,0
"2383","LITTLE QUALICUM RIVER",2021,2021-06-24,175,24,0,2.95,3.45714285714036,4.09071428571354,4.44666666666647,-0.633571428573175,97.35,66,10.1643093922652,0
"2384","LITTLE QUALICUM RIVER",2021,2021-06-25,176,25,0,2.79,3.28999999999983,4.11214285714336,4.40866666666698,-0.822142857143522,100.14,67,10.1643093922652,0
"2385","LITTLE QUALICUM RIVER",2021,2021-06-26,177,26,0,2.7,3.14714285714269,4.10071428571246,4.28999999999942,-0.953571428569766,102.84,68,10.1643093922652,0
"2386","LITTLE QUALICUM RIVER",2021,2021-06-27,178,27,0,2.55,2.99714285714435,3.79785714285806,4.10566666666709,-0.800714285713704,105.39,69,10.1643093922652,0
"2387","LITTLE QUALICUM RIVER",2021,2021-06-28,179,28,0,2.26,2.83000000000383,3.49857142857218,3.97233333333376,-0.668571428568352,107.65,70,10.1643093922652,0
"2388","LITTLE QUALICUM RIVER",2021,2021-06-29,180,29,0,2.05,2.64142857142724,3.260000000001,3.84833333333372,-0.618571428573757,109.7,71,10.1643093922652,0
"2389","LITTLE QUALICUM RIVER",2021,2021-06-30,181,30,0,1.79,2.44142857142807,3.04214285714261,3.71633333333399,-0.600714285714535,111.49,72,10.1643093922652,0
"2390","LITTLE QUALICUM RIVER",2021,2021-07-01,182,31,0,1.54,2.239999999999,2.84857142856968,3.59766666666643,-0.60857142857068,113.03,73,10.1643093922652,0
"2391","LITTLE QUALICUM RIVER",2021,2021-07-02,183,32,0,1.35,2.03428571428438,2.66214285714211,3.45699999999973,-0.627857142857725,114.38,74,10.1643093922652,0
"2392","LITTLE QUALICUM RIVER",2021,2021-07-03,184,33,0,1.26,1.82857142857392,2.48785714285831,3.31333333333314,-0.659285714284384,115.64,75,10.1643093922652,0
"2393","LITTLE QUALICUM RIVER",2021,2021-07-04,185,34,0,1.23,1.63999999999734,2.31857142857085,3.19899999999907,-0.678571428573507,116.87,76,10.1643093922652,0
"2394","LITTLE QUALICUM RIVER",2021,2021-07-05,186,35,0,1.2,1.4885714285691,2.15928571428646,3.10766666666702,-0.670714285717362,118.07,77,10.1643093922652,0
"2395","LITTLE QUALICUM RIVER",2021,2021-07-06,187,36,0,1.17,1.36285714285831,2.00214285714277,3.02799999999988,-0.639285714284467,119.24,78,10.1643093922652,0
"2396","LITTLE QUALICUM RIVER",2021,2021-07-07,188,37,0,1.13,1.26857142856794,1.854999999998,2.95133333333263,-0.586428571430068,120.37,79,10.1643093922652,0
"2397","LITTLE QUALICUM RIVER",2021,2021-07-08,189,38,0,1.1,1.20571428571462,1.72285714285681,2.88566666666593,-0.517142857142192,121.47,80,10.1643093922652,0
"2398","LITTLE QUALICUM RIVER",2021,2021-07-09,190,39,0,1.12,1.17285714285598,1.60357142857018,2.83533333333326,-0.430714285714203,122.59,81,10.1643093922652,0
"2399","LITTLE QUALICUM RIVER",2021,2021-07-10,191,40,0,1.27,1.17428571428588,1.5014285714299,2.79266666666663,-0.327142857144021,123.86,82,10.1643093922652,0
"2400","LITTLE QUALICUM RIVER",2021,2021-07-11,192,41,0,1.27,1.18000000000133,1.40999999999933,2.75199999999992,-0.229999999998004,125.13,83,10.1643093922652,0
"2401","LITTLE QUALICUM RIVER",2021,2021-07-12,193,42,0,1.23,1.18428571428688,1.33642857142799,2.69766666666643,-0.152142857141111,126.36,84,10.1643093922652,0
"2402","LITTLE QUALICUM RIVER",2021,2021-07-13,194,43,0,1.2,1.18857142856827,1.27571428571329,2.51133333333322,-0.0871428571450192,127.56,85,10.1643093922652,0
"2403","LITTLE QUALICUM RIVER",2021,2021-07-14,195,44,0,1.26,1.20714285714452,1.23785714285623,2.33833333333314,-0.030714285711708,128.82,86,10.1643093922652,0
"2404","LITTLE QUALICUM RIVER",2021,2021-07-15,196,45,0,1.31,1.23714285714336,1.22142857142899,2.20233333333357,0.0157142857143688,130.13,87,10.1643093922652,0
"2405","LITTLE QUALICUM RIVER",2021,2021-07-16,197,46,0,1.34,1.26857142857209,1.22071428571404,2.08566666666593,0.0478571428580574,131.47,88,10.1643093922652,0
"2406","LITTLE QUALICUM RIVER",2021,2021-07-17,198,47,0,1.34,1.27857142856893,1.22642857142741,1.98866666666581,0.0521428571415268,132.81,89,10.1643093922652,0
"2407","LITTLE QUALICUM RIVER",2021,2021-07-18,199,48,0,1.32,1.28571428571429,1.23285714285781,1.90066666666632,0.0528571428564777,134.13,90,10.1643093922652,0
"2408","LITTLE QUALICUM RIVER",2021,2021-07-19,200,49,0,1.3,1.29571428571528,1.24000000000108,1.82066666666748,0.0557142857142026,135.43,91,10.1643093922652,0
"2409","LITTLE QUALICUM RIVER",2021,2021-07-20,201,50,0,1.27,1.30571428571628,1.24714285714228,1.74300000000027,0.0585714285740062,136.7,92,10.1643093922652,0
"2410","LITTLE QUALICUM RIVER",2021,2021-07-21,202,51,0,1.29,1.31000000000183,1.25857142857317,1.67166666666744,0.0514285714286546,137.99,93,10.1643093922652,0
"2411","LITTLE QUALICUM RIVER",2021,2021-07-22,203,52,0,1.29,1.30714285714203,1.27214285714269,1.6023333333326,0.0349999999993347,139.28,94,10.1643093922652,0
"2412","LITTLE QUALICUM RIVER",2021,2021-07-23,204,53,0,1.31,1.30285714285648,1.28571428571429,1.53966666666577,0.0171428571421919,140.59,95,10.1643093922652,0
"2413","LITTLE QUALICUM RIVER",2021,2021-07-24,205,54,0,1.32,1.30000000000083,1.28928571428488,1.48533333333326,0.0107142857159488,141.91,96,10.1643093922652,0
"2414","LITTLE QUALICUM RIVER",2021,2021-07-25,206,55,0,1.28,1.29428571428538,1.28999999999983,1.43499999999961,0.00428571428554791,143.19,97,10.1643093922652,0
"2415","LITTLE QUALICUM RIVER",2021,2021-07-26,207,56,0,1.27,1.28999999999983,1.29285714285756,1.38733333333415,-0.00285714285772487,144.46,98,10.1643093922652,0
"2416","LITTLE QUALICUM RIVER",2021,2021-07-27,208,57,0,1.26,1.28857142856993,1.29714285714311,1.34433333333291,-0.00857142857317461,145.72,99,10.1643093922652,0
"2417","LITTLE QUALICUM RIVER",2021,2021-07-28,209,58,0,1.26,1.28428571428438,1.29714285714311,1.31099999999957,-0.0128571428587227,146.98,100,10.1643093922652,0
"2418","LITTLE QUALICUM RIVER",2021,2021-07-29,210,59,0,1.25,1.27857142857309,1.29285714285756,1.28433333333329,-0.014285714284467,148.23,101,10.1643093922652,0
"2419","LITTLE QUALICUM RIVER",2021,2021-07-30,211,60,0,1.25,1.270000000002,1.28642857142924,1.26633333333302,-0.016428571427241,149.48,102,10.1643093922652,0
"2420","LITTLE QUALICUM RIVER",2021,2021-07-31,212,61,0,1.32,1.270000000002,1.28500000000141,1.25900000000062,-0.0149999999994179,150.8,103,10.1643093922652,0
"2421","LITTLE QUALICUM RIVER",2021,2021-08-01,213,62,0,1.35,1.28000000000299,1.28714285714419,1.25900000000062,-0.007142857141194,152.15,104,10.1643093922652,0
"2422","LITTLE QUALICUM RIVER",2021,2021-08-02,214,63,0,1.3,1.28428571428438,1.28714285714211,1.26033333333326,-0.00285714285772509,153.45,105,10.1643093922652,0
"2423","LITTLE QUALICUM RIVER",2021,2021-08-03,215,64,0,1.34,1.29571428571528,1.29214285714261,1.26400000000043,0.00357142857267578,154.79,106,10.1643093922652,0
"2424","LITTLE QUALICUM RIVER",2021,2021-08-04,216,65,0,1.3,1.30142857142658,1.29285714285548,1.26733333333298,0.00857142857109583,156.09,107,10.1643093922652,0
"2425","LITTLE QUALICUM RIVER",2021,2021-08-05,217,66,0,1.27,1.30428571428638,1.29142857142974,1.27066666666651,0.012857142856644,157.36,108,10.1643093922652,0
"2426","LITTLE QUALICUM RIVER",2021,2021-08-06,218,67,0,1.3,1.31142857142757,1.29071428571478,1.2763333333336,0.0207142857127889,158.66,109,10.1643093922652,0
"2427","LITTLE QUALICUM RIVER",2021,2021-08-07,219,68,0,1.44,1.32857142856977,1.29928571428588,1.28766666666682,0.0292857142838847,160.1,110,10.1643093922652,0
"2428","LITTLE QUALICUM RIVER",2021,2021-08-08,220,69,0,1.41,1.33714285714086,1.30857142857193,1.29733333333376,0.028571428568934,161.51,111,10.1643093922652,0
"2429","LITTLE QUALICUM RIVER",2021,2021-08-09,221,70,0,1.37,1.34714285714186,1.31571428571312,1.30066666666632,0.0314285714287377,162.88,112,10.1643093922652,0
"2430","LITTLE QUALICUM RIVER",2021,2021-08-10,222,71,0,1.36,1.35000000000166,1.32285714285847,1.30366666666717,0.0271428571431898,164.24,113,10.1643093922652,0
"2431","LITTLE QUALICUM RIVER",2021,2021-08-11,223,72,0,1.31,1.35142857143157,1.32642857142907,1.30633333333341,0.0250000000024946,165.55,114,10.1643093922652,0
"2432","LITTLE QUALICUM RIVER",2021,2021-08-12,224,73,0,1.25,1.34857142857176,1.32642857142907,1.30800000000066,0.0221428571426907,166.8,115,10.1643093922652,0
"2433","LITTLE QUALICUM RIVER",2021,2021-08-13,225,74,0,1.2,1.33428571428522,1.32285714285639,1.30599999999977,0.0114285714288209,168,116,10.1643093922652,0
"2434","LITTLE QUALICUM RIVER",2021,2021-08-14,226,75,0,1.27,1.31000000000183,1.3192857142858,1.30466666666713,-0.00928571428396796,169.27,117,10.1643093922652,0
"2435","LITTLE QUALICUM RIVER",2021,2021-08-15,227,76,0,1.32,1.29714285714103,1.31714285714094,1.30399999999984,-0.019999999999917,170.59,118,10.1643093922652,0
"2436","LITTLE QUALICUM RIVER",2021,2021-08-16,228,77,0,1.34,1.29285714285964,1.32000000000075,1.30400000000081,-0.027142857141111,171.93,119,10.1643093922652,0
"2437","LITTLE QUALICUM RIVER",2021,2021-08-17,229,78,0,1.39,1.29714285714103,1.32357142857135,1.30633333333341,-0.0264285714303176,173.32,120,10.1643093922652,0
"2438","LITTLE QUALICUM RIVER",2021,2021-08-18,230,79,0,1.52,1.32714285713986,1.33928571428571,1.31366666666581,-0.0121428571458506,174.84,121,10.1643093922652,0
"2439","LITTLE QUALICUM RIVER",2021,2021-08-19,231,80,0,1.47,1.3585714285686,1.35357142857018,1.32033333333287,0.00499999999842005,176.31,122,10.1643093922652,0
"2440","LITTLE QUALICUM RIVER",2021,2021-08-20,232,81,0,1.5,1.40142857142824,1.36785714285673,1.3273333333326,0.0335714285715119,177.81,123,10.1643093922652,0
"2441","LITTLE QUALICUM RIVER",2021,2021-08-21,233,82,0,1.49,1.43285714285698,1.3714285714294,1.33400000000062,0.0614285714275735,179.3,124,10.1643093922652,0
"2442","LITTLE QUALICUM RIVER",2021,2021-08-22,234,83,0,1.47,1.45428571428887,1.37571428571495,1.33933333333407,0.0785714285739232,180.77,125,10.1643093922652,0
"2443","LITTLE QUALICUM RIVER",2021,2021-08-23,235,84,0,1.41,1.46428571428571,1.37857142857268,1.34233333333395,0.0857142857130384,182.18,126,10.1643093922652,0
"2444","LITTLE QUALICUM RIVER",2021,2021-08-24,236,85,0,1.37,1.46142857143007,1.37928571428555,1.34533333333384,0.0821428571445202,183.55,127,10.1643093922652,0
"2445","LITTLE QUALICUM RIVER",2021,2021-08-25,237,86,0,1.34,1.43571428571678,1.38142857142832,1.34766666666643,0.0542857142884585,184.89,128,10.1643093922652,0
"2446","LITTLE QUALICUM RIVER",2021,2021-08-26,238,87,0,1.36,1.42000000000033,1.38928571428447,1.35099999999996,0.0307142857158655,186.25,129,10.1643093922652,0
"2447","LITTLE QUALICUM RIVER",2021,2021-08-27,239,88,0,1.34,1.39714285714269,1.39928571428546,1.3536666666662,-0.00214285714277396,187.59,130,10.1643093922652,0
"2448","LITTLE QUALICUM RIVER",2021,2021-08-28,240,89,0,1.29,1.3685714285696,1.40071428571329,1.35499999999981,-0.0321428571436888,188.88,131,10.1643093922652,0
"2449","LITTLE QUALICUM RIVER",2021,2021-08-29,241,90,0,1.27,1.34000000000067,1.39714285714477,1.35566666666709,-0.0571428571441044,190.15,132,10.1643093922652,0
"2450","LITTLE QUALICUM RIVER",2021,2021-08-30,242,91,0,1.15,1.30285714285648,1.3835714285711,1.35,-0.0807142857146184,191.3,133,10.1643093922652,0
"2451","LITTLE QUALICUM RIVER",2021,2021-08-31,243,92,0,1.28,1.28999999999983,1.37571428571495,1.34766666666643,-0.0857142857151172,192.58,134,10.1643093922652,0
"2452","LITTLE QUALICUM RIVER",2021,2021-09-01,244,93,0,1.25,1.27714285714319,1.35642857142999,1.34600000000016,-0.0792857142867953,193.83,135,10.1643093922652,0
"2453","LITTLE QUALICUM RIVER",2021,2021-09-02,245,94,0,1.2,1.25428571428555,1.33714285714294,1.34133333333302,-0.0828571428573923,195.03,136,10.1643093922652,0
"2454","LITTLE QUALICUM RIVER",2021,2021-09-03,246,95,0,1.18,1.23142857143206,1.31428571428738,1.33733333333415,-0.0828571428553135,196.21,137,10.1643093922652,0
"2455","LITTLE QUALICUM RIVER",2021,2021-09-04,247,96,0,1.2,1.21857142857126,1.29357142857043,1.33499999999961,-0.0749999999991684,197.41,138,10.1643093922652,0
"2456","LITTLE QUALICUM RIVER",2021,2021-09-05,248,97,0,1.19,1.20714285714036,1.27357142857051,1.33133333333341,-0.0664285714301514,198.6,139,10.1643093922652,0
"2457","LITTLE QUALICUM RIVER",2021,2021-09-06,249,98,0,1.13,1.20428571428472,1.2535714285706,1.32100000000016,-0.0492857142858805,199.73,140,10.1643093922652,0
"2458","LITTLE QUALICUM RIVER",2021,2021-09-07,250,99,0,1.06,1.17285714285598,1.23142857142791,1.30933333333329,-0.0585714285719277,200.79,141,10.1643093922652,0
"2459","LITTLE QUALICUM RIVER",2021,2021-09-08,251,100,0,1.03,1.14142857142724,1.20928571428522,1.29800000000008,-0.0678571428579744,201.82,142,10.1643093922652,0
"2460","LITTLE QUALICUM RIVER",2021,2021-09-09,252,101,0,0.986,1.11085714285894,1.18257142857224,1.28553333333305,-0.0717142857133046,202.806,143,10.1643093922652,0
"2461","LITTLE QUALICUM RIVER",2021,2021-09-10,253,102,0,0.958,1.07914285713923,1.15528571428565,1.27379999999927,-0.0761428571464162,203.764,144,10.1643093922652,0
"2462","LITTLE QUALICUM RIVER",2021,2021-09-11,254,103,0,0.975,1.0469999999997,1.13278571428548,1.2646333333328,-0.0857857142857807,204.739,145,10.1643093922652,0
"2463","LITTLE QUALICUM RIVER",2021,2021-09-12,255,104,0,0.951,1.01285714285664,1.1099999999985,1.25633333333341,-0.0971428571418593,205.69,146,10.1643093922652,0
"2464","LITTLE QUALICUM RIVER",2021,2021-09-13,256,105,0,0.9,0.979999999998004,1.09214285714136,1.24399999999926,-0.112142857143356,206.59,147,10.1643093922652,0
"2465","LITTLE QUALICUM RIVER",2021,2021-09-14,257,106,0,0.919,0.959857142858839,1.06635714285741,1.23063333333412,-0.10649999999857,207.509,148,10.1643093922652,0
"2466","LITTLE QUALICUM RIVER",2021,2021-09-15,258,107,0,0.898,0.940999999999933,1.04121428571359,1.21589999999948,-0.100214285713654,208.407,149,10.1643093922652,0
"2467","LITTLE QUALICUM RIVER",2021,2021-09-16,259,108,1,0.841,0.920285714287145,1.01557142857304,1.19760000000048,-0.0952857142858972,209.248,150,10.1643093922652,0
"2468","LITTLE QUALICUM RIVER",2022,2022-06-01,152,1,0,12.5,13.1571428571437,13.9357142857147,12.9746666666664,-0.778571428571013,12.5,4,13.3608839779006,0
"2469","LITTLE QUALICUM RIVER",2022,2022-06-02,153,2,0,13.5,13.1714285714302,13.6785714285714,13.0579999999997,-0.507142857141194,26,5,13.3608839779006,0
"2470","LITTLE QUALICUM RIVER",2022,2022-06-03,154,3,0,15.5,13.3285714285739,13.6500000000004,13.2079999999997,-0.321428571426493,41.5,0,13.3608839779006,0
"2471","LITTLE QUALICUM RIVER",2022,2022-06-04,155,4,0,16.5,13.6857142857168,13.7642857142865,13.3746666666664,-0.0785714285697647,58,0,13.3608839779006,0
"2472","LITTLE QUALICUM RIVER",2022,2022-06-05,156,5,0,18.4,14.4285714285714,14.0642857142853,13.5646666666667,0.36428571428613,76.4,0,13.3608839779006,0
"2473","LITTLE QUALICUM RIVER",2022,2022-06-06,157,6,0,17.7,15.1714285714302,14.3428571428584,13.7513333333336,0.828571428571845,94.1,0,13.3608839779006,0
"2474","LITTLE QUALICUM RIVER",2022,2022-06-07,158,7,0,16,15.7285714285723,14.5071428571433,13.9080000000007,1.22142857142899,110.1,0,13.3608839779006,0
"2475","LITTLE QUALICUM RIVER",2022,2022-06-08,159,8,0,15.6,16.1714285714261,14.6642857142849,14.0746666666664,1.50714285714119,125.7,0,13.3608839779006,0
"2476","LITTLE QUALICUM RIVER",2022,2022-06-09,160,9,0,15.1,16.3999999999983,14.7857142857143,14.241333333333,1.61428571428405,140.8,0,13.3608839779006,0
"2477","LITTLE QUALICUM RIVER",2022,2022-06-10,161,10,0,16,16.4714285714269,14.9000000000004,14.4559999999998,1.57142857142649,156.8,0,13.3608839779006,0
"2478","LITTLE QUALICUM RIVER",2022,2022-06-11,162,11,0,15.4,16.3142857142832,15,14.6399999999994,1.31428571428322,172.2,0,13.3608839779006,0
"2479","LITTLE QUALICUM RIVER",2022,2022-06-12,163,12,0,14.4,15.7428571428588,15.0857142857151,14.7766666666672,0.65714285714369,186.6,0,13.3608839779006,0
"2480","LITTLE QUALICUM RIVER",2022,2022-06-13,164,13,0,13.3,15.1142857142841,15.1428571428571,14.8666666666667,-0.0285714285730911,199.9,1,13.3608839779006,0
"2481","LITTLE QUALICUM RIVER",2022,2022-06-14,165,14,0,12.3,14.585714285711,15.1571428571416,14.8733333333328,-0.57142857143065,212.2,2,13.3608839779006,0
"2482","LITTLE QUALICUM RIVER",2022,2022-06-15,166,15,0,10.9,13.914285714289,15.0428571428576,14.65,-1.12857142856852,223.1,3,13.3608839779006,0
"2483","LITTLE QUALICUM RIVER",2022,2022-06-16,167,16,0,9.99,13.1842857142869,14.7921428571426,14.4130000000005,-1.60785714285573,233.09,4,13.3608839779006,0
"2484","LITTLE QUALICUM RIVER",2022,2022-06-17,168,17,0,9.88,12.3100000000018,14.3907142857144,14.1856666666669,-2.08071428571254,242.97,5,13.3608839779006,0
"2485","LITTLE QUALICUM RIVER",2022,2022-06-18,169,18,0,9.17,11.4200000000003,13.8671428571418,13.9213333333328,-2.44714285714144,252.14,6,13.3608839779006,0
"2486","LITTLE QUALICUM RIVER",2022,2022-06-19,170,19,0,9.18,10.6742857142859,13.2085714285723,13.6973333333338,-2.53428571428646,261.32,7,13.3608839779006,0
"2487","LITTLE QUALICUM RIVER",2022,2022-06-20,171,20,0,8.36,9.96857142857126,12.5414285714277,13.4793333333335,-2.57285714285639,269.68,8,13.3608839779006,0
"2488","LITTLE QUALICUM RIVER",2022,2022-06-21,172,21,0,7.65,9.30428571428638,11.9449999999987,13.2609999999996,-2.64071428571229,277.33,9,13.3608839779006,0
"2489","LITTLE QUALICUM RIVER",2022,2022-06-22,173,22,0,8.14,8.90999999999933,11.4121428571442,13.0723333333338,-2.50214285714485,285.47,10,13.3608839779006,0
"2490","LITTLE QUALICUM RIVER",2022,2022-06-23,174,23,0,8.12,8.64285714285714,10.913571428572,12.8863333333332,-2.27071428571487,293.59,11,13.3608839779006,0
"2491","LITTLE QUALICUM RIVER",2022,2022-06-24,175,24,0,7.93,8.36428571428405,10.3371428571429,12.7039999999998,-1.97285714285889,301.52,12,13.3608839779006,0
"2492","LITTLE QUALICUM RIVER",2022,2022-06-25,176,25,0,7.78,8.16571428571478,9.79285714285756,12.5166666666667,-1.62714285714277,309.3,13,13.3608839779006,0
"2493","LITTLE QUALICUM RIVER",2022,2022-06-26,177,26,0,7.84,7.97428571428255,9.32428571428422,12.2980000000001,-1.35000000000166,317.14,14,13.3608839779006,0
"2494","LITTLE QUALICUM RIVER",2022,2022-06-27,178,27,0,7.94,7.91428571428488,8.94142857142807,12.0960000000002,-1.02714285714319,325.08,15,13.3608839779006,0
"2495","LITTLE QUALICUM RIVER",2022,2022-06-28,179,28,0,7.92,7.95285714285897,8.62857142857268,11.9200000000002,-0.675714285713703,333,16,13.3608839779006,0
"2496","LITTLE QUALICUM RIVER",2022,2022-06-29,180,29,0,7.59,7.87428571428505,8.39214285714219,11.7563333333334,-0.517857142857142,340.59,17,13.3608839779006,0
"2497","LITTLE QUALICUM RIVER",2022,2022-06-30,181,30,0,6.91,7.70142857142907,8.17214285714311,11.5833333333333,-0.470714285714036,347.5,18,13.3608839779006,0
"2498","LITTLE QUALICUM RIVER",2022,2022-07-01,182,31,0,6.34,7.47428571428671,7.91928571428538,11.3779999999999,-0.444999999998669,353.84,19,13.3608839779006,0
"2499","LITTLE QUALICUM RIVER",2022,2022-07-02,183,32,0,6.34,7.26857142857209,7.71714285714344,11.1393333333331,-0.448571428571345,360.18,20,13.3608839779006,0
"2500","LITTLE QUALICUM RIVER",2022,2022-07-03,184,33,0,6.42,7.06571428571728,7.51999999999992,10.8366666666669,-0.454285714282638,366.6,21,13.3608839779006,0
"2501","LITTLE QUALICUM RIVER",2022,2022-07-04,185,34,0,6.93,6.92142857143023,7.41785714285756,10.5176666666666,-0.496428571427324,373.53,22,13.3608839779006,0
"2502","LITTLE QUALICUM RIVER",2022,2022-07-05,186,35,0,7.49,6.8599999999985,7.40642857142874,10.1539999999998,-0.546428571430235,381.02,23,13.3608839779006,0
"2503","LITTLE QUALICUM RIVER",2022,2022-07-06,187,36,0,7.52,6.85000000000166,7.36214285714336,9.81466666666674,-0.512142857141693,388.54,24,13.3608839779006,0
"2504","LITTLE QUALICUM RIVER",2022,2022-07-07,188,37,0,7.8,6.97714285714236,7.33928571428571,9.54133333333302,-0.362142857143356,396.34,25,13.3608839779006,0
"2505","LITTLE QUALICUM RIVER",2022,2022-07-08,189,38,0,7.31,7.11571428571395,7.29500000000033,9.26500000000039,-0.17928571428638,403.65,26,13.3608839779006,0
"2506","LITTLE QUALICUM RIVER",2022,2022-07-09,190,39,0,6.94,7.20142857142907,7.23500000000058,8.99300000000027,-0.0335714285715119,410.59,27,13.3608839779006,0
"2507","LITTLE QUALICUM RIVER",2022,2022-07-10,191,40,0,6.57,7.22285714285681,7.14428571428704,8.67866666666717,0.0785714285697656,417.16,28,13.3608839779006,0
"2508","LITTLE QUALICUM RIVER",2022,2022-07-11,192,41,0,6.23,7.12285714285515,7.02214285714269,8.37300000000008,0.100714285712456,423.39,29,13.3608839779006,0
"2509","LITTLE QUALICUM RIVER",2022,2022-07-12,193,42,0,5.97,6.90571428571379,6.88285714285615,8.09199999999934,0.0228571428576414,429.36,30,13.3608839779006,0
"2510","LITTLE QUALICUM RIVER",2022,2022-07-13,194,43,0,5.69,6.64428571428289,6.74714285714227,7.83833333333314,-0.102857142859388,435.05,31,13.3608839779006,0
"2511","LITTLE QUALICUM RIVER",2022,2022-07-14,195,44,0,5.49,6.31428571428738,6.64571428571487,7.61133333333419,-0.33142857142749,440.54,32,13.3608839779006,0
"2512","LITTLE QUALICUM RIVER",2022,2022-07-15,196,45,0,5.31,6.02857142857309,6.57214285714352,7.425,-0.543571428570431,445.85,33,13.3608839779006,0
"2513","LITTLE QUALICUM RIVER",2022,2022-07-16,197,46,0,5.25,5.78714285714419,6.49428571428663,7.26700000000031,-0.707142857142441,451.1,34,13.3608839779006,0
"2514","LITTLE QUALICUM RIVER",2022,2022-07-17,198,47,0,5.21,5.59285714285631,6.40785714285656,7.11133333333322,-0.81500000000025,456.31,35,13.3608839779006,0
"2515","LITTLE QUALICUM RIVER",2022,2022-07-18,199,48,0,4.83,5.39285714285714,6.25785714285615,6.96666666666667,-0.864999999999002,461.14,36,13.3608839779006,0
"2516","LITTLE QUALICUM RIVER",2022,2022-07-19,200,49,0,4.51,5.18428571428688,6.04500000000033,6.81099999999957,-0.860714285713454,465.65,37,13.3608839779006,0
"2517","LITTLE QUALICUM RIVER",2022,2022-07-20,201,50,0,4.39,4.99857142857426,5.82142857142857,6.67866666666717,-0.822857142854315,470.04,38,13.3608839779006,0
"2518","LITTLE QUALICUM RIVER",2022,2022-07-21,202,51,0,4.28,4.82571428571412,5.57000000000075,6.56633333333399,-0.744285714286629,474.32,39,13.3608839779006,0
"2519","LITTLE QUALICUM RIVER",2022,2022-07-22,203,52,0,4.17,4.66285714285498,5.34571428571404,6.43399999999965,-0.682857142859056,478.49,40,13.3608839779006,0
"2520","LITTLE QUALICUM RIVER",2022,2022-07-23,204,53,0,4.03,4.4885714285691,5.13785714285664,6.29766666666643,-0.649285714287544,482.52,41,13.3608839779006,0
"2521","LITTLE QUALICUM RIVER",2022,2022-07-24,205,54,0,3.87,4.29714285714103,4.94499999999867,6.16233333333318,-0.647857142857642,486.39,42,13.3608839779006,0
"2522","LITTLE QUALICUM RIVER",2022,2022-07-25,206,55,0,3.73,4.1400000000015,4.76642857142932,6.02733333333357,-0.626428571427823,490.12,43,13.3608839779006,0
"2523","LITTLE QUALICUM RIVER",2022,2022-07-26,207,56,0,3.67,4.020000000002,4.60214285714444,5.88833333333411,-0.582142857142442,493.79,44,13.3608839779006,0
"2524","LITTLE QUALICUM RIVER",2022,2022-07-27,208,57,0,3.57,3.90285714285398,4.45071428571412,5.74266666666663,-0.547857142860137,497.36,45,13.3608839779006,0
"2525","LITTLE QUALICUM RIVER",2022,2022-07-28,209,58,0,3.45,3.78428571428438,4.30499999999925,5.59366666666659,-0.520714285714868,500.81,46,13.3608839779006,0
"2526","LITTLE QUALICUM RIVER",2022,2022-07-29,210,59,0,3.37,3.67000000000033,4.16642857142766,5.45299999999988,-0.496428571427324,504.18,47,13.3608839779006,0
"2527","LITTLE QUALICUM RIVER",2022,2022-07-30,211,60,0,3.28,3.56285714285748,4.02571428571329,5.33199999999973,-0.462857142855812,507.46,48,13.3608839779006,0
"2528","LITTLE QUALICUM RIVER",2022,2022-07-31,212,61,0,3.21,3.46857142857126,3.88285714285615,5.22766666666624,-0.414285714284883,510.67,49,13.3608839779006,0
"2529","LITTLE QUALICUM RIVER",2022,2022-08-01,213,62,0,3.16,3.38714285714169,3.76357142857159,5.12166666666647,-0.376428571429902,513.83,50,13.3608839779006,0
"2530","LITTLE QUALICUM RIVER",2022,2022-08-02,214,63,0,3.08,3.30285714285648,3.66142857142924,5.01033333333326,-0.358571428572759,516.91,51,13.3608839779006,0
"2531","LITTLE QUALICUM RIVER",2022,2022-08-03,215,64,0,3.06,3.23000000000216,3.56642857142807,4.88133333333341,-0.336428571425911,519.97,52,13.3608839779006,0
"2532","LITTLE QUALICUM RIVER",2022,2022-08-04,216,65,0,3.02,3.16857142857043,3.47642857142741,4.73233333333337,-0.307857142856977,522.99,53,13.3608839779006,0
"2533","LITTLE QUALICUM RIVER",2022,2022-08-05,217,66,0,2.94,3.10714285714286,3.38857142857159,4.57966666666616,-0.281428571428738,525.93,54,13.3608839779006,0
"2534","LITTLE QUALICUM RIVER",2022,2022-08-06,218,67,0,2.88,3.05000000000083,3.30642857142915,4.41566666666671,-0.256428571428322,528.81,55,13.3608839779006,0
"2535","LITTLE QUALICUM RIVER",2022,2022-08-07,219,68,0,2.81,2.99285714285881,3.23071428571503,4.26566666666671,-0.237857142856228,531.62,56,13.3608839779006,0
"2536","LITTLE QUALICUM RIVER",2022,2022-08-08,220,69,0,2.74,2.93285714285698,3.15999999999933,4.12566666666632,-0.227142857142358,534.36,57,13.3608839779006,0
"2537","LITTLE QUALICUM RIVER",2022,2022-08-09,221,70,0,2.7,2.8785714285706,3.09071428571354,3.99666666666647,-0.21214285714294,537.06,58,13.3608839779006,0
"2538","LITTLE QUALICUM RIVER",2022,2022-08-10,222,71,0,2.64,2.81857142856877,3.02428571428546,3.87699999999992,-0.205714285716697,539.7,59,13.3608839779006,0
"2539","LITTLE QUALICUM RIVER",2022,2022-08-11,223,72,0,2.58,2.75571428571545,2.96214285714294,3.76400000000043,-0.20642857142749,542.28,60,13.3608839779006,0
"2540","LITTLE QUALICUM RIVER",2022,2022-08-12,224,73,0,2.52,2.69571428571362,2.90142857142824,3.65833333333333,-0.205714285714618,544.8,61,13.3608839779006,0
"2541","LITTLE QUALICUM RIVER",2022,2022-08-13,225,74,0,2.48,2.63857142857159,2.84428571428621,3.55799999999969,-0.205714285714618,547.28,62,13.3608839779006,0
"2542","LITTLE QUALICUM RIVER",2022,2022-08-14,226,75,0,2.45,2.58714285714086,2.78999999999983,3.46266666666585,-0.202857142858972,549.73,63,13.3608839779006,0
"2543","LITTLE QUALICUM RIVER",2022,2022-08-15,227,76,0,2.38,2.53571428571429,2.73428571428563,3.36699999999934,-0.198571428571345,552.11,64,13.3608839779006,0
"2544","LITTLE QUALICUM RIVER",2022,2022-08-16,228,77,0,2.29,2.47714285714236,2.67785714285648,3.26966666666655,-0.20071428571412,554.4,65,13.3608839779006,0
"2545","LITTLE QUALICUM RIVER",2022,2022-08-17,229,78,0,2.06,2.39428571428704,2.60642857142791,3.17733333333357,-0.212142857140861,556.46,66,13.3608839779006,0
"2546","LITTLE QUALICUM RIVER",2022,2022-08-18,230,79,0,1.97,2.30714285714203,2.53142857142874,3.09266666666663,-0.224285714286712,558.43,67,13.3608839779006,0
"2547","LITTLE QUALICUM RIVER",2022,2022-08-19,231,80,0,1.81,2.20571428571462,2.45071428571412,3.00666666666608,-0.244999999999501,560.24,68,13.3608839779006,0
"2548","LITTLE QUALICUM RIVER",2022,2022-08-20,232,81,0,1.8,2.10857142857276,2.37357142857218,2.92400000000004,-0.264999999999418,562.04,69,13.3608839779006,0
"2549","LITTLE QUALICUM RIVER",2022,2022-08-21,233,82,0,1.77,2.0114285714309,2.29928571428588,2.84400000000023,-0.287857142854981,563.81,70,13.3608839779006,0
"2550","LITTLE QUALICUM RIVER",2022,2022-08-22,234,83,0,1.76,1.92285714286014,2.22928571428721,2.76833333333392,-0.306428571427075,565.57,71,13.3608839779006,0
"2551","LITTLE QUALICUM RIVER",2022,2022-08-23,235,84,0,1.74,1.84428571428621,2.16071428571429,2.69733333333376,-0.316428571428072,567.31,72,13.3608839779006,0
"2552","LITTLE QUALICUM RIVER",2022,2022-08-24,236,85,0,1.72,1.79571428571528,2.09500000000116,2.63033333333345,-0.299285714285881,569.03,73,13.3608839779006,0
"2553","LITTLE QUALICUM RIVER",2022,2022-08-25,237,86,0,1.68,1.75428571428555,2.03071428571379,2.56399999999946,-0.276428571428239,570.71,74,13.3608839779006,0
"2554","LITTLE QUALICUM RIVER",2022,2022-08-26,238,87,0,1.68,1.73571428571345,1.97071428571404,2.50099999999996,-0.235000000000582,572.39,75,13.3608839779006,0
"2555","LITTLE QUALICUM RIVER",2022,2022-08-27,239,88,0,1.7,1.72142857142691,1.91499999999983,2.44266666666663,-0.193571428572925,574.09,76,13.3608839779006,0
"2556","LITTLE QUALICUM RIVER",2022,2022-08-28,240,89,0,1.68,1.70857142857026,1.86000000000058,2.38633333333322,-0.151428571430318,575.77,77,13.3608839779006,0
"2557","LITTLE QUALICUM RIVER",2022,2022-08-29,241,90,0,1.66,1.69428571428372,1.80857142857193,2.33233333333337,-0.114285714288209,577.43,78,13.3608839779006,0
"2558","LITTLE QUALICUM RIVER",2022,2022-08-30,242,91,0,1.59,1.67285714285598,1.7585714285711,2.27833333333353,-0.0857142857151174,579.02,79,13.3608839779006,0
"2559","LITTLE QUALICUM RIVER",2022,2022-08-31,243,92,0,1.61,1.65714285714369,1.72642857142949,2.22666666666725,-0.0692857142857974,580.63,80,13.3608839779006,0
"2560","LITTLE QUALICUM RIVER",2022,2022-09-01,244,93,0,1.6,1.64571428571279,1.69999999999917,2.1773333333326,-0.0542857142863795,582.23,81,13.3608839779006,0
"2561","LITTLE QUALICUM RIVER",2022,2022-09-02,245,94,0,1.59,1.6328571428603,1.68428571428688,2.12833333333353,-0.0514285714265756,583.82,82,13.3608839779006,0
"2562","LITTLE QUALICUM RIVER",2022,2022-09-03,246,95,0,1.57,1.61428571428405,1.66785714285548,2.07999999999981,-0.0535714285714286,585.39,83,13.3608839779006,0
"2563","LITTLE QUALICUM RIVER",2022,2022-09-04,247,96,0,1.56,1.59714285714186,1.65285714285606,2.03399999999965,-0.0557142857142026,586.95,84,13.3608839779006,0
"2564","LITTLE QUALICUM RIVER",2022,2022-09-05,248,97,0,1.55,1.58142857142957,1.63785714285664,1.98966666666674,-0.0564285714270747,588.5,85,13.3608839779006,0
"2565","LITTLE QUALICUM RIVER",2022,2022-09-06,249,98,0,1.55,1.57571428571412,1.62428571428505,1.94766666666643,-0.0485714285709298,590.05,86,13.3608839779006,0
"2566","LITTLE QUALICUM RIVER",2022,2022-09-07,250,99,0,1.54,1.56571428571312,1.61142857142841,1.90766666666702,-0.0457142857152835,591.59,87,13.3608839779006,0
"2567","LITTLE QUALICUM RIVER",2022,2022-09-08,251,100,0,1.53,1.55571428571628,1.60071428571454,1.86866666666659,-0.0449999999982538,593.12,88,13.3608839779006,0
"2568","LITTLE QUALICUM RIVER",2022,2022-09-09,252,101,0,1.51,1.54428571428538,1.58857142857284,1.83100000000074,-0.0442857142874606,594.63,89,13.3608839779006,0
"2569","LITTLE QUALICUM RIVER",2022,2022-09-10,253,102,0,1.5,1.53428571428854,1.5742857142863,1.79500000000019,-0.0399999999977547,596.13,90,13.3608839779006,0
"2570","LITTLE QUALICUM RIVER",2022,2022-09-11,254,103,0,1.51,1.52714285714319,1.56214285714252,1.76133333333322,-0.0349999999993347,597.64,91,13.3608839779006,0
"2571","LITTLE QUALICUM RIVER",2022,2022-09-12,255,104,0,1.48,1.51714285714219,1.54928571428588,1.72799999999988,-0.0321428571436888,599.12,92,13.3608839779006,0
"2572","LITTLE QUALICUM RIVER",2022,2022-09-13,256,105,0,1.48,1.50714285714535,1.54142857142974,1.69566666666748,-0.0342857142843838,600.6,93,13.3608839779006,0
"2573","LITTLE QUALICUM RIVER",2022,2022-09-14,257,106,1,1.46,1.49571428571445,1.53071428571379,1.66500000000039,-0.0349999999993347,602.06,94,13.3608839779006,0
"2574","LITTLE QUALICUM RIVER",2023,2023-06-01,152,1,0,3.99,5.90857142856943,7.9442857142858,10.8440000000002,-2.03571428571636,3.99,25,10.6702209944751,0
"2575","LITTLE QUALICUM RIVER",2023,2023-06-02,153,2,0,4,5.40428571428389,7.33714285714294,10.4706666666665,-1.93285714285906,7.99,26,10.6702209944751,0
"2576","LITTLE QUALICUM RIVER",2023,2023-06-03,154,3,0,3.56,4.84428571428621,6.74857142857218,10.0559999999998,-1.90428571428596,11.55,27,10.6702209944751,0
"2577","LITTLE QUALICUM RIVER",2023,2023-06-04,155,4,0,3.6,4.32999999999967,6.21285714285789,9.59266666666663,-1.88285714285822,15.15,28,10.6702209944751,0
"2578","LITTLE QUALICUM RIVER",2023,2023-06-05,156,5,0,3.54,3.95285714285897,5.760000000001,9.14733333333376,-1.80714285714203,18.69,29,10.6702209944751,0
"2579","LITTLE QUALICUM RIVER",2023,2023-06-06,157,6,0,3.48,3.77285714285764,5.38714285714169,8.76333333333314,-1.61428571428405,22.17,30,10.6702209944751,0
"2580","LITTLE QUALICUM RIVER",2023,2023-06-07,158,7,0,3.63,3.68571428571262,5.05642857142915,8.42766666666624,-1.37071428571653,25.8,31,10.6702209944751,0
"2581","LITTLE QUALICUM RIVER",2023,2023-06-08,159,8,0,3.88,3.67000000000033,4.78928571428488,8.14033333333306,-1.11928571428455,29.68,32,10.6702209944751,0
"2582","LITTLE QUALICUM RIVER",2023,2023-06-09,160,9,0,3.59,3.61142857142841,4.50785714285615,7.87666666666628,-0.89642857142774,33.27,33,10.6702209944751,0
"2583","LITTLE QUALICUM RIVER",2023,2023-06-10,161,10,0,3.62,3.6199999999995,4.23214285714286,7.63066666666612,-0.612142857143356,36.89,34,10.6702209944751,0
"2584","LITTLE QUALICUM RIVER",2023,2023-06-11,162,11,0,3.86,3.65714285714369,3.99357142857168,7.39266666666663,-0.336428571427989,40.75,35,10.6702209944751,0
"2585","LITTLE QUALICUM RIVER",2023,2023-06-12,163,12,0,3.95,3.71571428571146,3.83428571428522,7.15099999999996,-0.118571428573757,44.7,36,10.6702209944751,0
"2586","LITTLE QUALICUM RIVER",2023,2023-06-13,164,13,0,3.53,3.72285714285681,3.74785714285723,6.8786666666662,-0.0250000000004156,48.23,37,10.6702209944751,0
"2587","LITTLE QUALICUM RIVER",2023,2023-06-14,165,14,0,2.99,3.6314285714304,3.65857142857151,6.56166666666686,-0.027142857141111,51.22,38,10.6702209944751,0
"2588","LITTLE QUALICUM RIVER",2023,2023-06-15,166,15,0,2.85,3.48428571428355,3.57714285714194,6.22333333333275,-0.0928571428583904,54.07,39,10.6702209944751,0
"2589","LITTLE QUALICUM RIVER",2023,2023-06-16,167,16,0,2.89,3.38428571428605,3.49785714285723,5.8963333333338,-0.113571428571179,56.96,40,10.6702209944751,0
"2590","LITTLE QUALICUM RIVER",2023,2023-06-17,168,17,0,2.86,3.27571428571329,3.44785714285639,5.56833333333295,-0.172142857143107,59.82,41,10.6702209944751,0
"2591","LITTLE QUALICUM RIVER",2023,2023-06-18,169,18,0,2.62,3.09857142857176,3.37785714285772,5.23900000000043,-0.279285714285963,62.44,42,10.6702209944751,0
"2592","LITTLE QUALICUM RIVER",2023,2023-06-19,170,19,0,2.4,2.87714285714485,3.29642857142816,4.92566666666729,-0.419285714283303,64.84,43,10.6702209944751,0
"2593","LITTLE QUALICUM RIVER",2023,2023-06-20,171,20,0,2.55,2.73714285714336,3.23000000000008,4.64066666666671,-0.492857142856727,67.39,44,10.6702209944751,0
"2594","LITTLE QUALICUM RIVER",2023,2023-06-21,172,21,0,2.68,2.69285714285382,3.16214285714211,4.40066666666632,-0.469285714288292,70.07,45,10.6702209944751,0
"2595","LITTLE QUALICUM RIVER",2023,2023-06-22,173,22,0,2.8,2.68571428571678,3.08500000000017,4.20399999999985,-0.399285714283386,72.87,46,10.6702209944751,0
"2596","LITTLE QUALICUM RIVER",2023,2023-06-23,174,23,0,2.89,2.68571428571262,3.03499999999933,4.025,-0.349285714286712,75.76,47,10.6702209944751,0
"2597","LITTLE QUALICUM RIVER",2023,2023-06-24,175,24,0,2.88,2.68857142857243,2.98214285714286,3.86699999999934,-0.293571428570431,78.64,48,10.6702209944751,0
"2598","LITTLE QUALICUM RIVER",2023,2023-06-25,176,25,0,2.84,2.71999999999701,2.90928571428438,3.71066666666593,-0.189285714287377,81.48,49,10.6702209944751,0
"2599","LITTLE QUALICUM RIVER",2023,2023-06-26,177,26,0,2.91,2.79285714285548,2.83500000000017,3.55833333333333,-0.0421428571446869,84.39,50,10.6702209944751,0
"2600","LITTLE QUALICUM RIVER",2023,2023-06-27,178,27,0,3.01,2.85857142857276,2.79785714285806,3.41866666666659,0.0607142857147016,87.4,51,10.6702209944751,0
"2601","LITTLE QUALICUM RIVER",2023,2023-06-28,179,28,0,3.07,2.91428571428904,2.80357142857143,3.31500000000039,0.110714285717612,90.47,52,10.6702209944751,0
"2602","LITTLE QUALICUM RIVER",2023,2023-06-29,180,29,0,2.99,2.94142857142807,2.81357142857243,3.25666666666705,0.127857142855646,93.46,53,10.6702209944751,0
"2603","LITTLE QUALICUM RIVER",2023,2023-06-30,181,30,0,2.97,2.95285714285897,2.8192857142858,3.2143333333331,0.133571428573175,96.43,54,10.6702209944751,0
"2604","LITTLE QUALICUM RIVER",2023,2023-07-01,182,31,0,2.72,2.93000000000133,2.80928571428688,3.17200000000012,0.120714285714452,99.15,55,10.6702209944751,0
"2605","LITTLE QUALICUM RIVER",2023,2023-07-02,183,32,0,2.57,2.8914285714314,2.8057142857142,3.12433333333368,0.085714285717196,101.72,56,10.6702209944751,0
"2606","LITTLE QUALICUM RIVER",2023,2023-07-03,184,33,0,2.49,2.83142857142957,2.81214285714252,3.08866666666678,0.0192857142870446,104.21,57,10.6702209944751,0
"2607","LITTLE QUALICUM RIVER",2023,2023-07-04,185,34,0,2.52,2.76142857142674,2.80999999999975,3.05266666666624,-0.0485714285730086,106.73,58,10.6702209944751,0
"2608","LITTLE QUALICUM RIVER",2023,2023-07-05,186,35,0,2.75,2.71571428571146,2.81500000000025,3.02633333333263,-0.0992857142887908,109.48,59,10.6702209944751,0
"2609","LITTLE QUALICUM RIVER",2023,2023-07-06,187,36,0,2.79,2.68714285714252,2.8142857142853,3.00333333333353,-0.127142857142774,112.27,60,10.6702209944751,0
"2610","LITTLE QUALICUM RIVER",2023,2023-07-07,188,37,0,2.82,2.66571428571478,2.80928571428688,2.97633333333361,-0.143571428572094,115.09,61,10.6702209944751,0
"2611","LITTLE QUALICUM RIVER",2023,2023-07-08,189,38,0,2.75,2.67000000000033,2.80000000000083,2.93866666666678,-0.130000000000499,117.84,62,10.6702209944751,0
"2612","LITTLE QUALICUM RIVER",2023,2023-07-09,190,39,0,2.69,2.68714285714252,2.78928571428696,2.90866666666698,-0.102142857144437,120.53,63,10.6702209944751,0
"2613","LITTLE QUALICUM RIVER",2023,2023-07-10,191,40,0,2.63,2.70714285714452,2.76928571428704,2.87566666666729,-0.0621428571425242,123.16,64,10.6702209944751,0
"2614","LITTLE QUALICUM RIVER",2023,2023-07-11,192,41,0,2.45,2.69714285714352,2.72928571428513,2.8286666666662,-0.03214285714161,125.61,65,10.6702209944751,0
"2615","LITTLE QUALICUM RIVER",2023,2023-07-12,193,42,0,2.25,2.62571428571495,2.6707142857132,2.77200000000012,-0.0449999999982538,127.86,66,10.6702209944751,0
"2616","LITTLE QUALICUM RIVER",2023,2023-07-13,194,43,0,2.27,2.55142857143073,2.61928571428663,2.73000000000078,-0.0678571428558956,130.13,67,10.6702209944751,0
"2617","LITTLE QUALICUM RIVER",2023,2023-07-14,195,44,0,2.27,2.47285714285681,2.5692857142858,2.70599999999977,-0.0964285714289872,132.4,68,10.6702209944751,0
"2618","LITTLE QUALICUM RIVER",2023,2023-07-15,196,45,0,2.13,2.38428571428605,2.52714285714319,2.6820000000007,-0.142857142857143,134.53,69,10.6702209944751,0
"2619","LITTLE QUALICUM RIVER",2023,2023-07-16,197,46,0,2.02,2.28857142856993,2.48785714285623,2.65299999999988,-0.199285714286296,136.55,70,10.6702209944751,0
"2620","LITTLE QUALICUM RIVER",2023,2023-07-17,198,47,0,1.9,2.18428571428272,2.44571428571362,2.62100000000016,-0.2614285714309,138.45,71,10.6702209944751,0
"2621","LITTLE QUALICUM RIVER",2023,2023-07-18,199,48,0,1.81,2.09285714285631,2.39499999999992,2.59399999999926,-0.302142857143606,140.26,72,10.6702209944751,0
"2622","LITTLE QUALICUM RIVER",2023,2023-07-19,200,49,0,1.93,2.04714285714519,2.33642857143007,2.57833333333353,-0.289285714284883,142.19,73,10.6702209944751,0
"2623","LITTLE QUALICUM RIVER",2023,2023-07-20,201,50,0,2,2.0085714285711,2.28000000000091,2.56000000000058,-0.271428571429819,144.19,74,10.6702209944751,0
"2624","LITTLE QUALICUM RIVER",2023,2023-07-21,202,51,0,2,1.97000000000116,2.22142857142899,2.53733333333415,-0.251428571427823,146.19,75,10.6702209944751,0
"2625","LITTLE QUALICUM RIVER",2023,2023-07-22,203,52,0,1.88,1.93428571428272,2.15928571428438,2.50666666666608,-0.225000000001663,148.07,76,10.6702209944751,0
"2626","LITTLE QUALICUM RIVER",2023,2023-07-23,204,53,0,1.64,1.8800000000005,2.08428571428522,2.46500000000039,-0.204285714284717,149.71,77,10.6702209944751,0
"2627","LITTLE QUALICUM RIVER",2023,2023-07-24,205,54,0,1.43,1.81285714285748,1.9985714285701,2.41666666666667,-0.185714285712623,151.14,78,10.6702209944751,0
"2628","LITTLE QUALICUM RIVER",2023,2023-07-25,206,55,0,1.4,1.75428571428555,1.92357142857093,2.36866666666659,-0.169285714285382,152.54,79,10.6702209944751,0
"2629","LITTLE QUALICUM RIVER",2023,2023-07-26,207,56,0,1.53,1.69714285713936,1.87214285714228,2.32266666666643,-0.17500000000291,154.07,80,10.6702209944751,0
"2630","LITTLE QUALICUM RIVER",2023,2023-07-27,208,57,0,1.57,1.63571428571179,1.82214285714144,2.27466666666636,-0.186428571429653,155.64,81,10.6702209944751,0
"2631","LITTLE QUALICUM RIVER",2023,2023-07-28,209,58,0,1.64,1.58428571428522,1.77714285714319,2.22699999999992,-0.192857142857974,157.28,82,10.6702209944751,0
"2632","LITTLE QUALICUM RIVER",2023,2023-07-29,210,59,0,1.67,1.55428571428638,1.74428571428455,2.18299999999969,-0.189999999998171,158.95,83,10.6702209944751,0
"2633","LITTLE QUALICUM RIVER",2023,2023-07-30,211,60,0,1.5,1.53428571428438,1.70714285714244,2.13399999999965,-0.172857142858058,160.45,84,10.6702209944751,0
"2634","LITTLE QUALICUM RIVER",2023,2023-07-31,212,61,0,1.42,1.53285714285864,1.67285714285806,2.09066666666671,-0.139999999999418,161.87,85,10.6702209944751,0
"2635","LITTLE QUALICUM RIVER",2023,2023-08-01,213,62,0,1.53,1.55142857143073,1.65285714285814,2.05599999999977,-0.101428571427407,163.4,86,10.6702209944751,0
"2636","LITTLE QUALICUM RIVER",2023,2023-08-02,214,63,0,1.47,1.54285714285964,1.6199999999995,2.02200000000012,-0.0771428571398638,164.87,87,10.6702209944751,0
"2637","LITTLE QUALICUM RIVER",2023,2023-08-03,215,64,0,1.48,1.52999999999884,1.58285714285531,1.98733333333318,-0.0528571428564777,166.35,88,10.6702209944751,0
"2638","LITTLE QUALICUM RIVER",2023,2023-08-04,216,65,0,1.69,1.53714285714003,1.56071428571262,1.95199999999992,-0.0235714285725928,168.04,89,10.6702209944751,0
"2639","LITTLE QUALICUM RIVER",2023,2023-08-05,217,66,0,1.83,1.56000000000183,1.5571428571441,1.92000000000019,0.00285714285772509,169.87,90,10.6702209944751,0
"2640","LITTLE QUALICUM RIVER",2023,2023-08-06,218,67,0,1.79,1.60142857143157,1.56785714285797,1.8856666666669,0.0335714285735906,171.66,91,10.6702209944751,0
"2641","LITTLE QUALICUM RIVER",2023,2023-08-07,219,68,0,1.78,1.65285714285814,1.59285714285839,1.85333333333353,0.0599999999997505,173.44,92,10.6702209944751,0
"2642","LITTLE QUALICUM RIVER",2023,2023-08-08,220,69,0,1.77,1.68714285714252,1.61928571428663,1.82266666666643,0.0678571428558954,175.21,93,10.6702209944751,0
"2643","LITTLE QUALICUM RIVER",2023,2023-08-09,221,70,0,1.85,1.7414285714289,1.64214285714427,1.79666666666647,0.0992857142846333,177.06,94,10.6702209944751,0
"2644","LITTLE QUALICUM RIVER",2023,2023-08-10,222,71,0,1.72,1.77571428571745,1.65285714285814,1.77233333333376,0.122857142859305,178.78,95,10.6702209944751,0
"2645","LITTLE QUALICUM RIVER",2023,2023-08-11,223,72,0,1.73,1.78142857142874,1.65928571428438,1.75499999999981,0.122142857144354,180.51,96,10.6702209944751,0
"2646","LITTLE QUALICUM RIVER",2023,2023-08-12,224,73,0,1.82,1.77999999999884,1.67000000000033,1.73999999999942,0.109999999998503,182.33,97,10.6702209944751,0
"2647","LITTLE QUALICUM RIVER",2023,2023-08-13,225,74,0,1.95,1.80285714285648,1.70214285714402,1.72933333333349,0.100714285712456,184.28,98,10.6702209944751,0
"2648","LITTLE QUALICUM RIVER",2023,2023-08-14,226,75,0,2.05,1.84142857142641,1.74714285714228,1.72666666666628,0.0942857142841342,186.33,99,10.6702209944751,0
"2649","LITTLE QUALICUM RIVER",2023,2023-08-15,227,76,0,2.06,1.88285714285614,1.78499999999933,1.72799999999988,0.0978571428568102,188.39,100,10.6702209944751,0
"2650","LITTLE QUALICUM RIVER",2023,2023-08-16,228,77,0,2,1.90428571428388,1.82285714285639,1.73133333333341,0.0814285714274905,190.39,101,10.6702209944751,0
"2651","LITTLE QUALICUM RIVER",2023,2023-08-17,229,78,0,1.89,1.92857142857143,1.85214285714444,1.73400000000062,0.0764285714269914,192.28,102,10.6702209944751,0
"2652","LITTLE QUALICUM RIVER",2023,2023-08-18,230,79,0,1.51,1.89714285714269,1.83928571428571,1.71999999999922,0.0578571428569767,193.79,103,10.6702209944751,0
"2653","LITTLE QUALICUM RIVER",2023,2023-08-19,231,80,0,1.33,1.82714285714402,1.80357142857143,1.69766666666643,0.0235714285725928,195.12,104,10.6702209944751,0
"2654","LITTLE QUALICUM RIVER",2023,2023-08-20,232,81,0,1.29,1.73285714285781,1.76785714285714,1.67400000000004,-0.0349999999993347,196.41,105,10.6702209944751,0
"2655","LITTLE QUALICUM RIVER",2023,2023-08-21,233,82,0,1.29,1.62428571428505,1.73285714285573,1.65433333333349,-0.10857142857068,197.7,106,10.6702209944751,0
"2656","LITTLE QUALICUM RIVER",2023,2023-08-22,234,83,0,1.29,1.51428571428655,1.69857142857135,1.64266666666663,-0.1842857142848,198.99,107,10.6702209944751,0
"2657","LITTLE QUALICUM RIVER",2023,2023-08-23,235,84,0,1.21,1.40142857142824,1.65285714285606,1.63533333333326,-0.251428571427823,200.2,108,10.6702209944751,0
"2658","LITTLE QUALICUM RIVER",2023,2023-08-24,236,85,0,1.21,1.30428571428638,1.6164285714289,1.62900000000081,-0.312142857142524,201.41,109,10.6702209944751,0
"2659","LITTLE QUALICUM RIVER",2023,2023-08-25,237,86,0,1.26,1.26857142857209,1.58285714285739,1.62000000000019,-0.314285714285299,202.67,110,10.6702209944751,0
"2660","LITTLE QUALICUM RIVER",2023,2023-08-26,238,87,0,1.37,1.27428571428339,1.5507142857137,1.61333333333314,-0.276428571430318,204.04,111,10.6702209944751,0
"2661","LITTLE QUALICUM RIVER",2023,2023-08-27,239,88,0,1.48,1.30142857142658,1.51714285714219,1.60799999999969,-0.215714285715616,205.52,112,10.6702209944751,0
"2662","LITTLE QUALICUM RIVER",2023,2023-08-28,240,89,0,1.51,1.33285714285947,1.47857142857226,1.60266666666721,-0.145714285712789,207.03,113,10.6702209944751,0
"2663","LITTLE QUALICUM RIVER",2023,2023-08-29,241,90,0,1.44,1.35428571428721,1.43428571428688,1.60066666666729,-0.0799999999996672,208.47,114,10.6702209944751,0
"2664","LITTLE QUALICUM RIVER",2023,2023-08-30,242,91,0,1.41,1.3828571428603,1.39214285714427,1.60033333333364,-0.00928571428396796,209.88,115,10.6702209944751,0
"2665","LITTLE QUALICUM RIVER",2023,2023-08-31,243,92,0,1.46,1.41857142857043,1.36142857142841,1.59800000000008,0.0571428571420256,211.34,116,10.6702209944751,0
"2666","LITTLE QUALICUM RIVER",2023,2023-09-01,244,93,0,1.38,1.43571428571678,1.35214285714444,1.59500000000019,0.0835714285723432,212.72,117,10.6702209944751,0
"2667","LITTLE QUALICUM RIVER",2023,2023-09-02,245,94,0,1.35,1.43285714285698,1.35357142857018,1.59066666666671,0.0792857142867953,214.07,118,10.6702209944751,0
"2668","LITTLE QUALICUM RIVER",2023,2023-09-03,246,95,0,1.28,1.40428571428388,1.35285714285523,1.57699999999992,0.0514285714286546,215.35,119,10.6702209944751,0
"2669","LITTLE QUALICUM RIVER",2023,2023-09-04,247,96,0,1.17,1.35571428571296,1.34428571428621,1.55499999999981,0.0114285714267419,216.52,120,10.6702209944751,0
"2670","LITTLE QUALICUM RIVER",2023,2023-09-05,248,97,0,1.23,1.32571428571412,1.34000000000067,1.53633333333322,-0.014285714286546,217.75,121,10.6702209944751,0
"2671","LITTLE QUALICUM RIVER",2023,2023-09-06,249,98,0,1.25,1.30285714285648,1.34285714285839,1.51866666666659,-0.0400000000019125,219,122,10.6702209944751,0
"2672","LITTLE QUALICUM RIVER",2023,2023-09-07,250,99,0,1.23,1.26999999999784,1.34428571428413,1.50066666666632,-0.0742857142862965,220.23,123,10.6702209944751,0
"2673","LITTLE QUALICUM RIVER",2023,2023-09-08,251,100,0,1.18,1.2414285714289,1.33857142857284,1.47833333333353,-0.0971428571439383,221.41,124,10.6702209944751,0
"2674","LITTLE QUALICUM RIVER",2023,2023-09-09,252,101,0,1.14,1.21142857143007,1.32214285714352,1.45899999999965,-0.110714285713454,222.55,125,10.6702209944751,0
"2675","LITTLE QUALICUM RIVER",2023,2023-09-10,253,102,0,1.16,1.19428571428788,1.29928571428588,1.44000000000039,-0.104999999998004,223.71,126,10.6702209944751,0
"2676","LITTLE QUALICUM RIVER",2023,2023-09-11,254,103,0,1.28,1.21000000000017,1.28285714285656,1.42200000000012,-0.0728571428563944,224.99,127,10.6702209944751,0
"2677","LITTLE QUALICUM RIVER",2023,2023-09-12,255,104,0,1.25,1.21285714285581,1.26928571428497,1.39866666666639,-0.0564285714291535,226.24,128,10.6702209944751,0
"2678","LITTLE QUALICUM RIVER",2023,2023-09-13,256,105,0,1.25,1.21285714285581,1.25785714285614,1.37200000000012,-0.0450000000003326,227.49,129,10.6702209944751,0
"2679","LITTLE QUALICUM RIVER",2023,2023-09-14,257,106,0,1.29,1.22142857143107,1.24571428571445,1.3463333333338,-0.0242857142833861,228.78,130,10.6702209944751,0
"2680","LITTLE QUALICUM RIVER",2023,2023-09-15,258,107,0,1.25,1.23142857142791,1.23642857142841,1.3213333333338,-0.00500000000049883,230.03,131,10.6702209944751,0
"2681","LITTLE QUALICUM RIVER",2023,2023-09-16,259,108,0,1.26,1.2485714285701,1.23000000000008,1.30033333333267,0.0185714285700149,231.29,132,10.6702209944751,0
"2682","LITTLE QUALICUM RIVER",2023,2023-09-17,260,109,0,1.28,1.26571428571229,1.23000000000008,1.29266666666663,0.0357142857122068,232.57,133,10.6702209944751,0
"2683","LITTLE QUALICUM RIVER",2023,2023-09-18,261,110,1,1.25,1.26142857142674,1.23571428571345,1.28999999999942,0.0257142857132879,233.82,134,10.6702209944751,0
"2684","LITTLE QUALICUM RIVER",2024,2024-05-31,152,1,0,5.11,5.35000000000166,5.23000000000008,5.59866666666639,0.12000000000158,5.11,79,10.9616022099448,0
"2685","LITTLE QUALICUM RIVER",2024,2024-06-01,153,2,0,5.09,5.31285714285748,5.23428571428563,5.56233333333318,0.078571428571844,10.2,80,10.9616022099448,0
"2686","LITTLE QUALICUM RIVER",2024,2024-06-02,154,3,0,5.1,5.28857142856993,5.24857142857218,5.53366666666698,0.0399999999977547,15.3,81,10.9616022099448,0
"2687","LITTLE QUALICUM RIVER",2024,2024-06-03,155,4,0,5.78,5.32571428571412,5.31642857142807,5.53033333333345,0.00928571428604741,21.08,82,10.9616022099448,0
"2688","LITTLE QUALICUM RIVER",2024,2024-06-04,156,5,0,8.53,5.729999999998,5.5742857142863,5.61666666666667,0.155714285711708,29.61,83,10.9616022099448,0
"2689","LITTLE QUALICUM RIVER",2024,2024-06-05,157,6,0,10.5,6.46857142857126,5.93499999999975,5.76933333333291,0.533571428571511,40.11,84,10.9616022099448,0
"2690","LITTLE QUALICUM RIVER",2024,2024-06-06,158,7,0,10,7.15857142856943,6.25642857142832,5.90466666666616,0.902142857141111,50.11,85,10.9616022099448,0
"2691","LITTLE QUALICUM RIVER",2024,2024-06-07,159,8,0,9.01,7.71571428571562,6.53285714285864,6.00800000000066,1.18285714285698,59.12,86,10.9616022099448,0
"2692","LITTLE QUALICUM RIVER",2024,2024-06-08,160,9,0,8.48,8.19999999999917,6.75642857142832,6.09366666666659,1.44357142857085,67.6,87,10.9616022099448,0
"2693","LITTLE QUALICUM RIVER",2024,2024-06-09,161,10,0,8.18,8.6400000000015,6.96428571428571,6.16900000000023,1.67571428571578,75.78,88,10.9616022099448,0
"2694","LITTLE QUALICUM RIVER",2024,2024-06-10,162,11,0,7.49,8.88428571428605,7.10500000000008,6.22166666666647,1.77928571428596,83.27,89,10.9616022099448,0
"2695","LITTLE QUALICUM RIVER",2024,2024-06-11,163,12,0,6.41,8.58142857142957,7.15571428571379,6.23866666666678,1.42571428571578,89.68,90,10.9616022099448,0
"2696","LITTLE QUALICUM RIVER",2024,2024-06-12,164,13,0,5.58,7.8785714285706,7.17357142857093,6.225,0.704999999999667,95.26,91,10.9616022099448,0
"2697","LITTLE QUALICUM RIVER",2024,2024-06-13,165,14,0,5.16,7.18714285714252,7.17285714285598,6.19766666666643,0.0142857142865456,100.42,92,10.9616022099448,0
"2698","LITTLE QUALICUM RIVER",2024,2024-06-14,166,15,0,4.94,6.60571428571296,7.16071428571429,6.16266666666682,-0.55500000000133,105.36,93,10.9616022099448,0
"2699","LITTLE QUALICUM RIVER",2024,2024-06-15,167,16,0,4.64,6.05714285714618,7.12857142857268,6.11833333333392,-1.07142857142649,110,94,10.9616022099448,0
"2700","LITTLE QUALICUM RIVER",2024,2024-06-16,168,17,0,4.46,5.52571428571329,7.08285714285739,6.0856666666669,-1.5571428571441,114.46,95,10.9616022099448,0
"2701","LITTLE QUALICUM RIVER",2024,2024-06-17,169,18,0,4.47,5.09428571428621,6.98928571428613,6.06700000000031,-1.89499999999992,118.93,96,10.9616022099448,0
"2702","LITTLE QUALICUM RIVER",2024,2024-06-18,170,19,0,3.97,4.74571428571445,6.66357142857201,6.03600000000054,-1.91785714285756,122.9,97,10.9616022099448,0
"2703","LITTLE QUALICUM RIVER",2024,2024-06-19,171,20,0,3.8,4.4914285714289,6.18499999999975,6.00166666666628,-1.69357142857085,126.7,98,10.9616022099448,0
"2704","LITTLE QUALICUM RIVER",2024,2024-06-20,172,21,0,3.82,4.30000000000083,5.74357142857168,5.96500000000039,-1.44357142857085,130.52,99,10.9616022099448,0
"2705","LITTLE QUALICUM RIVER",2024,2024-06-21,173,22,0,3.85,4.14428571428704,5.375,5.91166666666686,-1.23071428571296,134.37,100,10.9616022099448,0
"2706","LITTLE QUALICUM RIVER",2024,2024-06-22,174,23,0,3.91,4.03999999999983,5.04857142857301,5.85866666666698,-1.00857142857317,138.28,101,10.9616022099448,0
"2707","LITTLE QUALICUM RIVER",2024,2024-06-23,175,24,0,3.47,3.89857142857259,4.71214285714294,5.80300000000085,-0.813571428570348,141.75,102,10.9616022099448,0
"2708","LITTLE QUALICUM RIVER",2024,2024-06-24,176,25,0,3.1,3.70285714285481,4.39857142857051,5.72799999999988,-0.695714285715699,144.85,103,10.9616022099448,0
"2709","LITTLE QUALICUM RIVER",2024,2024-06-25,177,26,0,2.67,3.51714285714219,4.13142857142832,5.64133333333302,-0.61428571428613,147.52,104,10.9616022099448,0
"2710","LITTLE QUALICUM RIVER",2024,2024-06-26,178,27,0,2.73,3.36428571428821,3.92785714285856,5.54833333333372,-0.563571428570348,150.25,105,10.9616022099448,0
"2711","LITTLE QUALICUM RIVER",2024,2024-06-27,179,28,0,2.81,3.22000000000116,3.760000000001,5.45199999999992,-0.539999999999834,153.06,106,10.9616022099448,0
"2712","LITTLE QUALICUM RIVER",2024,2024-06-28,180,29,0,2.72,3.05857142857193,3.60142857142949,5.36500000000039,-0.542857142857559,155.78,107,10.9616022099448,0
"2713","LITTLE QUALICUM RIVER",2024,2024-06-29,181,30,0,2.81,2.90142857142824,3.47071428571404,5.28633333333322,-0.569285714285797,158.59,108,10.9616022099448,0
"2714","LITTLE QUALICUM RIVER",2024,2024-06-30,182,31,0,2.92,2.82285714285432,3.36071428571345,5.21333333333314,-0.537857142859139,161.51,109,10.9616022099448,0
"2715","LITTLE QUALICUM RIVER",2024,2024-07-01,183,32,0,2.77,2.77571428571745,3.23928571428613,5.13600000000054,-0.463571428568684,164.28,110,10.9616022099448,0
"2716","LITTLE QUALICUM RIVER",2024,2024-07-02,184,33,0,2.63,2.76999999999784,3.14357142857002,5.0536666666662,-0.373571428572177,166.91,111,10.9616022099448,0
"2717","LITTLE QUALICUM RIVER",2024,2024-07-03,185,34,0,2.55,2.74428571428455,3.05428571428638,4.94600000000016,-0.310000000001829,169.46,112,10.9616022099448,0
"2718","LITTLE QUALICUM RIVER",2024,2024-07-04,186,35,0,2.48,2.69714285714352,2.95857142857234,4.74433333333388,-0.261428571428821,171.94,113,10.9616022099448,0
"2719","LITTLE QUALICUM RIVER",2024,2024-07-05,187,36,0,2.42,2.65428571428388,2.85642857142791,4.475,-0.202142857144021,174.36,114,10.9616022099448,0
"2720","LITTLE QUALICUM RIVER",2024,2024-07-06,188,37,0,2.34,2.58714285714086,2.74428571428455,4.21966666666655,-0.157142857143689,176.7,115,10.9616022099448,0
"2721","LITTLE QUALICUM RIVER",2024,2024-07-07,189,38,0,2.29,2.49714285714435,2.65999999999933,3.99566666666651,-0.162857142854981,178.99,116,10.9616022099448,0
"2722","LITTLE QUALICUM RIVER",2024,2024-07-08,190,39,0,2.24,2.42142857142608,2.59857142857176,3.78766666666682,-0.177142857145685,181.23,117,10.9616022099448,0
"2723","LITTLE QUALICUM RIVER",2024,2024-07-09,191,40,0,2.21,2.36142857143256,2.5657142857152,3.58866666666678,-0.204285714282638,183.44,118,10.9616022099448,0
"2724","LITTLE QUALICUM RIVER",2024,2024-07-10,192,41,0,2.17,2.30714285714203,2.52571428571329,3.41133333333322,-0.218571428571262,185.61,119,10.9616022099448,0
"2725","LITTLE QUALICUM RIVER",2024,2024-07-11,193,42,0,2.14,2.2585714285711,2.47785714285731,3.26900000000023,-0.219285714286213,187.75,120,10.9616022099448,0
"2726","LITTLE QUALICUM RIVER",2024,2024-07-12,194,43,0,2.13,2.21714285714136,2.43571428571262,3.15399999999984,-0.218571428571262,189.88,121,10.9616022099448,0
"2727","LITTLE QUALICUM RIVER",2024,2024-07-13,195,44,0,2.11,2.18428571428688,2.38571428571387,3.05233333333357,-0.201428571426991,191.99,122,10.9616022099448,0
"2728","LITTLE QUALICUM RIVER",2024,2024-07-14,196,45,0,2.07,2.15285714285814,2.32500000000125,2.95666666666705,-0.172142857143106,194.06,123,10.9616022099448,0
"2729","LITTLE QUALICUM RIVER",2024,2024-07-15,197,46,0,2.05,2.12571428571495,2.27357142857051,2.87033333333287,-0.147857142855563,196.11,124,10.9616022099448,0
"2730","LITTLE QUALICUM RIVER",2024,2024-07-16,198,47,0,2.02,2.0985714285676,2.23000000000008,2.78899999999946,-0.13142857143248,198.13,125,10.9616022099448,0
"2731","LITTLE QUALICUM RIVER",2024,2024-07-17,199,48,0,2,2.07428571428422,2.19071428571312,2.70666666666608,-0.116428571428904,200.13,126,10.9616022099448,0
"2732","LITTLE QUALICUM RIVER",2024,2024-07-18,200,49,0,1.96,2.04857142857093,2.15357142857101,2.63966666666674,-0.105000000000083,202.09,127,10.9616022099448,0
"2733","LITTLE QUALICUM RIVER",2024,2024-07-19,201,50,0,2.01,2.03142857142874,2.12428571428505,2.57999999999981,-0.0928571428563112,204.1,128,10.9616022099448,0
"2734","LITTLE QUALICUM RIVER",2024,2024-07-20,202,51,0,2.13,2.03428571428438,2.10928571428563,2.52366666666639,-0.0750000000012472,206.23,129,10.9616022099448,0
"2735","LITTLE QUALICUM RIVER",2024,2024-07-21,203,52,0,2.11,2.03999999999983,2.09642857142899,2.46566666666671,-0.0564285714291537,208.34,130,10.9616022099448,0
"2736","LITTLE QUALICUM RIVER",2024,2024-07-22,204,53,0,2.09,2.04571428571528,2.08571428571512,2.40499999999981,-0.0399999999998335,210.43,131,10.9616022099448,0
"2737","LITTLE QUALICUM RIVER",2024,2024-07-23,205,54,0,2.04,2.04857142857509,2.07357142857135,2.35733333333337,-0.024999999996258,212.47,132,10.9616022099448,0
"2738","LITTLE QUALICUM RIVER",2024,2024-07-24,206,55,0,2.03,2.05285714286064,2.06357142857243,2.32166666666744,-0.0107142857117912,214.5,133,10.9616022099448,0
"2739","LITTLE QUALICUM RIVER",2024,2024-07-25,207,56,0,2.01,2.05999999999767,2.0542857142843,2.29966666666636,0.00571428571337096,216.51,134,10.9616022099448,0
"2740","LITTLE QUALICUM RIVER",2024,2024-07-26,208,57,0,1.98,2.05571428571628,2.04357142857251,2.27466666666636,0.0121428571437718,218.49,135,10.9616022099448,0
"2741","LITTLE QUALICUM RIVER",2024,2024-07-27,209,58,0,1.96,2.03142857142874,2.03285714285656,2.24633333333283,-0.00142857142782304,220.45,136,10.9616022099448,0
"2742","LITTLE QUALICUM RIVER",2024,2024-07-28,210,59,0,1.97,2.01142857142674,2.02571428571329,2.22133333333283,-0.014285714286546,222.42,137,10.9616022099448,0
"2743","LITTLE QUALICUM RIVER",2024,2024-07-29,211,60,0,2.11,2.01428571428655,2.03000000000091,2.19800000000008,-0.0157142857143686,224.53,138,10.9616022099448,0
"2744","LITTLE QUALICUM RIVER",2024,2024-07-30,212,61,0,2.08,2.01999999999784,2.03428571428646,2.17000000000019,-0.0142857142886244,226.61,139,10.9616022099448,0
"2745","LITTLE QUALICUM RIVER",2024,2024-07-31,213,62,0,2.01,2.01714285714219,2.03500000000141,2.14466666666655,-0.0178571428592216,228.62,140,10.9616022099448,0
"2746","LITTLE QUALICUM RIVER",2024,2024-08-01,214,63,0,1.91,2.0028571428598,2.03142857142874,2.12066666666748,-0.028571428568934,230.53,141,10.9616022099448,0
"2747","LITTLE QUALICUM RIVER",2024,2024-08-02,215,64,0,1.81,1.97857142857226,2.01714285714427,2.09600000000016,-0.0385714285720107,232.34,142,10.9616022099448,0
"2748","LITTLE QUALICUM RIVER",2024,2024-08-03,216,65,0,1.72,1.94428571428788,1.98785714285831,2.07066666666651,-0.0435714285704307,234.06,143,10.9616022099448,0
"2749","LITTLE QUALICUM RIVER",2024,2024-08-04,217,66,0,1.68,1.90285714285814,1.95714285714244,2.04600000000016,-0.0542857142843007,235.74,144,10.9616022099448,0
"2750","LITTLE QUALICUM RIVER",2024,2024-08-05,218,67,0,1.66,1.83857142857076,1.92642857142865,2.02333333333372,-0.0878571428578914,237.4,145,10.9616022099448,0
"2751","LITTLE QUALICUM RIVER",2024,2024-08-06,219,68,0,1.65,1.77714285714319,1.89857142857051,2.00199999999992,-0.121428571427324,239.05,146,10.9616022099448,0
"2752","LITTLE QUALICUM RIVER",2024,2024-08-07,220,69,0,1.63,1.72285714285681,1.8699999999995,1.98166666666705,-0.147142857142691,240.68,147,10.9616022099448,0
"2753","LITTLE QUALICUM RIVER",2024,2024-08-08,221,70,0,1.62,1.68142857142707,1.84214285714344,1.96199999999953,-0.160714285716365,242.3,148,10.9616022099448,0
"2754","LITTLE QUALICUM RIVER",2024,2024-08-09,222,71,0,1.6,1.65142857142824,1.81500000000025,1.94300000000027,-0.163571428572011,243.9,149,10.9616022099448,0
"2755","LITTLE QUALICUM RIVER",2024,2024-08-10,223,72,0,1.58,1.63142857142624,1.78785714285706,1.92433333333271,-0.156428571430817,245.48,150,10.9616022099448,0
"2756","LITTLE QUALICUM RIVER",2024,2024-08-11,224,73,0,1.56,1.61428571428405,1.7585714285711,1.90533333333345,-0.144285714287045,247.04,151,10.9616022099448,0
"2757","LITTLE QUALICUM RIVER",2024,2024-08-12,225,74,0,1.56,1.59999999999751,1.71928571428413,1.88699999999953,-0.119285714286629,248.6,152,10.9616022099448,0
"2758","LITTLE QUALICUM RIVER",2024,2024-08-13,226,75,0,1.55,1.58571428571512,1.68142857142915,1.86966666666655,-0.0957142857140363,250.15,153,10.9616022099448,0
"2759","LITTLE QUALICUM RIVER",2024,2024-08-14,227,76,0,1.46,1.56142857142757,1.64214285714219,1.85,-0.0807142857146184,251.61,154,10.9616022099448,0
"2760","LITTLE QUALICUM RIVER",2024,2024-08-15,228,77,0,1.49,1.54285714285548,1.61214285714128,1.83233333333337,-0.0692857142857974,253.1,155,10.9616022099448,0
"2761","LITTLE QUALICUM RIVER",2024,2024-08-16,229,78,0,1.48,1.52571428571329,1.58857142857076,1.81500000000039,-0.0628571428574753,254.58,156,10.9616022099448,0
"2762","LITTLE QUALICUM RIVER",2024,2024-08-17,230,79,0,1.46,1.5085714285711,1.56999999999867,1.79833333333275,-0.0614285714275735,256.04,157,10.9616022099448,0
"2763","LITTLE QUALICUM RIVER",2024,2024-08-18,231,80,0,1.54,1.50571428571545,1.55999999999975,1.78266666666702,-0.0542857142843005,257.58,158,10.9616022099448,0
"2764","LITTLE QUALICUM RIVER",2024,2024-08-19,232,81,0,1.57,1.50714285714535,1.55357142857143,1.76400000000043,-0.0464285714260768,259.15,159,10.9616022099448,0
"2765","LITTLE QUALICUM RIVER",2024,2024-08-20,233,82,0,1.62,1.51714285714219,1.55142857142865,1.74766666666643,-0.0342857142864628,260.77,160,10.9616022099448,0
"2766","LITTLE QUALICUM RIVER",2024,2024-08-21,234,83,0,1.66,1.54571428571528,1.55357142857143,1.73333333333333,-0.00785714285614514,262.43,161,10.9616022099448,0
"2767","LITTLE QUALICUM RIVER",2024,2024-08-22,235,84,0,1.76,1.58428571428937,1.56357142857243,1.72400000000004,0.0207142857169467,264.19,162,10.9616022099448,0
"2768","LITTLE QUALICUM RIVER",2024,2024-08-23,236,85,0,1.72,1.6185714285696,1.57214285714144,1.71366666666581,0.0464285714281556,265.91,163,10.9616022099448,0
"2769","LITTLE QUALICUM RIVER",2024,2024-08-24,237,86,0,1.62,1.6414285714314,1.57500000000125,1.70066666666729,0.0664285714301514,267.53,164,10.9616022099448,0
"2770","LITTLE QUALICUM RIVER",2024,2024-08-25,238,87,0,1.55,1.64285714285714,1.5742857142863,1.68633333333322,0.0685714285708465,269.08,165,10.9616022099448,0
"2771","LITTLE QUALICUM RIVER",2024,2024-08-26,239,88,0,1.6,1.64714285714269,1.57714285714402,1.67433333333368,0.0699999999986696,270.68,166,10.9616022099448,0
"2772","LITTLE QUALICUM RIVER",2024,2024-08-27,240,89,0,1.68,1.65571428571379,1.58642857142799,1.66466666666674,0.0692857142857974,272.36,167,10.9616022099448,0
"2773","LITTLE QUALICUM RIVER",2024,2024-08-28,241,90,0,1.59,1.64571428571279,1.59571428571404,1.64733333333279,0.0499999999987526,273.95,168,10.9616022099448,0
"2774","LITTLE QUALICUM RIVER",2024,2024-08-29,242,91,1,1.52,1.61142857142841,1.59785714285889,1.62866666666717,0.0135714285695161,275.47,169,10.9616022099448,0
