"","X","stream","year","date","doy","days_at_risk","arrived","flow","flow_7d","flow_14d","flow_30d","flow_delta_14d","flow_cum_since_start","days_since_high_flow","jan_jun_mean_flow","n_missing_flow"
"1",61,"NANAIMO RIVER",1984,"1984-01-01",1,1,0,7.84,6.33714285714294,7.01857142857105,10.2360000000001,-0.681428571428114,7.84,NA,14.8829281767956,0
"2",62,"NANAIMO RIVER",1984,"1984-01-02",2,2,0,17.2,7.89857142857051,7.53928571428488,10.376,0.359285714285631,25.04,0,14.8829281767956,0
"3",63,"NANAIMO RIVER",1984,"1984-01-03",3,3,0,35.4,12.105714285715,9.43214285714306,11.176,2.67357142857197,60.44,0,14.8829281767956,0
"4",64,"NANAIMO RIVER",1984,"1984-01-04",4,4,0,88.7,23.9699999999991,15.1957142857147,13.7826666666665,8.77428571428443,149.14,0,14.8829281767956,0
"5",65,"NANAIMO RIVER",1984,"1984-01-05",5,5,0,67.9,32.8799999999984,19.5164285714283,15.7216666666665,13.3635714285701,217.04,0,14.8829281767956,0
"6",66,"NANAIMO RIVER",1984,"1984-01-06",6,6,0,47.4,38.8057142857142,22.4078571428576,17.0019999999999,16.3978571428566,264.44,0,14.8829281767956,0
"7",67,"NANAIMO RIVER",1984,"1984-01-07",7,7,0,36.9,43.0485714285709,24.5828571428574,17.8353333333333,18.4657142857135,301.34,0,14.8829281767956,0
"8",68,"NANAIMO RIVER",1984,"1984-01-08",8,8,0,34.2,46.8142857142853,26.5757142857141,18.4919999999998,20.2385714285712,335.54,0,14.8829281767956,0
"9",69,"NANAIMO RIVER",1984,"1984-01-09",9,9,0,29.8,48.6142857142861,28.2564285714283,19.0653333333331,20.3578571428578,365.34,0,14.8829281767956,0
"10",70,"NANAIMO RIVER",1984,"1984-01-10",10,10,0,29.3,47.7428571428567,29.9242857142859,19.5919999999998,17.8185714285708,394.64,0,14.8829281767956,0
"11",71,"NANAIMO RIVER",1984,"1984-01-11",11,11,0,26.2,38.8142857142853,31.3921428571422,20.0186666666666,7.4221428571431,420.84,0,14.8829281767956,0
"12",72,"NANAIMO RIVER",1984,"1984-01-12",12,12,0,22.1,32.2714285714298,32.5757142857141,20.0853333333333,-0.304285714284305,442.94,0,14.8829281767956,0
"13",73,"NANAIMO RIVER",1984,"1984-01-13",13,13,0,19,28.2142857142857,33.51,20.1186666666666,-5.29571428571424,461.94,0,14.8829281767956,0
"14",74,"NANAIMO RIVER",1984,"1984-01-14",14,14,0,16.4,25.2857142857143,34.1671428571426,20.1586666666665,-8.88142857142832,478.34,0,14.8829281767956,0
"15",75,"NANAIMO RIVER",1984,"1984-01-15",15,15,0,14.3,22.442857142858,34.6285714285716,20.1820000000002,-12.1857142857137,492.64,0,14.8829281767956,0
"16",76,"NANAIMO RIVER",1984,"1984-01-16",16,16,0,12.5,19.971428571429,34.2928571428576,20.2086666666665,-14.3214285714286,505.14,1,14.8829281767956,0
"17",77,"NANAIMO RIVER",1984,"1984-01-17",17,17,0,11.3,17.4000000000004,32.5714285714286,20.2286666666667,-15.1714285714282,516.44,2,14.8829281767956,0
"18",78,"NANAIMO RIVER",1984,"1984-01-18",18,18,0,10.1,15.0999999999996,26.9571428571424,20.2349999999996,-11.8571428571429,526.54,3,14.8829281767956,0
"19",79,"NANAIMO RIVER",1984,"1984-01-19",19,19,0,9.47,13.2957142857132,22.7835714285715,20.2539999999998,-9.48785714285831,536.01,4,14.8829281767956,0
"20",80,"NANAIMO RIVER",1984,"1984-01-20",20,20,0,8.75,11.8314285714275,20.0228571428566,20.2786666666667,-8.19142857142911,544.76,5,14.8829281767956,0
"21",81,"NANAIMO RIVER",1984,"1984-01-21",21,21,0,8.29,10.6728571428581,17.9792857142862,20.3080000000002,-7.30642857142811,553.05,6,14.8829281767956,0
"22",82,"NANAIMO RIVER",1984,"1984-01-22",22,22,0,10.1,10.0728571428564,16.2578571428572,20.4139999999999,-6.18500000000079,563.15,7,14.8829281767956,0
"23",83,"NANAIMO RIVER",1984,"1984-01-23",23,23,0,10.6,9.80142857142866,14.8864285714288,20.5523333333336,-5.08500000000017,573.75,8,14.8829281767956,0
"24",84,"NANAIMO RIVER",1984,"1984-01-24",24,24,0,12.5,9.97285714285681,13.6864285714286,20.7590000000001,-3.7135714285718,586.25,9,14.8829281767956,0
"25",85,"NANAIMO RIVER",1984,"1984-01-25",25,25,0,16.4,10.8728571428572,12.9864285714284,21.0966666666665,-2.11357142857118,602.65,0,14.8829281767956,0
"26",86,"NANAIMO RIVER",1984,"1984-01-26",26,26,0,15.6,11.7485714285722,12.5221428571427,21.4183333333334,-0.773571428570515,618.25,0,14.8829281767956,0
"27",87,"NANAIMO RIVER",1984,"1984-01-27",27,27,0,15.3,12.6842857142869,12.2578571428572,21.7399999999999,0.426428571429692,633.55,0,14.8829281767956,0
"28",88,"NANAIMO RIVER",1984,"1984-01-28",28,28,0,16,13.7857142857143,12.2292857142862,22.0889999999999,1.55642857142811,649.55,0,14.8829281767956,0
"29",89,"NANAIMO RIVER",1984,"1984-01-29",29,29,0,16,14.6285714285727,12.3507142857145,22.425,2.27785714285814,665.55,0,14.8829281767956,0
"30",90,"NANAIMO RIVER",1984,"1984-01-30",30,30,0,14,15.1142857142861,12.4578571428574,22.6516666666668,2.65642857142874,679.55,0,14.8829281767956,0
"31",91,"NANAIMO RIVER",1984,"1984-01-31",31,31,0,12.6,15.1285714285706,12.5507142857137,22.8103333333333,2.57785714285689,692.15,1,14.8829281767956,0
"32",92,"NANAIMO RIVER",1984,"1984-02-01",32,32,0,11.5,14.4285714285714,12.6507142857143,22.6203333333334,1.7778571428571,703.65,2,14.8829281767956,0
"33",93,"NANAIMO RIVER",1984,"1984-02-02",33,33,0,10.6,13.7142857142857,12.7314285714289,21.7936666666666,0.982857142856767,714.25,3,14.8829281767956,0
"34",94,"NANAIMO RIVER",1984,"1984-02-03",34,34,0,9.82,12.9314285714271,12.807857142857,19.1643333333331,0.123571428570099,724.07,4,14.8829281767956,0
"35",95,"NANAIMO RIVER",1984,"1984-02-04",35,35,0,8.91,11.9185714285704,12.8521428571424,17.1980000000001,-0.933571428571927,732.98,5,14.8829281767956,0
"36",96,"NANAIMO RIVER",1984,"1984-02-05",36,36,0,8.33,10.8228571428564,12.7257142857145,15.8956666666665,-1.90285714285814,741.31,6,14.8829281767956,0
"37",97,"NANAIMO RIVER",1984,"1984-02-06",37,37,0,8.02,9.96857142857126,12.5414285714287,14.9330000000002,-2.57285714285743,749.33,7,14.8829281767956,0
"38",98,"NANAIMO RIVER",1984,"1984-02-07",38,38,0,7.77,9.27857142857309,12.2035714285718,14.0520000000004,-2.92499999999875,757.1,8,14.8829281767956,0
"39",99,"NANAIMO RIVER",1984,"1984-02-08",39,39,0,8.96,8.91571428571478,11.6721428571431,13.3573333333334,-2.75642857142832,766.06,9,14.8829281767956,0
"40",100,"NANAIMO RIVER",1984,"1984-02-09",40,40,0,13,9.2585714285711,11.4864285714284,12.8139999999999,-2.22785714285731,779.06,10,14.8829281767956,0
"41",101,"NANAIMO RIVER",1984,"1984-02-10",41,41,0,16.9,10.270000000002,11.6007142857145,12.5040000000003,-1.33071428571254,795.96,0,14.8829281767956,0
"42",102,"NANAIMO RIVER",1984,"1984-02-11",42,42,0,17.3,11.4685714285713,11.6935714285708,12.3439999999997,-0.224999999999584,813.26,0,14.8829281767956,0
"43",103,"NANAIMO RIVER",1984,"1984-02-12",43,43,0,23.7,13.664285714287,12.2435714285717,12.5006666666668,1.42071428571528,836.96,0,14.8829281767956,0
"44",104,"NANAIMO RIVER",1984,"1984-02-13",44,44,0,24.3,15.989999999999,12.9792857142851,12.7639999999999,3.01071428571387,861.26,0,14.8829281767956,0
"45",105,"NANAIMO RIVER",1984,"1984-02-14",45,45,0,21,17.8799999999984,13.5792857142858,12.9873333333332,4.30071428571267,882.26,0,14.8829281767956,0
"46",106,"NANAIMO RIVER",1984,"1984-02-15",46,46,0,19.3,19.3571428571429,14.1364285714288,13.2139999999999,5.22071428571404,901.56,0,14.8829281767956,0
"47",107,"NANAIMO RIVER",1984,"1984-02-16",47,47,0,16.7,19.8857142857139,14.5721428571425,13.3939999999997,5.31357142857139,918.26,0,14.8829281767956,0
"48",108,"NANAIMO RIVER",1984,"1984-02-17",48,48,0,14.4,19.528571428571,14.8992857142865,13.5373333333337,4.62928571428451,932.66,0,14.8829281767956,0
"49",109,"NANAIMO RIVER",1984,"1984-02-18",49,49,0,12.8,18.8857142857159,15.1771428571436,13.6483333333337,3.70857142857234,945.46,1,14.8829281767956,0
"50",110,"NANAIMO RIVER",1984,"1984-02-19",50,50,0,15.1,17.6571428571416,15.6607142857143,13.8600000000001,1.99642857142732,960.56,0,14.8829281767956,0
"51",111,"NANAIMO RIVER",1984,"1984-02-20",51,51,0,57.8,22.442857142858,19.2164285714285,15.5103333333333,3.22642857142949,1018.36,0,14.8829281767956,0
"52",112,"NANAIMO RIVER",1984,"1984-02-21",52,52,0,43.2,25.6142857142861,21.7471428571423,16.6136666666668,3.86714285714385,1061.56,0,14.8829281767956,0
"53",113,"NANAIMO RIVER",1984,"1984-02-22",53,53,0,33.8,27.6857142857147,23.5214285714288,17.387,4.16428571428592,1095.36,0,14.8829281767956,0
"54",114,"NANAIMO RIVER",1984,"1984-02-23",54,54,0,27.4,29.2142857142857,24.5499999999998,17.8836666666665,4.66428571428592,1122.76,0,14.8829281767956,0
"55",115,"NANAIMO RIVER",1984,"1984-02-24",55,55,0,22.6,30.3857142857139,24.9571428571424,18.0903333333335,5.42857142857143,1145.36,0,14.8829281767956,0
"56",116,"NANAIMO RIVER",1984,"1984-02-25",56,56,0,19.4,31.3285714285698,25.1071428571429,18.2169999999998,6.22142857142691,1164.76,0,14.8829281767956,0
"57",117,"NANAIMO RIVER",1984,"1984-02-26",57,57,0,16.7,31.5571428571441,24.6071428571429,18.2636666666668,6.95000000000125,1181.46,0,14.8829281767956,0
"58",118,"NANAIMO RIVER",1984,"1984-02-27",58,58,0,17.5,25.8000000000008,24.1214285714294,18.3136666666668,1.67857142857143,1198.96,0,14.8829281767956,0
"59",119,"NANAIMO RIVER",1984,"1984-02-28",59,59,0,18.9,22.3285714285718,23.971428571429,18.4103333333333,-1.64285714285714,1217.86,0,14.8829281767956,0
"60",120,"NANAIMO RIVER",1984,"1984-02-29",60,60,0,17.8,20.0428571428576,23.8642857142861,18.537,-3.82142857142857,1235.66,0,14.8829281767956,0
"61",121,"NANAIMO RIVER",1984,"1984-03-01",61,61,0,16.3,18.4571428571445,23.8357142857151,18.6603333333337,-5.3785714285706,1251.96,0,14.8829281767956,0
"62",122,"NANAIMO RIVER",1984,"1984-03-02",62,62,0,15.1,17.3857142857139,23.8857142857139,18.7803333333334,-6.5,1267.06,0,14.8829281767956,0
"63",123,"NANAIMO RIVER",1984,"1984-03-03",63,63,0,13.9,16.6000000000017,23.9642857142857,18.8903333333335,-7.36428571428405,1280.96,1,14.8829281767956,0
"64",124,"NANAIMO RIVER",1984,"1984-03-04",64,64,0,12.6,16.0142857142845,23.7857142857143,18.9830000000002,-7.77142857142982,1293.56,2,14.8829281767956,0
"65",125,"NANAIMO RIVER",1984,"1984-03-05",65,65,0,11.8,15.1999999999992,20.5,19.0793333333335,-5.30000000000083,1305.36,3,14.8829281767956,0
"66",126,"NANAIMO RIVER",1984,"1984-03-06",66,66,0,11.2,14.0999999999996,18.2142857142857,19.175,-4.11428571428613,1316.56,4,14.8829281767956,0
"67",127,"NANAIMO RIVER",1984,"1984-03-07",67,67,0,11,13.1285714285706,16.5857142857141,19.2743333333332,-3.45714285714348,1327.56,5,14.8829281767956,0
"68",128,"NANAIMO RIVER",1984,"1984-03-08",68,68,0,10.9,12.3571428571429,15.4071428571437,19.3786666666667,-3.05000000000083,1338.46,6,14.8829281767956,0
"69",129,"NANAIMO RIVER",1984,"1984-03-09",69,69,0,11.1,11.7857142857143,14.5857142857141,19.45,-2.79999999999979,1349.56,7,14.8829281767956,0
"70",130,"NANAIMO RIVER",1984,"1984-03-10",70,70,0,11.5,11.4428571428559,14.0214285714288,19.4,-2.57857142857288,1361.06,8,14.8829281767956,0
"71",131,"NANAIMO RIVER",1984,"1984-03-11",71,71,0,11.7,11.3142857142853,13.6642857142849,19.2266666666663,-2.34999999999958,1372.76,9,14.8829281767956,0
"72",132,"NANAIMO RIVER",1984,"1984-03-12",72,72,0,11.9,11.3285714285718,13.2642857142855,19.046666666667,-1.93571428571366,1384.66,10,14.8829281767956,0
"73",133,"NANAIMO RIVER",1984,"1984-03-13",73,73,0,11.6,11.3857142857139,12.7428571428567,18.6433333333329,-1.35714285714286,1396.26,11,14.8829281767956,0
"74",134,"NANAIMO RIVER",1984,"1984-03-14",74,74,0,11.4,11.442857142858,12.2857142857143,18.2133333333336,-0.842857142856312,1407.66,12,14.8829281767956,0
"75",135,"NANAIMO RIVER",1984,"1984-03-15",75,75,0,10.9,11.4428571428559,11.8999999999994,17.8766666666668,-0.457142857143481,1418.56,13,14.8829281767956,0
"76",136,"NANAIMO RIVER",1984,"1984-03-16",76,76,0,10.6,11.3714285714294,11.5785714285718,17.5866666666669,-0.207142857142442,1429.16,14,14.8829281767956,0
"77",137,"NANAIMO RIVER",1984,"1984-03-17",77,77,0,11,11.3000000000008,11.3714285714284,17.396666666667,-0.071428571427532,1440.16,15,14.8829281767956,0
"78",138,"NANAIMO RIVER",1984,"1984-03-18",78,78,0,12.6,11.4285714285714,11.3714285714284,17.3366666666664,0.0571428571430648,1452.76,16,14.8829281767956,0
"79",139,"NANAIMO RIVER",1984,"1984-03-19",79,79,0,14.1,11.7428571428567,11.5357142857143,17.3799999999998,0.20714285714244,1466.86,0,14.8829281767956,0
"80",140,"NANAIMO RIVER",1984,"1984-03-20",80,80,0,22.2,13.2571428571433,12.3214285714286,17.6166666666667,0.935714285714702,1489.06,0,14.8829281767956,0
"81",141,"NANAIMO RIVER",1984,"1984-03-21",81,81,0,30.6,16,13.721428571429,16.7100000000001,2.27857142857101,1519.66,0,14.8829281767956,0
"82",142,"NANAIMO RIVER",1984,"1984-03-22",82,82,0,26.3,18.2000000000012,14.8214285714286,16.146666666667,3.37857142857268,1545.96,0,14.8829281767956,0
"83",143,"NANAIMO RIVER",1984,"1984-03-23",83,83,0,24.2,20.1428571428571,15.7571428571433,15.8266666666668,4.38571428571387,1570.16,0,14.8829281767956,0
"84",144,"NANAIMO RIVER",1984,"1984-03-24",84,84,0,21.9,21.6999999999992,16.5,15.6433333333334,5.19999999999917,1592.06,0,14.8829281767956,0
"85",145,"NANAIMO RIVER",1984,"1984-03-25",85,85,0,19.7,22.7142857142857,17.0714285714286,15.5466666666665,5.64285714285714,1611.76,0,14.8829281767956,0
"86",146,"NANAIMO RIVER",1984,"1984-03-26",86,86,0,17.4,23.1857142857147,17.4642857142857,15.4800000000003,5.72142857142899,1629.16,0,14.8829281767956,0
"87",147,"NANAIMO RIVER",1984,"1984-03-27",87,87,0,15.3,22.2000000000012,17.7285714285723,15.4333333333333,4.47142857142899,1644.46,0,14.8829281767956,0
"88",148,"NANAIMO RIVER",1984,"1984-03-28",88,88,0,13.6,19.7714285714277,17.8857142857139,15.303333333333,1.88571428571387,1658.06,1,14.8829281767956,0
"89",149,"NANAIMO RIVER",1984,"1984-03-29",89,89,0,12.1,17.7428571428567,17.971428571429,15.0766666666668,-0.228571428572259,1670.16,2,14.8829281767956,0
"90",150,"NANAIMO RIVER",1984,"1984-03-30",90,90,0,11.2,15.8857142857139,18.0142857142855,14.8566666666666,-2.12857142857164,1681.36,3,14.8829281767956,0
"91",151,"NANAIMO RIVER",1984,"1984-03-31",91,91,0,10.5,14.2571428571433,17.9785714285712,14.6633333333331,-3.72142857142795,1691.86,4,14.8829281767956,0
"92",152,"NANAIMO RIVER",1984,"1984-04-01",92,92,0,9.77,12.8385714285728,17.7764285714293,14.4856666666669,-4.93785714285644,1701.63,5,14.8829281767956,0
"93",153,"NANAIMO RIVER",1984,"1984-04-02",93,93,0,9.19,11.6657142857127,17.4257142857137,14.3286666666662,-5.760000000001,1710.82,6,14.8829281767956,0
"94",154,"NANAIMO RIVER",1984,"1984-04-03",94,94,0,8.92,10.7542857142855,16.4771428571434,14.2060000000003,-5.72285714285785,1719.74,7,14.8829281767956,0
"95",155,"NANAIMO RIVER",1984,"1984-04-04",95,95,0,8.48,10.0228571428576,14.8971428571427,14.0953333333334,-4.87428571428505,1728.22,8,14.8829281767956,0
"96",156,"NANAIMO RIVER",1984,"1984-04-05",96,96,0,8.1,9.45142857142699,13.5971428571419,13.9919999999998,-4.14571428571487,1736.32,9,14.8829281767956,0
"97",157,"NANAIMO RIVER",1984,"1984-04-06",97,97,0,8.16,9.01714285714219,12.451428571428,13.8973333333333,-3.43428571428584,1744.48,10,14.8829281767956,0
"98",158,"NANAIMO RIVER",1984,"1984-04-07",98,98,0,8.21,8.69000000000025,11.4735714285718,13.8076666666665,-2.78357142857151,1752.69,11,14.8829281767956,0
"99",159,"NANAIMO RIVER",1984,"1984-04-08",99,99,0,8.07,8.44714285714144,10.6428571428571,13.7066666666666,-2.1957142857157,1760.76,12,14.8829281767956,0
"100",160,"NANAIMO RIVER",1984,"1984-04-09",100,100,0,7.99,8.27571428571537,9.97071428571404,13.5896666666667,-1.69499999999867,1768.75,13,14.8829281767956,0
"101",161,"NANAIMO RIVER",1984,"1984-04-10",101,101,0,8.4,8.20142857142699,9.47785714285627,13.4796666666666,-1.27642857142928,1777.15,14,14.8829281767956,0
"102",162,"NANAIMO RIVER",1984,"1984-04-11",102,102,0,8.61,8.21999999999909,9.12142857142836,13.3699999999997,-0.901428571429278,1785.76,15,14.8829281767956,0
"103",163,"NANAIMO RIVER",1984,"1984-04-12",103,103,0,10,8.4914285714289,8.97142857142795,13.3166666666667,-0.479999999999045,1795.76,16,14.8829281767956,0
"104",164,"NANAIMO RIVER",1984,"1984-04-13",104,104,0,10.5,8.82571428571412,8.92142857142816,13.2866666666664,-0.0957142857140365,1806.26,17,14.8829281767956,0
"105",165,"NANAIMO RIVER",1984,"1984-04-14",105,105,0,11.5,9.2957142857132,8.99285714285673,13.3066666666666,0.302857142856478,1817.76,18,14.8829281767956,0
"106",166,"NANAIMO RIVER",1984,"1984-04-15",106,106,0,13.8,10.1142857142861,9.28071428571379,13.4133333333331,0.833571428572343,1831.56,19,14.8829281767956,0
"107",167,"NANAIMO RIVER",1984,"1984-04-16",107,107,0,16.1,11.2728571428576,9.7742857142865,13.5833333333333,1.49857142857114,1847.66,0,14.8829281767956,0
"108",168,"NANAIMO RIVER",1984,"1984-04-17",108,108,0,15.7,12.3157142857152,10.2585714285711,13.6866666666669,2.0571428571441,1863.36,0,14.8829281767956,0
"109",169,"NANAIMO RIVER",1984,"1984-04-18",109,109,0,14.2,13.1142857142861,10.6671428571426,13.6899999999999,2.44714285714352,1877.56,0,14.8829281767956,0
"110",170,"NANAIMO RIVER",1984,"1984-04-19",110,110,0,13.3,13.5857142857151,11.038571428572,13.3933333333334,2.54714285714311,1890.86,1,14.8829281767956,0
"111",171,"NANAIMO RIVER",1984,"1984-04-20",111,111,0,12.2,13.8285714285718,11.327142857143,12.7799999999998,2.50142857142886,1903.06,2,14.8829281767956,0
"112",172,"NANAIMO RIVER",1984,"1984-04-21",112,112,0,11.6,13.8428571428584,11.5692857142858,12.2899999999999,2.27357142857259,1914.66,3,14.8829281767956,0
"113",173,"NANAIMO RIVER",1984,"1984-04-22",113,113,0,11.5,13.5142857142865,11.8142857142863,11.8666666666667,1.70000000000021,1926.16,4,14.8829281767956,0
"114",174,"NANAIMO RIVER",1984,"1984-04-23",114,114,0,11.8,12.9000000000004,12.086428571429,11.5300000000003,0.813571428571388,1937.96,5,14.8829281767956,0
"115",175,"NANAIMO RIVER",1984,"1984-04-24",115,115,0,11.2,12.2571428571433,12.2864285714292,11.246666666667,-0.0292857142859635,1949.16,6,14.8829281767956,0
"116",176,"NANAIMO RIVER",1984,"1984-04-25",116,116,0,10.3,11.7000000000012,12.4071428571437,11.0100000000001,-0.70714285714244,1959.46,7,14.8829281767956,0
"117",177,"NANAIMO RIVER",1984,"1984-04-26",117,117,0,9.54,11.1628571428571,12.3742857142861,10.8179999999998,-1.21142857142903,1969,8,14.8829281767956,0
"118",178,"NANAIMO RIVER",1984,"1984-04-27",118,118,0,9.03,10.7100000000002,12.269285714286,10.6656666666667,-1.55928571428584,1978.03,9,14.8829281767956,0
"119",179,"NANAIMO RIVER",1984,"1984-04-28",119,119,0,8.61,10.2828571428566,12.0628571428575,10.5493333333332,-1.78000000000092,1986.64,10,14.8829281767956,0
"120",180,"NANAIMO RIVER",1984,"1984-04-29",120,120,0,8.21,9.81285714285748,11.663571428572,10.4496666666668,-1.85071428571453,1994.85,11,14.8829281767956,0
"121",181,"NANAIMO RIVER",1984,"1984-04-30",121,121,0,8.14,9.28999999999983,11.0950000000001,10.3710000000002,-1.80500000000029,2002.99,12,14.8829281767956,0
"122",182,"NANAIMO RIVER",1984,"1984-05-01",122,122,0,8.38,8.88714285714169,10.5721428571425,10.3246666666664,-1.68500000000079,2011.37,13,14.8829281767956,0
"123",183,"NANAIMO RIVER",1984,"1984-05-02",123,123,0,9.85,8.82285714285639,10.2614285714288,10.346666666667,-1.43857142857243,2021.22,14,14.8829281767956,0
"124",184,"NANAIMO RIVER",1984,"1984-05-03",124,124,0,9.59,8.82999999999967,9.99642857142836,10.3689999999997,-1.1664285714287,2030.81,15,14.8829281767956,0
"125",185,"NANAIMO RIVER",1984,"1984-05-04",125,125,0,8.77,8.79285714285756,9.75142857142886,10.3786666666667,-0.958571428571304,2039.58,16,14.8829281767956,0
"126",186,"NANAIMO RIVER",1984,"1984-05-05",126,126,0,8.44,8.76857142857209,9.52571428571433,10.3900000000004,-0.757142857142235,2048.02,17,14.8829281767956,0
"127",187,"NANAIMO RIVER",1984,"1984-05-06",127,127,0,7.97,8.73428571428563,9.27357142857155,10.383666666667,-0.539285714285922,2055.99,18,14.8829281767956,0
"128",188,"NANAIMO RIVER",1984,"1984-05-07",128,128,0,7.66,8.66571428571271,8.97785714285627,10.3653333333331,-0.312142857143563,2063.65,19,14.8829281767956,0
"129",189,"NANAIMO RIVER",1984,"1984-05-08",129,129,0,7.75,8.57571428571412,8.73142857142791,10.3546666666666,-0.155714285713788,2071.4,20,14.8829281767956,0
"130",190,"NANAIMO RIVER",1984,"1984-05-09",130,130,0,8.39,8.36714285714178,8.59499999999909,10.3679999999998,-0.22785714285731,2079.79,21,14.8829281767956,0
"131",191,"NANAIMO RIVER",1984,"1984-05-10",131,131,0,8.71,8.2414285714289,8.53571428571429,10.3783333333335,-0.294285714285383,2088.5,22,14.8829281767956,0
"132",192,"NANAIMO RIVER",1984,"1984-05-11",132,132,0,10.3,8.46000000000017,8.62642857142886,10.4346666666669,-0.166428571428696,2098.8,23,14.8829281767956,0
"133",193,"NANAIMO RIVER",1984,"1984-05-12",133,133,0,11.9,8.95428571428472,8.86142857142841,10.4980000000001,0.0928571428563121,2110.7,24,14.8829281767956,0
"134",194,"NANAIMO RIVER",1984,"1984-05-13",134,134,0,12,9.52999999999884,9.13214285714223,10.5480000000001,0.397857142856603,2122.7,25,14.8829281767956,0
"135",195,"NANAIMO RIVER",1984,"1984-05-14",135,135,0,13,10.2928571428576,9.47928571428513,10.5980000000001,0.813571428572427,2135.7,26,14.8829281767956,0
"136",196,"NANAIMO RIVER",1984,"1984-05-15",136,136,0,14,11.1857142857147,9.88071428571441,10.6046666666666,1.30500000000029,2149.7,0,14.8829281767956,0
"137",197,"NANAIMO RIVER",1984,"1984-05-16",137,137,0,12.9,11.8300000000017,10.0985714285718,10.4980000000001,1.73142857142999,2162.6,1,14.8829281767956,0
"138",198,"NANAIMO RIVER",1984,"1984-05-17",138,138,0,12,12.3000000000008,10.2707142857149,10.3746666666668,2.02928571428596,2174.6,2,14.8829281767956,0
"139",199,"NANAIMO RIVER",1984,"1984-05-18",139,139,0,11.6,12.4857142857135,10.4728571428568,10.288,2.01285714285664,2186.2,3,14.8829281767956,0
"140",200,"NANAIMO RIVER",1984,"1984-05-19",140,140,0,20.2,13.6714285714282,11.3128571428564,10.5179999999998,2.35857142857172,2206.4,0,14.8829281767956,0
"141",201,"NANAIMO RIVER",1984,"1984-05-20",141,141,0,25.1,15.5428571428576,12.5364285714282,10.9480000000001,3.00642857142936,2231.5,0,14.8829281767956,0
"142",202,"NANAIMO RIVER",1984,"1984-05-21",142,142,0,20.7,16.6428571428571,13.4678571428574,11.2513333333331,3.17499999999979,2252.2,0,14.8829281767956,0
"143",203,"NANAIMO RIVER",1984,"1984-05-22",143,143,0,19.8,17.471428571429,14.3285714285718,11.5279999999999,3.14285714285714,2272,0,14.8829281767956,0
"144",204,"NANAIMO RIVER",1984,"1984-05-23",144,144,0,18.1,18.2142857142857,15.0221428571437,11.738,3.19214285714198,2290.1,0,14.8829281767956,0
"145",205,"NANAIMO RIVER",1984,"1984-05-24",145,145,0,17.2,18.9571428571424,15.6285714285716,11.938,3.3285714285708,2307.3,0,14.8829281767956,0
"146",206,"NANAIMO RIVER",1984,"1984-05-25",146,146,0,17.1,19.7428571428567,16.1142857142851,12.1646666666663,3.62857142857164,2324.4,0,14.8829281767956,0
"147",207,"NANAIMO RIVER",1984,"1984-05-26",147,147,0,17,19.2857142857143,16.4785714285712,12.4133333333331,2.80714285714306,2341.4,0,14.8829281767956,0
"148",208,"NANAIMO RIVER",1984,"1984-05-27",148,148,0,16.8,18.0999999999996,16.8214285714286,12.6723333333333,1.27857142857101,2358.2,0,14.8829281767956,0
"149",209,"NANAIMO RIVER",1984,"1984-05-28",149,149,0,16.6,17.5142857142865,17.0785714285718,12.9386666666668,0.435714285714702,2374.8,0,14.8829281767956,0
"150",210,"NANAIMO RIVER",1984,"1984-05-29",150,150,0,16.5,17.0428571428576,17.2571428571433,13.2149999999999,-0.214285714285712,2391.3,0,14.8829281767956,0
"151",211,"NANAIMO RIVER",1984,"1984-05-30",151,151,0,16,16.7428571428567,17.4785714285712,13.4769999999999,-0.735714285714494,2407.3,0,14.8829281767956,0
"152",212,"NANAIMO RIVER",1984,"1984-05-31",152,152,0,14.3,16.3285714285718,17.6428571428571,13.6743333333337,-1.3142857142853,2421.6,0,14.8829281767956,0
"153",213,"NANAIMO RIVER",1984,"1984-06-01",153,153,0,12.9,15.7285714285723,17.7357142857145,13.776,-2.00714285714223,2434.5,1,14.8829281767956,0
"154",214,"NANAIMO RIVER",1984,"1984-06-02",154,154,0,11.9,15,17.1428571428571,13.8529999999999,-2.14285714285714,2446.4,2,14.8829281767956,0
"155",215,"NANAIMO RIVER",1984,"1984-06-03",155,155,0,11.4,14.2285714285723,16.1642857142859,13.9406666666667,-1.93571428571366,2457.8,3,14.8829281767956,0
"156",216,"NANAIMO RIVER",1984,"1984-06-04",156,156,0,11,13.4285714285714,15.471428571429,14.026,-2.04285714285756,2468.8,4,14.8829281767956,0
"157",217,"NANAIMO RIVER",1984,"1984-06-05",157,157,0,10.9,12.6285714285706,14.8357142857141,14.1236666666664,-2.20714285714348,2479.7,5,14.8829281767956,0
"158",218,"NANAIMO RIVER",1984,"1984-06-06",158,158,0,10.8,11.8857142857139,14.3142857142853,14.2283333333335,-2.42857142857143,2490.5,6,14.8829281767956,0
"159",219,"NANAIMO RIVER",1984,"1984-06-07",159,159,0,10.3,11.3142857142853,13.8214285714286,14.3133333333336,-2.50714285714327,2500.8,7,14.8829281767956,0
"160",220,"NANAIMO RIVER",1984,"1984-06-08",160,160,0,10.1,10.9142857142849,13.3214285714286,14.3703333333334,-2.40714285714369,2510.9,8,14.8829281767956,0
"161",221,"NANAIMO RIVER",1984,"1984-06-09",161,161,0,9.84,10.6200000000016,12.8100000000008,14.4080000000002,-2.18999999999921,2520.74,9,14.8829281767956,0
"162",222,"NANAIMO RIVER",1984,"1984-06-10",162,162,0,9.39,10.3328571428574,12.2807142857148,14.3776666666667,-1.94785714285743,2530.13,10,14.8829281767956,0
"163",223,"NANAIMO RIVER",1984,"1984-06-11",163,163,0,9.12,10.0642857142853,11.7464285714284,14.2850000000001,-1.68214285714306,2539.25,11,14.8829281767956,0
"164",224,"NANAIMO RIVER",1984,"1984-06-12",164,164,0,8.96,9.78714285714419,11.2078571428574,14.183666666667,-1.4207142857132,2548.21,12,14.8829281767956,0
"165",225,"NANAIMO RIVER",1984,"1984-06-13",165,165,0,8.73,9.4914285714289,10.6885714285714,14.0413333333335,-1.19714285714248,2556.94,13,14.8829281767956,0
"166",226,"NANAIMO RIVER",1984,"1984-06-14",166,166,0,9.04,9.31142857142757,10.3128571428564,13.876,-1.00142857142886,2565.98,14,14.8829281767956,0
"167",227,"NANAIMO RIVER",1984,"1984-06-15",167,167,0,9.44,9.21714285714344,10.0657142857142,13.7606666666664,-0.848571428570722,2575.42,15,14.8829281767956,0
"168",228,"NANAIMO RIVER",1984,"1984-06-16",168,168,0,9.65,9.18999999999817,9.90499999999988,13.6823333333329,-0.715000000001705,2585.07,16,14.8829281767956,0
"169",229,"NANAIMO RIVER",1984,"1984-06-17",169,169,0,9.82,9.25142857142782,9.79214285714261,13.6230000000001,-0.540714285714785,2594.89,17,14.8829281767956,0
"170",230,"NANAIMO RIVER",1984,"1984-06-18",170,170,0,9.4,9.29142857142766,9.67785714285648,13.263,-0.386428571428821,2604.29,18,14.8829281767956,0
"171",231,"NANAIMO RIVER",1984,"1984-06-19",171,171,0,9.13,9.31571428571312,9.55142857142866,12.7306666666666,-0.235714285715533,2613.42,19,14.8829281767956,0
"172",232,"NANAIMO RIVER",1984,"1984-06-20",172,172,0,8.87,9.33571428571304,9.41357142857097,12.3363333333332,-0.0778571428579333,2622.29,20,14.8829281767956,0
"173",233,"NANAIMO RIVER",1984,"1984-06-21",173,173,0,8.48,9.25571428571545,9.28357142857151,11.9590000000001,-0.0278571428560603,2630.77,21,14.8829281767956,0
"174",234,"NANAIMO RIVER",1984,"1984-06-22",174,174,0,8.36,9.10142857142949,9.15928571428646,11.6343333333333,-0.0578571428569781,2639.13,22,14.8829281767956,0
"175",235,"NANAIMO RIVER",1984,"1984-06-23",175,175,0,8.44,8.92857142857143,9.0592857142848,11.342333333333,-0.130714285713371,2647.57,23,14.8829281767956,0
"176",236,"NANAIMO RIVER",1984,"1984-06-24",176,176,0,8.34,8.71714285714344,8.98428571428563,11.0503333333336,-0.267142857142192,2655.91,24,14.8829281767956,0
"177",237,"NANAIMO RIVER",1984,"1984-06-25",177,177,0,8.31,8.56142857142965,8.92642857142866,10.7606666666669,-0.364999999999002,2664.22,25,14.8829281767956,0
"178",238,"NANAIMO RIVER",1984,"1984-06-26",178,178,0,8.26,8.43714285714252,8.87642857142782,10.476,-0.439285714285299,2672.48,26,14.8829281767956,0
"179",239,"NANAIMO RIVER",1984,"1984-06-27",179,179,0,8.18,8.33857142857284,8.83714285714294,10.1953333333334,-0.498571428570097,2680.66,27,14.8829281767956,0
"180",240,"NANAIMO RIVER",1984,"1984-06-28",180,180,0,7.44,8.19000000000025,8.72285714285785,9.89333333333343,-0.532857142857599,2688.1,28,14.8829281767956,0
"181",241,"NANAIMO RIVER",1984,"1984-06-29",181,181,0,5.71,7.81142857142757,8.45642857142853,9.55033333333316,-0.645000000000956,2693.81,29,14.8829281767956,0
"182",242,"NANAIMO RIVER",1984,"1984-06-30",182,182,0,6.24,7.49714285714435,8.21285714285789,9.28166666666657,-0.715714285713537,2700.05,30,14.8829281767956,0
"183",243,"NANAIMO RIVER",1984,"1984-07-01",183,183,0,7.1,7.31999999999867,8.01857142857105,9.08833333333314,-0.698571428572384,2707.15,31,14.8829281767956,0
"184",244,"NANAIMO RIVER",1984,"1984-07-02",184,184,0,7.19,7.15999999999933,7.86071428571449,8.93133333333341,-0.700714285715159,2714.34,32,14.8829281767956,0
"185",245,"NANAIMO RIVER",1984,"1984-07-03",185,185,0,7.01,6.98142857142999,7.70928571428625,8.7850000000001,-0.727857142856269,2721.35,33,14.8829281767956,0
"186",246,"NANAIMO RIVER",1984,"1984-07-04",186,186,0,6.84,6.78999999999983,7.56428571428634,8.64633333333331,-0.774285714286504,2728.19,34,14.8829281767956,0
"187",247,"NANAIMO RIVER",1984,"1984-07-05",187,187,0,6.84,6.70428571428472,7.44714285714248,8.51100000000006,-0.742857142857766,2735.03,35,14.8829281767956,0
"188",248,"NANAIMO RIVER",1984,"1984-07-06",188,188,0,6.83,6.86428571428613,7.33785714285685,8.37866666666669,-0.473571428570722,2741.86,36,14.8829281767956,0
"189",249,"NANAIMO RIVER",1984,"1984-07-07",189,189,0,6.89,6.95714285714244,7.2271428571434,8.2649999999999,-0.270000000000956,2748.75,37,14.8829281767956,0
"190",250,"NANAIMO RIVER",1984,"1984-07-08",190,190,0,6.7,6.90000000000042,7.10999999999954,8.15166666666676,-0.209999999999127,2755.45,38,14.8829281767956,0
"191",251,"NANAIMO RIVER",1984,"1984-07-09",191,191,0,6.5,6.80142857142865,6.98071428571399,8.04033333333306,-0.17928571428534,2761.95,39,14.8829281767956,0
"192",252,"NANAIMO RIVER",1984,"1984-07-10",192,192,0,5.83,6.63285714285615,6.80714285714306,7.92166666666647,-0.17428571428692,2767.78,40,14.8829281767956,0
"193",253,"NANAIMO RIVER",1984,"1984-07-11",193,193,0,3.34,6.13285714285615,6.46142857142799,7.72899999999984,-0.328571428571844,2771.12,41,14.8829281767956,0
"194",254,"NANAIMO RIVER",1984,"1984-07-12",194,194,0,3.51,5.65714285714369,6.1807142857142,7.54733333333327,-0.523571428570514,2774.63,42,14.8829281767956,0
"195",255,"NANAIMO RIVER",1984,"1984-07-13",195,195,0,3.97,5.24857142857218,6.05642857142915,7.38866666666678,-0.807857142856976,2778.6,43,14.8829281767956,0
"196",256,"NANAIMO RIVER",1984,"1984-07-14",196,196,0,4.22,4.86714285714178,5.91214285714211,7.22799999999988,-1.04500000000033,2782.82,44,14.8829281767956,0
"197",257,"NANAIMO RIVER",1984,"1984-07-15",197,197,0,4.23,4.51428571428655,5.70714285714348,7.05433333333349,-1.19285714285694,2787.05,45,14.8829281767956,0
"198",258,"NANAIMO RIVER",1984,"1984-07-16",198,198,0,4.12,4.17428571428588,5.48785714285727,6.87000000000019,-1.31357142857139,2791.17,46,14.8829281767956,0
"199",259,"NANAIMO RIVER",1984,"1984-07-17",199,199,0,4.13,3.93142857142915,5.28214285714265,6.68033333333345,-1.3507142857135,2795.3,47,14.8829281767956,0
"200",260,"NANAIMO RIVER",1984,"1984-07-18",200,200,0,4.1,4.03999999999983,5.08642857142799,6.50366666666669,-1.04642857142816,2799.4,48,14.8829281767956,0
"201",261,"NANAIMO RIVER",1984,"1984-07-19",201,201,0,4.05,4.11714285714178,4.88714285714273,6.33433333333329,-0.770000000000956,2803.45,49,14.8829281767956,0
"202",262,"NANAIMO RIVER",1984,"1984-07-20",202,202,0,4.13,4.13999999999942,4.6942857142858,6.1763333333336,-0.55428571428638,2807.58,50,14.8829281767956,0
"203",263,"NANAIMO RIVER",1984,"1984-07-21",203,203,0,4,4.10857142857276,4.48785714285727,6.02699999999992,-0.379285714284508,2811.58,51,14.8829281767956,0
"204",264,"NANAIMO RIVER",1984,"1984-07-22",204,204,0,4.1,4.08999999999859,4.30214285714257,5.88499999999961,-0.212142857143979,2815.68,52,14.8829281767956,0
"205",265,"NANAIMO RIVER",1984,"1984-07-23",205,205,0,3.94,4.0642857142853,4.11928571428559,5.7350000000001,-0.055000000000291,2819.62,53,14.8829281767956,0
"206",266,"NANAIMO RIVER",1984,"1984-07-24",206,206,0,3.69,4.00142857142782,3.96642857142849,5.57999999999981,0.0349999999993349,2823.31,54,14.8829281767956,0
"207",267,"NANAIMO RIVER",1984,"1984-07-25",207,207,0,3.47,3.91142857142924,3.97571428571454,5.41866666666659,-0.0642857142852984,2826.78,55,14.8829281767956,0
"208",268,"NANAIMO RIVER",1984,"1984-07-26",208,208,0,3.45,3.82571428571412,3.97142857142795,5.25833333333333,-0.145714285713828,2830.23,56,14.8829281767956,0
"209",269,"NANAIMO RIVER",1984,"1984-07-27",209,209,0,3.35,3.71428571428571,3.92714285714257,5.09733333333328,-0.212857142856852,2833.58,57,14.8829281767956,0
"210",270,"NANAIMO RIVER",1984,"1984-07-28",210,210,0,3.09,3.58428571428522,3.84642857142899,4.95233333333308,-0.262142857143772,2836.67,58,14.8829281767956,0
"211",271,"NANAIMO RIVER",1984,"1984-07-29",211,211,0,2.97,3.42285714285806,3.75642857142832,4.86100000000006,-0.333571428570265,2839.64,59,14.8829281767956,0
"212",272,"NANAIMO RIVER",1984,"1984-07-30",212,212,0,2.76,3.25428571428555,3.65928571428542,4.74499999999971,-0.404999999999875,2842.4,60,14.8829281767956,0
"213",273,"NANAIMO RIVER",1984,"1984-07-31",213,213,0,2.78,3.12428571428505,3.56285714285644,4.60099999999996,-0.438571428571387,2845.18,61,14.8829281767956,0
"214",274,"NANAIMO RIVER",1984,"1984-08-01",214,214,0,2.7,3.01428571428655,3.46285714285789,4.45133333333361,-0.448571428571345,2847.88,62,14.8829281767956,0
"215",275,"NANAIMO RIVER",1984,"1984-08-02",215,215,0,2.35,2.85714285714286,3.34142857142849,4.29599999999967,-0.484285714285631,2850.23,63,14.8829281767956,0
"216",276,"NANAIMO RIVER",1984,"1984-08-03",216,216,0,2.25,2.69999999999917,3.20714285714244,4.14299999999979,-0.507142857143273,2852.48,64,14.8829281767956,0
"217",277,"NANAIMO RIVER",1984,"1984-08-04",217,217,0,2.11,2.55999999999975,3.07214285714248,3.98533333333326,-0.512142857142733,2854.59,65,14.8829281767956,0
"218",278,"NANAIMO RIVER",1984,"1984-08-05",218,218,0,2.83,2.53999999999983,2.98142857142895,3.85199999999992,-0.441428571429112,2857.42,66,14.8829281767956,0
"219",279,"NANAIMO RIVER",1984,"1984-08-06",219,219,0,2.46,2.49714285714435,2.87571428571495,3.70433333333349,-0.378571428570597,2859.88,67,14.8829281767956,0
"220",280,"NANAIMO RIVER",1984,"1984-08-07",220,220,0,2.34,2.43428571428688,2.77928571428596,3.55900000000014,-0.344999999999085,2862.22,68,14.8829281767956,0
"221",281,"NANAIMO RIVER",1984,"1984-08-08",221,221,0,2.27,2.37285714285723,2.69357142857189,3.41800000000027,-0.32071428571466,2864.49,69,14.8829281767956,0
"222",282,"NANAIMO RIVER",1984,"1984-08-09",222,222,0,2.24,2.35714285714286,2.60714285714286,3.29833333333324,-0.25,2866.73,70,14.8829281767956,0
"223",283,"NANAIMO RIVER",1984,"1984-08-10",223,223,0,2.09,2.33428571428522,2.51714285714219,3.25666666666657,-0.182857142856977,2868.82,71,14.8829281767956,0
"224",284,"NANAIMO RIVER",1984,"1984-08-11",224,224,0,2.04,2.3242857142863,2.44214285714302,3.20766666666653,-0.117857142856727,2870.86,72,14.8829281767956,0
"225",285,"NANAIMO RIVER",1984,"1984-08-12",225,225,0,1.94,2.19714285714352,2.36857142857168,3.1399999999999,-0.171428571428156,2872.8,73,14.8829281767956,0
"226",286,"NANAIMO RIVER",1984,"1984-08-13",226,226,0,2.01,2.13285714285615,2.31500000000025,3.06633333333351,-0.182142857144104,2874.81,74,14.8829281767956,0
"227",287,"NANAIMO RIVER",1984,"1984-08-14",227,227,0,1.81,2.05714285714203,2.24571428571445,2.98566666666641,-0.188571428572426,2876.62,75,14.8829281767956,0
"228",288,"NANAIMO RIVER",1984,"1984-08-15",228,228,0,1.74,1.98142857142791,2.17714285714257,2.90633333333341,-0.19571428571466,2878.36,76,14.8829281767956,0
"229",289,"NANAIMO RIVER",1984,"1984-08-16",229,229,0,1.7,1.90428571428596,2.13071428571441,2.82533333333316,-0.226428571428447,2880.06,77,14.8829281767956,0
"230",290,"NANAIMO RIVER",1984,"1984-08-17",230,230,0,1.79,1.86142857143048,2.09785714285785,2.74833333333372,-0.236428571427366,2881.85,78,14.8829281767956,0
"231",291,"NANAIMO RIVER",1984,"1984-08-18",231,231,0,1.62,1.80142857142865,2.06285714285748,2.66733333333347,-0.261428571428821,2883.47,79,14.8829281767956,0
"232",292,"NANAIMO RIVER",1984,"1984-08-19",232,232,0,1.63,1.75714285714327,1.9771428571434,2.58400000000014,-0.220000000000125,2885.1,80,14.8829281767956,0
"233",293,"NANAIMO RIVER",1984,"1984-08-20",233,233,0,1.46,1.67857142857143,1.90571428571379,2.4993333333332,-0.227142857142358,2886.56,81,14.8829281767956,0
"234",294,"NANAIMO RIVER",1984,"1984-08-21",234,234,0,1.35,1.61285714285831,1.83500000000017,2.40766666666702,-0.222142857141859,2887.91,82,14.8829281767956,0
"235",295,"NANAIMO RIVER",1984,"1984-08-22",235,235,0,1.2,1.53571428571429,1.7585714285711,2.31633333333351,-0.22285714285681,2889.11,83,14.8829281767956,0
"236",296,"NANAIMO RIVER",1984,"1984-08-23",236,236,0,1.18,1.46142857142799,1.68285714285698,2.23266666666653,-0.221428571428987,2890.29,84,14.8829281767956,0
"237",297,"NANAIMO RIVER",1984,"1984-08-24",237,237,0,1.19,1.37571428571287,1.61857142857168,2.15666666666657,-0.242857142858806,2891.48,85,14.8829281767956,0
"238",298,"NANAIMO RIVER",1984,"1984-08-25",238,238,0,1.15,1.30857142857193,1.55500000000029,2.08000000000029,-0.246428571428364,2892.63,86,14.8829281767956,0
"239",299,"NANAIMO RIVER",1984,"1984-08-26",239,239,0,1.11,1.23428571428563,1.49571428571445,2.00533333333345,-0.261428571428821,2893.74,87,14.8829281767956,0
"240",300,"NANAIMO RIVER",1984,"1984-08-27",240,240,0,1.12,1.1857142857147,1.43214285714306,1.93966666666674,-0.246428571428364,2894.86,88,14.8829281767956,0
"241",301,"NANAIMO RIVER",1984,"1984-08-28",241,241,0,1.11,1.15142857142824,1.38214285714327,1.87766666666672,-0.230714285715034,2895.97,89,14.8829281767956,0
"242",302,"NANAIMO RIVER",1984,"1984-08-29",242,242,0,1.12,1.13999999999942,1.33785714285685,1.82300000000008,-0.197857142857434,2897.09,90,14.8829281767956,0
"243",303,"NANAIMO RIVER",1984,"1984-08-30",243,243,0,1.18,1.1400000000015,1.30071428571474,1.76966666666704,-0.160714285713246,2898.27,91,14.8829281767956,0
"244",304,"NANAIMO RIVER",1984,"1984-08-31",244,244,0,1.33,1.16000000000141,1.26785714285714,1.72400000000004,-0.107857142855729,2899.6,92,14.8829281767956,0
"245",305,"NANAIMO RIVER",1984,"1984-09-01",245,245,0,1.28,1.17857142857143,1.24357142857168,1.68833333333362,-0.0650000000002495,2900.88,93,14.8829281767956,0
"246",306,"NANAIMO RIVER",1984,"1984-09-02",246,246,0,1.32,1.20857142857026,1.22142857142795,1.65733333333337,-0.0128571428576834,2902.2,94,14.8829281767956,0
"247",307,"NANAIMO RIVER",1984,"1984-09-03",247,247,0,1.28,1.23142857142791,1.2085714285713,1.62966666666665,0.0228571428566025,2903.48,95,14.8829281767956,0
"248",308,"NANAIMO RIVER",1984,"1984-09-04",248,248,0,1.31,1.25999999999892,1.20571428571358,1.57899999999984,0.0542857142853401,2904.79,96,14.8829281767956,0
"249",309,"NANAIMO RIVER",1984,"1984-09-05",249,249,0,1.39,1.29857142857093,1.21928571428517,1.54333333333295,0.0792857142857557,2906.18,97,14.8829281767956,0
"250",310,"NANAIMO RIVER",1984,"1984-09-06",250,250,0,1.86,1.39571428571279,1.26785714285714,1.52733333333308,0.127857142855646,2908.04,98,14.8829281767956,0
"251",311,"NANAIMO RIVER",1984,"1984-09-07",251,251,0,1.93,1.48142857142791,1.32071428571466,1.51599999999986,0.160714285713246,2909.97,99,14.8829281767956,0
"252",312,"NANAIMO RIVER",1984,"1984-09-08",252,252,0,1.8,1.5557142857142,1.36714285714282,1.5013333333336,0.188571428571387,2911.77,100,14.8829281767956,0
"253",313,"NANAIMO RIVER",1984,"1984-09-09",253,253,0,2.07,1.66285714285706,1.43571428571366,1.5006666666668,0.227142857143398,2913.84,101,14.8829281767956,0
"254",314,"NANAIMO RIVER",1984,"1984-09-10",254,254,0,2.96,1.90285714285814,1.56714285714302,1.53133333333341,0.335714285715117,2916.8,102,14.8829281767956,0
"255",315,"NANAIMO RIVER",1984,"1984-09-11",255,255,0,4.58,2.37000000000158,1.81500000000025,1.61933333333339,0.55500000000133,2921.38,103,14.8829281767956,0
"256",316,"NANAIMO RIVER",1984,"1984-09-12",256,256,0,4.8,2.85714285714286,2.07785714285689,1.71233333333318,0.779285714285964,2926.18,104,14.8829281767956,0
"257",317,"NANAIMO RIVER",1984,"1984-09-13",257,257,0,5.02,3.30857142857193,2.35214285714236,1.81933333333339,0.956428571429569,2931.2,105,14.8829281767956,0
"258",318,"NANAIMO RIVER",1984,"1984-09-14",258,258,0,5.31,3.79142857142766,2.63642857142778,1.93833333333314,1.15499999999988,2936.51,106,14.8829281767956,0
"259",319,"NANAIMO RIVER",1984,"1984-09-15",259,259,0,5.58,4.33142857142749,2.94357142857085,2.06766666666663,1.38785714285664,2942.09,107,14.8829281767956,0
"260",320,"NANAIMO RIVER",1984,"1984-09-16",260,260,0,5.82,4.86714285714385,3.26500000000046,2.20199999999992,1.6021428571434,2947.91,108,14.8829281767956,0
"261",321,"NANAIMO RIVER",1984,"1984-09-17",261,261,0,6.03,5.3057142857142,3.60428571428617,2.34900000000004,1.70142857142803,2953.94,109,14.8829281767956,0
"262",322,"NANAIMO RIVER",1984,"1984-09-18",262,262,0,6.75,5.61571428571395,3.99285714285777,2.51966666666655,1.62285714285619,2960.69,110,14.8829281767956,0
"263",323,"NANAIMO RIVER",1984,"1984-09-19",263,263,0,9.21,6.24571428571445,4.55142857142865,2.77799999999988,1.6942857142858,2969.9,111,14.8829281767956,0
"264",324,"NANAIMO RIVER",1984,"1984-09-20",264,264,0,9.1,6.82857142857184,5.06857142857189,3.03633333333322,1.75999999999996,2979,112,14.8829281767956,0
"265",325,"NANAIMO RIVER",1984,"1984-09-21",265,265,0,8.35,7.26285714285872,5.52714285714319,3.27466666666684,1.73571428571553,2987.35,113,14.8829281767956,0
"266",326,"NANAIMO RIVER",1984,"1984-09-22",266,266,0,6.82,7.44000000000025,5.88571428571387,3.46266666666682,1.55428571428638,2994.17,114,14.8829281767956,0
"267",327,"NANAIMO RIVER",1984,"1984-09-23",267,267,0,6.99,7.60714285714286,6.23714285714336,3.65600000000025,1.3699999999995,3001.16,115,14.8829281767956,0
"268",328,"NANAIMO RIVER",1984,"1984-09-24",268,268,0,6.5,7.67428571428588,6.49000000000004,3.83433333333329,1.18428571428584,3007.66,116,14.8829281767956,0
"269",329,"NANAIMO RIVER",1984,"1984-09-25",269,269,0,5.55,7.50285714285773,6.55928571428584,3.98233333333337,0.943571428571886,3013.21,117,14.8829281767956,0
"270",330,"NANAIMO RIVER",1984,"1984-09-26",270,270,0,9,7.47285714285889,6.85928571428667,4.24500000000019,0.613571428572219,3022.21,118,14.8829281767956,0
"271",331,"NANAIMO RIVER",1984,"1984-09-27",271,271,0,7.05,7.17999999999925,7.00428571428555,4.44299999999979,0.175714285713704,3029.26,119,14.8829281767956,0
"272",332,"NANAIMO RIVER",1984,"1984-09-28",272,272,0,5.7,6.80142857142865,7.03214285714369,4.595666666667,-0.230714285715035,3034.96,120,14.8829281767956,0
"273",333,"NANAIMO RIVER",1984,"1984-09-29",273,273,0,4.51,6.47142857142899,6.95571428571462,4.70666666666657,-0.484285714285631,3039.47,121,14.8829281767956,0
"274",334,"NANAIMO RIVER",1984,"1984-09-30",274,274,0,3.55,5.98000000000008,6.79357142857147,4.78066666666661,-0.813571428571387,3043.02,122,14.8829281767956,0
"275",335,"NANAIMO RIVER",1984,"1984-10-01",275,275,1,2.85,5.45857142857026,6.56642857142807,4.83299999999969,-1.10785714285781,3045.87,123,14.8829281767956,0
"276",336,"NANAIMO RIVER",1986,"1986-01-01",1,1,0,3.3,3.30428571428638,3.65642857142874,5.73966666666674,-0.352142857142358,3.3,NA,17.1635359116022,0
"277",337,"NANAIMO RIVER",1986,"1986-01-02",2,2,0,3.31,3.26428571428655,3.59428571428621,5.77133333333331,-0.329999999999667,6.61,NA,17.1635359116022,0
"278",338,"NANAIMO RIVER",1986,"1986-01-03",3,3,0,3.27,3.23571428571553,3.52571428571433,5.74100000000035,-0.289999999998794,9.88,NA,17.1635359116022,0
"279",339,"NANAIMO RIVER",1986,"1986-01-04",4,4,0,3.17,3.21000000000017,3.45714285714348,5.4399999999999,-0.247142857143314,13.05,NA,17.1635359116022,0
"280",340,"NANAIMO RIVER",1986,"1986-01-05",5,5,0,3.36,3.23142857142998,3.41214285714315,5.12533333333364,-0.180714285713163,16.41,NA,17.1635359116022,0
"281",341,"NANAIMO RIVER",1986,"1986-01-06",6,6,0,4.5,3.42571428571578,3.45714285714348,4.84866666666688,-0.0314285714276985,20.91,NA,17.1635359116022,0
"282",342,"NANAIMO RIVER",1986,"1986-01-07",7,7,0,5.15,3.72285714285681,3.54642857142816,4.61699999999983,0.176428571428655,26.06,NA,17.1635359116022,0
"283",343,"NANAIMO RIVER",1986,"1986-01-08",8,8,0,28.3,7.29428571428538,5.29928571428588,5.21699999999983,1.9949999999995,54.36,0,17.1635359116022,0
"284",344,"NANAIMO RIVER",1986,"1986-01-09",9,9,0,22.9,10.0928571428563,6.67857142857143,5.68166666666657,3.41428571428488,77.26,0,17.1635359116022,0
"285",345,"NANAIMO RIVER",1986,"1986-01-10",10,10,0,47.1,16.3542857142851,9.79500000000033,6.98366666666649,6.5592857142848,124.36,0,17.1635359116022,0
"286",346,"NANAIMO RIVER",1986,"1986-01-11",11,11,0,57.1,24.0585714285698,13.634285714285,8.65299999999988,10.4242857142848,181.46,0,17.1635359116022,0
"287",347,"NANAIMO RIVER",1986,"1986-01-12",12,12,0,37,28.8642857142841,16.047857142857,9.68099999999977,12.816428571427,218.46,0,17.1635359116022,0
"288",348,"NANAIMO RIVER",1986,"1986-01-13",13,13,0,27.9,32.2071428571424,17.8164285714291,10.4303333333334,14.3907142857133,246.36,0,17.1635359116022,0
"289",349,"NANAIMO RIVER",1986,"1986-01-14",14,14,0,27.2,35.3571428571429,19.5399999999998,11.1649999999999,15.817142857143,273.56,0,17.1635359116022,0
"290",350,"NANAIMO RIVER",1986,"1986-01-15",15,15,0,23.2,34.6285714285706,20.961428571428,11.7799999999998,13.6671428571426,296.76,0,17.1635359116022,0
"291",351,"NANAIMO RIVER",1986,"1986-01-16",16,16,0,22.4,34.5571428571441,22.3250000000002,12.3783333333335,12.2321428571439,319.16,0,17.1635359116022,0
"292",352,"NANAIMO RIVER",1986,"1986-01-17",17,17,0,27.5,31.7571428571433,24.0557142857142,13.1516666666668,7.70142857142907,346.66,0,17.1635359116022,0
"293",353,"NANAIMO RIVER",1986,"1986-01-18",18,18,0,111,39.4571428571445,31.7578571428572,16.7123333333337,7.69928571428733,457.66,0,17.1635359116022,0
"294",354,"NANAIMO RIVER",1986,"1986-01-19",19,19,0,117,50.8857142857159,39.875,20.4713333333333,11.0107142857159,574.66,0,17.1635359116022,0
"295",355,"NANAIMO RIVER",1986,"1986-01-20",20,20,0,76.5,57.8285714285718,45.0178571428571,22.883666666667,12.8107142857147,651.16,0,17.1635359116022,0
"296",356,"NANAIMO RIVER",1986,"1986-01-21",21,21,0,54.3,61.6999999999992,48.528571428571,24.5606666666664,13.1714285714282,705.46,0,17.1635359116022,0
"297",357,"NANAIMO RIVER",1986,"1986-01-22",22,22,0,42,64.3857142857139,49.5071428571422,25.8316666666666,14.8785714285716,747.46,0,17.1635359116022,0
"298",358,"NANAIMO RIVER",1986,"1986-01-23",23,23,0,37.3,66.5142857142845,50.5357142857143,26.9449999999997,15.9785714285702,784.76,0,17.1635359116022,0
"299",359,"NANAIMO RIVER",1986,"1986-01-24",24,24,0,31.4,67.0714285714286,49.4142857142859,27.8663333333335,17.6571428571426,816.16,0,17.1635359116022,0
"300",360,"NANAIMO RIVER",1986,"1986-01-25",25,25,0,24.8,54.7571428571412,47.1071428571429,28.5733333333332,7.64999999999834,840.96,0,17.1635359116022,0
"301",361,"NANAIMO RIVER",1986,"1986-01-26",26,26,0,20,40.8999999999983,45.8928571428571,29.1243333333332,-4.99285714285881,860.96,0,17.1635359116022,0
"302",362,"NANAIMO RIVER",1986,"1986-01-27",27,27,0,18.4,32.5999999999996,45.2142857142857,29.626,-12.6142857142861,879.36,0,17.1635359116022,0
"303",363,"NANAIMO RIVER",1986,"1986-01-28",28,28,0,17.2,27.3000000000008,44.5,30.0923333333335,-17.1999999999992,896.56,0,17.1635359116022,0
"304",364,"NANAIMO RIVER",1986,"1986-01-29",29,29,0,15.8,23.5571428571441,43.971428571429,30.5143333333336,-20.4142857142849,912.36,0,17.1635359116022,0
"305",365,"NANAIMO RIVER",1986,"1986-01-30",30,30,0,15.4,20.4285714285714,43.4714285714279,30.9253333333332,-23.0428571428565,927.76,0,17.1635359116022,0
"306",366,"NANAIMO RIVER",1986,"1986-01-31",31,31,0,15.8,18.1999999999992,42.6357142857139,31.3419999999998,-24.4357142857147,943.56,0,17.1635359116022,0
"307",367,"NANAIMO RIVER",1986,"1986-02-01",32,32,0,17.7,17.1857142857147,35.9714285714279,31.8216666666665,-18.7857142857132,961.26,0,17.1635359116022,0
"308",368,"NANAIMO RIVER",1986,"1986-02-02",33,33,0,22.2,17.5,29.1999999999992,32.4526666666662,-11.6999999999992,983.46,0,17.1635359116022,0
"309",369,"NANAIMO RIVER",1986,"1986-02-03",34,34,0,20.1,17.7428571428567,25.1714285714282,33.0169999999998,-7.42857142857143,1003.56,0,17.1635359116022,0
"310",370,"NANAIMO RIVER",1986,"1986-02-04",35,35,0,17.4,17.7714285714277,22.5357142857143,33.4849999999996,-4.76428571428654,1020.96,0,17.1635359116022,0
"311",371,"NANAIMO RIVER",1986,"1986-02-05",36,36,0,16.3,17.8428571428563,20.7000000000002,33.878333333333,-2.8571428571439,1037.26,0,17.1635359116022,0
"312",372,"NANAIMO RIVER",1986,"1986-02-06",37,37,0,13.8,17.6142857142861,19.0214285714288,34.1666666666667,-1.40714285714265,1051.06,1,17.1635359116022,0
"313",373,"NANAIMO RIVER",1986,"1986-02-07",38,38,0,12.1,17.0857142857151,17.6428571428571,33.6266666666668,-0.557142857142026,1063.16,2,17.1635359116022,0
"314",374,"NANAIMO RIVER",1986,"1986-02-08",39,39,0,10.7,16.0857142857151,16.6357142857149,33.2200000000002,-0.549999999999791,1073.86,3,17.1635359116022,0
"315",375,"NANAIMO RIVER",1986,"1986-02-09",40,40,0,10.1,14.3571428571429,15.9285714285714,31.9866666666664,-1.57142857142857,1083.96,4,17.1635359116022,0
"316",376,"NANAIMO RIVER",1986,"1986-02-10",41,41,0,8.93,12.7614285714288,15.2521428571428,30.3810000000003,-2.49071428571395,1092.89,5,17.1635359116022,0
"317",377,"NANAIMO RIVER",1986,"1986-02-11",42,42,0,8.27,11.4571428571445,14.6142857142861,29.4233333333337,-3.15714285714161,1101.16,6,17.1635359116022,0
"318",378,"NANAIMO RIVER",1986,"1986-02-12",43,43,0,7.52,10.2028571428569,14.0228571428566,28.7439999999997,-3.81999999999971,1108.68,7,17.1635359116022,0
"319",379,"NANAIMO RIVER",1986,"1986-02-13",44,44,0,6.82,9.20571428571462,13.4100000000004,28.0646666666667,-4.20428571428576,1115.5,8,17.1635359116022,0
"320",380,"NANAIMO RIVER",1986,"1986-02-14",45,45,0,6.33,8.38142857142832,12.7335714285717,27.5023333333336,-4.3521428571434,1121.83,9,17.1635359116022,0
"321",381,"NANAIMO RIVER",1986,"1986-02-15",46,46,0,6.21,7.739999999999,11.9128571428571,26.9626666666663,-4.17285714285806,1128.04,10,17.1635359116022,0
"322",382,"NANAIMO RIVER",1986,"1986-02-16",47,47,0,6.09,7.16714285714469,10.7621428571438,26.249,-3.59499999999908,1134.13,11,17.1635359116022,0
"323",383,"NANAIMO RIVER",1986,"1986-02-17",48,48,0,5.68,6.70285714285689,9.73214285714286,22.7383333333331,-3.02928571428596,1139.81,12,17.1635359116022,0
"324",384,"NANAIMO RIVER",1986,"1986-02-18",49,49,0,5.28,6.27571428571329,8.8664285714289,19.0143333333331,-2.59071428571562,1145.09,13,17.1635359116022,0
"325",385,"NANAIMO RIVER",1986,"1986-02-19",50,50,0,4.98,5.91285714285706,8.05785714285698,16.630333333333,-2.14499999999992,1150.07,14,17.1635359116022,0
"326",386,"NANAIMO RIVER",1986,"1986-02-20",51,51,0,4.84,5.6300000000005,7.41785714285756,14.9816666666671,-1.78785714285706,1154.91,15,17.1635359116022,0
"327",387,"NANAIMO RIVER",1986,"1986-02-21",52,52,0,4.59,5.38142857142832,6.88142857142832,13.7346666666669,-1.5,1159.5,16,17.1635359116022,0
"328",388,"NANAIMO RIVER",1986,"1986-02-22",53,53,0,4.57,5.14714285714269,6.44357142857085,12.6436666666666,-1.29642857142816,1164.07,17,17.1635359116022,0
"329",389,"NANAIMO RIVER",1986,"1986-02-23",54,54,0,5.96,5.1285714285706,6.14785714285764,11.7956666666665,-1.01928571428704,1170.03,18,17.1635359116022,0
"330",390,"NANAIMO RIVER",1986,"1986-02-24",55,55,0,80.4,15.8028571428565,11.2528571428567,13.649,4.54999999999979,1250.43,0,17.1635359116022,0
"331",391,"NANAIMO RIVER",1986,"1986-02-25",56,56,0,110,30.7628571428566,18.519285714285,16.649,12.2435714285717,1360.43,0,17.1635359116022,0
"332",392,"NANAIMO RIVER",1986,"1986-02-26",57,57,0,80.3,41.5228571428576,23.7178571428574,18.7123333333332,17.8050000000003,1440.73,0,17.1635359116022,0
"333",393,"NANAIMO RIVER",1986,"1986-02-27",58,58,0,60.3,49.4457142857136,27.5378571428571,20.149,21.9078571428566,1501.03,0,17.1635359116022,0
"334",394,"NANAIMO RIVER",1986,"1986-02-28",59,59,0,47.7,55.6042857142851,30.4928571428567,21.2123333333332,25.1114285714284,1548.73,0,17.1635359116022,0
"335",395,"NANAIMO RIVER",1986,"1986-03-01",60,60,0,37.8,60.3514285714295,32.7492857142861,21.9590000000001,27.6021428571434,1586.53,0,17.1635359116022,0
"336",396,"NANAIMO RIVER",1986,"1986-03-02",61,61,0,30.1,63.8000000000008,34.4642857142857,22.4356666666669,29.3357142857151,1616.63,0,17.1635359116022,0
"337",397,"NANAIMO RIVER",1986,"1986-03-03",62,62,0,24.4,55.8000000000008,35.8014285714287,22.6590000000001,19.9985714285722,1641.03,0,17.1635359116022,0
"338",398,"NANAIMO RIVER",1986,"1986-03-04",63,63,0,20.8,43.0571428571441,36.9100000000004,22.6123333333337,6.14714285714373,1661.83,0,17.1635359116022,0
"339",399,"NANAIMO RIVER",1986,"1986-03-05",64,64,0,18.4,34.2142857142857,37.8685714285717,22.5556666666666,-3.65428571428596,1680.23,0,17.1635359116022,0
"340",400,"NANAIMO RIVER",1986,"1986-03-06",65,65,0,16.5,27.9571428571424,38.701428571428,22.5256666666668,-10.7442857142856,1696.73,0,17.1635359116022,0
"341",401,"NANAIMO RIVER",1986,"1986-03-07",66,66,0,26,24.8571428571429,40.230714285714,22.849,-15.3735714285711,1722.73,0,17.1635359116022,0
"342",402,"NANAIMO RIVER",1986,"1986-03-08",67,67,0,30.4,23.8000000000008,42.0757142857152,23.4023333333336,-18.2757142857143,1753.13,0,17.1635359116022,0
"343",403,"NANAIMO RIVER",1986,"1986-03-09",68,68,0,26.6,23.2999999999988,43.5499999999998,23.8856666666664,-20.250000000001,1779.73,0,17.1635359116022,0
"344",404,"NANAIMO RIVER",1986,"1986-03-10",69,69,0,22.3,23,39.4000000000004,24.2723333333333,-16.4000000000004,1802.03,0,17.1635359116022,0
"345",405,"NANAIMO RIVER",1986,"1986-03-11",70,70,0,20.2,22.9142857142849,32.9857142857145,24.6090000000001,-10.0714285714296,1822.23,0,17.1635359116022,0
"346",406,"NANAIMO RIVER",1986,"1986-03-12",71,71,0,19,23,28.6071428571429,24.9446666666665,-5.60714285714286,1841.23,0,17.1635359116022,0
"347",407,"NANAIMO RIVER",1986,"1986-03-13",72,72,0,17.6,23.1571428571437,25.5571428571431,25.2556666666666,-2.39999999999938,1858.83,0,17.1635359116022,0
"348",408,"NANAIMO RIVER",1986,"1986-03-14",73,73,0,16.3,21.7714285714298,23.3142857142863,25.5483333333337,-1.54285714285652,1875.13,0,17.1635359116022,0
"349",409,"NANAIMO RIVER",1986,"1986-03-15",74,74,0,15.3,19.6142857142841,21.7071428571424,25.8309999999998,-2.09285714285839,1890.43,0,17.1635359116022,0
"350",410,"NANAIMO RIVER",1986,"1986-03-16",75,75,0,14.1,17.8285714285718,20.5642857142853,26.0899999999999,-2.73571428571345,1904.53,0,17.1635359116022,0
"351",411,"NANAIMO RIVER",1986,"1986-03-17",76,76,0,12.9,16.4857142857135,19.7428571428567,26.313,-3.25714285714328,1917.43,1,17.1635359116022,0
"352",412,"NANAIMO RIVER",1986,"1986-03-18",77,77,0,11.7,15.2714285714298,19.0928571428574,26.5,-3.82142857142753,1929.13,2,17.1635359116022,0
"353",413,"NANAIMO RIVER",1986,"1986-03-19",78,78,0,10.9,14.1142857142861,18.5571428571431,26.674,-4.44285714285694,1940.03,3,17.1635359116022,0
"354",414,"NANAIMO RIVER",1986,"1986-03-20",79,79,0,10.3,13.0714285714286,18.1142857142861,26.8413333333335,-5.04285714285756,1950.33,4,17.1635359116022,0
"355",415,"NANAIMO RIVER",1986,"1986-03-21",80,80,0,10.2,12.1999999999992,16.9857142857145,27.0153333333335,-4.78571428571533,1960.53,5,17.1635359116022,0
"356",416,"NANAIMO RIVER",1986,"1986-03-22",81,81,0,10.4,11.5,15.557142857142,27.2006666666663,-4.05714285714203,1970.93,6,17.1635359116022,0
"357",417,"NANAIMO RIVER",1986,"1986-03-23",82,82,0,10.1,10.9285714285714,14.3785714285716,27.3843333333333,-3.45000000000021,1981.03,7,17.1635359116022,0
"358",418,"NANAIMO RIVER",1986,"1986-03-24",83,83,0,10.5,10.5857142857151,13.5357142857143,27.5820000000002,-2.94999999999917,1991.53,8,17.1635359116022,0
"359",419,"NANAIMO RIVER",1986,"1986-03-25",84,84,0,10.6,10.4285714285714,12.8500000000006,27.7366666666669,-2.42142857142919,2002.13,9,17.1635359116022,0
"360",420,"NANAIMO RIVER",1986,"1986-03-26",85,85,0,37.9,14.2857142857143,14.2000000000002,26.3200000000002,0.0857142857140794,2040.03,0,17.1635359116022,0
"361",421,"NANAIMO RIVER",1986,"1986-03-27",86,86,0,86.7,25.1999999999992,19.1357142857139,25.5433333333334,6.0642857142853,2126.73,0,17.1635359116022,0
"362",422,"NANAIMO RIVER",1986,"1986-03-28",87,87,0,67.9,33.442857142858,22.8214285714286,25.1300000000003,10.6214285714294,2194.63,0,17.1635359116022,0
"363",423,"NANAIMO RIVER",1986,"1986-03-29",88,88,0,50.5,39.1714285714302,25.3357142857151,24.8033333333335,13.8357142857151,2245.13,0,17.1635359116022,0
"364",424,"NANAIMO RIVER",1986,"1986-03-30",89,89,0,39,43.3000000000008,27.1142857142861,24.5133333333336,16.1857142857147,2284.13,0,17.1635359116022,0
"365",425,"NANAIMO RIVER",1986,"1986-03-31",90,90,0,30.2,46.1142857142861,28.3500000000006,24.2600000000001,17.7642857142855,2314.33,0,17.1635359116022,0
"366",426,"NANAIMO RIVER",1986,"1986-04-01",91,91,0,24.4,48.085714285713,29.2571428571422,24.0699999999997,18.8285714285708,2338.73,0,17.1635359116022,0
"367",427,"NANAIMO RIVER",1986,"1986-04-02",92,92,0,20.5,45.5999999999996,29.9428571428569,23.9399999999999,15.6571428571426,2359.23,0,17.1635359116022,0
"368",428,"NANAIMO RIVER",1986,"1986-04-03",93,93,0,16.8,35.6142857142861,30.4071428571426,23.8066666666666,5.20714285714348,2376.03,0,17.1635359116022,0
"369",429,"NANAIMO RIVER",1986,"1986-04-04",94,94,0,14.8,28.028571428571,30.7357142857145,23.6866666666669,-2.70714285714348,2390.83,0,17.1635359116022,0
"370",430,"NANAIMO RIVER",1986,"1986-04-05",95,95,0,12.9,22.6571428571416,30.9142857142859,23.5666666666667,-8.25714285714431,2403.73,1,17.1635359116022,0
"371",431,"NANAIMO RIVER",1986,"1986-04-06",96,96,0,11.6,18.7428571428567,31.0214285714288,23.0866666666669,-12.2785714285721,2415.33,2,17.1635359116022,0
"372",432,"NANAIMO RIVER",1986,"1986-04-07",97,97,0,10.8,15.971428571429,31.0428571428576,22.4333333333333,-15.0714285714286,2426.13,3,17.1635359116022,0
"373",433,"NANAIMO RIVER",1986,"1986-04-08",98,98,0,10.4,13.971428571429,31.028571428571,21.8933333333334,-17.057142857142,2436.53,4,17.1635359116022,0
"374",434,"NANAIMO RIVER",1986,"1986-04-09",99,99,0,10.1,12.4857142857155,29.0428571428576,21.4866666666669,-16.557142857142,2446.63,5,17.1635359116022,0
"375",435,"NANAIMO RIVER",1986,"1986-04-10",100,100,0,9.85,11.4928571428567,23.5535714285714,21.1416666666667,-12.0607142857147,2456.48,6,17.1635359116022,0
"376",436,"NANAIMO RIVER",1986,"1986-04-11",101,101,0,9.38,10.7185714285713,19.3735714285711,20.8210000000002,-8.65499999999987,2465.86,7,17.1635359116022,0
"377",437,"NANAIMO RIVER",1986,"1986-04-12",102,102,0,9.02,10.164285714287,16.4107142857143,20.5350000000001,-6.24642857142732,2474.88,8,17.1635359116022,0
"378",438,"NANAIMO RIVER",1986,"1986-04-13",103,103,0,8.94,9.78428571428438,14.2635714285706,20.2896666666663,-4.47928571428617,2483.82,9,17.1635359116022,0
"379",439,"NANAIMO RIVER",1986,"1986-04-14",104,104,0,8.48,9.45285714285689,12.7121428571429,20.0623333333337,-3.25928571428605,2492.3,10,17.1635359116022,0
"380",440,"NANAIMO RIVER",1986,"1986-04-15",105,105,0,8.32,9.15571428571379,11.5635714285714,19.8696666666666,-2.4078571428576,2500.62,11,17.1635359116022,0
"381",441,"NANAIMO RIVER",1986,"1986-04-16",106,106,0,7.98,8.85285714285731,10.6692857142864,19.7056666666671,-1.81642857142911,2508.6,12,17.1635359116022,0
"382",442,"NANAIMO RIVER",1986,"1986-04-17",107,107,0,8.29,8.6300000000005,10.0614285714286,19.5919999999998,-1.43142857142811,2516.89,13,17.1635359116022,0
"383",443,"NANAIMO RIVER",1986,"1986-04-18",108,108,0,8.02,8.4357142857147,9.57714285714298,19.4960000000002,-1.14142857142828,2524.91,14,17.1635359116022,0
"384",444,"NANAIMO RIVER",1986,"1986-04-19",109,109,0,7.67,8.24285714285673,9.20357142857184,19.4083333333333,-0.960714285715119,2532.58,15,17.1635359116022,0
"385",445,"NANAIMO RIVER",1986,"1986-04-20",110,110,0,7.64,8.0571428571441,8.92071428571424,19.3230000000001,-0.86357142857014,2540.22,16,17.1635359116022,0
"386",446,"NANAIMO RIVER",1986,"1986-04-21",111,111,0,7.72,7.94857142857135,8.70071428571412,19.233666666667,-0.752142857142773,2547.94,17,17.1635359116022,0
"387",447,"NANAIMO RIVER",1986,"1986-04-22",112,112,0,7.57,7.84142857142849,8.49857142857114,19.1493333333332,-0.65714285714265,2555.51,18,17.1635359116022,0
"388",448,"NANAIMO RIVER",1986,"1986-04-23",113,113,0,7,7.70142857142699,8.27714285714215,19.0326666666665,-0.575714285715159,2562.51,19,17.1635359116022,0
"389",449,"NANAIMO RIVER",1986,"1986-04-24",114,114,0,6.73,7.47857142857226,8.05428571428638,18.9036666666667,-0.57571428571412,2569.24,20,17.1635359116022,0
"390",450,"NANAIMO RIVER",1986,"1986-04-25",115,115,0,6.69,7.28857142856993,7.86214285714232,17.8633333333331,-0.573571428572385,2575.93,21,17.1635359116022,0
"391",451,"NANAIMO RIVER",1986,"1986-04-26",116,116,0,6.6,7.13571428571387,7.6892857142853,15.1933333333334,-0.553571428571429,2582.53,22,17.1635359116022,0
"392",452,"NANAIMO RIVER",1986,"1986-04-27",117,117,0,6.69,7,7.52857142857205,13.1529999999999,-0.528571428572052,2589.22,23,17.1635359116022,0
"393",453,"NANAIMO RIVER",1986,"1986-04-28",118,118,0,6.53,6.82999999999967,7.38928571428551,11.6873333333332,-0.559285714285839,2595.75,24,17.1635359116022,0
"394",454,"NANAIMO RIVER",1986,"1986-04-29",119,119,0,6.42,6.66571428571478,7.25357142857164,10.6013333333331,-0.587857142856852,2602.17,25,17.1635359116022,0
"395",455,"NANAIMO RIVER",1986,"1986-04-30",120,120,0,6.33,6.57000000000075,7.13571428571387,9.80566666666661,-0.565714285713121,2608.5,26,17.1635359116022,0
"396",456,"NANAIMO RIVER",1986,"1986-05-01",121,121,0,6.25,6.50142857142782,6.99000000000004,9.2006666666668,-0.488571428572219,2614.75,27,17.1635359116022,0
"397",457,"NANAIMO RIVER",1986,"1986-05-02",122,122,0,7.18,6.57142857142857,6.92999999999925,8.75666666666657,-0.358571428570681,2621.93,28,17.1635359116022,0
"398",458,"NANAIMO RIVER",1986,"1986-05-03",123,123,0,8.47,6.83857142857076,6.98714285714232,8.47899999999984,-0.148571428571553,2630.4,29,17.1635359116022,0
"399",459,"NANAIMO RIVER",1986,"1986-05-04",124,124,0,8.82,7.14285714285714,7.07142857142857,8.27966666666665,0.0714285714285721,2639.22,30,17.1635359116022,0
"400",460,"NANAIMO RIVER",1986,"1986-05-05",125,125,0,8.34,7.40142857142824,7.11571428571395,8.12766666666672,0.285714285714286,2647.56,31,17.1635359116022,0
"401",461,"NANAIMO RIVER",1986,"1986-05-06",126,126,0,8.04,7.63285714285822,7.1492857142865,8.00900000000014,0.483571428571719,2655.6,32,17.1635359116022,0
"402",462,"NANAIMO RIVER",1986,"1986-05-07",127,127,0,7.66,7.82285714285639,7.19642857142857,7.904333333333,0.626428571427823,2663.26,33,17.1635359116022,0
"403",463,"NANAIMO RIVER",1986,"1986-05-08",128,128,0,7.06,7.93857142857035,7.21999999999908,7.79299999999979,0.718571428571263,2670.32,34,17.1635359116022,0
"404",464,"NANAIMO RIVER",1986,"1986-05-09",129,129,0,6.66,7.86428571428613,7.21785714285735,7.67833333333304,0.64642857142878,2676.98,35,17.1635359116022,0
"405",465,"NANAIMO RIVER",1986,"1986-05-10",130,130,0,6.79,7.62428571428713,7.23142857142895,7.57633333333361,0.392857142858182,2683.77,36,17.1635359116022,0
"406",466,"NANAIMO RIVER",1986,"1986-05-11",131,131,0,6.47,7.28857142857201,7.21571428571458,7.47933333333349,0.0728571428574343,2690.24,37,17.1635359116022,0
"407",467,"NANAIMO RIVER",1986,"1986-05-12",132,132,0,7.54,7.17428571428588,7.28785714285706,7.42999999999981,-0.113571428571179,2697.78,38,17.1635359116022,0
"408",468,"NANAIMO RIVER",1986,"1986-05-13",133,133,0,12,7.739999999999,7.68642857142861,7.53200000000021,0.0535714285703888,2709.78,39,17.1635359116022,0
"409",469,"NANAIMO RIVER",1986,"1986-05-14",134,134,0,11.5,8.28857142857201,8.0557142857142,7.63266666666653,0.232857142857808,2721.28,40,17.1635359116022,0
"410",470,"NANAIMO RIVER",1986,"1986-05-15",135,135,0,11.5,8.92285714285806,8.4307142857142,7.73866666666678,0.492142857143856,2732.78,41,17.1635359116022,0
"411",471,"NANAIMO RIVER",1986,"1986-05-16",136,136,0,10.6,9.48571428571553,8.67500000000083,7.82599999999996,0.810714285714701,2743.38,42,17.1635359116022,0
"412",472,"NANAIMO RIVER",1986,"1986-05-17",137,137,0,9.9,9.92999999999925,8.77714285714319,7.87966666666665,1.15285714285606,2753.28,43,17.1635359116022,0
"413",473,"NANAIMO RIVER",1986,"1986-05-18",138,138,0,10.8,10.5485714285709,8.91857142857147,7.97233333333328,1.62999999999946,2764.08,44,17.1635359116022,0
"414",474,"NANAIMO RIVER",1986,"1986-05-19",139,139,0,12.3,11.2285714285723,9.20142857142907,8.12666666666676,2.02714285714319,2776.38,45,17.1635359116022,0
"415",475,"NANAIMO RIVER",1986,"1986-05-20",140,140,0,14.5,11.5857142857151,9.66285714285706,8.35533333333345,1.92285714285806,2790.88,0,17.1635359116022,0
"416",476,"NANAIMO RIVER",1986,"1986-05-21",141,141,0,13.1,11.8142857142853,10.0514285714287,8.53466666666645,1.76285714285664,2803.98,1,17.1635359116022,0
"417",477,"NANAIMO RIVER",1986,"1986-05-22",142,142,0,11.2,11.7714285714277,10.3471428571429,8.65566666666661,1.42428571428484,2815.18,2,17.1635359116022,0
"418",478,"NANAIMO RIVER",1986,"1986-05-23",143,143,0,10.4,11.7428571428567,10.6142857142861,8.76900000000023,1.1285714285706,2825.58,3,17.1635359116022,0
"419",479,"NANAIMO RIVER",1986,"1986-05-24",144,144,0,10.6,11.8428571428563,10.8864285714278,8.89799999999959,0.95642857142853,2836.18,4,17.1635359116022,0
"420",480,"NANAIMO RIVER",1986,"1986-05-25",145,145,0,17.5,12.7999999999988,11.6742857142848,9.25833333333333,1.12571428571391,2853.68,0,17.1635359116022,0
"421",481,"NANAIMO RIVER",1986,"1986-05-26",146,146,0,21.7,14.1428571428571,12.6857142857147,9.76166666666686,1.45714285714244,2875.38,0,17.1635359116022,0
"422",482,"NANAIMO RIVER",1986,"1986-05-27",147,147,0,19.5,14.8571428571429,13.221428571429,10.1886666666668,1.63571428571387,2894.88,0,17.1635359116022,0
"423",483,"NANAIMO RIVER",1986,"1986-05-28",148,148,0,16.4,15.3285714285718,13.5714285714286,10.5176666666666,1.75714285714327,2911.28,0,17.1635359116022,0
"424",484,"NANAIMO RIVER",1986,"1986-05-29",149,149,0,14.7,15.8285714285718,13.7999999999998,10.7936666666666,2.02857142857205,2925.98,0,17.1635359116022,0
"425",485,"NANAIMO RIVER",1986,"1986-05-30",150,150,0,13.2,16.2285714285702,13.9857142857135,11.0226666666664,2.24285714285673,2939.18,1,17.1635359116022,0
"426",486,"NANAIMO RIVER",1986,"1986-05-31",151,151,0,11.8,16.4000000000004,14.1214285714284,11.2076666666665,2.27857142857205,2950.98,2,17.1635359116022,0
"427",487,"NANAIMO RIVER",1986,"1986-06-01",152,152,0,10.6,15.414285714287,14.1071428571429,11.321666666667,1.3071428571441,2961.58,3,17.1635359116022,0
"428",488,"NANAIMO RIVER",1986,"1986-06-02",153,153,0,9.83,13.7185714285713,13.9307142857142,11.3670000000003,-0.21214285714294,2971.41,4,17.1635359116022,0
"429",489,"NANAIMO RIVER",1986,"1986-06-03",154,154,0,9.14,12.2385714285712,13.547857142857,11.3776666666667,-1.30928571428584,2980.55,5,17.1635359116022,0
"430",490,"NANAIMO RIVER",1986,"1986-06-04",155,155,0,8.44,11.1014285714295,13.2150000000007,11.3810000000003,-2.11357142857118,2988.99,6,17.1635359116022,0
"431",491,"NANAIMO RIVER",1986,"1986-06-05",156,156,0,7.75,10.1085714285728,12.9685714285723,11.3713333333333,-2.85999999999954,2996.74,7,17.1635359116022,0
"432",492,"NANAIMO RIVER",1986,"1986-06-06",157,157,0,7.14,9.24285714285881,12.7357142857145,11.3540000000003,-3.49285714285569,3003.88,8,17.1635359116022,0
"433",493,"NANAIMO RIVER",1986,"1986-06-07",158,158,0,6.58,8.49714285714228,12.4485714285713,11.338,-3.95142857142907,3010.46,9,17.1635359116022,0
"434",494,"NANAIMO RIVER",1986,"1986-06-08",159,159,0,6.13,7.85857142857068,11.6364285714288,11.3203333333334,-3.77785714285814,3016.59,10,17.1635359116022,0
"435",495,"NANAIMO RIVER",1986,"1986-06-09",160,160,0,5.97,7.30714285714203,10.5128571428566,11.2929999999998,-3.20571428571462,3022.56,11,17.1635359116022,0
"436",496,"NANAIMO RIVER",1986,"1986-06-10",161,161,0,5.69,6.8142857142853,9.52642857142824,11.2669999999998,-2.71214285714294,3028.25,12,17.1635359116022,0
"437",497,"NANAIMO RIVER",1986,"1986-06-11",162,162,0,5.42,6.38285714285615,8.74214285714281,11.1963333333333,-2.35928571428667,3033.67,13,17.1635359116022,0
"438",498,"NANAIMO RIVER",1986,"1986-06-12",163,163,0,5.17,6.01428571428447,8.06142857142861,10.9686666666666,-2.04714285714415,3038.84,14,17.1635359116022,0
"439",499,"NANAIMO RIVER",1986,"1986-06-13",164,164,0,4.91,5.69571428571362,7.46928571428621,10.749,-1.77357142857259,3043.75,15,17.1635359116022,0
"440",500,"NANAIMO RIVER",1986,"1986-06-14",165,165,0,4.89,5.4542857142868,6.97571428571454,10.5286666666667,-1.52142857142774,3048.64,16,17.1635359116022,0
"441",501,"NANAIMO RIVER",1986,"1986-06-15",166,166,0,4.8,5.26428571428655,6.56142857142861,10.3353333333333,-1.29714285714207,3053.44,17,17.1635359116022,0
"442",502,"NANAIMO RIVER",1986,"1986-06-16",167,167,0,4.52,5.05714285714203,6.18214285714203,10.1559999999998,-1.125,3057.96,18,17.1635359116022,0
"443",503,"NANAIMO RIVER",1986,"1986-06-17",168,168,0,3.42,4.73285714285781,5.77357142857155,9.9100000000001,-1.04071428571374,3061.38,19,17.1635359116022,0
"444",504,"NANAIMO RIVER",1986,"1986-06-18",169,169,0,3.65,4.48000000000008,5.43142857142811,9.62166666666647,-0.951428571428031,3065.03,20,17.1635359116022,0
"445",505,"NANAIMO RIVER",1986,"1986-06-19",170,170,0,3.81,4.28571428571429,5.14999999999938,9.26533333333306,-0.86428571428509,3068.84,21,17.1635359116022,0
"446",506,"NANAIMO RIVER",1986,"1986-06-20",171,171,0,4.15,4.17714285714361,4.93642857142861,8.96700000000031,-0.759285714285007,3072.99,22,17.1635359116022,0
"447",507,"NANAIMO RIVER",1986,"1986-06-21",172,172,0,4.04,4.0557142857142,4.7550000000005,8.72833333333353,-0.699285714286296,3077.03,23,17.1635359116022,0
"448",508,"NANAIMO RIVER",1986,"1986-06-22",173,173,0,4.12,3.95857142857026,4.61142857142841,8.51899999999975,-0.652857142858141,3081.15,24,17.1635359116022,0
"449",509,"NANAIMO RIVER",1986,"1986-06-23",174,174,0,3.71,3.84285714285839,4.45000000000021,8.28933333333359,-0.607142857141818,3084.86,25,17.1635359116022,0
"450",510,"NANAIMO RIVER",1986,"1986-06-24",175,175,0,2.75,3.74714285714228,4.24000000000004,7.79766666666692,-0.492857142857767,3087.61,26,17.1635359116022,0
"451",511,"NANAIMO RIVER",1986,"1986-06-25",176,176,0,2.98,3.65142857142824,4.06571428571416,7.17366666666639,-0.414285714285922,3090.59,27,17.1635359116022,0
"452",512,"NANAIMO RIVER",1986,"1986-06-26",177,177,0,3.18,3.56142857142965,3.92357142857197,6.62966666666665,-0.362142857142317,3093.77,28,17.1635359116022,0
"453",513,"NANAIMO RIVER",1986,"1986-06-27",178,178,0,3.25,3.43285714285698,3.80500000000029,6.19133333333351,-0.372142857143314,3097.02,29,17.1635359116022,0
"454",514,"NANAIMO RIVER",1986,"1986-06-28",179,179,0,3.28,3.3242857142863,3.69000000000025,5.8106666666669,-0.365714285713953,3100.3,30,17.1635359116022,0
"455",515,"NANAIMO RIVER",1986,"1986-06-29",180,180,0,3.19,3.19142857143015,3.57500000000021,5.47700000000041,-0.383571428570057,3103.49,31,17.1635359116022,0
"456",516,"NANAIMO RIVER",1986,"1986-06-30",181,181,0,3.11,3.10571428571503,3.47428571428671,5.18733333333366,-0.368571428571678,3106.6,32,17.1635359116022,0
"457",517,"NANAIMO RIVER",1986,"1986-07-01",182,182,0,3.35,3.19142857142807,3.46928571428517,4.94566666666651,-0.277857142857101,3109.95,33,17.1635359116022,0
"458",518,"NANAIMO RIVER",1986,"1986-07-02",183,183,0,3.88,3.32000000000075,3.48571428571449,4.74733333333328,-0.165714285713745,3113.83,34,17.1635359116022,0
"459",519,"NANAIMO RIVER",1986,"1986-07-03",184,184,0,3.87,3.41857142857043,3.49000000000004,4.57166666666647,-0.0714285714296108,3117.7,35,17.1635359116022,0
"460",520,"NANAIMO RIVER",1986,"1986-07-04",185,185,0,3.76,3.49142857142683,3.4621428571419,4.41566666666622,0.0292857142849243,3121.46,36,17.1635359116022,0
"461",521,"NANAIMO RIVER",1986,"1986-07-05",186,186,0,3.61,3.53857142856993,3.43142857142811,4.27766666666624,0.107142857141818,3125.07,37,17.1635359116022,0
"462",522,"NANAIMO RIVER",1986,"1986-07-06",187,187,0,3.51,3.58428571428522,3.38785714285768,4.15666666666657,0.196428571427532,3128.58,38,17.1635359116022,0
"463",523,"NANAIMO RIVER",1986,"1986-07-07",188,188,0,3.45,3.63285714285615,3.36928571428559,4.05233333333357,0.263571428570556,3132.03,39,17.1635359116022,0
"464",524,"NANAIMO RIVER",1986,"1986-07-08",189,189,0,3.3,3.62571428571495,3.40857142857151,3.95800000000017,0.217142857143439,3135.33,40,17.1635359116022,0
"465",525,"NANAIMO RIVER",1986,"1986-07-09",190,190,0,3.17,3.52428571428546,3.42214285714311,3.86466666666674,0.102142857142358,3138.5,41,17.1635359116022,0
"466",526,"NANAIMO RIVER",1986,"1986-07-10",191,191,0,3.2,3.42857142857143,3.42357142857093,3.78166666666657,0.00500000000049861,3141.7,42,17.1635359116022,0
"467",527,"NANAIMO RIVER",1986,"1986-07-11",192,192,0,3.1,3.33428571428729,3.41285714285706,3.70433333333349,-0.0785714285697656,3144.8,43,17.1635359116022,0
"468",528,"NANAIMO RIVER",1986,"1986-07-12",193,193,0,2.96,3.2414285714289,3.38999999999942,3.63066666666661,-0.148571428570514,3147.76,44,17.1635359116022,0
"469",529,"NANAIMO RIVER",1986,"1986-07-13",194,194,0,2.92,3.15714285714161,3.37071428571341,3.5643333333331,-0.213571428571802,3150.68,45,17.1635359116022,0
"470",530,"NANAIMO RIVER",1986,"1986-07-14",195,195,0,2.86,3.07285714285639,3.35285714285627,3.49666666666647,-0.279999999999875,3153.54,46,17.1635359116022,0
"471",531,"NANAIMO RIVER",1986,"1986-07-15",196,196,0,2.8,3.00142857142782,3.31357142857139,3.42999999999981,-0.312142857143564,3156.34,47,17.1635359116022,0
"472",532,"NANAIMO RIVER",1986,"1986-07-16",197,197,0,2.7,2.9342857142848,3.22928571428513,3.36933333333339,-0.295000000000333,3159.04,48,17.1635359116022,0
"473",533,"NANAIMO RIVER",1986,"1986-07-17",198,198,0,2.6,2.84857142857176,3.13857142857159,3.34199999999983,-0.289999999999834,3161.64,49,17.1635359116022,0
"474",534,"NANAIMO RIVER",1986,"1986-07-18",199,199,0,2.47,2.7585714285711,3.0464285714292,3.30266666666672,-0.287857142858099,3164.11,50,17.1635359116022,0
"475",535,"NANAIMO RIVER",1986,"1986-07-19",200,200,0,2.34,2.67000000000033,2.95571428571462,3.25366666666669,-0.285714285714286,3166.45,51,17.1635359116022,0
"476",536,"NANAIMO RIVER",1986,"1986-07-20",201,201,0,2.44,2.60142857142949,2.87928571428555,3.19666666666647,-0.277857142856062,3168.89,52,17.1635359116022,0
"477",537,"NANAIMO RIVER",1986,"1986-07-21",202,202,0,2.43,2.53999999999983,2.80642857142811,3.14299999999979,-0.266428571428281,3171.32,53,17.1635359116022,0
"478",538,"NANAIMO RIVER",1986,"1986-07-22",203,203,0,2.36,2.47714285714236,2.73928571428509,3.08433333333329,-0.262142857142733,3173.68,54,17.1635359116022,0
"479",539,"NANAIMO RIVER",1986,"1986-07-23",204,204,0,2.25,2.41285714285706,2.67357142857093,3.03566666666641,-0.26071428571387,3175.93,55,17.1635359116022,0
"480",540,"NANAIMO RIVER",1986,"1986-07-24",205,205,0,2.19,2.35428571428513,2.60142857142845,3.01699999999983,-0.247142857143314,3178.12,56,17.1635359116022,0
"481",541,"NANAIMO RIVER",1986,"1986-07-25",206,206,1,1.97,2.28285714285656,2.52071428571383,2.98333333333333,-0.237857142857268,3180.09,57,17.1635359116022,0
"482",546,"NANAIMO RIVER",2013,"2013-01-01",1,1,0,6.24,7.02428571428754,7.9357142857147,13.7850000000001,-0.911428571427158,6.24,NA,10.8007182320442,0
"483",547,"NANAIMO RIVER",2013,"2013-01-02",2,2,0,5.88,6.73428571428563,7.76357142857159,12.4476666666664,-1.02928571428596,12.12,NA,10.8007182320442,0
"484",548,"NANAIMO RIVER",2013,"2013-01-03",3,3,0,5.59,6.45999999999809,7.51071428571387,11.2506666666663,-1.05071428571578,17.71,NA,10.8007182320442,0
"485",549,"NANAIMO RIVER",2013,"2013-01-04",4,4,0,5.38,6.239999999999,7.25428571428555,10.1600000000001,-1.01428571428655,23.09,NA,10.8007182320442,0
"486",550,"NANAIMO RIVER",2013,"2013-01-05",5,5,0,5.21,5.98142857142999,6.99714285714331,9.34700000000012,-1.01571428571333,28.3,NA,10.8007182320442,0
"487",551,"NANAIMO RIVER",2013,"2013-01-06",6,6,0,5.8,5.8142857142853,6.7035714285708,8.76033333333326,-0.889285714285506,34.1,NA,10.8007182320442,0
"488",552,"NANAIMO RIVER",2013,"2013-01-07",7,7,0,6.18,5.75428571428555,6.52142857142878,8.33966666666674,-0.767142857143231,40.28,NA,10.8007182320442,0
"489",553,"NANAIMO RIVER",2013,"2013-01-08",8,8,0,9.54,6.22571428571246,6.625,8.1343333333333,-0.399285714287544,49.82,NA,10.8007182320442,0
"490",554,"NANAIMO RIVER",2013,"2013-01-09",9,9,0,26.5,9.17142857142816,7.95285714285689,8.57099999999967,1.21857142857126,76.32,0,10.8007182320442,0
"491",555,"NANAIMO RIVER",2013,"2013-01-10",10,10,0,15.7,10.615714285716,8.53785714285706,8.69766666666692,2.07785714285897,92.02,0,10.8007182320442,0
"492",556,"NANAIMO RIVER",2013,"2013-01-11",11,11,0,13.2,11.7328571428578,8.98642857142841,8.7743333333332,2.7464285714294,105.22,1,10.8007182320442,0
"493",557,"NANAIMO RIVER",2013,"2013-01-12",12,12,0,11.7,12.6599999999993,9.32071428571466,8.83433333333329,3.33928571428467,116.92,2,10.8007182320442,0
"494",558,"NANAIMO RIVER",2013,"2013-01-13",13,13,0,10.5,13.3314285714296,9.57285714285743,8.88033333333345,3.75857142857214,127.42,3,10.8007182320442,0
"495",559,"NANAIMO RIVER",2013,"2013-01-14",14,14,0,9.47,13.8014285714287,9.7778571428571,8.90499999999981,4.02357142857155,136.89,4,10.8007182320442,0
"496",560,"NANAIMO RIVER",2013,"2013-01-15",15,15,0,8.63,13.6714285714302,9.94857142857134,8.91500000000039,3.72285714285889,145.52,5,10.8007182320442,0
"497",561,"NANAIMO RIVER",2013,"2013-01-16",16,16,0,7.91,11.0157142857144,10.0935714285713,8.88233333333337,0.922142857143106,153.43,6,10.8007182320442,0
"498",562,"NANAIMO RIVER",2013,"2013-01-17",17,17,0,7.36,9.82428571428422,10.2200000000001,8.85499999999981,-0.395714285715908,160.79,7,10.8007182320442,0
"499",563,"NANAIMO RIVER",2013,"2013-01-18",18,18,0,6.88,8.92142857142816,10.327142857143,8.80800000000017,-1.40571428571483,167.67,8,10.8007182320442,0
"500",564,"NANAIMO RIVER",2013,"2013-01-19",19,19,0,6.45,8.17142857142816,10.4157142857137,8.71866666666659,-2.24428571428559,174.12,9,10.8007182320442,0
"501",565,"NANAIMO RIVER",2013,"2013-01-20",20,20,0,6.16,7.55142857142865,10.4414285714291,8.625,-2.89000000000046,180.28,10,10.8007182320442,0
"502",566,"NANAIMO RIVER",2013,"2013-01-21",21,21,0,5.97,7.05142857142865,10.4264285714287,8.53033333333345,-3.375,186.25,11,10.8007182320442,0
"503",567,"NANAIMO RIVER",2013,"2013-01-22",22,22,0,5.85,6.65428571428389,10.1628571428571,8.39499999999971,-3.50857142857318,192.1,12,10.8007182320442,0
"504",568,"NANAIMO RIVER",2013,"2013-01-23",23,23,0,6.04,6.38714285714377,8.70142857142907,8.30533333333345,-2.3142857142853,198.14,13,10.8007182320442,0
"505",569,"NANAIMO RIVER",2013,"2013-01-24",24,24,0,6.13,6.21142857143007,8.01785714285714,8.24000000000039,-1.80642857142707,204.27,14,10.8007182320442,0
"506",570,"NANAIMO RIVER",2013,"2013-01-25",25,25,0,6.16,6.10857142857068,7.51499999999942,8.18166666666657,-1.40642857142874,210.43,15,10.8007182320442,0
"507",571,"NANAIMO RIVER",2013,"2013-01-26",26,26,0,6.14,6.0642857142853,7.11785714285673,8.13599999999957,-1.05357142857143,216.57,16,10.8007182320442,0
"508",572,"NANAIMO RIVER",2013,"2013-01-27",27,27,0,6,6.04142857142766,6.79642857142816,8.10533333333296,-0.755000000000499,222.57,17,10.8007182320442,0
"509",573,"NANAIMO RIVER",2013,"2013-01-28",28,28,0,5.84,6.02285714285764,6.53714285714315,8.06600000000035,-0.514285714285506,228.41,18,10.8007182320442,0
"510",574,"NANAIMO RIVER",2013,"2013-01-29",29,29,0,5.61,5.98857142857326,6.32142857142857,8.020666666667,-0.332857142855313,234.02,19,10.8007182320442,0
"511",575,"NANAIMO RIVER",2013,"2013-01-30",30,30,0,5.46,5.90571428571379,6.14642857142878,7.98266666666653,-0.240714285714993,239.48,20,10.8007182320442,0
"512",576,"NANAIMO RIVER",2013,"2013-01-31",31,31,0,5.56,5.82428571428422,6.01785714285714,7.95999999999961,-0.193571428572926,245.04,21,10.8007182320442,0
"513",577,"NANAIMO RIVER",2013,"2013-02-01",32,32,0,5.92,5.78999999999983,5.94928571428526,7.96133333333322,-0.159285714285423,250.96,22,10.8007182320442,0
"514",578,"NANAIMO RIVER",2013,"2013-02-02",33,33,0,5.96,5.76428571428655,5.91428571428592,7.97366666666688,-0.149999999999377,256.92,23,10.8007182320442,0
"515",579,"NANAIMO RIVER",2013,"2013-02-03",34,34,0,5.93,5.75428571428555,5.8978571428566,7.99199999999983,-0.143571428571054,262.85,24,10.8007182320442,0
"516",580,"NANAIMO RIVER",2013,"2013-02-04",35,35,0,6.01,5.77857142857101,5.90071428571433,8.01866666666659,-0.122142857143315,268.86,25,10.8007182320442,0
"517",581,"NANAIMO RIVER",2013,"2013-02-05",36,36,0,6.98,5.97428571428463,5.98142857142895,8.05800000000017,-0.00714285714431195,275.84,26,10.8007182320442,0
"518",582,"NANAIMO RIVER",2013,"2013-02-06",37,37,0,9.82,6.59714285714394,6.25142857142886,8.17933333333349,0.345714285715076,285.66,27,10.8007182320442,0
"519",583,"NANAIMO RIVER",2013,"2013-02-07",38,38,0,11.1,7.38857142857159,6.60642857142791,8.23133333333341,0.782142857143689,296.76,28,10.8007182320442,0
"520",584,"NANAIMO RIVER",2013,"2013-02-08",39,39,0,10.5,8.04285714285756,6.9164285714287,7.69800000000008,1.12642857142886,307.26,29,10.8007182320442,0
"521",585,"NANAIMO RIVER",2013,"2013-02-09",40,40,0,9.69,8.57571428571412,7.17000000000033,7.49766666666643,1.40571428571379,316.95,30,10.8007182320442,0
"522",586,"NANAIMO RIVER",2013,"2013-02-10",41,41,0,9.06,9.02285714285764,7.38857142857159,7.35966666666645,1.63428571428605,326.01,31,10.8007182320442,0
"523",587,"NANAIMO RIVER",2013,"2013-02-11",42,42,0,8.54,9.38428571428605,7.58142857142853,7.25433333333349,1.80285714285752,334.55,32,10.8007182320442,0
"524",588,"NANAIMO RIVER",2013,"2013-02-12",43,43,0,8.08,9.54142857142974,7.75785714285718,7.17366666666688,1.78357142857255,342.63,33,10.8007182320442,0
"525",589,"NANAIMO RIVER",2013,"2013-02-13",44,44,0,7.81,9.25428571428555,7.92571428571474,7.11833333333343,1.3285714285708,350.44,34,10.8007182320442,0
"526",590,"NANAIMO RIVER",2013,"2013-02-14",45,45,0,7.52,8.74285714285673,8.06571428571416,7.08133333333293,0.677142857142565,357.96,35,10.8007182320442,0
"527",591,"NANAIMO RIVER",2013,"2013-02-15",46,46,0,7.23,8.27571428571537,8.15928571428646,7.05866666666698,0.116428571428903,365.19,36,10.8007182320442,0
"528",592,"NANAIMO RIVER",2013,"2013-02-16",47,47,0,7.07,7.90142857142824,8.23857142857118,7.04900000000004,-0.33714285714294,372.26,37,10.8007182320442,0
"529",593,"NANAIMO RIVER",2013,"2013-02-17",48,48,0,6.93,7.59714285714394,8.31000000000079,7.0506666666668,-0.712857142856851,379.19,38,10.8007182320442,0
"530",594,"NANAIMO RIVER",2013,"2013-02-18",49,49,0,6.8,7.34857142857176,8.3664285714289,7.06233333333366,-1.01785714285714,385.99,39,10.8007182320442,0
"531",595,"NANAIMO RIVER",2013,"2013-02-19",50,50,0,7.09,7.20714285714244,8.37428571428609,7.09333333333343,-1.16714285714365,393.08,40,10.8007182320442,0
"532",596,"NANAIMO RIVER",2013,"2013-02-20",51,51,0,6.73,7.05285714285648,8.15357142857101,7.11866666666659,-1.10071428571454,399.81,41,10.8007182320442,0
"533",597,"NANAIMO RIVER",2013,"2013-02-21",52,52,0,6.44,6.89857142857259,7.82071428571466,7.13833333333362,-0.922142857142067,406.25,42,10.8007182320442,0
"534",598,"NANAIMO RIVER",2013,"2013-02-22",53,53,0,6.58,6.8057142857142,7.54071428571478,7.15633333333341,-0.735000000000582,412.83,43,10.8007182320442,0
"535",599,"NANAIMO RIVER",2013,"2013-02-23",54,54,0,6.79,6.76571428571437,7.3335714285713,7.17833333333304,-0.567857142856935,419.62,44,10.8007182320442,0
"536",600,"NANAIMO RIVER",2013,"2013-02-24",55,55,0,6.57,6.71428571428571,7.15571428571483,7.19200000000031,-0.441428571429112,426.19,45,10.8007182320442,0
"537",601,"NANAIMO RIVER",2013,"2013-02-25",56,56,0,11.7,7.41428571428488,7.38142857142832,7.37733333333357,0.0328571428565603,437.89,46,10.8007182320442,0
"538",602,"NANAIMO RIVER",2013,"2013-02-26",57,57,0,9.62,7.77571428571329,7.49142857142787,7.49800000000008,0.284285714285422,447.51,47,10.8007182320442,0
"539",603,"NANAIMO RIVER",2013,"2013-02-27",58,58,0,8.89,8.08428571428522,7.56857142857085,7.59966666666636,0.515714285714369,456.4,48,10.8007182320442,0
"540",604,"NANAIMO RIVER",2013,"2013-02-28",59,59,0,8.54,8.38428571428605,7.64142857142932,7.69733333333328,0.742857142856727,464.94,49,10.8007182320442,0
"541",605,"NANAIMO RIVER",2013,"2013-03-01",60,60,0,33.7,12.2585714285711,9.53214285714265,8.63866666666678,2.72642857142845,498.64,0,10.8007182320442,0
"542",606,"NANAIMO RIVER",2013,"2013-03-02",61,61,0,53.4,18.9171428571426,12.8414285714285,10.2333333333333,6.07571428571412,552.04,0,10.8007182320442,0
"543",607,"NANAIMO RIVER",2013,"2013-03-03",62,62,0,39.1,23.5642857142853,15.1392857142855,11.3393333333336,8.42499999999979,591.14,0,10.8007182320442,0
"544",608,"NANAIMO RIVER",2013,"2013-03-04",63,63,0,30.1,26.192857142858,16.8035714285714,12.1440000000002,9.38928571428655,621.24,0,10.8007182320442,0
"545",609,"NANAIMO RIVER",2013,"2013-03-05",64,64,0,23.9,28.2328571428578,18.0042857142855,12.7430000000003,10.2285714285723,645.14,0,10.8007182320442,0
"546",610,"NANAIMO RIVER",2013,"2013-03-06",65,65,0,19.7,29.7771428571432,18.9307142857142,13.1993333333332,10.846428571429,664.84,0,10.8007182320442,0
"547",611,"NANAIMO RIVER",2013,"2013-03-07",66,66,0,16.5,30.9142857142849,19.6492857142855,13.5166666666667,11.2649999999994,681.34,0,10.8007182320442,0
"548",612,"NANAIMO RIVER",2013,"2013-03-08",67,67,0,14.2,28.1285714285706,20.1935714285708,13.6626666666663,7.93499999999975,695.54,0,10.8007182320442,0
"549",613,"NANAIMO RIVER",2013,"2013-03-09",68,68,0,12.3,22.2571428571433,20.5871428571429,13.7026666666667,1.67000000000033,707.84,1,10.8007182320442,0
"550",614,"NANAIMO RIVER",2013,"2013-03-10",69,69,0,10.8,18.2142857142857,20.8892857142855,13.7126666666668,-2.67499999999979,718.64,2,10.8007182320442,0
"551",615,"NANAIMO RIVER",2013,"2013-03-11",70,70,0,9.91,15.3299999999997,20.7614285714288,13.7200000000002,-5.43142857142915,728.55,3,10.8007182320442,0
"552",616,"NANAIMO RIVER",2013,"2013-03-12",71,71,0,12.6,13.7157142857135,20.9742857142857,13.838,-7.25857142857214,741.15,4,10.8007182320442,0
"553",617,"NANAIMO RIVER",2013,"2013-03-13",72,72,0,16,13.1871428571425,21.4821428571429,14.0866666666664,-8.29500000000033,757.15,0,10.8007182320442,0
"554",618,"NANAIMO RIVER",2013,"2013-03-14",73,73,0,24.2,14.2871428571421,22.6007142857135,14.6239999999996,-8.31357142857139,781.35,0,10.8007182320442,0
"555",619,"NANAIMO RIVER",2013,"2013-03-15",74,74,0,34.3,17.1585714285715,22.6435714285711,15.5069999999997,-5.48499999999954,815.65,0,10.8007182320442,0
"556",620,"NANAIMO RIVER",2013,"2013-03-16",75,75,0,28.9,19.5300000000009,20.8935714285721,16.219666666667,-1.36357142857118,844.55,0,10.8007182320442,0
"557",621,"NANAIMO RIVER",2013,"2013-03-17",76,76,0,24.2,21.4442857142858,19.8292857142858,16.7853333333333,1.61500000000004,868.75,0,10.8007182320442,0
"558",622,"NANAIMO RIVER",2013,"2013-03-18",77,77,0,19.9,22.8714285714273,19.1007142857135,17.213,3.77071428571383,888.65,0,10.8007182320442,0
"559",623,"NANAIMO RIVER",2013,"2013-03-19",78,78,0,16.8,23.471428571429,18.5935714285713,17.5419999999998,4.87785714285772,905.45,0,10.8007182320442,0
"560",624,"NANAIMO RIVER",2013,"2013-03-20",79,79,0,17.9,23.7428571428567,18.4649999999996,17.9119999999995,5.2778571428571,923.35,0,10.8007182320442,0
"561",625,"NANAIMO RIVER",2013,"2013-03-21",80,80,0,17.5,22.7857142857143,18.5364285714282,18.2589999999997,4.24928571428609,940.85,0,10.8007182320442,0
"562",626,"NANAIMO RIVER",2013,"2013-03-22",81,81,0,15.2,20.0571428571441,18.6078571428578,18.5413333333335,1.4492857142863,956.05,0,10.8007182320442,0
"563",627,"NANAIMO RIVER",2013,"2013-03-23",82,82,0,13.5,17.8571428571429,18.6935714285719,18.7766666666668,-0.836428571429028,969.55,1,10.8007182320442,0
"564",628,"NANAIMO RIVER",2013,"2013-03-24",83,83,0,12,16.1142857142861,18.779285714286,18.9573333333334,-2.66499999999984,981.55,2,10.8007182320442,0
"565",629,"NANAIMO RIVER",2013,"2013-03-25",84,84,0,10.8,14.8142857142853,18.8428571428563,19.0909999999999,-4.02857142857101,992.35,3,10.8007182320442,0
"566",630,"NANAIMO RIVER",2013,"2013-03-26",85,85,0,9.91,13.8299999999997,18.6507142857143,19.2023333333331,-4.82071428571466,1002.26,4,10.8007182320442,0
"567",631,"NANAIMO RIVER",2013,"2013-03-27",86,86,0,9.18,12.5842857142873,18.163571428572,19.1183333333334,-5.57928571428472,1011.44,5,10.8007182320442,0
"568",632,"NANAIMO RIVER",2013,"2013-03-28",87,87,0,8.7,11.327142857144,17.0564285714292,19.0876666666668,-5.72928571428513,1020.14,6,10.8007182320442,0
"569",633,"NANAIMO RIVER",2013,"2013-03-29",88,88,0,8.5,10.3699999999995,15.2135714285718,19.0746666666668,-4.8435714285723,1028.64,7,10.8007182320442,0
"570",634,"NANAIMO RIVER",2013,"2013-03-30",89,89,0,8.52,9.65857142857151,13.7578571428572,19.074,-4.09928571428567,1037.16,8,10.8007182320442,0
"571",635,"NANAIMO RIVER",2013,"2013-03-31",90,90,0,8.76,9.19571428571362,12.6549999999999,18.2426666666666,-3.45928571428625,1045.92,9,10.8007182320442,0
"572",636,"NANAIMO RIVER",2013,"2013-04-01",91,91,0,9.41,8.99714285714435,11.9057142857148,16.7763333333336,-2.90857142857047,1055.33,10,10.8007182320442,0
"573",637,"NANAIMO RIVER",2013,"2013-04-02",92,92,0,10.3,9.05285714285856,11.4414285714291,15.8163333333335,-2.38857142857056,1065.63,11,10.8007182320442,0
"574",638,"NANAIMO RIVER",2013,"2013-04-03",93,93,0,10.2,9.19857142857134,10.8914285714293,15.1529999999999,-1.69285714285797,1075.83,12,10.8007182320442,0
"575",639,"NANAIMO RIVER",2013,"2013-04-04",94,94,0,10.5,9.45571428571462,10.3914285714293,14.7063333333334,-0.935714285714701,1086.33,13,10.8007182320442,0
"576",640,"NANAIMO RIVER",2013,"2013-04-05",95,95,0,14.1,10.2557142857134,10.3128571428564,14.5196666666666,-0.0571428571430648,1100.43,0,10.8007182320442,0
"577",641,"NANAIMO RIVER",2013,"2013-04-06",96,96,0,16.8,11.4385714285703,10.5485714285709,14.5296666666666,0.889999999999418,1117.23,0,10.8007182320442,0
"578",642,"NANAIMO RIVER",2013,"2013-04-07",97,97,0,17.1,12.6300000000005,10.9128571428571,14.6263333333336,1.71714285714344,1134.33,0,10.8007182320442,0
"579",643,"NANAIMO RIVER",2013,"2013-04-08",98,98,0,15.3,13.471428571429,11.2342857142867,14.7263333333336,2.23714285714232,1149.63,0,10.8007182320442,0
"580",644,"NANAIMO RIVER",2013,"2013-04-09",99,99,0,13.5,13.9285714285714,11.490714285715,14.8163333333335,2.43785714285644,1163.13,1,10.8007182320442,0
"581",645,"NANAIMO RIVER",2013,"2013-04-10",100,100,0,18.8,15.1571428571416,12.1778571428565,15.1126666666663,2.97928571428513,1181.93,0,10.8007182320442,0
"582",646,"NANAIMO RIVER",2013,"2013-04-11",101,101,0,20.7,16.6142857142861,13.0350000000004,15.382666666667,3.57928571428575,1202.63,0,10.8007182320442,0
"583",647,"NANAIMO RIVER",2013,"2013-04-12",102,102,0,17.8,17.1428571428571,13.6992857142853,15.4426666666666,3.44357142857189,1220.43,0,10.8007182320442,0
"584",648,"NANAIMO RIVER",2013,"2013-04-13",103,103,0,15.4,16.942857142858,14.1907142857142,15.1493333333337,2.75214285714381,1235.83,0,10.8007182320442,0
"585",649,"NANAIMO RIVER",2013,"2013-04-14",104,104,0,13.3,16.4000000000004,14.5150000000005,14.4493333333337,1.88499999999996,1249.13,1,10.8007182320442,0
"586",650,"NANAIMO RIVER",2013,"2013-04-15",105,105,0,11.6,15.8714285714273,14.6714285714282,13.8726666666664,1.19999999999917,1260.73,2,10.8007182320442,0
"587",651,"NANAIMO RIVER",2013,"2013-04-16",106,106,0,10.3,15.4142857142849,14.6714285714282,13.4093333333333,0.742857142856728,1271.03,3,10.8007182320442,0
"588",652,"NANAIMO RIVER",2013,"2013-04-17",107,107,0,9.42,14.0742857142863,14.615714285714,13.0600000000001,-0.541428571427657,1280.45,4,10.8007182320442,0
"589",653,"NANAIMO RIVER",2013,"2013-04-18",108,108,0,8.87,12.384285714284,14.499285714285,12.7956666666665,-2.11500000000108,1289.32,5,10.8007182320442,0
"590",654,"NANAIMO RIVER",2013,"2013-04-19",109,109,0,8.95,11.1200000000016,14.1314285714294,12.4973333333338,-3.01142857142778,1298.27,6,10.8007182320442,0
"591",655,"NANAIMO RIVER",2013,"2013-04-20",110,110,0,9.49,10.2757142857133,13.6092857142856,12.2303333333334,-3.33357142857234,1307.76,7,10.8007182320442,0
"592",656,"NANAIMO RIVER",2013,"2013-04-21",111,111,0,9.44,9.72428571428463,13.0621428571425,12.0383333333331,-3.33785714285789,1317.2,8,10.8007182320442,0
"593",657,"NANAIMO RIVER",2013,"2013-04-22",112,112,0,8.97,9.34857142857176,12.6099999999995,11.8873333333332,-3.26142857142778,1326.17,9,10.8007182320442,0
"594",658,"NANAIMO RIVER",2013,"2013-04-23",113,113,0,8.51,9.09285714285631,12.2535714285706,11.7709999999997,-3.16071428571428,1334.68,10,10.8007182320442,0
"595",659,"NANAIMO RIVER",2013,"2013-04-24",114,114,0,8.18,8.91571428571478,11.4950000000005,11.683666666667,-2.57928571428576,1342.86,11,10.8007182320442,0
"596",660,"NANAIMO RIVER",2013,"2013-04-25",115,115,0,8.15,8.81285714285748,10.5985714285707,11.625,-1.78571428571325,1351.01,12,10.8007182320442,0
"597",661,"NANAIMO RIVER",2013,"2013-04-26",116,116,0,8.89,8.8042857142843,9.96214285714294,11.6153333333331,-1.15785714285864,1359.9,13,10.8007182320442,0
"598",662,"NANAIMO RIVER",2013,"2013-04-27",117,117,0,9.31,8.77857142857101,9.52714285714215,11.6356666666664,-0.748571428571138,1369.21,14,10.8007182320442,0
"599",663,"NANAIMO RIVER",2013,"2013-04-28",118,118,0,9.58,8.79857142857093,9.26142857142778,11.6716666666665,-0.462857142856853,1378.79,15,10.8007182320442,0
"600",664,"NANAIMO RIVER",2013,"2013-04-29",119,119,0,9.37,8.85571428571503,9.1021428571434,11.7,-0.246428571428362,1388.16,16,10.8007182320442,0
"601",665,"NANAIMO RIVER",2013,"2013-04-30",120,120,0,8.91,8.91285714285706,9.00285714285669,11.7049999999998,-0.089999999999625,1397.07,17,10.8007182320442,0
"602",666,"NANAIMO RIVER",2013,"2013-05-01",121,121,0,8.33,8.9342857142848,8.92499999999979,11.6689999999997,0.00928571428500646,1405.4,18,10.8007182320442,0
"603",667,"NANAIMO RIVER",2013,"2013-05-02",122,122,0,7.84,8.8900000000015,8.85142857142949,11.587,0.0385714285720109,1413.24,19,10.8007182320442,0
"604",668,"NANAIMO RIVER",2013,"2013-05-03",123,123,0,7.55,8.69857142857134,8.75142857142782,11.4986666666664,-0.0528571428564781,1420.79,20,10.8007182320442,0
"605",669,"NANAIMO RIVER",2013,"2013-05-04",124,124,0,7.89,8.49571428571445,8.63714285714273,11.4116666666664,-0.14142857142828,1428.68,21,10.8007182320442,0
"606",670,"NANAIMO RIVER",2013,"2013-05-05",125,125,0,8.98,8.41000000000141,8.60428571428617,11.2410000000003,-0.194285714284758,1437.66,22,10.8007182320442,0
"607",671,"NANAIMO RIVER",2013,"2013-05-06",126,126,0,10.3,8.54285714285548,8.69928571428526,11.0243333333332,-0.156428571429776,1447.96,23,10.8007182320442,0
"608",672,"NANAIMO RIVER",2013,"2013-05-07",127,127,0,11.4,8.89857142857259,8.90571428571483,10.8343333333333,-0.00714285714223273,1459.36,24,10.8007182320442,0
"609",673,"NANAIMO RIVER",2013,"2013-05-08",128,128,0,12.3,9.46571428571562,9.20000000000021,10.7343333333333,0.26571428571541,1471.66,25,10.8007182320442,0
"610",674,"NANAIMO RIVER",2013,"2013-05-09",129,129,0,12.7,10.1599999999993,9.52500000000042,10.7076666666665,0.634999999998918,1484.36,26,10.8007182320442,0
"611",675,"NANAIMO RIVER",2013,"2013-05-10",130,130,0,12.8,10.9100000000014,9.80428571428638,10.507666666667,1.10571428571503,1497.16,27,10.8007182320442,0
"612",676,"NANAIMO RIVER",2013,"2013-05-11",131,131,0,12.8,11.6114285714284,10.0535714285714,10.2443333333329,1.55785714285698,1509.96,28,10.8007182320442,0
"613",677,"NANAIMO RIVER",2013,"2013-05-12",132,132,0,18.9,13.028571428571,10.7192857142862,10.2810000000003,2.3092857142848,1528.86,0,10.8007182320442,0
"614",678,"NANAIMO RIVER",2013,"2013-05-13",133,133,0,19.8,14.3857142857159,11.4642857142857,10.4276666666667,2.92142857143024,1548.66,0,10.8007182320442,0
"615",679,"NANAIMO RIVER",2013,"2013-05-14",134,134,0,20.4,15.6714285714282,12.2850000000004,10.6643333333331,3.38642857142778,1569.06,0,10.8007182320442,0
"616",680,"NANAIMO RIVER",2013,"2013-05-15",135,135,0,17.5,16.4142857142849,12.9400000000002,10.8610000000001,3.47428571428463,1586.56,0,10.8007182320442,0
"617",681,"NANAIMO RIVER",2013,"2013-05-16",136,136,0,15.3,16.7857142857143,13.4728571428568,11.0276666666667,3.31285714285747,1601.86,0,10.8007182320442,0
"618",682,"NANAIMO RIVER",2013,"2013-05-17",137,137,0,13.9,16.9428571428559,13.9264285714287,11.1769999999999,3.01642857142724,1615.76,1,10.8007182320442,0
"619",683,"NANAIMO RIVER",2013,"2013-05-18",138,138,0,12.7,16.9285714285714,14.2699999999999,11.3046666666666,2.65857142857151,1628.46,2,10.8007182320442,0
"620",684,"NANAIMO RIVER",2013,"2013-05-19",139,139,0,11.5,15.8714285714273,14.4499999999992,11.3896666666663,1.42142857142816,1639.96,3,10.8007182320442,0
"621",685,"NANAIMO RIVER",2013,"2013-05-20",140,140,0,10.7,14.5714285714286,14.4785714285723,11.4300000000003,0.0928571428563103,1650.66,4,10.8007182320442,0
"622",686,"NANAIMO RIVER",2013,"2013-05-21",141,141,0,10.7,13.1857142857147,14.4285714285714,11.4720000000001,-1.24285714285673,1661.36,5,10.8007182320442,0
"623",687,"NANAIMO RIVER",2013,"2013-05-22",142,142,0,10.3,12.1571428571437,14.2857142857143,11.5163333333335,-2.1285714285706,1671.66,6,10.8007182320442,0
"624",688,"NANAIMO RIVER",2013,"2013-05-23",143,143,0,10.5,11.471428571429,14.1285714285716,11.582666666667,-2.65714285714265,1682.16,7,10.8007182320442,0
"625",689,"NANAIMO RIVER",2013,"2013-05-24",144,144,0,9.34,10.8200000000007,13.8814285714283,11.6213333333333,-3.06142857142757,1691.5,8,10.8007182320442,0
"626",690,"NANAIMO RIVER",2013,"2013-05-25",145,145,0,8.92,10.2800000000009,13.6042857142862,11.6470000000001,-3.32428571428526,1700.42,9,10.8007182320442,0
"627",691,"NANAIMO RIVER",2013,"2013-05-26",146,146,0,9.29,9.96428571428571,12.9178571428565,11.6603333333333,-2.95357142857081,1709.71,10,10.8007182320442,0
"628",692,"NANAIMO RIVER",2013,"2013-05-27",147,147,0,9.51,9.79428571428538,12.182857142857,11.6670000000003,-2.38857142857159,1719.22,11,10.8007182320442,0
"629",693,"NANAIMO RIVER",2013,"2013-05-28",148,148,0,10.3,9.73714285714336,11.461428571429,11.6910000000003,-1.72428571428567,1729.52,12,10.8007182320442,0
"630",694,"NANAIMO RIVER",2013,"2013-05-29",149,149,0,11.1,9.85142857142741,11.0042857142855,11.7486666666664,-1.15285714285814,1740.62,13,10.8007182320442,0
"631",695,"NANAIMO RIVER",2013,"2013-05-30",150,150,0,11.5,9.99428571428455,10.7328571428568,11.8350000000001,-0.73857142857222,1752.12,14,10.8007182320442,0
"632",696,"NANAIMO RIVER",2013,"2013-05-31",151,151,0,11.6,10.317142857143,10.5685714285719,11.9440000000002,-0.251428571428862,1763.72,15,10.8007182320442,0
"633",697,"NANAIMO RIVER",2013,"2013-06-01",152,152,0,11.2,10.6428571428571,10.461428571429,12.0559999999998,0.181428571428114,1774.92,16,10.8007182320442,0
"634",698,"NANAIMO RIVER",2013,"2013-06-02",153,153,0,10.4,10.8014285714287,10.3828571428572,12.151,0.41857142857147,1785.32,17,10.8007182320442,0
"635",699,"NANAIMO RIVER",2013,"2013-06-03",154,154,0,9.88,10.8542857142851,10.3242857142853,12.2173333333335,0.529999999999875,1795.2,18,10.8007182320442,0
"636",700,"NANAIMO RIVER",2013,"2013-06-04",155,155,0,8.44,10.5885714285708,10.1628571428571,12.1993333333332,0.425714285713703,1803.64,19,10.8007182320442,0
"637",701,"NANAIMO RIVER",2013,"2013-06-05",156,156,0,7.38,10.0571428571441,9.95428571428576,12.1020000000004,0.102857142858348,1811.02,20,10.8007182320442,0
"638",702,"NANAIMO RIVER",2013,"2013-06-06",157,157,0,7.46,9.48000000000008,9.73714285714232,11.9706666666665,-0.257142857142233,1818.48,21,10.8007182320442,0
"639",703,"NANAIMO RIVER",2013,"2013-06-07",158,158,0,7.55,8.90142857142824,9.60928571428563,11.8123333333332,-0.707857142857392,1826.03,22,10.8007182320442,0
"640",704,"NANAIMO RIVER",2013,"2013-06-08",159,159,0,7.22,8.33285714285739,9.48785714285727,11.6296666666666,-1.15499999999988,1833.25,23,10.8007182320442,0
"641",705,"NANAIMO RIVER",2013,"2013-06-09",160,160,0,6.79,7.81714285714302,9.30928571428584,11.429333333333,-1.49214285714281,1840.04,24,10.8007182320442,0
"642",706,"NANAIMO RIVER",2013,"2013-06-10",161,161,0,5.42,7.17999999999925,9.01714285714219,11.1833333333333,-1.83714285714294,1845.46,25,10.8007182320442,0
"643",707,"NANAIMO RIVER",2013,"2013-06-11",162,162,0,4.66,6.63999999999942,8.61428571428509,10.7086666666665,-1.97428571428567,1850.12,26,10.8007182320442,0
"644",708,"NANAIMO RIVER",2013,"2013-06-12",163,163,0,4.77,6.26714285714219,8.16214285714315,10.2076666666665,-1.89500000000096,1854.89,27,10.8007182320442,0
"645",709,"NANAIMO RIVER",2013,"2013-06-13",164,164,0,5.11,5.93142857142915,7.70571428571462,9.69800000000008,-1.77428571428547,1860,28,10.8007182320442,0
"646",710,"NANAIMO RIVER",2013,"2013-06-14",165,165,0,5.42,5.62714285714277,7.26428571428551,9.29533333333335,-1.63714285714273,1865.42,29,10.8007182320442,0
"647",711,"NANAIMO RIVER",2013,"2013-06-15",166,166,0,5.27,5.34857142857176,6.84071428571458,8.96100000000006,-1.49214285714282,1870.69,30,10.8007182320442,0
"648",712,"NANAIMO RIVER",2013,"2013-06-16",167,167,0,5.2,5.1214285714294,6.46928571428621,8.67100000000016,-1.34785714285681,1875.89,31,10.8007182320442,0
"649",713,"NANAIMO RIVER",2013,"2013-06-17",168,168,0,5.14,5.08142857142957,6.13071428571441,8.41900000000023,-1.04928571428484,1881.03,32,10.8007182320442,0
"650",714,"NANAIMO RIVER",2013,"2013-06-18",169,169,0,5.89,5.25714285714327,5.94857142857135,8.23200000000021,-0.691428571428073,1886.92,33,10.8007182320442,0
"651",715,"NANAIMO RIVER",2013,"2013-06-19",170,170,0,5.75,5.39714285714269,5.83214285714244,8.06699999999983,-0.434999999999751,1892.67,34,10.8007182320442,0
"652",716,"NANAIMO RIVER",2013,"2013-06-20",171,171,0,5.38,5.4357142857147,5.68357142857193,7.88966666666674,-0.247857142857226,1898.05,35,10.8007182320442,0
"653",717,"NANAIMO RIVER",2013,"2013-06-21",172,172,0,5.18,5.40142857142824,5.51428571428551,7.71899999999975,-0.112857142857267,1903.23,36,10.8007182320442,0
"654",718,"NANAIMO RIVER",2013,"2013-06-22",173,173,0,5.12,5.37999999999842,5.36428571428509,7.53966666666626,0.0157142857133294,1908.35,37,10.8007182320442,0
"655",719,"NANAIMO RIVER",2013,"2013-06-23",174,174,0,5.01,5.35285714285731,5.23714285714336,7.39533333333335,0.115714285713953,1913.36,38,10.8007182320442,0
"656",720,"NANAIMO RIVER",2013,"2013-06-24",175,175,0,5.49,5.40285714285606,5.24214285714282,7.28099999999977,0.160714285713246,1918.85,39,10.8007182320442,0
"657",721,"NANAIMO RIVER",2013,"2013-06-25",176,176,0,5.46,5.34142857142849,5.29928571428588,7.15333333333353,0.0421428571426077,1924.31,40,10.8007182320442,0
"658",722,"NANAIMO RIVER",2013,"2013-06-26",177,177,0,5.5,5.3057142857142,5.35142857142845,7.01966666666655,-0.0457142857142445,1929.81,41,10.8007182320442,0
"659",723,"NANAIMO RIVER",2013,"2013-06-27",178,178,0,5.98,5.39142857142724,5.41357142857097,6.87566666666632,-0.0221428571437299,1935.79,42,10.8007182320442,0
"660",724,"NANAIMO RIVER",2013,"2013-06-28",179,179,0,6.56,5.58857142857076,5.4949999999995,6.7243333333332,0.0935714285712628,1942.35,43,10.8007182320442,0
"661",725,"NANAIMO RIVER",2013,"2013-06-29",180,180,0,6.47,5.78142857142874,5.58071428571358,6.55666666666657,0.20071428571516,1948.82,44,10.8007182320442,0
"662",726,"NANAIMO RIVER",2013,"2013-06-30",181,181,0,6.11,5.93857142857035,5.64571428571383,6.3736666666664,0.292857142856519,1954.93,45,10.8007182320442,0
"663",727,"NANAIMO RIVER",2013,"2013-07-01",182,182,0,5.78,5.98000000000008,5.69142857142807,6.19299999999979,0.288571428572011,1960.71,46,10.8007182320442,0
"664",728,"NANAIMO RIVER",2013,"2013-07-02",183,183,0,5.42,5.97428571428671,5.6578571428576,6.02700000000041,0.316428571429112,1966.13,47,10.8007182320442,0
"665",729,"NANAIMO RIVER",2013,"2013-07-03",184,184,0,4.98,5.90000000000042,5.60285714285731,5.86366666666678,0.297142857143107,1971.11,48,10.8007182320442,0
"666",730,"NANAIMO RIVER",2013,"2013-07-04",185,185,0,4.39,5.67285714285806,5.53214285714265,5.72866666666669,0.140714285715408,1975.5,49,10.8007182320442,0
"667",731,"NANAIMO RIVER",2013,"2013-07-05",186,186,0,3.76,5.27285714285764,5.4307142857142,5.60799999999969,-0.157857142856561,1979.26,50,10.8007182320442,0
"668",732,"NANAIMO RIVER",2013,"2013-07-06",187,187,0,3.7,4.87714285714277,5.32928571428576,5.48266666666653,-0.452142857142982,1982.96,51,10.8007182320442,0
"669",733,"NANAIMO RIVER",2013,"2013-07-07",188,188,0,3.64,4.52428571428546,5.23142857142791,5.35233333333308,-0.707142857142442,1986.6,52,10.8007182320442,0
"670",734,"NANAIMO RIVER",2013,"2013-07-08",189,189,0,3.26,4.16428571428696,5.07214285714352,5.22033333333335,-0.907857142856561,1989.86,53,10.8007182320442,0
"671",735,"NANAIMO RIVER",2013,"2013-07-09",190,190,0,2.9,3.8042857142843,4.88928571428551,5.09066666666671,-1.08500000000121,1992.76,54,10.8007182320442,0
"672",736,"NANAIMO RIVER",2013,"2013-07-10",191,191,0,2.86,3.50142857142782,4.70071428571412,5.00533333333345,-1.1992857142863,1995.62,55,10.8007182320442,0
"673",737,"NANAIMO RIVER",2013,"2013-07-11",192,192,0,2.8,3.27428571428546,4.47357142857176,4.94333333333343,-1.1992857142863,1998.42,56,10.8007182320442,0
"674",738,"NANAIMO RIVER",2013,"2013-07-12",193,193,0,2.6,3.10857142857276,4.1907142857152,4.87100000000015,-1.08214285714244,2001.02,57,10.8007182320442,0
"675",739,"NANAIMO RIVER",2013,"2013-07-13",194,194,0,2.32,2.91142857142924,3.89428571428601,4.77799999999988,-0.982857142856769,2003.34,58,10.8007182320442,0
"676",740,"NANAIMO RIVER",2013,"2013-07-14",195,195,0,2.29,2.71857142857334,3.6214285714294,4.67366666666688,-0.902857142856062,2005.63,59,10.8007182320442,0
"677",741,"NANAIMO RIVER",2013,"2013-07-15",196,196,0,2.26,2.57571428571412,3.37000000000054,4.57333333333324,-0.794285714286421,2007.89,60,10.8007182320442,0
"678",742,"NANAIMO RIVER",2013,"2013-07-16",197,197,0,2.25,2.48285714285781,3.14357142857105,4.475,-0.660714285713246,2010.14,61,10.8007182320442,0
"679",743,"NANAIMO RIVER",2013,"2013-07-17",198,198,0,2.22,2.39142857142932,2.94642857142857,4.37766666666672,-0.554999999999252,2012.36,62,10.8007182320442,0
"680",744,"NANAIMO RIVER",2013,"2013-07-18",199,199,0,2.18,2.30285714285648,2.78857142857097,4.25399999999985,-0.485714285714494,2014.54,63,10.8007182320442,0
"681",745,"NANAIMO RIVER",2013,"2013-07-19",200,200,0,2.17,2.24142857142683,2.67499999999979,4.13466666666645,-0.433571428572967,2016.71,64,10.8007182320442,0
"682",746,"NANAIMO RIVER",2013,"2013-07-20",201,201,0,2.13,2.21428571428571,2.56285714285748,4.02633333333312,-0.348571428571761,2018.84,65,10.8007182320442,0
"683",747,"NANAIMO RIVER",2013,"2013-07-21",202,202,0,2.08,2.1842857142848,2.45142857142907,3.92300000000008,-0.26714285714427,2020.92,66,10.8007182320442,0
"684",748,"NANAIMO RIVER",2013,"2013-07-22",203,203,0,2.06,2.15571428571379,2.36571428571395,3.82100000000016,-0.210000000000166,2022.98,67,10.8007182320442,0
"685",749,"NANAIMO RIVER",2013,"2013-07-23",204,204,0,2.03,2.12428571428505,2.30357142857143,3.72166666666647,-0.17928571428638,2025.01,68,10.8007182320442,0
"686",750,"NANAIMO RIVER",2013,"2013-07-24",205,205,0,2.01,2.09428571428621,2.24285714285777,3.60566666666709,-0.148571428571553,2027.02,69,10.8007182320442,0
"687",751,"NANAIMO RIVER",2013,"2013-07-25",206,206,0,2,2.06857142857293,2.1857142857147,3.49033333333355,-0.117142857141776,2029.02,70,10.8007182320442,0
"688",752,"NANAIMO RIVER",2013,"2013-07-26",207,207,0,1.98,2.04142857142974,2.14142857142828,3.37300000000008,-0.0999999999985448,2031,71,10.8007182320442,0
"689",753,"NANAIMO RIVER",2013,"2013-07-27",208,208,0,1.96,2.01714285714219,2.11571428571395,3.23899999999994,-0.0985714285717609,2032.96,72,10.8007182320442,0
"690",754,"NANAIMO RIVER",2013,"2013-07-28",209,209,0,1.95,1.99857142857218,2.09142857142849,3.08533333333374,-0.0928571428563112,2034.91,73,10.8007182320442,0
"691",755,"NANAIMO RIVER",2013,"2013-07-29",210,210,0,1.96,1.98428571428563,2.06999999999971,2.9350000000001,-0.0857142857140778,2036.87,74,10.8007182320442,0
"692",756,"NANAIMO RIVER",2013,"2013-07-30",211,211,0,2.02,1.98285714285781,2.05357142857143,2.79866666666688,-0.0707142857136203,2038.89,75,10.8007182320442,0
"693",757,"NANAIMO RIVER",2013,"2013-07-31",212,212,0,1.95,1.97428571428463,2.03428571428542,2.67100000000016,-0.0600000000007901,2040.84,76,10.8007182320442,0
"694",758,"NANAIMO RIVER",2013,"2013-08-01",213,213,0,1.91,1.96142857142799,2.01500000000046,2.55399999999984,-0.0535714285724682,2042.75,77,10.8007182320442,0
"695",759,"NANAIMO RIVER",2013,"2013-08-02",214,214,0,1.91,1.95142857142907,1.9964285714294,2.45166666666676,-0.0450000000003326,2044.66,78,10.8007182320442,0
"696",760,"NANAIMO RIVER",2013,"2013-08-03",215,215,0,1.89,1.94142857143015,1.97928571428617,2.36833333333343,-0.0378571428560204,2046.55,79,10.8007182320442,0
"697",761,"NANAIMO RIVER",2013,"2013-08-04",216,216,0,1.86,1.92857142857143,1.9635714285718,2.30500000000029,-0.0350000000003741,2048.41,80,10.8007182320442,0
"698",762,"NANAIMO RIVER",2013,"2013-08-05",217,217,0,1.85,1.91285714285706,1.94857142857135,2.24333333333343,-0.0357142857142856,2050.26,81,10.8007182320442,0
"699",763,"NANAIMO RIVER",2013,"2013-08-06",218,218,0,1.82,1.88428571428605,1.93357142857193,2.18266666666702,-0.0492857142858805,2052.08,82,10.8007182320442,0
"700",764,"NANAIMO RIVER",2013,"2013-08-07",219,219,0,1.79,1.86142857142841,1.91785714285652,2.13366666666649,-0.0564285714281141,2053.87,83,10.8007182320442,0
"701",765,"NANAIMO RIVER",2013,"2013-08-08",220,220,0,1.77,1.84142857142849,1.90142857142824,2.09600000000016,-0.0599999999997505,2055.64,84,10.8007182320442,0
"702",766,"NANAIMO RIVER",2013,"2013-08-09",221,221,0,1.76,1.81999999999867,1.88571428571387,2.05933333333329,-0.0657142857152004,2057.4,85,10.8007182320442,0
"703",767,"NANAIMO RIVER",2013,"2013-08-10",222,222,0,1.69,1.79142857142766,1.8664285714289,2.02233333333327,-0.0750000000012472,2059.09,86,10.8007182320442,0
"704",768,"NANAIMO RIVER",2013,"2013-08-11",223,223,0,1.78,1.77999999999884,1.85428571428513,1.99499999999971,-0.0742857142862963,2060.87,87,10.8007182320442,0
"705",769,"NANAIMO RIVER",2013,"2013-08-12",224,224,0,1.8,1.77285714285764,1.84285714285735,1.97766666666672,-0.069999999999709,2062.67,88,10.8007182320442,0
"706",770,"NANAIMO RIVER",2013,"2013-08-13",225,225,0,1.84,1.77571428571329,1.82999999999967,1.96266666666634,-0.0542857142863795,2064.51,89,10.8007182320442,0
"707",771,"NANAIMO RIVER",2013,"2013-08-14",226,226,0,1.79,1.77571428571537,1.81857142857189,1.94700000000012,-0.0428571428565192,2066.3,90,10.8007182320442,0
"708",772,"NANAIMO RIVER",2013,"2013-08-15",227,227,0,1.78,1.77714285714319,1.80928571428584,1.93133333333341,-0.0321428571426492,2068.08,91,10.8007182320442,0
"709",773,"NANAIMO RIVER",2013,"2013-08-16",228,228,0,1.79,1.78142857142874,1.8007142857137,1.91699999999983,-0.0192857142849661,2069.87,92,10.8007182320442,0
"710",774,"NANAIMO RIVER",2013,"2013-08-17",229,229,0,1.84,1.80285714285648,1.79714285714207,1.90566666666661,0.00571428571441057,2071.71,93,10.8007182320442,0
"711",775,"NANAIMO RIVER",2013,"2013-08-18",230,230,0,1.76,1.80000000000083,1.78999999999983,1.89200000000031,0.0100000000009979,2073.47,94,10.8007182320442,0
"712",776,"NANAIMO RIVER",2013,"2013-08-19",231,231,0,1.7,1.78571428571429,1.77928571428596,1.87766666666672,0.00642857142832209,2075.17,95,10.8007182320442,0
"713",777,"NANAIMO RIVER",2013,"2013-08-20",232,232,0,1.65,1.7585714285711,1.76714285714219,1.86333333333314,-0.00857142857109583,2076.82,96,10.8007182320442,0
"714",778,"NANAIMO RIVER",2013,"2013-08-21",233,233,0,1.62,1.73428571428563,1.7550000000005,1.84866666666688,-0.0207142857148677,2078.44,97,10.8007182320442,0
"715",779,"NANAIMO RIVER",2013,"2013-08-22",234,234,0,1.6,1.70857142857026,1.74285714285673,1.83433333333329,-0.0342857142864625,2080.04,98,10.8007182320442,0
"716",780,"NANAIMO RIVER",2013,"2013-08-23",235,235,0,1.59,1.68000000000133,1.73071428571503,1.82033333333335,-0.0507142857137037,2081.63,99,10.8007182320442,0
"717",781,"NANAIMO RIVER",2013,"2013-08-24",236,236,0,1.58,1.64285714285714,1.72285714285681,1.80633333333293,-0.0799999999996674,2083.21,100,10.8007182320442,0
"718",782,"NANAIMO RIVER",2013,"2013-08-25",237,237,0,1.56,1.61428571428613,1.70714285714348,1.79233333333347,-0.0928571428573508,2084.77,101,10.8007182320442,0
"719",783,"NANAIMO RIVER",2013,"2013-08-26",238,238,0,1.56,1.59428571428621,1.69000000000025,1.77900000000033,-0.0957142857140363,2086.33,102,10.8007182320442,0
"720",784,"NANAIMO RIVER",2013,"2013-08-27",239,239,0,1.56,1.58142857142957,1.67000000000033,1.76599999999986,-0.0885714285707633,2087.89,103,10.8007182320442,0
"721",785,"NANAIMO RIVER",2013,"2013-08-28",240,240,0,1.6,1.57857142857184,1.65642857142874,1.75400000000033,-0.0778571428568933,2089.49,104,10.8007182320442,0
"722",786,"NANAIMO RIVER",2013,"2013-08-29",241,241,0,1.83,1.61142857142841,1.65999999999933,1.74766666666643,-0.0485714285709296,2091.32,105,10.8007182320442,0
"723",787,"NANAIMO RIVER",2013,"2013-08-30",242,242,0,2.49,1.739999999999,1.71000000000017,1.76566666666671,0.0299999999988358,2093.81,106,10.8007182320442,0
"724",788,"NANAIMO RIVER",2013,"2013-08-31",243,243,0,2.25,1.83571428571512,1.73928571428613,1.77699999999992,0.0964285714289872,2096.06,107,10.8007182320442,0
"725",789,"NANAIMO RIVER",2013,"2013-09-01",244,244,0,2.28,1.93857142857035,1.77642857142824,1.7893333333331,0.162142857142109,2098.34,108,10.8007182320442,0
"726",790,"NANAIMO RIVER",2013,"2013-09-02",245,245,0,2.26,2.03857142856993,1.81642857142807,1.80166666666628,0.222142857141859,2100.6,109,10.8007182320442,0
"727",791,"NANAIMO RIVER",2013,"2013-09-03",246,246,1,2.31,2.14571428571487,1.86357142857222,1.81666666666667,0.282142857142649,2102.91,110,10.8007182320442,0
"728",792,"NANAIMO RIVER",2014,"2014-01-01",1,1,0,3.42,3.53285714285656,3.19071428571416,2.98700000000002,0.3421428571424,3.42,NA,11.2014917127072,0
"729",793,"NANAIMO RIVER",2014,"2014-01-02",2,2,0,3.76,3.61428571428613,3.27785714285814,2.98233333333337,0.336428571427989,7.18,NA,11.2014917127072,0
"730",794,"NANAIMO RIVER",2014,"2014-01-03",3,3,0,5.82,3.96000000000017,3.50928571428605,3.05366666666669,0.45071428571412,13,NA,11.2014917127072,0
"731",795,"NANAIMO RIVER",2014,"2014-01-04",4,4,0,5.7,4.24428571428455,3.73428571428563,3.12799999999988,0.509999999998919,18.7,NA,11.2014917127072,0
"732",796,"NANAIMO RIVER",2014,"2014-01-05",5,5,0,5.28,4.46285714285581,3.92428571428588,3.19633333333331,0.538571428569932,23.98,NA,11.2014917127072,0
"733",797,"NANAIMO RIVER",2014,"2014-01-06",6,6,0,4.93,4.63857142857159,4.05928571428584,3.26433333333359,0.579285714285755,28.91,NA,11.2014917127072,0
"734",798,"NANAIMO RIVER",2014,"2014-01-07",7,7,0,4.72,4.80428571428638,4.15714285714265,3.33000000000029,0.64714285714373,33.63,NA,11.2014917127072,0
"735",799,"NANAIMO RIVER",2014,"2014-01-08",8,8,0,4.7,4.98714285714336,4.25999999999996,3.40033333333316,0.727142857143398,38.33,NA,11.2014917127072,0
"736",800,"NANAIMO RIVER",2014,"2014-01-09",9,9,0,5.77,5.27428571428546,4.4442857142858,3.51233333333366,0.829999999999667,44.1,NA,11.2014917127072,0
"737",801,"NANAIMO RIVER",2014,"2014-01-10",10,10,0,6.88,5.4257142857137,4.69285714285694,3.6643333333331,0.732857142856768,50.98,NA,11.2014917127072,0
"738",802,"NANAIMO RIVER",2014,"2014-01-11",11,11,0,47.4,11.3828571428582,7.81357142857139,5.16600000000035,3.56928571428684,98.38,0,11.2014917127072,0
"739",803,"NANAIMO RIVER",2014,"2014-01-12",12,12,0,32,15.2000000000012,9.83142857142853,6.15133333333361,5.36857142857272,130.38,0,11.2014917127072,0
"740",804,"NANAIMO RIVER",2014,"2014-01-13",13,13,0,25.2,18.095714285714,11.3671428571428,6.91233333333318,6.72857142857122,155.58,0,11.2014917127072,0
"741",805,"NANAIMO RIVER",2014,"2014-01-14",14,14,0,21.9,20.5499999999988,12.6771428571426,7.55866666666649,7.87285714285619,177.48,0,11.2014917127072,0
"742",806,"NANAIMO RIVER",2014,"2014-01-15",15,15,0,18.9,22.5785714285718,13.7828571428576,8.09933333333368,8.79571428571425,196.38,0,11.2014917127072,0
"743",807,"NANAIMO RIVER",2014,"2014-01-16",16,16,0,16.4,24.0971428571419,14.6857142857137,8.55633333333341,9.4114285714282,212.78,0,11.2014917127072,0
"744",808,"NANAIMO RIVER",2014,"2014-01-17",17,17,0,14.3,25.1571428571437,15.2914285714287,8.94433333333339,9.86571428571499,227.08,0,11.2014917127072,0
"745",809,"NANAIMO RIVER",2014,"2014-01-18",18,18,0,12.6,20.1857142857147,15.7842857142865,9.27966666666713,4.40142857142824,239.68,1,11.2014917127072,0
"746",810,"NANAIMO RIVER",2014,"2014-01-19",19,19,0,11.1,17.1999999999992,16.2000000000002,9.56366666666678,0.999999999998959,250.78,2,11.2014917127072,0
"747",811,"NANAIMO RIVER",2014,"2014-01-20",20,20,0,9.91,15.0157142857144,16.5557142857142,9.80900000000014,-1.53999999999983,260.69,3,11.2014917127072,0
"748",812,"NANAIMO RIVER",2014,"2014-01-21",21,21,0,8.93,13.1628571428571,16.8564285714279,10.0193333333334,-3.69357142857084,269.62,4,11.2014917127072,0
"749",813,"NANAIMO RIVER",2014,"2014-01-22",22,22,0,8.07,11.615714285714,17.0971428571429,10.187,-5.48142857142895,277.69,5,11.2014917127072,0
"750",814,"NANAIMO RIVER",2014,"2014-01-23",23,23,0,7.34,10.3214285714286,17.2092857142852,10.3199999999997,-6.88785714285664,285.03,6,11.2014917127072,0
"751",815,"NANAIMO RIVER",2014,"2014-01-24",24,24,0,6.72,9.23857142857118,17.1978571428574,10.4353333333333,-7.95928571428625,291.75,7,11.2014917127072,0
"752",816,"NANAIMO RIVER",2014,"2014-01-25",25,25,0,6.3,8.33857142857076,14.2621428571427,10.5389999999999,-5.92357142857197,298.05,8,11.2014917127072,0
"753",817,"NANAIMO RIVER",2014,"2014-01-26",26,26,0,5.92,7.59857142857176,12.3992857142855,10.6230000000001,-4.8007142857137,303.97,9,11.2014917127072,0
"754",818,"NANAIMO RIVER",2014,"2014-01-27",27,27,0,5.53,6.97285714285681,10.9942857142856,10.6836666666665,-4.02142857142878,309.5,10,11.2014917127072,0
"755",819,"NANAIMO RIVER",2014,"2014-01-28",28,28,0,5.47,6.47857142857226,9.82071428571466,10.7409999999999,-3.3421428571424,314.97,11,11.2014917127072,0
"756",820,"NANAIMO RIVER",2014,"2014-01-29",29,29,0,5.57,6.12142857142732,8.86857142857064,10.803333333333,-2.74714285714331,320.54,12,11.2014917127072,0
"757",821,"NANAIMO RIVER",2014,"2014-01-30",30,30,0,5.44,5.84999999999958,8.08571428571408,10.8659999999999,-2.23571428571449,325.98,13,11.2014917127072,0
"758",822,"NANAIMO RIVER",2014,"2014-01-31",31,31,0,5.29,5.64571428571487,7.44214285714302,10.9283333333335,-1.79642857142816,331.27,14,11.2014917127072,0
"759",823,"NANAIMO RIVER",2014,"2014-02-01",32,32,0,4.94,5.45142857142907,6.89499999999992,10.9676666666666,-1.44357142857085,336.21,15,11.2014917127072,0
"760",824,"NANAIMO RIVER",2014,"2014-02-02",33,33,0,4.66,5.27142857142774,6.43499999999975,10.9289999999998,-1.16357142857201,340.87,16,11.2014917127072,0
"761",825,"NANAIMO RIVER",2014,"2014-02-03",34,34,0,4.39,5.10857142857068,6.04071428571375,10.8853333333333,-0.932142857143066,345.26,17,11.2014917127072,0
"762",826,"NANAIMO RIVER",2014,"2014-02-04",35,35,0,4.09,4.91142857142924,5.69500000000075,10.845666666667,-0.783571428571512,349.35,18,11.2014917127072,0
"763",827,"NANAIMO RIVER",2014,"2014-02-05",36,36,0,3.77,4.65428571428596,5.38785714285664,10.8069999999997,-0.733571428570681,353.12,19,11.2014917127072,0
"764",828,"NANAIMO RIVER",2014,"2014-02-06",37,37,0,3.47,4.37285714285723,5.11142857142841,10.7653333333331,-0.738571428571179,356.59,20,11.2014917127072,0
"765",829,"NANAIMO RIVER",2014,"2014-02-07",38,38,0,3.24,4.07999999999967,4.86285714285727,10.7166666666667,-0.7828571428576,359.83,21,11.2014917127072,0
"766",830,"NANAIMO RIVER",2014,"2014-02-08",39,39,0,3.08,3.8142857142853,4.63285714285718,10.6269999999999,-0.818571428571886,362.91,22,11.2014917127072,0
"767",831,"NANAIMO RIVER",2014,"2014-02-09",40,40,0,2.97,3.57285714285847,4.42214285714311,10.496666666667,-0.849285714284633,365.88,23,11.2014917127072,0
"768",832,"NANAIMO RIVER",2014,"2014-02-10",41,41,0,3.09,3.38714285714377,4.24785714285723,9.01966666666655,-0.860714285713454,368.97,24,11.2014917127072,0
"769",833,"NANAIMO RIVER",2014,"2014-02-11",42,42,0,3.76,3.33999999999859,4.12571428571391,8.07833333333304,-0.785714285715325,372.73,25,11.2014917127072,0
"770",834,"NANAIMO RIVER",2014,"2014-02-12",43,43,0,11.7,4.47285714285889,4.56357142857243,7.62833333333353,-0.0907142857135366,384.43,26,11.2014917127072,0
"771",835,"NANAIMO RIVER",2014,"2014-02-13",44,44,0,9.9,5.39142857142932,4.88214285714327,7.22833333333353,0.509285714286047,394.33,27,11.2014917127072,0
"772",836,"NANAIMO RIVER",2014,"2014-02-14",45,45,0,10,6.35714285714286,5.21857142857126,6.93166666666657,1.13857142857159,404.33,28,11.2014917127072,0
"773",837,"NANAIMO RIVER",2014,"2014-02-15",46,46,0,10.7,7.44571428571362,5.62999999999946,6.74166666666667,1.81571428571416,415.03,29,11.2014917127072,0
"774",838,"NANAIMO RIVER",2014,"2014-02-16",47,47,0,15.2,9.1928571428559,6.38285714285718,6.77166666666647,2.80999999999871,430.23,0,11.2014917127072,0
"775",839,"NANAIMO RIVER",2014,"2014-02-17",48,48,0,17.4,11.2371428571434,7.31214285714356,6.93166666666657,3.92499999999979,447.63,0,11.2014917127072,0
"776",840,"NANAIMO RIVER",2014,"2014-02-18",49,49,0,16,12.9857142857155,8.16285714285706,7.09500000000019,4.82285714285847,463.63,0,11.2014917127072,0
"777",841,"NANAIMO RIVER",2014,"2014-02-19",50,50,0,15.1,13.4714285714269,8.9721428571429,7.26799999999979,4.49928571428401,478.73,0,11.2014917127072,0
"778",842,"NANAIMO RIVER",2014,"2014-02-20",51,51,0,12,13.7714285714277,9.58142857142853,7.37033333333335,4.18999999999921,490.73,1,11.2014917127072,0
"779",843,"NANAIMO RIVER",2014,"2014-02-21",52,52,0,10.4,13.8285714285718,10.0928571428574,7.44800000000008,3.73571428571449,501.13,2,11.2014917127072,0
"780",844,"NANAIMO RIVER",2014,"2014-02-22",53,53,0,9.5,13.6571428571437,10.5514285714287,7.52000000000019,3.10571428571503,510.63,3,11.2014917127072,0
"781",845,"NANAIMO RIVER",2014,"2014-02-23",54,54,0,9.18,12.7971428571431,10.9949999999995,7.60199999999992,1.8021428571436,519.81,4,11.2014917127072,0
"782",846,"NANAIMO RIVER",2014,"2014-02-24",55,55,0,8.8,11.5685714285708,11.4028571428571,7.68533333333326,0.165714285713745,528.61,5,11.2014917127072,0
"783",847,"NANAIMO RIVER",2014,"2014-02-25",56,56,0,8.56,10.5057142857134,11.7457142857145,7.77333333333324,-1.24000000000108,537.17,6,11.2014917127072,0
"784",848,"NANAIMO RIVER",2014,"2014-02-26",57,57,0,8.47,9.55857142857193,11.5149999999994,7.87133333333331,-1.95642857142749,545.64,7,11.2014917127072,0
"785",849,"NANAIMO RIVER",2014,"2014-02-27",58,58,0,8.12,9.00428571428555,11.3878571428566,7.95966666666645,-2.3835714285711,553.76,8,11.2014917127072,0
"786",850,"NANAIMO RIVER",2014,"2014-02-28",59,59,0,7.87,8.64285714285714,11.2357142857145,8.0363333333337,-2.59285714285735,561.63,9,11.2014917127072,0
"787",851,"NANAIMO RIVER",2014,"2014-03-01",60,60,0,7.72,8.38857142857159,11.0228571428576,8.11233333333366,-2.63428571428605,569.35,10,11.2014917127072,0
"788",852,"NANAIMO RIVER",2014,"2014-03-02",61,61,0,7.26,8.11428571428613,10.4557142857146,8.17799999999988,-2.34142857142849,576.61,11,11.2014917127072,0
"789",853,"NANAIMO RIVER",2014,"2014-03-03",62,62,0,7.76,7.96571428571354,9.76714285714219,8.27199999999963,-1.80142857142865,584.37,12,11.2014917127072,0
"790",854,"NANAIMO RIVER",2014,"2014-03-04",63,63,0,8.53,7.96142857142799,9.23357142857068,8.40099999999996,-1.27214285714269,592.9,13,11.2014917127072,0
"791",855,"NANAIMO RIVER",2014,"2014-03-05",64,64,0,10.3,8.22285714285681,8.89071428571437,8.59800000000008,-0.667857142857558,603.2,14,11.2014917127072,0
"792",856,"NANAIMO RIVER",2014,"2014-03-06",65,65,0,21.3,10.105714285715,9.55500000000029,9.17166666666647,0.550714285714744,624.5,0,11.2014917127072,0
"793",857,"NANAIMO RIVER",2014,"2014-03-07",66,66,0,22.4,12.1814285714271,10.4121428571421,9.79266666666663,1.76928571428497,646.9,0,11.2014917127072,0
"794",858,"NANAIMO RIVER",2014,"2014-03-08",67,67,0,36.8,16.335714285713,12.3621428571423,10.9036666666667,3.97357142857072,683.7,0,11.2014917127072,0
"795",859,"NANAIMO RIVER",2014,"2014-03-09",68,68,0,52.7,22.8271428571419,15.470714285714,12.5523333333331,7.35642857142791,736.4,0,11.2014917127072,0
"796",860,"NANAIMO RIVER",2014,"2014-03-10",69,69,0,39.8,27.404285714286,17.6849999999998,13.7763333333331,9.71928571428622,776.2,0,11.2014917127072,0
"797",861,"NANAIMO RIVER",2014,"2014-03-11",70,70,0,31.9,30.7428571428588,19.3521428571434,14.7406666666667,11.3907142857154,808.1,0,11.2014917127072,0
"798",862,"NANAIMO RIVER",2014,"2014-03-12",71,71,0,26.1,33,20.6114285714284,15.5076666666665,12.3885714285716,834.2,0,11.2014917127072,0
"799",863,"NANAIMO RIVER",2014,"2014-03-13",72,72,0,21.8,33.0714285714286,21.5885714285718,16.1090000000001,11.4828571428568,856,0,11.2014917127072,0
"800",864,"NANAIMO RIVER",2014,"2014-03-14",73,73,0,20.6,32.8142857142874,22.4978571428572,16.4056666666666,10.3164285714302,876.6,0,11.2014917127072,0
"801",865,"NANAIMO RIVER",2014,"2014-03-15",74,74,0,29,31.7000000000012,24.0178571428571,17.0423333333335,7.6821428571441,905.6,0,11.2014917127072,0
"802",866,"NANAIMO RIVER",2014,"2014-03-16",75,75,0,40.4,29.942857142858,26.385,18.0556666666666,3.55785714285802,946,0,11.2014917127072,0
"803",867,"NANAIMO RIVER",2014,"2014-03-17",76,76,0,32.6,28.914285714287,28.1592857142865,18.7856666666669,0.7550000000005,978.6,0,11.2014917127072,0
"804",868,"NANAIMO RIVER",2014,"2014-03-18",77,77,0,26.9,28.1999999999992,29.471428571429,19.1756666666668,-1.27142857142982,1005.5,0,11.2014917127072,0
"805",869,"NANAIMO RIVER",2014,"2014-03-19",78,78,0,23.5,27.8285714285718,30.4142857142859,19.3789999999998,-2.58571428571408,1029,0,11.2014917127072,0
"806",870,"NANAIMO RIVER",2014,"2014-03-20",79,79,0,20.8,27.6857142857147,30.3785714285716,19.5389999999999,-2.69285714285693,1049.8,0,11.2014917127072,0
"807",871,"NANAIMO RIVER",2014,"2014-03-21",80,80,0,18,27.3142857142853,30.0642857142863,19.6356666666669,-2.75000000000104,1067.8,0,11.2014917127072,0
"808",872,"NANAIMO RIVER",2014,"2014-03-22",81,81,0,15.8,25.4285714285714,28.5642857142863,19.7623333333337,-3.13571428571491,1083.6,0,11.2014917127072,0
"809",873,"NANAIMO RIVER",2014,"2014-03-23",82,82,0,14,21.6571428571437,25.8000000000008,19.8823333333334,-4.14285714285714,1097.6,0,11.2014917127072,0
"810",874,"NANAIMO RIVER",2014,"2014-03-24",83,83,0,12.4,18.7714285714277,23.8428571428574,19.9789999999998,-5.07142857142961,1110,1,11.2014917127072,0
"811",875,"NANAIMO RIVER",2014,"2014-03-25",84,84,0,12,16.6428571428571,22.4214285714282,20.0730000000001,-5.77857142857101,1122,2,11.2014917127072,0
"812",876,"NANAIMO RIVER",2014,"2014-03-26",85,85,0,13.9,15.2714285714277,21.5499999999998,20.2429999999998,-6.27857142857205,1135.9,3,11.2014917127072,0
"813",877,"NANAIMO RIVER",2014,"2014-03-27",86,86,0,14.8,14.4142857142849,21.0499999999998,20.451,-6.63571428571491,1150.7,0,11.2014917127072,0
"814",878,"NANAIMO RIVER",2014,"2014-03-28",87,87,0,15.4,14.0428571428576,20.6785714285714,20.6820000000002,-6.63571428571387,1166.1,0,11.2014917127072,0
"815",879,"NANAIMO RIVER",2014,"2014-03-29",88,88,0,23.4,15.1285714285706,20.278571428571,21.1913333333335,-5.15000000000042,1189.5,0,11.2014917127072,0
"816",880,"NANAIMO RIVER",2014,"2014-03-30",89,89,0,25,16.6999999999992,19.1785714285714,21.7623333333332,-2.47857142857226,1214.5,0,11.2014917127072,0
"817",881,"NANAIMO RIVER",2014,"2014-03-31",90,90,0,21.9,18.057142857142,18.4142857142849,22.2349999999996,-0.357142857142858,1236.4,0,11.2014917127072,0
"818",882,"NANAIMO RIVER",2014,"2014-04-01",91,91,0,19.2,19.0857142857151,17.8642857142861,22.6330000000002,1.22142857142899,1255.6,0,11.2014917127072,0
"819",883,"NANAIMO RIVER",2014,"2014-04-02",92,92,0,16.9,19.5142857142865,17.3928571428571,22.9376666666668,2.1214285714294,1272.5,0,11.2014917127072,0
"820",884,"NANAIMO RIVER",2014,"2014-04-03",93,93,0,15.2,19.5714285714286,16.9928571428567,23.1600000000001,2.57857142857184,1287.7,0,11.2014917127072,0
"821",885,"NANAIMO RIVER",2014,"2014-04-04",94,94,0,14.1,19.3857142857139,16.7142857142857,23.2866666666669,2.67142857142816,1301.8,0,11.2014917127072,0
"822",886,"NANAIMO RIVER",2014,"2014-04-05",95,95,0,13.2,17.9285714285714,16.528571428571,23.0166666666667,1.40000000000041,1315,1,11.2014917127072,0
"823",887,"NANAIMO RIVER",2014,"2014-04-06",96,96,0,12.7,16.1714285714282,16.4357142857137,22.6933333333334,-0.264285714285506,1327.7,2,11.2014917127072,0
"824",888,"NANAIMO RIVER",2014,"2014-04-07",97,97,0,12.4,14.8142857142874,16.4357142857147,21.8800000000003,-1.62142857142732,1340.1,3,11.2014917127072,0
"825",889,"NANAIMO RIVER",2014,"2014-04-08",98,98,0,13.9,14.057142857142,16.5714285714286,20.5866666666669,-2.51428571428655,1354,4,11.2014917127072,0
"826",890,"NANAIMO RIVER",2014,"2014-04-09",99,99,0,14.5,13.7142857142857,16.6142857142861,19.7433333333334,-2.90000000000042,1368.5,0,11.2014917127072,0
"827",891,"NANAIMO RIVER",2014,"2014-04-10",100,100,0,13.4,13.4571428571424,16.5142857142855,19.1266666666663,-3.05714285714306,1381.9,1,11.2014917127072,0
"828",892,"NANAIMO RIVER",2014,"2014-04-11",101,101,0,12.4,13.2142857142857,16.2999999999998,18.6700000000002,-3.08571428571408,1394.3,2,11.2014917127072,0
"829",893,"NANAIMO RIVER",2014,"2014-04-12",102,102,0,11.6,12.9857142857135,15.4571428571424,18.3299999999998,-2.47142857142899,1405.9,3,11.2014917127072,0
"830",894,"NANAIMO RIVER",2014,"2014-04-13",103,103,0,11,12.7428571428567,14.4571428571424,18.0099999999996,-1.71428571428572,1416.9,4,11.2014917127072,0
"831",895,"NANAIMO RIVER",2014,"2014-04-14",104,104,0,10.6,12.4857142857135,13.6500000000004,17.3966666666665,-1.16428571428696,1427.5,5,11.2014917127072,0
"832",896,"NANAIMO RIVER",2014,"2014-04-15",105,105,0,10.3,11.971428571429,13.0142857142855,16.3933333333334,-1.04285714285652,1437.8,6,11.2014917127072,0
"833",897,"NANAIMO RIVER",2014,"2014-04-16",106,106,0,10.7,11.4285714285714,12.5714285714286,15.6633333333331,-1.14285714285714,1448.5,7,11.2014917127072,0
"834",898,"NANAIMO RIVER",2014,"2014-04-17",107,107,0,13.2,11.4000000000004,12.4285714285714,15.2066666666666,-1.02857142857101,1461.7,8,11.2014917127072,0
"835",899,"NANAIMO RIVER",2014,"2014-04-18",108,108,0,15.9,11.9000000000004,12.5571428571431,14.9533333333335,-0.657142857142649,1477.6,0,11.2014917127072,0
"836",900,"NANAIMO RIVER",2014,"2014-04-19",109,109,0,14.9,12.3714285714294,12.6785714285714,14.7566666666666,-0.307142857142026,1492.5,0,11.2014917127072,0
"837",901,"NANAIMO RIVER",2014,"2014-04-20",110,110,0,14.3,12.8428571428584,12.7928571428576,14.6333333333333,0.050000000000832,1506.8,0,11.2014917127072,0
"838",902,"NANAIMO RIVER",2014,"2014-04-21",111,111,0,14,13.3285714285718,12.9071428571426,14.5733333333332,0.421428571429196,1520.8,0,11.2014917127072,0
"839",903,"NANAIMO RIVER",2014,"2014-04-22",112,112,0,14,13.8571428571429,12.9142857142859,14.5733333333332,0.942857142856935,1534.8,0,11.2014917127072,0
"840",904,"NANAIMO RIVER",2014,"2014-04-23",113,113,0,13,14.1857142857147,12.8071428571431,14.5933333333334,1.37857142857164,1547.8,1,11.2014917127072,0
"841",905,"NANAIMO RIVER",2014,"2014-04-24",114,114,0,13.6,14.2428571428567,12.8214285714286,14.6466666666665,1.42142857142816,1561.4,2,11.2014917127072,0
"842",906,"NANAIMO RIVER",2014,"2014-04-25",115,115,0,14.3,14.0142857142845,12.9571428571424,14.6600000000001,1.05714285714203,1575.7,0,11.2014917127072,0
"843",907,"NANAIMO RIVER",2014,"2014-04-26",116,116,0,13.7,13.8428571428563,13.1071428571429,14.6233333333332,0.735714285713454,1589.4,1,11.2014917127072,0
"844",908,"NANAIMO RIVER",2014,"2014-04-27",117,117,0,13.1,13.6714285714282,13.2571428571433,14.5466666666665,0.414285714284881,1602.5,2,11.2014917127072,0
"845",909,"NANAIMO RIVER",2014,"2014-04-28",118,118,0,12.3,13.4285714285714,13.3785714285716,14.1766666666668,0.0499999999997929,1614.8,3,11.2014917127072,0
"846",910,"NANAIMO RIVER",2014,"2014-04-29",119,119,0,11.5,13.0714285714286,13.4642857142857,13.7266666666668,-0.392857142857142,1626.3,4,11.2014917127072,0
"847",911,"NANAIMO RIVER",2014,"2014-04-30",120,120,0,11.2,12.8142857142853,13.5,13.3700000000002,-0.685714285714701,1637.5,5,11.2014917127072,0
"848",912,"NANAIMO RIVER",2014,"2014-05-01",121,121,0,12.4,12.6428571428571,13.4428571428569,13.1433333333329,-0.799999999999793,1649.9,6,11.2014917127072,0
"849",913,"NANAIMO RIVER",2014,"2014-05-02",122,122,0,13.9,12.5857142857151,13.2999999999998,13.0433333333334,-0.714285714284676,1663.8,7,11.2014917127072,0
"850",914,"NANAIMO RIVER",2014,"2014-05-03",123,123,0,13.6,12.5714285714286,13.2071428571424,12.9899999999999,-0.63571428571387,1677.4,8,11.2014917127072,0
"851",915,"NANAIMO RIVER",2014,"2014-05-04",124,124,0,13.3,12.5999999999996,13.1357142857139,12.9633333333331,-0.535714285714286,1690.7,9,11.2014917127072,0
"852",916,"NANAIMO RIVER",2014,"2014-05-05",125,125,0,12.9,12.6857142857147,13.0571428571431,12.9533333333335,-0.371428571428364,1703.6,10,11.2014917127072,0
"853",917,"NANAIMO RIVER",2014,"2014-05-06",126,126,0,11.9,12.7428571428567,12.9071428571426,12.9266666666668,-0.164285714285922,1715.5,11,11.2014917127072,0
"854",918,"NANAIMO RIVER",2014,"2014-05-07",127,127,0,11,12.7142857142857,12.7642857142855,12.8799999999998,-0.0499999999997929,1726.5,12,11.2014917127072,0
"855",919,"NANAIMO RIVER",2014,"2014-05-08",128,128,0,10.7,12.471428571429,12.5571428571431,12.7733333333332,-0.0857142857140776,1737.2,13,11.2014917127072,0
"856",920,"NANAIMO RIVER",2014,"2014-05-09",129,129,0,11.9,12.1857142857147,12.3857142857149,12.6866666666669,-0.200000000000209,1749.1,14,11.2014917127072,0
"857",921,"NANAIMO RIVER",2014,"2014-05-10",130,130,0,11.4,11.8714285714294,12.221428571429,12.6200000000002,-0.349999999999584,1760.5,15,11.2014917127072,0
"858",922,"NANAIMO RIVER",2014,"2014-05-11",131,131,0,10.6,11.4857142857155,12.0428571428576,12.5600000000001,-0.557142857142026,1771.1,16,11.2014917127072,0
"859",923,"NANAIMO RIVER",2014,"2014-05-12",132,132,0,10.1,11.085714285713,11.8857142857139,12.5100000000001,-0.800000000000832,1781.2,17,11.2014917127072,0
"860",924,"NANAIMO RIVER",2014,"2014-05-13",133,133,0,9.91,10.8014285714287,11.7721428571427,12.4736666666669,-0.970714285714037,1791.11,18,11.2014917127072,0
"861",925,"NANAIMO RIVER",2014,"2014-05-14",134,134,0,10,10.6585714285715,11.6864285714286,12.4536666666667,-1.0278571428571,1801.11,19,11.2014917127072,0
"862",926,"NANAIMO RIVER",2014,"2014-05-15",135,135,0,10.2,10.5871428571429,11.529285714286,12.4503333333332,-0.942142857143024,1811.31,20,11.2014917127072,0
"863",927,"NANAIMO RIVER",2014,"2014-05-16",136,136,0,10.2,10.3442857142841,11.2649999999994,12.4336666666665,-0.920714285715283,1821.51,21,11.2014917127072,0
"864",928,"NANAIMO RIVER",2014,"2014-05-17",137,137,0,9.56,10.0814285714296,10.9764285714295,12.3123333333337,-0.894999999999916,1831.07,22,11.2014917127072,0
"865",929,"NANAIMO RIVER",2014,"2014-05-18",138,138,0,8.93,9.84285714285631,10.6642857142859,12.0799999999998,-0.82142857142961,1840,23,11.2014917127072,0
"866",930,"NANAIMO RIVER",2014,"2014-05-19",139,139,0,8.81,9.65857142857151,10.3721428571423,11.8769999999999,-0.713571428570765,1848.81,24,11.2014917127072,0
"867",931,"NANAIMO RIVER",2014,"2014-05-20",140,140,0,8.5,9.45714285714244,10.1292857142855,11.6836666666665,-0.672142857143106,1857.31,25,11.2014917127072,0
"868",932,"NANAIMO RIVER",2014,"2014-05-21",141,141,0,8.08,9.18285714285698,9.92071428571424,11.4863333333332,-0.737857142857267,1865.39,26,11.2014917127072,0
"869",933,"NANAIMO RIVER",2014,"2014-05-22",142,142,0,7.89,8.85285714285731,9.72000000000012,11.2826666666665,-0.867142857142817,1873.28,27,11.2014917127072,0
"870",934,"NANAIMO RIVER",2014,"2014-05-23",143,143,0,8.09,8.55142857142866,9.44785714285639,11.1189999999997,-0.896428571427739,1881.37,28,11.2014917127072,0
"871",935,"NANAIMO RIVER",2014,"2014-05-24",144,144,0,7.77,8.2957142857132,9.18857142857139,10.9246666666668,-0.892857142858183,1889.14,29,11.2014917127072,0
"872",936,"NANAIMO RIVER",2014,"2014-05-25",145,145,0,7.3,8.06285714285748,8.95285714285689,10.6913333333335,-0.889999999999418,1896.44,30,11.2014917127072,0
"873",937,"NANAIMO RIVER",2014,"2014-05-26",146,146,0,6.82,7.77857142857101,8.71857142857126,10.462,-0.94000000000025,1903.26,31,11.2014917127072,0
"874",938,"NANAIMO RIVER",2014,"2014-05-27",147,147,0,6.49,7.4914285714289,8.47428571428567,10.2416666666667,-0.982857142856768,1909.75,32,11.2014917127072,0
"875",939,"NANAIMO RIVER",2014,"2014-05-28",148,148,0,6.16,7.21714285714344,8.20000000000021,10.037,-0.982857142856768,1915.91,33,11.2014917127072,0
"876",940,"NANAIMO RIVER",2014,"2014-05-29",149,149,0,5.93,6.93714285714252,7.89499999999992,9.85133333333312,-0.957857142857392,1921.84,34,11.2014917127072,0
"877",941,"NANAIMO RIVER",2014,"2014-05-30",150,150,0,5.49,6.5657142857152,7.55857142857193,9.66100000000006,-0.992857142856727,1927.33,35,11.2014917127072,0
"878",942,"NANAIMO RIVER",2014,"2014-05-31",151,151,0,4.67,6.12285714285723,7.20928571428522,9.40333333333353,-1.08642857142799,1932,36,11.2014917127072,0
"879",943,"NANAIMO RIVER",2014,"2014-06-01",152,152,0,4.64,5.74285714285673,6.9028571428571,9.09466666666655,-1.16000000000037,1936.64,37,11.2014917127072,0
"880",944,"NANAIMO RIVER",2014,"2014-06-02",153,153,0,4.66,5.43428571428688,6.60642857142895,8.79666666666696,-1.17214285714207,1941.3,38,11.2014917127072,0
"881",945,"NANAIMO RIVER",2014,"2014-06-03",154,154,0,4.64,5.17000000000033,6.33071428571462,8.50800000000017,-1.16071428571429,1945.94,39,11.2014917127072,0
"882",946,"NANAIMO RIVER",2014,"2014-06-04",155,155,0,4.59,4.94571428571362,6.08142857142853,8.23099999999977,-1.13571428571491,1950.53,40,11.2014917127072,0
"883",947,"NANAIMO RIVER",2014,"2014-06-05",156,156,0,4.45,4.73428571428563,5.83571428571408,7.98266666666653,-1.10142857142845,1954.98,41,11.2014917127072,0
"884",948,"NANAIMO RIVER",2014,"2014-06-06",157,157,0,4.06,4.52999999999884,5.54785714285702,7.75133333333312,-1.01785714285818,1959.04,42,11.2014917127072,0
"885",949,"NANAIMO RIVER",2014,"2014-06-07",158,158,0,3.57,4.37285714285723,5.24785714285723,7.51366666666678,-0.875,1962.61,43,11.2014917127072,0
"886",950,"NANAIMO RIVER",2014,"2014-06-08",159,159,0,3.6,4.22428571428671,4.98357142857172,7.23700000000002,-0.759285714285007,1966.21,44,11.2014917127072,0
"887",951,"NANAIMO RIVER",2014,"2014-06-09",160,160,0,3.46,4.05285714285648,4.74357142857168,6.97233333333328,-0.690714285715201,1969.67,45,11.2014917127072,0
"888",952,"NANAIMO RIVER",2014,"2014-06-10",161,161,0,3.35,3.86857142857168,4.51928571428601,6.73066666666661,-0.650714285714328,1973.02,46,11.2014917127072,0
"889",953,"NANAIMO RIVER",2014,"2014-06-11",162,162,0,3.26,3.67857142857143,4.31214285714252,6.50266666666672,-0.633571428571096,1976.28,47,11.2014917127072,0
"890",954,"NANAIMO RIVER",2014,"2014-06-12",163,163,0,3.25,3.50714285714327,4.12071428571445,6.28066666666661,-0.613571428571179,1979.53,48,11.2014917127072,0
"891",955,"NANAIMO RIVER",2014,"2014-06-13",164,164,0,3.16,3.37857142857268,3.95428571428576,6.05266666666672,-0.57571428571308,1982.69,49,11.2014917127072,0
"892",956,"NANAIMO RIVER",2014,"2014-06-14",165,165,0,2.92,3.28571428571429,3.82928571428576,5.8100000000001,-0.54357142857147,1985.61,50,11.2014917127072,0
"893",957,"NANAIMO RIVER",2014,"2014-06-15",166,166,0,2.93,3.18999999999817,3.70714285714244,5.56766666666663,-0.51714285714427,1988.54,51,11.2014917127072,0
"894",958,"NANAIMO RIVER",2014,"2014-06-16",167,167,0,2.99,3.12285714285723,3.58785714285685,5.34866666666639,-0.464999999999626,1991.53,52,11.2014917127072,0
"895",959,"NANAIMO RIVER",2014,"2014-06-17",168,168,0,2.91,3.05999999999975,3.46428571428571,5.14800000000008,-0.404285714285964,1994.44,53,11.2014917127072,0
"896",960,"NANAIMO RIVER",2014,"2014-06-18",169,169,0,2.77,2.99000000000108,3.33428571428625,4.94666666666696,-0.344285714285174,1997.21,54,11.2014917127072,0
"897",961,"NANAIMO RIVER",2014,"2014-06-19",170,170,0,2.71,2.91285714285706,3.21000000000017,4.75366666666669,-0.297142857143107,1999.92,55,11.2014917127072,0
"898",962,"NANAIMO RIVER",2014,"2014-06-20",171,171,0,2.69,2.84571428571404,3.11214285714336,4.57400000000004,-0.26642857142932,2002.61,56,11.2014917127072,0
"899",963,"NANAIMO RIVER",2014,"2014-06-21",172,172,0,2.49,2.78428571428646,3.03500000000037,4.39400000000023,-0.250714285713912,2005.1,57,11.2014917127072,0
"900",964,"NANAIMO RIVER",2014,"2014-06-22",173,173,0,2.43,2.71285714285789,2.95142857142803,4.20533333333345,-0.23857142857014,2007.53,58,11.2014917127072,0
"901",965,"NANAIMO RIVER",2014,"2014-06-23",174,174,0,2.44,2.63428571428605,2.87857142857164,4.02766666666672,-0.244285714285589,2009.97,59,11.2014917127072,0
"902",966,"NANAIMO RIVER",2014,"2014-06-24",175,175,0,2.52,2.57857142857184,2.8192857142858,3.86833333333343,-0.240714285713953,2012.49,60,11.2014917127072,0
"903",967,"NANAIMO RIVER",2014,"2014-06-25",176,176,0,2.59,2.55285714285648,2.77142857142878,3.72733333333357,-0.218571428572301,2015.08,61,11.2014917127072,0
"904",968,"NANAIMO RIVER",2014,"2014-06-26",177,177,0,2.48,2.51999999999992,2.71642857142849,3.59366666666659,-0.196428571428571,2017.56,62,11.2014917127072,0
"905",969,"NANAIMO RIVER",2014,"2014-06-27",178,178,0,2.45,2.48571428571345,2.66571428571375,3.46999999999971,-0.180000000000291,2020.01,63,11.2014917127072,0
"906",970,"NANAIMO RIVER",2014,"2014-06-28",179,179,0,2.48,2.48428571428563,2.63428571428605,3.35500000000029,-0.150000000000416,2022.49,64,11.2014917127072,0
"907",971,"NANAIMO RIVER",2014,"2014-06-29",180,180,0,2.51,2.49571428571445,2.60428571428617,3.25566666666661,-0.108571428571719,2025,65,11.2014917127072,0
"908",972,"NANAIMO RIVER",2014,"2014-06-30",181,181,0,2.47,2.5,2.56714285714302,3.18233333333337,-0.0671428571430233,2027.47,66,11.2014917127072,0
"909",973,"NANAIMO RIVER",2014,"2014-07-01",182,182,0,2.43,2.48714285714128,2.53285714285656,3.10866666666649,-0.0457142857152837,2029.9,67,11.2014917127072,0
"910",974,"NANAIMO RIVER",2014,"2014-07-02",183,183,0,2.39,2.45857142857026,2.50571428571337,3.03299999999969,-0.0471428571431067,2032.29,68,11.2014917127072,0
"911",975,"NANAIMO RIVER",2014,"2014-07-03",184,184,0,2.33,2.43714285714252,2.47857142857122,2.95599999999977,-0.0414285714286962,2034.62,69,11.2014917127072,0
"912",976,"NANAIMO RIVER",2014,"2014-07-04",185,185,0,2.31,2.41714285714469,2.45142857142907,2.88000000000029,-0.0342857142843838,2036.93,70,11.2014917127072,0
"913",977,"NANAIMO RIVER",2014,"2014-07-05",186,186,0,2.37,2.40142857142824,2.44285714285693,2.8106666666669,-0.0414285714286962,2039.3,71,11.2014917127072,0
"914",978,"NANAIMO RIVER",2014,"2014-07-06",187,187,0,2.5,2.40000000000042,2.44785714285743,2.75866666666698,-0.0478571428570183,2041.8,72,11.2014917127072,0
"915",979,"NANAIMO RIVER",2014,"2014-07-07",188,188,0,2.49,2.40285714285606,2.45142857142803,2.72266666666643,-0.0485714285719694,2044.29,73,11.2014917127072,0
"916",980,"NANAIMO RIVER",2014,"2014-07-08",189,189,0,2.41,2.40000000000042,2.44357142857085,2.68299999999969,-0.0435714285704307,2046.7,74,11.2014917127072,0
"917",981,"NANAIMO RIVER",2014,"2014-07-09",190,190,0,2.34,2.39285714285714,2.4257142857137,2.64566666666651,-0.0328571428565607,2049.04,75,11.2014917127072,0
"918",982,"NANAIMO RIVER",2014,"2014-07-10",191,191,0,2.29,2.38714285714377,2.41214285714315,2.61033333333326,-0.0249999999993764,2051.33,76,11.2014917127072,0
"919",983,"NANAIMO RIVER",2014,"2014-07-11",192,192,0,2.27,2.38142857142832,2.3992857142865,2.57733333333357,-0.017857142858182,2053.6,77,11.2014917127072,0
"920",984,"NANAIMO RIVER",2014,"2014-07-12",193,193,0,2.23,2.36142857142841,2.38142857142832,2.54333333333343,-0.019999999999917,2055.83,78,11.2014917127072,0
"921",985,"NANAIMO RIVER",2014,"2014-07-13",194,194,0,2.19,2.31714285714302,2.35857142857172,2.51100000000006,-0.0414285714286962,2058.02,79,11.2014917127072,0
"922",986,"NANAIMO RIVER",2014,"2014-07-14",195,195,0,2.16,2.270000000002,2.33642857142903,2.4856666666669,-0.066428571427033,2060.18,80,11.2014917127072,0
"923",987,"NANAIMO RIVER",2014,"2014-07-15",196,196,0,2.14,2.23142857142998,2.3157142857152,2.45933333333378,-0.0842857142852154,2062.32,81,11.2014917127072,0
"924",988,"NANAIMO RIVER",2014,"2014-07-16",197,197,0,2.12,2.20000000000125,2.2964285714292,2.43033333333345,-0.096428571427948,2064.44,82,11.2014917127072,0
"925",989,"NANAIMO RIVER",2014,"2014-07-17",198,198,0,2.09,2.17142857142816,2.27928571428596,2.40299999999988,-0.107857142857808,2066.53,83,11.2014917127072,0
"926",990,"NANAIMO RIVER",2014,"2014-07-18",199,199,0,2.07,2.14285714285714,2.26214285714273,2.37966666666665,-0.119285714285589,2068.6,84,11.2014917127072,0
"927",991,"NANAIMO RIVER",2014,"2014-07-19",200,200,0,2.07,2.1199999999995,2.24071428571395,2.35833333333333,-0.120714285714452,2070.67,85,11.2014917127072,0
"928",992,"NANAIMO RIVER",2014,"2014-07-20",201,201,0,2.02,2.09571428571404,2.20642857142853,2.33600000000006,-0.110714285714494,2072.69,86,11.2014917127072,0
"929",993,"NANAIMO RIVER",2014,"2014-07-21",202,202,0,2.01,2.07428571428422,2.17214285714311,2.31999999999971,-0.097857142858889,2074.7,87,11.2014917127072,0
"930",994,"NANAIMO RIVER",2014,"2014-07-22",203,203,0,1.91,2.04142857142766,2.13642857142882,2.30266666666672,-0.0950000000011642,2076.61,88,11.2014917127072,0
"931",995,"NANAIMO RIVER",2014,"2014-07-23",204,204,0,1.96,2.01857142857209,2.10928571428667,2.28666666666686,-0.0907142857145766,2078.57,89,11.2014917127072,0
"932",996,"NANAIMO RIVER",2014,"2014-07-24",205,205,0,2.23,2.03857142857201,2.10500000000008,2.27699999999992,-0.0664285714280726,2080.8,90,11.2014917127072,0
"933",997,"NANAIMO RIVER",2014,"2014-07-25",206,206,0,1.98,2.02571428571329,2.08428571428522,2.25666666666657,-0.0585714285719274,2082.78,91,11.2014917127072,0
"934",998,"NANAIMO RIVER",2014,"2014-07-26",207,207,0,1.9,2.0014285714299,2.0607142857147,2.23733333333366,-0.0592857142847998,2084.68,92,11.2014917127072,0
"935",999,"NANAIMO RIVER",2014,"2014-07-27",208,208,0,1.83,1.97428571428463,2.03499999999933,2.21666666666667,-0.0607142857147016,2086.51,93,11.2014917127072,0
"936",1000,"NANAIMO RIVER",2014,"2014-07-28",209,209,0,1.79,1.94285714285797,2.0085714285711,2.19366666666659,-0.0657142857131214,2088.3,94,11.2014917127072,0
"937",1001,"NANAIMO RIVER",2014,"2014-07-29",210,210,0,1.76,1.92142857142816,1.98142857142791,2.16866666666659,-0.0599999999997507,2090.06,95,11.2014917127072,0
"938",1002,"NANAIMO RIVER",2014,"2014-07-30",211,211,0,1.73,1.88857142856952,1.95357142857081,2.14399999999975,-0.0650000000012889,2091.79,96,11.2014917127072,0
"939",1003,"NANAIMO RIVER",2014,"2014-07-31",212,212,0,1.71,1.8142857142853,1.92642857142865,2.12000000000019,-0.112142857143356,2093.5,97,11.2014917127072,0
"940",1004,"NANAIMO RIVER",2014,"2014-08-01",213,213,0,1.7,1.77428571428546,1.89999999999938,2.09700000000012,-0.125714285713912,2095.2,98,11.2014917127072,0
"941",1005,"NANAIMO RIVER",2014,"2014-08-02",214,214,0,1.67,1.74142857142683,1.87142857142836,2.075,-0.130000000001538,2096.87,99,11.2014917127072,0
"942",1006,"NANAIMO RIVER",2014,"2014-08-03",215,215,0,1.64,1.71428571428571,1.84428571428517,2.05266666666624,-0.12999999999946,2098.51,100,11.2014917127072,0
"943",1007,"NANAIMO RIVER",2014,"2014-08-04",216,216,0,1.62,1.69000000000025,1.81642857142911,2.02766666666672,-0.126428571428862,2100.13,101,11.2014917127072,0
"944",1008,"NANAIMO RIVER",2014,"2014-08-05",217,217,0,1.59,1.66571428571478,1.79357142857147,1.99733333333328,-0.127857142856685,2101.72,102,11.2014917127072,0
"945",1009,"NANAIMO RIVER",2014,"2014-08-06",218,218,0,1.58,1.64428571428704,1.76642857142828,1.96700000000031,-0.122142857141236,2103.3,103,11.2014917127072,0
"946",1010,"NANAIMO RIVER",2014,"2014-08-07",219,219,0,1.48,1.61142857142841,1.71285714285685,1.93600000000006,-0.101428571428447,2104.78,104,11.2014917127072,0
"947",1011,"NANAIMO RIVER",2014,"2014-08-08",220,220,0,1.21,1.54142857142974,1.6578571428576,1.89833333333372,-0.116428571427865,2105.99,105,11.2014917127072,0
"948",1012,"NANAIMO RIVER",2014,"2014-08-09",221,221,0,1.11,1.46142857143007,1.60142857142845,1.85900000000014,-0.139999999998379,2107.1,106,11.2014917127072,0
"949",1013,"NANAIMO RIVER",2014,"2014-08-10",222,222,0,1.09,1.38285714285822,1.54857142857197,1.81966666666655,-0.165714285713745,2108.19,107,11.2014917127072,0
"950",1014,"NANAIMO RIVER",2014,"2014-08-11",223,223,0,1.08,1.3057142857142,1.49785714285723,1.78133333333341,-0.192142857143023,2109.27,108,11.2014917127072,0
"951",1015,"NANAIMO RIVER",2014,"2014-08-12",224,224,0,1.11,1.23714285714336,1.45142857142907,1.74533333333335,-0.214285714285714,2110.38,109,11.2014917127072,0
"952",1016,"NANAIMO RIVER",2014,"2014-08-13",225,225,0,1.13,1.17285714285598,1.40857142857151,1.71099999999957,-0.235714285715533,2111.51,110,11.2014917127072,0
"953",1017,"NANAIMO RIVER",2014,"2014-08-14",226,226,0,1.14,1.12428571428505,1.36785714285673,1.67766666666624,-0.243571428571678,2112.65,111,11.2014917127072,0
"954",1018,"NANAIMO RIVER",2014,"2014-08-15",227,227,0,1.24,1.1285714285706,1.33500000000017,1.64833333333324,-0.206428571429569,2113.89,112,11.2014917127072,0
"955",1019,"NANAIMO RIVER",2014,"2014-08-16",228,228,0,1.2,1.14142857142724,1.30142857142865,1.61866666666659,-0.160000000001414,2115.09,113,11.2014917127072,0
"956",1020,"NANAIMO RIVER",2014,"2014-08-17",229,229,0,1.15,1.15000000000042,1.26642857142932,1.58799999999998,-0.116428571428904,2116.24,114,11.2014917127072,0
"957",1021,"NANAIMO RIVER",2014,"2014-08-18",230,230,0,1.1,1.15285714285606,1.22928571428513,1.55566666666661,-0.0764285714290702,2117.34,115,11.2014917127072,0
"958",1022,"NANAIMO RIVER",2014,"2014-08-19",231,231,0,1.08,1.14857142857051,1.19285714285694,1.5243333333332,-0.044285714286421,2118.42,116,11.2014917127072,0
"959",1023,"NANAIMO RIVER",2014,"2014-08-20",232,232,0,1.06,1.13857142857159,1.15571428571379,1.49266666666663,-0.0171428571421919,2119.48,117,11.2014917127072,0
"960",1024,"NANAIMO RIVER",2014,"2014-08-21",233,233,0,1.06,1.12714285714277,1.12571428571391,1.4643333333331,0.00142857142886244,2120.54,118,11.2014917127072,0
"961",1025,"NANAIMO RIVER",2014,"2014-08-22",234,234,0,1.05,1.09999999999958,1.11428571428509,1.43399999999965,-0.0142857142855064,2121.59,119,11.2014917127072,0
"962",1026,"NANAIMO RIVER",2014,"2014-08-23",235,235,0,1.04,1.07714285714402,1.10928571428563,1.39433333333339,-0.0321428571416098,2122.63,120,11.2014917127072,0
"963",1027,"NANAIMO RIVER",2014,"2014-08-24",236,236,0,1.03,1.05999999999975,1.10500000000008,1.36266666666682,-0.0450000000003328,2123.66,121,11.2014917127072,0
"964",1028,"NANAIMO RIVER",2014,"2014-08-25",237,237,0,0.986,1.04371428571384,1.09828571428495,1.33219999999953,-0.0545714285711127,2124.646,122,11.2014917127072,0
"965",1029,"NANAIMO RIVER",2014,"2014-08-26",238,238,0,1,1.03228571428502,1.09042857142776,1.30453333333329,-0.0581428571427491,2125.646,123,11.2014917127072,0
"966",1030,"NANAIMO RIVER",2014,"2014-08-27",239,239,0,0.984,1.02142857142982,1.08000000000071,1.27766666666672,-0.058571428570888,2126.63,124,11.2014917127072,0
"967",1031,"NANAIMO RIVER",2014,"2014-08-28",240,240,0,0.948,1.00542857142864,1.06628571428571,1.25059999999988,-0.0608571428570681,2127.578,125,11.2014917127072,0
"968",1032,"NANAIMO RIVER",2014,"2014-08-29",241,241,0,0.934,0.988857142857991,1.04442857142879,1.22406666666696,-0.0555714285707966,2128.512,126,11.2014917127072,0
"969",1033,"NANAIMO RIVER",2014,"2014-08-30",242,242,0,1.06,0.991714285713637,1.03442857142883,1.2024,-0.0427142857151922,2129.572,127,11.2014917127072,0
"970",1034,"NANAIMO RIVER",2014,"2014-08-31",243,243,0,1.15,1.00885714285583,1.03442857142779,1.18406666666657,-0.0255714285719608,2130.722,128,11.2014917127072,0
"971",1035,"NANAIMO RIVER",2014,"2014-09-01",244,244,0,0.998,1.01057142857254,1.02714285714319,1.16166666666686,-0.0165714285706469,2131.72,129,11.2014917127072,0
"972",1036,"NANAIMO RIVER",2014,"2014-09-02",245,245,0,1.12,1.02771428571473,1.02999999999988,1.14433333333339,-0.00228571428514046,2132.84,130,11.2014917127072,0
"973",1037,"NANAIMO RIVER",2014,"2014-09-03",246,246,0,1.09,1.04285714285756,1.03214285714369,1.12666666666676,0.01071428571387,2133.93,131,11.2014917127072,0
"974",1038,"NANAIMO RIVER",2014,"2014-09-04",247,247,0,0.986,1.0482857142862,1.02685714285742,1.10653333333321,0.0214285714287792,2134.916,132,11.2014917127072,0
"975",1039,"NANAIMO RIVER",2014,"2014-09-05",248,248,0,0.934,1.0482857142862,1.01857142857209,1.0850000000001,0.0297142857141028,2135.85,133,11.2014917127072,0
"976",1040,"NANAIMO RIVER",2014,"2014-09-06",249,249,0,0.91,1.02685714285638,1.00928571428501,1.06599999999986,0.0175714285713702,2136.76,134,11.2014917127072,0
"977",1041,"NANAIMO RIVER",2014,"2014-09-07",250,250,0,0.885,0.989000000001397,0.998928571428613,1.05516666666663,-0.00992857142721604,2137.645,135,11.2014917127072,0
"978",1042,"NANAIMO RIVER",2014,"2014-09-08",251,251,0,0.893,0.9739999999999,0.992285714286221,1.04793333333315,-0.0182857142863213,2138.538,136,11.2014917127072,0
"979",1043,"NANAIMO RIVER",2014,"2014-09-09",252,252,0,0.883,0.940142857143655,0.983928571429195,1.04103333333333,-0.0437857142855397,2139.421,137,11.2014917127072,0
"980",1044,"NANAIMO RIVER",2014,"2014-09-10",253,253,0,0.871,0.908857142856245,0.975857142856902,1.03406666666657,-0.067000000000657,2140.292,138,11.2014917127072,0
"981",1045,"NANAIMO RIVER",2014,"2014-09-11",254,254,0,0.877,0.893285714285282,0.970785714285739,1.02629999999966,-0.0775000000004573,2141.169,139,11.2014917127072,0
"982",1046,"NANAIMO RIVER",2014,"2014-09-12",255,255,0,0.905,0.88914285714314,0.968714285714668,1.01880000000043,-0.0795714285715283,2142.074,140,11.2014917127072,0
"983",1047,"NANAIMO RIVER",2014,"2014-09-13",256,256,0,0.888,0.886000000000682,0.95642857142853,1.01040000000018,-0.070428571427848,2142.962,141,11.2014917127072,0
"984",1048,"NANAIMO RIVER",2014,"2014-09-14",257,257,0,0.862,0.882714285714818,0.935857142858107,0.997800000000279,-0.0531428571432895,2143.824,142,11.2014917127072,0
"985",1049,"NANAIMO RIVER",2014,"2014-09-15",258,258,0,0.868,0.879142857142142,0.926571428571021,0.986733333333298,-0.0474285714288791,2144.692,143,11.2014917127072,0
"986",1050,"NANAIMO RIVER",2014,"2014-09-16",259,259,0,0.933,0.886285714285415,0.913214285714535,0.979499999999825,-0.0269285714291203,2145.625,144,11.2014917127072,0
"987",1051,"NANAIMO RIVER",2014,"2014-09-17",260,260,1,0.914,0.892428571429004,0.900642857142624,0.97330000000026,-0.00821428571362048,2146.539,145,11.2014917127072,0
"988",1052,"NANAIMO RIVER",2015,"2015-01-01",1,1,0,9.53,12.0757142857141,17.1235714285711,28.0110000000001,-5.04785714285702,9.53,NA,9.97895027624309,0
"989",1053,"NANAIMO RIVER",2015,"2015-01-02",2,2,0,9.03,11.1657142857148,16.5257142857143,27.7419999999998,-5.35999999999954,18.56,NA,9.97895027624309,0
"990",1054,"NANAIMO RIVER",2015,"2015-01-03",3,3,0,8.62,10.3971428571448,15.605714285715,27.5493333333337,-5.20857142857026,27.18,NA,9.97895027624309,0
"991",1055,"NANAIMO RIVER",2015,"2015-01-04",4,4,0,8.84,9.83142857142957,14.0014285714289,27.4173333333335,-4.16999999999929,36.02,NA,9.97895027624309,0
"992",1056,"NANAIMO RIVER",2015,"2015-01-05",5,5,0,13.7,10.1028571428573,13.1371428571427,27.4273333333336,-3.03428571428542,49.72,NA,9.97895027624309,0
"993",1057,"NANAIMO RIVER",2015,"2015-01-06",6,6,0,16.4,10.8885714285716,12.7228571428568,27.524,-1.83428571428522,66.12,0,9.97895027624309,0
"994",1058,"NANAIMO RIVER",2015,"2015-01-07",7,7,0,15.5,11.6599999999993,12.422857142857,27.567333333333,-0.762857142857683,81.62,0,9.97895027624309,0
"995",1059,"NANAIMO RIVER",2015,"2015-01-08",8,8,0,14.2,12.327142857144,12.2014285714291,25.3340000000001,0.125714285714951,95.82,0,9.97895027624309,0
"996",1060,"NANAIMO RIVER",2015,"2015-01-09",9,9,0,13.2,12.9228571428581,12.0442857142864,21.774,0.878571428571638,109.02,1,9.97895027624309,0
"997",1061,"NANAIMO RIVER",2015,"2015-01-10",10,10,0,12.3,13.4485714285713,11.9228571428581,19.2640000000004,1.52571428571329,121.32,2,9.97895027624309,0
"998",1062,"NANAIMO RIVER",2015,"2015-01-11",11,11,0,11.5,13.8285714285718,11.8300000000007,17.3340000000001,1.99857142857114,132.82,3,9.97895027624309,0
"999",1063,"NANAIMO RIVER",2015,"2015-01-12",12,12,0,10.7,13.4000000000004,11.7514285714289,16.1940000000002,1.64857142857155,143.52,4,9.97895027624309,0
"1000",1064,"NANAIMO RIVER",2015,"2015-01-13",13,13,0,9.96,12.4800000000001,11.6842857142858,15.4593333333333,0.795714285714245,153.48,5,9.97895027624309,0
"1001",1065,"NANAIMO RIVER",2015,"2015-01-14",14,14,0,9.36,11.6028571428573,11.6314285714283,14.938,-0.0285714285710128,162.84,6,9.97895027624309,0
"1002",1066,"NANAIMO RIVER",2015,"2015-01-15",15,15,0,9.09,10.8728571428572,11.6000000000006,14.5476666666669,-0.727142857143397,171.93,7,9.97895027624309,0
"1003",1067,"NANAIMO RIVER",2015,"2015-01-16",16,16,0,10.4,10.4728571428568,11.6978571428574,14.2909999999999,-1.22500000000062,182.33,8,9.97895027624309,0
"1004",1068,"NANAIMO RIVER",2015,"2015-01-17",17,17,0,10.5,10.2157142857135,11.8321428571424,14.101,-1.61642857142891,192.83,9,9.97895027624309,0
"1005",1069,"NANAIMO RIVER",2015,"2015-01-18",18,18,0,19.2,11.3157142857131,12.5721428571425,14.1610000000001,-1.25642857142936,212.03,0,9.97895027624309,0
"1006",1070,"NANAIMO RIVER",2015,"2015-01-19",19,19,0,22.2,12.9585714285703,13.1792857142853,14.1843333333333,-0.220714285715076,234.23,0,9.97895027624309,0
"1007",1071,"NANAIMO RIVER",2015,"2015-01-20",20,20,0,18.3,14.1500000000004,13.3150000000002,13.751,0.835000000000166,252.53,0,9.97895027624309,0
"1008",1072,"NANAIMO RIVER",2015,"2015-01-21",21,21,0,16,15.0985714285718,13.3507142857145,13.4243333333332,1.74785714285723,268.53,0,9.97895027624309,0
"1009",1073,"NANAIMO RIVER",2015,"2015-01-22",22,22,0,14.5,15.8714285714273,13.3721428571423,13.1676666666666,2.49928571428505,283.03,0,9.97895027624309,0
"1010",1074,"NANAIMO RIVER",2015,"2015-01-23",23,23,0,17.2,16.8428571428563,13.6578571428566,13.0843333333333,3.18499999999975,300.23,0,9.97895027624309,0
"1011",1075,"NANAIMO RIVER",2015,"2015-01-24",24,24,0,22.8,18.5999999999996,14.4078571428566,13.2676666666666,4.19214285714303,323.03,0,9.97895027624309,0
"1012",1076,"NANAIMO RIVER",2015,"2015-01-25",25,25,0,21.2,18.8857142857139,15.1007142857135,13.4610000000001,3.78500000000037,344.23,0,9.97895027624309,0
"1013",1077,"NANAIMO RIVER",2015,"2015-01-26",26,26,0,18.7,18.3857142857159,15.6721428571431,13.6176666666671,2.71357142857284,362.93,0,9.97895027624309,0
"1014",1078,"NANAIMO RIVER",2015,"2015-01-27",27,27,0,16.5,18.1285714285727,16.1392857142865,13.7410000000003,1.98928571428613,379.43,0,9.97895027624309,0
"1015",1079,"NANAIMO RIVER",2015,"2015-01-28",28,28,0,14.9,17.971428571429,16.5350000000004,13.8443333333334,1.43642857142861,394.33,0,9.97895027624309,0
"1016",1080,"NANAIMO RIVER",2015,"2015-01-29",29,29,0,13.4,17.8142857142853,16.8428571428563,13.9276666666667,0.971428571428987,407.73,1,9.97895027624309,0
"1017",1081,"NANAIMO RIVER",2015,"2015-01-30",30,30,0,12.2,17.1000000000017,16.971428571429,13.9976666666669,0.128571428572677,419.93,2,9.97895027624309,0
"1018",1082,"NANAIMO RIVER",2015,"2015-01-31",31,31,0,11.2,15.442857142858,17.0214285714288,14.0533333333335,-1.5785714285708,431.13,3,9.97895027624309,0
"1019",1083,"NANAIMO RIVER",2015,"2015-02-01",32,32,0,10.6,13.9285714285714,16.4071428571426,14.1056666666666,-2.47857142857122,441.73,4,9.97895027624309,0
"1020",1084,"NANAIMO RIVER",2015,"2015-02-02",33,33,0,10,12.6857142857126,15.5357142857143,14.1516666666663,-2.85000000000166,451.73,5,9.97895027624309,0
"1021",1085,"NANAIMO RIVER",2015,"2015-02-03",34,34,0,9.46,11.6799999999993,14.904285714286,14.1723333333333,-3.22428571428671,461.19,6,9.97895027624309,0
"1022",1086,"NANAIMO RIVER",2015,"2015-02-04",35,35,0,9.03,10.8414285714285,14.4064285714287,14.0166666666667,-3.56500000000025,470.22,7,9.97895027624309,0
"1023",1087,"NANAIMO RIVER",2015,"2015-02-05",36,36,0,17.4,11.4128571428571,14.6135714285712,14.05,-3.20071428571412,487.62,0,9.97895027624309,0
"1024",1088,"NANAIMO RIVER",2015,"2015-02-06",37,37,0,65.4,19.0128571428566,18.0564285714292,15.7133333333336,0.956428571427487,553.02,0,9.97895027624309,0
"1025",1089,"NANAIMO RIVER",2015,"2015-02-07",38,38,0,59,25.8414285714285,20.6421428571432,17.2066666666666,5.19928571428526,612.02,0,9.97895027624309,0
"1026",1090,"NANAIMO RIVER",2015,"2015-02-08",39,39,0,52.3,31.798571428573,22.8635714285722,18.5100000000001,8.93500000000079,664.32,0,9.97895027624309,0
"1027",1091,"NANAIMO RIVER",2015,"2015-02-09",40,40,0,44.4,36.7128571428579,24.6992857142853,19.5799999999998,12.0135714285726,708.72,0,9.97895027624309,0
"1028",1092,"NANAIMO RIVER",2015,"2015-02-10",41,41,0,37.1,40.6614285714292,26.1707142857142,20.4333333333333,14.490714285715,745.82,0,9.97895027624309,0
"1029",1093,"NANAIMO RIVER",2015,"2015-02-11",42,42,0,28,43.3714285714294,27.1064285714289,21.0100000000001,16.2650000000005,773.82,0,9.97895027624309,0
"1030",1094,"NANAIMO RIVER",2015,"2015-02-12",43,43,0,23.8,44.2857142857143,27.8492857142857,21.4713333333333,16.4364285714286,797.62,0,9.97895027624309,0
"1031",1095,"NANAIMO RIVER",2015,"2015-02-13",44,44,0,23.9,38.3571428571429,28.6849999999998,21.9560000000003,9.6721428571431,821.52,0,9.97895027624309,0
"1032",1096,"NANAIMO RIVER",2015,"2015-02-14",45,45,0,25.2,33.528571428571,29.6849999999998,22.4929999999998,3.84357142857126,846.72,0,9.97895027624309,0
"1033",1097,"NANAIMO RIVER",2015,"2015-02-15",46,46,0,20.4,28.9714285714269,30.385,22.8263333333331,-1.41357142857305,867.12,0,9.97895027624309,0
"1034",1098,"NANAIMO RIVER",2015,"2015-02-16",47,47,0,17.6,25.1428571428571,30.9278571428575,23.063,-5.78500000000037,884.72,0,9.97895027624309,0
"1035",1099,"NANAIMO RIVER",2015,"2015-02-17",48,48,0,15.6,22.0714285714286,31.3664285714289,22.9430000000003,-9.29500000000033,900.32,0,9.97895027624309,0
"1036",1100,"NANAIMO RIVER",2015,"2015-02-18",49,49,0,14,20.0714285714286,31.721428571429,22.669666666667,-11.6500000000004,914.32,0,9.97895027624309,0
"1037",1101,"NANAIMO RIVER",2015,"2015-02-19",50,50,0,12.7,18.4857142857155,31.3857142857149,22.4830000000002,-12.8999999999994,927.02,1,9.97895027624309,0
"1038",1102,"NANAIMO RIVER",2015,"2015-02-20",51,51,0,11.7,16.7428571428567,27.5499999999998,22.3396666666667,-10.8071428571431,938.72,2,9.97895027624309,0
"1039",1103,"NANAIMO RIVER",2015,"2015-02-21",52,52,0,10.8,14.6857142857147,24.1071428571429,22.2163333333335,-9.42142857142816,949.52,3,9.97895027624309,0
"1040",1104,"NANAIMO RIVER",2015,"2015-02-22",53,53,0,10.1,13.2142857142857,21.0928571428563,21.9796666666666,-7.8785714285706,959.62,4,9.97895027624309,0
"1041",1105,"NANAIMO RIVER",2015,"2015-02-23",54,54,0,9.43,12.0471428571431,18.5950000000001,21.5340000000001,-6.54785714285702,969.05,5,9.97895027624309,0
"1042",1106,"NANAIMO RIVER",2015,"2015-02-24",55,55,0,8.88,11.0871428571429,16.5792857142858,21.1233333333337,-5.49214285714282,977.93,6,9.97895027624309,0
"1043",1107,"NANAIMO RIVER",2015,"2015-02-25",56,56,0,8.41,10.2885714285699,15.1799999999993,20.780333333333,-4.89142857142932,986.34,7,9.97895027624309,0
"1044",1108,"NANAIMO RIVER",2015,"2015-02-26",57,57,0,8.24,9.65142857142824,14.0685714285719,20.5049999999998,-4.41714285714365,994.58,8,9.97895027624309,0
"1045",1109,"NANAIMO RIVER",2015,"2015-02-27",58,58,0,9.91,9.39571428571487,13.0692857142858,20.3386666666668,-3.67357142857093,1004.49,9,9.97895027624309,0
"1046",1110,"NANAIMO RIVER",2015,"2015-02-28",59,59,0,8.8,9.1099999999985,11.8978571428566,20.1853333333333,-2.7878571428581,1013.29,10,9.97895027624309,0
"1047",1111,"NANAIMO RIVER",2015,"2015-03-01",60,60,0,8.16,8.83285714285739,11.0235714285716,20.0506666666663,-2.19071428571416,1021.45,11,9.97895027624309,0
"1048",1112,"NANAIMO RIVER",2015,"2015-03-02",61,61,0,7.81,8.60142857142741,10.3242857142853,19.9376666666663,-1.72285714285785,1029.26,12,9.97895027624309,0
"1049",1113,"NANAIMO RIVER",2015,"2015-03-03",62,62,0,7.4,8.38999999999942,9.73857142857118,19.8310000000003,-1.34857142857176,1036.66,13,9.97895027624309,0
"1050",1114,"NANAIMO RIVER",2015,"2015-03-04",63,63,0,7.06,8.19714285714352,9.24285714285673,19.7330000000002,-1.0457142857132,1043.72,14,9.97895027624309,0
"1051",1115,"NANAIMO RIVER",2015,"2015-03-05",64,64,0,6.77,7.98714285714336,8.8192857142858,19.6433333333334,-0.832142857142442,1050.49,15,9.97895027624309,0
"1052",1116,"NANAIMO RIVER",2015,"2015-03-06",65,65,0,6.53,7.50428571428555,8.45000000000021,19.5600000000001,-0.945714285714659,1057.02,16,9.97895027624309,0
"1053",1117,"NANAIMO RIVER",2015,"2015-03-07",66,66,0,6.32,7.15000000000042,8.12999999999946,19.1906666666667,-0.979999999999043,1063.34,17,9.97895027624309,0
"1054",1118,"NANAIMO RIVER",2015,"2015-03-08",67,67,0,6.14,6.86142857142841,7.8471428571429,17.2153333333331,-0.985714285714494,1069.48,18,9.97895027624309,0
"1055",1119,"NANAIMO RIVER",2015,"2015-03-09",68,68,0,5.99,6.60142857142949,7.60142857142845,15.4483333333332,-0.999999999998961,1075.47,19,9.97895027624309,0
"1056",1120,"NANAIMO RIVER",2015,"2015-03-10",69,69,0,5.65,6.35142857142741,7.37071428571341,13.8933333333329,-1.01928571428601,1081.12,20,9.97895027624309,0
"1057",1121,"NANAIMO RIVER",2015,"2015-03-11",70,70,0,5.54,6.13428571428605,7.16571428571478,12.5980000000001,-1.03142857142874,1086.66,21,9.97895027624309,0
"1058",1122,"NANAIMO RIVER",2015,"2015-03-12",71,71,0,6.76,6.13285714285615,7.05999999999975,11.5866666666664,-0.927142857143606,1093.42,22,9.97895027624309,0
"1059",1123,"NANAIMO RIVER",2015,"2015-03-13",72,72,0,7.01,6.20142857142907,6.85285714285731,10.887,-0.651428571428239,1100.43,23,9.97895027624309,0
"1060",1124,"NANAIMO RIVER",2015,"2015-03-14",73,73,0,9.23,6.61714285714385,6.88357142857213,10.4013333333336,-0.26642857142828,1109.66,24,9.97895027624309,0
"1061",1125,"NANAIMO RIVER",2015,"2015-03-15",74,74,0,10.8,7.28285714285864,7.07214285714352,9.96466666666674,0.210714285715117,1120.46,25,9.97895027624309,0
"1062",1126,"NANAIMO RIVER",2015,"2015-03-16",75,75,0,9.89,7.84000000000067,7.22071428571508,9.45433333333349,0.619285714285589,1130.35,26,9.97895027624309,0
"1063",1127,"NANAIMO RIVER",2015,"2015-03-17",76,76,0,9.19,8.34571428571404,7.34857142857072,9.08066666666661,0.997142857143315,1139.54,27,9.97895027624309,0
"1064",1128,"NANAIMO RIVER",2015,"2015-03-18",77,77,0,8.56,8.77714285714319,7.45571428571462,8.77933333333349,1.32142857142857,1148.1,28,9.97895027624309,0
"1065",1129,"NANAIMO RIVER",2015,"2015-03-19",78,78,0,9.04,9.10285714285731,7.61785714285673,8.56066666666641,1.48500000000058,1157.14,29,9.97895027624309,0
"1066",1130,"NANAIMO RIVER",2015,"2015-03-20",79,79,0,17.5,10.6014285714274,8.40142857142824,8.67733333333308,2.19999999999917,1174.64,0,9.97895027624309,0
"1067",1131,"NANAIMO RIVER",2015,"2015-03-21",80,80,0,22.2,12.4542857142847,9.53571428571429,8.99399999999975,2.91857142857043,1196.84,0,9.97895027624309,0
"1068",1132,"NANAIMO RIVER",2015,"2015-03-22",81,81,0,18,13.4828571428557,10.3828571428572,9.20399999999984,3.09999999999854,1214.84,0,9.97895027624309,0
"1069",1133,"NANAIMO RIVER",2015,"2015-03-23",82,82,0,16.2,14.384285714284,11.1121428571423,9.38399999999965,3.27214285714165,1231.04,0,9.97895027624309,0
"1070",1134,"NANAIMO RIVER",2015,"2015-03-24",83,83,0,15.3,15.2571428571433,11.8014285714287,9.55733333333337,3.45571428571462,1246.34,0,9.97895027624309,0
"1071",1135,"NANAIMO RIVER",2015,"2015-03-25",84,84,0,14.4,16.0914285714285,12.4342857142858,9.72300000000008,3.65714285714265,1260.74,0,9.97895027624309,0
"1072",1136,"NANAIMO RIVER",2015,"2015-03-26",85,85,0,14.4,16.8571428571429,12.9800000000001,9.90699999999973,3.87714285714277,1275.14,0,9.97895027624309,0
"1073",1137,"NANAIMO RIVER",2015,"2015-03-27",86,86,0,13.7,16.3142857142853,13.4578571428564,10.0833333333333,2.85642857142894,1288.84,1,9.97895027624309,0
"1074",1138,"NANAIMO RIVER",2015,"2015-03-28",87,87,0,14.1,15.1571428571437,13.8057142857142,10.2786666666667,1.35142857142949,1302.94,0,9.97895027624309,0
"1075",1139,"NANAIMO RIVER",2015,"2015-03-29",88,88,0,23.8,15.9857142857155,14.7342857142856,10.7416666666667,1.2514285714299,1326.74,0,9.97895027624309,0
"1076",1140,"NANAIMO RIVER",2015,"2015-03-30",89,89,0,31,18.1000000000017,16.2421428571428,11.4816666666671,1.85785714285885,1357.74,0,9.97895027624309,0
"1077",1141,"NANAIMO RIVER",2015,"2015-03-31",90,90,0,30.5,20.2714285714298,17.7642857142865,12.2263333333336,2.50714285714327,1388.24,0,9.97895027624309,0
"1078",1142,"NANAIMO RIVER",2015,"2015-04-01",91,91,0,24,21.6428571428571,18.8671428571428,12.7660000000003,2.77571428571433,1412.24,0,9.97895027624309,0
"1079",1143,"NANAIMO RIVER",2015,"2015-04-02",92,92,0,19.6,22.3857142857139,19.6214285714284,13.1726666666664,2.76428571428551,1431.84,0,9.97895027624309,0
"1080",1144,"NANAIMO RIVER",2015,"2015-04-03",93,93,0,16.6,22.8000000000008,19.5571428571431,13.4906666666667,3.24285714285777,1448.44,0,9.97895027624309,0
"1081",1145,"NANAIMO RIVER",2015,"2015-04-04",94,94,0,14.5,22.8571428571429,19.0071428571433,13.7483333333332,3.84999999999959,1462.94,0,9.97895027624309,0
"1082",1146,"NANAIMO RIVER",2015,"2015-04-05",95,95,0,12.9,21.2999999999988,18.6428571428571,13.9606666666664,2.65714285714161,1475.84,1,9.97895027624309,0
"1083",1147,"NANAIMO RIVER",2015,"2015-04-06",96,96,0,11.5,18.5142857142845,18.3071428571431,14.1333333333333,0.207142857141399,1487.34,2,9.97895027624309,0
"1084",1148,"NANAIMO RIVER",2015,"2015-04-07",97,97,0,10.3,15.6285714285706,17.9500000000002,14.2720000000001,-2.32142857142961,1497.64,3,9.97895027624309,0
"1085",1149,"NANAIMO RIVER",2015,"2015-04-08",98,98,0,9.33,13.5328571428566,17.5878571428569,14.3833333333333,-4.05500000000029,1506.97,4,9.97895027624309,0
"1086",1150,"NANAIMO RIVER",2015,"2015-04-09",99,99,0,8.52,11.9500000000012,17.1678571428576,14.4790000000003,-5.21785714285631,1515.49,5,9.97895027624309,0
"1087",1151,"NANAIMO RIVER",2015,"2015-04-10",100,100,0,7.9,10.7071428571424,16.7535714285716,14.5576666666665,-6.04642857142919,1523.39,6,9.97895027624309,0
"1088",1152,"NANAIMO RIVER",2015,"2015-04-11",101,101,0,7.63,9.72571428571453,16.2914285714287,14.5866666666669,-6.56571428571416,1531.02,7,9.97895027624309,0
"1089",1153,"NANAIMO RIVER",2015,"2015-04-12",102,102,0,7.12,8.90000000000042,15.0999999999996,14.5903333333331,-6.19999999999917,1538.14,8,9.97895027624309,0
"1090",1154,"NANAIMO RIVER",2015,"2015-04-13",103,103,0,6.56,8.1942857142858,13.3542857142851,14.5013333333331,-5.15999999999933,1544.7,9,9.97895027624309,0
"1091",1155,"NANAIMO RIVER",2015,"2015-04-14",104,104,0,5.62,7.52571428571537,11.577142857143,14.3286666666667,-4.05142857142762,1550.32,10,9.97895027624309,0
"1092",1156,"NANAIMO RIVER",2015,"2015-04-15",105,105,0,5.01,6.90857142857151,10.220714285714,14.1659999999999,-3.31214285714252,1555.33,11,9.97895027624309,0
"1093",1157,"NANAIMO RIVER",2015,"2015-04-16",106,106,0,4.84,6.38285714285615,9.1664285714287,14.0210000000002,-2.78357142857255,1560.17,12,9.97895027624309,0
"1094",1158,"NANAIMO RIVER",2015,"2015-04-17",107,107,0,4.66,5.92000000000033,8.31357142857139,13.8909999999999,-2.39357142857105,1564.83,13,9.97895027624309,0
"1095",1159,"NANAIMO RIVER",2015,"2015-04-18",108,108,0,4.52,5.47571428571454,7.60071428571454,13.7403333333335,-2.125,1569.35,14,9.97895027624309,0
"1096",1160,"NANAIMO RIVER",2015,"2015-04-19",109,109,0,4.66,5.12428571428505,7.01214285714273,13.3123333333332,-1.88785714285768,1574.01,15,9.97895027624309,0
"1097",1161,"NANAIMO RIVER",2015,"2015-04-20",110,110,0,4.77,4.86857142857168,6.53142857142874,12.7313333333334,-1.66285714285706,1578.78,16,9.97895027624309,0
"1098",1162,"NANAIMO RIVER",2015,"2015-04-21",111,111,0,4.84,4.75714285714119,6.14142857142828,12.2926666666666,-1.38428571428709,1583.62,17,9.97895027624309,0
"1099",1163,"NANAIMO RIVER",2015,"2015-04-22",112,112,0,5.02,4.7585714285711,5.8335714285713,11.9200000000002,-1.07500000000021,1588.64,18,9.97895027624309,0
"1100",1164,"NANAIMO RIVER",2015,"2015-04-23",113,113,0,5.03,4.78571428571429,5.58428571428522,11.5776666666667,-0.79857142857093,1593.67,19,9.97895027624309,0
"1101",1165,"NANAIMO RIVER",2015,"2015-04-24",114,114,0,4.97,4.82999999999967,5.375,11.2633333333331,-0.545000000000333,1598.64,20,9.97895027624309,0
"1102",1166,"NANAIMO RIVER",2015,"2015-04-25",115,115,0,4.94,4.88999999999942,5.18285714285698,10.9480000000001,-0.292857142857558,1603.58,21,9.97895027624309,0
"1103",1167,"NANAIMO RIVER",2015,"2015-04-26",116,116,0,4.98,4.9357142857147,5.02999999999988,10.6573333333334,-0.0942857142851734,1608.56,22,9.97895027624309,0
"1104",1168,"NANAIMO RIVER",2015,"2015-04-27",117,117,0,5.16,4.9914285714289,4.93000000000029,10.3593333333333,0.0614285714286131,1613.72,23,9.97895027624309,0
"1105",1169,"NANAIMO RIVER",2015,"2015-04-28",118,118,0,5.71,5.11571428571603,4.93642857142861,9.75633333333341,0.179285714287419,1619.43,24,9.97895027624309,0
"1106",1170,"NANAIMO RIVER",2015,"2015-04-29",119,119,0,5.61,5.19999999999917,4.97928571428513,8.90999999999961,0.220714285714037,1625.04,25,9.97895027624309,0
"1107",1171,"NANAIMO RIVER",2015,"2015-04-30",120,120,0,5.49,5.26571428571437,5.02571428571433,8.07633333333312,0.240000000000041,1630.53,26,9.97895027624309,0
"1108",1172,"NANAIMO RIVER",2015,"2015-05-01",121,121,0,5.25,5.3057142857142,5.06785714285694,7.45133333333312,0.237857142857267,1635.78,27,9.97895027624309,0
"1109",1173,"NANAIMO RIVER",2015,"2015-05-02",122,122,0,5.02,5.31714285714302,5.10357142857122,6.96533333333355,0.213571428571803,1640.8,28,9.97895027624309,0
"1110",1174,"NANAIMO RIVER",2015,"2015-05-03",123,123,0,4.92,5.30857142857193,5.12214285714331,6.57599999999996,0.186428571428613,1645.72,29,9.97895027624309,0
"1111",1175,"NANAIMO RIVER",2015,"2015-05-04",124,124,0,4.84,5.26285714285664,5.12714285714277,6.25399999999985,0.13571428571387,1650.56,30,9.97895027624309,0
"1112",1176,"NANAIMO RIVER",2015,"2015-05-05",125,125,0,4.88,5.14428571428497,5.1300000000005,5.98666666666686,0.0142857142844672,1655.44,31,9.97895027624309,0
"1113",1177,"NANAIMO RIVER",2015,"2015-05-06",126,126,0,4.76,5.02285714285764,5.11142857142841,5.76200000000002,-0.0885714285707637,1660.2,32,9.97895027624309,0
"1114",1178,"NANAIMO RIVER",2015,"2015-05-07",127,127,0,4.63,4.90000000000042,5.08285714285739,5.57300000000008,-0.182857142856976,1664.83,33,9.97895027624309,0
"1115",1179,"NANAIMO RIVER",2015,"2015-05-08",128,128,0,4.48,4.78999999999983,5.04785714285702,5.41133333333322,-0.257857142857184,1669.31,34,9.97895027624309,0
"1116",1180,"NANAIMO RIVER",2015,"2015-05-09",129,129,0,4.35,4.6942857142858,5.00571428571441,5.27233333333328,-0.311428571428613,1673.66,35,9.97895027624309,0
"1117",1181,"NANAIMO RIVER",2015,"2015-05-10",130,130,0,4.23,4.59571428571404,4.95214285714298,5.15,-0.356428571428945,1677.89,36,9.97895027624309,0
"1118",1182,"NANAIMO RIVER",2015,"2015-05-11",131,131,0,4.06,4.48428571428563,4.87357142857114,5.03099999999977,-0.389285714285506,1681.95,37,9.97895027624309,0
"1119",1183,"NANAIMO RIVER",2015,"2015-05-12",132,132,0,3.73,4.32000000000075,4.73214285714286,4.91800000000027,-0.412142857142109,1685.68,38,9.97895027624309,0
"1120",1184,"NANAIMO RIVER",2015,"2015-05-13",133,133,0,3.78,4.18000000000133,4.60142857142949,4.82533333333364,-0.421428571428156,1689.46,39,9.97895027624309,0
"1121",1185,"NANAIMO RIVER",2015,"2015-05-14",134,134,0,3.75,4.05428571428638,4.4771428571434,4.76299999999998,-0.422857142857018,1693.21,40,9.97895027624309,0
"1122",1186,"NANAIMO RIVER",2015,"2015-05-15",135,135,0,3.7,3.94285714285797,4.3664285714289,4.71933333333339,-0.42357142857093,1696.91,41,9.97895027624309,0
"1123",1187,"NANAIMO RIVER",2015,"2015-05-16",136,136,0,3.63,3.83999999999859,4.26714285714219,4.67899999999984,-0.427142857143605,1700.54,42,9.97895027624309,0
"1124",1188,"NANAIMO RIVER",2015,"2015-05-17",137,137,0,3.56,3.74428571428663,4.17000000000033,4.64233333333347,-0.425714285713704,1704.1,43,9.97895027624309,0
"1125",1189,"NANAIMO RIVER",2015,"2015-05-18",138,138,0,3.52,3.66714285714261,4.07571428571412,4.60899999999965,-0.408571428571512,1707.62,44,9.97895027624309,0
"1126",1190,"NANAIMO RIVER",2015,"2015-05-19",139,139,0,3.44,3.62571428571287,3.97285714285681,4.56833333333343,-0.347142857143938,1711.06,45,9.97895027624309,0
"1127",1191,"NANAIMO RIVER",2015,"2015-05-20",140,140,0,3.28,3.5542857142843,3.86714285714282,4.51866666666659,-0.312857142858515,1714.34,46,9.97895027624309,0
"1128",1192,"NANAIMO RIVER",2015,"2015-05-21",141,141,0,3.26,3.48428571428563,3.76928571428601,4.46600000000035,-0.285000000000375,1717.6,47,9.97895027624309,0
"1129",1193,"NANAIMO RIVER",2015,"2015-05-22",142,142,0,3.2,3.41285714285706,3.67785714285752,4.40533333333345,-0.265000000000457,1720.8,48,9.97895027624309,0
"1130",1194,"NANAIMO RIVER",2015,"2015-05-23",143,143,0,3.18,3.34857142857176,3.59428571428517,4.34366666666659,-0.245714285713412,1723.98,49,9.97895027624309,0
"1131",1195,"NANAIMO RIVER",2015,"2015-05-24",144,144,0,3.14,3.28857142856993,3.51642857142828,4.28266666666653,-0.227857142858349,1727.12,50,9.97895027624309,0
"1132",1196,"NANAIMO RIVER",2015,"2015-05-25",145,145,0,2.9,3.20000000000125,3.43357142857193,4.21466666666674,-0.23357142857068,1730.02,51,9.97895027624309,0
"1133",1197,"NANAIMO RIVER",2015,"2015-05-26",146,146,0,2.64,3.08571428571512,3.35571428571399,4.13666666666686,-0.269999999998877,1732.66,52,9.97895027624309,0
"1134",1198,"NANAIMO RIVER",2015,"2015-05-27",147,147,0,2.62,2.9914285714289,3.2728571428566,4.05199999999992,-0.281428571427698,1735.28,53,9.97895027624309,0
"1135",1199,"NANAIMO RIVER",2015,"2015-05-28",148,148,0,2.47,2.8785714285706,3.18142857142811,3.94399999999975,-0.302857142857517,1737.75,54,9.97895027624309,0
"1136",1200,"NANAIMO RIVER",2015,"2015-05-29",149,149,0,2.3,2.75,3.08142857142853,3.83366666666698,-0.33142857142853,1740.05,55,9.97895027624309,0
"1137",1201,"NANAIMO RIVER",2015,"2015-05-30",150,150,0,2.26,2.61857142857168,2.98357142857172,3.72599999999996,-0.365000000000042,1742.31,56,9.97895027624309,0
"1138",1202,"NANAIMO RIVER",2015,"2015-05-31",151,151,0,2.21,2.48571428571553,2.88714285714273,3.62466666666684,-0.401428571427199,1744.52,57,9.97895027624309,0
"1139",1203,"NANAIMO RIVER",2015,"2015-06-01",152,152,0,2.19,2.38428571428605,2.79214285714365,3.53033333333345,-0.4078571428576,1746.71,58,9.97895027624309,0
"1140",1204,"NANAIMO RIVER",2015,"2015-06-02",153,153,0,2.58,2.37571428571287,2.73071428571399,3.45233333333308,-0.355000000001123,1749.29,59,9.97895027624309,0
"1141",1205,"NANAIMO RIVER",2015,"2015-06-03",154,154,0,2.43,2.34857142857176,2.67000000000033,3.37200000000012,-0.321428571428571,1751.72,60,9.97895027624309,0
"1142",1206,"NANAIMO RIVER",2015,"2015-06-04",155,155,0,2.27,2.32000000000075,2.59928571428567,3.2850000000001,-0.279285714284924,1753.99,61,9.97895027624309,0
"1143",1207,"NANAIMO RIVER",2015,"2015-06-05",156,156,0,2.18,2.30285714285648,2.52642857142824,3.19900000000004,-0.223571428571761,1756.17,62,9.97895027624309,0
"1144",1208,"NANAIMO RIVER",2015,"2015-06-06",157,157,0,2.12,2.28285714285656,2.45071428571412,3.11533333333306,-0.167857142857559,1758.29,63,9.97895027624309,0
"1145",1209,"NANAIMO RIVER",2015,"2015-06-07",158,158,0,2.07,2.26285714285664,2.37428571428609,3.0350000000001,-0.111428571429445,1760.36,64,9.97895027624309,0
"1146",1210,"NANAIMO RIVER",2015,"2015-06-08",159,159,0,2.05,2.24285714285673,2.31357142857139,2.95833333333333,-0.0707142857146597,1762.41,65,9.97895027624309,0
"1147",1211,"NANAIMO RIVER",2015,"2015-06-09",160,160,0,2.02,2.16285714285914,2.26928571428601,2.88466666666694,-0.106428571426867,1764.43,66,9.97895027624309,0
"1148",1212,"NANAIMO RIVER",2015,"2015-06-10",161,161,0,2.03,2.10571428571503,2.2271428571434,2.81700000000031,-0.121428571428364,1766.46,67,9.97895027624309,0
"1149",1213,"NANAIMO RIVER",2015,"2015-06-11",162,162,0,2.11,2.08285714285739,2.20142857142907,2.76299999999998,-0.118571428571678,1768.57,68,9.97895027624309,0
"1150",1214,"NANAIMO RIVER",2015,"2015-06-12",163,163,0,2.01,2.05857142857193,2.1807142857142,2.70399999999984,-0.122142857142275,1770.58,69,9.97895027624309,0
"1151",1215,"NANAIMO RIVER",2015,"2015-06-13",164,164,0,2.03,2.04571428571528,2.16428571428592,2.64666666666647,-0.118571428570638,1772.61,70,9.97895027624309,0
"1152",1216,"NANAIMO RIVER",2015,"2015-06-14",165,165,0,1.99,2.03428571428646,2.14857142857155,2.58966666666674,-0.114285714285091,1774.6,71,9.97895027624309,0
"1153",1217,"NANAIMO RIVER",2015,"2015-06-15",166,166,0,1.98,2.02428571428546,2.1335714285711,2.53466666666694,-0.109285714285631,1776.58,72,9.97895027624309,0
"1154",1218,"NANAIMO RIVER",2015,"2015-06-16",167,167,0,2.13,2.03999999999983,2.10142857142949,2.48700000000002,-0.0614285714296527,1778.71,73,9.97895027624309,0
"1155",1219,"NANAIMO RIVER",2015,"2015-06-17",168,168,0,2.38,2.08999999999859,2.09785714285681,2.44900000000004,-0.00785714285822392,1781.09,74,9.97895027624309,0
"1156",1220,"NANAIMO RIVER",2015,"2015-06-18",169,169,0,2.26,2.11142857142841,2.0971428571429,2.40966666666694,0.0142857142855064,1783.35,75,9.97895027624309,0
"1157",1221,"NANAIMO RIVER",2015,"2015-06-19",170,170,0,2.13,2.1285714285706,2.09357142857126,2.37133333333331,0.0349999999993349,1785.48,76,9.97895027624309,0
"1158",1222,"NANAIMO RIVER",2015,"2015-06-20",171,171,0,1.98,2.1214285714294,2.08357142857234,2.32866666666669,0.0378571428570593,1787.46,77,9.97895027624309,0
"1159",1223,"NANAIMO RIVER",2015,"2015-06-21",172,172,0,2.07,2.13285714285615,2.0835714285713,2.29099999999986,0.0492857142848413,1789.53,78,9.97895027624309,0
"1160",1224,"NANAIMO RIVER",2015,"2015-06-22",173,173,0,2.09,2.14857142857051,2.08642857142799,2.25466666666665,0.0621428571425242,1791.62,79,9.97895027624309,0
"1161",1225,"NANAIMO RIVER",2015,"2015-06-23",174,174,0,2.07,2.13999999999942,2.08999999999963,2.21900000000023,0.049999999999792,1793.69,80,9.97895027624309,0
"1162",1226,"NANAIMO RIVER",2015,"2015-06-24",175,175,0,1.97,2.08142857142957,2.08571428571408,2.18799999999998,-0.00428571428450875,1795.66,81,9.97895027624309,0
"1163",1227,"NANAIMO RIVER",2015,"2015-06-25",176,176,0,2,2.04428571428538,2.07785714285689,2.16666666666667,-0.0335714285715114,1797.66,82,9.97895027624309,0
"1164",1228,"NANAIMO RIVER",2015,"2015-06-26",177,177,0,1.87,2.00714285714327,2.06785714285693,2.14166666666667,-0.060714285713662,1799.53,83,9.97895027624309,0
"1165",1229,"NANAIMO RIVER",2015,"2015-06-27",178,178,0,1.72,1.96999999999909,2.04571428571424,2.11666666666667,-0.0757142857151587,1801.25,84,9.97895027624309,0
"1166",1230,"NANAIMO RIVER",2015,"2015-06-28",179,179,0,1.68,1.91428571428696,2.02357142857155,2.09600000000016,-0.109285714284592,1802.93,85,9.97895027624309,0
"1167",1231,"NANAIMO RIVER",2015,"2015-06-29",180,180,0,1.64,1.85000000000166,1.99928571428609,2.07533333333364,-0.149285714284425,1804.57,86,9.97895027624309,0
"1168",1232,"NANAIMO RIVER",2015,"2015-06-30",181,181,0,1.62,1.78571428571429,1.96285714285685,2.05566666666661,-0.177142857142566,1806.19,87,9.97895027624309,0
"1169",1233,"NANAIMO RIVER",2015,"2015-07-01",182,182,0,1.6,1.73285714285573,1.90714285714265,2.03599999999957,-0.17428571428692,1807.79,88,9.97895027624309,0
"1170",1234,"NANAIMO RIVER",2015,"2015-07-02",183,183,0,1.52,1.66428571428488,1.85428571428513,2.0006666666668,-0.190000000000249,1809.31,89,9.97895027624309,0
"1171",1235,"NANAIMO RIVER",2015,"2015-07-03",184,184,0,1.39,1.59571428571404,1.80142857142865,1.96599999999986,-0.205714285714618,1810.7,90,9.97895027624309,0
"1172",1236,"NANAIMO RIVER",2015,"2015-07-04",185,185,0,1.39,1.54857142857093,1.75928571428501,1.93666666666638,-0.210714285714078,1812.09,91,9.97895027624309,0
"1173",1237,"NANAIMO RIVER",2015,"2015-07-05",186,186,0,1.39,1.50714285714119,1.71071428571408,1.91033333333326,-0.203571428572884,1813.48,92,9.97895027624309,0
"1174",1238,"NANAIMO RIVER",2015,"2015-07-06",187,187,0,1.42,1.47571428571246,1.66285714285706,1.88700000000002,-0.187142857144603,1814.9,93,9.97895027624309,0
"1175",1239,"NANAIMO RIVER",2015,"2015-07-07",188,188,0,1.39,1.4428571428559,1.61428571428509,1.8643333333331,-0.171428571429195,1816.29,94,9.97895027624309,0
"1176",1240,"NANAIMO RIVER",2015,"2015-07-08",189,189,0,1.36,1.40857142857151,1.57071428571362,1.84133333333302,-0.162142857142109,1817.65,95,9.97895027624309,0
"1177",1241,"NANAIMO RIVER",2015,"2015-07-09",190,190,0,1.34,1.38285714285822,1.52357142857155,1.81866666666659,-0.140714285713329,1818.99,96,9.97895027624309,0
"1178",1242,"NANAIMO RIVER",2015,"2015-07-10",191,191,0,1.31,1.3714285714294,1.48357142857172,1.79466666666655,-0.112142857142317,1820.3,97,9.97895027624309,0
"1179",1243,"NANAIMO RIVER",2015,"2015-07-11",192,192,0,1.45,1.3800000000005,1.46428571428571,1.77266666666643,-0.0842857142852154,1821.75,98,9.97895027624309,0
"1180",1244,"NANAIMO RIVER",2015,"2015-07-12",193,193,0,1.66,1.41857142857251,1.46285714285685,1.76100000000006,-0.0442857142843422,1823.41,99,9.97895027624309,0
"1181",1245,"NANAIMO RIVER",2015,"2015-07-13",194,194,0,1.6,1.4442857142858,1.45999999999913,1.74666666666647,-0.0157142857133294,1825.01,100,9.97895027624309,0
"1182",1246,"NANAIMO RIVER",2015,"2015-07-14",195,195,0,1.43,1.45000000000125,1.44642857142857,1.72799999999988,0.00357142857267601,1826.44,101,9.97895027624309,0
"1183",1247,"NANAIMO RIVER",2015,"2015-07-15",196,196,0,1.38,1.45285714285897,1.43071428571524,1.70800000000017,0.0221428571437303,1827.82,102,9.97895027624309,0
"1184",1248,"NANAIMO RIVER",2015,"2015-07-16",197,197,0,1.33,1.45142857142699,1.41714285714261,1.68133333333293,0.0342857142843838,1829.15,103,9.97895027624309,0
"1185",1249,"NANAIMO RIVER",2015,"2015-07-17",198,198,0,1.32,1.45285714285689,1.41214285714315,1.64600000000016,0.0407142857137452,1830.47,104,9.97895027624309,0
"1186",1250,"NANAIMO RIVER",2015,"2015-07-18",199,199,0,1.31,1.43285714285698,1.40642857142874,1.6143333333331,0.0264285714282388,1831.78,105,9.97895027624309,0
"1187",1251,"NANAIMO RIVER",2015,"2015-07-19",200,200,0,1.27,1.37714285714277,1.39785714285764,1.5856666666669,-0.0207142857148679,1833.05,106,9.97895027624309,0
"1188",1252,"NANAIMO RIVER",2015,"2015-07-20",201,201,0,1.21,1.32142857142857,1.38285714285718,1.55999999999961,-0.0614285714286131,1834.26,107,9.97895027624309,0
"1189",1253,"NANAIMO RIVER",2015,"2015-07-21",202,202,0,1.18,1.28571428571429,1.36785714285777,1.53033333333345,-0.0821428571434808,1835.44,108,9.97895027624309,0
"1190",1254,"NANAIMO RIVER",2015,"2015-07-22",203,203,0,1.21,1.26142857142674,1.35714285714286,1.50099999999996,-0.0957142857161151,1836.65,109,9.97895027624309,0
"1191",1255,"NANAIMO RIVER",2015,"2015-07-23",204,204,0,1.22,1.24571428571445,1.34857142857072,1.47266666666643,-0.10285714285627,1837.87,110,9.97895027624309,0
"1192",1256,"NANAIMO RIVER",2015,"2015-07-24",205,205,0,1.26,1.23714285714336,1.34500000000012,1.44900000000004,-0.107857142856769,1839.13,111,9.97895027624309,0
"1193",1257,"NANAIMO RIVER",2015,"2015-07-25",206,206,0,1.21,1.22285714285681,1.32785714285689,1.42266666666643,-0.105000000000083,1840.34,112,9.97895027624309,0
"1194",1258,"NANAIMO RIVER",2015,"2015-07-26",207,207,0,1.19,1.21142857142799,1.29428571428538,1.4,-0.0828571428573923,1841.53,113,9.97895027624309,0
"1195",1259,"NANAIMO RIVER",2015,"2015-07-27",208,208,0,1.16,1.2042857142868,1.26285714285768,1.38133333333341,-0.058571428570888,1842.69,114,9.97895027624309,0
"1196",1260,"NANAIMO RIVER",2015,"2015-07-28",209,209,0,1.13,1.19714285714352,1.2414285714289,1.36299999999998,-0.0442857142853816,1843.82,115,9.97895027624309,0
"1197",1261,"NANAIMO RIVER",2015,"2015-07-29",210,210,0,1.12,1.18428571428688,1.22285714285681,1.34566666666651,-0.0385714285699319,1844.94,116,9.97895027624309,0
"1198",1262,"NANAIMO RIVER",2015,"2015-07-30",211,211,0,1.07,1.16285714285706,1.20428571428576,1.32733333333308,-0.0414285714286962,1846.01,117,9.97895027624309,0
"1199",1263,"NANAIMO RIVER",2015,"2015-07-31",212,212,0,1.05,1.13285714285614,1.18499999999975,1.30900000000014,-0.0521428571436056,1847.06,118,9.97895027624309,0
"1200",1264,"NANAIMO RIVER",2015,"2015-08-01",213,213,0,1.06,1.11142857142841,1.16714285714261,1.29366666666659,-0.0557142857142026,1848.12,119,9.97895027624309,0
"1201",1265,"NANAIMO RIVER",2015,"2015-08-02",214,214,0,1.06,1.09285714285839,1.15214285714319,1.28266666666702,-0.0592857142847996,1849.18,120,9.97895027624309,0
"1202",1266,"NANAIMO RIVER",2015,"2015-08-03",215,215,0,1.06,1.07857142857184,1.14142857142932,1.27166666666696,-0.0628571428574753,1850.24,121,9.97895027624309,0
"1203",1267,"NANAIMO RIVER",2015,"2015-08-04",216,216,0,1.08,1.07142857142857,1.13428571428605,1.2613333333337,-0.0628571428574756,1851.32,122,9.97895027624309,0
"1204",1268,"NANAIMO RIVER",2015,"2015-08-05",217,217,0,1.11,1.07000000000075,1.12714285714381,1.25100000000045,-0.057142857143065,1852.43,123,9.97895027624309,0
"1205",1269,"NANAIMO RIVER",2015,"2015-08-06",218,218,0,1.13,1.07857142857184,1.12071428571445,1.24233333333347,-0.0421428571426077,1853.56,124,9.97895027624309,0
"1206",1270,"NANAIMO RIVER",2015,"2015-08-07",219,219,0,1.08,1.08285714285739,1.10785714285677,1.23300000000017,-0.0249999999993764,1854.64,125,9.97895027624309,0
"1207",1271,"NANAIMO RIVER",2015,"2015-08-08",220,220,0,1.16,1.09714285714394,1.10428571428617,1.22699999999992,-0.00714285714223362,1855.8,126,9.97895027624309,0
"1208",1272,"NANAIMO RIVER",2015,"2015-08-09",221,221,0,1.21,1.1185714285696,1.10571428571399,1.2236666666664,0.0128571428556044,1857.01,127,9.97895027624309,0
"1209",1273,"NANAIMO RIVER",2015,"2015-08-10",222,222,0,1.14,1.12999999999842,1.10428571428513,1.21333333333314,0.0257142857132879,1858.15,128,9.97895027624309,0
"1210",1274,"NANAIMO RIVER",2015,"2015-08-11",223,223,0,1.09,1.13142857142832,1.10142857142845,1.19433333333339,0.0299999999998752,1859.24,129,9.97895027624309,0
"1211",1275,"NANAIMO RIVER",2015,"2015-08-12",224,224,0,1.04,1.12142857142732,1.09571428571404,1.1756666666668,0.0257142857132879,1860.28,130,9.97895027624309,0
"1212",1276,"NANAIMO RIVER",2015,"2015-08-13",225,225,0,1.05,1.11000000000058,1.09428571428621,1.16299999999998,0.0157142857143688,1861.33,131,9.97895027624309,0
"1213",1277,"NANAIMO RIVER",2015,"2015-08-14",226,226,0,1.08,1.11000000000058,1.09642857142899,1.15299999999988,0.0135714285715949,1862.41,132,9.97895027624309,0
"1214",1278,"NANAIMO RIVER",2015,"2015-08-15",227,227,0,1.11,1.10285714285731,1.10000000000062,1.145666666667,0.00285714285668548,1863.52,133,9.97895027624309,0
"1215",1279,"NANAIMO RIVER",2015,"2015-08-16",228,228,0,1.09,1.08571428571512,1.10214285714236,1.13799999999998,-0.016428571427241,1864.61,134,9.97895027624309,0
"1216",1280,"NANAIMO RIVER",2015,"2015-08-17",229,229,0,1.05,1.07285714285847,1.10142857142845,1.12933333333349,-0.0285714285699734,1865.66,135,9.97895027624309,0
"1217",1281,"NANAIMO RIVER",2015,"2015-08-18",230,230,0,1.02,1.06285714285748,1.0971428571429,1.12100000000016,-0.0342857142854232,1866.68,136,9.97895027624309,0
"1218",1282,"NANAIMO RIVER",2015,"2015-08-19",231,231,0,1,1.0571428571441,1.08928571428571,1.11400000000043,-0.0321428571416098,1867.68,137,9.97895027624309,0
"1219",1283,"NANAIMO RIVER",2015,"2015-08-20",232,232,0,1,1.05000000000083,1.08000000000071,1.10800000000017,-0.0299999999998752,1868.68,138,9.97895027624309,0
"1220",1284,"NANAIMO RIVER",2015,"2015-08-21",233,233,0,0.982,1.03599999999902,1.0729999999998,1.10040000000008,-0.0370000000007815,1869.662,139,9.97895027624309,0
"1221",1285,"NANAIMO RIVER",2015,"2015-08-22",234,234,0,0.991,1.01900000000023,1.06092857142877,1.09276666666701,-0.0419285714285382,1870.653,140,9.97895027624309,0
"1222",1286,"NANAIMO RIVER",2015,"2015-08-23",235,235,0,0.972,1.00214285714277,1.04392857142895,1.08316666666651,-0.0417857142861717,1871.625,141,9.97895027624309,0
"1223",1287,"NANAIMO RIVER",2015,"2015-08-24",236,236,0,0.964,0.989857142857675,1.03135714285807,1.07496666666702,-0.0415000000003991,1872.589,142,9.97895027624309,0
"1224",1288,"NANAIMO RIVER",2015,"2015-08-25",237,237,0,0.929,0.976857142855546,1.01985714285651,1.06626666666659,-0.0430000000009646,1873.518,143,9.97895027624309,0
"1225",1289,"NANAIMO RIVER",2015,"2015-08-26",238,238,0,0.912,0.964285714285714,1.01071428571491,1.05800000000017,-0.0464285714291951,1874.43,144,9.97895027624309,0
"1226",1290,"NANAIMO RIVER",2015,"2015-08-27",239,239,0,0.903,0.950428571427308,1.00021428571407,1.05043333333306,-0.0497857142867619,1875.333,145,9.97895027624309,0
"1227",1291,"NANAIMO RIVER",2015,"2015-08-28",240,240,0,0.912,0.940428571428389,0.988214285713704,1.04349999999977,-0.0477857142853151,1876.245,146,9.97895027624309,0
"1228",1292,"NANAIMO RIVER",2015,"2015-08-29",241,241,0,1.24,0.975999999999268,0.997499999999751,1.04916666666686,-0.0215000000004824,1877.485,147,9.97895027624309,0
"1229",1293,"NANAIMO RIVER",2015,"2015-08-30",242,242,0,1.3,1.02285714285764,1.01250000000021,1.05750000000019,0.0103571428574341,1878.785,148,9.97895027624309,0
"1230",1294,"NANAIMO RIVER",2015,"2015-08-31",243,243,0,1.5,1.09942857142804,1.04464285714286,1.07216666666694,0.054785714285182,1880.285,149,9.97895027624309,0
"1231",1295,"NANAIMO RIVER",2015,"2015-09-01",244,244,0,3.41,1.45385714285866,1.2153571428571,1.15049999999998,0.238500000001555,1883.695,150,9.97895027624309,0
"1232",1296,"NANAIMO RIVER",2015,"2015-09-02",245,245,0,4.59,1.97928571428513,1.47178571428542,1.26816666666661,0.507499999999709,1888.285,151,9.97895027624309,0
"1233",1297,"NANAIMO RIVER",2015,"2015-09-03",246,246,0,4.94,2.55600000000101,1.75321428571416,1.39683333333329,0.802785714286853,1893.225,152,9.97895027624309,0
"1234",1298,"NANAIMO RIVER",2015,"2015-09-04",247,247,0,4.94,3.13142857142832,2.03592857142836,1.52449999999953,1.09549999999997,1898.165,153,9.97895027624309,0
"1235",1299,"NANAIMO RIVER",2015,"2015-09-05",248,248,0,4.69,3.62428571428505,2.30014285714216,1.64316666666661,1.32414285714289,1902.855,154,9.97895027624309,0
"1236",1300,"NANAIMO RIVER",2015,"2015-09-06",249,249,0,4.53,4.08571428571304,2.55428571428534,1.75816666666651,1.5314285714277,1907.385,155,9.97895027624309,0
"1237",1301,"NANAIMO RIVER",2015,"2015-09-07",250,250,0,4.35,4.49285714285673,2.79614285714238,1.86449999999992,1.69671428571434,1911.735,156,9.97895027624309,0
"1238",1302,"NANAIMO RIVER",2015,"2015-09-08",251,251,0,4.09,4.58999999999859,3.02192857142862,1.96050000000008,1.56807142856997,1915.825,157,9.97895027624309,0
"1239",1303,"NANAIMO RIVER",2015,"2015-09-09",252,252,1,3.54,4.44000000000025,3.20964285714269,2.04050000000037,1.23035714285756,1919.365,158,9.97895027624309,0
"1240",1304,"NANAIMO RIVER",2016,"2016-01-01",1,1,0,7.26,8.63428571428605,11.3885714285716,25.8213333333333,-2.75428571428555,7.26,NA,13.3820994475138,0
"1241",1305,"NANAIMO RIVER",2016,"2016-01-02",2,2,0,6.97,8.20142857142907,10.8007142857147,25.0136666666668,-2.59928571428567,14.23,NA,13.3820994475138,0
"1242",1306,"NANAIMO RIVER",2016,"2016-01-03",3,3,0,6.7,7.77571428571329,9.92214285714311,24.3269999999999,-2.14642857142982,20.93,NA,13.3820994475138,0
"1243",1307,"NANAIMO RIVER",2016,"2016-01-04",4,4,0,6.44,7.38999999999942,9.28214285714265,23.3850000000001,-1.89214285714323,27.37,NA,13.3820994475138,0
"1244",1308,"NANAIMO RIVER",2016,"2016-01-05",5,5,0,6.22,7.04714285714311,8.7550000000005,21.5756666666668,-1.70785714285739,33.59,NA,13.3820994475138,0
"1245",1309,"NANAIMO RIVER",2016,"2016-01-06",6,6,0,6.09,6.760000000001,8.26857142857105,19.6786666666667,-1.50857142857006,39.68,NA,13.3820994475138,0
"1246",1310,"NANAIMO RIVER",2016,"2016-01-07",7,7,0,5.95,6.51857142857001,7.83642857142799,17.5536666666667,-1.31785714285797,45.63,NA,13.3820994475138,0
"1247",1311,"NANAIMO RIVER",2016,"2016-01-08",8,8,0,5.78,6.30714285714203,7.47071428571404,15.5863333333332,-1.16357142857201,51.41,NA,13.3820994475138,0
"1248",1312,"NANAIMO RIVER",2016,"2016-01-09",9,9,0,5.64,6.11714285714178,7.15928571428542,14.104333333333,-1.04214285714365,57.05,NA,13.3820994475138,0
"1249",1313,"NANAIMO RIVER",2016,"2016-01-10",10,10,0,5.51,5.94714285714352,6.86142857142841,12.844666666667,-0.914285714284882,62.56,NA,13.3820994475138,0
"1250",1314,"NANAIMO RIVER",2016,"2016-01-11",11,11,0,5.45,5.8057142857142,6.59785714285681,11.9196666666666,-0.792142857142608,68.01,NA,13.3820994475138,0
"1251",1315,"NANAIMO RIVER",2016,"2016-01-12",12,12,0,5.93,5.76428571428447,6.40571428571379,10.9439999999997,-0.641428571429319,73.94,NA,13.3820994475138,0
"1252",1316,"NANAIMO RIVER",2016,"2016-01-13",13,13,0,9.72,6.28285714285656,6.52142857142878,10.3146666666667,-0.238571428572218,83.66,NA,13.3820994475138,0
"1253",1317,"NANAIMO RIVER",2016,"2016-01-14",14,14,0,9.2,6.74714285714227,6.63285714285615,9.86133333333322,0.11428571428613,92.86,NA,13.3820994475138,0
"1254",1318,"NANAIMO RIVER",2016,"2016-01-15",15,15,0,8.62,7.15285714285814,6.73000000000008,9.51866666666659,0.422857142858057,101.48,NA,13.3820994475138,0
"1255",1319,"NANAIMO RIVER",2016,"2016-01-16",16,16,0,10.1,7.78999999999983,6.9535714285708,9.31200000000002,0.836428571429029,111.58,NA,13.3820994475138,0
"1256",1320,"NANAIMO RIVER",2016,"2016-01-17",17,17,0,14.2,9.03142857142874,7.48928571428613,9.26533333333355,1.54214285714261,125.78,0,13.3820994475138,0
"1257",1321,"NANAIMO RIVER",2016,"2016-01-18",18,18,0,19.3,11.0099999999989,8.40785714285656,9.40199999999992,2.60214285714236,145.08,0,13.3820994475138,0
"1258",1322,"NANAIMO RIVER",2016,"2016-01-19",19,19,0,17.5,12.6628571428571,9.21357142857076,9.35199999999992,3.4492857142863,162.58,0,13.3820994475138,0
"1259",1323,"NANAIMO RIVER",2016,"2016-01-20",20,20,0,15.8,13.5314285714287,9.90714285714265,9.36533333333306,3.62428571428609,178.38,0,13.3820994475138,0
"1260",1324,"NANAIMO RIVER",2016,"2016-01-21",21,21,0,21.6,15.3028571428586,11.0250000000004,9.63200000000021,4.27785714285814,199.98,0,13.3820994475138,0
"1261",1325,"NANAIMO RIVER",2016,"2016-01-22",22,22,0,31,18.5,12.8264285714291,10.2353333333333,5.67357142857093,230.98,0,13.3820994475138,0
"1262",1326,"NANAIMO RIVER",2016,"2016-01-23",23,23,0,27.3,20.9571428571445,14.3735714285722,10.7453333333334,6.58357142857234,258.28,0,13.3820994475138,0
"1263",1327,"NANAIMO RIVER",2016,"2016-01-24",24,24,0,22.5,22.1428571428571,15.5871428571429,11.1320000000002,6.5557142857142,280.78,0,13.3820994475138,0
"1264",1328,"NANAIMO RIVER",2016,"2016-01-25",25,25,0,17.3,21.8571428571429,16.4335714285709,11.3753333333332,5.42357142857197,298.08,0,13.3820994475138,0
"1265",1329,"NANAIMO RIVER",2016,"2016-01-26",26,26,0,19.4,22.1285714285727,17.3957142857149,11.6993333333332,4.73285714285781,317.48,0,13.3820994475138,0
"1266",1330,"NANAIMO RIVER",2016,"2016-01-27",27,27,0,48.7,26.8285714285718,20.1800000000003,13.0179999999998,6.64857142857155,366.18,0,13.3820994475138,0
"1267",1331,"NANAIMO RIVER",2016,"2016-01-28",28,28,0,109,39.3142857142853,27.3085714285719,16.3639999999999,12.0057142857134,475.18,0,13.3820994475138,0
"1268",1332,"NANAIMO RIVER",2016,"2016-01-29",29,29,0,41.4,40.7999999999988,29.6499999999994,17.474,11.1499999999994,516.58,0,13.3820994475138,0
"1269",1333,"NANAIMO RIVER",2016,"2016-01-30",30,30,0,31.1,41.3428571428563,31.1500000000004,18.2559999999998,10.1928571428559,547.68,0,13.3820994475138,0
"1270",1334,"NANAIMO RIVER",2016,"2016-01-31",31,31,0,29.6,42.3571428571429,32.25,19.0006666666668,10.1071428571429,577.28,0,13.3820994475138,0
"1271",1335,"NANAIMO RIVER",2016,"2016-02-01",32,32,0,23.2,43.2000000000012,32.5285714285721,19.5416666666667,10.6714285714292,600.48,0,13.3820994475138,0
"1272",1336,"NANAIMO RIVER",2016,"2016-02-02",33,33,0,18.5,43.0714285714286,32.6000000000006,19.9350000000001,10.4714285714279,618.98,0,13.3820994475138,0
"1273",1337,"NANAIMO RIVER",2016,"2016-02-03",34,34,0,15.7,38.3571428571429,32.5928571428573,20.2436666666666,5.76428571428551,634.68,0,13.3820994475138,0
"1274",1338,"NANAIMO RIVER",2016,"2016-02-04",35,35,0,14.3,24.8285714285718,32.0714285714286,20.513,-7.24285714285672,648.98,0,13.3820994475138,0
"1275",1339,"NANAIMO RIVER",2016,"2016-02-05",36,36,0,23.9,22.3285714285718,31.5642857142853,21.1066666666666,-9.23571428571345,672.88,0,13.3820994475138,0
"1276",1340,"NANAIMO RIVER",2016,"2016-02-06",37,37,0,30.3,22.2142857142857,31.778571428571,21.9183333333334,-9.5642857142853,703.18,0,13.3820994475138,0
"1277",1341,"NANAIMO RIVER",2016,"2016-02-07",38,38,0,22.1,21.1428571428571,31.75,22.4623333333337,-10.6071428571429,725.28,0,13.3820994475138,0
"1278",1342,"NANAIMO RIVER",2016,"2016-02-08",39,39,0,18.5,20.471428571429,31.8357142857151,22.8910000000003,-11.3642857142861,743.78,0,13.3820994475138,0
"1279",1343,"NANAIMO RIVER",2016,"2016-02-09",40,40,0,16.7,20.2142857142857,31.6428571428571,23.2639999999999,-11.4285714285714,760.48,0,13.3820994475138,0
"1280",1344,"NANAIMO RIVER",2016,"2016-02-10",41,41,0,16.4,20.3142857142853,29.3357142857141,23.6289999999998,-9.02142857142878,776.88,0,13.3820994475138,0
"1281",1345,"NANAIMO RIVER",2016,"2016-02-11",42,42,0,17.4,20.7571428571433,22.7928571428576,24.0113333333337,-2.03571428571429,794.28,0,13.3820994475138,0
"1282",1346,"NANAIMO RIVER",2016,"2016-02-12",43,43,0,24.6,20.8571428571429,21.5928571428574,24.5073333333334,-0.735714285714494,818.88,0,13.3820994475138,0
"1283",1347,"NANAIMO RIVER",2016,"2016-02-13",44,44,0,25.7,20.1999999999992,21.2071428571424,25.0573333333334,-1.00714285714327,844.58,0,13.3820994475138,0
"1284",1348,"NANAIMO RIVER",2016,"2016-02-14",45,45,0,24.7,20.5714285714286,20.8571428571429,25.5933333333334,-0.285714285714285,869.28,0,13.3820994475138,0
"1285",1349,"NANAIMO RIVER",2016,"2016-02-15",46,46,0,25.7,21.5999999999996,21.0357142857143,26.1133333333336,0.564285714285301,894.98,0,13.3820994475138,0
"1286",1350,"NANAIMO RIVER",2016,"2016-02-16",47,47,0,34.8,24.1857142857147,22.2000000000002,26.8,1.98571428571449,929.78,0,13.3820994475138,0
"1287",1351,"NANAIMO RIVER",2016,"2016-02-17",48,48,0,27.5,25.7714285714298,23.0428571428576,27.0733333333337,2.72857142857226,957.28,0,13.3820994475138,0
"1288",1352,"NANAIMO RIVER",2016,"2016-02-18",49,49,0,27,27.1428571428571,23.9500000000002,27.3900000000004,3.19285714285693,984.28,0,13.3820994475138,0
"1289",1353,"NANAIMO RIVER",2016,"2016-02-19",50,50,0,23.4,26.971428571429,23.9142857142859,27.6433333333334,3.05714285714307,1007.68,0,13.3820994475138,0
"1290",1354,"NANAIMO RIVER",2016,"2016-02-20",51,51,0,21,26.3000000000008,23.25,27.6233333333332,3.05000000000083,1028.68,0,13.3820994475138,0
"1291",1355,"NANAIMO RIVER",2016,"2016-02-21",52,52,0,18.1,25.3571428571429,22.9642857142857,27.1933333333334,2.39285714285714,1046.78,0,13.3820994475138,0
"1292",1356,"NANAIMO RIVER",2016,"2016-02-22",53,53,0,15.9,23.9571428571424,22.778571428571,26.8133333333331,1.17857142857143,1062.68,0,13.3820994475138,0
"1293",1357,"NANAIMO RIVER",2016,"2016-02-23",54,54,0,13.6,20.9285714285714,22.5571428571431,26.5166666666667,-1.62857142857164,1076.28,1,13.3820994475138,0
"1294",1358,"NANAIMO RIVER",2016,"2016-02-24",55,55,0,12,18.7142857142857,22.2428571428578,26.3400000000004,-3.52857142857205,1088.28,2,13.3820994475138,0
"1295",1359,"NANAIMO RIVER",2016,"2016-02-25",56,56,0,10.7,16.3857142857139,21.7642857142855,26.05,-5.37857142857164,1098.98,3,13.3820994475138,0
"1296",1360,"NANAIMO RIVER",2016,"2016-02-26",57,57,0,9.61,14.4157142857148,20.6935714285719,24.7470000000001,-6.2778571428571,1108.59,4,13.3820994475138,0
"1297",1361,"NANAIMO RIVER",2016,"2016-02-27",58,58,0,9.09,12.7142857142857,19.5071428571433,21.4166666666667,-6.79285714285756,1117.68,5,13.3820994475138,0
"1298",1362,"NANAIMO RIVER",2016,"2016-02-28",59,59,0,9.58,11.4971428571423,18.4271428571426,20.3560000000003,-6.93000000000029,1127.26,6,13.3820994475138,0
"1299",1363,"NANAIMO RIVER",2016,"2016-02-29",60,60,0,10,10.654285714286,17.3057142857142,19.6526666666667,-6.65142857142824,1137.26,7,13.3820994475138,0
"1300",1364,"NANAIMO RIVER",2016,"2016-03-01",61,61,0,16.1,11.0114285714267,15.9699999999991,19.2026666666662,-4.95857142857234,1153.36,0,13.3820994475138,0
"1301",1365,"NANAIMO RIVER",2016,"2016-03-02",62,62,0,26,13.0114285714267,15.8628571428562,19.2959999999997,-2.85142857142949,1179.36,0,13.3820994475138,0
"1302",1366,"NANAIMO RIVER",2016,"2016-03-03",63,63,0,27.4,15.3971428571427,15.8914285714283,19.5926666666666,-0.494285714285589,1206.76,0,13.3820994475138,0
"1303",1367,"NANAIMO RIVER",2016,"2016-03-04",64,64,0,31.9,18.5814285714275,16.4985714285711,20.1326666666665,2.08285714285635,1238.66,0,13.3820994475138,0
"1304",1368,"NANAIMO RIVER",2016,"2016-03-05",65,65,0,44,23.5685714285708,18.1414285714283,21.1226666666664,5.42714285714256,1282.66,0,13.3820994475138,0
"1305",1369,"NANAIMO RIVER",2016,"2016-03-06",66,66,0,41.9,28.1857142857147,19.8414285714285,21.7226666666669,8.34428571428622,1324.56,0,13.3820994475138,0
"1306",1370,"NANAIMO RIVER",2016,"2016-03-07",67,67,0,38.3,32.2285714285702,21.4414285714281,21.9893333333331,10.7871428571421,1362.86,0,13.3820994475138,0
"1307",1371,"NANAIMO RIVER",2016,"2016-03-08",68,68,0,29.2,34.1000000000017,22.5557142857142,22.226,11.5442857142875,1392.06,0,13.3820994475138,0
"1308",1372,"NANAIMO RIVER",2016,"2016-03-09",69,69,0,25.3,34,23.5057142857134,22.4526666666662,10.4942857142866,1417.36,0,13.3820994475138,0
"1309",1373,"NANAIMO RIVER",2016,"2016-03-10",70,70,0,84.3,42.1285714285706,28.7628571428566,24.7059999999998,13.365714285714,1501.66,0,13.3820994475138,0
"1310",1374,"NANAIMO RIVER",2016,"2016-03-11",71,71,0,63.3,46.6142857142861,32.5978571428568,26.2693333333334,14.0164285714293,1564.96,0,13.3820994475138,0
"1311",1375,"NANAIMO RIVER",2016,"2016-03-12",72,72,0,45.1,46.7714285714298,35.1700000000003,27.1926666666666,11.6014285714295,1610.06,0,13.3820994475138,0
"1312",1376,"NANAIMO RIVER",2016,"2016-03-13",73,73,0,36.5,46,37.0928571428573,27.5893333333336,8.90714285714265,1646.56,0,13.3820994475138,0
"1313",1377,"NANAIMO RIVER",2016,"2016-03-14",74,74,0,31.4,45.0142857142865,38.6214285714284,27.7793333333335,6.39285714285818,1677.96,0,13.3820994475138,0
"1314",1378,"NANAIMO RIVER",2016,"2016-03-15",75,75,0,25.3,44.4571428571424,39.2785714285721,27.7993333333332,5.17857142857039,1703.26,0,13.3820994475138,0
"1315",1379,"NANAIMO RIVER",2016,"2016-03-16",76,76,0,21,43.8428571428584,38.9214285714292,27.6426666666666,4.9214285714292,1724.26,0,13.3820994475138,0
"1316",1380,"NANAIMO RIVER",2016,"2016-03-17",77,77,0,17.8,34.3428571428584,38.2357142857145,27.076,-3.8928571428561,1742.06,0,13.3820994475138,0
"1317",1381,"NANAIMO RIVER",2016,"2016-03-18",78,78,0,15.4,27.5,37.0571428571431,26.6726666666664,-9.55714285714306,1757.46,0,13.3820994475138,0
"1318",1382,"NANAIMO RIVER",2016,"2016-03-19",79,79,0,13.8,23.028571428571,34.9000000000004,26.2326666666665,-11.8714285714294,1771.26,1,13.3820994475138,0
"1319",1383,"NANAIMO RIVER",2016,"2016-03-20",80,80,0,12.6,19.6142857142841,32.807142857142,25.8726666666664,-13.192857142858,1783.86,2,13.3820994475138,0
"1320",1384,"NANAIMO RIVER",2016,"2016-03-21",81,81,0,14.1,17.1428571428571,31.0785714285718,25.6426666666666,-13.9357142857147,1797.96,0,13.3820994475138,0
"1321",1385,"NANAIMO RIVER",2016,"2016-03-22",82,82,0,14.3,15.5714285714286,30.0142857142855,25.5159999999999,-14.4428571428569,1812.26,0,13.3820994475138,0
"1322",1386,"NANAIMO RIVER",2016,"2016-03-23",83,83,0,14.3,14.6142857142861,29.2285714285723,25.4626666666668,-14.6142857142861,1826.56,0,13.3820994475138,0
"1323",1387,"NANAIMO RIVER",2016,"2016-03-24",84,84,0,16.9,14.4857142857135,24.4142857142859,25.5726666666664,-9.92857142857247,1843.46,0,13.3820994475138,0
"1324",1388,"NANAIMO RIVER",2016,"2016-03-25",85,85,0,15.5,14.5,21,25.6893333333331,-6.5,1858.96,0,13.3820994475138,0
"1325",1389,"NANAIMO RIVER",2016,"2016-03-26",86,86,0,14.1,14.5428571428576,18.7857142857143,25.8026666666667,-4.24285714285673,1873.06,0,13.3820994475138,0
"1326",1390,"NANAIMO RIVER",2016,"2016-03-27",87,87,0,14,14.7428571428588,17.1785714285714,25.949,-2.43571428571262,1887.06,0,13.3820994475138,0
"1327",1391,"NANAIMO RIVER",2016,"2016-03-28",88,88,0,13.4,14.6428571428571,15.8928571428571,26.0926666666666,-1.25,1900.46,1,13.3820994475138,0
"1328",1392,"NANAIMO RIVER",2016,"2016-03-29",89,89,0,12.1,14.3285714285718,14.9500000000002,26.1766666666668,-0.621428571428362,1912.56,2,13.3820994475138,0
"1329",1393,"NANAIMO RIVER",2016,"2016-03-30",90,90,0,11.3,13.8999999999983,14.2571428571422,26.2199999999997,-0.357142857143895,1923.86,3,13.3820994475138,0
"1330",1394,"NANAIMO RIVER",2016,"2016-03-31",91,91,0,11.3,13.0999999999996,13.7928571428565,26.0600000000001,-0.692857142856935,1935.16,4,13.3820994475138,0
"1331",1395,"NANAIMO RIVER",2016,"2016-04-01",92,92,0,11.9,12.5857142857151,13.5428571428576,25.5900000000004,-0.957142857142442,1947.06,5,13.3820994475138,0
"1332",1396,"NANAIMO RIVER",2016,"2016-04-02",93,93,0,12,12.2857142857143,13.4142857142859,25.0766666666668,-1.12857142857164,1959.06,6,13.3820994475138,0
"1333",1397,"NANAIMO RIVER",2016,"2016-04-03",94,94,0,11.5,11.9285714285714,13.3357142857151,24.396666666667,-1.40714285714369,1970.56,7,13.3820994475138,0
"1334",1398,"NANAIMO RIVER",2016,"2016-04-04",95,95,0,12.2,11.7571428571433,13.2000000000002,23.3366666666669,-1.44285714285693,1982.76,8,13.3820994475138,0
"1335",1399,"NANAIMO RIVER",2016,"2016-04-05",96,96,0,11.8,11.7142857142857,13.0214285714288,22.3333333333333,-1.30714285714307,1994.56,9,13.3820994475138,0
"1336",1400,"NANAIMO RIVER",2016,"2016-04-06",97,97,0,11.3,11.7142857142857,12.807142857142,21.4333333333333,-1.09285714285631,2005.86,10,13.3820994475138,0
"1337",1401,"NANAIMO RIVER",2016,"2016-04-07",98,98,0,11.3,11.7142857142857,12.4071428571426,20.8366666666664,-0.692857142856935,2017.16,11,13.3820994475138,0
"1338",1402,"NANAIMO RIVER",2016,"2016-04-08",99,99,0,11.8,11.6999999999992,12.1428571428571,20.3866666666669,-0.442857142857974,2028.96,12,13.3820994475138,0
"1339",1403,"NANAIMO RIVER",2016,"2016-04-09",100,100,0,11.6,11.6428571428571,11.9642857142857,17.9633333333336,-0.321428571428571,2040.56,13,13.3820994475138,0
"1340",1404,"NANAIMO RIVER",2016,"2016-04-10",101,101,0,11,11.5714285714286,11.75,16.2200000000002,-0.178571428571429,2051.56,14,13.3820994475138,0
"1341",1405,"NANAIMO RIVER",2016,"2016-04-11",102,102,0,10.5,11.3285714285718,11.5428571428576,15.0666666666667,-0.214285714285714,2062.06,15,13.3820994475138,0
"1342",1406,"NANAIMO RIVER",2016,"2016-04-12",103,103,0,10.3,11.1142857142841,11.4142857142849,14.1933333333329,-0.300000000000832,2072.36,16,13.3820994475138,0
"1343",1407,"NANAIMO RIVER",2016,"2016-04-13",104,104,0,10.2,10.9571428571445,11.3357142857151,13.4866666666669,-0.378571428570597,2082.56,17,13.3820994475138,0
"1344",1408,"NANAIMO RIVER",2016,"2016-04-14",105,105,0,9.68,10.7257142857145,11.2200000000001,12.9659999999999,-0.49428571428559,2092.24,18,13.3820994475138,0
"1345",1409,"NANAIMO RIVER",2016,"2016-04-15",106,106,0,9.31,10.3699999999995,11.0349999999993,12.5763333333331,-0.664999999999832,2101.55,19,13.3820994475138,0
"1346",1410,"NANAIMO RIVER",2016,"2016-04-16",107,107,0,8.8,9.96999999999909,10.8064285714281,12.2763333333331,-0.836428571429028,2110.35,20,13.3820994475138,0
"1347",1411,"NANAIMO RIVER",2016,"2016-04-17",108,108,0,8.48,9.6099999999985,10.5907142857135,12.0456666666665,-0.980714285715033,2118.83,21,13.3820994475138,0
"1348",1412,"NANAIMO RIVER",2016,"2016-04-18",109,109,0,8.83,9.37142857142732,10.3499999999996,11.8799999999998,-0.978571428572259,2127.66,22,13.3820994475138,0
"1349",1413,"NANAIMO RIVER",2016,"2016-04-19",110,110,0,8.52,9.11714285714386,10.115714285714,11.7440000000002,-0.998571428570097,2136.18,23,13.3820994475138,0
"1350",1414,"NANAIMO RIVER",2016,"2016-04-20",111,111,0,8.34,8.85142857142741,9.90428571428596,11.5519999999999,-1.05285714285856,2144.52,24,13.3820994475138,0
"1351",1415,"NANAIMO RIVER",2016,"2016-04-21",112,112,0,8.98,8.7514285714299,9.73857142857222,11.3746666666668,-0.987142857142317,2153.5,25,13.3820994475138,0
"1352",1416,"NANAIMO RIVER",2016,"2016-04-22",113,113,0,9.07,8.71714285714344,9.54357142857147,11.2003333333332,-0.82642857142803,2162.57,26,13.3820994475138,0
"1353",1417,"NANAIMO RIVER",2016,"2016-04-23",114,114,0,9.4,8.80285714285648,9.38642857142778,10.9503333333332,-0.583571428571304,2171.97,27,13.3820994475138,0
"1354",1418,"NANAIMO RIVER",2016,"2016-04-24",115,115,0,9.16,8.90000000000042,9.25499999999946,10.7389999999999,-0.354999999999043,2181.13,28,13.3820994475138,0
"1355",1419,"NANAIMO RIVER",2016,"2016-04-25",116,116,0,8.83,8.90000000000042,9.13571428571387,10.5633333333331,-0.235714285713454,2189.96,29,13.3820994475138,0
"1356",1420,"NANAIMO RIVER",2016,"2016-04-26",117,117,0,7.95,8.81857142857085,8.96785714285735,10.3616666666664,-0.149285714286505,2197.91,30,13.3820994475138,0
"1357",1421,"NANAIMO RIVER",2016,"2016-04-27",118,118,0,7.31,8.67142857142816,8.76142857142778,10.1586666666665,-0.0899999999996268,2205.22,31,13.3820994475138,0
"1358",1422,"NANAIMO RIVER",2016,"2016-04-28",119,119,0,6.87,8.3699999999995,8.5607142857147,9.98433333333329,-0.190714285715199,2212.09,32,13.3820994475138,0
"1359",1423,"NANAIMO RIVER",2016,"2016-04-29",120,120,0,6.48,8,8.35857142857172,9.82366666666688,-0.35857142857172,2218.57,33,13.3820994475138,0
"1360",1424,"NANAIMO RIVER",2016,"2016-04-30",121,121,0,6.27,7.55285714285856,8.17785714285752,9.65600000000025,-0.624999999998961,2224.84,34,13.3820994475138,0
"1361",1425,"NANAIMO RIVER",2016,"2016-05-01",122,122,0,5.98,7.09857142857176,7.99928571428609,9.45866666666649,-0.900714285714328,2230.82,35,13.3820994475138,0
"1362",1426,"NANAIMO RIVER",2016,"2016-05-02",123,123,0,5.34,6.59999999999958,7.75,9.23666666666638,-1.15000000000042,2236.16,36,13.3820994475138,0
"1363",1427,"NANAIMO RIVER",2016,"2016-05-03",124,124,0,5.37,6.23142857142999,7.52500000000042,9.03233333333337,-1.29357142857043,2241.53,37,13.3820994475138,0
"1364",1428,"NANAIMO RIVER",2016,"2016-05-04",125,125,0,5.47,5.96857142857334,7.32000000000075,8.80800000000017,-1.35142857142741,2247,38,13.3820994475138,0
"1365",1429,"NANAIMO RIVER",2016,"2016-05-05",126,126,0,4.82,5.6757142857137,7.0228571428566,8.57533333333316,-1.3471428571429,2251.82,39,13.3820994475138,0
"1366",1430,"NANAIMO RIVER",2016,"2016-05-06",127,127,0,4.15,5.34285714285631,6.67142857142816,8.33700000000002,-1.32857142857184,2255.97,40,13.3820994475138,0
"1367",1431,"NANAIMO RIVER",2016,"2016-05-07",128,128,0,4.23,5.05142857142865,6.30214285714361,8.1013333333336,-1.25071428571495,2260.2,41,13.3820994475138,0
"1368",1432,"NANAIMO RIVER",2016,"2016-05-08",129,129,0,4.48,4.83714285714294,5.96785714285735,7.85733333333337,-1.13071428571441,2264.68,42,13.3820994475138,0
"1369",1433,"NANAIMO RIVER",2016,"2016-05-09",130,130,0,4.52,4.72000000000116,5.66000000000037,7.62133333333331,-0.93999999999921,2269.2,43,13.3820994475138,0
"1370",1434,"NANAIMO RIVER",2016,"2016-05-10",131,131,0,4.21,4.5542857142843,5.39285714285714,7.39499999999971,-0.838571428572843,2273.41,44,13.3820994475138,0
"1371",1435,"NANAIMO RIVER",2016,"2016-05-11",132,132,0,3.44,4.26428571428447,5.1164285714289,7.15966666666645,-0.852142857144437,2276.85,45,13.3820994475138,0
"1372",1436,"NANAIMO RIVER",2016,"2016-05-12",133,133,0,3.49,4.0742857142863,4.875,6.93266666666702,-0.800714285713704,2280.34,46,13.3820994475138,0
"1373",1437,"NANAIMO RIVER",2016,"2016-05-13",134,134,0,3.36,3.96142857143007,4.65214285714319,6.70466666666665,-0.690714285713121,2283.7,47,13.3820994475138,0
"1374",1438,"NANAIMO RIVER",2016,"2016-05-14",135,135,0,3.32,3.83142857142749,4.44142857142807,6.49266666666663,-0.610000000000582,2287.02,48,13.3820994475138,0
"1375",1439,"NANAIMO RIVER",2016,"2016-05-15",136,136,0,3.44,3.68285714285698,4.25999999999996,6.29700000000012,-0.577142857142981,2290.46,49,13.3820994475138,0
"1376",1440,"NANAIMO RIVER",2016,"2016-05-16",137,137,0,3.5,3.53714285714211,4.12857142857164,6.12033333333335,-0.591428571429528,2293.96,50,13.3820994475138,0
"1377",1441,"NANAIMO RIVER",2016,"2016-05-17",138,138,0,3.42,3.42428571428588,3.98928571428509,5.95166666666676,-0.56499999999921,2297.38,51,13.3820994475138,0
"1378",1442,"NANAIMO RIVER",2016,"2016-05-18",139,139,0,3.86,3.48428571428563,3.87428571428505,5.78600000000006,-0.389999999999418,2301.24,52,13.3820994475138,0
"1379",1443,"NANAIMO RIVER",2016,"2016-05-19",140,140,0,4.13,3.57571428571412,3.82500000000021,5.63966666666674,-0.249285714286088,2305.37,53,13.3820994475138,0
"1380",1444,"NANAIMO RIVER",2016,"2016-05-20",141,141,0,4,3.66714285714261,3.81428571428634,5.49500000000019,-0.14714285714373,2309.37,54,13.3820994475138,0
"1381",1445,"NANAIMO RIVER",2016,"2016-05-21",142,142,0,3.94,3.75571428571545,3.79357142857147,5.32699999999992,-0.0378571428560206,2313.31,55,13.3820994475138,0
"1382",1446,"NANAIMO RIVER",2016,"2016-05-22",143,143,0,3.9,3.82142857142857,3.75214285714277,5.15466666666665,0.0692857142857974,2317.21,56,13.3820994475138,0
"1383",1447,"NANAIMO RIVER",2016,"2016-05-23",144,144,0,3.84,3.8699999999995,3.7035714285708,4.96933333333339,0.166428571428696,2321.05,57,13.3820994475138,0
"1384",1448,"NANAIMO RIVER",2016,"2016-05-24",145,145,0,3.43,3.8714285714294,3.64785714285764,4.77833333333353,0.223571428571761,2324.48,58,13.3820994475138,0
"1385",1449,"NANAIMO RIVER",2016,"2016-05-25",146,146,0,3.11,3.76428571428655,3.62428571428609,4.58766666666682,0.140000000000458,2327.59,59,13.3820994475138,0
"1386",1450,"NANAIMO RIVER",2016,"2016-05-26",147,147,0,3.12,3.6199999999995,3.59785714285681,4.42666666666676,0.0221428571426907,2330.71,60,13.3820994475138,0
"1387",1451,"NANAIMO RIVER",2016,"2016-05-27",148,148,0,2.9,3.46285714285581,3.56499999999921,4.27966666666665,-0.102142857143397,2333.61,61,13.3820994475138,0
"1388",1452,"NANAIMO RIVER",2016,"2016-05-28",149,149,0,3.01,3.32999999999967,3.54285714285756,4.15099999999996,-0.212857142857891,2336.62,62,13.3820994475138,0
"1389",1453,"NANAIMO RIVER",2016,"2016-05-29",150,150,0,3.36,3.25285714285772,3.53714285714315,4.04700000000012,-0.284285714285423,2339.98,63,13.3820994475138,0
"1390",1454,"NANAIMO RIVER",2016,"2016-05-30",151,151,0,3.21,3.16285714285706,3.51642857142828,3.94499999999971,-0.353571428571221,2343.19,64,13.3820994475138,0
"1391",1455,"NANAIMO RIVER",2016,"2016-05-31",152,152,0,3.08,3.11285714285623,3.49214285714282,3.84833333333324,-0.379285714286588,2346.27,65,13.3820994475138,0
"1392",1456,"NANAIMO RIVER",2016,"2016-06-01",153,153,0,3.12,3.11428571428613,3.43928571428634,3.77433333333368,-0.325000000000208,2349.39,66,13.3820994475138,0
"1393",1457,"NANAIMO RIVER",2016,"2016-06-02",154,154,0,3.3,3.13999999999942,3.37999999999946,3.70533333333296,-0.240000000000042,2352.69,67,13.3820994475138,0
"1394",1458,"NANAIMO RIVER",2016,"2016-06-03",155,155,0,3.3,3.19714285714352,3.32999999999967,3.63299999999969,-0.132857142856145,2355.99,68,13.3820994475138,0
"1395",1459,"NANAIMO RIVER",2016,"2016-06-04",156,156,0,3.18,3.22142857142899,3.27571428571433,3.57833333333353,-0.0542857142853399,2359.17,69,13.3820994475138,0
"1396",1460,"NANAIMO RIVER",2016,"2016-06-05",157,157,0,3.07,3.17999999999925,3.21642857142849,3.54233333333347,-0.0364285714292367,2362.24,70,13.3820994475138,0
"1397",1461,"NANAIMO RIVER",2016,"2016-06-06",158,158,0,2.9,3.13571428571595,3.1492857142865,3.49800000000008,-0.0135714285705553,2365.14,71,13.3820994475138,0
"1398",1462,"NANAIMO RIVER",2016,"2016-06-07",159,159,0,2.72,3.08428571428522,3.09857142857072,3.4393333333331,-0.0142857142855064,2367.86,72,13.3820994475138,0
"1399",1463,"NANAIMO RIVER",2016,"2016-06-08",160,160,0,2.71,3.02571428571329,3.06999999999971,3.37899999999984,-0.044285714286421,2370.57,73,13.3820994475138,0
"1400",1464,"NANAIMO RIVER",2016,"2016-06-09",161,161,0,2.58,2.92285714285806,3.03142857142874,3.32466666666684,-0.10857142857068,2373.15,74,13.3820994475138,0
"1401",1465,"NANAIMO RIVER",2016,"2016-06-10",162,162,0,2.57,2.81857142857085,3.00785714285718,3.29566666666651,-0.189285714286338,2375.72,75,13.3820994475138,0
"1402",1466,"NANAIMO RIVER",2016,"2016-06-11",163,163,0,2.49,2.71999999999909,2.97071428571404,3.26233333333318,-0.250714285714951,2378.21,76,13.3820994475138,0
"1403",1467,"NANAIMO RIVER",2016,"2016-06-12",164,164,0,2.41,2.62571428571495,2.9028571428571,3.23066666666661,-0.27714285714215,2380.62,77,13.3820994475138,0
"1404",1468,"NANAIMO RIVER",2016,"2016-06-13",165,165,0,2.27,2.53571428571429,2.83571428571512,3.195666666667,-0.300000000000832,2382.89,78,13.3820994475138,0
"1405",1469,"NANAIMO RIVER",2016,"2016-06-14",166,166,0,2.26,2.47000000000116,2.77714285714319,3.15633333333341,-0.307142857142026,2385.15,79,13.3820994475138,0
"1406",1470,"NANAIMO RIVER",2016,"2016-06-15",167,167,0,2.25,2.40428571428596,2.71499999999963,3.11466666666674,-0.310714285713662,2387.4,80,13.3820994475138,0
"1407",1471,"NANAIMO RIVER",2016,"2016-06-16",168,168,0,2.26,2.35857142857068,2.64071428571437,3.07599999999996,-0.282142857143689,2389.66,81,13.3820994475138,0
"1408",1472,"NANAIMO RIVER",2016,"2016-06-17",169,169,0,2.18,2.30285714285856,2.5607142857147,3.02000000000019,-0.257857142856145,2391.84,82,13.3820994475138,0
"1409",1473,"NANAIMO RIVER",2016,"2016-06-18",170,170,0,2.32,2.27857142857101,2.49928571428505,2.95966666666645,-0.220714285714036,2394.16,83,13.3820994475138,0
"1410",1474,"NANAIMO RIVER",2016,"2016-06-19",171,171,0,2.34,2.26857142857209,2.44714285714352,2.90433333333349,-0.178571428571428,2396.5,84,13.3820994475138,0
"1411",1475,"NANAIMO RIVER",2016,"2016-06-20",172,172,0,2.14,2.25,2.39285714285714,2.84433333333339,-0.142857142857143,2398.64,85,13.3820994475138,0
"1412",1476,"NANAIMO RIVER",2016,"2016-06-21",173,173,0,2.14,2.23285714285781,2.35142857142949,2.7856666666669,-0.118571428571678,2400.78,86,13.3820994475138,0
"1413",1477,"NANAIMO RIVER",2016,"2016-06-22",174,174,0,2.18,2.22285714285681,2.31357142857139,2.73033333333345,-0.0907142857145766,2402.96,87,13.3820994475138,0
"1414",1478,"NANAIMO RIVER",2016,"2016-06-23",175,175,0,3.59,2.41285714285706,2.38571428571387,2.73566666666641,0.0271428571431898,2406.55,88,13.3820994475138,0
"1415",1479,"NANAIMO RIVER",2016,"2016-06-24",176,176,0,3.3,2.57285714285639,2.43785714285748,2.74199999999983,0.134999999998919,2409.85,89,13.3820994475138,0
"1416",1480,"NANAIMO RIVER",2016,"2016-06-25",177,177,0,2.85,2.64857142857259,2.4635714285718,2.73300000000017,0.18500000000079,2412.7,90,13.3820994475138,0
"1417",1481,"NANAIMO RIVER",2016,"2016-06-26",178,178,0,2.58,2.68285714285698,2.47571428571454,2.72233333333376,0.207142857142442,2415.28,91,13.3820994475138,0
"1418",1482,"NANAIMO RIVER",2016,"2016-06-27",179,179,0,2.41,2.72142857142691,2.48571428571345,2.70233333333308,0.235714285713454,2417.69,92,13.3820994475138,0
"1419",1483,"NANAIMO RIVER",2016,"2016-06-28",180,180,0,2.27,2.739999999999,2.48642857142841,2.66599999999986,0.253571428570597,2419.96,93,13.3820994475138,0
"1420",1484,"NANAIMO RIVER",2016,"2016-06-29",181,181,0,2.2,2.74285714285673,2.48285714285677,2.63233333333337,0.259999999999958,2422.16,94,13.3820994475138,0
"1421",1485,"NANAIMO RIVER",2016,"2016-06-30",182,182,0,2.16,2.53857142857201,2.47571428571454,2.60166666666676,0.0628571428574753,2424.32,95,13.3820994475138,0
"1422",1486,"NANAIMO RIVER",2016,"2016-07-01",183,183,0,2.17,2.37714285714277,2.47499999999958,2.56999999999971,-0.0978571428568102,2426.49,96,13.3820994475138,0
"1423",1487,"NANAIMO RIVER",2016,"2016-07-02",184,184,0,2.12,2.27285714285556,2.46071428571408,2.53066666666661,-0.187857142858515,2428.61,97,13.3820994475138,0
"1424",1488,"NANAIMO RIVER",2016,"2016-07-03",185,185,0,2.08,2.20142857142699,2.44214285714198,2.4899999999999,-0.240714285714993,2430.69,98,13.3820994475138,0
"1425",1489,"NANAIMO RIVER",2016,"2016-07-04",186,186,0,2.05,2.15000000000042,2.43571428571366,2.45233333333308,-0.285714285713246,2432.74,99,13.3820994475138,0
"1426",1490,"NANAIMO RIVER",2016,"2016-07-05",187,187,0,2.09,2.12428571428505,2.43214285714203,2.41966666666655,-0.307857142856977,2434.83,100,13.3820994475138,0
"1427",1491,"NANAIMO RIVER",2016,"2016-07-06",188,188,0,2.03,2.09999999999958,2.42142857142816,2.39066666666622,-0.321428571428571,2436.86,101,13.3820994475138,0
"1428",1492,"NANAIMO RIVER",2016,"2016-07-07",189,189,0,1.97,2.07285714285639,2.3057142857142,2.36566666666671,-0.232857142857808,2438.83,102,13.3820994475138,0
"1429",1493,"NANAIMO RIVER",2016,"2016-07-08",190,190,0,1.85,2.02714285714319,2.20214285714298,2.33700000000002,-0.174999999999792,2440.68,103,13.3820994475138,0
"1430",1494,"NANAIMO RIVER",2016,"2016-07-09",191,191,0,2.05,2.01714285714427,2.14499999999992,2.31933333333339,-0.127857142855646,2442.73,104,13.3820994475138,0
"1431",1495,"NANAIMO RIVER",2016,"2016-07-10",192,192,0,2.05,2.01285714285872,2.10714285714286,2.30200000000041,-0.0942857142841342,2444.78,105,13.3820994475138,0
"1432",1496,"NANAIMO RIVER",2016,"2016-07-11",193,193,0,1.98,2.00285714285772,2.07642857142907,2.2850000000001,-0.0735714285713454,2446.76,106,13.3820994475138,0
"1433",1497,"NANAIMO RIVER",2016,"2016-07-12",194,194,0,2.08,2.0014285714299,2.06285714285748,2.27400000000004,-0.0614285714275735,2448.84,107,13.3820994475138,0
"1434",1498,"NANAIMO RIVER",2016,"2016-07-13",195,195,0,2.14,2.01714285714427,2.05857142857193,2.26966666666655,-0.0414285714276565,2450.98,108,13.3820994475138,0
"1435",1499,"NANAIMO RIVER",2016,"2016-07-14",196,196,0,1.95,2.01428571428655,2.04357142857147,2.25933333333329,-0.0292857142849243,2452.93,109,13.3820994475138,0
"1436",1500,"NANAIMO RIVER",2016,"2016-07-15",197,197,0,1.9,2.02142857142774,2.02428571428546,2.24766666666643,-0.00285714285772487,2454.83,110,13.3820994475138,0
"1437",1501,"NANAIMO RIVER",2016,"2016-07-16",198,198,0,1.83,1.989999999999,2.00357142857164,2.23333333333333,-0.0135714285726343,2456.66,111,13.3820994475138,0
"1438",1502,"NANAIMO RIVER",2016,"2016-07-17",199,199,0,1.83,1.95857142857026,1.98571428571449,2.22166666666647,-0.0271428571442291,2458.49,112,13.3820994475138,0
"1439",1503,"NANAIMO RIVER",2016,"2016-07-18",200,200,0,1.85,1.94000000000025,1.97142857142899,2.20600000000025,-0.0314285714287377,2460.34,113,13.3820994475138,0
"1440",1504,"NANAIMO RIVER",2016,"2016-07-19",201,201,0,2.12,1.94571428571362,1.97357142857176,2.1986666666664,-0.0278571428581407,2462.46,114,13.3820994475138,0
"1441",1505,"NANAIMO RIVER",2016,"2016-07-20",202,202,0,1.98,1.92285714285598,1.97000000000012,2.19333333333295,-0.0471428571441461,2464.44,115,13.3820994475138,0
"1442",1506,"NANAIMO RIVER",2016,"2016-07-21",203,203,0,1.99,1.92857142857143,1.97142857142899,2.18833333333314,-0.0428571428575586,2466.43,116,13.3820994475138,0
"1443",1507,"NANAIMO RIVER",2016,"2016-07-22",204,204,0,2.06,1.95142857142907,1.98642857142841,2.18433333333329,-0.0349999999993347,2468.49,117,13.3820994475138,0
"1444",1508,"NANAIMO RIVER",2016,"2016-07-23",205,205,0,1.99,1.97428571428671,1.98214285714286,2.13100000000025,-0.00785714285614514,2470.48,118,13.3820994475138,0
"1445",1509,"NANAIMO RIVER",2016,"2016-07-24",206,206,0,1.95,1.9914285714289,1.97499999999958,2.08600000000006,0.0164285714293197,2472.43,119,13.3820994475138,0
"1446",1510,"NANAIMO RIVER",2016,"2016-07-25",207,207,0,1.86,1.99285714285673,1.96642857142849,2.05299999999988,0.0264285714282386,2474.29,120,13.3820994475138,0
"1447",1511,"NANAIMO RIVER",2016,"2016-07-26",208,208,0,1.85,1.9542857142868,1.95000000000021,2.02866666666669,0.00428571428658753,2476.14,121,13.3820994475138,0
"1448",1512,"NANAIMO RIVER",2016,"2016-07-27",209,209,0,1.83,1.93285714285698,1.92785714285648,2.00933333333329,0.00500000000049883,2477.97,122,13.3820994475138,0
"1449",1513,"NANAIMO RIVER",2016,"2016-07-28",210,210,0,1.82,1.90857142857151,1.91857142857147,1.99433333333339,-0.00999999999995849,2479.79,123,13.3820994475138,0
"1450",1514,"NANAIMO RIVER",2016,"2016-07-29",211,211,0,1.79,1.8699999999995,1.91071428571429,1.98066666666661,-0.0407142857147846,2481.58,124,13.3820994475138,0
"1451",1515,"NANAIMO RIVER",2016,"2016-07-30",212,212,0,1.77,1.83857142857076,1.90642857142874,1.96766666666663,-0.0678571428579744,2483.35,125,13.3820994475138,0
"1452",1516,"NANAIMO RIVER",2016,"2016-07-31",213,213,0,1.76,1.81142857142757,1.90142857142824,1.95399999999984,-0.0900000000006653,2485.11,126,13.3820994475138,0
"1453",1517,"NANAIMO RIVER",2016,"2016-08-01",214,214,0,1.76,1.79714285714311,1.89499999999992,1.94200000000031,-0.0978571428568102,2486.87,127,13.3820994475138,0
"1454",1518,"NANAIMO RIVER",2016,"2016-08-02",215,215,0,1.86,1.79857142857093,1.87642857142886,1.93466666666694,-0.0778571428579329,2488.73,128,13.3820994475138,0
"1455",1519,"NANAIMO RIVER",2016,"2016-08-03",216,216,0,1.86,1.80285714285856,1.86785714285777,1.92833333333353,-0.0649999999992101,2490.59,129,13.3820994475138,0
"1456",1520,"NANAIMO RIVER",2016,"2016-08-04",217,217,0,1.73,1.78999999999983,1.84928571428567,1.91633333333351,-0.059285714285839,2492.32,130,13.3820994475138,0
"1457",1521,"NANAIMO RIVER",2016,"2016-08-05",218,218,0,1.69,1.77571428571537,1.82285714285743,1.90500000000029,-0.0471428571420671,2494.01,131,13.3820994475138,0
"1458",1522,"NANAIMO RIVER",2016,"2016-08-06",219,219,0,1.74,1.77142857142982,1.80500000000029,1.89733333333376,-0.0335714285704722,2495.75,132,13.3820994475138,0
"1459",1523,"NANAIMO RIVER",2016,"2016-08-07",220,220,0,1.75,1.770000000002,1.79071428571478,1.89400000000023,-0.0207142857127889,2497.5,133,13.3820994475138,0
"1460",1524,"NANAIMO RIVER",2016,"2016-08-08",221,221,0,1.85,1.78285714285656,1.78999999999983,1.88733333333318,-0.00714285714327301,2499.35,134,13.3820994475138,0
"1461",1525,"NANAIMO RIVER",2016,"2016-08-09",222,222,0,1.78,1.77142857142774,1.78499999999933,1.87833333333304,-0.0135714285715949,2501.13,135,13.3820994475138,0
"1462",1526,"NANAIMO RIVER",2016,"2016-08-10",223,223,0,1.78,1.75999999999892,1.78142857142874,1.87166666666647,-0.0214285714298186,2502.91,136,13.3820994475138,0
"1463",1527,"NANAIMO RIVER",2016,"2016-08-11",224,224,0,1.78,1.76714285714219,1.77857142857101,1.86166666666638,-0.0114285714288209,2504.69,137,13.3820994475138,0
"1464",1528,"NANAIMO RIVER",2016,"2016-08-12",225,225,0,1.7,1.76857142857209,1.77214285714373,1.84700000000012,-0.00357142857163661,2506.39,138,13.3820994475138,0
"1465",1529,"NANAIMO RIVER",2016,"2016-08-13",226,226,0,1.64,1.75428571428555,1.76285714285768,1.83666666666686,-0.00857142857213544,2508.03,139,13.3820994475138,0
"1466",1530,"NANAIMO RIVER",2016,"2016-08-14",227,227,0,1.62,1.73571428571345,1.75285714285772,1.82733333333357,-0.0171428571442707,2509.65,140,13.3820994475138,0
"1467",1531,"NANAIMO RIVER",2016,"2016-08-15",228,228,0,1.6,1.70000000000125,1.7414285714289,1.81966666666704,-0.0414285714276565,2511.25,141,13.3820994475138,0
"1468",1532,"NANAIMO RIVER",2016,"2016-08-16",229,229,0,1.57,1.67000000000033,1.72071428571404,1.81100000000006,-0.0507142857137037,2512.82,142,13.3820994475138,0
"1469",1533,"NANAIMO RIVER",2016,"2016-08-17",230,230,0,1.55,1.63714285714377,1.69857142857135,1.80099999999996,-0.0614285714275735,2514.37,143,13.3820994475138,0
"1470",1534,"NANAIMO RIVER",2016,"2016-08-18",231,231,0,1.51,1.59857142857176,1.68285714285698,1.78066666666661,-0.0842857142852154,2515.88,144,13.3820994475138,0
"1471",1535,"NANAIMO RIVER",2016,"2016-08-19",232,232,0,1.47,1.56571428571312,1.66714285714261,1.76366666666678,-0.101428571429486,2517.35,145,13.3820994475138,0
"1472",1536,"NANAIMO RIVER",2016,"2016-08-20",233,233,0,1.44,1.53714285714211,1.64571428571383,1.74533333333335,-0.108571428571719,2518.79,146,13.3820994475138,0
"1473",1537,"NANAIMO RIVER",2016,"2016-08-21",234,234,0,1.48,1.51714285714219,1.62642857142782,1.72599999999996,-0.109285714285631,2520.27,147,13.3820994475138,0
"1474",1538,"NANAIMO RIVER",2016,"2016-08-22",235,235,0,1.61,1.51857142857001,1.60928571428563,1.71333333333314,-0.0907142857156162,2521.88,148,13.3820994475138,0
"1475",1539,"NANAIMO RIVER",2016,"2016-08-23",236,236,0,1.64,1.52857142857101,1.59928571428567,1.70299999999988,-0.0707142857146599,2523.52,149,13.3820994475138,0
"1476",1540,"NANAIMO RIVER",2016,"2016-08-24",237,237,0,1.56,1.52999999999884,1.5835714285713,1.69299999999979,-0.053571428572468,2525.08,150,13.3820994475138,0
"1477",1541,"NANAIMO RIVER",2016,"2016-08-25",238,238,0,1.48,1.52571428571537,1.56214285714356,1.68066666666661,-0.0364285714281973,2526.56,151,13.3820994475138,0
"1478",1542,"NANAIMO RIVER",2016,"2016-08-26",239,239,0,1.42,1.51857142857209,1.54214285714261,1.66700000000031,-0.023571428570514,2527.98,152,13.3820994475138,0
"1479",1543,"NANAIMO RIVER",2016,"2016-08-27",240,240,0,1.4,1.51285714285664,1.52499999999938,1.65299999999988,-0.0121428571427324,2529.38,153,13.3820994475138,0
"1480",1544,"NANAIMO RIVER",2016,"2016-08-28",241,241,0,1.47,1.51142857142882,1.51428571428551,1.64233333333347,-0.00285714285668548,2530.85,154,13.3820994475138,0
"1481",1545,"NANAIMO RIVER",2016,"2016-08-29",242,242,0,1.46,1.49000000000108,1.50428571428555,1.63200000000021,-0.014285714284467,2532.31,155,13.3820994475138,0
"1482",1546,"NANAIMO RIVER",2016,"2016-08-30",243,243,0,1.37,1.45142857142907,1.49000000000004,1.61900000000023,-0.0385714285709711,2533.68,156,13.3820994475138,0
"1483",1547,"NANAIMO RIVER",2016,"2016-08-31",244,244,0,1.34,1.42000000000033,1.47499999999958,1.60499999999981,-0.0549999999992516,2535.02,157,13.3820994475138,0
"1484",1548,"NANAIMO RIVER",2016,"2016-09-01",245,245,0,1.57,1.43285714285698,1.47928571428617,1.59533333333335,-0.0464285714291952,2536.59,158,13.3820994475138,0
"1485",1549,"NANAIMO RIVER",2016,"2016-09-02",246,246,0,2.13,1.53428571428438,1.52642857142824,1.604333333333,0.00785714285614492,2538.72,159,13.3820994475138,0
"1486",1550,"NANAIMO RIVER",2016,"2016-09-03",247,247,0,1.87,1.60142857142949,1.55714285714306,1.60900000000014,0.044285714286421,2540.59,160,13.3820994475138,0
"1487",1551,"NANAIMO RIVER",2016,"2016-09-04",248,248,0,1.7,1.63428571428605,1.57285714285743,1.60933333333329,0.0614285714286131,2542.29,161,13.3820994475138,0
"1488",1552,"NANAIMO RIVER",2016,"2016-09-05",249,249,0,1.59,1.65285714285606,1.57142857142857,1.604333333333,0.0814285714274905,2543.88,162,13.3820994475138,0
"1489",1553,"NANAIMO RIVER",2016,"2016-09-06",250,250,1,1.56,1.67999999999925,1.56571428571416,1.59799999999959,0.114285714285091,2545.44,163,13.3820994475138,0
"1490",1554,"NANAIMO RIVER",2017,"2017-01-01",1,1,0,6.99,7.62285714285723,7.92714285714257,10.1713333333333,-0.304285714285339,6.99,NA,16.6157458563536,0
"1491",1555,"NANAIMO RIVER",2017,"2017-01-02",2,2,0,6.59,7.53999999999983,7.82142857142857,9.64766666666643,-0.281428571428737,13.58,NA,16.6157458563536,0
"1492",1556,"NANAIMO RIVER",2017,"2017-01-03",3,3,0,6.31,7.31571428571312,7.61428571428509,9.18133333333293,-0.298571428571969,19.89,NA,16.6157458563536,0
"1493",1557,"NANAIMO RIVER",2017,"2017-01-04",4,4,0,5.93,7.08857142857076,7.39285714285714,8.7756666666668,-0.30428571428638,25.82,NA,16.6157458563536,0
"1494",1558,"NANAIMO RIVER",2017,"2017-01-05",5,5,0,5.72,6.76857142857209,7.21000000000017,8.41966666666655,-0.441428571428072,31.54,NA,16.6157458563536,0
"1495",1559,"NANAIMO RIVER",2017,"2017-01-06",6,6,0,5.46,6.35428571428513,7.02071428571383,8.12166666666647,-0.666428571428696,37,NA,16.6157458563536,0
"1496",1560,"NANAIMO RIVER",2017,"2017-01-07",7,7,0,5.33,6.04714285714311,6.85214285714236,7.88266666666653,-0.804999999999252,42.33,NA,16.6157458563536,0
"1497",1561,"NANAIMO RIVER",2017,"2017-01-08",8,8,0,5.18,5.78857142857201,6.70571428571462,7.67533333333364,-0.917142857142608,47.51,NA,16.6157458563536,0
"1498",1562,"NANAIMO RIVER",2017,"2017-01-09",9,9,0,5.4,5.61857142857376,6.5792857142868,7.50200000000041,-0.960714285713038,52.91,NA,16.6157458563536,0
"1499",1563,"NANAIMO RIVER",2017,"2017-01-10",10,10,0,5.3,5.47428571428671,6.39499999999992,7.33200000000021,-0.920714285713204,58.21,NA,16.6157458563536,0
"1500",1564,"NANAIMO RIVER",2017,"2017-01-11",11,11,0,5.12,5.35857142857068,6.22357142857072,7.15266666666672,-0.865000000000042,63.33,NA,16.6157458563536,0
"1501",1565,"NANAIMO RIVER",2017,"2017-01-12",12,12,0,4.99,5.25428571428347,6.01142857142778,6.99533333333287,-0.757142857144312,68.32,NA,16.6157458563536,0
"1502",1566,"NANAIMO RIVER",2017,"2017-01-13",13,13,0,4.78,5.15714285714161,5.75571428571337,6.85733333333289,-0.598571428571762,73.1,NA,16.6157458563536,0
"1503",1567,"NANAIMO RIVER",2017,"2017-01-14",14,14,0,4.6,5.05285714285648,5.54999999999979,6.74066666666622,-0.497142857143315,77.7,NA,16.6157458563536,0
"1504",1568,"NANAIMO RIVER",2017,"2017-01-15",15,15,0,4.45,4.94857142857135,5.36857142857168,6.64600000000016,-0.420000000000332,82.15,NA,16.6157458563536,0
"1505",1569,"NANAIMO RIVER",2017,"2017-01-16",16,16,0,4.45,4.81285714285332,5.21571428571354,6.56733333333298,-0.40285714286022,86.6,NA,16.6157458563536,0
"1506",1570,"NANAIMO RIVER",2017,"2017-01-17",17,17,0,17.2,6.51285714285664,5.99357142857168,6.92633333333312,0.519285714284966,103.8,0,16.6157458563536,0
"1507",1571,"NANAIMO RIVER",2017,"2017-01-18",18,18,0,78.5,16.9957142857145,11.1771428571426,9.27400000000004,5.81857142857189,182.3,0,16.6157458563536,0
"1508",1572,"NANAIMO RIVER",2017,"2017-01-19",19,19,0,61.5,25.0685714285729,15.1614285714282,11.0169999999998,9.90714285714473,243.8,0,16.6157458563536,0
"1509",1573,"NANAIMO RIVER",2017,"2017-01-20",20,20,0,47.6,31.1857142857168,18.1714285714292,12.3026666666667,13.0142857142876,291.4,0,16.6157458563536,0
"1510",1574,"NANAIMO RIVER",2017,"2017-01-21",21,21,0,35.9,35.6571428571437,20.3550000000001,13.2233333333332,15.3021428571436,327.3,0,16.6157458563536,0
"1511",1575,"NANAIMO RIVER",2017,"2017-01-22",22,22,0,27.1,38.8928571428571,21.9207142857142,13.8563333333334,16.9721428571429,354.4,0,16.6157458563536,0
"1512",1576,"NANAIMO RIVER",2017,"2017-01-23",23,23,0,21.3,41.3000000000008,23.0564285714271,14.3099999999996,18.2435714285738,375.7,0,16.6157458563536,0
"1513",1577,"NANAIMO RIVER",2017,"2017-01-24",24,24,0,17.1,41.2857142857143,23.8992857142855,14.6389999999999,17.3864285714288,392.8,0,16.6157458563536,0
"1514",1578,"NANAIMO RIVER",2017,"2017-01-25",25,25,0,14.5,32.1428571428571,24.5692857142858,14.8833333333333,7.57357142857135,407.3,0,16.6157458563536,0
"1515",1579,"NANAIMO RIVER",2017,"2017-01-26",26,26,0,12.4,25.1285714285706,25.0985714285718,15.0339999999997,0.0299999999988358,419.7,1,16.6157458563536,0
"1516",1580,"NANAIMO RIVER",2017,"2017-01-27",27,27,0,11,19.8999999999983,25.5428571428576,15.1499999999995,-5.64285714285922,430.7,2,16.6157458563536,0
"1517",1581,"NANAIMO RIVER",2017,"2017-01-28",28,28,0,9.89,16.1842857142869,25.9207142857153,15.2143333333336,-9.73642857142841,440.59,3,16.6157458563536,0
"1518",1582,"NANAIMO RIVER",2017,"2017-01-29",29,29,0,9.44,13.6614285714292,26.2771428571432,15.2503333333336,-12.615714285714,450.03,4,16.6157458563536,0
"1519",1583,"NANAIMO RIVER",2017,"2017-01-30",30,30,0,10.2,12.0757142857141,26.6878571428575,15.3409999999999,-14.6121428571434,460.23,5,16.6157458563536,0
"1520",1584,"NANAIMO RIVER",2017,"2017-01-31",31,31,0,9.43,10.9800000000022,26.1328571428582,15.4223333333338,-15.1528571428561,469.66,6,16.6157458563536,0
"1521",1585,"NANAIMO RIVER",2017,"2017-02-01",32,32,0,8.81,10.1671428571447,21.1550000000009,15.4963333333338,-10.9878571428562,478.47,7,16.6157458563536,0
"1522",1586,"NANAIMO RIVER",2017,"2017-02-02",33,33,0,8.11,9.55428571428638,17.3414285714285,15.5563333333334,-7.78714285714211,486.58,8,16.6157458563536,0
"1523",1587,"NANAIMO RIVER",2017,"2017-02-03",34,34,0,7.58,9.06571428571728,14.4828571428578,15.6113333333337,-5.41714285714053,494.16,9,16.6157458563536,0
"1524",1588,"NANAIMO RIVER",2017,"2017-02-04",35,35,0,7.96,8.78999999999983,12.4871428571434,15.6860000000001,-3.69714285714352,502.12,10,16.6157458563536,0
"1525",1589,"NANAIMO RIVER",2017,"2017-02-05",36,36,0,7.58,8.52428571428339,11.0928571428563,15.7566666666666,-2.56857142857293,509.7,11,16.6157458563536,0
"1526",1590,"NANAIMO RIVER",2017,"2017-02-06",37,37,0,7.12,8.08428571428522,10.0799999999997,15.816333333333,-1.99571428571445,516.82,12,16.6157458563536,0
"1527",1591,"NANAIMO RIVER",2017,"2017-02-07",38,38,0,6.79,7.70714285714036,9.34357142857126,15.8699999999997,-1.6364285714309,523.61,13,16.6157458563536,0
"1528",1592,"NANAIMO RIVER",2017,"2017-02-08",39,39,0,6.47,7.37285714285515,8.76999999999992,15.9056666666661,-1.39714285714477,530.08,14,16.6157458563536,0
"1529",1593,"NANAIMO RIVER",2017,"2017-02-09",40,40,0,7.75,7.32142857142857,8.43785714285748,15.9873333333332,-1.11642857142891,537.83,15,16.6157458563536,0
"1530",1594,"NANAIMO RIVER",2017,"2017-02-10",41,41,0,19.9,9.08142857142541,9.07357142857134,16.4799999999998,0.00785714285406591,557.73,0,16.6157458563536,0
"1531",1595,"NANAIMO RIVER",2017,"2017-02-11",42,42,0,22.2,11.115714285714,9.95285714285689,17.0536666666672,1.16285714285706,579.93,0,16.6157458563536,0
"1532",1596,"NANAIMO RIVER",2017,"2017-02-12",43,43,0,18.7,12.7042857142889,10.6142857142861,17.5176666666676,2.09000000000274,598.63,0,16.6157458563536,0
"1533",1597,"NANAIMO RIVER",2017,"2017-02-13",44,44,0,16.8,14.087142857145,11.0857142857151,17.9243333333337,3.0014285714299,615.43,0,16.6157458563536,0
"1534",1598,"NANAIMO RIVER",2017,"2017-02-14",45,45,0,15.8,15.374285714285,11.5407142857127,18.3026666666662,3.83357142857234,631.23,0,16.6157458563536,0
"1535",1599,"NANAIMO RIVER",2017,"2017-02-15",46,46,0,67.9,24.1500000000025,15.7614285714288,20.4176666666676,8.38857142857367,699.13,0,16.6157458563536,0
"1536",1600,"NANAIMO RIVER",2017,"2017-02-16",47,47,0,121,40.3285714285739,23.8250000000012,23.8776666666672,16.5035714285727,820.13,0,16.6157458563536,0
"1537",1601,"NANAIMO RIVER",2017,"2017-02-17",48,48,0,85.4,49.6857142857168,29.3835714285711,24.107666666667,20.3021428571457,905.53,0,16.6157458563536,0
"1538",1602,"NANAIMO RIVER",2017,"2017-02-18",49,49,0,56.4,54.5714285714286,32.8435714285713,23.9376666666668,21.7278571428573,961.93,0,16.6157458563536,0
"1539",1603,"NANAIMO RIVER",2017,"2017-02-19",50,50,0,40.5,57.6857142857126,35.1950000000007,23.701,22.4907142857119,1002.43,0,16.6157458563536,0
"1540",1604,"NANAIMO RIVER",2017,"2017-02-20",51,51,0,31.4,59.7714285714277,36.9292857142864,23.551,22.8421428571414,1033.83,0,16.6157458563536,0
"1541",1605,"NANAIMO RIVER",2017,"2017-02-21",52,52,0,24.2,60.9714285714311,38.1728571428581,23.4543333333335,22.798571428573,1058.03,0,16.6157458563536,0
"1542",1606,"NANAIMO RIVER",2017,"2017-02-22",53,53,0,19.5,54.057142857142,39.1035714285723,23.3943333333339,14.9535714285698,1077.53,0,16.6157458563536,0
"1543",1607,"NANAIMO RIVER",2017,"2017-02-23",54,54,0,16.2,39.085714285711,39.7071428571424,23.3643333333331,-0.621428571431487,1093.73,0,16.6157458563536,0
"1544",1608,"NANAIMO RIVER",2017,"2017-02-24",55,55,0,14,28.8857142857118,39.2857142857143,23.3476666666664,-10.4000000000025,1107.73,0,16.6157458563536,0
"1545",1609,"NANAIMO RIVER",2017,"2017-02-25",56,56,0,12.2,22.5714285714286,38.5714285714286,23.3410000000003,-16,1119.93,1,16.6157458563536,0
"1546",1610,"NANAIMO RIVER",2017,"2017-02-26",57,57,0,11.6,18.442857142858,38.0642857142853,23.3610000000005,-19.6214285714273,1131.53,2,16.6157458563536,0
"1547",1611,"NANAIMO RIVER",2017,"2017-02-27",58,58,0,10.7,15.4857142857135,37.6285714285706,23.3879999999995,-22.1428571428571,1142.23,3,16.6157458563536,0
"1548",1612,"NANAIMO RIVER",2017,"2017-02-28",59,59,0,9.76,13.422857142856,37.1971428571435,23.3986666666664,-23.7742857142875,1151.99,4,16.6157458563536,0
"1549",1613,"NANAIMO RIVER",2017,"2017-03-01",60,60,0,9.22,11.9542857142847,33.0057142857134,23.3660000000003,-21.0514285714287,1161.21,5,16.6157458563536,0
"1550",1614,"NANAIMO RIVER",2017,"2017-03-02",61,61,0,8.73,10.8871428571459,24.9864285714284,23.3426666666666,-14.0992857142826,1169.94,6,16.6157458563536,0
"1551",1615,"NANAIMO RIVER",2017,"2017-03-03",62,62,0,10.8,10.4300000000013,19.6578571428566,23.4089999999997,-9.22785714285523,1180.74,7,16.6157458563536,0
"1552",1616,"NANAIMO RIVER",2017,"2017-03-04",63,63,0,10.4,10.172857142856,16.3721428571423,23.4853333333333,-6.1992857142863,1191.14,8,16.6157458563536,0
"1553",1617,"NANAIMO RIVER",2017,"2017-03-05",64,64,0,9.45,9.86571428571395,14.154285714286,23.5476666666664,-4.28857142857201,1200.59,9,16.6157458563536,0
"1554",1618,"NANAIMO RIVER",2017,"2017-03-06",65,65,0,9.02,9.62571428571495,12.5557142857142,23.5829999999997,-2.92999999999925,1209.61,10,16.6157458563536,0
"1555",1619,"NANAIMO RIVER",2017,"2017-03-07",66,66,0,8.47,9.44142857142807,11.432142857142,23.6126666666668,-1.99071428571395,1218.08,11,16.6157458563536,0
"1556",1620,"NANAIMO RIVER",2017,"2017-03-08",67,67,0,8.13,9.28571428571429,10.6199999999995,23.6463333333338,-1.33428571428522,1226.21,12,16.6157458563536,0
"1557",1621,"NANAIMO RIVER",2017,"2017-03-09",68,68,0,7.75,9.14571428571279,10.0164285714293,23.6783333333335,-0.870714285716531,1233.96,13,16.6157458563536,0
"1558",1622,"NANAIMO RIVER",2017,"2017-03-10",69,69,0,7.95,8.73857142857326,9.58428571428729,23.7276666666672,-0.845714285714037,1241.91,14,16.6157458563536,0
"1559",1623,"NANAIMO RIVER",2017,"2017-03-11",70,70,0,8.96,8.53285714285864,9.35285714285731,23.7680000000003,-0.819999999998668,1250.87,15,16.6157458563536,0
"1560",1624,"NANAIMO RIVER",2017,"2017-03-12",71,71,0,12.3,8.93999999999817,9.40285714285606,23.5146666666667,-0.462857142857892,1263.17,16,16.6157458563536,0
"1561",1625,"NANAIMO RIVER",2017,"2017-03-13",72,72,0,16.1,9.95142857142907,9.78857142857201,23.3113333333332,0.16285714285706,1279.27,0,16.6157458563536,0
"1562",1626,"NANAIMO RIVER",2017,"2017-03-14",73,73,0,22.5,11.9557142857146,10.6985714285713,23.4379999999995,1.25714285714327,1301.77,0,16.6157458563536,0
"1563",1627,"NANAIMO RIVER",2017,"2017-03-15",74,74,0,28.8,14.9085714285694,12.0971428571419,23.8379999999995,2.81142857142757,1330.57,0,16.6157458563536,0
"1564",1628,"NANAIMO RIVER",2017,"2017-03-16",75,75,0,28.2,17.8299999999997,13.4878571428562,24.2513333333336,4.34214285714344,1358.77,0,16.6157458563536,0
"1565",1629,"NANAIMO RIVER",2017,"2017-03-17",76,76,0,25.2,20.2942857142854,14.5164285714293,22.8279999999999,5.77785714285606,1383.97,0,16.6157458563536,0
"1566",1630,"NANAIMO RIVER",2017,"2017-03-18",77,77,0,22.9,22.2857142857143,15.4092857142865,19.5579999999997,6.87642857142782,1406.87,0,16.6157458563536,0
"1567",1631,"NANAIMO RIVER",2017,"2017-03-19",78,78,0,19.1,23.2571428571454,16.0985714285718,17.3480000000001,7.15857142857359,1425.97,0,16.6157458563536,0
"1568",1632,"NANAIMO RIVER",2017,"2017-03-20",79,79,0,15.9,23.2285714285723,16.5900000000007,15.9980000000001,6.63857142857159,1441.87,0,16.6157458563536,0
"1569",1633,"NANAIMO RIVER",2017,"2017-03-21",80,80,0,14.3,22.057142857142,17.0064285714283,15.1246666666664,5.0507142857137,1456.17,0,16.6157458563536,0
"1570",1634,"NANAIMO RIVER",2017,"2017-03-22",81,81,0,16.7,20.3285714285739,17.6185714285717,14.6346666666669,2.71000000000225,1472.87,0,16.6157458563536,0
"1571",1635,"NANAIMO RIVER",2017,"2017-03-23",82,82,0,22.4,19.5,18.6649999999998,14.5746666666664,0.835000000000168,1495.27,0,16.6157458563536,0
"1572",1636,"NANAIMO RIVER",2017,"2017-03-24",83,83,0,23.7,19.2857142857143,19.7899999999998,14.7146666666667,-0.504285714285547,1518.97,0,16.6157458563536,0
"1573",1637,"NANAIMO RIVER",2017,"2017-03-25",84,84,0,28.8,20.1285714285706,21.2071428571424,15.1346666666669,-1.07857142857184,1547.77,0,16.6157458563536,0
"1574",1638,"NANAIMO RIVER",2017,"2017-03-26",85,85,0,24.3,20.8714285714252,22.0642857142853,15.4779999999999,-1.19285714286005,1572.07,0,16.6157458563536,0
"1575",1639,"NANAIMO RIVER",2017,"2017-03-27",86,86,0,21.6,21.6857142857126,22.4571428571424,15.791333333333,-0.771428571429816,1593.67,0,16.6157458563536,0
"1576",1640,"NANAIMO RIVER",2017,"2017-03-28",87,87,0,22.5,22.8571428571429,22.4571428571424,16.1546666666662,0.400000000000418,1616.17,0,16.6157458563536,0
"1577",1641,"NANAIMO RIVER",2017,"2017-03-29",88,88,0,35.1,25.4857142857135,22.9071428571437,16.9680000000003,2.57857142856976,1651.27,0,16.6157458563536,0
"1578",1642,"NANAIMO RIVER",2017,"2017-03-30",89,89,0,34.9,27.2714285714277,23.3857142857139,17.8059999999998,3.88571428571387,1686.17,0,16.6157458563536,0
"1579",1643,"NANAIMO RIVER",2017,"2017-03-31",90,90,0,28.2,27.9142857142849,23.5999999999996,18.4386666666668,4.3142857142853,1714.37,0,16.6157458563536,0
"1580",1644,"NANAIMO RIVER",2017,"2017-04-01",91,91,0,25.2,27.3999999999983,23.7642857142845,18.9876666666659,3.63571428571387,1739.57,0,16.6157458563536,0
"1581",1645,"NANAIMO RIVER",2017,"2017-04-02",92,92,0,22.4,27.1285714285748,24,19.3743333333337,3.12857142857476,1761.97,0,16.6157458563536,0
"1582",1646,"NANAIMO RIVER",2017,"2017-04-03",93,93,0,18.9,26.7428571428588,24.2142857142857,19.657666666667,2.52857142857309,1780.87,0,16.6157458563536,0
"1583",1647,"NANAIMO RIVER",2017,"2017-04-04",94,94,0,16.4,25.8714285714294,24.3642857142861,19.8893333333331,1.50714285714327,1797.27,0,16.6157458563536,0
"1584",1648,"NANAIMO RIVER",2017,"2017-04-05",95,95,0,28.1,24.8714285714294,25.1785714285714,20.5253333333336,-0.307142857142026,1825.37,0,16.6157458563536,0
"1585",1649,"NANAIMO RIVER",2017,"2017-04-06",96,96,0,28.4,23.942857142858,25.6071428571429,21.1896666666667,-1.66428571428488,1853.77,0,16.6157458563536,0
"1586",1650,"NANAIMO RIVER",2017,"2017-04-07",97,97,0,31.9,24.4714285714269,26.1928571428559,21.9819999999997,-1.72142857142899,1885.67,0,16.6157458563536,0
"1587",1651,"NANAIMO RIVER",2017,"2017-04-08",98,98,0,40.7,26.6857142857168,27.0428571428576,23.0803333333334,-0.357142857140779,1926.37,0,16.6157458563536,0
"1588",1652,"NANAIMO RIVER",2017,"2017-04-09",99,99,0,33.1,28.2142857142857,27.6714285714302,23.9186666666666,0.542857142855482,1959.47,0,16.6157458563536,0
"1589",1653,"NANAIMO RIVER",2017,"2017-04-10",100,100,0,26.8,29.3428571428563,28.0428571428576,24.5133333333331,1.29999999999875,1986.27,0,16.6157458563536,0
"1590",1654,"NANAIMO RIVER",2017,"2017-04-11",101,101,0,22.1,30.1571428571437,28.0142857142865,24.8400000000004,2.14285714285714,2008.37,0,16.6157458563536,0
"1591",1655,"NANAIMO RIVER",2017,"2017-04-12",102,102,0,19.6,28.942857142858,26.9071428571437,24.9566666666671,2.03571428571428,2027.97,0,16.6157458563536,0
"1592",1656,"NANAIMO RIVER",2017,"2017-04-13",103,103,0,20.2,27.7714285714277,25.8571428571429,24.8799999999998,1.91428571428488,2048.17,0,16.6157458563536,0
"1593",1657,"NANAIMO RIVER",2017,"2017-04-14",104,104,0,18.6,25.8714285714294,25.1714285714282,24.5400000000004,0.700000000001246,2066.77,0,16.6157458563536,0
"1594",1658,"NANAIMO RIVER",2017,"2017-04-15",105,105,0,16.8,22.4571428571404,24.5714285714286,24.1599999999996,-2.11428571428821,2083.57,0,16.6157458563536,0
"1595",1659,"NANAIMO RIVER",2017,"2017-04-16",106,106,0,15,19.8714285714252,24.0428571428555,23.8199999999992,-4.17142857143023,2098.57,0,16.6157458563536,0
"1596",1660,"NANAIMO RIVER",2017,"2017-04-17",107,107,0,14.1,18.057142857142,23.6999999999992,23.5266666666663,-5.64285714285714,2112.67,0,16.6157458563536,0
"1597",1661,"NANAIMO RIVER",2017,"2017-04-18",108,108,0,16.2,17.2142857142857,23.6857142857147,23.4299999999998,-6.47142857142899,2128.87,0,16.6157458563536,0
"1598",1662,"NANAIMO RIVER",2017,"2017-04-19",109,109,0,23.4,17.7571428571412,23.3499999999996,23.6799999999998,-5.59285714285839,2152.27,0,16.6157458563536,0
"1599",1663,"NANAIMO RIVER",2017,"2017-04-20",110,110,0,29.9,19.1428571428571,23.4571428571424,24.2,-4.3142857142853,2182.17,0,16.6157458563536,0
"1600",1664,"NANAIMO RIVER",2017,"2017-04-21",111,111,0,27.3,20.3857142857159,23.1285714285727,24.5533333333335,-2.74285714285673,2209.47,0,16.6157458563536,0
"1601",1665,"NANAIMO RIVER",2017,"2017-04-22",112,112,0,24.7,21.5142857142865,21.9857142857135,24.6299999999998,-0.471428571426905,2234.17,0,16.6157458563536,0
"1602",1666,"NANAIMO RIVER",2017,"2017-04-23",113,113,0,27.2,23.2571428571454,21.5642857142853,24.7466666666665,1.69285714286005,2261.37,0,16.6157458563536,0
"1603",1667,"NANAIMO RIVER",2017,"2017-04-24",114,114,0,25.6,24.9000000000025,21.4785714285723,24.6400000000004,3.42142857143024,2286.97,0,16.6157458563536,0
"1604",1668,"NANAIMO RIVER",2017,"2017-04-25",115,115,0,22,25.7285714285723,21.471428571429,24.5633333333341,4.25714285714327,2308.97,0,16.6157458563536,0
"1605",1669,"NANAIMO RIVER",2017,"2017-04-26",116,116,0,20.1,25.2571428571412,21.5071428571412,24.5133333333331,3.75,2329.07,0,16.6157458563536,0
"1606",1670,"NANAIMO RIVER",2017,"2017-04-27",117,117,0,18.6,23.6428571428571,21.3928571428571,24.3833333333333,2.25,2347.67,0,16.6157458563536,0
"1607",1671,"NANAIMO RIVER",2017,"2017-04-28",118,118,0,16.8,22.1428571428571,21.2642857142865,23.7733333333337,0.878571428570595,2364.47,0,16.6157458563536,0
"1608",1672,"NANAIMO RIVER",2017,"2017-04-29",119,119,0,15,20.7571428571454,21.1357142857159,23.1100000000006,-0.378571428570599,2379.47,0,16.6157458563536,0
"1609",1673,"NANAIMO RIVER",2017,"2017-04-30",120,120,0,13.8,18.8428571428563,21.0500000000008,22.6299999999998,-2.20714285714452,2393.27,1,16.6157458563536,0
"1610",1674,"NANAIMO RIVER",2017,"2017-05-01",121,121,0,12.7,17,20.9500000000012,22.2133333333341,-3.95000000000125,2405.97,2,16.6157458563536,0
"1611",1675,"NANAIMO RIVER",2017,"2017-05-02",122,122,0,12,15.5714285714286,20.6500000000004,21.8666666666667,-5.07857142857184,2417.97,3,16.6157458563536,0
"1612",1676,"NANAIMO RIVER",2017,"2017-05-03",123,123,0,13.2,14.5857142857151,19.9214285714282,21.6766666666663,-5.33571428571304,2431.17,4,16.6157458563536,0
"1613",1677,"NANAIMO RIVER",2017,"2017-05-04",124,124,0,17.9,14.4857142857135,19.0642857142853,21.7266666666663,-4.57857142857184,2449.07,0,16.6157458563536,0
"1614",1678,"NANAIMO RIVER",2017,"2017-05-05",125,125,0,21.6,15.1714285714261,18.6571428571416,21.5099999999996,-3.48571428571553,2470.67,0,16.6157458563536,0
"1615",1679,"NANAIMO RIVER",2017,"2017-05-06",126,126,0,20.5,15.9571428571404,18.3571428571429,21.2466666666665,-2.40000000000249,2491.17,0,16.6157458563536,0
"1616",1680,"NANAIMO RIVER",2017,"2017-05-07",127,127,0,17.8,16.5285714285731,17.6857142857147,20.7766666666672,-1.15714285714161,2508.97,0,16.6157458563536,0
"1617",1681,"NANAIMO RIVER",2017,"2017-05-08",128,128,0,15.6,16.9428571428538,16.9714285714269,19.9399999999994,-0.0285714285730911,2524.57,0,16.6157458563536,0
"1618",1682,"NANAIMO RIVER",2017,"2017-05-09",129,129,0,13.8,17.1999999999992,16.3857142857139,19.2966666666665,0.814285714285298,2538.37,1,16.6157458563536,0
"1619",1683,"NANAIMO RIVER",2017,"2017-05-10",130,130,0,12.9,17.1571428571437,15.8714285714294,18.8333333333333,1.28571428571429,2551.27,2,16.6157458563536,0
"1620",1684,"NANAIMO RIVER",2017,"2017-05-11",131,131,0,14.1,16.6142857142882,15.5500000000008,18.5666666666667,1.06428571428738,2565.37,0,16.6157458563536,0
"1621",1685,"NANAIMO RIVER",2017,"2017-05-12",132,132,0,14.9,15.6571428571437,15.4142857142849,18.4099999999996,0.242857142858805,2580.27,0,16.6157458563536,0
"1622",1686,"NANAIMO RIVER",2017,"2017-05-13",133,133,0,13.9,14.7142857142857,15.335714285713,18.2,-0.621428571427325,2594.17,1,16.6157458563536,0
"1623",1687,"NANAIMO RIVER",2017,"2017-05-14",134,134,0,12.7,13.9857142857135,15.2571428571433,18.0033333333335,-1.27142857142982,2606.87,2,16.6157458563536,0
"1624",1688,"NANAIMO RIVER",2017,"2017-05-15",135,135,0,11.9,13.4571428571445,15.1999999999992,17.8400000000004,-1.74285714285465,2618.77,3,16.6157458563536,0
"1625",1689,"NANAIMO RIVER",2017,"2017-05-16",136,136,0,11.2,13.0857142857151,15.1428571428571,17.7133333333341,-2.05714285714203,2629.97,4,16.6157458563536,0
"1626",1690,"NANAIMO RIVER",2017,"2017-05-17",137,137,0,10.7,12.7714285714277,14.9642857142857,17.6,-2.19285714285797,2640.67,5,16.6157458563536,0
"1627",1691,"NANAIMO RIVER",2017,"2017-05-18",138,138,0,10.4,12.2428571428546,14.4285714285714,17.4066666666661,-2.18571428571678,2651.07,6,16.6157458563536,0
"1628",1692,"NANAIMO RIVER",2017,"2017-05-19",139,139,0,10.5,11.6142857142841,13.6357142857139,16.9766666666663,-2.02142857142982,2661.57,7,16.6157458563536,0
"1629",1693,"NANAIMO RIVER",2017,"2017-05-20",140,140,0,10.7,11.1571428571437,12.9357142857147,16.3366666666669,-1.77857142857101,2672.27,8,16.6157458563536,0
"1630",1694,"NANAIMO RIVER",2017,"2017-05-21",141,141,0,11.4,10.9714285714269,12.4785714285702,15.8066666666661,-1.50714285714327,2683.67,9,16.6157458563536,0
"1631",1695,"NANAIMO RIVER",2017,"2017-05-22",142,142,0,12.2,11.0142857142865,12.2357142857155,15.3900000000004,-1.22142857142899,2695.87,10,16.6157458563536,0
"1632",1696,"NANAIMO RIVER",2017,"2017-05-23",143,143,0,13.3,11.3142857142832,12.1999999999992,14.9266666666663,-0.885714285715949,2709.17,11,16.6157458563536,0
"1633",1697,"NANAIMO RIVER",2017,"2017-05-24",144,144,0,13.6,11.7285714285723,12.25,14.5266666666663,-0.521428571427739,2722.77,12,16.6157458563536,0
"1634",1698,"NANAIMO RIVER",2017,"2017-05-25",145,145,0,12.5,12.0285714285731,12.1357142857139,14.2099999999996,-0.107142857140779,2735.27,13,16.6157458563536,0
"1635",1699,"NANAIMO RIVER",2017,"2017-05-26",146,146,0,12.1,12.2571428571454,11.9357142857147,13.9433333333339,0.321428571430651,2747.37,14,16.6157458563536,0
"1636",1700,"NANAIMO RIVER",2017,"2017-05-27",147,147,0,12.3,12.4857142857135,11.8214285714286,13.7333333333333,0.664285714284883,2759.67,15,16.6157458563536,0
"1637",1701,"NANAIMO RIVER",2017,"2017-05-28",148,148,0,12.6,12.6571428571437,11.8142857142853,13.5933333333329,0.842857142858389,2772.27,16,16.6157458563536,0
"1638",1702,"NANAIMO RIVER",2017,"2017-05-29",149,149,0,13.1,12.7857142857143,11.9000000000004,13.5299999999998,0.88571428571387,2785.37,17,16.6157458563536,0
"1639",1703,"NANAIMO RIVER",2017,"2017-05-30",150,150,0,13.6,12.8285714285739,12.0714285714286,13.5233333333337,0.757142857145352,2798.97,18,16.6157458563536,0
"1640",1704,"NANAIMO RIVER",2017,"2017-05-31",151,151,0,12.4,12.6571428571437,12.192857142858,13.5133333333331,0.464285714285714,2811.37,19,16.6157458563536,0
"1641",1705,"NANAIMO RIVER",2017,"2017-06-01",152,152,0,11.9,12.5714285714286,12.3000000000008,13.5099999999996,0.271428571427739,2823.27,20,16.6157458563536,0
"1642",1706,"NANAIMO RIVER",2017,"2017-06-02",153,153,0,11.2,12.442857142858,12.3500000000017,13.4433333333339,0.0928571428563121,2834.47,21,16.6157458563536,0
"1643",1707,"NANAIMO RIVER",2017,"2017-06-03",154,154,0,10.6,12.1999999999992,12.3428571428563,13.2,-0.142857142857144,2845.07,22,16.6157458563536,0
"1644",1708,"NANAIMO RIVER",2017,"2017-06-04",155,155,0,9.84,11.8057142857163,12.23142857143,12.8080000000007,-0.425714285713704,2854.91,23,16.6157458563536,0
"1645",1709,"NANAIMO RIVER",2017,"2017-06-05",156,156,0,8.91,11.2071428571404,11.9964285714273,12.4216666666665,-0.789285714286962,2863.82,24,16.6157458563536,0
"1646",1710,"NANAIMO RIVER",2017,"2017-06-06",157,157,0,7.64,10.355714285713,11.5921428571434,12.0829999999997,-1.23642857143049,2871.46,25,16.6157458563536,0
"1647",1711,"NANAIMO RIVER",2017,"2017-06-07",158,158,0,6.69,9.53999999999983,11.0985714285718,11.7860000000005,-1.55857142857193,2878.15,26,16.6157458563536,0
"1648",1712,"NANAIMO RIVER",2017,"2017-06-08",159,159,0,6.5,8.76857142857209,10.6700000000003,11.5426666666666,-1.90142857142824,2884.65,27,16.6157458563536,0
"1649",1713,"NANAIMO RIVER",2017,"2017-06-09",160,160,0,5.68,7.979999999998,10.211428571428,11.3019999999999,-2.23142857142998,2890.33,28,16.6157458563536,0
"1650",1714,"NANAIMO RIVER",2017,"2017-06-10",161,161,0,5.7,7.28000000000299,9.74000000000108,11.0220000000001,-2.45999999999809,2896.03,29,16.6157458563536,0
"1651",1715,"NANAIMO RIVER",2017,"2017-06-11",162,162,0,5.72,6.69142857142807,9.24857142857218,10.7160000000003,-2.5571428571441,2901.75,30,16.6157458563536,0
"1652",1716,"NANAIMO RIVER",2017,"2017-06-12",163,163,0,5.76,6.2414285714289,8.72428571428463,10.4446666666666,-2.48285714285573,2907.51,31,16.6157458563536,0
"1653",1717,"NANAIMO RIVER",2017,"2017-06-13",164,164,0,5.94,5.9985714285701,8.17714285714153,10.2193333333329,-2.17857142857143,2913.45,32,16.6157458563536,0
"1654",1718,"NANAIMO RIVER",2017,"2017-06-14",165,165,0,5.71,5.85857142857276,7.6992857142863,10.0130000000005,-1.84071428571354,2919.16,33,16.6157458563536,0
"1655",1719,"NANAIMO RIVER",2017,"2017-06-15",166,166,0,6.33,5.83428571428522,7.30142857142865,9.85066666666632,-1.46714285714344,2925.49,34,16.6157458563536,0
"1656",1720,"NANAIMO RIVER",2017,"2017-06-16",167,167,0,7.02,6.02571428571329,7.00285714285565,9.72799999999988,-0.977142857142359,2932.51,35,16.6157458563536,0
"1657",1721,"NANAIMO RIVER",2017,"2017-06-17",168,168,0,6.27,6.10714285714286,6.69357142857293,9.59033333333403,-0.586428571430068,2938.78,36,16.6157458563536,0
"1658",1722,"NANAIMO RIVER",2017,"2017-06-18",169,169,0,6.34,6.19571428571362,6.44357142857085,9.45166666666725,-0.247857142857226,2945.12,37,16.6157458563536,0
"1659",1723,"NANAIMO RIVER",2017,"2017-06-19",170,170,0,6.38,6.28428571428854,6.26285714285872,9.30766666666702,0.0214285714298192,2951.5,38,16.6157458563536,0
"1660",1724,"NANAIMO RIVER",2017,"2017-06-20",171,171,0,6.43,6.35428571428721,6.17642857142865,9.14200000000031,0.177857142858556,2957.93,39,16.6157458563536,0
"1661",1725,"NANAIMO RIVER",2017,"2017-06-21",172,172,0,6.29,6.43714285714252,6.14785714285764,8.94500000000019,0.289285714284883,2964.22,40,16.6157458563536,0
"1662",1726,"NANAIMO RIVER",2017,"2017-06-22",173,173,0,6,6.3900000000015,6.11214285714336,8.70166666666725,0.277857142858141,2970.22,41,16.6157458563536,0
"1663",1727,"NANAIMO RIVER",2017,"2017-06-23",174,174,0,5.71,6.20285714285897,6.11428571428613,8.43866666666678,0.0885714285728421,2975.93,42,16.6157458563536,0
"1664",1728,"NANAIMO RIVER",2017,"2017-06-24",175,175,0,5.45,6.08571428571512,6.09642857142899,8.20366666666717,-0.0107142857138696,2981.38,43,16.6157458563536,0
"1665",1729,"NANAIMO RIVER",2017,"2017-06-25",176,176,0,5.34,5.94285714285797,6.0692857142858,7.97833333333353,-0.126428571427823,2986.72,44,16.6157458563536,0
"1666",1730,"NANAIMO RIVER",2017,"2017-06-26",177,177,0,4.86,5.72571428571246,6.0050000000005,7.73033333333345,-0.279285714288043,2991.58,45,16.6157458563536,0
"1667",1731,"NANAIMO RIVER",2017,"2017-06-27",178,178,0,4.08,5.3900000000015,5.87214285714435,7.4463333333338,-0.482142857142857,2995.66,46,16.6157458563536,0
"1668",1732,"NANAIMO RIVER",2017,"2017-06-28",179,179,0,4.04,5.06857142856877,5.75285714285565,7.14433333333291,-0.684285714286879,2999.7,47,16.6157458563536,0
"1669",1733,"NANAIMO RIVER",2017,"2017-06-29",180,180,0,3.93,4.77285714285764,5.58142857142957,6.82200000000012,-0.808571428571928,3003.63,48,16.6157458563536,0
"1670",1734,"NANAIMO RIVER",2017,"2017-06-30",181,181,0,3.82,4.50285714285565,5.35285714285731,6.53599999999957,-0.850000000001663,3007.45,49,16.6157458563536,0
"1671",1735,"NANAIMO RIVER",2017,"2017-07-01",182,182,0,3.71,4.25428571428555,5.17000000000033,6.26300000000047,-0.915714285714785,3011.16,50,16.6157458563536,0
"1672",1736,"NANAIMO RIVER",2017,"2017-07-02",183,183,0,3.65,4.01285714285664,4.97785714285731,6.01133333333322,-0.965000000000665,3014.81,51,16.6157458563536,0
"1673",1737,"NANAIMO RIVER",2017,"2017-07-03",184,184,0,3.6,3.83285714285947,4.77928571428596,5.77800000000085,-0.946428571426492,3018.41,52,16.6157458563536,0
"1674",1738,"NANAIMO RIVER",2017,"2017-07-04",185,185,0,3.35,3.7285714285681,4.5592857142848,5.56166666666589,-0.830714285716697,3021.76,53,16.6157458563536,0
"1675",1739,"NANAIMO RIVER",2017,"2017-07-05",186,186,0,2.84,3.55714285714203,4.3128571428554,5.35933333333329,-0.755714285713371,3024.6,54,16.6157458563536,0
"1676",1740,"NANAIMO RIVER",2017,"2017-07-06",187,187,0,2.78,3.39285714285714,4.08285714285739,5.19733333333376,-0.69000000000025,3027.38,55,16.6157458563536,0
"1677",1741,"NANAIMO RIVER",2017,"2017-07-07",188,188,0,2.74,3.23857142857326,3.87071428571445,5.06566666666671,-0.632142857141194,3030.12,56,16.6157458563536,0
"1678",1742,"NANAIMO RIVER",2017,"2017-07-08",189,189,0,2.76,3.10285714285731,3.67857142857143,4.94100000000035,-0.575714285714119,3032.88,57,16.6157458563536,0
"1679",1743,"NANAIMO RIVER",2017,"2017-07-09",190,190,0,2.7,2.96714285714136,3.489999999999,4.84166666666667,-0.522857142857642,3035.58,58,16.6157458563536,0
"1680",1744,"NANAIMO RIVER",2017,"2017-07-10",191,191,0,2.73,2.84285714285631,3.33785714285789,4.74266666666663,-0.49500000000158,3038.31,59,16.6157458563536,0
"1681",1745,"NANAIMO RIVER",2017,"2017-07-11",192,192,0,2.74,2.75571428571545,3.24214285714178,4.64333333333295,-0.486428571426326,3041.05,60,16.6157458563536,0
"1682",1746,"NANAIMO RIVER",2017,"2017-07-12",193,193,0,2.51,2.70857142857442,3.13285714285822,4.53500000000058,-0.424285714283802,3043.56,61,16.6157458563536,0
"1683",1747,"NANAIMO RIVER",2017,"2017-07-13",194,194,0,2.38,2.65142857142824,3.02214285714269,4.41633333333399,-0.370714285714452,3045.94,62,16.6157458563536,0
"1684",1748,"NANAIMO RIVER",2017,"2017-07-14",195,195,0,2.34,2.59428571428621,2.91642857142974,4.30399999999984,-0.322142857143523,3048.28,63,16.6157458563536,0
"1685",1749,"NANAIMO RIVER",2017,"2017-07-15",196,196,0,2.28,2.52571428571329,2.8142857142853,4.16900000000023,-0.28857142857201,3050.56,64,16.6157458563536,0
"1686",1750,"NANAIMO RIVER",2017,"2017-07-16",197,197,0,2.26,2.46285714285581,2.71499999999859,4.01033333333326,-0.252142857142774,3052.82,65,16.6157458563536,0
"1687",1751,"NANAIMO RIVER",2017,"2017-07-17",198,198,0,2.11,2.37428571428505,2.60857142857068,3.87166666666647,-0.234285714285631,3054.93,66,16.6157458563536,0
"1688",1752,"NANAIMO RIVER",2017,"2017-07-18",199,199,0,1.98,2.26571428571645,2.51071428571595,3.72633333333361,-0.244999999999501,3056.91,67,16.6157458563536,0
"1689",1753,"NANAIMO RIVER",2017,"2017-07-19",200,200,0,1.96,2.18714285714252,2.44785714285847,3.57899999999984,-0.260714285715949,3058.87,68,16.6157458563536,0
"1690",1754,"NANAIMO RIVER",2017,"2017-07-20",201,201,0,1.93,2.12285714285515,2.38714285714169,3.42899999999984,-0.264285714286546,3060.8,69,16.6157458563536,0
"1691",1755,"NANAIMO RIVER",2017,"2017-07-21",202,202,0,2,2.07428571428422,2.33428571428522,3.28599999999957,-0.260000000000998,3062.8,70,16.6157458563536,0
"1692",1756,"NANAIMO RIVER",2017,"2017-07-22",203,203,0,2.02,2.03714285714003,2.28142857142666,3.15333333333256,-0.244285714286629,3064.82,71,16.6157458563536,0
"1693",1757,"NANAIMO RIVER",2017,"2017-07-23",204,204,0,1.96,1.99428571428871,2.22857142857226,3.02833333333353,-0.234285714283552,3066.78,72,16.6157458563536,0
"1694",1758,"NANAIMO RIVER",2017,"2017-07-24",205,205,0,1.93,1.96857142857126,2.17142857142816,2.91099999999957,-0.202857142856893,3068.71,73,16.6157458563536,0
"1695",1759,"NANAIMO RIVER",2017,"2017-07-25",206,206,0,1.88,1.95428571428472,2.11000000000058,2.79566666666651,-0.155714285715866,3070.59,74,16.6157458563536,0
"1696",1760,"NANAIMO RIVER",2017,"2017-07-26",207,207,0,1.87,1.94142857142807,2.0642857142853,2.69600000000016,-0.122857142857226,3072.46,75,16.6157458563536,0
"1697",1761,"NANAIMO RIVER",2017,"2017-07-27",208,208,0,1.84,1.92857142857143,2.02571428571329,2.62133333333283,-0.0971428571418593,3074.3,76,16.6157458563536,0
"1698",1762,"NANAIMO RIVER",2017,"2017-07-28",209,209,0,1.75,1.89285714285714,1.98357142857068,2.54500000000019,-0.0907142857135375,3076.05,77,16.6157458563536,0
"1699",1763,"NANAIMO RIVER",2017,"2017-07-29",210,210,0,1.63,1.83714285714502,1.93714285714252,2.46833333333295,-0.0999999999975052,3077.68,78,16.6157458563536,0
"1700",1764,"NANAIMO RIVER",2017,"2017-07-30",211,211,0,1.59,1.78428571428438,1.88928571428655,2.39400000000023,-0.105000000002162,3079.27,79,16.6157458563536,0
"1701",1765,"NANAIMO RIVER",2017,"2017-07-31",212,212,0,1.67,1.74714285714435,1.85785714285781,2.32599999999996,-0.110714285713454,3080.94,80,16.6157458563536,0
"1702",1766,"NANAIMO RIVER",2017,"2017-08-01",213,213,0,1.75,1.72857142857226,1.84142857142849,2.26266666666682,-0.112857142856228,3082.69,81,16.6157458563536,0
"1703",1767,"NANAIMO RIVER",2017,"2017-08-02",214,214,0,1.74,1.71000000000017,1.82571428571412,2.20066666666632,-0.115714285713953,3084.43,82,16.6157458563536,0
"1704",1768,"NANAIMO RIVER",2017,"2017-08-03",215,215,0,1.65,1.68285714285698,1.8057142857142,2.14400000000023,-0.122857142857226,3086.08,83,16.6157458563536,0
"1705",1769,"NANAIMO RIVER",2017,"2017-08-04",216,216,0,1.51,1.64857142857259,1.77071428571487,2.09966666666733,-0.122142857142275,3087.59,84,16.6157458563536,0
"1706",1770,"NANAIMO RIVER",2017,"2017-08-05",217,217,0,1.56,1.63857142857159,1.73785714285831,2.05899999999965,-0.0992857142867121,3089.15,85,16.6157458563536,0
"1707",1771,"NANAIMO RIVER",2017,"2017-08-06",218,218,0,1.54,1.6314285714304,1.70785714285739,2.01900000000023,-0.0764285714269914,3090.69,86,16.6157458563536,0
"1708",1772,"NANAIMO RIVER",2017,"2017-08-07",219,219,0,1.54,1.61285714285415,1.67999999999925,1.97833333333256,-0.0671428571451023,3092.23,87,16.6157458563536,0
"1709",1773,"NANAIMO RIVER",2017,"2017-08-08",220,220,0,1.54,1.58285714285531,1.65571428571379,1.93966666666674,-0.0728571428584732,3093.77,88,16.6157458563536,0
"1710",1774,"NANAIMO RIVER",2017,"2017-08-09",221,221,0,1.51,1.55000000000083,1.6300000000005,1.89900000000004,-0.0799999999996672,3095.28,89,16.6157458563536,0
"1711",1775,"NANAIMO RIVER",2017,"2017-08-10",222,222,0,1.49,1.52714285714319,1.60500000000008,1.85733333333337,-0.0778571428568935,3096.77,90,16.6157458563536,0
"1712",1776,"NANAIMO RIVER",2017,"2017-08-11",223,223,0,1.5,1.52571428571329,1.58714285714294,1.82366666666639,-0.0614285714296523,3098.27,91,16.6157458563536,0
"1713",1777,"NANAIMO RIVER",2017,"2017-08-12",224,224,0,1.45,1.510000000001,1.5742857142863,1.79266666666663,-0.0642857142852984,3099.72,92,16.6157458563536,0
"1714",1778,"NANAIMO RIVER",2017,"2017-08-13",225,225,0,1.47,1.5,1.5657142857152,1.76366666666678,-0.0657142857152004,3101.19,93,16.6157458563536,0
"1715",1779,"NANAIMO RIVER",2017,"2017-08-14",226,226,0,1.49,1.49285714285881,1.55285714285648,1.73733333333318,-0.0599999999976717,3102.68,94,16.6157458563536,0
"1716",1780,"NANAIMO RIVER",2017,"2017-08-15",227,227,0,1.47,1.48285714285781,1.53285714285656,1.71100000000054,-0.0499999999987526,3104.15,95,16.6157458563536,0
"1717",1781,"NANAIMO RIVER",2017,"2017-08-16",228,228,0,1.44,1.47285714285681,1.51142857142882,1.68866666666678,-0.0385714285720107,3105.59,96,16.6157458563536,0
"1718",1782,"NANAIMO RIVER",2017,"2017-08-17",229,229,0,1.41,1.46142857143007,1.49428571428663,1.66966666666655,-0.0328571428565609,3107,97,16.6157458563536,0
"1719",1783,"NANAIMO RIVER",2017,"2017-08-18",230,230,0,1.41,1.44857142857342,1.48714285714336,1.6513333333336,-0.0385714285699317,3108.41,98,16.6157458563536,0
"1720",1784,"NANAIMO RIVER",2017,"2017-08-19",231,231,0,1.4,1.44142857142807,1.47571428571454,1.63366666666698,-0.0342857142864625,3109.81,99,16.6157458563536,0
"1721",1785,"NANAIMO RIVER",2017,"2017-08-20",232,232,0,1.39,1.42999999999717,1.46499999999859,1.61333333333314,-0.0350000000014135,3111.2,100,16.6157458563536,0
"1722",1786,"NANAIMO RIVER",2017,"2017-08-21",233,233,0,1.38,1.41428571428488,1.45357142857184,1.59200000000031,-0.0392857142869616,3112.58,101,16.6157458563536,0
"1723",1787,"NANAIMO RIVER",2017,"2017-08-22",234,234,0,1.36,1.39857142857259,1.4407142857152,1.57200000000012,-0.0421428571426077,3113.94,102,16.6157458563536,0
"1724",1788,"NANAIMO RIVER",2017,"2017-08-23",235,235,0,1.32,1.38142857142624,1.42714285714153,1.55166666666628,-0.0457142857152837,3115.26,103,16.6157458563536,0
"1725",1789,"NANAIMO RIVER",2017,"2017-08-24",236,236,0,1.36,1.37428571428505,1.41785714285756,1.53433333333329,-0.0435714285725095,3116.62,104,16.6157458563536,0
"1726",1790,"NANAIMO RIVER",2017,"2017-08-25",237,237,0,1.37,1.3685714285696,1.40857142857151,1.51766666666663,-0.0400000000019125,3117.99,105,16.6157458563536,0
"1727",1791,"NANAIMO RIVER",2017,"2017-08-26",238,238,0,1.36,1.36285714285415,1.40214285714111,1.50166666666628,-0.0392857142869616,3119.35,106,16.6157458563536,0
"1728",1792,"NANAIMO RIVER",2017,"2017-08-27",239,239,0,1.31,1.35142857143157,1.39071428571437,1.4870000000005,-0.0392857142828038,3120.66,107,16.6157458563536,0
"1729",1793,"NANAIMO RIVER",2017,"2017-08-28",240,240,0,1.24,1.33142857142957,1.37285714285723,1.47400000000004,-0.0414285714276568,3121.9,108,16.6157458563536,0
"1730",1794,"NANAIMO RIVER",2017,"2017-08-29",241,241,0,1.21,1.30999999999767,1.35428571428513,1.46133333333322,-0.0442857142874604,3123.11,109,16.6157458563536,0
"1731",1795,"NANAIMO RIVER",2017,"2017-08-30",242,242,0,1.2,1.29285714285964,1.33714285714294,1.44566666666651,-0.0442857142833029,3124.31,110,16.6157458563536,0
"1732",1796,"NANAIMO RIVER",2017,"2017-08-31",243,243,0,1.2,1.26999999999784,1.32214285714144,1.4273333333326,-0.0521428571436056,3125.51,111,16.6157458563536,0
"1733",1797,"NANAIMO RIVER",2017,"2017-09-01",244,244,0,1.21,1.24714285714435,1.30785714285698,1.40966666666694,-0.0607142857126226,3126.72,112,16.6157458563536,0
"1734",1798,"NANAIMO RIVER",2017,"2017-09-02",245,245,0,1.17,1.22000000000116,1.29142857142766,1.39366666666659,-0.0714285714264926,3127.89,113,16.6157458563536,0
"1735",1799,"NANAIMO RIVER",2017,"2017-09-03",246,246,0,1.15,1.19714285713936,1.27428571428546,1.38166666666608,-0.0771428571461001,3129.04,114,16.6157458563536,0
"1736",1800,"NANAIMO RIVER",2017,"2017-09-04",247,247,0,1.13,1.18142857142707,1.25642857142832,1.36733333333298,-0.0750000000012472,3130.17,115,16.6157458563536,0
"1737",1801,"NANAIMO RIVER",2017,"2017-09-05",248,248,0,1.13,1.17000000000033,1.239999999999,1.3536666666662,-0.0699999999986696,3131.3,116,16.6157458563536,0
"1738",1802,"NANAIMO RIVER",2017,"2017-09-06",249,249,0,1.15,1.16285714285498,1.22785714285731,1.34066666666671,-0.0650000000023283,3132.45,117,16.6157458563536,0
"1739",1803,"NANAIMO RIVER",2017,"2017-09-07",250,250,0,1.16,1.15714285714369,1.21357142857076,1.32799999999988,-0.0564285714270747,3133.61,118,16.6157458563536,0
"1740",1804,"NANAIMO RIVER",2017,"2017-09-08",251,251,0,1.2,1.15571428571379,1.20142857142907,1.31766666666663,-0.0457142857152837,3134.81,119,16.6157458563536,0
"1741",1805,"NANAIMO RIVER",2017,"2017-09-09",252,252,0,1.26,1.16857142857043,1.1942857142858,1.30999999999961,-0.0257142857153667,3136.07,120,16.6157458563536,0
"1742",1806,"NANAIMO RIVER",2017,"2017-09-10",253,253,0,1.3,1.19000000000233,1.19357142857085,1.30333333333353,-0.00357142856851822,3137.37,121,16.6157458563536,0
"1743",1807,"NANAIMO RIVER",2017,"2017-09-11",254,254,0,1.22,1.20285714285897,1.19214285714302,1.29566666666651,0.0107142857159488,3138.59,122,16.6157458563536,0
"1744",1808,"NANAIMO RIVER",2017,"2017-09-12",255,255,0,1.15,1.20571428571462,1.18785714285748,1.28499999999961,0.0178571428571428,3139.74,123,16.6157458563536,0
"1745",1809,"NANAIMO RIVER",2017,"2017-09-13",256,256,0,1.18,1.21000000000017,1.18642857142757,1.27466666666636,0.0235714285725928,3140.92,124,16.6157458563536,0
"1746",1810,"NANAIMO RIVER",2017,"2017-09-14",257,257,0,1.22,1.21857142857126,1.18785714285748,1.26633333333302,0.0307142857137868,3142.14,125,16.6157458563536,0
"1747",1811,"NANAIMO RIVER",2017,"2017-09-15",258,258,0,1.34,1.2385714285691,1.19714285714144,1.2629999999995,0.0414285714276568,3143.48,126,16.6157458563536,0
"1748",1812,"NANAIMO RIVER",2017,"2017-09-16",259,259,0,1.5,1.27285714285764,1.22071428571404,1.26599999999938,0.0521428571436056,3144.98,127,16.6157458563536,0
"1749",1813,"NANAIMO RIVER",2017,"2017-09-17",260,260,0,1.52,1.30428571428638,1.24714285714435,1.26966666666655,0.0571428571420256,3146.5,128,16.6157458563536,0
"1750",1814,"NANAIMO RIVER",2017,"2017-09-18",261,261,0,1.58,1.35571428571296,1.27928571428596,1.27566666666632,0.0764285714269914,3148.08,129,16.6157458563536,0
"1751",1815,"NANAIMO RIVER",2017,"2017-09-19",262,262,0,1.79,1.44714285714352,1.32642857142907,1.28900000000043,0.120714285714452,3149.87,130,16.6157458563536,0
"1752",1816,"NANAIMO RIVER",2017,"2017-09-20",263,263,0,1.8,1.53571428571429,1.37285714285723,1.30299999999988,0.16285714285706,3151.67,131,16.6157458563536,0
"1753",1817,"NANAIMO RIVER",2017,"2017-09-21",264,264,0,1.74,1.61000000000266,1.41428571428696,1.31566666666671,0.195714285715699,3153.41,132,16.6157458563536,0
"1754",1818,"NANAIMO RIVER",2017,"2017-09-22",265,265,0,1.72,1.66428571428904,1.45142857142907,1.32900000000081,0.21285714285997,3155.13,133,16.6157458563536,0
"1755",1819,"NANAIMO RIVER",2017,"2017-09-23",266,266,0,1.64,1.68428571428688,1.47857142857226,1.33833333333314,0.205714285714618,3156.77,134,16.6157458563536,0
"1756",1820,"NANAIMO RIVER",2017,"2017-09-24",267,267,0,1.59,1.69428571428372,1.49928571428505,1.34566666666651,0.19499999999867,3158.36,135,16.6157458563536,0
"1757",1821,"NANAIMO RIVER",2017,"2017-09-25",268,268,0,1.63,1.70142857142907,1.52857142857101,1.35466666666713,0.172857142858058,3159.99,136,16.6157458563536,0
"1758",1822,"NANAIMO RIVER",2017,"2017-09-26",269,269,0,1.63,1.67857142857143,1.56285714285748,1.36533333333306,0.115714285713953,3161.62,137,16.6157458563536,0
"1759",1823,"NANAIMO RIVER",2017,"2017-09-27",270,270,0,1.63,1.65428571428804,1.59500000000116,1.37833333333353,0.0592857142868783,3163.25,138,16.6157458563536,0
"1760",1824,"NANAIMO RIVER",2017,"2017-09-28",271,271,0,1.58,1.63142857142624,1.62071428571445,1.39066666666671,0.010714285711791,3164.83,139,16.6157458563536,0
"1761",1825,"NANAIMO RIVER",2017,"2017-09-29",272,272,0,1.57,1.6099999999985,1.63714285714377,1.40299999999988,-0.0271428571452685,3166.4,140,16.6157458563536,0
"1762",1826,"NANAIMO RIVER",2017,"2017-09-30",273,273,0,1.65,1.61142857142841,1.64785714285764,1.41800000000027,-0.0364285714292367,3168.05,141,16.6157458563536,0
"1763",1827,"NANAIMO RIVER",2017,"2017-10-01",274,274,0,1.66,1.6214285714294,1.65785714285656,1.43299999999969,-0.0364285714271577,3169.71,142,16.6157458563536,0
"1764",1828,"NANAIMO RIVER",2017,"2017-10-02",275,275,0,1.65,1.62428571428505,1.66285714285706,1.44900000000004,-0.0385714285720107,3171.36,143,16.6157458563536,0
"1765",1829,"NANAIMO RIVER",2017,"2017-10-03",276,276,0,1.57,1.61571428571395,1.64714285714269,1.46300000000047,-0.0314285714287379,3172.93,144,16.6157458563536,0
"1766",1830,"NANAIMO RIVER",2017,"2017-10-04",277,277,0,1.5,1.59714285714186,1.62571428571495,1.47533333333364,-0.0285714285730916,3174.43,145,16.6157458563536,0
"1767",1831,"NANAIMO RIVER",2017,"2017-10-05",278,278,0,1.49,1.58428571428522,1.60785714285573,1.48733333333318,-0.023571428570514,3175.92,146,16.6157458563536,0
"1768",1832,"NANAIMO RIVER",2017,"2017-10-06",279,279,0,1.52,1.57714285714402,1.59357142857126,1.49966666666733,-0.016428571427241,3177.44,147,16.6157458563536,0
"1769",1833,"NANAIMO RIVER",2017,"2017-10-07",280,280,0,1.68,1.58142857142957,1.59642857142899,1.51700000000031,-0.0149999999994179,3179.12,148,16.6157458563536,0
"1770",1834,"NANAIMO RIVER",2017,"2017-10-08",281,281,0,1.71,1.58857142857076,1.60500000000008,1.53399999999965,-0.01642857142932,3180.83,149,16.6157458563536,0
"1771",1835,"NANAIMO RIVER",2017,"2017-10-09",282,282,0,1.62,1.58428571428522,1.60428571428513,1.54600000000016,-0.0199999999999168,3182.45,150,16.6157458563536,0
"1772",1836,"NANAIMO RIVER",2017,"2017-10-10",283,283,0,1.78,1.61428571428405,1.614999999999,1.56199999999953,-0.000714285714950913,3184.23,151,16.6157458563536,0
"1773",1837,"NANAIMO RIVER",2017,"2017-10-11",284,284,0,1.98,1.68285714285698,1.63999999999942,1.58733333333318,0.0428571428575586,3186.21,152,16.6157458563536,0
"1774",1838,"NANAIMO RIVER",2017,"2017-10-12",285,285,0,1.79,1.72571428571661,1.65500000000091,1.60866666666698,0.0707142857156995,3188,153,16.6157458563536,0
"1775",1839,"NANAIMO RIVER",2017,"2017-10-13",286,286,0,1.85,1.77285714285348,1.67499999999875,1.63099999999977,0.0978571428547315,3189.85,154,16.6157458563536,0
"1776",1840,"NANAIMO RIVER",2017,"2017-10-14",287,287,0,1.85,1.79714285714103,1.6892857142853,1.65199999999992,0.107857142855729,3191.7,155,16.6157458563536,0
"1777",1841,"NANAIMO RIVER",2017,"2017-10-15",288,288,0,1.75,1.80285714285648,1.69571428571362,1.66566666666671,0.107142857142857,3193.45,156,16.6157458563536,0
"1778",1842,"NANAIMO RIVER",2017,"2017-10-16",289,289,0,1.96,1.85142857143157,1.71785714285839,1.68100000000074,0.133571428573175,3195.41,157,16.6157458563536,0
"1779",1843,"NANAIMO RIVER",2017,"2017-10-17",290,290,0,7.02,2.60000000000166,2.10714285714286,1.8643333333331,0.492857142858806,3202.43,158,16.6157458563536,0
"1780",1844,"NANAIMO RIVER",2017,"2017-10-18",291,291,0,16.3,4.64571428571279,3.16428571428488,2.35499999999981,1.48142857142791,3218.73,0,16.6157458563536,0
"1781",1845,"NANAIMO RIVER",2017,"2017-10-19",292,292,0,25.6,8.04714285714103,4.88642857142882,3.14866666666639,3.16071428571221,3244.33,0,16.6157458563536,0
"1782",1846,"NANAIMO RIVER",2017,"2017-10-20",293,293,0,20.3,10.6828571428611,6.22785714285731,3.76533333333403,4.45500000000383,3264.63,0,16.6157458563536,0
"1783",1847,"NANAIMO RIVER",2017,"2017-10-21",294,294,0,16.9,12.8328571428595,7.31500000000025,4.27066666666651,5.51785714285922,3281.53,0,16.6157458563536,0
"1784",1848,"NANAIMO RIVER",2017,"2017-10-22",295,295,0,25.8,16.2685714285721,9.03571428571429,5.07333333333275,7.23285714285781,3307.33,0,16.6157458563536,0
"1785",1849,"NANAIMO RIVER",2017,"2017-10-23",296,296,0,23.4,19.3314285714254,10.5914285714285,5.79866666666639,8.73999999999692,3330.73,0,16.6157458563536,0
"1786",1850,"NANAIMO RIVER",2017,"2017-10-24",297,297,0,18.5,20.9714285714269,11.7857142857143,6.36233333333318,9.18571428571262,3349.23,0,16.6157458563536,0
"1787",1851,"NANAIMO RIVER",2017,"2017-10-25",298,298,0,15,20.7857142857143,12.7157142857135,6.80799999999969,8.07000000000075,3364.23,0,16.6157458563536,0
"1788",1852,"NANAIMO RIVER",2017,"2017-10-26",299,299,0,12.7,18.942857142858,13.4949999999995,7.17699999999992,5.44785714285847,3376.93,1,16.6157458563536,0
"1789",1853,"NANAIMO RIVER",2017,"2017-10-27",300,300,0,10.7,17.5714285714286,14.1271428571449,7.47933333333349,3.44428571428372,3387.63,2,16.6157458563536,0
"1790",1854,"NANAIMO RIVER",2017,"2017-10-28",301,301,0,9.15,16.4642857142857,14.6485714285726,7.73166666666705,1.81571428571312,3396.78,3,16.6157458563536,0
"1791",1855,"NANAIMO RIVER",2017,"2017-10-29",302,302,0,8.02,13.9242857142859,15.096428571429,7.94666666666647,-1.17214285714311,3404.8,4,16.6157458563536,0
"1792",1856,"NANAIMO RIVER",2017,"2017-10-30",303,303,0,7.31,11.625714285715,15.4785714285702,8.13533333333326,-3.85285714285523,3412.11,5,16.6157458563536,0
"1793",1857,"NANAIMO RIVER",2017,"2017-10-31",304,304,0,7.13,10.0014285714299,15.4864285714284,8.31766666666663,-5.4849999999985,3419.24,6,16.6157458563536,0
"1794",1858,"NANAIMO RIVER",2017,"2017-11-01",305,305,0,7.01,8.86000000000266,14.8228571428585,8.4963333333338,-5.96285714285581,3426.25,7,16.6157458563536,0
"1795",1859,"NANAIMO RIVER",2017,"2017-11-02",306,306,0,7.07,8.05571428571212,13.499285714285,8.67966666666616,-5.44357142857293,3433.32,8,16.6157458563536,0
"1796",1860,"NANAIMO RIVER",2017,"2017-11-03",307,307,0,7.04,7.53285714285448,12.5521428571415,8.8643333333331,-5.01928571428705,3440.36,9,16.6157458563536,0
"1797",1861,"NANAIMO RIVER",2017,"2017-11-04",308,308,0,6.89,7.21000000000017,11.8371428571429,9.04433333333388,-4.62714285714277,3447.25,10,16.6157458563536,0
"1798",1862,"NANAIMO RIVER",2017,"2017-11-05",309,309,0,6.84,7.04142857142974,10.4828571428578,9.22166666666647,-3.44142857142807,3454.09,11,16.6157458563536,0
"1799",1863,"NANAIMO RIVER",2017,"2017-11-06",310,310,0,6.76,6.96285714285581,9.29428571428538,9.39099999999938,-2.33142857142957,3460.85,12,16.6157458563536,0
"1800",1864,"NANAIMO RIVER",2017,"2017-11-07",311,311,0,6.7,6.90142857142824,8.45142857142907,9.55733333333337,-1.55000000000083,3467.55,13,16.6157458563536,0
"1801",1865,"NANAIMO RIVER",2017,"2017-11-08",312,312,0,6.67,6.85285714285731,7.85642857142999,9.72566666666729,-1.00357142857268,3474.22,14,16.6157458563536,0
"1802",1866,"NANAIMO RIVER",2017,"2017-11-09",313,313,0,6.77,6.81000000000183,7.43285714285698,9.89200000000031,-0.622857142855147,3480.99,15,16.6157458563536,0
"1803",1867,"NANAIMO RIVER",2017,"2017-11-10",314,314,0,6.89,6.78857142857409,7.16071428571429,10.0556666666671,-0.372142857140196,3487.88,16,16.6157458563536,0
"1804",1868,"NANAIMO RIVER",2017,"2017-11-11",315,315,0,6.91,6.79142857142558,7.00071428571287,10.2263333333326,-0.209285714287295,3494.79,17,16.6157458563536,0
"1805",1869,"NANAIMO RIVER",2017,"2017-11-12",316,316,0,9.63,7.18999999999817,7.11571428571395,10.4856666666669,0.0742857142842173,3504.42,18,16.6157458563536,0
"1806",1870,"NANAIMO RIVER",2017,"2017-11-13",317,317,0,23.1,9.52428571428754,8.24357142857168,11.1940000000002,1.28071428571586,3527.52,0,16.6157458563536,0
"1807",1871,"NANAIMO RIVER",2017,"2017-11-14",318,318,0,36,13.7100000000002,10.3057142857142,12.3356666666669,3.40428571428596,3563.52,0,16.6157458563536,0
"1808",1872,"NANAIMO RIVER",2017,"2017-11-15",319,319,0,44.4,19.0999999999975,12.9764285714274,13.7503333333327,6.1235714285701,3607.92,0,16.6157458563536,0
"1809",1873,"NANAIMO RIVER",2017,"2017-11-16",320,320,0,24.3,21.6042857142872,14.2071428571445,14.3263333333336,7.39714285714269,3632.22,0,16.6157458563536,0
"1810",1874,"NANAIMO RIVER",2017,"2017-11-17",321,321,0,16.7,23.0057142857113,14.8971428571427,14.3396666666667,8.1085714285686,3648.92,0,16.6157458563536,0
"1811",1875,"NANAIMO RIVER",2017,"2017-11-18",322,322,0,13.5,23.9471428571435,15.3692857142845,13.9363333333332,8.57785714285897,3662.42,1,16.6157458563536,0
"1812",1876,"NANAIMO RIVER",2017,"2017-11-19",323,323,0,64.4,31.7714285714277,19.480714285713,15.4063333333324,12.2907142857148,3726.82,0,16.6157458563536,0
"1813",1877,"NANAIMO RIVER",2017,"2017-11-20",324,324,0,49.5,35.5428571428555,22.5335714285715,16.4929999999993,13.009285714284,3776.32,0,16.6157458563536,0
"1814",1878,"NANAIMO RIVER",2017,"2017-11-21",325,325,0,33,35.1142857142841,24.4121428571421,16.7329999999997,10.7021428571419,3809.32,0,16.6157458563536,0
"1815",1879,"NANAIMO RIVER",2017,"2017-11-22",326,326,0,66.9,38.3285714285739,28.7142857142857,18.1830000000007,9.61428571428821,3876.22,0,16.6157458563536,0
"1816",1880,"NANAIMO RIVER",2017,"2017-11-23",327,327,0,61.4,43.6285714285706,32.6164285714289,19.6130000000005,11.0121428571417,3937.62,0,16.6157458563536,0
"1817",1881,"NANAIMO RIVER",2017,"2017-11-24",328,328,0,28.7,45.3428571428563,34.1742857142838,20.0696666666665,11.1685714285725,3966.32,0,16.6157458563536,0
"1818",1882,"NANAIMO RIVER",2017,"2017-11-25",329,329,0,32.9,48.1142857142882,36.0307142857159,20.7430000000003,12.0835714285723,3999.22,0,16.6157458563536,0
"1819",1883,"NANAIMO RIVER",2017,"2017-11-26",330,330,0,50.9,46.1857142857168,38.9785714285723,22.0829999999997,7.20714285714452,4050.12,0,16.6157458563536,0
"1820",1884,"NANAIMO RIVER",2017,"2017-11-27",331,331,0,26,42.8285714285739,39.1857142857147,22.6446666666665,3.64285714285922,4076.12,0,16.6157458563536,0
"1821",1885,"NANAIMO RIVER",2017,"2017-11-28",332,332,0,20.5,41.0428571428596,38.0785714285718,23.0606666666669,2.9642857142878,4096.62,0,16.6157458563536,0
"1822",1886,"NANAIMO RIVER",2017,"2017-11-29",333,333,0,17.5,33.9857142857135,36.1571428571437,23.4003333333336,-2.17142857143023,4114.12,0,16.6157458563536,0
"1823",1887,"NANAIMO RIVER",2017,"2017-11-30",334,334,0,22.5,28.4285714285714,36.028571428571,23.9126666666668,-7.59999999999959,4136.62,0,16.6157458563536,0
"1824",1888,"NANAIMO RIVER",2017,"2017-12-01",335,335,0,21.5,27.4000000000025,36.3714285714294,24.3956666666665,-8.97142857142691,4158.12,0,16.6157458563536,0
"1825",1889,"NANAIMO RIVER",2017,"2017-12-02",336,336,0,20.6,25.6428571428571,36.8785714285727,24.8466666666674,-11.2357142857155,4178.72,0,16.6157458563536,0
"1826",1890,"NANAIMO RIVER",2017,"2017-12-03",337,337,0,17,20.8000000000008,33.4928571428588,25.1786666666672,-12.692857142858,4195.72,0,16.6157458563536,0
"1827",1891,"NANAIMO RIVER",2017,"2017-12-04",338,338,0,14.4,19.1428571428571,30.9857142857155,25.4289999999998,-11.8428571428584,4210.12,0,16.6157458563536,0
"1828",1892,"NANAIMO RIVER",2017,"2017-12-05",339,339,0,12.8,18.0428571428555,29.5428571428576,25.6276666666662,-11.5000000000021,4222.92,1,16.6157458563536,0
"1829",1893,"NANAIMO RIVER",2017,"2017-12-06",340,340,0,11.8,17.2285714285723,25.6071428571429,25.7956666666675,-8.3785714285706,4234.72,2,16.6157458563536,0
"1830",1894,"NANAIMO RIVER",2017,"2017-12-07",341,341,0,11.1,15.5999999999975,22.0142857142845,25.942333333333,-6.41428571428696,4245.82,3,16.6157458563536,0
"1831",1895,"NANAIMO RIVER",2017,"2017-12-08",342,342,0,10.6,14.0428571428555,20.721428571429,26.0733333333328,-6.67857142857351,4256.42,4,16.6157458563536,0
"1832",1896,"NANAIMO RIVER",2017,"2017-12-09",343,343,0,10.3,12.5714285714286,19.1071428571429,26.1910000000004,-6.53571428571429,4266.72,5,16.6157458563536,0
"1833",1897,"NANAIMO RIVER",2017,"2017-12-10",344,344,0,9.99,11.5699999999987,16.1849999999998,26.2943333333329,-4.61500000000108,4276.71,6,16.6157458563536,0
"1834",1898,"NANAIMO RIVER",2017,"2017-12-11",345,345,0,9.73,10.9028571428581,15.0228571428576,26.3883333333341,-4.1199999999995,4286.44,7,16.6157458563536,0
"1835",1899,"NANAIMO RIVER",2017,"2017-12-12",346,346,0,9.57,10.4414285714281,14.2421428571418,26.3863333333332,-3.8007142857137,4296.01,8,16.6157458563536,0
"1836",1900,"NANAIMO RIVER",2017,"2017-12-13",347,347,0,9.42,10.1014285714274,13.6649999999998,25.9303333333335,-3.56357142857243,4305.43,9,16.6157458563536,0
"1837",1901,"NANAIMO RIVER",2017,"2017-12-14",348,348,0,9.24,9.83571428571512,12.7178571428563,25.0383333333331,-2.8821428571412,4314.67,10,16.6157458563536,0
"1838",1902,"NANAIMO RIVER",2017,"2017-12-15",349,349,0,9.13,9.62571428571495,11.8342857142852,23.8626666666668,-2.20857142857026,4323.8,11,16.6157458563536,0
"1839",1903,"NANAIMO RIVER",2017,"2017-12-16",350,350,0,9.03,9.44428571428372,11.0078571428561,23.3536666666662,-1.56357142857243,4332.83,12,16.6157458563536,0
"1840",1904,"NANAIMO RIVER",2017,"2017-12-17",351,351,0,9.06,9.31142857142757,10.4407142857131,23.099,-1.12928571428555,4341.89,13,16.6157458563536,0
"1841",1905,"NANAIMO RIVER",2017,"2017-12-18",352,352,0,11.1,9.50714285714119,10.2049999999997,23.0190000000002,-0.697857142858474,4352.99,14,16.6157458563536,0
"1842",1906,"NANAIMO RIVER",2017,"2017-12-19",353,353,0,10.9,9.69714285714352,10.0692857142858,21.2356666666669,-0.372142857142276,4363.89,15,16.6157458563536,0
"1843",1907,"NANAIMO RIVER",2017,"2017-12-20",354,354,0,10.1,9.79428571428538,9.94785714285639,19.9223333333338,-0.153571428571013,4373.99,16,16.6157458563536,0
"1844",1908,"NANAIMO RIVER",2017,"2017-12-21",355,355,0,9.21,9.78999999999983,9.81285714285748,19.1293333333335,-0.0228571428576423,4383.2,17,16.6157458563536,0
"1845",1909,"NANAIMO RIVER",2017,"2017-12-22",356,356,0,8.7,9.72857142857226,9.67714285714361,17.1893333333331,0.0514285714286551,4391.9,18,16.6157458563536,0
"1846",1910,"NANAIMO RIVER",2017,"2017-12-23",357,357,0,8.29,9.6228571428593,9.53357142857151,15.4190000000002,0.0892857142877936,4400.19,19,16.6157458563536,0
"1847",1911,"NANAIMO RIVER",2017,"2017-12-24",358,358,0,7.99,9.47000000000116,9.39071428571437,14.7286666666672,0.0792857142867955,4408.18,20,16.6157458563536,0
"1848",1912,"NANAIMO RIVER",2017,"2017-12-25",359,359,0,7.88,9.010000000001,9.2585714285711,13.8946666666666,-0.248571428570099,4416.06,21,16.6157458563536,0
"1849",1913,"NANAIMO RIVER",2017,"2017-12-26",360,360,0,7.7,8.55285714285648,9.125,12.4546666666662,-0.572142857143522,4423.76,22,16.6157458563536,0
"1850",1914,"NANAIMO RIVER",2017,"2017-12-27",361,361,0,7.57,8.19142857142807,8.99285714285673,11.8403333333331,-0.801428571428653,4431.33,23,16.6157458563536,0
"1851",1915,"NANAIMO RIVER",2017,"2017-12-28",362,362,0,8.7,8.11857142857376,8.9542857142868,11.4470000000001,-0.835714285713038,4440.03,24,16.6157458563536,0
"1852",1916,"NANAIMO RIVER",2017,"2017-12-29",363,363,0,13.2,8.76142857142674,9.2449999999995,11.3036666666662,-0.483571428572759,4453.23,25,16.6157458563536,0
"1853",1917,"NANAIMO RIVER",2017,"2017-12-30",364,364,0,12,9.29142857142558,9.45714285714244,10.9536666666662,-0.165714285716863,4465.23,26,16.6157458563536,0
"1854",1918,"NANAIMO RIVER",2017,"2017-12-31",365,365,0,10.7,9.67857142857143,9.5742857142863,10.5936666666666,0.104285714285133,4475.93,27,16.6157458563536,0
"1855",1919,"NANAIMO RIVER",2019,"2019-01-01",1,1,0,18.3,19.8000000000029,19.8000000000029,19.8000000000029,0,18.3,0,11.1642541436464,0
"1856",1920,"NANAIMO RIVER",2019,"2019-01-02",2,2,0,16.5,18.7000000000019,18.7000000000019,18.7000000000019,0,34.8,0,11.1642541436464,0
"1857",1921,"NANAIMO RIVER",2019,"2019-01-03",3,3,0,114,42.5250000000015,42.5250000000015,42.5250000000015,0,148.8,0,11.1642541436464,0
"1858",1922,"NANAIMO RIVER",2019,"2019-01-04",4,4,0,135,61.0200000000012,61.0200000000012,61.0200000000012,0,283.8,0,11.1642541436464,0
"1859",1923,"NANAIMO RIVER",2019,"2019-01-05",5,5,0,97.8,67.149999999999,67.149999999999,67.149999999999,0,381.6,0,11.1642541436464,0
"1860",1924,"NANAIMO RIVER",2019,"2019-01-06",6,6,0,67.1,67.1428571428571,67.1428571428571,67.1428571428571,0,448.7,0,11.1642541436464,0
"1861",1925,"NANAIMO RIVER",2019,"2019-01-07",7,7,0,47.2,70.8428571428605,64.6500000000015,64.6500000000015,6.19285714285901,495.9,0,11.1642541436464,0
"1862",1926,"NANAIMO RIVER",2019,"2019-01-08",8,8,0,35.1,73.2428571428546,61.3666666666654,61.3666666666654,11.8761904761893,531,0,11.1642541436464,0
"1863",1927,"NANAIMO RIVER",2019,"2019-01-09",9,9,0,38.8,76.4285714285714,59.1100000000006,59.1100000000006,17.3185714285708,569.8,0,11.1642541436464,0
"1864",1928,"NANAIMO RIVER",2019,"2019-01-10",10,10,0,63.7,69.2428571428546,59.5272727272717,59.5272727272717,9.71558441558297,633.5,0,11.1642541436464,0
"1865",1929,"NANAIMO RIVER",2019,"2019-01-11",11,11,0,54.4,57.7285714285723,59.100000000001,59.100000000001,-1.37142857142871,687.9,0,11.1642541436464,0
"1866",1930,"NANAIMO RIVER",2019,"2019-01-12",12,12,0,44,50.0428571428596,57.9384615384624,57.9384615384624,-7.8956043956028,731.9,0,11.1642541436464,0
"1867",1931,"NANAIMO RIVER",2019,"2019-01-13",13,13,0,35.1,45.4714285714269,56.307142857142,56.307142857142,-10.8357142857151,767,0,11.1642541436464,0
"1868",1932,"NANAIMO RIVER",2019,"2019-01-14",14,14,0,28.2,42.7571428571412,56.8000000000008,54.4333333333333,-14.0428571428596,795.2,0,11.1642541436464,0
"1869",1933,"NANAIMO RIVER",2019,"2019-01-15",15,15,0,23.1,41.0428571428596,57.1428571428571,52.4750000000004,-16.0999999999975,818.3,0,11.1642541436464,0
"1870",1934,"NANAIMO RIVER",2019,"2019-01-16",16,16,0,19.5,38.2857142857143,57.3571428571429,50.5352941176474,-19.0714285714286,837.8,0,11.1642541436464,0
"1871",1935,"NANAIMO RIVER",2019,"2019-01-17",17,17,0,17.3,31.6571428571437,50.4499999999992,48.6888888888886,-18.7928571428555,855.1,0,11.1642541436464,0
"1872",1936,"NANAIMO RIVER",2019,"2019-01-18",18,18,0,20.1,26.7571428571412,42.2428571428567,47.1842105263158,-15.4857142857155,875.2,0,11.1642541436464,0
"1873",1937,"NANAIMO RIVER",2019,"2019-01-19",19,19,0,30.4,24.8142857142832,37.4285714285714,46.3449999999997,-12.6142857142882,905.6,0,11.1642541436464,0
"1874",1938,"NANAIMO RIVER",2019,"2019-01-20",20,20,0,31.4,24.2857142857143,34.8785714285706,45.6333333333328,-10.5928571428563,937,0,11.1642541436464,0
"1875",1939,"NANAIMO RIVER",2019,"2019-01-21",21,21,0,24.6,23.7714285714277,33.2642857142845,44.6772727272725,-9.49285714285673,961.6,0,11.1642541436464,0
"1876",1940,"NANAIMO RIVER",2019,"2019-01-22",22,22,0,21.5,23.5428571428555,32.2928571428576,43.6695652173911,-8.75000000000208,983.1,0,11.1642541436464,0
"1877",1941,"NANAIMO RIVER",2019,"2019-01-23",23,23,0,23.1,24.057142857142,31.1714285714282,42.8125,-7.11428571428613,1006.2,0,11.1642541436464,0
"1878",1942,"NANAIMO RIVER",2019,"2019-01-24",24,24,0,20.3,24.4857142857135,28.0714285714286,41.9119999999995,-3.58571428571512,1026.5,0,11.1642541436464,0
"1879",1943,"NANAIMO RIVER",2019,"2019-01-25",25,25,0,17.8,24.1571428571437,25.4571428571424,40.9846153846156,-1.29999999999875,1044.3,0,11.1642541436464,0
"1880",1944,"NANAIMO RIVER",2019,"2019-01-26",26,26,0,15.8,22.0714285714286,23.4428571428559,40.0518518518516,-1.37142857142732,1060.1,0,11.1642541436464,0
"1881",1945,"NANAIMO RIVER",2019,"2019-01-27",27,27,0,14.4,19.6428571428571,21.9642857142857,39.1357142857139,-2.32142857142857,1074.5,0,11.1642541436464,0
"1882",1946,"NANAIMO RIVER",2019,"2019-01-28",28,28,0,13.1,18,20.8857142857139,38.2379310344826,-2.88571428571387,1087.6,1,11.1642541436464,0
"1883",1947,"NANAIMO RIVER",2019,"2019-01-29",29,29,0,12.1,16.6571428571437,20.0999999999996,37.3666666666667,-3.4428571428559,1099.7,2,11.1642541436464,0
"1884",1948,"NANAIMO RIVER",2019,"2019-01-30",30,30,0,11.2,14.9571428571445,19.5071428571433,37.0300000000008,-4.54999999999875,1110.9,3,11.1642541436464,0
"1885",1949,"NANAIMO RIVER",2019,"2019-01-31",31,31,0,10.4,13.5428571428596,19.0142857142865,36.7666666666667,-5.47142857142691,1121.3,4,11.1642541436464,0
"1886",1950,"NANAIMO RIVER",2019,"2019-02-01",32,32,0,12.4,12.7714285714277,18.4642857142857,36.6299999999998,-5.69285714285798,1133.7,5,11.1642541436464,0
"1887",1951,"NANAIMO RIVER",2019,"2019-02-02",33,33,0,14.7,12.6142857142882,17.3428571428584,33.3200000000002,-4.72857142857018,1148.4,0,11.1642541436464,0
"1888",1952,"NANAIMO RIVER",2019,"2019-02-03",34,34,0,13.7,12.5142857142865,16.0785714285718,29.2766666666663,-3.5642857142853,1162.1,1,11.1642541436464,0
"1889",1953,"NANAIMO RIVER",2019,"2019-02-04",35,35,0,12.6,12.442857142858,15.221428571429,26.4366666666669,-2.77857142857101,1174.7,2,11.1642541436464,0
"1890",1954,"NANAIMO RIVER",2019,"2019-02-05",36,36,0,11.6,12.3714285714294,14.5142857142865,24.5866666666669,-2.14285714285714,1186.3,3,11.1642541436464,0
"1891",1955,"NANAIMO RIVER",2019,"2019-02-06",37,37,0,10.7,12.2999999999967,13.6285714285706,23.3699999999992,-1.32857142857392,1197,4,11.1642541436464,0
"1892",1956,"NANAIMO RIVER",2019,"2019-02-07",38,38,0,9.98,12.239999999999,12.8914285714293,22.532666666667,-0.651428571430317,1206.98,5,11.1642541436464,0
"1893",1957,"NANAIMO RIVER",2019,"2019-02-08",39,39,0,9.44,11.817142857143,12.2942857142854,21.5539999999998,-0.477142857142358,1216.42,6,11.1642541436464,0
"1894",1958,"NANAIMO RIVER",2019,"2019-02-09",40,40,0,8.85,10.9814285714279,11.7978571428581,19.7256666666673,-0.816428571430151,1225.27,7,11.1642541436464,0
"1895",1959,"NANAIMO RIVER",2019,"2019-02-10",41,41,0,8.36,10.2185714285713,11.3664285714289,18.1909999999994,-1.14785714285764,1233.63,8,11.1642541436464,0
"1896",1960,"NANAIMO RIVER",2019,"2019-02-11",42,42,0,7.99,9.55999999999767,11.0014285714278,16.9906666666657,-1.44142857143015,1241.62,9,11.1642541436464,0
"1897",1961,"NANAIMO RIVER",2019,"2019-02-12",43,43,0,7.77,9.01285714285664,10.692142857143,16.0796666666671,-1.67928571428638,1249.39,10,11.1642541436464,0
"1898",1962,"NANAIMO RIVER",2019,"2019-02-13",44,44,0,7.36,8.53571428571429,10.4178571428555,15.3849999999996,-1.88214285714119,1256.75,11,11.1642541436464,0
"1899",1963,"NANAIMO RIVER",2019,"2019-02-14",45,45,0,7.05,8.11714285714386,10.1785714285714,14.85,-2.06142857142757,1263.8,12,11.1642541436464,0
"1900",1964,"NANAIMO RIVER",2019,"2019-02-15",46,46,0,6.94,7.760000000001,9.78857142857201,14.4313333333334,-2.02857142857101,1270.74,13,11.1642541436464,0
"1901",1965,"NANAIMO RIVER",2019,"2019-02-16",47,47,0,6.73,7.45714285714036,9.21928571428414,14.0789999999998,-1.76214285714377,1277.47,14,11.1642541436464,0
"1902",1966,"NANAIMO RIVER",2019,"2019-02-17",48,48,0,6.51,7.19285714285797,8.70571428571462,13.626,-1.51285714285664,1283.98,15,11.1642541436464,0
"1903",1967,"NANAIMO RIVER",2019,"2019-02-18",49,49,0,6.23,6.94142857143223,8.25071428571495,12.8203333333338,-1.30928571428272,1290.21,16,11.1642541436464,0
"1904",1968,"NANAIMO RIVER",2019,"2019-02-19",50,50,0,6.03,6.69285714285797,7.85285714285731,11.9746666666673,-1.15999999999933,1296.24,17,11.1642541436464,0
"1905",1969,"NANAIMO RIVER",2019,"2019-02-20",51,51,0,5.93,6.48857142857326,7.51214285714377,11.3523333333336,-1.02357142857051,1302.17,18,11.1642541436464,0
"1906",1970,"NANAIMO RIVER",2019,"2019-02-21",52,52,0,5.74,6.30142857142658,7.20928571428522,10.8269999999999,-0.907857142858639,1307.91,19,11.1642541436464,0
"1907",1971,"NANAIMO RIVER",2019,"2019-02-22",53,53,0,5.62,6.11285714285415,6.93642857142757,10.2443333333329,-0.823571428573425,1313.53,20,11.1642541436464,0
"1908",1972,"NANAIMO RIVER",2019,"2019-02-23",54,54,0,5.62,5.95428571428887,6.70571428571462,9.75500000000078,-0.751428571425745,1319.15,21,11.1642541436464,0
"1909",1973,"NANAIMO RIVER",2019,"2019-02-24",55,55,0,6.5,5.95285714285897,6.57285714285847,9.37833333333353,-0.619999999999501,1325.65,22,11.1642541436464,0
"1910",1974,"NANAIMO RIVER",2019,"2019-02-25",56,56,0,6.2,5.94857142856927,6.44500000000075,9.05833333333333,-0.496428571431482,1331.85,23,11.1642541436464,0
"1911",1975,"NANAIMO RIVER",2019,"2019-02-26",57,57,0,5.57,5.88285714285615,6.28785714285706,8.76400000000043,-0.405000000000914,1337.42,24,11.1642541436464,0
"1912",1976,"NANAIMO RIVER",2019,"2019-02-27",58,58,0,5.2,5.77857142856893,6.1335714285711,8.50066666666632,-0.355000000002162,1342.62,25,11.1642541436464,0
"1913",1977,"NANAIMO RIVER",2019,"2019-02-28",59,59,0,4.96,5.66714285714469,5.98428571428563,8.26266666666682,-0.317142857140944,1347.58,26,11.1642541436464,0
"1914",1978,"NANAIMO RIVER",2019,"2019-03-01",60,60,0,4.79,5.54857142857093,5.83071428571254,8.04899999999907,-0.28214285714161,1352.37,27,11.1642541436464,0
"1915",1979,"NANAIMO RIVER",2019,"2019-03-02",61,61,0,4.64,5.40857142856943,5.68142857142915,7.85699999999973,-0.272857142859721,1357.01,28,11.1642541436464,0
"1916",1980,"NANAIMO RIVER",2019,"2019-03-03",62,62,0,4.5,5.12285714285515,5.53785714285706,7.59366666666659,-0.415000000001912,1361.51,29,11.1642541436464,0
"1917",1981,"NANAIMO RIVER",2019,"2019-03-04",63,63,0,4.34,4.85714285714286,5.40285714285606,7.24833333333275,-0.545714285713205,1365.85,30,11.1642541436464,0
"1918",1982,"NANAIMO RIVER",2019,"2019-03-05",64,64,0,4.21,4.66285714285498,5.27285714285556,6.93199999999973,-0.610000000000582,1370.06,31,11.1642541436464,0
"1919",1983,"NANAIMO RIVER",2019,"2019-03-06",65,65,0,4.11,4.50714285714535,5.14285714285714,6.64900000000004,-0.635714285711791,1374.17,32,11.1642541436464,0
"1920",1984,"NANAIMO RIVER",2019,"2019-03-07",66,66,0,4.01,4.3714285714294,5.01928571428704,6.39600000000016,-0.647857142857641,1378.18,33,11.1642541436464,0
"1921",1985,"NANAIMO RIVER",2019,"2019-03-08",67,67,0,3.95,4.2514285714299,4.90000000000042,6.17100000000015,-0.648571428570514,1382.13,34,11.1642541436464,0
"1922",1986,"NANAIMO RIVER",2019,"2019-03-09",68,68,0,3.88,4.14285714285714,4.77571428571329,5.96766666666663,-0.632857142856144,1386.01,35,11.1642541436464,0
"1923",1987,"NANAIMO RIVER",2019,"2019-03-10",69,69,0,3.79,4.04142857142974,4.58214285714244,5.77933333333349,-0.540714285712706,1389.8,36,11.1642541436464,0
"1924",1988,"NANAIMO RIVER",2019,"2019-03-11",70,70,0,3.85,3.97142857143107,4.41428571428696,5.61266666666682,-0.442857142855896,1393.65,37,11.1642541436464,0
"1925",1989,"NANAIMO RIVER",2019,"2019-03-12",71,71,0,4.12,3.95857142857442,4.3107142857147,5.4713333333338,-0.352142857140279,1397.77,38,11.1642541436464,0
"1926",1990,"NANAIMO RIVER",2019,"2019-03-13",72,72,0,4.07,3.95285714285481,4.23000000000008,5.34066666666671,-0.277142857145269,1401.84,39,11.1642541436464,0
"1927",1991,"NANAIMO RIVER",2019,"2019-03-14",73,73,0,4.09,3.96428571428571,4.16785714285756,5.21800000000027,-0.203571428571844,1405.93,40,11.1642541436464,0
"1928",1992,"NANAIMO RIVER",2019,"2019-03-15",74,74,0,4.25,4.00714285714535,4.12928571428763,5.11433333333407,-0.122142857142275,1410.18,41,11.1642541436464,0
"1929",1993,"NANAIMO RIVER",2019,"2019-03-16",75,75,0,4.42,4.08428571428522,4.11357142857118,5.02666666666628,-0.0292857142859635,1414.6,42,11.1642541436464,0
"1930",1994,"NANAIMO RIVER",2019,"2019-03-17",76,76,0,4.63,4.20428571428472,4.12285714285723,4.94966666666636,0.08142857142749,1419.23,43,11.1642541436464,0
"1931",1995,"NANAIMO RIVER",2019,"2019-03-18",77,77,0,4.91,4.35571428571296,4.16357142857201,4.88900000000043,0.192142857140944,1424.14,44,11.1642541436464,0
"1932",1996,"NANAIMO RIVER",2019,"2019-03-19",78,78,0,5.43,4.54285714285548,4.25071428571495,4.85299999999988,0.292142857140529,1429.57,45,11.1642541436464,0
"1933",1997,"NANAIMO RIVER",2019,"2019-03-20",79,79,0,5.88,4.80142857143073,4.37714285714277,4.84133333333302,0.42428571428796,1435.45,46,11.1642541436464,0
"1934",1998,"NANAIMO RIVER",2019,"2019-03-21",80,80,0,6.25,5.1099999999985,4.53714285714211,4.84866666666639,0.572857142856394,1441.7,47,11.1642541436464,0
"1935",1999,"NANAIMO RIVER",2019,"2019-03-22",81,81,0,6.53,5.43571428571262,4.72142857142899,4.86866666666659,0.714285714283635,1448.23,48,11.1642541436464,0
"1936",2000,"NANAIMO RIVER",2019,"2019-03-23",82,82,0,6.58,5.74428571428455,4.91428571428488,4.89666666666647,0.829999999999668,1454.81,49,11.1642541436464,0
"1937",2001,"NANAIMO RIVER",2019,"2019-03-24",83,83,0,6.25,5.97571428571246,5.08999999999859,4.91766666666663,0.88571428571387,1461.06,50,11.1642541436464,0
"1938",2002,"NANAIMO RIVER",2019,"2019-03-25",84,84,0,5.97,6.1271428571407,5.24142857142682,4.92933333333252,0.88571428571387,1467.03,51,11.1642541436464,0
"1939",2003,"NANAIMO RIVER",2019,"2019-03-26",85,85,0,5.94,6.19999999999917,5.37142857142732,4.91066666666593,0.828571428571845,1472.97,52,11.1642541436464,0
"1940",2004,"NANAIMO RIVER",2019,"2019-03-27",86,86,0,5.86,6.19714285714352,5.49928571428713,4.89933333333368,0.697857142856395,1478.83,53,11.1642541436464,0
"1941",2005,"NANAIMO RIVER",2019,"2019-03-28",87,87,0,5.75,6.12571428571495,5.61785714285673,4.90533333333345,0.507857142858223,1484.58,54,11.1642541436464,0
"1942",2006,"NANAIMO RIVER",2019,"2019-03-29",88,88,0,5.6,5.99285714285881,5.71428571428571,4.91866666666756,0.278571428573091,1490.18,55,11.1642541436464,0
"1943",2007,"NANAIMO RIVER",2019,"2019-03-30",89,89,0,5.47,5.83428571428937,5.78928571428696,4.9356666666669,0.0450000000024113,1495.65,56,11.1642541436464,0
"1944",2008,"NANAIMO RIVER",2019,"2019-03-31",90,90,0,5.35,5.70571428571462,5.84071428571354,4.95433333333349,-0.134999999998919,1501,57,11.1642541436464,0
"1945",2009,"NANAIMO RIVER",2019,"2019-04-01",91,91,0,5.25,5.60285714285731,5.864999999999,4.97466666666636,-0.262142857141693,1506.25,58,11.1642541436464,0
"1946",2010,"NANAIMO RIVER",2019,"2019-04-02",92,92,0,5.19,5.49571428571445,5.84785714285681,4.99766666666643,-0.352142857142359,1511.44,59,11.1642541436464,0
"1947",2011,"NANAIMO RIVER",2019,"2019-04-03",93,93,0,5.8,5.48714285714336,5.84214285714344,5.0463333333338,-0.355000000000083,1517.24,60,11.1642541436464,0
"1948",2012,"NANAIMO RIVER",2019,"2019-04-04",94,94,0,6.77,5.63285714285615,5.87928571428555,5.13166666666705,-0.246428571429403,1524.01,61,11.1642541436464,0
"1949",2013,"NANAIMO RIVER",2019,"2019-04-05",95,95,0,7.42,5.89285714285714,5.94285714285797,5.24200000000031,-0.0500000000008312,1531.43,62,11.1642541436464,0
"1950",2014,"NANAIMO RIVER",2019,"2019-04-06",96,96,0,11,6.68285714285698,6.25857142857318,5.475,0.424285714283801,1542.43,63,11.1642541436464,0
"1951",2015,"NANAIMO RIVER",2019,"2019-04-07",97,97,0,14.9,8.04714285714519,6.8764285714299,5.84000000000039,1.17071428571528,1557.33,0,11.1642541436464,0
"1952",2016,"NANAIMO RIVER",2019,"2019-04-08",98,98,0,14.1,9.31142857143173,7.45714285714452,6.18066666666709,1.85428571428721,1571.43,0,11.1642541436464,0
"1953",2017,"NANAIMO RIVER",2019,"2019-04-09",99,99,0,13.5,10.4985714285743,7.99714285714435,6.50433333333349,2.5014285714299,1584.93,1,11.1642541436464,0
"1954",2018,"NANAIMO RIVER",2019,"2019-04-10",100,100,0,12.4,11.4414285714281,8.46428571428571,6.7893333333331,2.97714285714236,1597.33,2,11.1642541436464,0
"1955",2019,"NANAIMO RIVER",2019,"2019-04-11",101,101,0,11.6,12.1314285714304,8.88214285714327,7.03866666666678,3.24928571428713,1608.93,3,11.1642541436464,0
"1956",2020,"NANAIMO RIVER",2019,"2019-04-12",102,102,0,11.7,12.7428571428546,9.3178571428559,7.29300000000027,3.42499999999875,1620.63,4,11.1642541436464,0
"1957",2021,"NANAIMO RIVER",2019,"2019-04-13",103,103,0,11.3,12.7857142857143,9.73428571428563,7.53333333333333,3.05142857142866,1631.93,5,11.1642541436464,0
"1958",2022,"NANAIMO RIVER",2019,"2019-04-14",104,104,0,11.2,12.2571428571412,10.1521428571432,7.76499999999942,2.104999999998,1643.13,6,11.1642541436464,0
"1959",2023,"NANAIMO RIVER",2019,"2019-04-15",105,105,0,10.3,11.7142857142857,10.5128571428587,7.96100000000054,1.20142857142699,1653.43,7,11.1642541436464,0
"1960",2024,"NANAIMO RIVER",2019,"2019-04-16",106,106,0,9.53,11.1471428571427,10.8228571428585,8.12433333333368,0.324285714284219,1662.96,8,11.1642541436464,0
"1961",2025,"NANAIMO RIVER",2019,"2019-04-17",107,107,0,8.97,10.6571428571437,11.0492857142859,8.25966666666694,-0.392142857142193,1671.93,9,11.1642541436464,0
"1962",2026,"NANAIMO RIVER",2019,"2019-04-18",108,108,0,9.25,10.3214285714286,11.2264285714295,8.3870000000005,-0.905000000000914,1681.18,10,11.1642541436464,0
"1963",2027,"NANAIMO RIVER",2019,"2019-04-19",109,109,0,13.7,10.6071428571429,11.6749999999988,8.64766666666643,-1.06785714285589,1694.88,11,11.1642541436464,0
"1964",2028,"NANAIMO RIVER",2019,"2019-04-20",110,110,0,16.2,11.307142857142,12.0464285714282,8.97933333333349,-0.73928571428613,1711.08,0,11.1642541436464,0
"1965",2029,"NANAIMO RIVER",2019,"2019-04-21",111,111,0,13.2,11.5928571428563,11.9249999999988,9.20166666666628,-0.33214285714244,1724.28,1,11.1642541436464,0
"1966",2030,"NANAIMO RIVER",2019,"2019-04-22",112,112,0,12.1,11.8499999999975,11.7821428571416,9.3856666666669,0.0678571428558961,1736.38,2,11.1642541436464,0
"1967",2031,"NANAIMO RIVER",2019,"2019-04-23",113,113,0,11.9,12.1885714285683,11.6678571428555,9.57400000000004,0.520714285712788,1748.28,3,11.1642541436464,0
"1968",2032,"NANAIMO RIVER",2019,"2019-04-24",114,114,0,11.3,12.5214285714277,11.5892857142857,9.75166666666725,0.932142857142026,1759.58,4,11.1642541436464,0
"1969",2033,"NANAIMO RIVER",2019,"2019-04-25",115,115,0,10.5,12.6999999999992,11.5107142857139,9.90366666666717,1.1892857142853,1770.08,5,11.1642541436464,0
"1970",2034,"NANAIMO RIVER",2019,"2019-04-26",116,116,0,9.67,12.124285714285,11.365714285714,10.0306666666661,0.758571428571097,1779.75,6,11.1642541436464,0
"1971",2035,"NANAIMO RIVER",2019,"2019-04-27",117,117,0,8.96,11.0900000000007,11.1985714285713,10.1376666666668,-0.108571428570679,1788.71,7,11.1642541436464,0
"1972",2036,"NANAIMO RIVER",2019,"2019-04-28",118,118,0,8.27,10.3857142857159,10.9892857142861,10.2266666666663,-0.603571428570181,1796.98,8,11.1642541436464,0
"1973",2037,"NANAIMO RIVER",2019,"2019-04-29",119,119,0,7.66,9.7514285714299,10.8007142857137,10.2996666666664,-1.0492857142838,1804.64,9,11.1642541436464,0
"1974",2038,"NANAIMO RIVER",2019,"2019-04-30",120,120,0,7.16,9.07428571428838,10.6314285714283,10.3600000000006,-1.55714285713995,1811.8,10,11.1642541436464,0
"1975",2039,"NANAIMO RIVER",2019,"2019-05-01",121,121,0,6.64,8.40857142856943,10.4649999999986,10.4063333333334,-2.05642857142915,1818.44,11,11.1642541436464,0
"1976",2040,"NANAIMO RIVER",2019,"2019-05-02",122,122,0,6.14,7.78571428571429,10.2428571428567,10.4380000000005,-2.45714285714244,1824.58,12,11.1642541436464,0
"1977",2041,"NANAIMO RIVER",2019,"2019-05-03",123,123,0,5.57,7.20000000000333,9.66214285714419,10.4303333333334,-2.46214285714086,1830.15,13,11.1642541436464,0
"1978",2042,"NANAIMO RIVER",2019,"2019-05-04",124,124,0,5.17,6.65857142856943,8.87428571428505,10.3769999999999,-2.21571428571562,1835.32,14,11.1642541436464,0
"1979",2043,"NANAIMO RIVER",2019,"2019-05-05",125,125,0,5.17,6.21571428571562,8.30071428571578,10.3019999999999,-2.08500000000017,1840.49,15,11.1642541436464,0
"1980",2044,"NANAIMO RIVER",2019,"2019-05-06",126,126,0,4.96,5.82999999999967,7.79071428571478,10.1006666666663,-1.96071428571512,1845.45,16,11.1642541436464,0
"1981",2045,"NANAIMO RIVER",2019,"2019-05-07",127,127,0,4.9,5.50714285714119,7.29071428571478,9.76733333333298,-1.78357142857359,1850.35,17,11.1642541436464,0
"1982",2046,"NANAIMO RIVER",2019,"2019-05-08",128,128,0,4.41,5.18857142857243,6.79857142857093,9.44433333333291,-1.6099999999985,1854.76,18,11.1642541436464,0
"1983",2047,"NANAIMO RIVER",2019,"2019-05-09",129,129,0,3.68,4.83714285714086,6.31142857142757,9.11699999999934,-1.47428571428671,1858.44,19,11.1642541436464,0
"1984",2048,"NANAIMO RIVER",2019,"2019-05-10",130,130,0,4.21,4.64285714285714,5.92142857143023,8.84400000000023,-1.27857142857309,1862.65,20,11.1642541436464,0
"1985",2049,"NANAIMO RIVER",2019,"2019-05-11",131,131,0,4.72,4.57857142856977,5.6185714285696,8.61466666666577,-1.03999999999983,1867.37,21,11.1642541436464,0
"1986",2050,"NANAIMO RIVER",2019,"2019-05-12",132,132,0,4.91,4.54142857142558,5.3785714285706,8.38833333333314,-0.837142857145019,1872.28,22,11.1642541436464,0
"1987",2051,"NANAIMO RIVER",2019,"2019-05-13",133,133,0,4.91,4.53428571428438,5.18214285714203,8.17533333333267,-0.647857142857641,1877.19,23,11.1642541436464,0
"1988",2052,"NANAIMO RIVER",2019,"2019-05-14",134,134,0,5.93,4.68142857142707,5.09428571428413,7.99966666666636,-0.412857142857059,1883.12,24,11.1642541436464,0
"1989",2053,"NANAIMO RIVER",2019,"2019-05-15",135,135,0,6.61,4.99571428571445,5.09214285714344,7.87666666666628,-0.0964285714289872,1889.73,25,11.1642541436464,0
"1990",2054,"NANAIMO RIVER",2019,"2019-05-16",136,136,0,6.52,5.40142857142824,5.11928571428455,7.77633333333263,0.282142857143689,1896.25,26,11.1642541436464,0
"1991",2055,"NANAIMO RIVER",2019,"2019-05-17",137,137,0,6.39,5.71285714285581,5.17785714285648,7.69033333333306,0.534999999999335,1902.64,27,11.1642541436464,0
"1992",2056,"NANAIMO RIVER",2019,"2019-05-18",138,138,0,5.8,5.86714285714385,5.22285714285681,7.57533333333267,0.644285714287045,1908.44,28,11.1642541436464,0
"1993",2057,"NANAIMO RIVER",2019,"2019-05-19",139,139,0,5.54,5.95714285714452,5.24928571428505,7.30333333333353,0.707857142859471,1913.98,29,11.1642541436464,0
"1994",2058,"NANAIMO RIVER",2019,"2019-05-20",140,140,0,5.37,6.02285714285764,5.27857142857101,6.94233333333298,0.744285714286629,1919.35,30,11.1642541436464,0
"1995",2059,"NANAIMO RIVER",2019,"2019-05-21",141,141,0,5.07,5.90000000000249,5.29071428571478,6.6713333333338,0.60928571428771,1924.42,31,11.1642541436464,0
"1996",2060,"NANAIMO RIVER",2019,"2019-05-22",142,142,0,4.84,5.64714285714269,5.32142857142857,6.42933333333349,0.32571428571412,1929.26,32,11.1642541436464,0
"1997",2061,"NANAIMO RIVER",2019,"2019-05-23",143,143,0,4.41,5.34571428571611,5.37357142857218,6.17966666666713,-0.0278571428560621,1933.67,33,11.1642541436464,0
"1998",2062,"NANAIMO RIVER",2019,"2019-05-24",144,144,0,4.01,5.00571428571545,5.35928571428563,5.93666666666686,-0.353571428570182,1937.68,34,11.1642541436464,0
"1999",2063,"NANAIMO RIVER",2019,"2019-05-25",145,145,0,3.95,4.7414285714289,5.30428571428638,5.71833333333295,-0.562857142857475,1941.63,35,11.1642541436464,0
"2000",2064,"NANAIMO RIVER",2019,"2019-05-26",146,146,0,3.84,4.4985714285701,5.22785714285731,5.52400000000004,-0.729285714287212,1945.47,36,11.1642541436464,0
"2001",2065,"NANAIMO RIVER",2019,"2019-05-27",147,147,0,3.67,4.25571428571545,5.13928571428655,5.34766666666643,-0.883571428571096,1949.14,37,11.1642541436464,0
"2002",2066,"NANAIMO RIVER",2019,"2019-05-28",148,148,0,3.4,4.01714285714219,4.95857142857234,5.18533333333326,-0.941428571430151,1952.54,38,11.1642541436464,0
"2003",2067,"NANAIMO RIVER",2019,"2019-05-29",149,149,0,3.16,3.77714285714319,4.71214285714294,5.03533333333326,-0.934999999999751,1955.7,39,11.1642541436464,0
"2004",2068,"NANAIMO RIVER",2019,"2019-05-30",150,150,0,2.74,3.53857142856993,4.44214285714302,4.8879999999995,-0.903571428573092,1958.44,40,11.1642541436464,0
"2005",2069,"NANAIMO RIVER",2019,"2019-05-31",151,151,0,2.5,3.32285714285432,4.16428571428488,4.75,-0.841428571430567,1960.94,41,11.1642541436464,0
"2006",2070,"NANAIMO RIVER",2019,"2019-06-01",152,152,0,2.46,3.11000000000266,3.92571428571578,4.62733333333357,-0.815714285713121,1963.4,42,11.1642541436464,0
"2007",2071,"NANAIMO RIVER",2019,"2019-06-02",153,153,0,2.44,2.90999999999933,3.70428571428472,4.52299999999911,-0.794285714285381,1965.84,43,11.1642541436464,0
"2008",2072,"NANAIMO RIVER",2019,"2019-06-03",154,154,0,2.4,2.72857142857226,3.49214285714385,4.43066666666709,-0.763571428571595,1968.24,44,11.1642541436464,0
"2009",2073,"NANAIMO RIVER",2019,"2019-06-04",155,155,0,2.3,2.57142857142857,3.29428571428538,4.33499999999961,-0.72285714285681,1970.54,45,11.1642541436464,0
"2010",2074,"NANAIMO RIVER",2019,"2019-06-05",156,156,0,2.23,2.43857142857243,3.10785714285781,4.24400000000023,-0.669285714285381,1972.77,46,11.1642541436464,0
"2011",2075,"NANAIMO RIVER",2019,"2019-06-06",157,157,0,2.26,2.3699999999995,2.95428571428472,4.15599999999977,-0.584285714285215,1975.03,47,11.1642541436464,0
"2012",2076,"NANAIMO RIVER",2019,"2019-06-07",158,158,0,2.14,2.31857142857293,2.82071428571362,4.08033333333345,-0.502142857140695,1977.17,48,11.1642541436464,0
"2013",2077,"NANAIMO RIVER",2019,"2019-06-08",159,159,0,2,2.25285714285565,2.68142857142915,4.02433333333368,-0.428571428573508,1979.17,49,11.1642541436464,0
"2014",2078,"NANAIMO RIVER",2019,"2019-06-09",160,160,0,2,2.19000000000233,2.55000000000083,3.95066666666632,-0.359999999998503,1981.17,50,11.1642541436464,0
"2015",2079,"NANAIMO RIVER",2019,"2019-06-10",161,161,0,1.99,2.13142857142624,2.42999999999925,3.85966666666694,-0.298571428573008,1983.16,51,11.1642541436464,0
"2016",2080,"NANAIMO RIVER",2019,"2019-06-11",162,162,0,1.97,2.08428571428522,2.32785714285689,3.76166666666686,-0.243571428571678,1985.13,52,11.1642541436464,0
"2017",2081,"NANAIMO RIVER",2019,"2019-06-12",163,163,0,1.96,2.04571428571113,2.24214285714178,3.66333333333314,-0.19642857143065,1987.09,53,11.1642541436464,0
"2018",2082,"NANAIMO RIVER",2019,"2019-06-13",164,164,0,1.93,1.99857142857426,2.18428571428688,3.53000000000078,-0.185714285712623,1989.02,54,11.1642541436464,0
"2019",2083,"NANAIMO RIVER",2019,"2019-06-14",165,165,0,1.94,1.97000000000116,2.14428571428704,3.37433333333368,-0.17428571428588,1990.96,55,11.1642541436464,0
"2020",2084,"NANAIMO RIVER",2019,"2019-06-15",166,166,0,1.89,1.95428571428472,2.10357142857018,3.22000000000019,-0.149285714285465,1992.85,56,11.1642541436464,0
"2021",2085,"NANAIMO RIVER",2019,"2019-06-16",167,167,0,1.87,1.93571428571262,2.06285714285748,3.06933333333291,-0.127142857144853,1994.72,57,11.1642541436464,0
"2022",2086,"NANAIMO RIVER",2019,"2019-06-17",168,168,0,1.87,1.91857142857043,2.02499999999834,2.93833333333314,-0.106428571427906,1996.59,58,11.1642541436464,0
"2023",2087,"NANAIMO RIVER",2019,"2019-06-18",169,169,0,1.82,1.89714285714269,1.99071428571395,2.8143333333331,-0.0935714285712621,1998.41,59,11.1642541436464,0
"2024",2088,"NANAIMO RIVER",2019,"2019-06-19",170,170,0,1.89,1.88714285714585,1.96642857142849,2.69833333333372,-0.0792857142826378,2000.3,60,11.1642541436464,0
"2025",2089,"NANAIMO RIVER",2019,"2019-06-20",171,171,0,2.15,1.91857142857043,1.95857142857234,2.60099999999996,-0.0400000000019125,2002.45,61,11.1642541436464,0
"2026",2090,"NANAIMO RIVER",2019,"2019-06-21",172,172,0,2.01,1.92857142857143,1.9492857142863,2.50666666666705,-0.0207142857148677,2004.46,62,11.1642541436464,0
"2027",2091,"NANAIMO RIVER",2019,"2019-06-22",173,173,0,1.92,1.93285714285698,1.94357142857085,2.42366666666639,-0.01071428571387,2006.38,63,11.1642541436464,0
"2028",2092,"NANAIMO RIVER",2019,"2019-06-23",174,174,0,1.92,1.94000000000233,1.93785714285748,2.35399999999984,0.00214285714485274,2008.3,64,11.1642541436464,0
"2029",2093,"NANAIMO RIVER",2019,"2019-06-24",175,175,0,1.84,1.93571428571678,1.92714285714361,2.28366666666698,0.00857142857317483,2010.14,65,11.1642541436464,0
"2030",2094,"NANAIMO RIVER",2019,"2019-06-25",176,176,0,1.7,1.91857142857043,1.90785714285656,2.21233333333318,0.01071428571387,2011.84,66,11.1642541436464,0
"2031",2095,"NANAIMO RIVER",2019,"2019-06-26",177,177,0,1.67,1.88714285714169,1.88714285714377,2.14566666666651,-2.07878159130814e-12,2013.51,67,11.1642541436464,0
"2032",2096,"NANAIMO RIVER",2019,"2019-06-27",178,178,0,1.88,1.84857142857176,1.8835714285711,2.09500000000019,-0.0349999999993349,2015.39,68,11.1642541436464,0
"2033",2097,"NANAIMO RIVER",2019,"2019-06-28",179,179,0,1.87,1.82857142856977,1.8785714285706,2.05199999999992,-0.0500000000008316,2017.26,69,11.1642541436464,0
"2034",2098,"NANAIMO RIVER",2019,"2019-06-29",180,180,0,1.77,1.80714285714203,1.8699999999995,2.01966666666655,-0.0628571428574756,2019.03,70,11.1642541436464,0
"2035",2099,"NANAIMO RIVER",2019,"2019-06-30",181,181,0,1.7,1.77571428571329,1.85785714285781,1.99300000000027,-0.0821428571445202,2020.73,71,11.1642541436464,0
"2036",2100,"NANAIMO RIVER",2019,"2019-07-01",182,182,0,1.66,1.75,1.84285714285839,1.96633333333302,-0.0928571428583902,2022.39,72,11.1642541436464,0
"2037",2101,"NANAIMO RIVER",2019,"2019-07-02",183,183,0,1.63,1.74000000000316,1.8292857142868,1.93933333333407,-0.0892857142836354,2024.02,73,11.1642541436464,0
"2038",2102,"NANAIMO RIVER",2019,"2019-07-03",184,184,0,1.63,1.73428571428771,1.8107142857147,1.91366666666678,-0.0764285714269914,2025.65,74,11.1642541436464,0
"2039",2103,"NANAIMO RIVER",2019,"2019-07-04",185,185,0,1.64,1.69999999999917,1.77428571428546,1.89166666666667,-0.0742857142862965,2027.29,75,11.1642541436464,0
"2040",2104,"NANAIMO RIVER",2019,"2019-07-05",186,186,0,1.66,1.67000000000033,1.74928571428505,1.87266666666643,-0.0792857142847165,2028.95,76,11.1642541436464,0
"2041",2105,"NANAIMO RIVER",2019,"2019-07-06",187,187,0,1.68,1.65714285714369,1.73214285714286,1.85333333333353,-0.0749999999991686,2030.63,77,11.1642541436464,0
"2042",2106,"NANAIMO RIVER",2019,"2019-07-07",188,188,0,1.72,1.65999999999933,1.71785714285631,1.8393333333331,-0.0578571428569767,2032.35,78,11.1642541436464,0
"2043",2107,"NANAIMO RIVER",2019,"2019-07-08",189,189,0,1.69,1.66428571428488,1.70714285714244,1.82899999999984,-0.0428571428575586,2034.04,79,11.1642541436464,0
"2044",2108,"NANAIMO RIVER",2019,"2019-07-09",190,190,0,1.67,1.67000000000033,1.70500000000175,1.81800000000027,-0.0350000000014137,2035.71,80,11.1642541436464,0
"2045",2109,"NANAIMO RIVER",2019,"2019-07-10",191,191,0,1.86,1.70285714285481,1.71857142857126,1.81366666666678,-0.0157142857164478,2037.57,81,11.1642541436464,0
"2046",2110,"NANAIMO RIVER",2019,"2019-07-11",192,192,0,1.91,1.7414285714289,1.72071428571404,1.81166666666686,0.0207142857148677,2039.48,82,11.1642541436464,0
"2047",2111,"NANAIMO RIVER",2019,"2019-07-12",193,193,0,1.8,1.76142857142674,1.71571428571354,1.80633333333341,0.0457142857132049,2041.28,83,11.1642541436464,0
"2048",2112,"NANAIMO RIVER",2019,"2019-07-13",194,194,0,1.73,1.76857142857209,1.71285714285789,1.79966666666636,0.0557142857142026,2043.01,84,11.1642541436464,0
"2049",2113,"NANAIMO RIVER",2019,"2019-07-14",195,195,0,1.67,1.7614285714309,1.71071428571512,1.79066666666671,0.0507142857157825,2044.68,85,11.1642541436464,0
"2050",2114,"NANAIMO RIVER",2019,"2019-07-15",196,196,0,1.66,1.75714285714119,1.71071428571304,1.78299999999969,0.0464285714281556,2046.34,86,11.1642541436464,0
"2051",2115,"NANAIMO RIVER",2019,"2019-07-16",197,197,0,1.69,1.75999999999684,1.71499999999859,1.77699999999992,0.0449999999982538,2048.03,87,11.1642541436464,0
"2052",2116,"NANAIMO RIVER",2019,"2019-07-17",198,198,0,1.67,1.73285714285781,1.71785714285631,1.77033333333384,0.0150000000014967,2049.7,88,11.1642541436464,0
"2053",2117,"NANAIMO RIVER",2019,"2019-07-18",199,199,0,1.72,1.70571428571462,1.72357142857176,1.76700000000031,-0.0178571428571428,2051.42,89,11.1642541436464,0
"2054",2118,"NANAIMO RIVER",2019,"2019-07-19",200,200,0,1.9,1.72000000000116,1.74071428571395,1.76733333333298,-0.0207142857127889,2053.32,90,11.1642541436464,0
"2055",2119,"NANAIMO RIVER",2019,"2019-07-20",201,201,0,1.81,1.73142857142791,1.75,1.75599999999977,-0.0185714285720937,2055.13,91,11.1642541436464,0
"2056",2120,"NANAIMO RIVER",2019,"2019-07-21",202,202,0,1.73,1.739999999999,1.75071428571495,1.74666666666647,-0.0107142857159488,2056.86,92,11.1642541436464,0
"2057",2121,"NANAIMO RIVER",2019,"2019-07-22",203,203,0,1.66,1.74000000000316,1.74857142857218,1.73800000000047,-0.00857142856901705,2058.52,93,11.1642541436464,0
"2058",2122,"NANAIMO RIVER",2019,"2019-07-23",204,204,0,1.64,1.73285714285781,1.74642857142732,1.7286666666662,-0.0135714285695161,2060.16,94,11.1642541436464,0
"2059",2123,"NANAIMO RIVER",2019,"2019-07-24",205,205,0,1.64,1.72857142857226,1.73071428571503,1.72200000000012,-0.00214285714277396,2061.8,95,11.1642541436464,0
"2060",2124,"NANAIMO RIVER",2019,"2019-07-25",206,206,0,1.61,1.71285714285581,1.70928571428522,1.71900000000023,0.003571428570597,2063.41,96,11.1642541436464,0
"2061",2125,"NANAIMO RIVER",2019,"2019-07-26",207,207,0,1.6,1.67000000000033,1.69500000000075,1.71666666666667,-0.0250000000004158,2065.01,97,11.1642541436464,0
"2062",2126,"NANAIMO RIVER",2019,"2019-07-27",208,208,0,1.58,1.63714285714169,1.6842857142848,1.70666666666608,-0.0471428571431065,2066.59,98,11.1642541436464,0
"2063",2127,"NANAIMO RIVER",2019,"2019-07-28",209,209,0,1.59,1.61714285714386,1.67857142857143,1.69733333333376,-0.0614285714275735,2068.18,99,11.1642541436464,0
"2064",2128,"NANAIMO RIVER",2019,"2019-07-29",210,210,0,1.57,1.60428571428305,1.67214285714311,1.69066666666671,-0.0678571428600532,2069.75,100,11.1642541436464,0
"2065",2129,"NANAIMO RIVER",2019,"2019-07-30",211,211,0,1.58,1.59571428571612,1.66428571428696,1.68666666666686,-0.0685714285708465,2071.33,101,11.1642541436464,0
"2066",2130,"NANAIMO RIVER",2019,"2019-07-31",212,212,0,1.63,1.59428571428621,1.66142857142924,1.6856666666669,-0.0671428571430235,2072.96,102,11.1642541436464,0
"2067",2131,"NANAIMO RIVER",2019,"2019-08-01",213,213,0,1.86,1.6300000000005,1.67142857142816,1.69333333333295,-0.0414285714276568,2074.82,103,11.1642541436464,0
"2068",2132,"NANAIMO RIVER",2019,"2019-08-02",214,214,0,3.16,1.85285714285731,1.76142857142882,1.74433333333291,0.0914285714284881,2077.98,104,11.1642541436464,0
"2069",2133,"NANAIMO RIVER",2019,"2019-08-03",215,215,0,2.4,1.97000000000116,1.80357142857143,1.76966666666655,0.166428571429736,2080.38,105,11.1642541436464,0
"2070",2134,"NANAIMO RIVER",2019,"2019-08-04",216,216,0,2.13,2.04714285714103,1.83214285714244,1.78533333333326,0.214999999998587,2082.51,106,11.1642541436464,0
"2071",2135,"NANAIMO RIVER",2019,"2019-08-05",217,217,0,2.04,2.11428571428821,1.85928571428563,1.79733333333376,0.255000000002578,2084.55,107,11.1642541436464,0
"2072",2136,"NANAIMO RIVER",2019,"2019-08-06",218,218,0,1.98,2.17142857142608,1.8835714285711,1.80599999999977,0.287857142854981,2086.53,108,11.1642541436464,0
"2073",2137,"NANAIMO RIVER",2019,"2019-08-07",219,219,0,1.94,2.21571428571146,1.90499999999884,1.8143333333331,0.310714285712623,2088.47,109,11.1642541436464,0
"2074",2138,"NANAIMO RIVER",2019,"2019-08-08",220,220,0,1.89,2.22000000000116,1.92500000000083,1.82166666666647,0.295000000000333,2090.36,110,11.1642541436464,0
"2075",2139,"NANAIMO RIVER",2019,"2019-08-09",221,221,0,1.86,2.03428571428438,1.94357142857085,1.82166666666647,0.0907142857135372,2092.22,111,11.1642541436464,0
"2076",2140,"NANAIMO RIVER",2019,"2019-08-10",222,222,0,1.84,1.95428571428472,1.96214285714294,1.81933333333291,-0.0078571428582237,2094.06,112,11.1642541436464,0
"2077",2141,"NANAIMO RIVER",2019,"2019-08-11",223,223,0,1.84,1.91285714285914,1.98000000000008,1.82066666666748,-0.0671428571409447,2095.9,113,11.1642541436464,0
"2078",2142,"NANAIMO RIVER",2019,"2019-08-12",224,224,0,1.79,1.8771428571407,1.99571428571445,1.82266666666643,-0.118571428573757,2097.69,114,11.1642541436464,0
"2079",2143,"NANAIMO RIVER",2019,"2019-08-13",225,225,0,1.83,1.85571428571711,2.01357142857159,1.82799999999988,-0.157857142854482,2099.52,115,11.1642541436464,0
"2080",2144,"NANAIMO RIVER",2019,"2019-08-14",226,226,0,1.87,1.84571428571612,2.03071428571379,1.83500000000058,-0.184999999997672,2101.39,116,11.1642541436464,0
"2081",2145,"NANAIMO RIVER",2019,"2019-08-15",227,227,0,1.81,1.83428571428522,2.02714285714319,1.83900000000043,-0.192857142857974,2103.2,117,11.1642541436464,0
"2082",2146,"NANAIMO RIVER",2019,"2019-08-16",228,228,0,1.81,1.82714285714402,1.9307142857142,1.84366666666659,-0.103571428570181,2105.01,118,11.1642541436464,0
"2083",2147,"NANAIMO RIVER",2019,"2019-08-17",229,229,0,1.78,1.81857142857293,1.88642857142882,1.84566666666651,-0.0678571428558956,2106.79,119,11.1642541436464,0
"2084",2148,"NANAIMO RIVER",2019,"2019-08-18",230,230,0,1.77,1.80857142856777,1.86071428571345,1.84133333333302,-0.0521428571456843,2108.56,120,11.1642541436464,0
"2085",2149,"NANAIMO RIVER",2019,"2019-08-19",231,231,0,1.76,1.80428571428638,1.84071428571354,1.83966666666674,-0.0364285714271577,2110.32,121,11.1642541436464,0
"2086",2150,"NANAIMO RIVER",2019,"2019-08-20",232,232,0,1.74,1.79142857142558,1.82357142857135,1.83999999999942,-0.0321428571457674,2112.06,122,11.1642541436464,0
"2087",2151,"NANAIMO RIVER",2019,"2019-08-21",233,233,0,1.72,1.76999999999784,1.80785714285698,1.84199999999934,-0.0378571428591385,2113.78,123,11.1642541436464,0
"2088",2152,"NANAIMO RIVER",2019,"2019-08-22",234,234,0,1.73,1.7585714285711,1.79642857142816,1.84500000000019,-0.0378571428570595,2115.51,124,11.1642541436464,0
"2089",2153,"NANAIMO RIVER",2019,"2019-08-23",235,235,0,1.74,1.7485714285701,1.78785714285706,1.84833333333275,-0.0392857142869616,2117.25,125,11.1642541436464,0
"2090",2154,"NANAIMO RIVER",2019,"2019-08-24",236,236,0,1.72,1.739999999999,1.77928571428596,1.85199999999992,-0.0392857142869616,2118.97,126,11.1642541436464,0
"2091",2155,"NANAIMO RIVER",2019,"2019-08-25",237,237,0,1.69,1.72857142857226,1.76857142857001,1.85499999999981,-0.0399999999977547,2120.66,127,11.1642541436464,0
"2092",2156,"NANAIMO RIVER",2019,"2019-08-26",238,238,0,1.67,1.71571428571562,1.760000000001,1.85800000000066,-0.0442857142853816,2122.33,128,11.1642541436464,0
"2093",2157,"NANAIMO RIVER",2019,"2019-08-27",239,239,0,1.65,1.70285714285897,1.74714285714228,1.85999999999961,-0.0442857142833029,2123.98,129,11.1642541436464,0
"2094",2158,"NANAIMO RIVER",2019,"2019-08-28",240,240,0,1.61,1.68714285714252,1.72857142857018,1.86133333333322,-0.0414285714276568,2125.59,130,11.1642541436464,0
"2095",2159,"NANAIMO RIVER",2019,"2019-08-29",241,241,0,1.61,1.67000000000033,1.71428571428571,1.86233333333318,-0.0442857142853816,2127.2,131,11.1642541436464,0
"2096",2160,"NANAIMO RIVER",2019,"2019-08-30",242,242,0,1.62,1.65285714285814,1.70071428571412,1.86199999999953,-0.0478571428559786,2128.82,132,11.1642541436464,0
"2097",2161,"NANAIMO RIVER",2019,"2019-08-31",243,243,0,1.62,1.63857142857159,1.6892857142853,1.85399999999984,-0.0507142857137037,2130.44,133,11.1642541436464,0
"2098",2162,"NANAIMO RIVER",2019,"2019-09-01",244,244,0,1.67,1.63571428571595,1.6821428571441,1.80433333333349,-0.0464285714281556,2132.11,134,11.1642541436464,0
"2099",2163,"NANAIMO RIVER",2019,"2019-09-02",245,245,0,1.65,1.63285714285614,1.67428571428588,1.77933333333349,-0.0414285714297358,2133.76,135,11.1642541436464,0
"2100",2164,"NANAIMO RIVER",2019,"2019-09-03",246,246,0,1.61,1.6271428571407,1.66499999999983,1.76199999999953,-0.0378571428591385,2135.37,136,11.1642541436464,0
"2101",2165,"NANAIMO RIVER",2019,"2019-09-04",247,247,0,1.58,1.6228571428593,1.65500000000091,1.74666666666647,-0.0321428571416098,2136.95,137,11.1642541436464,0
"2102",2166,"NANAIMO RIVER",2019,"2019-09-05",248,248,0,1.57,1.61714285714386,1.64357142857209,1.73300000000066,-0.0264285714282386,2138.52,138,11.1642541436464,0
"2103",2167,"NANAIMO RIVER",2019,"2019-09-06",249,249,0,1.54,1.60571428571296,1.62928571428555,1.71966666666655,-0.0235714285725928,2140.06,139,11.1642541436464,0
"2104",2168,"NANAIMO RIVER",2019,"2019-09-07",250,250,0,1.54,1.59428571428621,1.6164285714289,1.70799999999969,-0.0221428571426907,2141.6,140,11.1642541436464,0
"2105",2169,"NANAIMO RIVER",2019,"2019-09-08",251,251,0,1.55,1.57714285714402,1.60642857142999,1.6976666666674,-0.0292857142859637,2143.15,141,11.1642541436464,0
"2106",2170,"NANAIMO RIVER",2019,"2019-09-09",252,252,1,1.61,1.57142857142857,1.60214285714236,1.69000000000039,-0.0307142857137868,2144.76,142,11.1642541436464,0
"2107",2171,"NANAIMO RIVER",2020,"2020-01-01",1,1,0,17.7,10.317142857143,13.6514285714282,10.6123333333332,-3.33428571428522,17.7,0,15.4281215469613,0
"2108",2172,"NANAIMO RIVER",2020,"2020-01-02",2,2,0,17,11.2457142857145,13.4371428571425,10.9819999999997,-2.19142857142807,34.7,0,15.4281215469613,0
"2109",2173,"NANAIMO RIVER",2020,"2020-01-03",3,3,0,39.7,15.5414285714297,14.6371428571438,12.1036666666672,0.904285714285963,74.4,0,15.4281215469613,0
"2110",2174,"NANAIMO RIVER",2020,"2020-01-04",4,4,0,59.1,22.729999999998,17.479999999998,13.8743333333327,5.25,133.5,0,15.4281215469613,0
"2111",2175,"NANAIMO RIVER",2020,"2020-01-05",5,5,0,45.3,28.0328571428586,19.5085714285711,15.1630000000005,8.52428571428754,178.8,0,15.4281215469613,0
"2112",2176,"NANAIMO RIVER",2020,"2020-01-06",6,6,0,37.5,32.2814285714287,21.1228571428572,16.1526666666672,11.1585714285715,216.3,0,15.4281215469613,0
"2113",2177,"NANAIMO RIVER",2020,"2020-01-07",7,7,0,79.8,42.3000000000008,25.8799999999984,18.5603333333333,16.4200000000024,296.1,0,15.4281215469613,0
"2114",2178,"NANAIMO RIVER",2020,"2020-01-08",8,8,0,69.2,49.6571428571437,29.9871428571434,20.6316666666671,19.6700000000003,365.3,0,15.4281215469613,0
"2115",2179,"NANAIMO RIVER",2020,"2020-01-09",9,9,0,47.7,54.0428571428555,32.644285714285,22,21.3985714285705,413,0,15.4281215469613,0
"2116",2180,"NANAIMO RIVER",2020,"2020-01-10",10,10,0,36,53.5142857142824,34.5278571428561,22.9859999999996,18.9864285714263,449,0,15.4281215469613,0
"2117",2181,"NANAIMO RIVER",2020,"2020-01-11",11,11,0,30,49.3571428571429,36.0435714285704,23.6573333333324,13.3135714285724,479,0,15.4281215469613,0
"2118",2182,"NANAIMO RIVER",2020,"2020-01-12",12,12,0,24.8,46.4285714285714,37.230714285715,24.1406666666667,9.1978571428564,503.8,0,15.4281215469613,0
"2119",2183,"NANAIMO RIVER",2020,"2020-01-13",13,13,0,21,44.0714285714286,38.1764285714287,24.5426666666666,5.89499999999992,524.8,0,15.4281215469613,0
"2120",2184,"NANAIMO RIVER",2020,"2020-01-14",14,14,0,18.2,35.2714285714277,38.7857142857143,24.8779999999999,-3.51428571428654,543,0,15.4281215469613,0
"2121",2185,"NANAIMO RIVER",2020,"2020-01-15",15,15,0,16.5,27.7428571428546,38.6999999999992,25.1753333333327,-10.9571428571445,559.5,0,15.4281215469613,0
"2122",2186,"NANAIMO RIVER",2020,"2020-01-16",16,16,0,15.6,23.1571428571437,38.5999999999996,25.424,-15.4428571428559,575.1,0,15.4281215469613,0
"2123",2187,"NANAIMO RIVER",2020,"2020-01-17",17,17,0,14.5,20.0857142857151,36.7999999999988,25.4339999999996,-16.7142857142836,589.6,0,15.4281215469613,0
"2124",2188,"NANAIMO RIVER",2020,"2020-01-18",18,18,0,14.4,17.8571428571429,33.6071428571429,25.2473333333328,-15.75,604,0,15.4281215469613,0
"2125",2189,"NANAIMO RIVER",2020,"2020-01-19",19,19,0,19.1,17.0428571428555,31.7357142857135,25.1206666666665,-14.692857142858,623.1,0,15.4281215469613,0
"2126",2190,"NANAIMO RIVER",2020,"2020-01-20",20,20,0,33.1,18.7714285714277,31.4214285714282,25.5806666666661,-12.6500000000004,656.2,0,15.4281215469613,0
"2127",2191,"NANAIMO RIVER",2020,"2020-01-21",21,21,0,43.6,22.4000000000025,28.8357142857151,26.4706666666665,-6.43571428571262,699.8,0,15.4281215469613,0
"2128",2192,"NANAIMO RIVER",2020,"2020-01-22",22,22,0,47.5,26.8285714285739,27.2857142857143,27.5573333333334,-0.457142857140362,747.3,0,15.4281215469613,0
"2129",2193,"NANAIMO RIVER",2020,"2020-01-23",23,23,0,94.4,38.0857142857151,30.6214285714294,30.2639999999995,7.46428571428572,841.7,0,15.4281215469613,0
"2130",2194,"NANAIMO RIVER",2020,"2020-01-24",24,24,0,90.4,48.9285714285714,34.5071428571433,32.8873333333332,14.4214285714282,932.1,0,15.4281215469613,0
"2131",2195,"NANAIMO RIVER",2020,"2020-01-25",25,25,0,62.9,55.8571428571429,36.8571428571429,34.6339999999997,19,995,0,15.4281215469613,0
"2132",2196,"NANAIMO RIVER",2020,"2020-01-26",26,26,0,50,60.2714285714277,38.6571428571416,35.9796666666662,21.6142857142861,1045,0,15.4281215469613,0
"2133",2197,"NANAIMO RIVER",2020,"2020-01-27",27,27,0,46.7,62.2142857142857,40.4928571428567,37.2436666666666,21.721428571429,1091.7,0,15.4281215469613,0
"2134",2198,"NANAIMO RIVER",2020,"2020-01-28",28,28,0,39.9,61.6857142857126,42.0428571428576,38.301,19.6428571428551,1131.6,0,15.4281215469613,0
"2135",2199,"NANAIMO RIVER",2020,"2020-01-29",29,29,0,38.5,60.3999999999983,43.6142857142861,39.3256666666663,16.7857142857122,1170.1,0,15.4281215469613,0
"2136",2200,"NANAIMO RIVER",2020,"2020-01-30",30,30,0,35.6,52,45.0428571428576,40.1900000000004,6.95714285714244,1205.7,0,15.4281215469613,0
"2137",2201,"NANAIMO RIVER",2020,"2020-01-31",31,31,0,64.9,48.3571428571429,48.6428571428571,41.7633333333331,-0.285714285714292,1270.6,0,15.4281215469613,0
"2138",2202,"NANAIMO RIVER",2020,"2020-02-01",32,32,0,160,62.2285714285723,59.0428571428576,46.5299999999998,3.1857142857147,1430.6,0,15.4281215469613,0
"2139",2203,"NANAIMO RIVER",2020,"2020-02-02",33,33,0,92.3,68.2714285714319,64.2714285714298,48.2833333333333,4.00000000000207,1522.9,0,15.4281215469613,0
"2140",2204,"NANAIMO RIVER",2020,"2020-02-03",34,34,0,54.1,69.3285714285698,65.7714285714277,48.1166666666667,3.55714285714203,1577,0,15.4281215469613,0
"2141",2205,"NANAIMO RIVER",2020,"2020-02-04",35,35,0,36.3,68.8142857142874,65.25,47.8166666666667,3.56428571428738,1613.3,0,15.4281215469613,0
"2142",2206,"NANAIMO RIVER",2020,"2020-02-05",36,36,0,27.3,67.2142857142857,63.807142857142,47.4766666666663,3.40714285714368,1640.6,0,15.4281215469613,0
"2143",2207,"NANAIMO RIVER",2020,"2020-02-06",37,37,0,22.3,65.3142857142874,58.6571428571437,45.5600000000006,6.65714285714369,1662.9,0,15.4281215469613,0
"2144",2208,"NANAIMO RIVER",2020,"2020-02-07",38,38,0,20.9,59.0285714285731,53.692857142858,43.95,5.33571428571512,1683.8,0,15.4281215469613,0
"2145",2209,"NANAIMO RIVER",2020,"2020-02-08",39,39,0,24.9,39.7285714285723,50.9785714285723,43.1900000000004,-11.25,1708.7,0,15.4281215469613,0
"2146",2210,"NANAIMO RIVER",2020,"2020-02-09",40,40,0,19.9,29.3857142857118,48.8285714285718,42.6533333333335,-19.44285714286,1728.6,0,15.4281215469613,0
"2147",2211,"NANAIMO RIVER",2020,"2020-02-10",41,41,0,17.2,24.1142857142882,46.721428571429,42.2266666666672,-22.6071428571408,1745.8,0,15.4281215469613,0
"2148",2212,"NANAIMO RIVER",2020,"2020-02-11",42,42,0,15.4,21.1285714285706,44.971428571429,41.9133333333331,-23.8428571428584,1761.2,0,15.4281215469613,0
"2149",2213,"NANAIMO RIVER",2020,"2020-02-12",43,43,0,14,19.2285714285723,43.221428571429,41.6799999999998,-23.9928571428567,1775.2,0,15.4281215469613,0
"2150",2214,"NANAIMO RIVER",2020,"2020-02-13",44,44,0,13,17.8999999999983,41.6071428571429,41.5066666666671,-23.7071428571445,1788.2,1,15.4281215469613,0
"2151",2215,"NANAIMO RIVER",2020,"2020-02-14",45,45,0,12,16.6285714285706,37.8285714285718,41.3566666666671,-21.2000000000012,1800.2,2,15.4281215469613,0
"2152",2216,"NANAIMO RIVER",2020,"2020-02-15",46,46,0,11.3,14.6857142857126,27.2071428571424,41.2133333333331,-12.5214285714298,1811.5,3,15.4281215469613,0
"2153",2217,"NANAIMO RIVER",2020,"2020-02-16",47,47,0,10.8,13.3857142857159,21.3857142857139,41.0900000000004,-7.99999999999792,1822.3,4,15.4281215469613,0
"2154",2218,"NANAIMO RIVER",2020,"2020-02-17",48,48,0,10.2,12.3857142857118,18.25,40.95,-5.86428571428821,1832.5,5,15.4281215469613,0
"2155",2219,"NANAIMO RIVER",2020,"2020-02-18",49,49,0,9.64,11.5628571428575,16.345714285714,40.6346666666669,-4.78285714285656,1842.14,6,15.4281215469613,0
"2156",2220,"NANAIMO RIVER",2020,"2020-02-19",50,50,0,9.14,10.8685714285738,15.048571428573,39.8360000000005,-4.17999999999925,1851.28,7,15.4281215469613,0
"2157",2221,"NANAIMO RIVER",2020,"2020-02-20",51,51,0,8.74,10.260000000001,14.0799999999997,38.674,-3.81999999999867,1860.02,8,15.4281215469613,0
"2158",2222,"NANAIMO RIVER",2020,"2020-02-21",52,52,0,8.37,9.7414285714289,13.1849999999998,37.3696666666666,-3.44357142857085,1868.39,9,15.4281215469613,0
"2159",2223,"NANAIMO RIVER",2020,"2020-02-22",53,53,0,8.12,9.28714285714419,11.9864285714284,34.4936666666666,-2.69928571428422,1876.51,10,15.4281215469613,0
"2160",2224,"NANAIMO RIVER",2020,"2020-02-23",54,54,0,8.3,8.93000000000133,11.1578571428586,31.7570000000007,-2.22785714285731,1884.81,11,15.4281215469613,0
"2161",2225,"NANAIMO RIVER",2020,"2020-02-24",55,55,0,8.17,8.6400000000015,10.5128571428566,29.932666666667,-1.87285714285515,1892.98,12,15.4281215469613,0
"2162",2226,"NANAIMO RIVER",2020,"2020-02-25",56,56,0,7.83,8.3814285714304,9.97214285714394,28.5270000000009,-1.59071428571354,1900.81,13,15.4281215469613,0
"2163",2227,"NANAIMO RIVER",2020,"2020-02-26",57,57,0,7.65,8.16857142857043,9.51857142857209,27.2253333333336,-1.35000000000166,1908.46,14,15.4281215469613,0
"2164",2228,"NANAIMO RIVER",2020,"2020-02-27",58,58,0,7.43,7.98142857142791,9.12071428571445,26.1430000000003,-1.13928571428655,1915.89,15,15.4281215469613,0
"2165",2229,"NANAIMO RIVER",2020,"2020-02-28",59,59,0,7.53,7.86142857142841,8.80142857142866,25.1106666666669,-0.94000000000025,1923.42,16,15.4281215469613,0
"2166",2230,"NANAIMO RIVER",2020,"2020-02-29",60,60,0,8.65,7.93714285714252,8.61214285714336,24.2123333333332,-0.675000000000831,1932.07,17,15.4281215469613,0
"2167",2231,"NANAIMO RIVER",2020,"2020-03-01",61,61,0,8.09,7.90714285713953,8.41857142857043,22.3186666666666,-0.511428571430899,1940.16,18,15.4281215469613,0
"2168",2232,"NANAIMO RIVER",2020,"2020-03-02",62,62,0,7.87,7.86428571428821,8.25214285714485,17.2476666666674,-0.387857142856643,1948.03,19,15.4281215469613,0
"2169",2233,"NANAIMO RIVER",2020,"2020-03-03",63,63,0,7.93,7.8785714285706,8.1300000000005,14.4353333333333,-0.251428571429901,1955.96,20,15.4281215469613,0
"2170",2234,"NANAIMO RIVER",2020,"2020-03-04",64,64,0,7.8,7.89999999999834,8.03428571428438,12.8920000000003,-0.134285714286047,1963.76,21,15.4281215469613,0
"2171",2235,"NANAIMO RIVER",2020,"2020-03-05",65,65,0,8.03,7.98571428571345,7.98357142857068,11.9496666666664,0.00214285714277462,1971.79,22,15.4281215469613,0
"2172",2236,"NANAIMO RIVER",2020,"2020-03-06",66,66,0,8.41,8.11142857142841,7.98642857142841,11.3200000000002,0.125,1980.2,23,15.4281215469613,0
"2173",2237,"NANAIMO RIVER",2020,"2020-03-07",67,67,0,8,8.01857142857209,7.97785714285731,10.8433333333329,0.0407142857147837,1988.2,24,15.4281215469613,0
"2174",2238,"NANAIMO RIVER",2020,"2020-03-08",68,68,0,7.68,7.96000000000017,7.93357142856985,10.4026666666662,0.0264285714303174,1995.88,25,15.4281215469613,0
"2175",2239,"NANAIMO RIVER",2020,"2020-03-09",69,69,0,7.41,7.89428571428289,7.87928571428555,9.81966666666655,0.0149999999973387,2003.29,26,15.4281215469613,0
"2176",2240,"NANAIMO RIVER",2020,"2020-03-10",70,70,0,7.22,7.79285714285548,7.83571428571304,9.39700000000012,-0.0428571428575584,2010.51,27,15.4281215469613,0
"2177",2241,"NANAIMO RIVER",2020,"2020-03-11",71,71,0,7.13,7.69714285714352,7.79857142857093,9.06133333333322,-0.101428571427407,2017.64,28,15.4281215469613,0
"2178",2242,"NANAIMO RIVER",2020,"2020-03-12",72,72,0,6.92,7.53857142857409,7.76214285714377,8.77866666666717,-0.223571428569683,2024.56,29,15.4281215469613,0
"2179",2243,"NANAIMO RIVER",2020,"2020-03-13",73,73,0,6.81,7.31000000000183,7.71071428571512,8.53900000000043,-0.400714285713288,2031.37,30,15.4281215469613,0
"2180",2244,"NANAIMO RIVER",2020,"2020-03-14",74,74,0,6.6,7.1099999999985,7.5642857142853,8.32566666666632,-0.454285714286796,2037.97,31,15.4281215469613,0
"2181",2245,"NANAIMO RIVER",2020,"2020-03-15",75,75,0,6.38,6.92428571428588,7.44214285714302,8.13833333333314,-0.517857142857143,2044.35,32,15.4281215469613,0
"2182",2246,"NANAIMO RIVER",2020,"2020-03-16",76,76,0,6.25,6.7585714285711,7.32642857142699,7.97000000000019,-0.567857142855896,2050.6,33,15.4281215469613,0
"2183",2247,"NANAIMO RIVER",2020,"2020-03-17",77,77,0,6.12,6.60142857142741,7.19714285714144,7.81399999999946,-0.595714285714037,2056.72,34,15.4281215469613,0
"2184",2248,"NANAIMO RIVER",2020,"2020-03-18",78,78,0,5.98,6.43714285714252,7.06714285714302,7.67333333333372,-0.630000000000499,2062.7,35,15.4281215469613,0
"2185",2249,"NANAIMO RIVER",2020,"2020-03-19",79,79,0,5.84,6.28285714285448,6.91071428571429,7.54666666666647,-0.627857142859804,2068.54,36,15.4281215469613,0
"2186",2250,"NANAIMO RIVER",2020,"2020-03-20",80,80,0,5.72,6.1271428571407,6.71857142857126,7.43266666666605,-0.591428571430566,2074.26,37,15.4281215469613,0
"2187",2251,"NANAIMO RIVER",2020,"2020-03-21",81,81,0,5.67,5.99428571428871,6.55214285714361,7.33033333333345,-0.557857142854898,2079.93,38,15.4281215469613,0
"2188",2252,"NANAIMO RIVER",2020,"2020-03-22",82,82,0,5.63,5.88714285714585,6.40571428571587,7.23900000000043,-0.518571428570015,2085.56,39,15.4281215469613,0
"2189",2253,"NANAIMO RIVER",2020,"2020-03-23",83,83,0,5.66,5.80285714285648,6.28071428571379,7.15699999999973,-0.477857142857309,2091.22,40,15.4281215469613,0
"2190",2254,"NANAIMO RIVER",2020,"2020-03-24",84,84,0,5.67,5.73857142857326,6.17000000000033,7.06933333333291,-0.431428571427075,2096.89,41,15.4281215469613,0
"2191",2255,"NANAIMO RIVER",2020,"2020-03-25",85,85,0,5.54,5.67571428571578,6.05642857142915,6.98166666666705,-0.380714285713371,2102.43,42,15.4281215469613,0
"2192",2256,"NANAIMO RIVER",2020,"2020-03-26",86,86,0,5.49,5.62571428571495,5.95428571428472,6.9036666666662,-0.328571428569766,2107.92,43,15.4281215469613,0
"2193",2257,"NANAIMO RIVER",2020,"2020-03-27",87,87,0,5.62,5.61142857142841,5.86928571428455,6.83599999999957,-0.257857142856145,2113.54,44,15.4281215469613,0
"2194",2258,"NANAIMO RIVER",2020,"2020-03-28",88,88,0,5.78,5.6271428571407,5.8107142857147,6.78099999999977,-0.183571428574006,2119.32,45,15.4281215469613,0
"2195",2259,"NANAIMO RIVER",2020,"2020-03-29",89,89,0,7.31,5.8671428571397,5.87714285714277,6.7736666666664,-0.0100000000030764,2126.63,46,15.4281215469613,0
"2196",2260,"NANAIMO RIVER",2020,"2020-03-30",90,90,0,9.4,6.4014285714324,6.10214285714444,6.79866666666736,0.29928571428796,2136.03,47,15.4281215469613,0
"2197",2261,"NANAIMO RIVER",2020,"2020-03-31",91,91,0,9.37,6.93000000000133,6.33428571428729,6.84133333333399,0.595714285714036,2145.4,48,15.4281215469613,0
"2198",2262,"NANAIMO RIVER",2020,"2020-04-01",92,92,0,9.5,7.49571428571445,6.58571428571512,6.89566666666651,0.909999999999334,2154.9,49,15.4281215469613,0
"2199",2263,"NANAIMO RIVER",2020,"2020-04-02",93,93,0,9,7.99714285714435,6.81142857142965,6.93133333333341,1.1857142857147,2163.9,50,15.4281215469613,0
"2200",2264,"NANAIMO RIVER",2020,"2020-04-03",94,94,0,8.48,8.40571428571379,7.0085714285711,6.95399999999985,1.39714285714269,2172.38,51,15.4281215469613,0
"2201",2265,"NANAIMO RIVER",2020,"2020-04-04",95,95,0,8.05,8.73000000000216,7.17857142857143,6.95466666666713,1.55142857143073,2180.43,52,15.4281215469613,0
"2202",2266,"NANAIMO RIVER",2020,"2020-04-05",96,96,0,7.63,8.77571428571745,7.32142857142857,6.92866666666717,1.45428571428887,2188.06,53,15.4281215469613,0
"2203",2267,"NANAIMO RIVER",2020,"2020-04-06",97,97,0,7.23,8.46571428571146,7.43357142857193,6.90299999999988,1.03214285713953,2195.29,54,15.4281215469613,0
"2204",2268,"NANAIMO RIVER",2020,"2020-04-07",98,98,0,6.92,8.11571428571395,7.52285714285764,6.87766666666721,0.592857142856311,2202.21,55,15.4281215469613,0
"2205",2269,"NANAIMO RIVER",2020,"2020-04-08",99,99,0,6.67,7.71142857142591,7.60357142857018,6.85299999999988,0.107857142855729,2208.88,56,15.4281215469613,0
"2206",2270,"NANAIMO RIVER",2020,"2020-04-09",100,100,0,6.5,7.35428571428305,7.6757142857137,6.82899999999985,-0.32142857143065,2215.38,57,15.4281215469613,0
"2207",2271,"NANAIMO RIVER",2020,"2020-04-10",101,101,0,6.49,7.07000000000283,7.73785714285831,6.80766666666702,-0.66785714285548,2221.87,58,15.4281215469613,0
"2208",2272,"NANAIMO RIVER",2020,"2020-04-11",102,102,0,6.84,6.89714285714269,7.81357142857243,6.80499999999981,-0.916428571429735,2228.71,59,15.4281215469613,0
"2209",2273,"NANAIMO RIVER",2020,"2020-04-12",103,103,0,6.91,6.79428571428538,7.78500000000141,6.80833333333333,-0.990714285716032,2235.62,60,15.4281215469613,0
"2210",2274,"NANAIMO RIVER",2020,"2020-04-13",104,104,0,6.8,6.73285714285781,7.59928571428463,6.81500000000039,-0.866428571426825,2242.42,61,15.4281215469613,0
"2211",2275,"NANAIMO RIVER",2020,"2020-04-14",105,105,0,6.74,6.70714285714036,7.41142857142716,6.82699999999992,-0.704285714286796,2249.16,62,15.4281215469613,0
"2212",2276,"NANAIMO RIVER",2020,"2020-04-15",106,106,0,7,6.75428571428555,7.23285714285573,6.85199999999992,-0.478571428570181,2256.16,63,15.4281215469613,0
"2213",2277,"NANAIMO RIVER",2020,"2020-04-16",107,107,0,7.39,6.8814285714304,7.11785714285673,6.89433333333388,-0.236428571426327,2263.55,64,15.4281215469613,0
"2214",2278,"NANAIMO RIVER",2020,"2020-04-17",108,108,0,7.55,7.03285714285448,7.05142857142865,6.94666666666647,-0.0185714285741723,2271.1,65,15.4281215469613,0
"2215",2279,"NANAIMO RIVER",2020,"2020-04-18",109,109,0,7.77,7.16571428571478,7.03142857142874,7.01100000000054,0.134285714286047,2278.87,66,15.4281215469613,0
"2216",2280,"NANAIMO RIVER",2020,"2020-04-19",110,110,0,8.06,7.32999999999967,7.06214285714252,7.08900000000043,0.267857142857142,2286.93,67,15.4281215469613,0
"2217",2281,"NANAIMO RIVER",2020,"2020-04-20",111,111,0,8.17,7.52571428571329,7.12928571428555,7.17233333333279,0.396428571427739,2295.1,68,15.4281215469613,0
"2218",2282,"NANAIMO RIVER",2020,"2020-04-21",112,112,0,8.26,7.74285714285881,7.22499999999958,7.25999999999961,0.517857142859222,2303.36,69,15.4281215469613,0
"2219",2283,"NANAIMO RIVER",2020,"2020-04-22",113,113,0,9.35,8.07857142857392,7.41642857142974,7.38300000000066,0.662142857144188,2312.71,70,15.4281215469613,0
"2220",2284,"NANAIMO RIVER",2020,"2020-04-23",114,114,0,9.88,8.43428571428688,7.65785714285864,7.52333333333372,0.776428571428238,2322.59,71,15.4281215469613,0
"2221",2285,"NANAIMO RIVER",2020,"2020-04-24",115,115,0,9.4,8.69857142857343,7.86571428571395,7.65199999999992,0.832857142859472,2331.99,72,15.4281215469613,0
"2222",2286,"NANAIMO RIVER",2020,"2020-04-25",116,116,0,9.94,9.0085714285711,8.08714285714294,7.80033333333364,0.921428571428157,2341.93,73,15.4281215469613,0
"2223",2287,"NANAIMO RIVER",2020,"2020-04-26",117,117,0,10.4,9.34285714285631,8.33642857142799,7.95966666666694,1.00642857142832,2352.33,74,15.4281215469613,0
"2224",2288,"NANAIMO RIVER",2020,"2020-04-27",118,118,0,11.1,9.7614285714309,8.64357142857209,8.1370000000005,1.11785714285881,2363.43,75,15.4281215469613,0
"2225",2289,"NANAIMO RIVER",2020,"2020-04-28",119,119,0,10.7,10.1099999999985,8.92642857142866,8.25,1.18357142856985,2374.13,76,15.4281215469613,0
"2226",2290,"NANAIMO RIVER",2020,"2020-04-29",120,120,0,10.2,10.2314285714279,9.15500000000091,8.27666666666628,1.07642857142699,2384.33,77,15.4281215469613,0
"2227",2291,"NANAIMO RIVER",2020,"2020-04-30",121,121,0,10.7,10.3485714285718,9.39142857142932,8.32100000000016,0.957142857142442,2395.03,78,15.4281215469613,0
"2228",2292,"NANAIMO RIVER",2020,"2020-05-01",122,122,0,10.6,10.5199999999978,9.60928571428563,8.35766666666605,0.910714285712206,2405.63,79,15.4281215469613,0
"2229",2293,"NANAIMO RIVER",2020,"2020-05-02",123,123,0,10.6,10.6142857142841,9.81142857142757,8.41099999999957,0.802857142856478,2416.23,80,15.4281215469613,0
"2230",2294,"NANAIMO RIVER",2020,"2020-05-03",124,124,0,11.3,10.7428571428588,10.0428571428576,8.50500000000078,0.700000000001248,2427.53,81,15.4281215469613,0
"2231",2295,"NANAIMO RIVER",2020,"2020-05-04",125,125,0,11,10.7285714285723,10.2450000000016,8.60333333333353,0.483571428570681,2438.53,82,15.4281215469613,0
"2232",2296,"NANAIMO RIVER",2020,"2020-05-05",126,126,0,10.3,10.6714285714302,10.3907142857144,8.69233333333298,0.280714285715867,2448.83,83,15.4281215469613,0
"2233",2297,"NANAIMO RIVER",2020,"2020-05-06",127,127,0,9.92,10.6314285714262,10.4314285714271,8.78199999999973,0.199999999999168,2458.75,84,15.4281215469613,0
"2234",2298,"NANAIMO RIVER",2020,"2020-05-07",128,128,0,9.41,10.4471428571394,10.3978571428556,8.86499999999942,0.049285714283803,2468.16,85,15.4281215469613,0
"2235",2299,"NANAIMO RIVER",2020,"2020-05-08",129,129,0,8.99,10.2171428571455,10.3685714285717,8.94233333333395,-0.151428571426161,2477.15,86,15.4281215469613,0
"2236",2300,"NANAIMO RIVER",2020,"2020-05-09",130,130,0,9.07,9.9985714285701,10.3064285714271,9.02799999999988,-0.307857142856976,2486.22,87,15.4281215469613,0
"2237",2301,"NANAIMO RIVER",2020,"2020-05-10",131,131,0,9.4,9.72714285714236,10.2350000000006,9.125,-0.507857142858224,2495.62,88,15.4281215469613,0
"2238",2302,"NANAIMO RIVER",2020,"2020-05-11",132,132,0,9.66,9.53571428571429,10.1321428571433,9.21900000000023,-0.596428571428987,2505.28,89,15.4281215469613,0
"2239",2303,"NANAIMO RIVER",2020,"2020-05-12",133,133,0,11.1,9.64999999999834,10.1607142857143,9.35866666666601,-0.510714285715949,2516.38,90,15.4281215469613,0
"2240",2304,"NANAIMO RIVER",2020,"2020-05-13",134,134,0,11.3,9.84714285714602,10.2392857142861,9.50866666666698,-0.392142857140113,2527.68,91,15.4281215469613,0
"2241",2305,"NANAIMO RIVER",2020,"2020-05-14",135,135,0,10.4,9.98857142857326,10.2178571428563,9.63066666666709,-0.229285714283055,2538.08,92,15.4281215469613,0
"2242",2306,"NANAIMO RIVER",2020,"2020-05-15",136,136,0,9.54,10.067142857143,10.1421428571443,9.71533333333403,-0.0750000000012463,2547.62,93,15.4281215469613,0
"2243",2307,"NANAIMO RIVER",2020,"2020-05-16",137,137,0,9.19,10.0842857142894,10.0414285714297,9.77533333333364,0.0428571428596385,2556.81,94,15.4281215469613,0
"2244",2308,"NANAIMO RIVER",2020,"2020-05-17",138,138,0,9.58,10.1099999999985,9.91857142857043,9.84300000000027,0.191428571428073,2566.39,95,15.4281215469613,0
"2245",2309,"NANAIMO RIVER",2020,"2020-05-18",139,139,0,9.3,10.0585714285678,9.79714285714103,9.89399999999926,0.261428571426743,2575.69,96,15.4281215469613,0
"2246",2310,"NANAIMO RIVER",2020,"2020-05-19",140,140,0,8.79,9.72857142857226,9.6892857142853,9.91833333333295,0.0392857142869616,2584.48,97,15.4281215469613,0
"2247",2311,"NANAIMO RIVER",2020,"2020-05-20",141,141,0,8.26,9.29428571428538,9.5707142857157,9.9213333333338,-0.276428571430317,2592.74,98,15.4281215469613,0
"2248",2312,"NANAIMO RIVER",2020,"2020-05-21",142,142,0,7.62,8.89714285714269,9.44285714285797,9.9,-0.545714285715283,2600.36,99,15.4281215469613,0
"2249",2313,"NANAIMO RIVER",2020,"2020-05-22",143,143,0,6.38,8.44571428571362,9.25642857142832,9.80099999999996,-0.810714285714701,2606.74,100,15.4281215469613,0
"2250",2314,"NANAIMO RIVER",2020,"2020-05-23",144,144,0,5.15,7.8685714285696,8.97642857142949,9.64333333333295,-1.10785714285989,2611.89,101,15.4281215469613,0
"2251",2315,"NANAIMO RIVER",2020,"2020-05-24",145,145,0,5.49,7.28428571428438,8.69714285714144,9.5129999999995,-1.41285714285706,2617.38,102,15.4281215469613,0
"2252",2316,"NANAIMO RIVER",2020,"2020-05-25",146,146,0,6.02,6.81571428571728,8.43714285714252,9.38233333333337,-1.62142857142524,2623.4,103,15.4281215469613,0
"2253",2317,"NANAIMO RIVER",2020,"2020-05-26",147,147,0,6.34,6.46571428571562,8.09714285714394,9.24700000000012,-1.63142857142832,2629.74,104,15.4281215469613,0
"2254",2318,"NANAIMO RIVER",2020,"2020-05-27",148,148,0,5.92,6.13142857142624,7.71285714285581,9.07433333333271,-1.58142857142957,2635.66,105,15.4281215469613,0
"2255",2319,"NANAIMO RIVER",2020,"2020-05-28",149,149,0,4.97,5.75285714285565,7.32499999999917,8.88333333333333,-1.57214285714352,2640.63,106,15.4281215469613,0
"2256",2320,"NANAIMO RIVER",2020,"2020-05-29",150,150,0,4.84,5.53285714285448,6.98928571428405,8.70466666666616,-1.45642857142957,2645.47,107,15.4281215469613,0
"2257",2321,"NANAIMO RIVER",2020,"2020-05-30",151,151,0,4.96,5.50571428571545,6.68714285714252,8.51333333333314,-1.18142857142707,2650.43,108,15.4281215469613,0
"2258",2322,"NANAIMO RIVER",2020,"2020-05-31",152,152,0,4.92,5.42428571428588,6.35428571428513,8.32400000000004,-0.929999999999252,2655.35,109,15.4281215469613,0
"2259",2323,"NANAIMO RIVER",2020,"2020-06-01",153,153,0,4.74,5.2414285714289,6.02857142857309,8.12866666666717,-0.787142857144188,2660.09,110,15.4281215469613,0
"2260",2324,"NANAIMO RIVER",2020,"2020-06-02",154,154,0,4.72,5.010000000001,5.73785714285831,7.90933333333329,-0.727857142857309,2664.81,111,15.4281215469613,0
"2261",2325,"NANAIMO RIVER",2020,"2020-06-03",155,155,0,4.55,4.81428571428738,5.47285714285681,7.69433333333291,-0.658571428569433,2669.36,112,15.4281215469613,0
"2262",2326,"NANAIMO RIVER",2020,"2020-06-04",156,156,0,4.44,4.73857142857326,5.24571428571445,7.49900000000004,-0.507142857141194,2673.8,113,15.4281215469613,0
"2263",2327,"NANAIMO RIVER",2020,"2020-06-05",157,157,0,4.35,4.66857142857459,5.10071428571454,7.31333333333411,-0.432142857139947,2678.15,114,15.4281215469613,0
"2264",2328,"NANAIMO RIVER",2020,"2020-06-06",158,158,0,4.34,4.57999999999967,5.04285714285756,7.14433333333388,-0.462857142857891,2682.49,115,15.4281215469613,0
"2265",2329,"NANAIMO RIVER",2020,"2020-06-07",159,159,0,4.41,4.50714285714535,4.96571428571562,6.99166666666667,-0.458571428570264,2686.9,116,15.4281215469613,0
"2266",2330,"NANAIMO RIVER",2020,"2020-06-08",160,160,0,4.5,4.47285714285681,4.85714285714286,6.83933333333407,-0.384285714286047,2691.4,117,15.4281215469613,0
"2267",2331,"NANAIMO RIVER",2020,"2020-06-09",161,161,0,4.68,4.46714285714136,4.73857142857118,6.68199999999973,-0.271428571429818,2696.08,118,15.4281215469613,0
"2268",2332,"NANAIMO RIVER",2020,"2020-06-10",162,162,0,4.87,4.51285714285664,4.66357142857201,6.52233333333279,-0.150714285715367,2700.95,119,15.4281215469613,0
"2269",2333,"NANAIMO RIVER",2020,"2020-06-11",163,163,0,4.92,4.58142857142957,4.66000000000141,6.31633333333399,-0.078571428571844,2705.87,120,15.4281215469613,0
"2270",2334,"NANAIMO RIVER",2020,"2020-06-12",164,164,0,5.37,4.72714285714236,4.69785714285847,6.11866666666659,0.0292857142838852,2711.24,121,15.4281215469613,0
"2271",2335,"NANAIMO RIVER",2020,"2020-06-13",165,165,0,5.39,4.8771428571407,4.72857142857018,5.95166666666628,0.148571428570514,2716.63,122,15.4281215469613,0
"2272",2336,"NANAIMO RIVER",2020,"2020-06-14",166,166,0,5.54,5.03857142856993,4.77285714285764,5.81833333333295,0.26571428571229,2722.17,123,15.4281215469613,0
"2273",2337,"NANAIMO RIVER",2020,"2020-06-15",167,167,0,5.57,5.19142857142807,4.83214285714244,5.69766666666643,0.35928571428563,2727.74,124,15.4281215469613,0
"2274",2338,"NANAIMO RIVER",2020,"2020-06-16",168,168,0,5.39,5.29285714285548,4.87999999999842,5.55799999999969,0.41285714285706,2733.13,125,15.4281215469613,0
"2275",2339,"NANAIMO RIVER",2020,"2020-06-17",169,169,0,5.13,5.32999999999967,4.92142857142816,5.41900000000023,0.408571428571511,2738.26,126,15.4281215469613,0
"2276",2340,"NANAIMO RIVER",2020,"2020-06-18",170,170,0,4.92,5.32999999999967,4.95571428571462,5.29000000000039,0.374285714285048,2743.18,127,15.4281215469613,0
"2277",2341,"NANAIMO RIVER",2020,"2020-06-19",171,171,0,4.78,5.24571428571445,4.98642857142841,5.17400000000004,0.259285714286047,2747.96,128,15.4281215469613,0
"2278",2342,"NANAIMO RIVER",2020,"2020-06-20",172,172,0,4.72,5.15000000000249,5.01357142857159,5.07733333333357,0.136428571430899,2752.68,129,15.4281215469613,0
"2279",2343,"NANAIMO RIVER",2020,"2020-06-21",173,173,0,4.69,5.02857142857309,5.03357142857151,5.02100000000016,-0.00499999999841982,2757.37,130,15.4281215469613,0
"2280",2344,"NANAIMO RIVER",2020,"2020-06-22",174,174,0,4.5,4.87571428571495,5.03357142857151,4.99933333333368,-0.157857142856561,2761.87,131,15.4281215469613,0
"2281",2345,"NANAIMO RIVER",2020,"2020-06-23",175,175,0,4.39,4.73285714285781,5.01285714285664,4.96266666666682,-0.279999999998836,2766.26,132,15.4281215469613,0
"2282",2346,"NANAIMO RIVER",2020,"2020-06-24",176,176,0,4.75,4.67857142857143,5.00428571428555,4.92033333333287,-0.32571428571412,2771.01,133,15.4281215469613,0
"2283",2347,"NANAIMO RIVER",2020,"2020-06-25",177,177,0,4.61,4.63428571428605,4.98214285714286,4.86266666666682,-0.34785714285681,2775.62,134,15.4281215469613,0
"2284",2348,"NANAIMO RIVER",2020,"2020-06-26",178,178,0,4.45,4.58714285714086,4.91642857142766,4.81366666666678,-0.329285714286796,2780.07,135,15.4281215469613,0
"2285",2349,"NANAIMO RIVER",2020,"2020-06-27",179,179,0,4.31,4.52857142856893,4.83928571428571,4.79166666666667,-0.310714285716781,2784.38,136,15.4281215469613,0
"2286",2350,"NANAIMO RIVER",2020,"2020-06-28",180,180,0,4.13,4.44857142856927,4.73857142857118,4.76800000000027,-0.290000000001912,2788.51,137,15.4281215469613,0
"2287",2351,"NANAIMO RIVER",2020,"2020-06-29",181,181,0,3.98,4.37428571428505,4.625,4.73533333333326,-0.250714285714951,2792.49,138,15.4281215469613,0
"2288",2352,"NANAIMO RIVER",2020,"2020-06-30",182,182,0,3.94,4.31000000000183,4.52142857142982,4.70266666666721,-0.211428571427989,2796.43,139,15.4281215469613,0
"2289",2353,"NANAIMO RIVER",2020,"2020-07-01",183,183,0,3.84,4.18000000000133,4.42928571428638,4.67266666666643,-0.249285714285049,2800.27,140,15.4281215469613,0
"2290",2354,"NANAIMO RIVER",2020,"2020-07-02",184,184,0,3.78,4.06142857142757,4.34785714285681,4.64133333333302,-0.286428571429236,2804.05,141,15.4281215469613,0
"2291",2355,"NANAIMO RIVER",2020,"2020-07-03",185,185,0,3.85,3.97571428571661,4.28142857142874,4.61800000000027,-0.305714285712124,2807.9,142,15.4281215469613,0
"2292",2356,"NANAIMO RIVER",2020,"2020-07-04",186,186,0,3.86,3.91142857142924,4.21999999999908,4.59866666666639,-0.308571428569848,2811.76,143,15.4281215469613,0
"2293",2357,"NANAIMO RIVER",2020,"2020-07-05",187,187,0,3.7,3.85000000000166,4.14928571428546,4.57699999999992,-0.299285714283801,2815.46,144,15.4281215469613,0
"2294",2358,"NANAIMO RIVER",2020,"2020-07-06",188,188,0,3.63,3.80000000000083,4.08714285714294,4.55333333333353,-0.287142857142109,2819.09,145,15.4281215469613,0
"2295",2359,"NANAIMO RIVER",2020,"2020-07-07",189,189,0,3.63,3.75571428571129,4.03285714285656,4.5273333333326,-0.277142857145269,2822.72,146,15.4281215469613,0
"2296",2360,"NANAIMO RIVER",2020,"2020-07-08",190,190,0,3.58,3.71857142857126,3.9492857142863,4.49666666666647,-0.230714285715034,2826.3,147,15.4281215469613,0
"2297",2361,"NANAIMO RIVER",2020,"2020-07-09",191,191,0,3.54,3.68428571428688,3.87285714285723,4.45866666666698,-0.188571428570347,2829.84,148,15.4281215469613,0
"2298",2362,"NANAIMO RIVER",2020,"2020-07-10",192,192,0,3.49,3.63285714285615,3.80428571428638,4.41266666666682,-0.171428571430234,2833.33,149,15.4281215469613,0
"2299",2363,"NANAIMO RIVER",2020,"2020-07-11",193,193,0,3.48,3.57857142857392,3.74500000000158,4.36466666666674,-0.166428571427657,2836.81,150,15.4281215469613,0
"2300",2364,"NANAIMO RIVER",2020,"2020-07-12",194,194,0,3.42,3.53857142856993,3.6942857142858,4.29966666666636,-0.155714285715866,2840.23,151,15.4281215469613,0
"2301",2365,"NANAIMO RIVER",2020,"2020-07-13",195,195,0,3.21,3.4785714285681,3.63928571428447,4.22699999999992,-0.160714285716364,2843.44,152,15.4281215469613,0
"2302",2366,"NANAIMO RIVER",2020,"2020-07-14",196,196,0,2.86,3.36857142857376,3.56214285714252,4.13766666666682,-0.193571428568768,2846.3,153,15.4281215469613,0
"2303",2367,"NANAIMO RIVER",2020,"2020-07-15",197,197,0,2.78,3.25428571428555,3.48642857142841,4.04466666666655,-0.232142857142857,2849.08,154,15.4281215469613,0
"2304",2368,"NANAIMO RIVER",2020,"2020-07-16",198,198,0,2.72,3.13714285714169,3.41071428571429,3.95566666666709,-0.273571428572593,2851.8,155,15.4281215469613,0
"2305",2369,"NANAIMO RIVER",2020,"2020-07-17",199,199,0,2.62,3.01285714285664,3.32285714285639,3.87200000000012,-0.309999999999751,2854.42,156,15.4281215469613,0
"2306",2370,"NANAIMO RIVER",2020,"2020-07-18",200,200,0,2.59,2.88571428571179,3.23214285714286,3.79433333333291,-0.346428571431066,2857.01,157,15.4281215469613,0
"2307",2371,"NANAIMO RIVER",2020,"2020-07-19",201,201,0,2.55,2.7614285714309,3.15000000000042,3.72000000000019,-0.388571428569516,2859.56,158,15.4281215469613,0
"2308",2372,"NANAIMO RIVER",2020,"2020-07-20",202,202,0,2.4,2.64571428571695,3.06214285714252,3.64266666666663,-0.416428571425578,2861.96,159,15.4281215469613,0
"2309",2373,"NANAIMO RIVER",2020,"2020-07-21",203,203,0,2.06,2.53142857142874,2.95000000000125,3.55499999999981,-0.41857142857251,2864.02,160,15.4281215469613,0
"2310",2374,"NANAIMO RIVER",2020,"2020-07-22",204,204,0,2.03,2.42428571428588,2.83928571428571,3.47266666666643,-0.414999999999834,2866.05,161,15.4281215469613,0
"2311",2375,"NANAIMO RIVER",2020,"2020-07-23",205,205,0,1.96,2.31571428571312,2.72642857142741,3.39166666666667,-0.410714285714286,2868.01,162,15.4281215469613,0
"2312",2376,"NANAIMO RIVER",2020,"2020-07-24",206,206,0,1.8,2.19857142857342,2.60571428571503,3.29333333333392,-0.40714285714161,2869.81,163,15.4281215469613,0
"2313",2377,"NANAIMO RIVER",2020,"2020-07-25",207,207,0,1.79,2.08428571428522,2.4849999999985,3.19933333333271,-0.400714285713288,2871.6,164,15.4281215469613,0
"2314",2378,"NANAIMO RIVER",2020,"2020-07-26",208,208,0,1.76,1.97142857142691,2.3664285714289,3.10966666666694,-0.395000000001996,2873.36,165,15.4281215469613,0
"2315",2379,"NANAIMO RIVER",2020,"2020-07-27",209,209,0,1.73,1.87571428571495,2.26071428571595,3.02366666666737,-0.385000000000998,2875.09,166,15.4281215469613,0
"2316",2380,"NANAIMO RIVER",2020,"2020-07-28",210,210,0,1.75,1.83142857142957,2.18142857142915,2.94433333333388,-0.349999999999584,2876.84,167,15.4281215469613,0
"2317",2381,"NANAIMO RIVER",2020,"2020-07-29",211,211,0,1.69,1.78285714285864,2.10357142857226,2.86800000000027,-0.32071428571362,2878.53,168,15.4281215469613,0
"2318",2382,"NANAIMO RIVER",2020,"2020-07-30",212,212,0,1.66,1.739999999999,2.02785714285606,2.79199999999934,-0.28785714285706,2880.19,169,15.4281215469613,0
"2319",2383,"NANAIMO RIVER",2020,"2020-07-31",213,213,0,1.64,1.71714285714136,1.95785714285739,2.71866666666659,-0.240714285716032,2881.83,170,15.4281215469613,0
"2320",2384,"NANAIMO RIVER",2020,"2020-08-01",214,214,0,1.62,1.69285714285797,1.88857142857159,2.64666666666647,-0.19571428571362,2883.45,171,15.4281215469613,0
"2321",2385,"NANAIMO RIVER",2020,"2020-08-02",215,215,0,1.61,1.67142857143023,1.82142857142857,2.57200000000012,-0.149999999998337,2885.06,172,15.4281215469613,0
"2322",2386,"NANAIMO RIVER",2020,"2020-08-03",216,216,0,1.61,1.65428571428388,1.76499999999942,2.49700000000012,-0.110714285715533,2886.67,173,15.4281215469613,0
"2323",2387,"NANAIMO RIVER",2020,"2020-08-04",217,217,0,1.59,1.63142857142624,1.73142857142791,2.42666666666628,-0.100000000001663,2888.26,174,15.4281215469613,0
"2324",2388,"NANAIMO RIVER",2020,"2020-08-05",218,218,0,1.6,1.6185714285696,1.70071428571412,2.35899999999965,-0.0821428571445202,2889.86,175,15.4281215469613,0
"2325",2389,"NANAIMO RIVER",2020,"2020-08-06",219,219,0,1.65,1.61714285714386,1.67857142857143,2.29300000000027,-0.0614285714275735,2891.51,176,15.4281215469613,0
"2326",2390,"NANAIMO RIVER",2020,"2020-08-07",220,220,0,1.66,1.6199999999995,1.66857142857043,2.22899999999984,-0.0485714285709296,2893.17,177,15.4281215469613,0
"2327",2391,"NANAIMO RIVER",2020,"2020-08-08",221,221,0,1.63,1.6214285714294,1.65714285714369,2.16533333333306,-0.0357142857142856,2894.8,178,15.4281215469613,0
"2328",2392,"NANAIMO RIVER",2020,"2020-08-09",222,222,0,1.57,1.61571428571395,1.64357142857209,2.10133333333361,-0.0278571428581407,2896.37,179,15.4281215469613,0
"2329",2393,"NANAIMO RIVER",2020,"2020-08-10",223,223,0,1.55,1.60714285714286,1.63071428571337,2.03699999999953,-0.0235714285705138,2897.92,180,15.4281215469613,0
"2330",2394,"NANAIMO RIVER",2020,"2020-08-11",224,224,0,1.57,1.60428571428721,1.61785714285673,1.97533333333364,-0.0135714285695159,2899.49,181,15.4281215469613,0
"2331",2395,"NANAIMO RIVER",2020,"2020-08-12",225,225,0,1.57,1.60000000000166,1.60928571428563,1.92066666666748,-0.00928571428396818,2901.06,182,15.4281215469613,0
"2332",2396,"NANAIMO RIVER",2020,"2020-08-13",226,226,0,1.55,1.58571428571512,1.60142857142949,1.87699999999992,-0.0157142857143688,2902.61,183,15.4281215469613,0
"2333",2397,"NANAIMO RIVER",2020,"2020-08-14",227,227,0,1.51,1.56428571428738,1.59214285714344,1.83466666666694,-0.0278571428560619,2904.12,184,15.4281215469613,0
"2334",2398,"NANAIMO RIVER",2020,"2020-08-15",228,228,0,1.47,1.54142857142974,1.58142857142957,1.79300000000027,-0.0399999999998337,2905.59,185,15.4281215469613,0
"2335",2399,"NANAIMO RIVER",2020,"2020-08-16",229,229,0,1.44,1.52285714285764,1.5692857142858,1.75366666666717,-0.0464285714281556,2907.03,186,15.4281215469613,0
"2336",2400,"NANAIMO RIVER",2020,"2020-08-17",230,230,0,1.41,1.50285714285565,1.55499999999925,1.7143333333331,-0.0521428571436056,2908.44,187,15.4281215469613,0
"2337",2401,"NANAIMO RIVER",2020,"2020-08-18",231,231,0,1.36,1.47285714285681,1.53857142857201,1.67466666666636,-0.0657142857152004,2909.8,188,15.4281215469613,0
"2338",2402,"NANAIMO RIVER",2020,"2020-08-19",232,232,0,1.35,1.44142857142807,1.52071428571487,1.63966666666674,-0.0792857142867953,2911.15,189,15.4281215469613,0
"2339",2403,"NANAIMO RIVER",2020,"2020-08-20",233,233,0,1.61,1.44999999999917,1.51785714285714,1.62466666666636,-0.0678571428579744,2912.76,190,15.4281215469613,0
"2340",2404,"NANAIMO RIVER",2020,"2020-08-21",234,234,0,1.9,1.50571428571129,1.53499999999933,1.62033333333287,-0.0292857142880425,2914.66,191,15.4281215469613,0
"2341",2405,"NANAIMO RIVER",2020,"2020-08-22",235,235,0,2.09,1.59428571428206,1.5678571428559,1.62466666666636,0.0264285714261598,2916.75,192,15.4281215469613,0
"2342",2406,"NANAIMO RIVER",2020,"2020-08-23",236,236,0,2.12,1.69142857142807,1.60714285714286,1.63533333333326,0.0842857142852154,2918.87,193,15.4281215469613,0
"2343",2407,"NANAIMO RIVER",2020,"2020-08-24",237,237,0,2.05,1.78285714285864,1.64285714285714,1.64400000000023,0.140000000001497,2920.92,194,15.4281215469613,0
"2344",2408,"NANAIMO RIVER",2020,"2020-08-25",238,238,0,1.99,1.87285714285515,1.67285714285598,1.65166666666628,0.199999999999169,2922.91,195,15.4281215469613,0
"2345",2409,"NANAIMO RIVER",2020,"2020-08-26",239,239,0,1.91,1.95285714285481,1.69714285714144,1.65766666666605,0.255714285713371,2924.82,196,15.4281215469613,0
"2346",2410,"NANAIMO RIVER",2020,"2020-08-27",240,240,0,1.82,1.98285714285781,1.71642857142849,1.65999999999961,0.26642857142932,2926.64,197,15.4281215469613,0
"2347",2411,"NANAIMO RIVER",2020,"2020-08-28",241,241,0,1.77,1.96428571428571,1.7349999999985,1.66266666666585,0.229285714287211,2928.41,198,15.4281215469613,0
"2348",2412,"NANAIMO RIVER",2020,"2020-08-29",242,242,0,1.66,1.90285714285814,1.7485714285701,1.66266666666682,0.154285714288042,2930.07,199,15.4281215469613,0
"2349",2413,"NANAIMO RIVER",2020,"2020-08-30",243,243,0,1.66,1.83714285714086,1.76428571428447,1.66333333333314,0.0728571428563944,2931.73,200,15.4281215469613,0
"2350",2414,"NANAIMO RIVER",2020,"2020-08-31",244,244,0,1.64,1.77857142857309,1.78071428571587,1.66400000000043,-0.00214285714277396,2933.37,201,15.4281215469613,0
"2351",2415,"NANAIMO RIVER",2020,"2020-09-01",245,245,0,1.56,1.71714285714552,1.79500000000033,1.66233333333318,-0.0778571428548145,2934.93,202,15.4281215469613,0
"2352",2416,"NANAIMO RIVER",2020,"2020-09-02",246,246,0,1.51,1.65999999999933,1.80642857142707,1.65899999999965,-0.14642857142774,2936.44,203,15.4281215469613,0
"2353",2417,"NANAIMO RIVER",2020,"2020-09-03",247,247,0,1.46,1.60857142857276,1.79571428571528,1.65466666666713,-0.187142857142524,2937.9,204,15.4281215469613,0
"2354",2418,"NANAIMO RIVER",2020,"2020-09-04",248,248,0,1.56,1.57857142857392,1.77142857142982,1.65333333333353,-0.192857142855896,2939.46,205,15.4281215469613,0
"2355",2419,"NANAIMO RIVER",2020,"2020-09-05",249,249,0,1.54,1.56142857142757,1.73214285714286,1.64966666666636,-0.170714285715284,2941,206,15.4281215469613,0
"2356",2420,"NANAIMO RIVER",2020,"2020-09-06",250,250,0,1.52,1.54142857142974,1.6892857142853,1.64500000000019,-0.147857142855563,2942.52,207,15.4281215469613,0
"2357",2421,"NANAIMO RIVER",2020,"2020-09-07",251,251,0,1.5,1.52142857142774,1.65000000000042,1.64066666666671,-0.128571428572676,2944.02,208,15.4281215469613,0
"2358",2422,"NANAIMO RIVER",2020,"2020-09-08",252,252,0,1.51,1.51428571428655,1.61571428571603,1.63866666666678,-0.101428571429486,2945.53,209,15.4281215469613,0
"2359",2423,"NANAIMO RIVER",2020,"2020-09-09",253,253,1,1.53,1.51714285714635,1.58857142857284,1.63800000000047,-0.0714285714264926,2947.06,210,15.4281215469613,0
"2360",2424,"NANAIMO RIVER",2021,"2021-01-01",1,1,0,35.4,20.6571428571437,21.664285714287,17.0160000000003,-1.00714285714327,35.4,0,10.1643093922652,0
"2361",2425,"NANAIMO RIVER",2021,"2021-01-02",2,2,0,103,33.0857142857151,26.664285714287,20.0160000000003,6.42142857142816,138.4,0,10.1643093922652,0
"2362",2426,"NANAIMO RIVER",2021,"2021-01-03",3,3,0,92.3,44.0714285714286,31.1071428571429,22.7126666666668,12.9642857142857,230.7,0,10.1643093922652,0
"2363",2427,"NANAIMO RIVER",2021,"2021-01-04",4,4,0,52.4,49.2857142857143,32.9071428571416,24.1193333333329,16.3785714285727,283.1,0,10.1643093922652,0
"2364",2428,"NANAIMO RIVER",2021,"2021-01-05",5,5,0,42.9,53.4428571428538,34.3214285714286,25.2379999999995,19.1214285714252,326,0,10.1643093922652,0
"2365",2429,"NANAIMO RIVER",2021,"2021-01-06",6,6,0,45.7,56.8857142857159,36.3214285714286,26.3980000000001,20.5642857142874,371.7,0,10.1643093922652,0
"2366",2430,"NANAIMO RIVER",2021,"2021-01-07",7,7,0,33.2,57.8428571428605,37.6571428571437,26.7980000000001,20.1857142857168,404.9,0,10.1643093922652,0
"2367",2431,"NANAIMO RIVER",2021,"2021-01-08",8,8,0,27.8,56.7571428571412,38.7071428571424,27.1279999999999,18.0499999999988,432.7,0,10.1643093922652,0
"2368",2432,"NANAIMO RIVER",2021,"2021-01-09",9,9,0,24.7,45.5714285714286,39.3285714285718,27.4480000000001,6.24285714285673,457.4,0,10.1643093922652,0
"2369",2433,"NANAIMO RIVER",2021,"2021-01-10",10,10,0,23.2,35.6999999999992,39.8857142857139,27.7879999999995,-4.1857142857147,480.6,0,10.1643093922652,0
"2370",2434,"NANAIMO RIVER",2021,"2021-01-11",11,11,0,27.5,32.1428571428571,40.7142857142857,28.3213333333328,-8.57142857142857,508.1,0,10.1643093922652,0
"2371",2435,"NANAIMO RIVER",2021,"2021-01-12",12,12,0,32.2,30.6142857142882,42.028571428571,29.0480000000001,-11.4142857142828,540.3,0,10.1643093922652,0
"2372",2436,"NANAIMO RIVER",2021,"2021-01-13",13,13,0,45.4,30.5714285714286,43.7285714285723,30.2433333333329,-13.1571428571437,585.7,0,10.1643093922652,0
"2373",2437,"NANAIMO RIVER",2021,"2021-01-14",14,14,0,30.1,30.1285714285706,43.9857142857155,30.9133333333331,-13.8571428571449,615.8,0,10.1643093922652,0
"2374",2438,"NANAIMO RIVER",2021,"2021-01-15",15,15,0,17.2,28.6142857142841,42.6857142857126,31.1066666666661,-14.0714285714286,633,0,10.1643093922652,0
"2375",2439,"NANAIMO RIVER",2021,"2021-01-16",16,16,0,11.7,26.7571428571412,36.1642857142849,31.05,-9.40714285714369,644.7,1,10.1643093922652,0
"2376",2440,"NANAIMO RIVER",2021,"2021-01-17",17,17,0,11.9,25.1428571428571,30.4214285714282,30.8166666666667,-5.27857142857101,656.6,2,10.1643093922652,0
"2377",2441,"NANAIMO RIVER",2021,"2021-01-18",18,18,0,11.2,22.8142857142874,27.4785714285723,30.0900000000004,-4.66428571428488,667.8,3,10.1643093922652,0
"2378",2442,"NANAIMO RIVER",2021,"2021-01-19",19,19,0,8.55,19.4357142857126,25.0250000000004,29.3716666666665,-5.58928571428779,676.35,4,10.1643093922652,0
"2379",2443,"NANAIMO RIVER",2021,"2021-01-20",20,20,0,7.81,14.0657142857131,22.3185714285708,28.7253333333327,-8.25285714285772,684.16,5,10.1643093922652,0
"2380",2444,"NANAIMO RIVER",2021,"2021-01-21",21,21,0,7.18,10.7914285714256,20.4599999999981,28.1946666666665,-9.66857142857251,691.34,6,10.1643093922652,0
"2381",2445,"NANAIMO RIVER",2021,"2021-01-22",22,22,0,6.45,9.25571428571545,18.9349999999998,27.8196666666665,-9.6792857142843,697.79,7,10.1643093922652,0
"2382",2446,"NANAIMO RIVER",2021,"2021-01-23",23,23,0,5.81,8.41428571428488,17.585714285713,27.5299999999998,-9.17142857142816,703.6,8,10.1643093922652,0
"2383",2447,"NANAIMO RIVER",2021,"2021-01-24",24,24,0,5.49,7.4985714285701,16.3207142857136,27.2763333333326,-8.82214285714352,709.09,9,10.1643093922652,0
"2384",2448,"NANAIMO RIVER",2021,"2021-01-25",25,25,0,5.19,6.63999999999734,14.7271428571424,26.9159999999994,-8.08714285714502,714.28,10,10.1643093922652,0
"2385",2449,"NANAIMO RIVER",2021,"2021-01-26",26,26,0,4.7,6.09000000000067,12.7628571428566,26.5593333333333,-6.67285714285598,718.98,11,10.1643093922652,0
"2386",2450,"NANAIMO RIVER",2021,"2021-01-27",27,27,0,4.34,5.59428571428621,9.82999999999967,26.174,-4.23571428571345,723.32,12,10.1643093922652,0
"2387",2451,"NANAIMO RIVER",2021,"2021-01-28",28,28,0,4.14,5.16000000000349,7.97571428571454,25.8519999999999,-2.81571428571104,727.46,13,10.1643093922652,0
"2388",2452,"NANAIMO RIVER",2021,"2021-01-29",29,29,0,3.95,4.80285714285648,7.02928571428596,25.2636666666668,-2.22642857142949,731.41,14,10.1643093922652,0
"2389",2453,"NANAIMO RIVER",2021,"2021-01-30",30,30,0,4.03,4.54857142857093,6.48142857142791,24.5146666666667,-1.93285714285698,735.44,15,10.1643093922652,0
"2390",2454,"NANAIMO RIVER",2021,"2021-01-31",31,31,0,6.3,4.66428571428904,6.08142857142957,23.5446666666666,-1.41714285714053,741.74,16,10.1643093922652,0
"2391",2455,"NANAIMO RIVER",2021,"2021-02-01",32,32,0,7.35,4.97285714285681,5.80642857142707,20.3563333333324,-0.833571428570265,749.09,17,10.1643093922652,0
"2392",2456,"NANAIMO RIVER",2021,"2021-02-02",33,33,0,7.96,5.43857142857243,5.76428571428655,17.5450000000002,-0.32571428571412,757.05,18,10.1643093922652,0
"2393",2457,"NANAIMO RIVER",2021,"2021-02-03",34,34,0,7.57,5.89999999999834,5.74714285714227,16.0506666666663,0.152857142856062,764.62,19,10.1643093922652,0
"2394",2458,"NANAIMO RIVER",2021,"2021-02-04",35,35,0,7,6.30857142856777,5.73428571428563,14.8539999999998,0.574285714282138,771.62,20,10.1643093922652,0
"2395",2459,"NANAIMO RIVER",2021,"2021-02-05",36,36,0,7.4,6.80142857143073,5.80214285714361,13.5773333333336,0.999285714287128,779.02,21,10.1643093922652,0
"2396",2460,"NANAIMO RIVER",2021,"2021-02-06",37,37,0,7.83,7.34428571428621,5.94642857142857,12.7316666666661,1.39785714285764,786.85,22,10.1643093922652,0
"2397",2461,"NANAIMO RIVER",2021,"2021-02-07",38,38,0,7.87,7.56857142856877,6.1164285714289,12.067333333333,1.45214285713986,794.72,23,10.1643093922652,0
"2398",2462,"NANAIMO RIVER",2021,"2021-02-08",39,39,0,7.14,7.53857142857409,6.25571428571545,11.4819999999997,1.28285714285864,801.86,24,10.1643093922652,0
"2399",2463,"NANAIMO RIVER",2021,"2021-02-09",40,40,0,6.33,7.30571428571212,6.37214285714227,10.9196666666666,0.933571428569849,808.19,25,10.1643093922652,0
"2400",2464,"NANAIMO RIVER",2021,"2021-02-10",41,41,0,5.58,7.0214285714319,6.46071428571512,10.1890000000004,0.56071428571678,813.77,26,10.1643093922652,0
"2401",2465,"NANAIMO RIVER",2021,"2021-02-11",42,42,0,4.94,6.72714285714652,6.51785714285714,9.28033333333345,0.209285714289373,818.71,27,10.1643093922652,0
"2402",2466,"NANAIMO RIVER",2021,"2021-02-12",43,43,0,4.39,6.29714285714103,6.54928571428588,7.91333333333314,-0.252142857144853,823.1,28,10.1643093922652,0
"2403",2467,"NANAIMO RIVER",2021,"2021-02-13",44,44,0,4.3,5.79285714285964,6.56857142857293,7.05333333333353,-0.775714285713287,827.4,29,10.1643093922652,0
"2404",2468,"NANAIMO RIVER",2021,"2021-02-14",45,45,0,4.09,5.2528571428598,6.41071428571429,6.61633333333399,-1.15785714285448,831.49,30,10.1643093922652,0
"2405",2469,"NANAIMO RIVER",2021,"2021-02-15",46,46,0,3.93,4.79428571428538,6.16642857142974,6.35733333333337,-1.37214285714435,835.42,31,10.1643093922652,0
"2406",2470,"NANAIMO RIVER",2021,"2021-02-16",47,47,0,3.72,4.42142857143023,5.86357142857118,6.08466666666694,-1.44214285714094,839.14,32,10.1643093922652,0
"2407",2471,"NANAIMO RIVER",2021,"2021-02-17",48,48,0,3.59,4.13714285714169,5.5792857142868,5.83099999999977,-1.4421428571451,842.73,33,10.1643093922652,0
"2408",2472,"NANAIMO RIVER",2021,"2021-02-18",49,49,0,3.52,3.93428571428272,5.33071428571462,5.66333333333314,-1.3964285714319,846.25,34,10.1643093922652,0
"2409",2473,"NANAIMO RIVER",2021,"2021-02-19",50,50,0,3.57,3.81714285714302,5.05714285714203,5.52200000000012,-1.239999999999,849.82,35,10.1643093922652,0
"2410",2474,"NANAIMO RIVER",2021,"2021-02-20",51,51,0,3.52,3.70571428571046,4.74928571428505,5.4,-1.04357142857459,853.34,36,10.1643093922652,0
"2411",2475,"NANAIMO RIVER",2021,"2021-02-21",52,52,0,4.6,3.77857142856893,4.51571428571437,5.33833333333314,-0.737142857145435,857.94,37,10.1643093922652,0
"2412",2476,"NANAIMO RIVER",2021,"2021-02-22",53,53,0,24.4,6.70285714285481,5.7485714285701,5.95799999999969,0.954285714284717,882.34,0,10.1643093922652,0
"2413",2477,"NANAIMO RIVER",2021,"2021-02-23",54,54,0,19.9,9.01428571428655,6.71785714285839,6.43833333333411,2.29642857142816,902.24,0,10.1643093922652,0
"2414",2478,"NANAIMO RIVER",2021,"2021-02-24",55,55,0,13.5,10.4300000000013,7.28357142857151,6.71533333333403,3.14642857142982,915.74,1,10.1643093922652,0
"2415",2479,"NANAIMO RIVER",2021,"2021-02-25",56,56,0,10.5,11.4271428571457,7.6807142857142,6.90866666666698,3.74642857143148,926.24,2,10.1643093922652,0
"2416",2480,"NANAIMO RIVER",2021,"2021-02-26",57,57,0,8.59,12.144285714287,7.98071428571503,7.05033333333364,4.16357142857201,934.83,3,10.1643093922652,0
"2417",2481,"NANAIMO RIVER",2021,"2021-02-27",58,58,0,7.19,12.6685714285746,8.18714285714252,7.15199999999992,4.48142857143207,942.02,4,10.1643093922652,0
"2418",2482,"NANAIMO RIVER",2021,"2021-02-28",59,59,0,6.3,12.9114285714292,8.34499999999909,7.23033333333345,4.56642857143015,948.32,5,10.1643093922652,0
"2419",2483,"NANAIMO RIVER",2021,"2021-03-01",60,60,0,6.41,10.3414285714306,8.52214285714269,7.30966666666694,1.81928571428788,954.73,6,10.1643093922652,0
"2420",2484,"NANAIMO RIVER",2021,"2021-03-02",61,61,0,6.54,8.43285714285698,8.72357142857176,7.31766666666663,-0.290714285714785,961.27,7,10.1643093922652,0
"2421",2485,"NANAIMO RIVER",2021,"2021-03-03",62,62,0,6.09,7.37428571428505,8.90214285714319,7.27566666666729,-1.52785714285814,967.36,8,10.1643093922652,0
"2422",2486,"NANAIMO RIVER",2021,"2021-03-04",63,63,0,6.04,6.73714285714336,9.08214285714452,7.21166666666686,-2.34500000000116,973.4,9,10.1643093922652,0
"2423",2487,"NANAIMO RIVER",2021,"2021-03-05",64,64,0,33.3,10.2671428571422,11.2057142857146,8.06933333333388,-0.938571428572427,1006.7,0,10.1643093922652,0
"2424",2488,"NANAIMO RIVER",2021,"2021-03-06",65,65,0,36.3,14.4257142857116,13.5471428571431,9.04600000000016,0.878571428568518,1043,0,10.1643093922652,0
"2425",2489,"NANAIMO RIVER",2021,"2021-03-07",66,66,0,25.8,17.2114285714301,15.0614285714297,9.6593333333333,2.15000000000042,1068.8,0,10.1643093922652,0
"2426",2490,"NANAIMO RIVER",2021,"2021-03-08",67,67,0,18.8,18.9814285714279,14.6614285714292,10.025,4.31999999999867,1087.6,0,10.1643093922652,0
"2427",2491,"NANAIMO RIVER",2021,"2021-03-09",68,68,0,13.7,20.0042857142855,14.2185714285713,10.2193333333339,5.78571428571428,1101.3,1,10.1643093922652,0
"2428",2492,"NANAIMO RIVER",2021,"2021-03-10",69,69,0,10.5,20.634285714286,14.0042857142855,10.3313333333334,6.6300000000005,1111.8,2,10.1643093922652,0
"2429",2493,"NANAIMO RIVER",2021,"2021-03-11",70,70,0,8.58,20.9971428571402,13.8671428571418,10.4063333333334,7.12999999999842,1120.38,3,10.1643093922652,0
"2430",2494,"NANAIMO RIVER",2021,"2021-03-12",71,71,0,7.26,17.2771428571432,13.7721428571427,10.4623333333332,3.5050000000005,1127.64,4,10.1643093922652,0
"2431",2495,"NANAIMO RIVER",2021,"2021-03-13",72,72,0,6.4,13.0057142857155,13.7157142857135,10.5109999999996,-0.709999999998086,1134.04,5,10.1643093922652,0
"2432",2496,"NANAIMO RIVER",2021,"2021-03-14",73,73,0,6.97,10.3157142857131,13.7635714285716,10.5970000000001,-3.44785714285847,1141.01,6,10.1643093922652,0
"2433",2497,"NANAIMO RIVER",2021,"2021-03-15",74,74,0,7.61,8.71714285714136,13.8492857142846,10.7073333333324,-5.13214285714327,1148.62,7,10.1643093922652,0
"2434",2498,"NANAIMO RIVER",2021,"2021-03-16",75,75,0,6.82,7.73428571428355,13.8692857142845,10.7983333333328,-6.135000000001,1155.44,8,10.1643093922652,0
"2435",2499,"NANAIMO RIVER",2021,"2021-03-17",76,76,0,6.15,7.11285714285415,13.8735714285701,10.8723333333328,-6.76071428571595,1161.59,9,10.1643093922652,0
"2436",2500,"NANAIMO RIVER",2021,"2021-03-18",77,77,0,5.86,6.72428571428671,13.8607142857135,10.9436666666666,-7.13642857142674,1167.45,10,10.1643093922652,0
"2437",2501,"NANAIMO RIVER",2021,"2021-03-19",78,78,0,9.75,7.07999999999967,12.1785714285714,11.149,-5.09857142857176,1177.2,11,10.1643093922652,0
"2438",2502,"NANAIMO RIVER",2021,"2021-03-20",79,79,0,18.4,8.79428571428538,10.9000000000004,11.6450000000002,-2.10571428571503,1195.6,0,10.1643093922652,0
"2439",2503,"NANAIMO RIVER",2021,"2021-03-21",80,80,0,15.5,10.0128571428566,10.1642857142849,12.0426666666666,-0.151428571428239,1211.1,0,10.1643093922652,0
"2440",2504,"NANAIMO RIVER",2021,"2021-03-22",81,81,0,12.7,10.7400000000032,9.72857142857226,12.3486666666674,1.0114285714309,1223.8,1,10.1643093922652,0
"2441",2505,"NANAIMO RIVER",2021,"2021-03-23",82,82,0,8.71,11.010000000001,9.37214285714228,12.4856666666669,1.63785714285872,1232.51,2,10.1643093922652,0
"2442",2506,"NANAIMO RIVER",2021,"2021-03-24",83,83,0,8.32,11.3200000000028,9.21642857142849,11.9496666666673,2.10357142857434,1240.83,3,10.1643093922652,0
"2443",2507,"NANAIMO RIVER",2021,"2021-03-25",84,84,0,8.1,11.6400000000015,9.1821428571441,11.5563333333334,2.45785714285739,1248.93,4,10.1643093922652,0
"2444",2508,"NANAIMO RIVER",2021,"2021-03-26",85,85,0,7.49,11.317142857143,9.19857142857134,11.3559999999998,2.11857142857168,1256.42,5,10.1643093922652,0
"2445",2509,"NANAIMO RIVER",2021,"2021-03-27",86,86,0,7.07,9.69857142857343,9.2464285714294,11.2416666666667,0.452142857144022,1263.49,6,10.1643093922652,0
"2446",2510,"NANAIMO RIVER",2021,"2021-03-28",87,87,0,12.6,9.28428571428438,9.64857142857051,11.3753333333327,-0.364285714286131,1276.09,7,10.1643093922652,0
"2447",2511,"NANAIMO RIVER",2021,"2021-03-29",88,88,0,15.1,9.6271428571407,10.1835714285719,11.6389999999995,-0.556428571431232,1291.19,0,10.1643093922652,0
"2448",2512,"NANAIMO RIVER",2021,"2021-03-30",89,89,0,11.1,9.96857142857126,10.4892857142861,11.799,-0.520714285714867,1302.29,1,10.1643093922652,0
"2449",2513,"NANAIMO RIVER",2021,"2021-03-31",90,90,0,8.99,10.0642857142832,10.692142857143,11.8849999999996,-0.627857142859805,1311.28,2,10.1643093922652,0
"2450",2514,"NANAIMO RIVER",2021,"2021-04-01",91,91,0,7.89,10.0342857142844,10.8371428571429,11.9299999999998,-0.802857142858556,1319.17,3,10.1643093922652,0
"2451",2515,"NANAIMO RIVER",2021,"2021-04-02",92,92,0,7.08,9.97571428571246,10.6464285714277,11.9629999999995,-0.670714285715283,1326.25,4,10.1643093922652,0
"2452",2516,"NANAIMO RIVER",2021,"2021-04-03",93,93,0,6.71,9.92428571428588,9.81142857142965,11.9853333333333,0.112857142856228,1332.96,5,10.1643093922652,0
"2453",2517,"NANAIMO RIVER",2021,"2021-04-04",94,94,0,6.74,9.08714285714502,9.1857142857147,11.1,-0.0985714285696808,1339.7,6,10.1643093922652,0
"2454",2518,"NANAIMO RIVER",2021,"2021-04-05",95,95,0,6.2,7.81571428571728,8.72142857142899,10.0966666666674,-0.905714285711708,1345.9,7,10.1643093922652,0
"2455",2519,"NANAIMO RIVER",2021,"2021-04-06",96,96,0,5.78,7.05571428571628,8.51214285714377,9.42933333333349,-1.45642857142749,1351.68,8,10.1643093922652,0
"2456",2520,"NANAIMO RIVER",2021,"2021-04-07",97,97,0,5.52,6.56000000000183,8.31214285714252,8.98666666666686,-1.75214285714069,1357.2,9,10.1643093922652,0
"2457",2521,"NANAIMO RIVER",2021,"2021-04-08",98,98,0,5.1,6.16142857142924,8.09785714285681,8.7,-1.93642857142757,1362.3,10,10.1643093922652,0
"2458",2522,"NANAIMO RIVER",2021,"2021-04-09",99,99,0,5,5.86428571428821,7.92000000000033,8.51666666666667,-2.05571428571212,1367.3,11,10.1643093922652,0
"2459",2523,"NANAIMO RIVER",2021,"2021-04-10",100,100,0,5.25,5.65571428571379,7.78999999999983,8.40566666666709,-2.13428571428605,1372.55,12,10.1643093922652,0
"2460",2524,"NANAIMO RIVER",2021,"2021-04-11",101,101,0,4.7,5.36428571428405,7.22571428571454,8.32033333333287,-1.86142857143048,1377.25,13,10.1643093922652,0
"2461",2525,"NANAIMO RIVER",2021,"2021-04-12",102,102,0,4.32,5.09571428571196,6.45571428571462,8.25099999999996,-1.36000000000266,1381.57,14,10.1643093922652,0
"2462",2526,"NANAIMO RIVER",2021,"2021-04-13",103,103,0,4.08,4.85285714285731,5.9542857142868,8.15466666666713,-1.10142857142949,1385.65,15,10.1643093922652,0
"2463",2527,"NANAIMO RIVER",2021,"2021-04-14",104,104,0,3.96,4.6300000000005,5.59500000000116,8.03300000000066,-0.965000000000665,1389.61,16,10.1643093922652,0
"2464",2528,"NANAIMO RIVER",2021,"2021-04-15",105,105,0,4.22,4.50428571428555,5.33285714285739,7.9463333333338,-0.828571428571844,1393.83,17,10.1643093922652,0
"2465",2529,"NANAIMO RIVER",2021,"2021-04-16",106,106,0,5.87,4.6285714285706,5.2464285714294,7.9370000000005,-0.617857142858806,1399.7,18,10.1643093922652,0
"2466",2530,"NANAIMO RIVER",2021,"2021-04-17",107,107,0,9.56,5.24428571428455,5.44999999999917,8.06033333333326,-0.205714285714619,1409.26,19,10.1643093922652,0
"2467",2531,"NANAIMO RIVER",2021,"2021-04-18",108,108,0,16,6.85857142857276,6.11142857142841,8.26866666666659,0.747142857144354,1425.26,0,10.1643093922652,0
"2468",2532,"NANAIMO RIVER",2021,"2021-04-19",109,109,0,16.3,8.56999999999867,6.83285714285531,8.19866666666639,1.73714285714336,1441.56,0,10.1643093922652,0
"2469",2533,"NANAIMO RIVER",2021,"2021-04-20",110,110,0,12,9.70142857142491,7.27714285714111,8.08199999999973,2.4242857142838,1453.56,1,10.1643093922652,0
"2470",2534,"NANAIMO RIVER",2021,"2021-04-21",111,111,0,13.2,11.0214285714277,7.82571428571412,8.09866666666639,3.19571428571362,1466.76,2,10.1643093922652,0
"2471",2535,"NANAIMO RIVER",2021,"2021-04-22",112,112,0,13.6,12.3614285714284,8.43285714285698,8.26166666666686,3.92857142857143,1480.36,3,10.1643093922652,0
"2472",2536,"NANAIMO RIVER",2021,"2021-04-23",113,113,0,11.4,13.1514285714282,8.88999999999942,8.3643333333331,4.26142857142882,1491.76,4,10.1643093922652,0
"2473",2537,"NANAIMO RIVER",2021,"2021-04-24",114,114,0,10.2,13.2428571428588,9.24357142857168,8.43433333333329,3.99928571428713,1501.96,5,10.1643093922652,0
"2474",2538,"NANAIMO RIVER",2021,"2021-04-25",115,115,0,9.68,12.3400000000007,9.59928571428671,8.50733333333337,2.74071428571395,1511.64,6,10.1643093922652,0
"2475",2539,"NANAIMO RIVER",2021,"2021-04-26",116,116,0,8.45,11.2185714285713,9.89428571428497,8.55333333333256,1.3242857142863,1520.09,7,10.1643093922652,0
"2476",2540,"NANAIMO RIVER",2021,"2021-04-27",117,117,0,6.61,10.4485714285734,10.0749999999992,8.35366666666717,0.373571428574257,1526.7,8,10.1643093922652,0
"2477",2541,"NANAIMO RIVER",2021,"2021-04-28",118,118,0,5.95,9.41285714285914,10.2171428571434,8.04866666666737,-0.804285714284301,1532.65,9,10.1643093922652,0
"2478",2542,"NANAIMO RIVER",2021,"2021-04-29",119,119,0,6.54,8.40428571428389,10.3828571428561,7.89666666666647,-1.97857142857226,1539.19,10,10.1643093922652,0
"2479",2543,"NANAIMO RIVER",2021,"2021-04-30",120,120,0,9.53,8.13714285714169,10.644285714285,7.91466666666674,-2.50714285714327,1548.72,11,10.1643093922652,0
"2480",2544,"NANAIMO RIVER",2021,"2021-05-01",121,121,0,9.98,8.10571428571295,10.6742857142859,7.98433333333329,-2.56857142857293,1558.7,12,10.1643093922652,0
"2481",2545,"NANAIMO RIVER",2021,"2021-05-02",122,122,0,7.96,7.8599999999985,10.0999999999996,8.01366666666678,-2.24000000000108,1566.66,13,10.1643093922652,0
"2482",2546,"NANAIMO RIVER",2021,"2021-05-03",123,123,0,6.94,7.64428571428704,9.43142857142915,8.02133333333283,-1.78714285714211,1573.6,14,10.1643093922652,0
"2483",2547,"NANAIMO RIVER",2021,"2021-05-04",124,124,0,6.18,7.58285714285531,9.01571428571437,8.00266666666624,-1.43285714285906,1579.78,15,10.1643093922652,0
"2484",2548,"NANAIMO RIVER",2021,"2021-05-05",125,125,0,5.29,7.4885714285691,8.45071428571412,7.97233333333279,-0.962142857145018,1585.07,16,10.1643093922652,0
"2485",2549,"NANAIMO RIVER",2021,"2021-05-06",126,126,0,5.68,7.36571428571395,7.88499999999892,7.96899999999926,-0.519285714284965,1590.75,17,10.1643093922652,0
"2486",2550,"NANAIMO RIVER",2021,"2021-05-07",127,127,0,6.24,6.89571428571695,7.51642857142932,7.99300000000027,-0.620714285712373,1596.99,18,10.1643093922652,0
"2487",2551,"NANAIMO RIVER",2021,"2021-05-08",128,128,0,4.75,6.14857142857259,7.12714285714277,7.98133333333341,-0.978571428570181,1601.74,19,10.1643093922652,0
"2488",2552,"NANAIMO RIVER",2021,"2021-05-09",129,129,0,4.21,5.61285714285831,6.73642857142841,7.95499999999981,-1.1235714285701,1605.95,20,10.1643093922652,0
"2489",2553,"NANAIMO RIVER",2021,"2021-05-10",130,130,0,4,5.19285714285797,6.41857142857251,7.91333333333314,-1.22571428571454,1609.95,21,10.1643093922652,0
"2490",2554,"NANAIMO RIVER",2021,"2021-05-11",131,131,0,4.14,4.90142857142824,6.24214285714178,7.89466666666655,-1.34071428571354,1614.09,22,10.1643093922652,0
"2491",2555,"NANAIMO RIVER",2021,"2021-05-12",132,132,0,5.43,4.92142857143023,6.20499999999967,7.93166666666705,-1.28357142856943,1619.52,23,10.1643093922652,0
"2492",2556,"NANAIMO RIVER",2021,"2021-05-13",133,133,0,6.42,5.02714285714319,6.19642857142857,8.00966666666597,-1.16928571428538,1625.94,24,10.1643093922652,0
"2493",2557,"NANAIMO RIVER",2021,"2021-05-14",134,134,0,7.06,5.14428571428289,6.01999999999992,8.1129999999995,-0.87571428571703,1633,25,10.1643093922652,0
"2494",2558,"NANAIMO RIVER",2021,"2021-05-15",135,135,0,7.31,5.50999999999684,5.82928571428472,8.21599999999938,-0.319285714287876,1640.31,26,10.1643093922652,0
"2495",2559,"NANAIMO RIVER",2021,"2021-05-16",136,136,0,7.68,6.00571428571545,5.80928571428688,8.27633333333361,0.196428571428571,1647.99,27,10.1643093922652,0
"2496",2560,"NANAIMO RIVER",2021,"2021-05-17",137,137,0,7.91,6.56428571428738,5.87857142857268,8.2213333333338,0.685714285714702,1655.9,28,10.1643093922652,0
"2497",2561,"NANAIMO RIVER",2021,"2021-05-18",138,138,0,7.35,7.02285714285764,5.96214285714294,7.93299999999969,1.0607142857147,1663.25,29,10.1643093922652,0
"2498",2562,"NANAIMO RIVER",2021,"2021-05-19",139,139,0,5.41,7.01999999999784,5.97071428571404,7.57000000000019,1.0492857142838,1668.66,30,10.1643093922652,0
"2499",2563,"NANAIMO RIVER",2021,"2021-05-20",140,140,0,3.97,6.67000000000033,5.84857142857176,7.30233333333357,0.821428571428572,1672.63,31,10.1643093922652,0
"2500",2564,"NANAIMO RIVER",2021,"2021-05-21",141,141,0,3.28,6.1300000000005,5.63714285714169,6.97166666666647,0.492857142858806,1675.91,32,10.1643093922652,0
"2501",2565,"NANAIMO RIVER",2021,"2021-05-22",142,142,0,3.61,5.60142857143156,5.5557142857142,6.63866666666678,0.045714285717362,1679.52,33,10.1643093922652,0
"2502",2566,"NANAIMO RIVER",2021,"2021-05-23",143,143,0,4.16,5.09857142857176,5.55214285714361,6.39733333333376,-0.453571428571845,1683.68,34,10.1643093922652,0
"2503",2567,"NANAIMO RIVER",2021,"2021-05-24",144,144,0,4.33,4.58714285714086,5.57571428571412,6.20166666666628,-0.988571428573258,1688.01,35,10.1643093922652,0
"2504",2568,"NANAIMO RIVER",2021,"2021-05-25",145,145,0,4.19,4.13571428571595,5.5792857142868,6.01866666666659,-1.44357142857085,1692.2,36,10.1643093922652,0
"2505",2569,"NANAIMO RIVER",2021,"2021-05-26",146,146,0,3.93,3.92428571428588,5.47214285714186,5.86800000000027,-1.54785714285598,1696.13,37,10.1643093922652,0
"2506",2570,"NANAIMO RIVER",2021,"2021-05-27",147,147,0,6.26,4.2514285714299,5.46071428571512,5.85633333333341,-1.20928571428522,1702.39,38,10.1643093922652,0
"2507",2571,"NANAIMO RIVER",2021,"2021-05-28",148,148,0,8.08,4.93714285714252,5.53357142857151,5.9273333333326,-0.596428571428987,1710.47,39,10.1643093922652,0
"2508",2572,"NANAIMO RIVER",2021,"2021-05-29",149,149,0,6.26,5.31571428571312,5.45857142857234,5.91800000000027,-0.142857142859222,1716.73,40,10.1643093922652,0
"2509",2573,"NANAIMO RIVER",2021,"2021-05-30",150,150,0,5.77,5.54571428571113,5.32214285714144,5.79266666666663,0.223571428569683,1722.5,41,10.1643093922652,0
"2510",2574,"NANAIMO RIVER",2021,"2021-05-31",151,151,0,5.75,5.7485714285701,5.16785714285548,5.65166666666628,0.580714285714618,1728.25,42,10.1643093922652,0
"2511",2575,"NANAIMO RIVER",2021,"2021-06-01",152,152,0,5.1,5.8785714285706,5.00714285714327,5.55633333333341,0.871428571427324,1733.35,43,10.1643093922652,0
"2512",2576,"NANAIMO RIVER",2021,"2021-06-02",153,153,0,5.57,6.11285714285831,5.01857142857209,5.5106666666669,1.09428571428621,1738.92,44,10.1643093922652,0
"2513",2577,"NANAIMO RIVER",2021,"2021-06-03",154,154,0,5.57,6.01428571428655,5.13285714285822,5.49033333333403,0.881428571428322,1744.49,45,10.1643093922652,0
"2514",2578,"NANAIMO RIVER",2021,"2021-06-04",155,155,0,4.66,5.52571428571745,5.23142857142999,5.46933333333388,0.294285714287461,1749.15,46,10.1643093922652,0
"2515",2579,"NANAIMO RIVER",2021,"2021-06-05",156,156,0,3.94,5.19428571428372,5.25499999999842,5.41133333333322,-0.0607142857147016,1753.09,47,10.1643093922652,0
"2516",2580,"NANAIMO RIVER",2021,"2021-06-06",157,157,0,3.56,4.87857142857475,5.21214285714294,5.32200000000012,-0.333571428568186,1756.65,48,10.1643093922652,0
"2517",2581,"NANAIMO RIVER",2021,"2021-06-07",158,158,0,3.43,4.54714285714519,5.14785714285764,5.27799999999988,-0.600714285712456,1760.08,49,10.1643093922652,0
"2518",2582,"NANAIMO RIVER",2021,"2021-06-08",159,159,0,3.07,4.25714285714535,5.06785714285797,5.24000000000039,-0.810714285712622,1763.15,50,10.1643093922652,0
"2519",2583,"NANAIMO RIVER",2021,"2021-06-09",160,160,0,2.63,3.83714285714086,4.97499999999958,5.19433333333291,-1.13785714285872,1765.78,51,10.1643093922652,0
"2520",2584,"NANAIMO RIVER",2021,"2021-06-10",161,161,0,2.55,3.40571428571379,4.71000000000017,5.14133333333399,-1.30428571428638,1768.33,52,10.1643093922652,0
"2521",2585,"NANAIMO RIVER",2021,"2021-06-11",162,162,0,2.49,3.09571428571196,4.3107142857147,5.04333333333294,-1.21500000000274,1770.82,53,10.1643093922652,0
"2522",2586,"NANAIMO RIVER",2021,"2021-06-12",163,163,0,2.86,2.94142857143223,4.06785714285797,4.92466666666733,-1.12642857142574,1773.68,54,10.1643093922652,0
"2523",2587,"NANAIMO RIVER",2021,"2021-06-13",164,164,0,6.79,3.40285714285398,4.14071428571437,4.91566666666671,-0.737857142860386,1780.47,55,10.1643093922652,0
"2524",2588,"NANAIMO RIVER",2021,"2021-06-14",165,165,0,6.45,3.83428571428522,4.1907142857152,4.8870000000005,-0.356428571429985,1786.92,56,10.1643093922652,0
"2525",2589,"NANAIMO RIVER",2021,"2021-06-15",166,166,0,5.39,4.16571428571063,4.21142857142799,4.81066666666593,-0.045714285717362,1792.31,57,10.1643093922652,0
"2526",2590,"NANAIMO RIVER",2021,"2021-06-16",167,167,0,4.84,4.48142857143206,4.15928571428646,4.70833333333333,0.322142857145601,1797.15,58,10.1643093922652,0
"2527",2591,"NANAIMO RIVER",2021,"2021-06-17",168,168,0,4.25,4.72428571428671,4.06500000000025,4.60500000000078,0.659285714286463,1801.4,59,10.1643093922652,0
"2528",2592,"NANAIMO RIVER",2021,"2021-06-18",169,169,0,3.96,4.93428571428688,4.01499999999942,4.55666666666705,0.919285714287461,1805.36,60,10.1643093922652,0
"2529",2593,"NANAIMO RIVER",2021,"2021-06-19",170,170,0,3.7,5.05428571428222,3.99785714285723,4.54766666666643,1.056428571425,1809.06,61,10.1643093922652,0
"2530",2594,"NANAIMO RIVER",2021,"2021-06-20",171,171,0,3.6,4.59857142857176,4.00071428571287,4.55833333333333,0.597857142858889,1812.66,62,10.1643093922652,0
"2531",2595,"NANAIMO RIVER",2021,"2021-06-21",172,172,0,3.43,4.16714285714053,4.00071428571287,4.5523333333326,0.166428571427656,1816.09,63,10.1643093922652,0
"2532",2596,"NANAIMO RIVER",2021,"2021-06-22",173,173,0,3.37,3.87857142857475,4.02214285714269,4.52599999999996,-0.143571428567936,1819.46,64,10.1643093922652,0
"2533",2597,"NANAIMO RIVER",2021,"2021-06-23",174,174,0,3.19,3.64285714285714,4.0621428571446,4.48800000000047,-0.41928571428746,1822.65,65,10.1643093922652,0
"2534",2598,"NANAIMO RIVER",2021,"2021-06-24",175,175,0,2.95,3.45714285714036,4.09071428571354,4.44666666666647,-0.633571428573175,1825.6,66,10.1643093922652,0
"2535",2599,"NANAIMO RIVER",2021,"2021-06-25",176,176,0,2.79,3.28999999999983,4.11214285714336,4.40866666666698,-0.822142857143522,1828.39,67,10.1643093922652,0
"2536",2600,"NANAIMO RIVER",2021,"2021-06-26",177,177,0,2.7,3.14714285714269,4.10071428571246,4.28999999999942,-0.953571428569766,1831.09,68,10.1643093922652,0
"2537",2601,"NANAIMO RIVER",2021,"2021-06-27",178,178,0,2.55,2.99714285714435,3.79785714285806,4.10566666666709,-0.800714285713704,1833.64,69,10.1643093922652,0
"2538",2602,"NANAIMO RIVER",2021,"2021-06-28",179,179,0,2.26,2.83000000000383,3.49857142857218,3.97233333333376,-0.668571428568352,1835.9,70,10.1643093922652,0
"2539",2603,"NANAIMO RIVER",2021,"2021-06-29",180,180,0,2.05,2.64142857142724,3.260000000001,3.84833333333372,-0.618571428573757,1837.95,71,10.1643093922652,0
"2540",2604,"NANAIMO RIVER",2021,"2021-06-30",181,181,0,1.79,2.44142857142807,3.04214285714261,3.71633333333399,-0.600714285714535,1839.74,72,10.1643093922652,0
"2541",2605,"NANAIMO RIVER",2021,"2021-07-01",182,182,0,1.54,2.239999999999,2.84857142856968,3.59766666666643,-0.60857142857068,1841.28,73,10.1643093922652,0
"2542",2606,"NANAIMO RIVER",2021,"2021-07-02",183,183,0,1.35,2.03428571428438,2.66214285714211,3.45699999999973,-0.627857142857725,1842.63,74,10.1643093922652,0
"2543",2607,"NANAIMO RIVER",2021,"2021-07-03",184,184,0,1.26,1.82857142857392,2.48785714285831,3.31333333333314,-0.659285714284384,1843.89,75,10.1643093922652,0
"2544",2608,"NANAIMO RIVER",2021,"2021-07-04",185,185,0,1.23,1.63999999999734,2.31857142857085,3.19899999999907,-0.678571428573507,1845.12,76,10.1643093922652,0
"2545",2609,"NANAIMO RIVER",2021,"2021-07-05",186,186,0,1.2,1.4885714285691,2.15928571428646,3.10766666666702,-0.670714285717362,1846.32,77,10.1643093922652,0
"2546",2610,"NANAIMO RIVER",2021,"2021-07-06",187,187,0,1.17,1.36285714285831,2.00214285714277,3.02799999999988,-0.639285714284467,1847.49,78,10.1643093922652,0
"2547",2611,"NANAIMO RIVER",2021,"2021-07-07",188,188,0,1.13,1.26857142856794,1.854999999998,2.95133333333263,-0.586428571430068,1848.62,79,10.1643093922652,0
"2548",2612,"NANAIMO RIVER",2021,"2021-07-08",189,189,0,1.1,1.20571428571462,1.72285714285681,2.88566666666593,-0.517142857142192,1849.72,80,10.1643093922652,0
"2549",2613,"NANAIMO RIVER",2021,"2021-07-09",190,190,0,1.12,1.17285714285598,1.60357142857018,2.83533333333326,-0.430714285714203,1850.84,81,10.1643093922652,0
"2550",2614,"NANAIMO RIVER",2021,"2021-07-10",191,191,0,1.27,1.17428571428588,1.5014285714299,2.79266666666663,-0.327142857144021,1852.11,82,10.1643093922652,0
"2551",2615,"NANAIMO RIVER",2021,"2021-07-11",192,192,0,1.27,1.18000000000133,1.40999999999933,2.75199999999992,-0.229999999998004,1853.38,83,10.1643093922652,0
"2552",2616,"NANAIMO RIVER",2021,"2021-07-12",193,193,0,1.23,1.18428571428688,1.33642857142799,2.69766666666643,-0.152142857141111,1854.61,84,10.1643093922652,0
"2553",2617,"NANAIMO RIVER",2021,"2021-07-13",194,194,0,1.2,1.18857142856827,1.27571428571329,2.51133333333322,-0.0871428571450192,1855.81,85,10.1643093922652,0
"2554",2618,"NANAIMO RIVER",2021,"2021-07-14",195,195,0,1.26,1.20714285714452,1.23785714285623,2.33833333333314,-0.030714285711708,1857.07,86,10.1643093922652,0
"2555",2619,"NANAIMO RIVER",2021,"2021-07-15",196,196,0,1.31,1.23714285714336,1.22142857142899,2.20233333333357,0.0157142857143688,1858.38,87,10.1643093922652,0
"2556",2620,"NANAIMO RIVER",2021,"2021-07-16",197,197,0,1.34,1.26857142857209,1.22071428571404,2.08566666666593,0.0478571428580574,1859.72,88,10.1643093922652,0
"2557",2621,"NANAIMO RIVER",2021,"2021-07-17",198,198,0,1.34,1.27857142856893,1.22642857142741,1.98866666666581,0.0521428571415268,1861.06,89,10.1643093922652,0
"2558",2622,"NANAIMO RIVER",2021,"2021-07-18",199,199,0,1.32,1.28571428571429,1.23285714285781,1.90066666666632,0.0528571428564777,1862.38,90,10.1643093922652,0
"2559",2623,"NANAIMO RIVER",2021,"2021-07-19",200,200,0,1.3,1.29571428571528,1.24000000000108,1.82066666666748,0.0557142857142026,1863.68,91,10.1643093922652,0
"2560",2624,"NANAIMO RIVER",2021,"2021-07-20",201,201,0,1.27,1.30571428571628,1.24714285714228,1.74300000000027,0.0585714285740062,1864.95,92,10.1643093922652,0
"2561",2625,"NANAIMO RIVER",2021,"2021-07-21",202,202,0,1.29,1.31000000000183,1.25857142857317,1.67166666666744,0.0514285714286546,1866.24,93,10.1643093922652,0
"2562",2626,"NANAIMO RIVER",2021,"2021-07-22",203,203,0,1.29,1.30714285714203,1.27214285714269,1.6023333333326,0.0349999999993347,1867.53,94,10.1643093922652,0
"2563",2627,"NANAIMO RIVER",2021,"2021-07-23",204,204,0,1.31,1.30285714285648,1.28571428571429,1.53966666666577,0.0171428571421919,1868.84,95,10.1643093922652,0
"2564",2628,"NANAIMO RIVER",2021,"2021-07-24",205,205,0,1.32,1.30000000000083,1.28928571428488,1.48533333333326,0.0107142857159488,1870.16,96,10.1643093922652,0
"2565",2629,"NANAIMO RIVER",2021,"2021-07-25",206,206,0,1.28,1.29428571428538,1.28999999999983,1.43499999999961,0.00428571428554791,1871.44,97,10.1643093922652,0
"2566",2630,"NANAIMO RIVER",2021,"2021-07-26",207,207,0,1.27,1.28999999999983,1.29285714285756,1.38733333333415,-0.00285714285772487,1872.71,98,10.1643093922652,0
"2567",2631,"NANAIMO RIVER",2021,"2021-07-27",208,208,0,1.26,1.28857142856993,1.29714285714311,1.34433333333291,-0.00857142857317461,1873.97,99,10.1643093922652,0
"2568",2632,"NANAIMO RIVER",2021,"2021-07-28",209,209,0,1.26,1.28428571428438,1.29714285714311,1.31099999999957,-0.0128571428587227,1875.23,100,10.1643093922652,0
"2569",2633,"NANAIMO RIVER",2021,"2021-07-29",210,210,0,1.25,1.27857142857309,1.29285714285756,1.28433333333329,-0.014285714284467,1876.48,101,10.1643093922652,0
"2570",2634,"NANAIMO RIVER",2021,"2021-07-30",211,211,0,1.25,1.270000000002,1.28642857142924,1.26633333333302,-0.016428571427241,1877.73,102,10.1643093922652,0
"2571",2635,"NANAIMO RIVER",2021,"2021-07-31",212,212,0,1.32,1.270000000002,1.28500000000141,1.25900000000062,-0.0149999999994179,1879.05,103,10.1643093922652,0
"2572",2636,"NANAIMO RIVER",2021,"2021-08-01",213,213,0,1.35,1.28000000000299,1.28714285714419,1.25900000000062,-0.007142857141194,1880.4,104,10.1643093922652,0
"2573",2637,"NANAIMO RIVER",2021,"2021-08-02",214,214,0,1.3,1.28428571428438,1.28714285714211,1.26033333333326,-0.00285714285772509,1881.7,105,10.1643093922652,0
"2574",2638,"NANAIMO RIVER",2021,"2021-08-03",215,215,0,1.34,1.29571428571528,1.29214285714261,1.26400000000043,0.00357142857267578,1883.04,106,10.1643093922652,0
"2575",2639,"NANAIMO RIVER",2021,"2021-08-04",216,216,0,1.3,1.30142857142658,1.29285714285548,1.26733333333298,0.00857142857109583,1884.34,107,10.1643093922652,0
"2576",2640,"NANAIMO RIVER",2021,"2021-08-05",217,217,0,1.27,1.30428571428638,1.29142857142974,1.27066666666651,0.012857142856644,1885.61,108,10.1643093922652,0
"2577",2641,"NANAIMO RIVER",2021,"2021-08-06",218,218,0,1.3,1.31142857142757,1.29071428571478,1.2763333333336,0.0207142857127889,1886.91,109,10.1643093922652,0
"2578",2642,"NANAIMO RIVER",2021,"2021-08-07",219,219,0,1.44,1.32857142856977,1.29928571428588,1.28766666666682,0.0292857142838847,1888.35,110,10.1643093922652,0
"2579",2643,"NANAIMO RIVER",2021,"2021-08-08",220,220,0,1.41,1.33714285714086,1.30857142857193,1.29733333333376,0.028571428568934,1889.76,111,10.1643093922652,0
"2580",2644,"NANAIMO RIVER",2021,"2021-08-09",221,221,0,1.37,1.34714285714186,1.31571428571312,1.30066666666632,0.0314285714287377,1891.13,112,10.1643093922652,0
"2581",2645,"NANAIMO RIVER",2021,"2021-08-10",222,222,0,1.36,1.35000000000166,1.32285714285847,1.30366666666717,0.0271428571431898,1892.49,113,10.1643093922652,0
"2582",2646,"NANAIMO RIVER",2021,"2021-08-11",223,223,0,1.31,1.35142857143157,1.32642857142907,1.30633333333341,0.0250000000024946,1893.8,114,10.1643093922652,0
"2583",2647,"NANAIMO RIVER",2021,"2021-08-12",224,224,0,1.25,1.34857142857176,1.32642857142907,1.30800000000066,0.0221428571426907,1895.05,115,10.1643093922652,0
"2584",2648,"NANAIMO RIVER",2021,"2021-08-13",225,225,0,1.2,1.33428571428522,1.32285714285639,1.30599999999977,0.0114285714288209,1896.25,116,10.1643093922652,0
"2585",2649,"NANAIMO RIVER",2021,"2021-08-14",226,226,0,1.27,1.31000000000183,1.3192857142858,1.30466666666713,-0.00928571428396796,1897.52,117,10.1643093922652,0
"2586",2650,"NANAIMO RIVER",2021,"2021-08-15",227,227,0,1.32,1.29714285714103,1.31714285714094,1.30399999999984,-0.019999999999917,1898.84,118,10.1643093922652,0
"2587",2651,"NANAIMO RIVER",2021,"2021-08-16",228,228,0,1.34,1.29285714285964,1.32000000000075,1.30400000000081,-0.027142857141111,1900.18,119,10.1643093922652,0
"2588",2652,"NANAIMO RIVER",2021,"2021-08-17",229,229,0,1.39,1.29714285714103,1.32357142857135,1.30633333333341,-0.0264285714303176,1901.57,120,10.1643093922652,0
"2589",2653,"NANAIMO RIVER",2021,"2021-08-18",230,230,0,1.52,1.32714285713986,1.33928571428571,1.31366666666581,-0.0121428571458506,1903.09,121,10.1643093922652,0
"2590",2654,"NANAIMO RIVER",2021,"2021-08-19",231,231,0,1.47,1.3585714285686,1.35357142857018,1.32033333333287,0.00499999999842005,1904.56,122,10.1643093922652,0
"2591",2655,"NANAIMO RIVER",2021,"2021-08-20",232,232,0,1.5,1.40142857142824,1.36785714285673,1.3273333333326,0.0335714285715119,1906.06,123,10.1643093922652,0
"2592",2656,"NANAIMO RIVER",2021,"2021-08-21",233,233,0,1.49,1.43285714285698,1.3714285714294,1.33400000000062,0.0614285714275735,1907.55,124,10.1643093922652,0
"2593",2657,"NANAIMO RIVER",2021,"2021-08-22",234,234,0,1.47,1.45428571428887,1.37571428571495,1.33933333333407,0.0785714285739232,1909.02,125,10.1643093922652,0
"2594",2658,"NANAIMO RIVER",2021,"2021-08-23",235,235,0,1.41,1.46428571428571,1.37857142857268,1.34233333333395,0.0857142857130384,1910.43,126,10.1643093922652,0
"2595",2659,"NANAIMO RIVER",2021,"2021-08-24",236,236,0,1.37,1.46142857143007,1.37928571428555,1.34533333333384,0.0821428571445202,1911.8,127,10.1643093922652,0
"2596",2660,"NANAIMO RIVER",2021,"2021-08-25",237,237,0,1.34,1.43571428571678,1.38142857142832,1.34766666666643,0.0542857142884585,1913.14,128,10.1643093922652,0
"2597",2661,"NANAIMO RIVER",2021,"2021-08-26",238,238,0,1.36,1.42000000000033,1.38928571428447,1.35099999999996,0.0307142857158655,1914.5,129,10.1643093922652,0
"2598",2662,"NANAIMO RIVER",2021,"2021-08-27",239,239,0,1.34,1.39714285714269,1.39928571428546,1.3536666666662,-0.00214285714277396,1915.84,130,10.1643093922652,0
"2599",2663,"NANAIMO RIVER",2021,"2021-08-28",240,240,0,1.29,1.3685714285696,1.40071428571329,1.35499999999981,-0.0321428571436888,1917.13,131,10.1643093922652,0
"2600",2664,"NANAIMO RIVER",2021,"2021-08-29",241,241,0,1.27,1.34000000000067,1.39714285714477,1.35566666666709,-0.0571428571441044,1918.4,132,10.1643093922652,0
"2601",2665,"NANAIMO RIVER",2021,"2021-08-30",242,242,0,1.15,1.30285714285648,1.3835714285711,1.35,-0.0807142857146184,1919.55,133,10.1643093922652,0
"2602",2666,"NANAIMO RIVER",2021,"2021-08-31",243,243,0,1.28,1.28999999999983,1.37571428571495,1.34766666666643,-0.0857142857151172,1920.83,134,10.1643093922652,0
"2603",2667,"NANAIMO RIVER",2021,"2021-09-01",244,244,0,1.25,1.27714285714319,1.35642857142999,1.34600000000016,-0.0792857142867953,1922.08,135,10.1643093922652,0
"2604",2668,"NANAIMO RIVER",2021,"2021-09-02",245,245,0,1.2,1.25428571428555,1.33714285714294,1.34133333333302,-0.0828571428573923,1923.28,136,10.1643093922652,0
"2605",2669,"NANAIMO RIVER",2021,"2021-09-03",246,246,0,1.18,1.23142857143206,1.31428571428738,1.33733333333415,-0.0828571428553135,1924.46,137,10.1643093922652,0
"2606",2670,"NANAIMO RIVER",2021,"2021-09-04",247,247,0,1.2,1.21857142857126,1.29357142857043,1.33499999999961,-0.0749999999991684,1925.66,138,10.1643093922652,0
"2607",2671,"NANAIMO RIVER",2021,"2021-09-05",248,248,0,1.19,1.20714285714036,1.27357142857051,1.33133333333341,-0.0664285714301514,1926.85,139,10.1643093922652,0
"2608",2672,"NANAIMO RIVER",2021,"2021-09-06",249,249,0,1.13,1.20428571428472,1.2535714285706,1.32100000000016,-0.0492857142858805,1927.98,140,10.1643093922652,0
"2609",2673,"NANAIMO RIVER",2021,"2021-09-07",250,250,0,1.06,1.17285714285598,1.23142857142791,1.30933333333329,-0.0585714285719277,1929.04,141,10.1643093922652,0
"2610",2674,"NANAIMO RIVER",2021,"2021-09-08",251,251,1,1.03,1.14142857142724,1.20928571428522,1.29800000000008,-0.0678571428579744,1930.07,142,10.1643093922652,0
"2611",2675,"NANAIMO RIVER",2022,"2022-01-01",1,1,0,9.86,12.5800000000038,15.7971428571431,18.6020000000009,-3.21714285713928,9.86,NA,13.3608839779006,0
"2612",2676,"NANAIMO RIVER",2022,"2022-01-02",2,2,0,16,12.5085714285753,15.7971428571431,17.9453333333338,-3.28857142856785,25.86,0,13.3608839779006,0
"2613",2677,"NANAIMO RIVER",2022,"2022-01-03",3,3,0,19.2,13.1657142857148,16.1685714285704,17.6353333333333,-3.00285714285565,45.06,0,13.3608839779006,0
"2614",2678,"NANAIMO RIVER",2022,"2022-01-04",4,4,0,14.9,13.4085714285694,16.3185714285708,17.358666666666,-2.91000000000141,59.96,0,13.3608839779006,0
"2615",2679,"NANAIMO RIVER",2022,"2022-01-05",5,5,0,12.8,13.5085714285711,15.6685714285725,17.1286666666672,-2.16000000000141,72.76,1,13.3608839779006,0
"2616",2680,"NANAIMO RIVER",2022,"2022-01-06",6,6,0,11.9,13.5942857142862,14.5399999999998,16.9553333333334,-0.94571428571362,84.66,2,13.3608839779006,0
"2617",2681,"NANAIMO RIVER",2022,"2022-01-07",7,7,0,12,13.8085714285719,13.8400000000007,16.8120000000005,-0.031428571428739,96.66,3,13.3608839779006,0
"2618",2682,"NANAIMO RIVER",2022,"2022-01-08",8,8,0,11.6,14.057142857142,13.3185714285729,16.7019999999999,0.738571428569101,108.26,4,13.3608839779006,0
"2619",2683,"NANAIMO RIVER",2022,"2022-01-09",9,9,0,11,13.3428571428563,12.9257142857158,16.5820000000007,0.417142857140529,119.26,5,13.3608839779006,0
"2620",2684,"NANAIMO RIVER",2022,"2022-01-10",10,10,0,11.6,12.2571428571454,12.7114285714301,15.7753333333336,-0.454285714284715,130.86,6,13.3608839779006,0
"2621",2685,"NANAIMO RIVER",2022,"2022-01-11",11,11,0,29.7,14.3714285714294,13.8899999999994,15.9353333333333,0.481428571429985,160.56,0,13.3608839779006,0
"2622",2686,"NANAIMO RIVER",2022,"2022-01-12",12,12,0,56.8,20.6571428571437,17.0828571428574,17.108666666667,3.5742857142863,217.36,0,13.3608839779006,0
"2623",2687,"NANAIMO RIVER",2022,"2022-01-13",13,13,0,67,28.5285714285731,21.0614285714297,18.6186666666676,7.46714285714344,284.36,0,13.3608839779006,0
"2624",2688,"NANAIMO RIVER",2022,"2022-01-14",14,14,0,52.1,34.2571428571412,24.0328571428566,19.7553333333334,10.2242857142846,336.46,0,13.3608839779006,0
"2625",2689,"NANAIMO RIVER",2022,"2022-01-15",15,15,0,41.6,38.5428571428555,26.2999999999988,20.6186666666666,12.2428571428567,378.06,0,13.3608839779006,0
"2626",2690,"NANAIMO RIVER",2022,"2022-01-16",16,16,0,33.2,41.7142857142857,27.528571428571,21.2620000000005,14.1857142857147,411.26,0,13.3608839779006,0
"2627",2691,"NANAIMO RIVER",2022,"2022-01-17",17,17,0,27.4,43.9714285714269,28.1142857142861,21.6653333333331,15.8571428571408,438.66,0,13.3608839779006,0
"2628",2692,"NANAIMO RIVER",2022,"2022-01-18",18,18,0,24.3,43.1999999999992,28.7857142857143,21.9419999999993,14.4142857142849,462.96,0,13.3608839779006,0
"2629",2693,"NANAIMO RIVER",2022,"2022-01-19",19,19,0,21.5,38.1571428571395,29.4071428571416,22.1919999999993,8.74999999999792,484.46,0,13.3608839779006,0
"2630",2694,"NANAIMO RIVER",2022,"2022-01-20",20,20,0,25.3,32.1999999999992,30.3642857142861,22.608666666667,1.83571428571304,509.76,0,13.3608839779006,0
"2631",2695,"NANAIMO RIVER",2022,"2022-01-21",21,21,0,24.7,28.2857142857143,31.2714285714277,22.7019999999999,-2.98571428571346,534.46,0,13.3608839779006,0
"2632",2696,"NANAIMO RIVER",2022,"2022-01-22",22,22,0,21.2,25.3714285714294,31.9571428571424,22.4853333333333,-6.58571428571304,555.66,0,13.3608839779006,0
"2633",2697,"NANAIMO RIVER",2022,"2022-01-23",23,23,0,18.5,23.2714285714277,32.4928571428567,22.3753333333336,-9.22142857142899,574.16,0,13.3608839779006,0
"2634",2698,"NANAIMO RIVER",2022,"2022-01-24",24,24,0,16.6,21.7285714285723,32.8499999999996,22.2986666666674,-11.1214285714273,590.76,0,13.3608839779006,0
"2635",2699,"NANAIMO RIVER",2022,"2022-01-25",25,25,0,14.9,20.3857142857159,31.7928571428576,22.2453333333338,-11.4071428571416,605.66,0,13.3608839779006,0
"2636",2700,"NANAIMO RIVER",2022,"2022-01-26",26,26,0,13.5,19.2428571428588,28.6999999999992,22.208666666667,-9.45714285714036,619.16,1,13.3608839779006,0
"2637",2701,"NANAIMO RIVER",2022,"2022-01-27",27,27,0,12.7,17.442857142858,24.8214285714286,22.1920000000003,-7.3785714285706,631.86,2,13.3608839779006,0
"2638",2702,"NANAIMO RIVER",2022,"2022-01-28",28,28,0,11.8,15.6000000000017,21.942857142858,22.1819999999997,-6.34285714285631,643.66,3,13.3608839779006,0
"2639",2703,"NANAIMO RIVER",2022,"2022-01-29",29,29,0,11.1,14.1571428571437,19.7642857142865,22.1753333333336,-5.60714285714286,654.76,4,13.3608839779006,0
"2640",2704,"NANAIMO RIVER",2022,"2022-01-30",30,30,0,14,13.5142857142865,18.3928571428571,22.2920000000003,-4.8785714285706,668.76,0,13.3608839779006,0
"2641",2705,"NANAIMO RIVER",2022,"2022-01-31",31,31,0,18.6,13.8000000000008,17.7642857142865,22.5833333333333,-3.96428571428572,687.36,0,13.3608839779006,0
"2642",2706,"NANAIMO RIVER",2022,"2022-02-01",32,32,0,15.5,13.8857142857159,17.1357142857159,22.5666666666667,-3.25,702.86,0,13.3608839779006,0
"2643",2707,"NANAIMO RIVER",2022,"2022-02-02",33,33,0,13.9,13.942857142858,16.5928571428584,22.3900000000004,-2.65000000000041,716.76,1,13.3608839779006,0
"2644",2708,"NANAIMO RIVER",2022,"2022-02-03",34,34,0,12.9,13.9714285714269,15.7071428571424,22.3233333333337,-1.73571428571553,729.66,2,13.3608839779006,0
"2645",2709,"NANAIMO RIVER",2022,"2022-02-04",35,35,0,12.3,14.0428571428555,14.8214285714286,22.3066666666661,-0.778571428573091,741.96,3,13.3608839779006,0
"2646",2710,"NANAIMO RIVER",2022,"2022-02-05",36,36,0,12,14.1714285714261,14.1642857142849,22.3099999999996,0.00714285714119356,753.96,4,13.3608839779006,0
"2647",2711,"NANAIMO RIVER",2022,"2022-02-06",37,37,0,11.5,13.8142857142832,13.6642857142849,22.2933333333329,0.149999999998336,765.46,5,13.3608839779006,0
"2648",2712,"NANAIMO RIVER",2022,"2022-02-07",38,38,0,11.1,12.7428571428546,13.2714285714277,22.2766666666663,-0.528571428573091,776.56,6,13.3608839779006,0
"2649",2713,"NANAIMO RIVER",2022,"2022-02-08",39,39,0,10.6,12.0428571428555,12.9642857142857,22.2633333333331,-0.921428571430233,787.16,7,13.3608839779006,0
"2650",2714,"NANAIMO RIVER",2022,"2022-02-09",40,40,0,10.3,11.5285714285689,12.7357142857135,22.2199999999992,-1.20714285714452,797.46,8,13.3608839779006,0
"2651",2715,"NANAIMO RIVER",2022,"2022-02-10",41,41,0,10.2,11.1428571428571,12.557142857142,21.5700000000002,-1.41428571428488,807.66,9,13.3608839779006,0
"2652",2716,"NANAIMO RIVER",2022,"2022-02-11",42,42,0,9.99,10.8128571428575,12.4278571428565,20.009666666666,-1.614999999999,817.65,10,13.3608839779006,0
"2653",2717,"NANAIMO RIVER",2022,"2022-02-12",43,43,0,9.66,10.4785714285723,12.3249999999992,18.0983333333328,-1.84642857142691,827.31,11,13.3608839779006,0
"2654",2718,"NANAIMO RIVER",2022,"2022-02-13",44,44,0,9.33,10.1685714285746,11.9914285714289,16.6726666666674,-1.82285714285431,836.64,12,13.3608839779006,0
"2655",2719,"NANAIMO RIVER",2022,"2022-02-14",45,45,0,9.15,9.8900000000015,11.3164285714281,15.5910000000003,-1.42642857142658,845.79,13,13.3608839779006,0
"2656",2720,"NANAIMO RIVER",2022,"2022-02-15",46,46,0,8.85,9.6400000000015,10.8414285714285,14.7793333333335,-1.20142857142699,854.64,14,13.3608839779006,0
"2657",2721,"NANAIMO RIVER",2022,"2022-02-16",47,47,0,8.51,9.38428571428605,10.4564285714275,14.1496666666664,-1.07214285714144,863.15,15,13.3608839779006,0
"2658",2722,"NANAIMO RIVER",2022,"2022-02-17",48,48,0,8.23,9.10285714285731,10.1228571428572,13.6140000000004,-1.01999999999992,871.38,16,13.3608839779006,0
"2659",2723,"NANAIMO RIVER",2022,"2022-02-18",49,49,0,7.96,8.81285714285748,9.81285714285748,13.1626666666668,-1,879.34,17,13.3608839779006,0
"2660",2724,"NANAIMO RIVER",2022,"2022-02-19",50,50,0,7.78,8.54428571428538,9.51142857142882,12.5786666666662,-0.96714285714344,887.12,18,13.3608839779006,0
"2661",2725,"NANAIMO RIVER",2022,"2022-02-20",51,51,0,7.53,8.28714285714003,9.22785714285731,12.0063333333334,-0.940714285717279,894.65,19,13.3608839779006,0
"2662",2726,"NANAIMO RIVER",2022,"2022-02-21",52,52,0,7.29,8.02142857142774,8.95571428571462,11.5426666666666,-0.934285714286879,901.94,20,13.3608839779006,0
"2663",2727,"NANAIMO RIVER",2022,"2022-02-22",53,53,0,6.97,7.75285714285565,8.69642857142857,11.1583333333333,-0.943571428572925,908.91,21,13.3608839779006,0
"2664",2728,"NANAIMO RIVER",2022,"2022-02-23",54,54,0,6.78,7.50571428571545,8.44500000000075,10.8309999999998,-0.939285714285298,915.69,22,13.3608839779006,0
"2665",2729,"NANAIMO RIVER",2022,"2022-02-24",55,55,0,6.6,7.27285714285764,8.18785714285748,10.5543333333335,-0.914999999999835,922.29,23,13.3608839779006,0
"2666",2730,"NANAIMO RIVER",2022,"2022-02-25",56,56,0,6.42,7.05285714285648,7.93285714285698,10.3183333333329,-0.880000000000499,928.71,24,13.3608839779006,0
"2667",2731,"NANAIMO RIVER",2022,"2022-02-26",57,57,0,6.61,6.88571428571595,7.71500000000067,10.1153333333331,-0.829285714284716,935.32,25,13.3608839779006,0
"2668",2732,"NANAIMO RIVER",2022,"2022-02-27",58,58,0,8.62,7.04142857142974,7.66428571428488,10.0093333333333,-0.622857142855147,943.94,26,13.3608839779006,0
"2669",2733,"NANAIMO RIVER",2022,"2022-02-28",59,59,0,9.78,7.39714285714269,7.70928571428522,9.96533333333306,-0.312142857142525,953.72,27,13.3608839779006,0
"2670",2734,"NANAIMO RIVER",2022,"2022-03-01",60,60,0,12.4,8.17285714285598,7.96285714285581,9.91199999999953,0.210000000000166,966.12,28,13.3608839779006,0
"2671",2735,"NANAIMO RIVER",2022,"2022-03-02",61,61,0,14.5,9.27571428571329,8.39071428571437,9.77533333333267,0.88499999999892,980.62,0,13.3608839779006,0
"2672",2736,"NANAIMO RIVER",2022,"2022-03-03",62,62,0,14.4,10.3899999999973,8.83142857142749,9.73866666666581,1.55857142856985,995.02,0,13.3608839779006,0
"2673",2737,"NANAIMO RIVER",2022,"2022-03-04",63,63,0,13.6,11.4157142857148,9.23428571428563,9.7286666666662,2.18142857142915,1008.62,1,13.3608839779006,0
"2674",2738,"NANAIMO RIVER",2022,"2022-03-05",64,64,0,12.6,12.2714285714277,9.57857142857184,9.71866666666659,2.69285714285589,1021.22,2,13.3608839779006,0
"2675",2739,"NANAIMO RIVER",2022,"2022-03-06",65,65,0,11.5,12.682857142857,9.86214285714336,9.69200000000031,2.82071428571362,1032.72,3,13.3608839779006,0
"2676",2740,"NANAIMO RIVER",2022,"2022-03-07",66,66,0,10.6,12.8000000000008,10.0985714285718,9.64533333333384,2.70142857142907,1043.32,4,13.3608839779006,0
"2677",2741,"NANAIMO RIVER",2022,"2022-03-08",67,67,0,9.98,12.4542857142847,10.3135714285703,9.59466666666655,2.14071428571437,1053.3,5,13.3608839779006,0
"2678",2742,"NANAIMO RIVER",2022,"2022-03-09",68,68,0,9.34,11.7171428571455,10.4964285714294,9.53600000000054,1.22071428571611,1062.64,6,13.3608839779006,0
"2679",2743,"NANAIMO RIVER",2022,"2022-03-10",69,69,0,8.8,10.9171428571447,10.653571428571,9.47599999999996,0.263571428573673,1071.44,7,13.3608839779006,0
"2680",2744,"NANAIMO RIVER",2022,"2022-03-11",70,70,0,8.47,10.1842857142869,10.8000000000008,9.41500000000039,-0.615714285713954,1079.91,8,13.3608839779006,0
"2681",2745,"NANAIMO RIVER",2022,"2022-03-12",71,71,0,8.22,9.55857142857193,10.9149999999998,9.34900000000004,-1.35642857142791,1088.13,9,13.3608839779006,0
"2682",2746,"NANAIMO RIVER",2022,"2022-03-13",72,72,0,8.27,9.09714285714186,10.8899999999994,9.29166666666667,-1.79285714285756,1096.4,10,13.3608839779006,0
"2683",2747,"NANAIMO RIVER",2022,"2022-03-14",73,73,0,8.17,8.75,10.7750000000004,9.24200000000031,-2.02500000000042,1104.57,11,13.3608839779006,0
"2684",2748,"NANAIMO RIVER",2022,"2022-03-15",74,74,0,10.1,8.76714285714635,10.6107142857155,9.26766666666663,-1.84357142856918,1114.67,12,13.3608839779006,0
"2685",2749,"NANAIMO RIVER",2022,"2022-03-16",75,75,0,10.7,8.96142857142591,10.3392857142857,9.31933333333291,-1.3778571428598,1125.37,13,13.3608839779006,0
"2686",2750,"NANAIMO RIVER",2022,"2022-03-17",76,76,0,10.5,9.20428571428472,10.0607142857147,9.37433333333271,-0.856428571429984,1135.87,14,13.3608839779006,0
"2687",2751,"NANAIMO RIVER",2022,"2022-03-18",77,77,0,10.3,9.46571428571562,9.82500000000125,9.43400000000062,-0.359285714285631,1146.17,15,13.3608839779006,0
"2688",2752,"NANAIMO RIVER",2022,"2022-03-19",78,78,0,10.1,9.73428571428355,9.64642857142774,9.49633333333283,0.0878571428558139,1156.27,16,13.3608839779006,0
"2689",2753,"NANAIMO RIVER",2022,"2022-03-20",79,79,0,9.68,9.93571428571678,9.51642857142932,9.55366666666717,0.419285714287462,1165.95,17,13.3608839779006,0
"2690",2754,"NANAIMO RIVER",2022,"2022-03-21",80,80,0,9.49,10.124285714285,9.43714285714252,9.6106666666669,0.687142857142526,1175.44,18,13.3608839779006,0
"2691",2755,"NANAIMO RIVER",2022,"2022-03-22",81,81,0,9.55,10.0457142857111,9.40642857142874,9.67799999999988,0.639285714282389,1184.99,19,13.3608839779006,0
"2692",2756,"NANAIMO RIVER",2022,"2022-03-23",82,82,0,10.8,10.0600000000018,9.51071428571387,9.79500000000019,0.54928571428796,1195.79,20,13.3608839779006,0
"2693",2757,"NANAIMO RIVER",2022,"2022-03-24",83,83,0,11.5,10.202857142859,9.70357142857184,9.94600000000016,0.499285714287128,1207.29,21,13.3608839779006,0
"2694",2758,"NANAIMO RIVER",2022,"2022-03-25",84,84,0,11.1,10.317142857143,9.89142857142932,10.0900000000004,0.425714285713704,1218.39,22,13.3608839779006,0
"2695",2759,"NANAIMO RIVER",2022,"2022-03-26",85,85,0,10.7,10.4028571428581,10.0685714285708,10.2266666666663,0.334285714287294,1229.09,23,13.3608839779006,0
"2696",2760,"NANAIMO RIVER",2022,"2022-03-27",86,86,0,12.2,10.7628571428566,10.3492857142867,10.4193333333339,0.413571428569933,1241.29,24,13.3608839779006,0
"2697",2761,"NANAIMO RIVER",2022,"2022-03-28",87,87,0,16.5,11.7642857142865,10.9442857142858,10.749,0.820000000000748,1257.79,0,13.3608839779006,0
"2698",2762,"NANAIMO RIVER",2022,"2022-03-29",88,88,0,14.9,12.5285714285731,11.2871428571421,10.9583333333333,1.24142857143098,1272.69,0,13.3608839779006,0
"2699",2763,"NANAIMO RIVER",2022,"2022-03-30",89,89,0,13.4,12.8999999999983,11.4800000000001,11.0789999999998,1.41999999999825,1286.09,1,13.3608839779006,0
"2700",2764,"NANAIMO RIVER",2022,"2022-03-31",90,90,0,12.1,12.9857142857135,11.5942857142862,11.0690000000002,1.39142857142724,1298.19,2,13.3608839779006,0
"2701",2765,"NANAIMO RIVER",2022,"2022-04-01",91,91,0,11.2,13,11.6585714285715,10.9590000000006,1.34142857142849,1309.39,3,13.3608839779006,0
"2702",2766,"NANAIMO RIVER",2022,"2022-04-02",92,92,0,10.6,12.9857142857135,11.6942857142858,10.8323333333334,1.29142857142766,1319.99,4,13.3608839779006,0
"2703",2767,"NANAIMO RIVER",2022,"2022-04-03",93,93,0,12.4,13.0142857142865,11.8885714285716,10.792333333334,1.12571428571495,1332.39,5,13.3608839779006,0
"2704",2768,"NANAIMO RIVER",2022,"2022-04-04",94,94,0,28,14.6571428571437,13.2107142857151,11.3056666666671,1.44642857142857,1360.39,0,13.3608839779006,0
"2705",2769,"NANAIMO RIVER",2022,"2022-04-05",95,95,0,25.2,16.1285714285706,14.3285714285718,11.7623333333332,1.79999999999875,1385.59,0,13.3608839779006,0
"2706",2770,"NANAIMO RIVER",2022,"2022-04-06",96,96,0,18.8,16.9000000000025,14.9000000000004,12.0356666666669,2.00000000000208,1404.39,0,13.3608839779006,0
"2707",2771,"NANAIMO RIVER",2022,"2022-04-07",97,97,0,16.3,17.5,15.2428571428567,12.2463333333338,2.25714285714327,1420.69,0,13.3608839779006,0
"2708",2772,"NANAIMO RIVER",2022,"2022-04-08",98,98,0,16.7,18.2857142857143,15.6428571428571,12.4916666666667,2.64285714285714,1437.39,0,13.3608839779006,0
"2709",2773,"NANAIMO RIVER",2022,"2022-04-09",99,99,0,15.9,19.0428571428596,16.0142857142865,12.7283333333335,3.02857142857309,1453.29,0,13.3608839779006,0
"2710",2774,"NANAIMO RIVER",2022,"2022-04-10",100,100,0,15.3,19.4571428571404,16.2357142857135,12.9559999999998,3.22142857142691,1468.59,0,13.3608839779006,0
"2711",2775,"NANAIMO RIVER",2022,"2022-04-11",101,101,0,14.4,17.5142857142824,16.085714285713,13.1619999999995,1.42857142856935,1482.99,0,13.3608839779006,0
"2712",2776,"NANAIMO RIVER",2022,"2022-04-12",102,102,0,13,15.7714285714277,15.9499999999992,13.3196666666666,-0.178571428571429,1495.99,1,13.3608839779006,0
"2713",2777,"NANAIMO RIVER",2022,"2022-04-13",103,103,0,12.2,14.8285714285698,15.8642857142861,13.4539999999998,-1.03571428571636,1508.19,2,13.3608839779006,0
"2714",2778,"NANAIMO RIVER",2022,"2022-04-14",104,104,0,11.4,14.1285714285706,15.8142857142853,13.4973333333328,-1.6857142857147,1519.59,3,13.3608839779006,0
"2715",2779,"NANAIMO RIVER",2022,"2022-04-15",105,105,0,10.6,13.2571428571412,15.7714285714277,13.4940000000002,-2.51428571428655,1530.19,4,13.3608839779006,0
"2716",2780,"NANAIMO RIVER",2022,"2022-04-16",106,106,0,9.96,12.4085714285694,15.7257142857145,13.476,-3.3171428571451,1540.15,5,13.3608839779006,0
"2717",2781,"NANAIMO RIVER",2022,"2022-04-17",107,107,0,9.34,11.557142857142,15.5071428571412,13.4439999999993,-3.94999999999917,1549.49,6,13.3608839779006,0
"2718",2782,"NANAIMO RIVER",2022,"2022-04-18",108,108,0,9.75,10.8928571428571,14.2035714285698,13.4323333333334,-3.31071428571262,1559.24,7,13.3608839779006,0
"2719",2783,"NANAIMO RIVER",2022,"2022-04-19",109,109,0,9.71,10.4228571428601,13.0971428571439,13.4333333333333,-2.6742857142838,1568.95,8,13.3608839779006,0
"2720",2784,"NANAIMO RIVER",2022,"2022-04-20",110,110,0,8.82,9.93999999999817,12.384285714284,13.4109999999996,-2.4442857142858,1577.77,9,13.3608839779006,0
"2721",2785,"NANAIMO RIVER",2022,"2022-04-21",111,111,0,9.37,9.65000000000249,11.8892857142865,13.4050000000008,-2.23928571428405,1587.14,10,13.3608839779006,0
"2722",2786,"NANAIMO RIVER",2022,"2022-04-22",112,112,0,9.75,9.52857142857309,11.3928571428571,13.3700000000002,-1.86428571428405,1596.89,11,13.3608839779006,0
"2723",2787,"NANAIMO RIVER",2022,"2022-04-23",113,113,0,9.3,9.43428571428688,10.9214285714282,13.2966666666665,-1.48714285714128,1606.19,12,13.3608839779006,0
"2724",2788,"NANAIMO RIVER",2022,"2022-04-24",114,114,0,9.12,9.40285714285814,10.4800000000001,13.2306666666661,-1.07714285714194,1615.31,13,13.3608839779006,0
"2725",2789,"NANAIMO RIVER",2022,"2022-04-25",115,115,0,9.98,9.43571428571678,10.164285714287,13.2066666666671,-0.728571428570181,1625.29,14,13.3608839779006,0
"2726",2790,"NANAIMO RIVER",2022,"2022-04-26",116,116,0,10.4,9.53428571428438,9.97857142857226,13.1466666666665,-0.444285714287878,1635.69,15,13.3608839779006,0
"2727",2791,"NANAIMO RIVER",2022,"2022-04-27",117,117,0,10.3,9.74571428571445,9.84285714285631,12.9399999999994,-0.0971428571418596,1645.99,16,13.3608839779006,0
"2728",2792,"NANAIMO RIVER",2022,"2022-04-28",118,118,0,10,9.83571428571096,9.74285714285673,12.7766666666663,0.0928571428542337,1655.99,17,13.3608839779006,0
"2729",2793,"NANAIMO RIVER",2022,"2022-04-29",119,119,0,9.19,9.75571428571129,9.64214285714219,12.6363333333332,0.113571428569101,1665.18,18,13.3608839779006,0
"2730",2794,"NANAIMO RIVER",2022,"2022-04-30",120,120,0,9.05,9.72000000000116,9.57714285714402,12.5346666666669,0.142857142857142,1674.23,19,13.3608839779006,0
"2731",2795,"NANAIMO RIVER",2022,"2022-05-01",121,121,0,9.55,9.78142857142874,9.59214285714344,12.4796666666662,0.189285714285298,1683.78,20,13.3608839779006,0
"2732",2796,"NANAIMO RIVER",2022,"2022-05-02",122,122,0,10.3,9.82714285714402,9.6314285714304,12.4696666666675,0.19571428571362,1694.08,21,13.3608839779006,0
"2733",2797,"NANAIMO RIVER",2022,"2022-05-03",123,123,0,11,9.91285714285914,9.72357142857176,12.4230000000001,0.189285714287378,1705.08,22,13.3608839779006,0
"2734",2798,"NANAIMO RIVER",2022,"2022-05-04",124,124,0,11,10.0128571428608,9.87928571428763,11.8563333333334,0.133571428573173,1716.08,23,13.3608839779006,0
"2735",2799,"NANAIMO RIVER",2022,"2022-05-05",125,125,0,11.5,10.2271428571465,10.0314285714287,11.3996666666673,0.195714285717779,1727.58,24,13.3608839779006,0
"2736",2800,"NANAIMO RIVER",2022,"2022-05-06",126,126,0,12.7,10.7285714285723,10.2421428571418,11.1963333333328,0.486428571430485,1740.28,25,13.3608839779006,0
"2737",2801,"NANAIMO RIVER",2022,"2022-05-07",127,127,0,12.1,11.1642857142849,10.442142857143,11.0563333333334,0.72214285714186,1752.38,26,13.3608839779006,0
"2738",2802,"NANAIMO RIVER",2022,"2022-05-08",128,128,0,11.3,11.4142857142849,10.5978571428568,10.8763333333326,0.816428571428073,1763.68,27,13.3608839779006,0
"2739",2803,"NANAIMO RIVER",2022,"2022-05-09",129,129,0,10.6,11.4571428571404,10.6421428571422,10.6996666666664,0.814999999998172,1774.28,28,13.3608839779006,0
"2740",2804,"NANAIMO RIVER",2022,"2022-05-10",130,130,0,10.1,11.3285714285698,10.6207142857145,10.5263333333336,0.707857142855312,1784.38,29,13.3608839779006,0
"2741",2805,"NANAIMO RIVER",2022,"2022-05-11",131,131,0,9.56,11.1228571428551,10.567857142858,10.3650000000004,0.554999999997174,1793.94,30,13.3608839779006,0
"2742",2806,"NANAIMO RIVER",2022,"2022-05-12",132,132,0,9.88,10.8914285714272,10.5592857142869,10.2610000000005,0.332142857140363,1803.82,31,13.3608839779006,0
"2743",2807,"NANAIMO RIVER",2022,"2022-05-13",133,133,0,10.3,10.5485714285709,10.6385714285716,10.1976666666664,-0.090000000000666,1814.12,32,13.3608839779006,0
"2744",2808,"NANAIMO RIVER",2022,"2022-05-14",134,134,0,10.6,10.3342857142852,10.749285714285,10.1710000000002,-0.414999999999834,1824.72,33,13.3608839779006,0
"2745",2809,"NANAIMO RIVER",2022,"2022-05-15",135,135,0,12.1,10.4485714285734,10.9314285714292,10.2210000000002,-0.482857142855728,1836.82,34,13.3608839779006,0
"2746",2810,"NANAIMO RIVER",2022,"2022-05-16",136,136,0,17.6,11.4485714285734,11.4528571428569,10.4756666666673,-0.00428571428346913,1854.42,0,13.3608839779006,0
"2747",2811,"NANAIMO RIVER",2022,"2022-05-17",137,137,0,17.1,12.4485714285693,11.8885714285695,10.7343333333333,0.55999999999975,1871.52,0,13.3608839779006,0
"2748",2812,"NANAIMO RIVER",2022,"2022-05-18",138,138,0,16.7,13.4685714285713,12.2957142857132,10.9660000000003,1.17285714285806,1888.22,0,13.3608839779006,0
"2749",2813,"NANAIMO RIVER",2022,"2022-05-19",139,139,0,17.1,14.5,12.6957142857136,11.2123333333332,1.80428571428638,1905.32,0,13.3608839779006,0
"2750",2814,"NANAIMO RIVER",2022,"2022-05-20",140,140,0,15.9,15.3000000000008,12.9242857142859,11.4483333333337,2.37571428571495,1921.22,0,13.3608839779006,0
"2751",2815,"NANAIMO RIVER",2022,"2022-05-21",141,141,0,14.9,15.9142857142849,13.124285714285,11.632666666666,2.78999999999983,1936.12,0,13.3608839779006,0
"2752",2816,"NANAIMO RIVER",2022,"2022-05-22",142,142,0,14.2,16.2142857142857,13.3314285714296,11.7809999999998,2.88285714285615,1950.32,0,13.3608839779006,0
"2753",2817,"NANAIMO RIVER",2022,"2022-05-23",143,143,0,13.8,15.6714285714261,13.5599999999998,11.9309999999998,2.11142857142633,1964.12,1,13.3608839779006,0
"2754",2818,"NANAIMO RIVER",2022,"2022-05-24",144,144,0,13.7,15.1857142857168,13.817142857143,12.083666666667,1.36857142857376,1977.82,2,13.3608839779006,0
"2755",2819,"NANAIMO RIVER",2022,"2022-05-25",145,145,0,13.4,14.7142857142857,14.0914285714285,12.1976666666664,0.622857142857224,1991.22,3,13.3608839779006,0
"2756",2820,"NANAIMO RIVER",2022,"2022-05-26",146,146,0,13.4,14.1857142857126,14.3428571428563,12.2976666666664,-0.15714285714369,2004.62,4,13.3608839779006,0
"2757",2821,"NANAIMO RIVER",2022,"2022-05-27",147,147,0,14.4,13.9714285714269,14.6357142857139,12.4343333333333,-0.664285714286962,2019.02,0,13.3608839779006,0
"2758",2822,"NANAIMO RIVER",2022,"2022-05-28",148,148,0,14,13.8428571428563,14.8785714285706,12.5676666666666,-1.03571428571428,2033.02,0,13.3608839779006,0
"2759",2823,"NANAIMO RIVER",2022,"2022-05-29",149,149,0,13.2,13.6999999999992,14.9571428571424,12.7013333333336,-1.25714285714327,2046.22,1,13.3608839779006,0
"2760",2824,"NANAIMO RIVER",2022,"2022-05-30",150,150,0,12.5,13.5142857142865,14.5928571428563,12.816333333333,-1.07857142856977,2058.72,2,13.3608839779006,0
"2761",2825,"NANAIMO RIVER",2022,"2022-05-31",151,151,0,12.1,13.2857142857143,14.2357142857155,12.9013333333336,-0.950000000001246,2070.82,3,13.3608839779006,0
"2762",2826,"NANAIMO RIVER",2022,"2022-06-01",152,152,0,12.5,13.1571428571437,13.9357142857147,12.9746666666664,-0.778571428571013,2083.32,4,13.3608839779006,0
"2763",2827,"NANAIMO RIVER",2022,"2022-06-02",153,153,0,13.5,13.1714285714302,13.6785714285714,13.0579999999997,-0.507142857141194,2096.82,5,13.3608839779006,0
"2764",2828,"NANAIMO RIVER",2022,"2022-06-03",154,154,0,15.5,13.3285714285739,13.6500000000004,13.2079999999997,-0.321428571426493,2112.32,0,13.3608839779006,0
"2765",2829,"NANAIMO RIVER",2022,"2022-06-04",155,155,0,16.5,13.6857142857168,13.7642857142865,13.3746666666664,-0.0785714285697647,2128.82,0,13.3608839779006,0
"2766",2830,"NANAIMO RIVER",2022,"2022-06-05",156,156,0,18.4,14.4285714285714,14.0642857142853,13.5646666666667,0.36428571428613,2147.22,0,13.3608839779006,0
"2767",2831,"NANAIMO RIVER",2022,"2022-06-06",157,157,0,17.7,15.1714285714302,14.3428571428584,13.7513333333336,0.828571428571845,2164.92,0,13.3608839779006,0
"2768",2832,"NANAIMO RIVER",2022,"2022-06-07",158,158,0,16,15.7285714285723,14.5071428571433,13.9080000000007,1.22142857142899,2180.92,0,13.3608839779006,0
"2769",2833,"NANAIMO RIVER",2022,"2022-06-08",159,159,0,15.6,16.1714285714261,14.6642857142849,14.0746666666664,1.50714285714119,2196.52,0,13.3608839779006,0
"2770",2834,"NANAIMO RIVER",2022,"2022-06-09",160,160,0,15.1,16.3999999999983,14.7857142857143,14.241333333333,1.61428571428405,2211.62,0,13.3608839779006,0
"2771",2835,"NANAIMO RIVER",2022,"2022-06-10",161,161,0,16,16.4714285714269,14.9000000000004,14.4559999999998,1.57142857142649,2227.62,0,13.3608839779006,0
"2772",2836,"NANAIMO RIVER",2022,"2022-06-11",162,162,0,15.4,16.3142857142832,15,14.6399999999994,1.31428571428322,2243.02,0,13.3608839779006,0
"2773",2837,"NANAIMO RIVER",2022,"2022-06-12",163,163,0,14.4,15.7428571428588,15.0857142857151,14.7766666666672,0.65714285714369,2257.42,0,13.3608839779006,0
"2774",2838,"NANAIMO RIVER",2022,"2022-06-13",164,164,0,13.3,15.1142857142841,15.1428571428571,14.8666666666667,-0.0285714285730911,2270.72,1,13.3608839779006,0
"2775",2839,"NANAIMO RIVER",2022,"2022-06-14",165,165,0,12.3,14.585714285711,15.1571428571416,14.8733333333328,-0.57142857143065,2283.02,2,13.3608839779006,0
"2776",2840,"NANAIMO RIVER",2022,"2022-06-15",166,166,0,10.9,13.914285714289,15.0428571428576,14.65,-1.12857142856852,2293.92,3,13.3608839779006,0
"2777",2841,"NANAIMO RIVER",2022,"2022-06-16",167,167,0,9.99,13.1842857142869,14.7921428571426,14.4130000000005,-1.60785714285573,2303.91,4,13.3608839779006,0
"2778",2842,"NANAIMO RIVER",2022,"2022-06-17",168,168,0,9.88,12.3100000000018,14.3907142857144,14.1856666666669,-2.08071428571254,2313.79,5,13.3608839779006,0
"2779",2843,"NANAIMO RIVER",2022,"2022-06-18",169,169,0,9.17,11.4200000000003,13.8671428571418,13.9213333333328,-2.44714285714144,2322.96,6,13.3608839779006,0
"2780",2844,"NANAIMO RIVER",2022,"2022-06-19",170,170,0,9.18,10.6742857142859,13.2085714285723,13.6973333333338,-2.53428571428646,2332.14,7,13.3608839779006,0
"2781",2845,"NANAIMO RIVER",2022,"2022-06-20",171,171,0,8.36,9.96857142857126,12.5414285714277,13.4793333333335,-2.57285714285639,2340.5,8,13.3608839779006,0
"2782",2846,"NANAIMO RIVER",2022,"2022-06-21",172,172,0,7.65,9.30428571428638,11.9449999999987,13.2609999999996,-2.64071428571229,2348.15,9,13.3608839779006,0
"2783",2847,"NANAIMO RIVER",2022,"2022-06-22",173,173,0,8.14,8.90999999999933,11.4121428571442,13.0723333333338,-2.50214285714485,2356.29,10,13.3608839779006,0
"2784",2848,"NANAIMO RIVER",2022,"2022-06-23",174,174,0,8.12,8.64285714285714,10.913571428572,12.8863333333332,-2.27071428571487,2364.41,11,13.3608839779006,0
"2785",2849,"NANAIMO RIVER",2022,"2022-06-24",175,175,0,7.93,8.36428571428405,10.3371428571429,12.7039999999998,-1.97285714285889,2372.34,12,13.3608839779006,0
"2786",2850,"NANAIMO RIVER",2022,"2022-06-25",176,176,0,7.78,8.16571428571478,9.79285714285756,12.5166666666667,-1.62714285714277,2380.12,13,13.3608839779006,0
"2787",2851,"NANAIMO RIVER",2022,"2022-06-26",177,177,0,7.84,7.97428571428255,9.32428571428422,12.2980000000001,-1.35000000000166,2387.96,14,13.3608839779006,0
"2788",2852,"NANAIMO RIVER",2022,"2022-06-27",178,178,0,7.94,7.91428571428488,8.94142857142807,12.0960000000002,-1.02714285714319,2395.9,15,13.3608839779006,0
"2789",2853,"NANAIMO RIVER",2022,"2022-06-28",179,179,0,7.92,7.95285714285897,8.62857142857268,11.9200000000002,-0.675714285713703,2403.82,16,13.3608839779006,0
"2790",2854,"NANAIMO RIVER",2022,"2022-06-29",180,180,0,7.59,7.87428571428505,8.39214285714219,11.7563333333334,-0.517857142857142,2411.41,17,13.3608839779006,0
"2791",2855,"NANAIMO RIVER",2022,"2022-06-30",181,181,0,6.91,7.70142857142907,8.17214285714311,11.5833333333333,-0.470714285714036,2418.32,18,13.3608839779006,0
"2792",2856,"NANAIMO RIVER",2022,"2022-07-01",182,182,0,6.34,7.47428571428671,7.91928571428538,11.3779999999999,-0.444999999998669,2424.66,19,13.3608839779006,0
"2793",2857,"NANAIMO RIVER",2022,"2022-07-02",183,183,0,6.34,7.26857142857209,7.71714285714344,11.1393333333331,-0.448571428571345,2431,20,13.3608839779006,0
"2794",2858,"NANAIMO RIVER",2022,"2022-07-03",184,184,0,6.42,7.06571428571728,7.51999999999992,10.8366666666669,-0.454285714282638,2437.42,21,13.3608839779006,0
"2795",2859,"NANAIMO RIVER",2022,"2022-07-04",185,185,0,6.93,6.92142857143023,7.41785714285756,10.5176666666666,-0.496428571427324,2444.35,22,13.3608839779006,0
"2796",2860,"NANAIMO RIVER",2022,"2022-07-05",186,186,0,7.49,6.8599999999985,7.40642857142874,10.1539999999998,-0.546428571430235,2451.84,23,13.3608839779006,0
"2797",2861,"NANAIMO RIVER",2022,"2022-07-06",187,187,0,7.52,6.85000000000166,7.36214285714336,9.81466666666674,-0.512142857141693,2459.36,24,13.3608839779006,0
"2798",2862,"NANAIMO RIVER",2022,"2022-07-07",188,188,0,7.8,6.97714285714236,7.33928571428571,9.54133333333302,-0.362142857143356,2467.16,25,13.3608839779006,0
"2799",2863,"NANAIMO RIVER",2022,"2022-07-08",189,189,0,7.31,7.11571428571395,7.29500000000033,9.26500000000039,-0.17928571428638,2474.47,26,13.3608839779006,0
"2800",2864,"NANAIMO RIVER",2022,"2022-07-09",190,190,0,6.94,7.20142857142907,7.23500000000058,8.99300000000027,-0.0335714285715119,2481.41,27,13.3608839779006,0
"2801",2865,"NANAIMO RIVER",2022,"2022-07-10",191,191,0,6.57,7.22285714285681,7.14428571428704,8.67866666666717,0.0785714285697656,2487.98,28,13.3608839779006,0
"2802",2866,"NANAIMO RIVER",2022,"2022-07-11",192,192,0,6.23,7.12285714285515,7.02214285714269,8.37300000000008,0.100714285712456,2494.21,29,13.3608839779006,0
"2803",2867,"NANAIMO RIVER",2022,"2022-07-12",193,193,0,5.97,6.90571428571379,6.88285714285615,8.09199999999934,0.0228571428576414,2500.18,30,13.3608839779006,0
"2804",2868,"NANAIMO RIVER",2022,"2022-07-13",194,194,0,5.69,6.64428571428289,6.74714285714227,7.83833333333314,-0.102857142859388,2505.87,31,13.3608839779006,0
"2805",2869,"NANAIMO RIVER",2022,"2022-07-14",195,195,0,5.49,6.31428571428738,6.64571428571487,7.61133333333419,-0.33142857142749,2511.36,32,13.3608839779006,0
"2806",2870,"NANAIMO RIVER",2022,"2022-07-15",196,196,0,5.31,6.02857142857309,6.57214285714352,7.425,-0.543571428570431,2516.67,33,13.3608839779006,0
"2807",2871,"NANAIMO RIVER",2022,"2022-07-16",197,197,0,5.25,5.78714285714419,6.49428571428663,7.26700000000031,-0.707142857142441,2521.92,34,13.3608839779006,0
"2808",2872,"NANAIMO RIVER",2022,"2022-07-17",198,198,0,5.21,5.59285714285631,6.40785714285656,7.11133333333322,-0.81500000000025,2527.13,35,13.3608839779006,0
"2809",2873,"NANAIMO RIVER",2022,"2022-07-18",199,199,0,4.83,5.39285714285714,6.25785714285615,6.96666666666667,-0.864999999999002,2531.96,36,13.3608839779006,0
"2810",2874,"NANAIMO RIVER",2022,"2022-07-19",200,200,0,4.51,5.18428571428688,6.04500000000033,6.81099999999957,-0.860714285713454,2536.47,37,13.3608839779006,0
"2811",2875,"NANAIMO RIVER",2022,"2022-07-20",201,201,0,4.39,4.99857142857426,5.82142857142857,6.67866666666717,-0.822857142854315,2540.86,38,13.3608839779006,0
"2812",2876,"NANAIMO RIVER",2022,"2022-07-21",202,202,0,4.28,4.82571428571412,5.57000000000075,6.56633333333399,-0.744285714286629,2545.14,39,13.3608839779006,0
"2813",2877,"NANAIMO RIVER",2022,"2022-07-22",203,203,0,4.17,4.66285714285498,5.34571428571404,6.43399999999965,-0.682857142859056,2549.31,40,13.3608839779006,0
"2814",2878,"NANAIMO RIVER",2022,"2022-07-23",204,204,0,4.03,4.4885714285691,5.13785714285664,6.29766666666643,-0.649285714287544,2553.34,41,13.3608839779006,0
"2815",2879,"NANAIMO RIVER",2022,"2022-07-24",205,205,0,3.87,4.29714285714103,4.94499999999867,6.16233333333318,-0.647857142857642,2557.21,42,13.3608839779006,0
"2816",2880,"NANAIMO RIVER",2022,"2022-07-25",206,206,0,3.73,4.1400000000015,4.76642857142932,6.02733333333357,-0.626428571427823,2560.94,43,13.3608839779006,0
"2817",2881,"NANAIMO RIVER",2022,"2022-07-26",207,207,0,3.67,4.020000000002,4.60214285714444,5.88833333333411,-0.582142857142442,2564.61,44,13.3608839779006,0
"2818",2882,"NANAIMO RIVER",2022,"2022-07-27",208,208,0,3.57,3.90285714285398,4.45071428571412,5.74266666666663,-0.547857142860137,2568.18,45,13.3608839779006,0
"2819",2883,"NANAIMO RIVER",2022,"2022-07-28",209,209,0,3.45,3.78428571428438,4.30499999999925,5.59366666666659,-0.520714285714868,2571.63,46,13.3608839779006,0
"2820",2884,"NANAIMO RIVER",2022,"2022-07-29",210,210,0,3.37,3.67000000000033,4.16642857142766,5.45299999999988,-0.496428571427324,2575,47,13.3608839779006,0
"2821",2885,"NANAIMO RIVER",2022,"2022-07-30",211,211,0,3.28,3.56285714285748,4.02571428571329,5.33199999999973,-0.462857142855812,2578.28,48,13.3608839779006,0
"2822",2886,"NANAIMO RIVER",2022,"2022-07-31",212,212,0,3.21,3.46857142857126,3.88285714285615,5.22766666666624,-0.414285714284883,2581.49,49,13.3608839779006,0
"2823",2887,"NANAIMO RIVER",2022,"2022-08-01",213,213,0,3.16,3.38714285714169,3.76357142857159,5.12166666666647,-0.376428571429902,2584.65,50,13.3608839779006,0
"2824",2888,"NANAIMO RIVER",2022,"2022-08-02",214,214,0,3.08,3.30285714285648,3.66142857142924,5.01033333333326,-0.358571428572759,2587.73,51,13.3608839779006,0
"2825",2889,"NANAIMO RIVER",2022,"2022-08-03",215,215,0,3.06,3.23000000000216,3.56642857142807,4.88133333333341,-0.336428571425911,2590.79,52,13.3608839779006,0
"2826",2890,"NANAIMO RIVER",2022,"2022-08-04",216,216,0,3.02,3.16857142857043,3.47642857142741,4.73233333333337,-0.307857142856977,2593.81,53,13.3608839779006,0
"2827",2891,"NANAIMO RIVER",2022,"2022-08-05",217,217,0,2.94,3.10714285714286,3.38857142857159,4.57966666666616,-0.281428571428738,2596.75,54,13.3608839779006,0
"2828",2892,"NANAIMO RIVER",2022,"2022-08-06",218,218,0,2.88,3.05000000000083,3.30642857142915,4.41566666666671,-0.256428571428322,2599.63,55,13.3608839779006,0
"2829",2893,"NANAIMO RIVER",2022,"2022-08-07",219,219,0,2.81,2.99285714285881,3.23071428571503,4.26566666666671,-0.237857142856228,2602.44,56,13.3608839779006,0
"2830",2894,"NANAIMO RIVER",2022,"2022-08-08",220,220,0,2.74,2.93285714285698,3.15999999999933,4.12566666666632,-0.227142857142358,2605.18,57,13.3608839779006,0
"2831",2895,"NANAIMO RIVER",2022,"2022-08-09",221,221,0,2.7,2.8785714285706,3.09071428571354,3.99666666666647,-0.21214285714294,2607.88,58,13.3608839779006,0
"2832",2896,"NANAIMO RIVER",2022,"2022-08-10",222,222,0,2.64,2.81857142856877,3.02428571428546,3.87699999999992,-0.205714285716697,2610.52,59,13.3608839779006,0
"2833",2897,"NANAIMO RIVER",2022,"2022-08-11",223,223,0,2.58,2.75571428571545,2.96214285714294,3.76400000000043,-0.20642857142749,2613.1,60,13.3608839779006,0
"2834",2898,"NANAIMO RIVER",2022,"2022-08-12",224,224,0,2.52,2.69571428571362,2.90142857142824,3.65833333333333,-0.205714285714618,2615.62,61,13.3608839779006,0
"2835",2899,"NANAIMO RIVER",2022,"2022-08-13",225,225,0,2.48,2.63857142857159,2.84428571428621,3.55799999999969,-0.205714285714618,2618.1,62,13.3608839779006,0
"2836",2900,"NANAIMO RIVER",2022,"2022-08-14",226,226,0,2.45,2.58714285714086,2.78999999999983,3.46266666666585,-0.202857142858972,2620.55,63,13.3608839779006,0
"2837",2901,"NANAIMO RIVER",2022,"2022-08-15",227,227,0,2.38,2.53571428571429,2.73428571428563,3.36699999999934,-0.198571428571345,2622.93,64,13.3608839779006,0
"2838",2902,"NANAIMO RIVER",2022,"2022-08-16",228,228,0,2.29,2.47714285714236,2.67785714285648,3.26966666666655,-0.20071428571412,2625.22,65,13.3608839779006,0
"2839",2903,"NANAIMO RIVER",2022,"2022-08-17",229,229,0,2.06,2.39428571428704,2.60642857142791,3.17733333333357,-0.212142857140861,2627.28,66,13.3608839779006,0
"2840",2904,"NANAIMO RIVER",2022,"2022-08-18",230,230,0,1.97,2.30714285714203,2.53142857142874,3.09266666666663,-0.224285714286712,2629.25,67,13.3608839779006,0
"2841",2905,"NANAIMO RIVER",2022,"2022-08-19",231,231,0,1.81,2.20571428571462,2.45071428571412,3.00666666666608,-0.244999999999501,2631.06,68,13.3608839779006,0
"2842",2906,"NANAIMO RIVER",2022,"2022-08-20",232,232,0,1.8,2.10857142857276,2.37357142857218,2.92400000000004,-0.264999999999418,2632.86,69,13.3608839779006,0
"2843",2907,"NANAIMO RIVER",2022,"2022-08-21",233,233,0,1.77,2.0114285714309,2.29928571428588,2.84400000000023,-0.287857142854981,2634.63,70,13.3608839779006,0
"2844",2908,"NANAIMO RIVER",2022,"2022-08-22",234,234,0,1.76,1.92285714286014,2.22928571428721,2.76833333333392,-0.306428571427075,2636.39,71,13.3608839779006,0
"2845",2909,"NANAIMO RIVER",2022,"2022-08-23",235,235,0,1.74,1.84428571428621,2.16071428571429,2.69733333333376,-0.316428571428072,2638.13,72,13.3608839779006,0
"2846",2910,"NANAIMO RIVER",2022,"2022-08-24",236,236,0,1.72,1.79571428571528,2.09500000000116,2.63033333333345,-0.299285714285881,2639.85,73,13.3608839779006,0
"2847",2911,"NANAIMO RIVER",2022,"2022-08-25",237,237,0,1.68,1.75428571428555,2.03071428571379,2.56399999999946,-0.276428571428239,2641.53,74,13.3608839779006,0
"2848",2912,"NANAIMO RIVER",2022,"2022-08-26",238,238,0,1.68,1.73571428571345,1.97071428571404,2.50099999999996,-0.235000000000582,2643.21,75,13.3608839779006,0
"2849",2913,"NANAIMO RIVER",2022,"2022-08-27",239,239,0,1.7,1.72142857142691,1.91499999999983,2.44266666666663,-0.193571428572925,2644.91,76,13.3608839779006,0
"2850",2914,"NANAIMO RIVER",2022,"2022-08-28",240,240,0,1.68,1.70857142857026,1.86000000000058,2.38633333333322,-0.151428571430318,2646.59,77,13.3608839779006,0
"2851",2915,"NANAIMO RIVER",2022,"2022-08-29",241,241,0,1.66,1.69428571428372,1.80857142857193,2.33233333333337,-0.114285714288209,2648.25,78,13.3608839779006,0
"2852",2916,"NANAIMO RIVER",2022,"2022-08-30",242,242,0,1.59,1.67285714285598,1.7585714285711,2.27833333333353,-0.0857142857151174,2649.84,79,13.3608839779006,0
"2853",2917,"NANAIMO RIVER",2022,"2022-08-31",243,243,0,1.61,1.65714285714369,1.72642857142949,2.22666666666725,-0.0692857142857974,2651.45,80,13.3608839779006,0
"2854",2918,"NANAIMO RIVER",2022,"2022-09-01",244,244,0,1.6,1.64571428571279,1.69999999999917,2.1773333333326,-0.0542857142863795,2653.05,81,13.3608839779006,0
"2855",2919,"NANAIMO RIVER",2022,"2022-09-02",245,245,0,1.59,1.6328571428603,1.68428571428688,2.12833333333353,-0.0514285714265756,2654.64,82,13.3608839779006,0
"2856",2920,"NANAIMO RIVER",2022,"2022-09-03",246,246,0,1.57,1.61428571428405,1.66785714285548,2.07999999999981,-0.0535714285714286,2656.21,83,13.3608839779006,0
"2857",2921,"NANAIMO RIVER",2022,"2022-09-04",247,247,0,1.56,1.59714285714186,1.65285714285606,2.03399999999965,-0.0557142857142026,2657.77,84,13.3608839779006,0
"2858",2922,"NANAIMO RIVER",2022,"2022-09-05",248,248,0,1.55,1.58142857142957,1.63785714285664,1.98966666666674,-0.0564285714270747,2659.32,85,13.3608839779006,0
"2859",2923,"NANAIMO RIVER",2022,"2022-09-06",249,249,0,1.55,1.57571428571412,1.62428571428505,1.94766666666643,-0.0485714285709298,2660.87,86,13.3608839779006,0
"2860",2924,"NANAIMO RIVER",2022,"2022-09-07",250,250,1,1.54,1.56571428571312,1.61142857142841,1.90766666666702,-0.0457142857152835,2662.41,87,13.3608839779006,0
"2861",2925,"NANAIMO RIVER",2024,"2024-01-01",1,1,0,22,29.7714285714277,21.1642857142849,20.4473333333328,8.60714285714286,22,0,10.9616022099448,0
"2862",2926,"NANAIMO RIVER",2024,"2024-01-02",2,2,0,18.6,27.6714285714261,21.5714285714286,20.7866666666669,6.0999999999975,40.6,0,10.9616022099448,0
"2863",2927,"NANAIMO RIVER",2024,"2024-01-03",3,3,0,16.2,26.2142857142857,21.7285714285723,20.6566666666671,4.48571428571346,56.8,0,10.9616022099448,0
"2864",2928,"NANAIMO RIVER",2024,"2024-01-04",4,4,0,14.3,23.1857142857126,21.807142857142,19.4,1.3785714285706,71.1,0,10.9616022099448,0
"2865",2929,"NANAIMO RIVER",2024,"2024-01-05",5,5,0,14.6,20.3714285714294,21.942857142858,18.6766666666663,-1.57142857142857,85.7,0,10.9616022099448,0
"2866",2930,"NANAIMO RIVER",2024,"2024-01-06",6,6,0,23.4,19.3571428571429,22.7714285714277,18.4700000000002,-3.41428571428488,109.1,0,10.9616022099448,0
"2867",2931,"NANAIMO RIVER",2024,"2024-01-07",7,7,0,17.4,18.0714285714286,23.2357142857135,18.2666666666667,-5.16428571428488,126.5,0,10.9616022099448,0
"2868",2932,"NANAIMO RIVER",2024,"2024-01-08",8,8,0,15.7,17.1714285714302,23.471428571429,18.1200000000002,-6.29999999999875,142.2,0,10.9616022099448,0
"2869",2933,"NANAIMO RIVER",2024,"2024-01-09",9,9,0,32,19.0857142857151,23.3785714285706,18.5799999999998,-4.29285714285548,174.2,0,10.9616022099448,0
"2870",2934,"NANAIMO RIVER",2024,"2024-01-10",10,10,0,22.9,20.0428571428555,23.1285714285706,18.7933333333329,-3.08571428571512,197.1,0,10.9616022099448,0
"2871",2935,"NANAIMO RIVER",2024,"2024-01-11",11,11,0,18,20.5714285714286,21.8785714285706,18.9099999999996,-1.30714285714203,215.1,0,10.9616022099448,0
"2872",2936,"NANAIMO RIVER",2024,"2024-01-12",12,12,0,15.2,20.6571428571437,20.5142857142865,18.9866666666669,0.142857142857142,230.3,0,10.9616022099448,0
"2873",2937,"NANAIMO RIVER",2024,"2024-01-13",13,13,0,13.1,19.1857142857168,19.2714285714298,18.9666666666667,-0.0857142857130384,243.4,1,10.9616022099448,0
"2874",2938,"NANAIMO RIVER",2024,"2024-01-14",14,14,0,11.7,18.3714285714294,18.221428571429,18.9033333333335,0.150000000000414,255.1,2,10.9616022099448,0
"2875",2939,"NANAIMO RIVER",2024,"2024-01-15",15,15,0,10.5,17.6285714285706,17.4000000000004,18.8099999999996,0.228571428570184,265.6,3,10.9616022099448,0
"2876",2940,"NANAIMO RIVER",2024,"2024-01-16",16,16,0,9.63,14.432857142857,16.759285714286,18.7210000000002,-2.32642857142907,275.23,4,10.9616022099448,0
"2877",2941,"NANAIMO RIVER",2024,"2024-01-17",17,17,0,9.14,12.4671428571414,16.2549999999984,18.6223333333328,-3.78785714285706,284.37,5,10.9616022099448,0
"2878",2942,"NANAIMO RIVER",2024,"2024-01-18",18,18,0,8.46,11.1042857142872,15.8378571428579,18.4743333333337,-4.73357142857068,292.83,6,10.9616022099448,0
"2879",2943,"NANAIMO RIVER",2024,"2024-01-19",19,19,0,8.52,10.1499999999983,15.403571428571,18.2916666666667,-5.25357142857268,301.35,7,10.9616022099448,0
"2880",2944,"NANAIMO RIVER",2024,"2024-01-20",20,20,0,9.28,9.60428571428305,14.3949999999999,18.1609999999996,-4.79071428571686,310.63,8,10.9616022099448,0
"2881",2945,"NANAIMO RIVER",2024,"2024-01-21",21,21,0,9.81,9.33428571428522,13.8528571428573,18.0646666666667,-4.51857142857209,320.44,9,10.9616022099448,0
"2882",2946,"NANAIMO RIVER",2024,"2024-01-22",22,22,0,13.5,9.76285714285664,13.6957142857136,18.1213333333328,-3.93285714285698,333.94,10,10.9616022099448,0
"2883",2947,"NANAIMO RIVER",2024,"2024-01-23",23,23,0,16.7,10.7728571428576,12.6028571428573,18.3146666666667,-1.82999999999967,350.64,0,10.9616022099448,0
"2884",2948,"NANAIMO RIVER",2024,"2024-01-24",24,24,0,18.3,12.0814285714296,12.2742857142855,18.5113333333332,-0.192857142855896,368.94,0,10.9616022099448,0
"2885",2949,"NANAIMO RIVER",2024,"2024-01-25",25,25,0,23.1,14.172857142856,12.6385714285716,18.1713333333328,1.53428571428438,392.04,0,10.9616022099448,0
"2886",2950,"NANAIMO RIVER",2024,"2024-01-26",26,26,0,21.7,16.0557142857163,13.1028571428573,18.0146666666667,2.95285714285897,413.74,0,10.9616022099448,0
"2887",2951,"NANAIMO RIVER",2024,"2024-01-27",27,27,0,32.2,19.3299999999997,14.4671428571414,17.9046666666662,4.86285714285831,445.94,0,10.9616022099448,0
"2888",2952,"NANAIMO RIVER",2024,"2024-01-28",28,28,0,44.4,24.2714285714277,16.8028571428565,18.241333333333,7.46857142857126,490.34,0,10.9616022099448,0
"2889",2953,"NANAIMO RIVER",2024,"2024-01-29",29,29,0,60.2,30.942857142858,20.3528571428573,19.2313333333334,10.5900000000007,550.54,0,10.9616022099448,0
"2890",2954,"NANAIMO RIVER",2024,"2024-01-30",30,30,0,65.5,37.9142857142849,24.3435714285713,20.5346666666669,13.5707142857136,616.04,0,10.9616022099448,0
"2891",2955,"NANAIMO RIVER",2024,"2024-01-31",31,31,0,61.4,44.0714285714286,28.0764285714291,21.8480000000001,15.9949999999995,677.44,0,10.9616022099448,0
"2892",2956,"NANAIMO RIVER",2024,"2024-02-01",32,32,0,54.3,48.5285714285731,31.3507142857145,23.0380000000005,17.1778571428586,731.74,0,10.9616022099448,0
"2893",2957,"NANAIMO RIVER",2024,"2024-02-02",33,33,0,42.9,51.557142857142,33.8064285714292,23.9279999999999,17.7507142857129,774.64,0,10.9616022099448,0
"2894",2958,"NANAIMO RIVER",2024,"2024-02-03",34,34,0,33.3,51.7142857142857,35.5221428571427,24.5613333333332,16.192142857143,807.94,0,10.9616022099448,0
"2895",2959,"NANAIMO RIVER",2024,"2024-02-04",35,35,0,26.1,49.1000000000017,36.6857142857147,24.9446666666665,12.414285714287,834.04,0,10.9616022099448,0
"2896",2960,"NANAIMO RIVER",2024,"2024-02-05",36,36,0,21.1,43.5142857142865,37.2285714285723,24.8680000000003,6.28571428571428,855.14,0,10.9616022099448,0
"2897",2961,"NANAIMO RIVER",2024,"2024-02-06",37,37,0,17.5,36.6571428571437,37.2857142857143,24.8713333333338,-0.628571428570595,872.64,0,10.9616022099448,0
"2898",2962,"NANAIMO RIVER",2024,"2024-02-07",38,38,0,15,30.0285714285731,37.0500000000008,24.8480000000001,-7.02142857142774,887.64,0,10.9616022099448,0
"2899",2963,"NANAIMO RIVER",2024,"2024-02-08",39,39,0,12.9,24.1142857142841,36.3214285714286,24.2113333333332,-12.2071428571445,900.54,1,10.9616022099448,0
"2900",2964,"NANAIMO RIVER",2024,"2024-02-09",40,40,0,11.5,19.6285714285706,35.5928571428563,23.8313333333334,-15.9642857142857,912.04,2,10.9616022099448,0
"2901",2965,"NANAIMO RIVER",2024,"2024-02-10",41,41,0,10.5,16.3714285714294,34.0428571428576,23.5813333333334,-17.6714285714282,922.54,3,10.9616022099448,0
"2902",2966,"NANAIMO RIVER",2024,"2024-02-11",42,42,0,10.7,14.1714285714302,31.6357142857159,23.4313333333334,-17.4642857142857,933.24,4,10.9616022099448,0
"2903",2967,"NANAIMO RIVER",2024,"2024-02-12",43,43,0,11.6,12.8142857142832,28.1642857142849,23.3813333333324,-15.3500000000017,944.84,5,10.9616022099448,0
"2904",2968,"NANAIMO RIVER",2024,"2024-02-13",44,44,0,10.8,11.8571428571429,24.2571428571433,23.3513333333336,-12.4000000000004,955.64,6,10.9616022099448,0
"2905",2969,"NANAIMO RIVER",2024,"2024-02-14",45,45,0,9.86,11.1228571428551,20.5757142857141,23.3299999999998,-9.45285714285897,965.5,7,10.9616022099448,0
"2906",2970,"NANAIMO RIVER",2024,"2024-02-15",46,46,0,9.14,10.5857142857151,17.3499999999996,23.3136666666668,-6.76428571428447,974.64,8,10.9616022099448,0
"2907",2971,"NANAIMO RIVER",2024,"2024-02-16",47,47,0,8.5,10.1571428571437,14.8928571428571,23.292333333334,-4.73571428571345,983.14,9,10.9616022099448,0
"2908",2972,"NANAIMO RIVER",2024,"2024-02-17",48,48,0,8.15,9.82142857142857,13.096428571429,23.2819999999997,-3.27500000000042,991.29,10,10.9616022099448,0
"2909",2973,"NANAIMO RIVER",2024,"2024-02-18",49,49,0,7.86,9.41571428571478,11.7935714285725,23.2600000000006,-2.37785714285772,999.15,11,10.9616022099448,0
"2910",2974,"NANAIMO RIVER",2024,"2024-02-19",50,50,0,7.49,8.82857142857392,10.8214285714286,23.2003333333336,-1.99285714285465,1006.64,12,10.9616022099448,0
"2911",2975,"NANAIMO RIVER",2024,"2024-02-20",51,51,0,7.35,8.33571428571512,10.096428571429,23.1183333333339,-1.76071428571387,1013.99,13,10.9616022099448,0
"2912",2976,"NANAIMO RIVER",2024,"2024-02-21",52,52,0,7.38,7.98142857142791,9.55214285714153,22.9143333333331,-1.57071428571362,1021.37,14,10.9616022099448,0
"2913",2977,"NANAIMO RIVER",2024,"2024-02-22",53,53,0,7.52,7.75,9.16785714285756,22.6083333333333,-1.41785714285756,1028.89,15,10.9616022099448,0
"2914",2978,"NANAIMO RIVER",2024,"2024-02-23",54,54,0,7.56,7.61571428571395,8.88642857142882,22.2503333333336,-1.27071428571487,1036.45,16,10.9616022099448,0
"2915",2979,"NANAIMO RIVER",2024,"2024-02-24",55,55,0,7.11,7.46714285714136,8.64428571428497,21.717333333333,-1.1771428571436,1043.56,17,10.9616022099448,0
"2916",2980,"NANAIMO RIVER",2024,"2024-02-25",56,56,0,6.82,7.31857142856877,8.36714285714178,21.2213333333328,-1.04857142857301,1050.38,18,10.9616022099448,0
"2917",2981,"NANAIMO RIVER",2024,"2024-02-26",57,57,0,6.22,7.13714285714169,7.98285714285781,20.3553333333335,-0.845714285716116,1056.6,19,10.9616022099448,0
"2918",2982,"NANAIMO RIVER",2024,"2024-02-27",58,58,0,5.9,6.92999999999717,7.63285714285615,19.0720000000001,-0.702857142858972,1062.5,20,10.9616022099448,0
"2919",2983,"NANAIMO RIVER",2024,"2024-02-28",59,59,0,17,8.30428571428638,8.14285714285714,17.6319999999997,0.161428571429237,1079.5,0,10.9616022099448,0
"2920",2984,"NANAIMO RIVER",2024,"2024-02-29",60,60,0,20.6,10.172857142856,8.96142857142799,16.1353333333333,1.21142857142799,1100.1,0,10.9616022099448,0
"2921",2985,"NANAIMO RIVER",2024,"2024-03-01",61,61,0,14.6,11.1785714285714,9.39714285714269,14.5753333333336,1.78142857142874,1114.7,0,10.9616022099448,0
"2922",2986,"NANAIMO RIVER",2024,"2024-03-02",62,62,0,13.2,12.0485714285751,9.75785714285822,13.2053333333334,2.29071428571686,1127.9,1,10.9616022099448,0
"2923",2987,"NANAIMO RIVER",2024,"2024-03-03",63,63,0,12.1,12.8028571428565,10.0607142857126,12.1786666666662,2.74214285714386,1140,2,10.9616022099448,0
"2924",2988,"NANAIMO RIVER",2024,"2024-03-04",64,64,0,10.7,13.442857142858,10.2899999999998,11.4253333333336,3.15285714285814,1150.7,3,10.9616022099448,0
"2925",2989,"NANAIMO RIVER",2024,"2024-03-05",65,65,0,9.63,13.9757142857166,10.4528571428569,10.8763333333336,3.52285714285972,1160.33,4,10.9616022099448,0
"2926",2990,"NANAIMO RIVER",2024,"2024-03-06",66,66,0,8.79,12.8028571428565,10.5535714285714,10.4659999999994,2.24928571428505,1169.12,5,10.9616022099448,0
"2927",2991,"NANAIMO RIVER",2024,"2024-03-07",67,67,0,8.12,11.020000000002,10.596428571429,10.1533333333335,0.423571428573009,1177.24,6,10.9616022099448,0
"2928",2992,"NANAIMO RIVER",2024,"2024-03-08",68,68,0,8.01,10.0785714285698,10.6285714285706,9.92033333333287,-0.550000000000832,1185.25,7,10.9616022099448,0
"2929",2993,"NANAIMO RIVER",2024,"2024-03-09",69,69,0,10.3,9.66428571428488,10.85642857143,9.83366666666698,-1.1921428571451,1195.55,8,10.9616022099448,0
"2930",2994,"NANAIMO RIVER",2024,"2024-03-10",70,70,0,14.4,9.99285714285881,11.3978571428576,9.93033333333345,-1.40499999999884,1209.95,0,10.9616022099448,0
"2931",2995,"NANAIMO RIVER",2024,"2024-03-11",71,71,0,13.6,10.4071428571437,11.9250000000008,10.033666666667,-1.51785714285714,1223.55,1,10.9616022099448,0
"2932",2996,"NANAIMO RIVER",2024,"2024-03-12",72,72,0,15.3,11.2171428571414,12.596428571429,10.1869999999995,-1.37928571428763,1238.85,0,10.9616022099448,0
"2933",2997,"NANAIMO RIVER",2024,"2024-03-13",73,73,0,14.1,11.9757142857166,12.3892857142865,10.2703333333338,-0.413571428569931,1252.95,0,10.9616022099448,0
"2934",2998,"NANAIMO RIVER",2024,"2024-03-14",74,74,0,12.4,12.5871428571409,11.8035714285714,10.3236666666664,0.783571428569433,1265.35,1,10.9616022099448,0
"2935",2999,"NANAIMO RIVER",2024,"2024-03-15",75,75,0,11.4,13.0714285714286,11.5749999999992,10.375,1.4964285714294,1276.75,2,10.9616022099448,0
"2936",3000,"NANAIMO RIVER",2024,"2024-03-16",76,76,0,11,13.1714285714261,11.4178571428555,10.4369999999995,1.7535714285706,1287.75,3,10.9616022099448,0
"2937",3001,"NANAIMO RIVER",2024,"2024-03-17",77,77,0,12,12.8285714285698,11.4107142857143,10.5536666666662,1.41785714285548,1299.75,4,10.9616022099448,0
"2938",3002,"NANAIMO RIVER",2024,"2024-03-18",78,78,0,12.2,12.6285714285706,11.5178571428571,10.6886666666668,1.11071428571345,1311.95,5,10.9616022099448,0
"2939",3003,"NANAIMO RIVER",2024,"2024-03-19",79,79,0,11.9,12.1428571428571,11.6799999999993,10.8233333333328,0.46285714285789,1323.85,6,10.9616022099448,0
"2940",3004,"NANAIMO RIVER",2024,"2024-03-20",80,80,0,11.6,11.7857142857143,11.8807142857155,10.9603333333333,-0.0950000000011642,1335.45,7,10.9616022099448,0
"2941",3005,"NANAIMO RIVER",2024,"2024-03-21",81,81,0,11.2,11.6142857142882,12.1007142857145,11.0886666666668,-0.486428571426325,1346.65,8,10.9616022099448,0
"2942",3006,"NANAIMO RIVER",2024,"2024-03-22",82,82,0,10.9,11.5428571428596,12.3071428571441,11.2060000000007,-0.764285714284467,1357.55,9,10.9616022099448,0
"2943",3007,"NANAIMO RIVER",2024,"2024-03-23",83,83,0,12,11.6857142857168,12.4285714285714,11.3553333333334,-0.742857142854648,1369.55,10,10.9616022099448,0
"2944",3008,"NANAIMO RIVER",2024,"2024-03-24",84,84,0,12.2,11.7142857142857,12.2714285714277,11.5099999999996,-0.557142857142026,1381.75,11,10.9616022099448,0
"2945",3009,"NANAIMO RIVER",2024,"2024-03-25",85,85,0,11,11.5428571428555,12.085714285713,11.6396666666667,-0.542857142857558,1392.75,12,10.9616022099448,0
"2946",3010,"NANAIMO RIVER",2024,"2024-03-26",86,86,0,10.2,11.3000000000008,11.721428571429,11.7523333333336,-0.421428571428155,1402.95,13,10.9616022099448,0
"2947",3011,"NANAIMO RIVER",2024,"2024-03-27",87,87,0,9.92,11.0599999999977,11.422857142856,11.8756666666663,-0.362857142858307,1412.87,14,10.9616022099448,0
"2948",3012,"NANAIMO RIVER",2024,"2024-03-28",88,88,0,9.76,10.8542857142831,11.2342857142856,12.0043333333335,-0.380000000002578,1422.63,15,10.9616022099448,0
"2949",3013,"NANAIMO RIVER",2024,"2024-03-29",89,89,0,9.76,10.6914285714281,11.1171428571439,11.7630000000005,-0.425714285715783,1432.39,16,10.9616022099448,0
"2950",3014,"NANAIMO RIVER",2024,"2024-03-30",90,90,0,9.44,10.3257142857141,11.0057142857155,11.3910000000003,-0.680000000001332,1441.83,17,10.9616022099448,0
"2951",3015,"NANAIMO RIVER",2024,"2024-03-31",91,91,0,8.93,9.85857142857276,10.7864285714292,11.2019999999999,-0.927857142856478,1450.76,18,10.9616022099448,0
"2952",3016,"NANAIMO RIVER",2024,"2024-04-01",92,92,0,8.55,9.5085714285711,10.5257142857133,11.0469999999991,-1.01714285714219,1459.31,19,10.9616022099448,0
"2953",3017,"NANAIMO RIVER",2024,"2024-04-02",93,93,0,8.61,9.28142857142874,10.2907142857148,10.9306666666671,-1.00928571428605,1467.92,20,10.9616022099448,0
"2954",3018,"NANAIMO RIVER",2024,"2024-04-03",94,94,0,8.3,9.05000000000083,10.0549999999993,10.8506666666663,-1.00499999999842,1476.22,21,10.9616022099448,0
"2955",3019,"NANAIMO RIVER",2024,"2024-04-04",95,95,0,7.58,8.73857142857326,9.79642857142816,10.7823333333334,-1.0578571428549,1483.8,22,10.9616022099448,0
"2956",3020,"NANAIMO RIVER",2024,"2024-04-05",96,96,0,7.32,8.38999999999734,9.54071428571271,10.7333333333333,-1.15071428571537,1491.12,23,10.9616022099448,0
"2957",3021,"NANAIMO RIVER",2024,"2024-04-06",97,97,0,7,8.04142857142558,9.18357142856985,10.6959999999992,-1.14214285714427,1498.12,24,10.9616022099448,0
"2958",3022,"NANAIMO RIVER",2024,"2024-04-07",98,98,0,6.74,7.72857142857226,8.79357142857251,10.6536666666672,-1.06500000000025,1504.86,25,10.9616022099448,0
"2959",3023,"NANAIMO RIVER",2024,"2024-04-08",99,99,0,6.77,7.47428571428671,8.4914285714289,10.5359999999996,-1.01714285714219,1511.63,26,10.9616022099448,0
"2960",3024,"NANAIMO RIVER",2024,"2024-04-09",100,100,0,7.87,7.3685714285696,8.32499999999917,10.3183333333329,-0.956428571429568,1519.5,27,10.9616022099448,0
"2961",3025,"NANAIMO RIVER",2024,"2024-04-10",101,101,0,7.74,7.28857142857409,8.16928571428746,10.1230000000001,-0.880714285713371,1527.24,28,10.9616022099448,0
"2962",3026,"NANAIMO RIVER",2024,"2024-04-11",102,102,0,7.34,7.25428571428555,7.9964285714294,9.85766666666702,-0.742142857143855,1534.58,29,10.9616022099448,0
"2963",3027,"NANAIMO RIVER",2024,"2024-04-12",103,103,0,7.47,7.27571428571745,7.83285714285739,9.63666666666686,-0.557142857139946,1542.05,30,10.9616022099448,0
"2964",3028,"NANAIMO RIVER",2024,"2024-04-13",104,104,0,7.27,7.31428571428738,7.67785714285648,9.4656666666667,-0.3635714285691,1549.32,31,10.9616022099448,0
"2965",3029,"NANAIMO RIVER",2024,"2024-04-14",105,105,0,6.97,7.34714285714186,7.53785714285706,9.31800000000027,-0.1907142857152,1556.29,32,10.9616022099448,0
"2966",3030,"NANAIMO RIVER",2024,"2024-04-15",106,106,0,6.74,7.34285714285631,7.40857142857151,9.17599999999996,-0.0657142857152007,1563.03,33,10.9616022099448,0
"2967",3031,"NANAIMO RIVER",2024,"2024-04-16",107,107,0,6.61,7.16285714285914,7.26571428571437,8.9963333333338,-0.10285714285523,1569.64,34,10.9616022099448,0
"2968",3032,"NANAIMO RIVER",2024,"2024-04-17",108,108,0,6.05,6.92142857142608,7.10500000000008,8.79133333333302,-0.183571428574006,1575.69,35,10.9616022099448,0
"2969",3033,"NANAIMO RIVER",2024,"2024-04-18",109,109,0,5.37,6.63999999999734,6.94714285714144,8.57366666666639,-0.307142857144105,1581.06,36,10.9616022099448,0
"2970",3034,"NANAIMO RIVER",2024,"2024-04-19",110,110,0,5.24,6.32142857142857,6.79857142857301,8.36166666666686,-0.477142857144437,1586.3,37,10.9616022099448,0
"2971",3035,"NANAIMO RIVER",2024,"2024-04-20",111,111,0,5.03,6.0014285714299,6.65785714285864,8.15599999999977,-0.656428571428737,1591.33,38,10.9616022099448,0
"2972",3036,"NANAIMO RIVER",2024,"2024-04-21",112,112,0,5.12,5.73714285714336,6.54214285714261,7.96333333333314,-0.804999999999252,1596.45,39,10.9616022099448,0
"2973",3037,"NANAIMO RIVER",2024,"2024-04-22",113,113,0,5.14,5.5085714285711,6.4257142857137,7.73466666666597,-0.917142857142608,1601.59,40,10.9616022099448,0
"2974",3038,"NANAIMO RIVER",2024,"2024-04-23",114,114,0,4.88,5.26142857142674,6.21214285714294,7.49066666666671,-0.950714285716199,1606.47,41,10.9616022099448,0
"2975",3039,"NANAIMO RIVER",2024,"2024-04-24",115,115,0,4.54,5.04571428571528,5.98357142857068,7.27533333333364,-0.937857142855396,1611.01,42,10.9616022099448,0
"2976",3040,"NANAIMO RIVER",2024,"2024-04-25",116,116,0,4.91,4.98000000000216,5.80999999999975,7.09900000000004,-0.829999999997589,1615.92,43,10.9616022099448,0
"2977",3041,"NANAIMO RIVER",2024,"2024-04-26",117,117,0,7.89,5.3585714285686,5.83999999999859,7.03133333333341,-0.481428571429985,1623.81,44,10.9616022099448,0
"2978",3042,"NANAIMO RIVER",2024,"2024-04-27",118,118,0,8.67,5.8785714285706,5.94000000000025,6.99500000000019,-0.0614285714296523,1632.48,45,10.9616022099448,0
"2979",3043,"NANAIMO RIVER",2024,"2024-04-28",119,119,0,8.05,6.29714285714103,6.01714285714219,6.9379999999995,0.279999999998836,1640.53,46,10.9616022099448,0
"2980",3044,"NANAIMO RIVER",2024,"2024-04-29",120,120,0,7.77,6.67285714286014,6.09071428571562,6.88233333333337,0.582142857144521,1648.3,47,10.9616022099448,0
"2981",3045,"NANAIMO RIVER",2024,"2024-04-30",121,121,0,7.51,7.04857142857093,6.15499999999884,6.83499999999961,0.893571428572094,1655.81,48,10.9616022099448,0
"2982",3046,"NANAIMO RIVER",2024,"2024-05-01",122,122,0,6.8,7.3714285714294,6.20857142857234,6.77666666666725,1.16285714285706,1662.61,49,10.9616022099448,0
"2983",3047,"NANAIMO RIVER",2024,"2024-05-02",123,123,0,6.18,7.55285714285648,6.26642857142932,6.69566666666651,1.28642857142716,1668.79,50,10.9616022099448,0
"2984",3048,"NANAIMO RIVER",2024,"2024-05-03",124,124,0,5.96,7.27714285714319,6.3178571428559,6.61766666666663,0.959285714287295,1674.75,51,10.9616022099448,0
"2985",3049,"NANAIMO RIVER",2024,"2024-05-04",125,125,0,5.88,6.8785714285706,6.3785714285706,6.56099999999957,0.5,1680.63,52,10.9616022099448,0
"2986",3050,"NANAIMO RIVER",2024,"2024-05-05",126,126,0,5.94,6.57714285714402,6.43714285714252,6.51500000000039,0.140000000001496,1686.57,53,10.9616022099448,0
"2987",3051,"NANAIMO RIVER",2024,"2024-05-06",127,127,0,5.92,6.31285714285748,6.49285714285881,6.47900000000081,-0.18000000000133,1692.49,54,10.9616022099448,0
"2988",3052,"NANAIMO RIVER",2024,"2024-05-07",128,128,0,5.94,6.08857142857492,6.56857142857293,6.45233333333357,-0.479999999998004,1698.43,55,10.9616022099448,0
"2989",3053,"NANAIMO RIVER",2024,"2024-05-08",129,129,0,5.91,5.96142857142591,6.66642857142766,6.42366666666639,-0.705000000001746,1704.34,56,10.9616022099448,0
"2990",3054,"NANAIMO RIVER",2024,"2024-05-09",130,130,0,5.91,5.92285714285598,6.73785714285623,6.35833333333333,-0.815000000000249,1710.25,57,10.9616022099448,0
"2991",3055,"NANAIMO RIVER",2024,"2024-05-10",131,131,0,5.92,5.91714285714469,6.59714285714394,6.29766666666643,-0.679999999999251,1716.17,58,10.9616022099448,0
"2992",3056,"NANAIMO RIVER",2024,"2024-05-11",132,132,0,5.91,5.92142857143023,6.40000000000042,6.25,-0.478571428570182,1722.08,59,10.9616022099448,0
"2993",3057,"NANAIMO RIVER",2024,"2024-05-12",133,133,0,5.9,5.91571428571478,6.2464285714294,6.19766666666643,-0.330714285714619,1727.98,60,10.9616022099448,0
"2994",3058,"NANAIMO RIVER",2024,"2024-05-13",134,134,0,5.99,5.92571428571163,6.11928571428455,6.15499999999981,-0.193571428572925,1733.97,61,10.9616022099448,0
"2995",3059,"NANAIMO RIVER",2024,"2024-05-14",135,135,0,5.98,5.93142857142707,6.010000000001,6.12200000000012,-0.0785714285739232,1739.95,62,10.9616022099448,0
"2996",3060,"NANAIMO RIVER",2024,"2024-05-15",136,136,0,5.99,5.94285714285797,5.95214285714194,6.09700000000012,-0.00928571428396818,1745.94,63,10.9616022099448,0
"2997",3061,"NANAIMO RIVER",2024,"2024-05-16",137,137,0,5.97,5.95142857142907,5.93714285714252,6.07566666666632,0.0142857142865456,1751.91,64,10.9616022099448,0
"2998",3062,"NANAIMO RIVER",2024,"2024-05-17",138,138,0,5.44,5.88285714285615,5.90000000000042,6.05533333333345,-0.0171428571442709,1757.35,65,10.9616022099448,0
"2999",3063,"NANAIMO RIVER",2024,"2024-05-18",139,139,0,5.03,5.75714285714119,5.83928571428571,6.04400000000023,-0.08214285714452,1762.38,66,10.9616022099448,0
"3000",3064,"NANAIMO RIVER",2024,"2024-05-19",140,140,0,4.9,5.61428571428405,5.76499999999942,6.03266666666605,-0.150714285715367,1767.28,67,10.9616022099448,0
"3001",3065,"NANAIMO RIVER",2024,"2024-05-20",141,141,0,4.83,5.44857142857342,5.68714285714252,6.02599999999996,-0.238571428569101,1772.11,68,10.9616022099448,0
"3002",3066,"NANAIMO RIVER",2024,"2024-05-21",142,142,0,4.92,5.29714285714103,5.61428571428405,6.01933333333291,-0.317142857143024,1777.03,69,10.9616022099448,0
"3003",3067,"NANAIMO RIVER",2024,"2024-05-22",143,143,0,5.45,5.22000000000116,5.58142857142957,6.02966666666713,-0.361428571428405,1782.48,70,10.9616022099448,0
"3004",3068,"NANAIMO RIVER",2024,"2024-05-23",144,144,0,5.5,5.15285714285814,5.55214285714361,6.05033333333364,-0.399285714285465,1787.98,71,10.9616022099448,0
"3005",3069,"NANAIMO RIVER",2024,"2024-05-24",145,145,0,5.14,5.1099999999985,5.49642857142732,6.07033333333287,-0.386428571428821,1793.12,72,10.9616022099448,0
"3006",3070,"NANAIMO RIVER",2024,"2024-05-25",146,146,0,5.35,5.15571428571379,5.45642857142749,6.08499999999961,-0.300714285713704,1798.47,73,10.9616022099448,0
"3007",3071,"NANAIMO RIVER",2024,"2024-05-26",147,147,0,5.27,5.20857142857442,5.41142857142924,5.9976666666674,-0.202857142854814,1803.74,74,10.9616022099448,0
"3008",3072,"NANAIMO RIVER",2024,"2024-05-27",148,148,0,5.52,5.30714285714203,5.37785714285773,5.89266666666663,-0.0707142857156997,1809.26,75,10.9616022099448,0
"3009",3073,"NANAIMO RIVER",2024,"2024-05-28",149,149,0,5.7,5.41857142857459,5.35785714285781,5.81433333333407,0.0607142857167799,1814.96,76,10.9616022099448,0
"3010",3074,"NANAIMO RIVER",2024,"2024-05-29",150,150,0,5.33,5.40142857142824,5.3107142857147,5.73299999999969,0.0907142857135375,1820.29,77,10.9616022099448,0
"3011",3075,"NANAIMO RIVER",2024,"2024-05-30",151,151,0,5.17,5.35428571428721,5.25357142857268,5.65500000000078,0.100714285714535,1825.46,78,10.9616022099448,0
"3012",3076,"NANAIMO RIVER",2024,"2024-05-31",152,152,0,5.11,5.35000000000166,5.23000000000008,5.59866666666639,0.12000000000158,1830.57,79,10.9616022099448,0
"3013",3077,"NANAIMO RIVER",2024,"2024-06-01",153,153,0,5.09,5.31285714285748,5.23428571428563,5.56233333333318,0.078571428571844,1835.66,80,10.9616022099448,0
"3014",3078,"NANAIMO RIVER",2024,"2024-06-02",154,154,0,5.1,5.28857142856993,5.24857142857218,5.53366666666698,0.0399999999977547,1840.76,81,10.9616022099448,0
"3015",3079,"NANAIMO RIVER",2024,"2024-06-03",155,155,0,5.78,5.32571428571412,5.31642857142807,5.53033333333345,0.00928571428604741,1846.54,82,10.9616022099448,0
"3016",3080,"NANAIMO RIVER",2024,"2024-06-04",156,156,0,8.53,5.729999999998,5.5742857142863,5.61666666666667,0.155714285711708,1855.07,83,10.9616022099448,0
"3017",3081,"NANAIMO RIVER",2024,"2024-06-05",157,157,0,10.5,6.46857142857126,5.93499999999975,5.76933333333291,0.533571428571511,1865.57,84,10.9616022099448,0
"3018",3082,"NANAIMO RIVER",2024,"2024-06-06",158,158,0,10,7.15857142856943,6.25642857142832,5.90466666666616,0.902142857141111,1875.57,85,10.9616022099448,0
"3019",3083,"NANAIMO RIVER",2024,"2024-06-07",159,159,0,9.01,7.71571428571562,6.53285714285864,6.00800000000066,1.18285714285698,1884.58,86,10.9616022099448,0
"3020",3084,"NANAIMO RIVER",2024,"2024-06-08",160,160,0,8.48,8.19999999999917,6.75642857142832,6.09366666666659,1.44357142857085,1893.06,87,10.9616022099448,0
"3021",3085,"NANAIMO RIVER",2024,"2024-06-09",161,161,0,8.18,8.6400000000015,6.96428571428571,6.16900000000023,1.67571428571578,1901.24,88,10.9616022099448,0
"3022",3086,"NANAIMO RIVER",2024,"2024-06-10",162,162,0,7.49,8.88428571428605,7.10500000000008,6.22166666666647,1.77928571428596,1908.73,89,10.9616022099448,0
"3023",3087,"NANAIMO RIVER",2024,"2024-06-11",163,163,0,6.41,8.58142857142957,7.15571428571379,6.23866666666678,1.42571428571578,1915.14,90,10.9616022099448,0
"3024",3088,"NANAIMO RIVER",2024,"2024-06-12",164,164,0,5.58,7.8785714285706,7.17357142857093,6.225,0.704999999999667,1920.72,91,10.9616022099448,0
"3025",3089,"NANAIMO RIVER",2024,"2024-06-13",165,165,0,5.16,7.18714285714252,7.17285714285598,6.19766666666643,0.0142857142865456,1925.88,92,10.9616022099448,0
"3026",3090,"NANAIMO RIVER",2024,"2024-06-14",166,166,0,4.94,6.60571428571296,7.16071428571429,6.16266666666682,-0.55500000000133,1930.82,93,10.9616022099448,0
"3027",3091,"NANAIMO RIVER",2024,"2024-06-15",167,167,0,4.64,6.05714285714618,7.12857142857268,6.11833333333392,-1.07142857142649,1935.46,94,10.9616022099448,0
"3028",3092,"NANAIMO RIVER",2024,"2024-06-16",168,168,0,4.46,5.52571428571329,7.08285714285739,6.0856666666669,-1.5571428571441,1939.92,95,10.9616022099448,0
"3029",3093,"NANAIMO RIVER",2024,"2024-06-17",169,169,0,4.47,5.09428571428621,6.98928571428613,6.06700000000031,-1.89499999999992,1944.39,96,10.9616022099448,0
"3030",3094,"NANAIMO RIVER",2024,"2024-06-18",170,170,0,3.97,4.74571428571445,6.66357142857201,6.03600000000054,-1.91785714285756,1948.36,97,10.9616022099448,0
"3031",3095,"NANAIMO RIVER",2024,"2024-06-19",171,171,0,3.8,4.4914285714289,6.18499999999975,6.00166666666628,-1.69357142857085,1952.16,98,10.9616022099448,0
"3032",3096,"NANAIMO RIVER",2024,"2024-06-20",172,172,0,3.82,4.30000000000083,5.74357142857168,5.96500000000039,-1.44357142857085,1955.98,99,10.9616022099448,0
"3033",3097,"NANAIMO RIVER",2024,"2024-06-21",173,173,0,3.85,4.14428571428704,5.375,5.91166666666686,-1.23071428571296,1959.83,100,10.9616022099448,0
"3034",3098,"NANAIMO RIVER",2024,"2024-06-22",174,174,0,3.91,4.03999999999983,5.04857142857301,5.85866666666698,-1.00857142857317,1963.74,101,10.9616022099448,0
"3035",3099,"NANAIMO RIVER",2024,"2024-06-23",175,175,0,3.47,3.89857142857259,4.71214285714294,5.80300000000085,-0.813571428570348,1967.21,102,10.9616022099448,0
"3036",3100,"NANAIMO RIVER",2024,"2024-06-24",176,176,0,3.1,3.70285714285481,4.39857142857051,5.72799999999988,-0.695714285715699,1970.31,103,10.9616022099448,0
"3037",3101,"NANAIMO RIVER",2024,"2024-06-25",177,177,0,2.67,3.51714285714219,4.13142857142832,5.64133333333302,-0.61428571428613,1972.98,104,10.9616022099448,0
"3038",3102,"NANAIMO RIVER",2024,"2024-06-26",178,178,0,2.73,3.36428571428821,3.92785714285856,5.54833333333372,-0.563571428570348,1975.71,105,10.9616022099448,0
"3039",3103,"NANAIMO RIVER",2024,"2024-06-27",179,179,0,2.81,3.22000000000116,3.760000000001,5.45199999999992,-0.539999999999834,1978.52,106,10.9616022099448,0
"3040",3104,"NANAIMO RIVER",2024,"2024-06-28",180,180,0,2.72,3.05857142857193,3.60142857142949,5.36500000000039,-0.542857142857559,1981.24,107,10.9616022099448,0
"3041",3105,"NANAIMO RIVER",2024,"2024-06-29",181,181,0,2.81,2.90142857142824,3.47071428571404,5.28633333333322,-0.569285714285797,1984.05,108,10.9616022099448,0
"3042",3106,"NANAIMO RIVER",2024,"2024-06-30",182,182,0,2.92,2.82285714285432,3.36071428571345,5.21333333333314,-0.537857142859139,1986.97,109,10.9616022099448,0
"3043",3107,"NANAIMO RIVER",2024,"2024-07-01",183,183,0,2.77,2.77571428571745,3.23928571428613,5.13600000000054,-0.463571428568684,1989.74,110,10.9616022099448,0
"3044",3108,"NANAIMO RIVER",2024,"2024-07-02",184,184,0,2.63,2.76999999999784,3.14357142857002,5.0536666666662,-0.373571428572177,1992.37,111,10.9616022099448,0
"3045",3109,"NANAIMO RIVER",2024,"2024-07-03",185,185,0,2.55,2.74428571428455,3.05428571428638,4.94600000000016,-0.310000000001829,1994.92,112,10.9616022099448,0
"3046",3110,"NANAIMO RIVER",2024,"2024-07-04",186,186,0,2.48,2.69714285714352,2.95857142857234,4.74433333333388,-0.261428571428821,1997.4,113,10.9616022099448,0
"3047",3111,"NANAIMO RIVER",2024,"2024-07-05",187,187,0,2.42,2.65428571428388,2.85642857142791,4.475,-0.202142857144021,1999.82,114,10.9616022099448,0
"3048",3112,"NANAIMO RIVER",2024,"2024-07-06",188,188,0,2.34,2.58714285714086,2.74428571428455,4.21966666666655,-0.157142857143689,2002.16,115,10.9616022099448,0
"3049",3113,"NANAIMO RIVER",2024,"2024-07-07",189,189,0,2.29,2.49714285714435,2.65999999999933,3.99566666666651,-0.162857142854981,2004.45,116,10.9616022099448,0
"3050",3114,"NANAIMO RIVER",2024,"2024-07-08",190,190,0,2.24,2.42142857142608,2.59857142857176,3.78766666666682,-0.177142857145685,2006.69,117,10.9616022099448,0
"3051",3115,"NANAIMO RIVER",2024,"2024-07-09",191,191,0,2.21,2.36142857143256,2.5657142857152,3.58866666666678,-0.204285714282638,2008.9,118,10.9616022099448,0
"3052",3116,"NANAIMO RIVER",2024,"2024-07-10",192,192,0,2.17,2.30714285714203,2.52571428571329,3.41133333333322,-0.218571428571262,2011.07,119,10.9616022099448,0
"3053",3117,"NANAIMO RIVER",2024,"2024-07-11",193,193,0,2.14,2.2585714285711,2.47785714285731,3.26900000000023,-0.219285714286213,2013.21,120,10.9616022099448,0
"3054",3118,"NANAIMO RIVER",2024,"2024-07-12",194,194,0,2.13,2.21714285714136,2.43571428571262,3.15399999999984,-0.218571428571262,2015.34,121,10.9616022099448,0
"3055",3119,"NANAIMO RIVER",2024,"2024-07-13",195,195,0,2.11,2.18428571428688,2.38571428571387,3.05233333333357,-0.201428571426991,2017.45,122,10.9616022099448,0
"3056",3120,"NANAIMO RIVER",2024,"2024-07-14",196,196,0,2.07,2.15285714285814,2.32500000000125,2.95666666666705,-0.172142857143106,2019.52,123,10.9616022099448,0
"3057",3121,"NANAIMO RIVER",2024,"2024-07-15",197,197,0,2.05,2.12571428571495,2.27357142857051,2.87033333333287,-0.147857142855563,2021.57,124,10.9616022099448,0
"3058",3122,"NANAIMO RIVER",2024,"2024-07-16",198,198,0,2.02,2.0985714285676,2.23000000000008,2.78899999999946,-0.13142857143248,2023.59,125,10.9616022099448,0
"3059",3123,"NANAIMO RIVER",2024,"2024-07-17",199,199,0,2,2.07428571428422,2.19071428571312,2.70666666666608,-0.116428571428904,2025.59,126,10.9616022099448,0
"3060",3124,"NANAIMO RIVER",2024,"2024-07-18",200,200,0,1.96,2.04857142857093,2.15357142857101,2.63966666666674,-0.105000000000083,2027.55,127,10.9616022099448,0
"3061",3125,"NANAIMO RIVER",2024,"2024-07-19",201,201,0,2.01,2.03142857142874,2.12428571428505,2.57999999999981,-0.0928571428563112,2029.56,128,10.9616022099448,0
"3062",3126,"NANAIMO RIVER",2024,"2024-07-20",202,202,0,2.13,2.03428571428438,2.10928571428563,2.52366666666639,-0.0750000000012472,2031.69,129,10.9616022099448,0
"3063",3127,"NANAIMO RIVER",2024,"2024-07-21",203,203,0,2.11,2.03999999999983,2.09642857142899,2.46566666666671,-0.0564285714291537,2033.8,130,10.9616022099448,0
"3064",3128,"NANAIMO RIVER",2024,"2024-07-22",204,204,0,2.09,2.04571428571528,2.08571428571512,2.40499999999981,-0.0399999999998335,2035.89,131,10.9616022099448,0
"3065",3129,"NANAIMO RIVER",2024,"2024-07-23",205,205,0,2.04,2.04857142857509,2.07357142857135,2.35733333333337,-0.024999999996258,2037.93,132,10.9616022099448,0
"3066",3130,"NANAIMO RIVER",2024,"2024-07-24",206,206,0,2.03,2.05285714286064,2.06357142857243,2.32166666666744,-0.0107142857117912,2039.96,133,10.9616022099448,0
"3067",3131,"NANAIMO RIVER",2024,"2024-07-25",207,207,0,2.01,2.05999999999767,2.0542857142843,2.29966666666636,0.00571428571337096,2041.97,134,10.9616022099448,0
"3068",3132,"NANAIMO RIVER",2024,"2024-07-26",208,208,0,1.98,2.05571428571628,2.04357142857251,2.27466666666636,0.0121428571437718,2043.95,135,10.9616022099448,0
"3069",3133,"NANAIMO RIVER",2024,"2024-07-27",209,209,0,1.96,2.03142857142874,2.03285714285656,2.24633333333283,-0.00142857142782304,2045.91,136,10.9616022099448,0
"3070",3134,"NANAIMO RIVER",2024,"2024-07-28",210,210,0,1.97,2.01142857142674,2.02571428571329,2.22133333333283,-0.014285714286546,2047.88,137,10.9616022099448,0
"3071",3135,"NANAIMO RIVER",2024,"2024-07-29",211,211,0,2.11,2.01428571428655,2.03000000000091,2.19800000000008,-0.0157142857143686,2049.99,138,10.9616022099448,0
"3072",3136,"NANAIMO RIVER",2024,"2024-07-30",212,212,0,2.08,2.01999999999784,2.03428571428646,2.17000000000019,-0.0142857142886244,2052.07,139,10.9616022099448,0
"3073",3137,"NANAIMO RIVER",2024,"2024-07-31",213,213,0,2.01,2.01714285714219,2.03500000000141,2.14466666666655,-0.0178571428592216,2054.08,140,10.9616022099448,0
"3074",3138,"NANAIMO RIVER",2024,"2024-08-01",214,214,0,1.91,2.0028571428598,2.03142857142874,2.12066666666748,-0.028571428568934,2055.99,141,10.9616022099448,0
"3075",3139,"NANAIMO RIVER",2024,"2024-08-02",215,215,0,1.81,1.97857142857226,2.01714285714427,2.09600000000016,-0.0385714285720107,2057.8,142,10.9616022099448,0
"3076",3140,"NANAIMO RIVER",2024,"2024-08-03",216,216,0,1.72,1.94428571428788,1.98785714285831,2.07066666666651,-0.0435714285704307,2059.52,143,10.9616022099448,0
"3077",3141,"NANAIMO RIVER",2024,"2024-08-04",217,217,0,1.68,1.90285714285814,1.95714285714244,2.04600000000016,-0.0542857142843007,2061.2,144,10.9616022099448,0
"3078",3142,"NANAIMO RIVER",2024,"2024-08-05",218,218,0,1.66,1.83857142857076,1.92642857142865,2.02333333333372,-0.0878571428578914,2062.86,145,10.9616022099448,0
"3079",3143,"NANAIMO RIVER",2024,"2024-08-06",219,219,0,1.65,1.77714285714319,1.89857142857051,2.00199999999992,-0.121428571427324,2064.51,146,10.9616022099448,0
"3080",3144,"NANAIMO RIVER",2024,"2024-08-07",220,220,0,1.63,1.72285714285681,1.8699999999995,1.98166666666705,-0.147142857142691,2066.14,147,10.9616022099448,0
"3081",3145,"NANAIMO RIVER",2024,"2024-08-08",221,221,0,1.62,1.68142857142707,1.84214285714344,1.96199999999953,-0.160714285716365,2067.76,148,10.9616022099448,0
"3082",3146,"NANAIMO RIVER",2024,"2024-08-09",222,222,0,1.6,1.65142857142824,1.81500000000025,1.94300000000027,-0.163571428572011,2069.36,149,10.9616022099448,0
"3083",3147,"NANAIMO RIVER",2024,"2024-08-10",223,223,0,1.58,1.63142857142624,1.78785714285706,1.92433333333271,-0.156428571430817,2070.94,150,10.9616022099448,0
"3084",3148,"NANAIMO RIVER",2024,"2024-08-11",224,224,0,1.56,1.61428571428405,1.7585714285711,1.90533333333345,-0.144285714287045,2072.5,151,10.9616022099448,0
"3085",3149,"NANAIMO RIVER",2024,"2024-08-12",225,225,0,1.56,1.59999999999751,1.71928571428413,1.88699999999953,-0.119285714286629,2074.06,152,10.9616022099448,0
"3086",3150,"NANAIMO RIVER",2024,"2024-08-13",226,226,0,1.55,1.58571428571512,1.68142857142915,1.86966666666655,-0.0957142857140363,2075.61,153,10.9616022099448,0
"3087",3151,"NANAIMO RIVER",2024,"2024-08-14",227,227,0,1.46,1.56142857142757,1.64214285714219,1.85,-0.0807142857146184,2077.07,154,10.9616022099448,0
"3088",3152,"NANAIMO RIVER",2024,"2024-08-15",228,228,0,1.49,1.54285714285548,1.61214285714128,1.83233333333337,-0.0692857142857974,2078.56,155,10.9616022099448,0
"3089",3153,"NANAIMO RIVER",2024,"2024-08-16",229,229,0,1.48,1.52571428571329,1.58857142857076,1.81500000000039,-0.0628571428574753,2080.04,156,10.9616022099448,0
"3090",3154,"NANAIMO RIVER",2024,"2024-08-17",230,230,0,1.46,1.5085714285711,1.56999999999867,1.79833333333275,-0.0614285714275735,2081.5,157,10.9616022099448,0
"3091",3155,"NANAIMO RIVER",2024,"2024-08-18",231,231,0,1.54,1.50571428571545,1.55999999999975,1.78266666666702,-0.0542857142843005,2083.04,158,10.9616022099448,0
"3092",3156,"NANAIMO RIVER",2024,"2024-08-19",232,232,0,1.57,1.50714285714535,1.55357142857143,1.76400000000043,-0.0464285714260768,2084.61,159,10.9616022099448,0
"3093",3157,"NANAIMO RIVER",2024,"2024-08-20",233,233,0,1.62,1.51714285714219,1.55142857142865,1.74766666666643,-0.0342857142864628,2086.23,160,10.9616022099448,0
"3094",3158,"NANAIMO RIVER",2024,"2024-08-21",234,234,0,1.66,1.54571428571528,1.55357142857143,1.73333333333333,-0.00785714285614514,2087.89,161,10.9616022099448,0
"3095",3159,"NANAIMO RIVER",2024,"2024-08-22",235,235,0,1.76,1.58428571428937,1.56357142857243,1.72400000000004,0.0207142857169467,2089.65,162,10.9616022099448,0
"3096",3160,"NANAIMO RIVER",2024,"2024-08-23",236,236,0,1.72,1.6185714285696,1.57214285714144,1.71366666666581,0.0464285714281556,2091.37,163,10.9616022099448,0
"3097",3161,"NANAIMO RIVER",2024,"2024-08-24",237,237,0,1.62,1.6414285714314,1.57500000000125,1.70066666666729,0.0664285714301514,2092.99,164,10.9616022099448,0
"3098",3162,"NANAIMO RIVER",2024,"2024-08-25",238,238,0,1.55,1.64285714285714,1.5742857142863,1.68633333333322,0.0685714285708465,2094.54,165,10.9616022099448,0
"3099",3163,"NANAIMO RIVER",2024,"2024-08-26",239,239,0,1.6,1.64714285714269,1.57714285714402,1.67433333333368,0.0699999999986696,2096.14,166,10.9616022099448,0
"3100",3164,"NANAIMO RIVER",2024,"2024-08-27",240,240,0,1.68,1.65571428571379,1.58642857142799,1.66466666666674,0.0692857142857974,2097.82,167,10.9616022099448,0
"3101",3165,"NANAIMO RIVER",2024,"2024-08-28",241,241,0,1.59,1.64571428571279,1.59571428571404,1.64733333333279,0.0499999999987526,2099.41,168,10.9616022099448,0
"3102",3166,"NANAIMO RIVER",2024,"2024-08-29",242,242,0,1.52,1.61142857142841,1.59785714285889,1.62866666666717,0.0135714285695161,2100.93,169,10.9616022099448,0
"3103",3167,"NANAIMO RIVER",2024,"2024-08-30",243,243,0,1.52,1.58285714285947,1.60071428571454,1.61233333333318,-0.017857142855064,2102.45,170,10.9616022099448,0
"3104",3168,"NANAIMO RIVER",2024,"2024-08-31",244,244,0,1.5,1.56571428571312,1.60357142857226,1.5986666666664,-0.0378571428591385,2103.95,171,10.9616022099448,0
"3105",3169,"NANAIMO RIVER",2024,"2024-09-01",245,245,0,1.48,1.55571428571628,1.59928571428671,1.58766666666682,-0.0435714285704307,2105.43,172,10.9616022099448,0
"3106",3170,"NANAIMO RIVER",2024,"2024-09-02",246,246,0,1.45,1.53428571428438,1.59071428571354,1.5786666666662,-0.0564285714291535,2106.88,173,10.9616022099448,0
"3107",3171,"NANAIMO RIVER",2024,"2024-09-03",247,247,0,1.41,1.49571428571445,1.57571428571412,1.56966666666655,-0.0799999999996672,2108.29,174,10.9616022099448,0
"3108",3172,"NANAIMO RIVER",2024,"2024-09-04",248,248,0,1.47,1.47857142857226,1.56214285714252,1.56333333333314,-0.0835714285702642,2109.76,175,10.9616022099448,0
"3109",3173,"NANAIMO RIVER",2024,"2024-09-05",249,249,0,1.52,1.4785714285681,1.54499999999825,1.55899999999965,-0.0664285714301514,2111.28,176,10.9616022099448,0
"3110",3174,"NANAIMO RIVER",2024,"2024-09-06",250,250,0,1.51,1.47714285714236,1.53000000000091,1.55499999999981,-0.0528571428585565,2112.79,177,10.9616022099448,0
"3111",3175,"NANAIMO RIVER",2024,"2024-09-07",251,251,0,1.49,1.47571428571246,1.52071428571279,1.55066666666632,-0.0450000000003326,2114.28,178,10.9616022099448,0
"3112",3176,"NANAIMO RIVER",2024,"2024-09-08",252,252,0,1.48,1.47571428571246,1.51571428571437,1.54666666666647,-0.0400000000019125,2115.76,179,10.9616022099448,0
"3113",3177,"NANAIMO RIVER",2024,"2024-09-09",253,253,1,1.46,1.47714285714236,1.50571428571337,1.54266666666663,-0.0285714285710128,2117.22,180,10.9616022099448,0
