region,species_name,year,spawners,smoothedspawners,spawnersanomaly,runsize,smoothedrunsize,runsizeanomaly,spawners_short_trend,spawners_short_trend_lwr,spawners_short_trend_upr,spawners_long_trend,spawners_long_trend_lwr,spawners_long_trend_upr,runsize_short_trend,runsize_short_trend_lwr,runsize_short_trend_upr,runsize_long_trend,runsize_long_trend_lwr,runsize_long_trend_upr,source_id,datasetversion
Central Coast,Chinook,1975,6750,6750,-59.4,-989898,-989898,-989898,-989898,-989898,-989898,12246,10389,14435,-989898,-989898,-989898,-989898,-989898,-989898,CTC_20250714,20251112
Central Coast,Chinook,1976,13300,9475,-43,-989898,-989898,-989898,-989898,-989898,-989898,12385,10559,14526,-989898,-989898,-989898,-989898,-989898,-989898,CTC_20250714,20251112
Central Coast,Chinook,1977,12750,10461,-37,-989898,-989898,-989898,-989898,-989898,-989898,12525,10731,14619,-989898,-989898,-989898,-989898,-989898,-989898,CTC_20250714,20251112
Central Coast,Chinook,1978,16000,11633,-30,-989898,-989898,-989898,-989898,-989898,-989898,12667,10905,14713,-989898,-989898,-989898,-989898,-989898,-989898,CTC_20250714,20251112
Central Coast,Chinook,1979,6100,10224,-38.5,-989898,-989898,-989898,-989898,-989898,-989898,12810,11082,14809,-989898,-989898,-989898,-989898,-989898,-989898,CTC_20250714,20251112
Central Coast,Chinook,1980,8480,10701,-35.6,-989898,-989898,-989898,-989898,-989898,-989898,12956,11260,14907,-989898,-989898,-989898,-989898,-989898,-989898,CTC_20250714,20251112
Central Coast,Chinook,1981,7150,9452,-43.1,-989898,-989898,-989898,-989898,-989898,-989898,13102,11440,15006,-989898,-989898,-989898,-989898,-989898,-989898,CTC_20250714,20251112
Central Coast,Chinook,1982,8900,8796,-47.1,-989898,-989898,-989898,-989898,-989898,-989898,13251,11622,15108,-989898,-989898,-989898,-989898,-989898,-989898,CTC_20250714,20251112
Central Coast,Chinook,1983,10890,8145,-51,-989898,-989898,-989898,-989898,-989898,-989898,13401,11805,15212,-989898,-989898,-989898,-989898,-989898,-989898,CTC_20250714,20251112
Central Coast,Chinook,1984,15113,9766,-41.2,-989898,-989898,-989898,-989898,-989898,-989898,13552,11990,15318,-989898,-989898,-989898,-989898,-989898,-989898,CTC_20250714,20251112
Central Coast,Chinook,1985,26444,12260,-26.2,-989898,-989898,-989898,-989898,-989898,-989898,13706,12177,15427,-989898,-989898,-989898,-989898,-989898,-989898,CTC_20250714,20251112
Central Coast,Chinook,1986,26345,15913,-4.2,-989898,-989898,-989898,-989898,-989898,-989898,13861,12364,15539,-989898,-989898,-989898,-989898,-989898,-989898,CTC_20250714,20251112
Central Coast,Chinook,1987,18183,18358,10.5,-989898,-989898,-989898,-989898,-989898,-989898,14018,12553,15654,-989898,-989898,-989898,-989898,-989898,-989898,CTC_20250714,20251112
Central Coast,Chinook,1988,17875,20270,22,-989898,-989898,-989898,-989898,-989898,-989898,14177,12742,15773,-989898,-989898,-989898,-989898,-989898,-989898,CTC_20250714,20251112
Central Coast,Chinook,1989,22848,22017,32.5,-989898,-989898,-989898,-989898,-989898,-989898,14337,12931,15896,-989898,-989898,-989898,-989898,-989898,-989898,CTC_20250714,20251112
Central Coast,Chinook,1990,18157,20422,22.9,-989898,-989898,-989898,-989898,-989898,-989898,14499,13121,16023,-989898,-989898,-989898,-989898,-989898,-989898,CTC_20250714,20251112
Central Coast,Chinook,1991,14223,18053,8.7,-989898,-989898,-989898,-989898,-989898,-989898,14664,13310,16155,-989898,-989898,-989898,-989898,-989898,-989898,CTC_20250714,20251112
Central Coast,Chinook,1992,36640,20769,25,-989898,-989898,-989898,-989898,-989898,-989898,14830,13498,16292,-989898,-989898,-989898,-989898,-989898,-989898,CTC_20250714,20251112
Central Coast,Chinook,1993,39199,24301,46.3,-989898,-989898,-989898,-989898,-989898,-989898,14998,13686,16435,-989898,-989898,-989898,-989898,-989898,-989898,CTC_20250714,20251112
Central Coast,Chinook,1994,28314,25366,52.7,-989898,-989898,-989898,-989898,-989898,-989898,15167,13871,16584,-989898,-989898,-989898,-989898,-989898,-989898,CTC_20250714,20251112
Central Coast,Chinook,1995,23476,26704,60.7,-989898,-989898,-989898,-989898,-989898,-989898,15339,14055,16740,-989898,-989898,-989898,-989898,-989898,-989898,CTC_20250714,20251112
Central Coast,Chinook,1996,21067,28886,73.9,-989898,-989898,-989898,-989898,-989898,-989898,15513,14236,16904,-989898,-989898,-989898,-989898,-989898,-989898,CTC_20250714,20251112
Central Coast,Chinook,1997,14708,24066,44.8,-989898,-989898,-989898,-989898,-989898,-989898,15688,14414,17075,-989898,-989898,-989898,-989898,-989898,-989898,CTC_20250714,20251112
Central Coast,Chinook,1998,16999,20363,22.6,-989898,-989898,-989898,-989898,-989898,-989898,15866,14589,17255,-989898,-989898,-989898,-989898,-989898,-989898,CTC_20250714,20251112
Central Coast,Chinook,1999,17061,18401,10.7,-989898,-989898,-989898,-989898,-989898,-989898,16046,14760,17443,-989898,-989898,-989898,-989898,-989898,-989898,CTC_20250714,20251112
Central Coast,Chinook,2000,21726,18118,9,-989898,-989898,-989898,-989898,-989898,-989898,16227,14927,17641,-989898,-989898,-989898,-989898,-989898,-989898,CTC_20250714,20251112
Central Coast,Chinook,2001,25927,18886,13.7,-989898,-989898,-989898,-989898,-989898,-989898,16411,15090,17847,-989898,-989898,-989898,-989898,-989898,-989898,CTC_20250714,20251112
Central Coast,Chinook,2002,15427,19067,14.8,-989898,-989898,-989898,-989898,-989898,-989898,16597,15249,18064,-989898,-989898,-989898,-989898,-989898,-989898,CTC_20250714,20251112
Central Coast,Chinook,2003,13825,18295,10.1,-989898,-989898,-989898,-989898,-989898,-989898,16785,15404,18290,-989898,-989898,-989898,-989898,-989898,-989898,CTC_20250714,20251112
Central Coast,Chinook,2004,14237,17645,6.2,-989898,-989898,-989898,-989898,-989898,-989898,16975,15554,18526,-989898,-989898,-989898,-989898,-989898,-989898,CTC_20250714,20251112
Central Coast,Chinook,2005,15744,16544,-0.4,-989898,-989898,-989898,-989898,-989898,-989898,17167,15700,18771,-989898,-989898,-989898,-989898,-989898,-989898,CTC_20250714,20251112
Central Coast,Chinook,2006,20711,15817,-4.8,-989898,-989898,-989898,-989898,-989898,-989898,17361,15843,19026,-989898,-989898,-989898,-989898,-989898,-989898,CTC_20250714,20251112
Central Coast,Chinook,2007,12160,15082,-9.2,-989898,-989898,-989898,-989898,-989898,-989898,17558,15982,19290,-989898,-989898,-989898,-989898,-989898,-989898,CTC_20250714,20251112
Central Coast,Chinook,2008,11871,14630,-12,-989898,-989898,-989898,-989898,-989898,-989898,17757,16118,19563,-989898,-989898,-989898,-989898,-989898,-989898,CTC_20250714,20251112
Central Coast,Chinook,2009,13267,14425,-13.2,-989898,-989898,-989898,-989898,-989898,-989898,17958,16250,19845,-989898,-989898,-989898,-989898,-989898,-989898,CTC_20250714,20251112
Central Coast,Chinook,2010,13542,13996,-15.8,-989898,-989898,-989898,14661,11926,18024,18161,16380,20136,-989898,-989898,-989898,-989898,-989898,-989898,CTC_20250714,20251112
Central Coast,Chinook,2011,12482,12648,-23.9,-989898,-989898,-989898,15047,12497,18116,18367,16508,20435,-989898,-989898,-989898,-989898,-989898,-989898,CTC_20250714,20251112
Central Coast,Chinook,2012,8764,11846,-28.7,-989898,-989898,-989898,15442,13081,18229,18575,16633,20743,-989898,-989898,-989898,-989898,-989898,-989898,CTC_20250714,20251112
Central Coast,Chinook,2013,24634,13709,-17.5,-989898,-989898,-989898,15848,13670,18372,18785,16756,21059,-989898,-989898,-989898,-989898,-989898,-989898,CTC_20250714,20251112
Central Coast,Chinook,2014,23204,15330,-7.7,-989898,-989898,-989898,16264,14252,18560,18998,16878,21384,-989898,-989898,-989898,-989898,-989898,-989898,CTC_20250714,20251112
Central Coast,Chinook,2015,49657,19880,19.6,-989898,-989898,-989898,16692,14811,18811,19213,16998,21716,-989898,-989898,-989898,-989898,-989898,-989898,CTC_20250714,20251112
Central Coast,Chinook,2016,28459,23442,41.1,-989898,-989898,-989898,17130,15325,19148,19430,17117,22056,-989898,-989898,-989898,-989898,-989898,-989898,CTC_20250714,20251112
Central Coast,Chinook,2017,13746,25650,54.4,-989898,-989898,-989898,17581,15773,19595,19650,17235,22405,-989898,-989898,-989898,-989898,-989898,-989898,CTC_20250714,20251112
Central Coast,Chinook,2018,16736,23742,42.9,-989898,-989898,-989898,18043,16142,20167,19873,17351,22761,-989898,-989898,-989898,-989898,-989898,-989898,CTC_20250714,20251112
Central Coast,Chinook,2019,15531,21910,31.9,-989898,-989898,-989898,18517,16431,20868,20098,17467,23125,-989898,-989898,-989898,-989898,-989898,-989898,CTC_20250714,20251112
Central Coast,Chinook,2020,23603,18882,13.6,-989898,-989898,-989898,19003,16652,21686,20326,17582,23497,-989898,-989898,-989898,-989898,-989898,-989898,CTC_20250714,20251112
Central Coast,Chinook,2021,16751,16983,2.2,-989898,-989898,-989898,19503,16823,22609,20556,17697,23876,-989898,-989898,-989898,-989898,-989898,-989898,CTC_20250714,20251112
Central Coast,Chinook,2022,13462,16912,1.8,-989898,-989898,-989898,20015,16955,23627,20788,17811,24264,-989898,-989898,-989898,-989898,-989898,-989898,CTC_20250714,20251112
Central Coast,Chinook,2023,19492,17436,4.9,-989898,-989898,-989898,20541,17061,24731,21024,17925,24659,-989898,-989898,-989898,-989898,-989898,-989898,CTC_20250714,20251112
Central Coast,Chinook,2024,19665,18278,10,-989898,-989898,-989898,21081,17148,25917,21262,18038,25062,-989898,-989898,-989898,-989898,-989898,-989898,CTC_20250714,20251112
Central Coast,Chum,1950,789428,789428,59.7,-989898,-989898,-989898,-989898,-989898,-989898,644010,562178,737755,-989898,-989898,-989898,-989898,-989898,-989898,NuSEDS_20250221,20251112
Central Coast,Chum,1951,732139,760244,53.8,-989898,-989898,-989898,-989898,-989898,-989898,639664,559929,730754,-989898,-989898,-989898,-989898,-989898,-989898,NuSEDS_20250221,20251112
Central Coast,Chum,1952,716432,745350,50.8,-989898,-989898,-989898,-989898,-989898,-989898,635348,557678,723835,-989898,-989898,-989898,-989898,-989898,-989898,NuSEDS_20250221,20251112
Central Coast,Chum,1953,835145,766851,55.1,-989898,-989898,-989898,-989898,-989898,-989898,631060,555424,716997,-989898,-989898,-989898,-989898,-989898,-989898,NuSEDS_20250221,20251112
Central Coast,Chum,1954,752499,757721,53.3,-989898,-989898,-989898,-989898,-989898,-989898,626802,553166,710240,-989898,-989898,-989898,-989898,-989898,-989898,NuSEDS_20250221,20251112
Central Coast,Chum,1955,367978,637993,29.1,-989898,-989898,-989898,-989898,-989898,-989898,622572,550904,703564,-989898,-989898,-989898,-989898,-989898,-989898,NuSEDS_20250221,20251112
Central Coast,Chum,1956,417384,557387,12.8,-989898,-989898,-989898,-989898,-989898,-989898,618371,548636,696970,-989898,-989898,-989898,-989898,-989898,-989898,NuSEDS_20250221,20251112
Central Coast,Chum,1957,499251,490112,-0.9,-989898,-989898,-989898,-989898,-989898,-989898,614198,546362,690457,-989898,-989898,-989898,-989898,-989898,-989898,NuSEDS_20250221,20251112
Central Coast,Chum,1958,800080,497683,0.7,-989898,-989898,-989898,-989898,-989898,-989898,610053,544081,684025,-989898,-989898,-989898,-989898,-989898,-989898,NuSEDS_20250221,20251112
Central Coast,Chum,1959,260206,456380,-7.7,-989898,-989898,-989898,-989898,-989898,-989898,605937,541792,677676,-989898,-989898,-989898,-989898,-989898,-989898,NuSEDS_20250221,20251112
Central Coast,Chum,1960,348067,436122,-11.8,-989898,-989898,-989898,-989898,-989898,-989898,601848,539493,671409,-989898,-989898,-989898,-989898,-989898,-989898,NuSEDS_20250221,20251112
Central Coast,Chum,1961,276103,376094,-23.9,-989898,-989898,-989898,-989898,-989898,-989898,597786,537185,665224,-989898,-989898,-989898,-989898,-989898,-989898,NuSEDS_20250221,20251112
Central Coast,Chum,1962,634425,354901,-28.2,-989898,-989898,-989898,-989898,-989898,-989898,593752,534865,659123,-989898,-989898,-989898,-989898,-989898,-989898,NuSEDS_20250221,20251112
Central Coast,Chum,1963,626176,442031,-10.6,-989898,-989898,-989898,-989898,-989898,-989898,589745,532532,653106,-989898,-989898,-989898,-989898,-989898,-989898,NuSEDS_20250221,20251112
Central Coast,Chum,1964,722338,530545,7.3,-989898,-989898,-989898,-989898,-989898,-989898,585766,530185,647173,-989898,-989898,-989898,-989898,-989898,-989898,NuSEDS_20250221,20251112
Central Coast,Chum,1965,229487,506575,2.5,-989898,-989898,-989898,-989898,-989898,-989898,581813,527823,641325,-989898,-989898,-989898,-989898,-989898,-989898,NuSEDS_20250221,20251112
Central Coast,Chum,1966,1027677,571496,15.6,-989898,-989898,-989898,-989898,-989898,-989898,577887,525443,635564,-989898,-989898,-989898,-989898,-989898,-989898,NuSEDS_20250221,20251112
Central Coast,Chum,1967,608348,567384,14.8,-989898,-989898,-989898,-989898,-989898,-989898,573987,523045,629890,-989898,-989898,-989898,-989898,-989898,-989898,NuSEDS_20250221,20251112
Central Coast,Chum,1968,1151893,637595,29,-989898,-989898,-989898,-989898,-989898,-989898,570114,520626,624305,-989898,-989898,-989898,-989898,-989898,-989898,NuSEDS_20250221,20251112
Central Coast,Chum,1969,418960,741137,49.9,-989898,-989898,-989898,-989898,-989898,-989898,566266,518185,618810,-989898,-989898,-989898,-989898,-989898,-989898,NuSEDS_20250221,20251112
Central Coast,Chum,1970,755479,686262,38.8,-989898,-989898,-989898,-989898,-989898,-989898,562445,515719,613405,-989898,-989898,-989898,-989898,-989898,-989898,NuSEDS_20250221,20251112
Central Coast,Chum,1971,442971,633936,28.2,-989898,-989898,-989898,-989898,-989898,-989898,558650,513226,608093,-989898,-989898,-989898,-989898,-989898,-989898,NuSEDS_20250221,20251112
Central Coast,Chum,1972,824572,583109,18,-989898,-989898,-989898,-989898,-989898,-989898,554880,510705,602876,-989898,-989898,-989898,-989898,-989898,-989898,NuSEDS_20250221,20251112
Central Coast,Chum,1973,1088659,740337,49.8,-989898,-989898,-989898,-989898,-989898,-989898,551135,508153,597754,-989898,-989898,-989898,-989898,-989898,-989898,NuSEDS_20250221,20251112
Central Coast,Chum,1974,719769,731429,48,-989898,-989898,-989898,-989898,-989898,-989898,547416,505568,592729,-989898,-989898,-989898,-989898,-989898,-989898,NuSEDS_20250221,20251112
Central Coast,Chum,1975,328596,678803,37.3,-989898,-989898,-989898,-989898,-989898,-989898,543722,502947,587803,-989898,-989898,-989898,-989898,-989898,-989898,NuSEDS_20250221,20251112
Central Coast,Chum,1976,278448,517455,4.7,-989898,-989898,-989898,-989898,-989898,-989898,540053,500288,582979,-989898,-989898,-989898,-989898,-989898,-989898,NuSEDS_20250221,20251112
Central Coast,Chum,1977,384824,398993,-19.3,-989898,-989898,-989898,-989898,-989898,-989898,536409,497589,578256,-989898,-989898,-989898,-989898,-989898,-989898,NuSEDS_20250221,20251112
Central Coast,Chum,1978,599409,381152,-22.9,-989898,-989898,-989898,-989898,-989898,-989898,532789,494849,573638,-989898,-989898,-989898,-989898,-989898,-989898,NuSEDS_20250221,20251112
Central Coast,Chum,1979,362374,390590,-21,-989898,-989898,-989898,-989898,-989898,-989898,529193,492063,569125,-989898,-989898,-989898,-989898,-989898,-989898,NuSEDS_20250221,20251112
Central Coast,Chum,1980,436994,437174,-11.6,-989898,-989898,-989898,-989898,-989898,-989898,525622,489232,564719,-989898,-989898,-989898,-989898,-989898,-989898,NuSEDS_20250221,20251112
Central Coast,Chum,1981,418944,446558,-9.7,-989898,-989898,-989898,-989898,-989898,-989898,522075,486353,560422,-989898,-989898,-989898,-989898,-989898,-989898,NuSEDS_20250221,20251112
Central Coast,Chum,1982,632149,452535,-8.5,-989898,-989898,-989898,-989898,-989898,-989898,518552,483425,556232,-989898,-989898,-989898,-989898,-989898,-989898,NuSEDS_20250221,20251112
Central Coast,Chum,1983,384386,459256,-7.1,-989898,-989898,-989898,-989898,-989898,-989898,515053,480447,552152,-989898,-989898,-989898,-989898,-989898,-989898,NuSEDS_20250221,20251112
Central Coast,Chum,1984,380527,443641,-10.3,-989898,-989898,-989898,-989898,-989898,-989898,511577,477418,548181,-989898,-989898,-989898,-989898,-989898,-989898,NuSEDS_20250221,20251112
Central Coast,Chum,1985,640624,493337,-0.2,-989898,-989898,-989898,-989898,-989898,-989898,508125,474338,544319,-989898,-989898,-989898,-989898,-989898,-989898,NuSEDS_20250221,20251112
Central Coast,Chum,1986,875686,535213,8.3,-989898,-989898,-989898,-989898,-989898,-989898,504696,471208,540564,-989898,-989898,-989898,-989898,-989898,-989898,NuSEDS_20250221,20251112
Central Coast,Chum,1987,429655,550319,11.3,-989898,-989898,-989898,-989898,-989898,-989898,501290,468028,536917,-989898,-989898,-989898,-989898,-989898,-989898,NuSEDS_20250221,20251112
Central Coast,Chum,1988,867918,676297,36.8,-989898,-989898,-989898,-989898,-989898,-989898,497908,464800,533374,-989898,-989898,-989898,-989898,-989898,-989898,NuSEDS_20250221,20251112
Central Coast,Chum,1989,520482,642078,29.9,-989898,-989898,-989898,-989898,-989898,-989898,494548,461525,529933,-989898,-989898,-989898,-989898,-989898,-989898,NuSEDS_20250221,20251112
Central Coast,Chum,1990,720364,611489,23.7,-989898,-989898,-989898,-989898,-989898,-989898,491210,458206,526592,-989898,-989898,-989898,-989898,-989898,-989898,NuSEDS_20250221,20251112
Central Coast,Chum,1991,412692,605362,22.5,-989898,-989898,-989898,-989898,-989898,-989898,487896,454845,523348,-989898,-989898,-989898,-989898,-989898,-989898,NuSEDS_20250221,20251112
Central Coast,Chum,1992,199729,419282,-15.2,-989898,-989898,-989898,-989898,-989898,-989898,484603,451445,520197,-989898,-989898,-989898,-989898,-989898,-989898,NuSEDS_20250221,20251112
Central Coast,Chum,1993,324633,372609,-24.6,-989898,-989898,-989898,-989898,-989898,-989898,481333,448009,517136,-989898,-989898,-989898,-989898,-989898,-989898,NuSEDS_20250221,20251112
Central Coast,Chum,1994,504532,340869,-31,-989898,-989898,-989898,-989898,-989898,-989898,478085,444541,514160,-989898,-989898,-989898,-989898,-989898,-989898,NuSEDS_20250221,20251112
Central Coast,Chum,1995,772261,398678,-19.3,-989898,-989898,-989898,-989898,-989898,-989898,474859,441044,511266,-989898,-989898,-989898,-989898,-989898,-989898,NuSEDS_20250221,20251112
Central Coast,Chum,1996,626015,530466,7.3,-989898,-989898,-989898,-989898,-989898,-989898,471654,437521,508450,-989898,-989898,-989898,-989898,-989898,-989898,NuSEDS_20250221,20251112
Central Coast,Chum,1997,493223,588939,19.1,-989898,-989898,-989898,-989898,-989898,-989898,468471,433977,505707,-989898,-989898,-989898,-989898,-989898,-989898,NuSEDS_20250221,20251112
Central Coast,Chum,1998,1204846,732118,48.1,-989898,-989898,-989898,-989898,-989898,-989898,465310,430415,503034,-989898,-989898,-989898,-989898,-989898,-989898,NuSEDS_20250221,20251112
Central Coast,Chum,1999,518860,662831,34.1,-989898,-989898,-989898,-989898,-989898,-989898,462170,426838,500426,-989898,-989898,-989898,-989898,-989898,-989898,NuSEDS_20250221,20251112
Central Coast,Chum,2000,479908,620220,25.5,-989898,-989898,-989898,-989898,-989898,-989898,459051,423250,497880,-989898,-989898,-989898,-989898,-989898,-989898,NuSEDS_20250221,20251112
Central Coast,Chum,2001,624499,657912,33.1,-989898,-989898,-989898,-989898,-989898,-989898,455953,419654,495392,-989898,-989898,-989898,-989898,-989898,-989898,NuSEDS_20250221,20251112
Central Coast,Chum,2002,867211,605991,22.6,-989898,-989898,-989898,-989898,-989898,-989898,452877,416053,492959,-989898,-989898,-989898,-989898,-989898,-989898,NuSEDS_20250221,20251112
Central Coast,Chum,2003,1057000,723973,46.5,-989898,-989898,-989898,-989898,-989898,-989898,449821,412451,490576,-989898,-989898,-989898,-989898,-989898,-989898,NuSEDS_20250221,20251112
Central Coast,Chum,2004,823948,828720,67.6,-989898,-989898,-989898,-989898,-989898,-989898,446785,408848,488242,-989898,-989898,-989898,-989898,-989898,-989898,NuSEDS_20250221,20251112
Central Coast,Chum,2005,597247,819527,65.8,-989898,-989898,-989898,-989898,-989898,-989898,443770,405249,485952,-989898,-989898,-989898,-989898,-989898,-989898,NuSEDS_20250221,20251112
Central Coast,Chum,2006,593492,745394,50.8,-989898,-989898,-989898,-989898,-989898,-989898,440775,401656,483705,-989898,-989898,-989898,-989898,-989898,-989898,NuSEDS_20250221,20251112
Central Coast,Chum,2007,364663,571268,15.6,-989898,-989898,-989898,-989898,-989898,-989898,437801,398070,481497,-989898,-989898,-989898,-989898,-989898,-989898,NuSEDS_20250221,20251112
Central Coast,Chum,2008,187115,394360,-20.2,-989898,-989898,-989898,-989898,-989898,-989898,434847,394495,479326,-989898,-989898,-989898,-989898,-989898,-989898,NuSEDS_20250221,20251112
Central Coast,Chum,2009,295445,330730,-33.1,-989898,-989898,-989898,-989898,-989898,-989898,431912,390930,477190,-989898,-989898,-989898,-989898,-989898,-989898,NuSEDS_20250221,20251112
Central Coast,Chum,2010,211920,255660,-48.3,-989898,-989898,-989898,-989898,-989898,-989898,428998,387379,475088,-989898,-989898,-989898,-989898,-989898,-989898,NuSEDS_20250221,20251112
Central Coast,Chum,2011,763063,307489,-37.8,-989898,-989898,-989898,-989898,-989898,-989898,426103,383842,473016,-989898,-989898,-989898,-989898,-989898,-989898,NuSEDS_20250221,20251112
Central Coast,Chum,2012,555563,403632,-18.3,-989898,-989898,-989898,578335,459245,728309,423227,380322,470973,-989898,-989898,-989898,-989898,-989898,-989898,NuSEDS_20250221,20251112
Central Coast,Chum,2013,490548,458181,-7.3,-989898,-989898,-989898,528518,432116,646427,420371,376819,468957,-989898,-989898,-989898,-989898,-989898,-989898,NuSEDS_20250221,20251112
Central Coast,Chum,2014,366662,525485,6.3,-989898,-989898,-989898,482992,405632,575106,417534,373334,466968,-989898,-989898,-989898,-989898,-989898,-989898,NuSEDS_20250221,20251112
Central Coast,Chum,2015,899607,547562,10.8,-989898,-989898,-989898,441388,379397,513508,414717,369868,465003,-989898,-989898,-989898,-989898,-989898,-989898,NuSEDS_20250221,20251112
Central Coast,Chum,2016,423569,511660,3.5,-989898,-989898,-989898,403367,352906,461044,411918,366423,463062,-989898,-989898,-989898,-989898,-989898,-989898,NuSEDS_20250221,20251112
Central Coast,Chum,2017,250294,432438,-12.5,-989898,-989898,-989898,368622,325681,417224,409139,362999,461143,-989898,-989898,-989898,-989898,-989898,-989898,NuSEDS_20250221,20251112
Central Coast,Chum,2018,330836,421463,-14.7,-989898,-989898,-989898,336869,297627,381285,406378,359597,459244,-989898,-989898,-989898,-989898,-989898,-989898,NuSEDS_20250221,20251112
Central Coast,Chum,2019,397746,343675,-30.5,-989898,-989898,-989898,307852,269339,351870,403635,356217,457366,-989898,-989898,-989898,-989898,-989898,-989898,NuSEDS_20250221,20251112
Central Coast,Chum,2020,59314,210235,-57.5,-989898,-989898,-989898,281334,241821,327302,400911,352860,455507,-989898,-989898,-989898,-989898,-989898,-989898,NuSEDS_20250221,20251112
Central Coast,Chum,2021,263583,212972,-56.9,-989898,-989898,-989898,257100,215921,306133,398206,349526,453666,-989898,-989898,-989898,-989898,-989898,-989898,NuSEDS_20250221,20251112
Central Coast,Chum,2022,431755,227630,-54,-989898,-989898,-989898,234954,192098,287370,395519,346217,451842,-989898,-989898,-989898,-989898,-989898,-989898,NuSEDS_20250221,20251112
Central Coast,Chum,2023,293331,210944,-57.3,-989898,-989898,-989898,214715,170501,270395,392850,342931,450035,-989898,-989898,-989898,-989898,-989898,-989898,NuSEDS_20250221,20251112
Central Coast,Coho,1950,199136,199136,20.9,-989898,-989898,-989898,-989898,-989898,-989898,193533,167387,223763,-989898,-989898,-989898,-989898,-989898,-989898,NuSEDS_20250221,20251112
Central Coast,Coho,1951,257976,226654,37.6,-989898,-989898,-989898,-989898,-989898,-989898,192714,167171,222160,-989898,-989898,-989898,-989898,-989898,-989898,NuSEDS_20250221,20251112
Central Coast,Coho,1952,147599,196458,19.3,-989898,-989898,-989898,-989898,-989898,-989898,191899,166953,220573,-989898,-989898,-989898,-989898,-989898,-989898,NuSEDS_20250221,20251112
Central Coast,Coho,1953,135957,179185,8.8,-989898,-989898,-989898,-989898,-989898,-989898,191087,166730,219003,-989898,-989898,-989898,-989898,-989898,-989898,NuSEDS_20250221,20251112
Central Coast,Coho,1954,325496,202606,23,-989898,-989898,-989898,-989898,-989898,-989898,190279,166504,217449,-989898,-989898,-989898,-989898,-989898,-989898,NuSEDS_20250221,20251112
Central Coast,Coho,1955,149530,176782,7.3,-989898,-989898,-989898,-989898,-989898,-989898,189474,166274,215912,-989898,-989898,-989898,-989898,-989898,-989898,NuSEDS_20250221,20251112
Central Coast,Coho,1956,339249,217670,32.1,-989898,-989898,-989898,-989898,-989898,-989898,188673,166039,214392,-989898,-989898,-989898,-989898,-989898,-989898,NuSEDS_20250221,20251112
Central Coast,Coho,1957,324960,270648,64.3,-989898,-989898,-989898,-989898,-989898,-989898,187875,165799,212889,-989898,-989898,-989898,-989898,-989898,-989898,NuSEDS_20250221,20251112
Central Coast,Coho,1958,163990,228020,38.4,-989898,-989898,-989898,-989898,-989898,-989898,187080,165555,211404,-989898,-989898,-989898,-989898,-989898,-989898,NuSEDS_20250221,20251112
Central Coast,Coho,1959,342478,280511,70.3,-989898,-989898,-989898,-989898,-989898,-989898,186289,165305,209936,-989898,-989898,-989898,-989898,-989898,-989898,NuSEDS_20250221,20251112
Central Coast,Coho,1960,169188,235729,43.1,-989898,-989898,-989898,-989898,-989898,-989898,185501,165049,208486,-989898,-989898,-989898,-989898,-989898,-989898,NuSEDS_20250221,20251112
Central Coast,Coho,1961,244199,219478,33.2,-989898,-989898,-989898,-989898,-989898,-989898,184716,164788,207054,-989898,-989898,-989898,-989898,-989898,-989898,NuSEDS_20250221,20251112
Central Coast,Coho,1962,251191,244167,48.2,-989898,-989898,-989898,-989898,-989898,-989898,183935,164519,205641,-989898,-989898,-989898,-989898,-989898,-989898,NuSEDS_20250221,20251112
Central Coast,Coho,1963,368828,248734,51,-989898,-989898,-989898,-989898,-989898,-989898,183157,164244,204247,-989898,-989898,-989898,-989898,-989898,-989898,NuSEDS_20250221,20251112
Central Coast,Coho,1964,452953,318168,93.1,-989898,-989898,-989898,-989898,-989898,-989898,182382,163961,202872,-989898,-989898,-989898,-989898,-989898,-989898,NuSEDS_20250221,20251112
Central Coast,Coho,1965,274530,327618,98.9,-989898,-989898,-989898,-989898,-989898,-989898,181610,163670,201518,-989898,-989898,-989898,-989898,-989898,-989898,NuSEDS_20250221,20251112
Central Coast,Coho,1966,290722,339810,106.3,-989898,-989898,-989898,-989898,-989898,-989898,180842,163370,200183,-989898,-989898,-989898,-989898,-989898,-989898,NuSEDS_20250221,20251112
Central Coast,Coho,1967,62557,218072,32.4,-989898,-989898,-989898,-989898,-989898,-989898,180077,163061,198869,-989898,-989898,-989898,-989898,-989898,-989898,NuSEDS_20250221,20251112
Central Coast,Coho,1968,275660,192611,16.9,-989898,-989898,-989898,-989898,-989898,-989898,179316,162742,197577,-989898,-989898,-989898,-989898,-989898,-989898,NuSEDS_20250221,20251112
Central Coast,Coho,1969,76753,140057,-15,-989898,-989898,-989898,-989898,-989898,-989898,178557,162413,196306,-989898,-989898,-989898,-989898,-989898,-989898,NuSEDS_20250221,20251112
Central Coast,Coho,1970,193697,126537,-23.2,-989898,-989898,-989898,-989898,-989898,-989898,177802,162071,195059,-989898,-989898,-989898,-989898,-989898,-989898,NuSEDS_20250221,20251112
Central Coast,Coho,1971,118216,148360,-9.9,-989898,-989898,-989898,-989898,-989898,-989898,177050,161718,193835,-989898,-989898,-989898,-989898,-989898,-989898,NuSEDS_20250221,20251112
Central Coast,Coho,1972,135094,124132,-24.6,-989898,-989898,-989898,-989898,-989898,-989898,176301,161352,192634,-989898,-989898,-989898,-989898,-989898,-989898,NuSEDS_20250221,20251112
Central Coast,Coho,1973,162348,149700,-9.1,-989898,-989898,-989898,-989898,-989898,-989898,175555,160972,191459,-989898,-989898,-989898,-989898,-989898,-989898,NuSEDS_20250221,20251112
Central Coast,Coho,1974,116288,131772,-20,-989898,-989898,-989898,-989898,-989898,-989898,174812,160577,190309,-989898,-989898,-989898,-989898,-989898,-989898,NuSEDS_20250221,20251112
Central Coast,Coho,1975,87019,122056,-25.9,-989898,-989898,-989898,-989898,-989898,-989898,174073,160167,189186,-989898,-989898,-989898,-989898,-989898,-989898,NuSEDS_20250221,20251112
Central Coast,Coho,1976,239249,140803,-14.5,-989898,-989898,-989898,-989898,-989898,-989898,173337,159740,188090,-989898,-989898,-989898,-989898,-989898,-989898,NuSEDS_20250221,20251112
Central Coast,Coho,1977,127998,132678,-19.5,-989898,-989898,-989898,-989898,-989898,-989898,172603,159296,187022,-989898,-989898,-989898,-989898,-989898,-989898,NuSEDS_20250221,20251112
Central Coast,Coho,1978,112117,131472,-20.2,-989898,-989898,-989898,-989898,-989898,-989898,171873,158834,185983,-989898,-989898,-989898,-989898,-989898,-989898,NuSEDS_20250221,20251112
Central Coast,Coho,1979,127759,144720,-12.1,-989898,-989898,-989898,-989898,-989898,-989898,171146,158353,184974,-989898,-989898,-989898,-989898,-989898,-989898,NuSEDS_20250221,20251112
Central Coast,Coho,1980,77050,109021,-33.8,-989898,-989898,-989898,-989898,-989898,-989898,170422,157851,183995,-989898,-989898,-989898,-989898,-989898,-989898,NuSEDS_20250221,20251112
Central Coast,Coho,1981,82923,97809,-40.6,-989898,-989898,-989898,-989898,-989898,-989898,169701,157330,183046,-989898,-989898,-989898,-989898,-989898,-989898,NuSEDS_20250221,20251112
Central Coast,Coho,1982,74358,88266,-46.4,-989898,-989898,-989898,-989898,-989898,-989898,168984,156787,182130,-989898,-989898,-989898,-989898,-989898,-989898,NuSEDS_20250221,20251112
Central Coast,Coho,1983,135277,89536,-45.6,-989898,-989898,-989898,-989898,-989898,-989898,168269,156222,181245,-989898,-989898,-989898,-989898,-989898,-989898,NuSEDS_20250221,20251112
Central Coast,Coho,1984,223340,116828,-29.1,-989898,-989898,-989898,-989898,-989898,-989898,167557,155635,180392,-989898,-989898,-989898,-989898,-989898,-989898,NuSEDS_20250221,20251112
Central Coast,Coho,1985,114526,126650,-23.1,-989898,-989898,-989898,-989898,-989898,-989898,166848,155027,179571,-989898,-989898,-989898,-989898,-989898,-989898,NuSEDS_20250221,20251112
Central Coast,Coho,1986,232771,168463,2.3,-989898,-989898,-989898,-989898,-989898,-989898,166143,154396,178783,-989898,-989898,-989898,-989898,-989898,-989898,NuSEDS_20250221,20251112
Central Coast,Coho,1987,78492,147030,-10.7,-989898,-989898,-989898,-989898,-989898,-989898,165440,153743,178027,-989898,-989898,-989898,-989898,-989898,-989898,NuSEDS_20250221,20251112
Central Coast,Coho,1988,134730,129578,-21.3,-989898,-989898,-989898,-989898,-989898,-989898,164740,153068,177302,-989898,-989898,-989898,-989898,-989898,-989898,NuSEDS_20250221,20251112
Central Coast,Coho,1989,72014,115388,-30,-989898,-989898,-989898,-989898,-989898,-989898,164043,152372,176609,-989898,-989898,-989898,-989898,-989898,-989898,NuSEDS_20250221,20251112
Central Coast,Coho,1990,156894,104551,-36.5,-989898,-989898,-989898,-989898,-989898,-989898,163349,151655,175946,-989898,-989898,-989898,-989898,-989898,-989898,NuSEDS_20250221,20251112
Central Coast,Coho,1991,158930,124716,-24.3,-989898,-989898,-989898,-989898,-989898,-989898,162658,150918,175312,-989898,-989898,-989898,-989898,-989898,-989898,NuSEDS_20250221,20251112
Central Coast,Coho,1992,118613,120806,-26.7,-989898,-989898,-989898,-989898,-989898,-989898,161970,150162,174707,-989898,-989898,-989898,-989898,-989898,-989898,NuSEDS_20250221,20251112
Central Coast,Coho,1993,113266,135289,-17.9,-989898,-989898,-989898,-989898,-989898,-989898,161285,149388,174130,-989898,-989898,-989898,-989898,-989898,-989898,NuSEDS_20250221,20251112
Central Coast,Coho,1994,146312,132947,-19.3,-989898,-989898,-989898,-989898,-989898,-989898,160603,148597,173578,-989898,-989898,-989898,-989898,-989898,-989898,NuSEDS_20250221,20251112
Central Coast,Coho,1995,183152,137747,-16.4,-989898,-989898,-989898,-989898,-989898,-989898,159923,147791,173052,-989898,-989898,-989898,-989898,-989898,-989898,NuSEDS_20250221,20251112
Central Coast,Coho,1996,87271,127575,-22.6,-989898,-989898,-989898,-989898,-989898,-989898,159247,146970,172550,-989898,-989898,-989898,-989898,-989898,-989898,NuSEDS_20250221,20251112
Central Coast,Coho,1997,74822,115013,-30.2,-989898,-989898,-989898,-989898,-989898,-989898,158573,146135,172070,-989898,-989898,-989898,-989898,-989898,-989898,NuSEDS_20250221,20251112
Central Coast,Coho,1998,383289,146322,-11.2,-989898,-989898,-989898,-989898,-989898,-989898,157903,145289,171612,-989898,-989898,-989898,-989898,-989898,-989898,NuSEDS_20250221,20251112
Central Coast,Coho,1999,201556,149867,-9,-989898,-989898,-989898,-989898,-989898,-989898,157235,144431,171173,-989898,-989898,-989898,-989898,-989898,-989898,NuSEDS_20250221,20251112
Central Coast,Coho,2000,177683,179019,8.7,-989898,-989898,-989898,-989898,-989898,-989898,156570,143564,170754,-989898,-989898,-989898,-989898,-989898,-989898,NuSEDS_20250221,20251112
Central Coast,Coho,2001,446619,279818,69.9,-989898,-989898,-989898,-989898,-989898,-989898,155907,142688,170352,-989898,-989898,-989898,-989898,-989898,-989898,NuSEDS_20250221,20251112
Central Coast,Coho,2002,281652,259073,57.3,-989898,-989898,-989898,-989898,-989898,-989898,155248,141804,169966,-989898,-989898,-989898,-989898,-989898,-989898,NuSEDS_20250221,20251112
Central Coast,Coho,2003,282184,281810,71.1,-989898,-989898,-989898,-989898,-989898,-989898,154591,140914,169595,-989898,-989898,-989898,-989898,-989898,-989898,NuSEDS_20250221,20251112
Central Coast,Coho,2004,257629,309239,87.7,-989898,-989898,-989898,-989898,-989898,-989898,153937,140019,169239,-989898,-989898,-989898,-989898,-989898,-989898,NuSEDS_20250221,20251112
Central Coast,Coho,2005,207840,255413,55,-989898,-989898,-989898,-989898,-989898,-989898,153286,139118,168897,-989898,-989898,-989898,-989898,-989898,-989898,NuSEDS_20250221,20251112
Central Coast,Coho,2006,128410,209877,27.4,-989898,-989898,-989898,-989898,-989898,-989898,152638,138214,168566,-989898,-989898,-989898,-989898,-989898,-989898,NuSEDS_20250221,20251112
Central Coast,Coho,2007,126836,171847,4.3,-989898,-989898,-989898,-989898,-989898,-989898,151992,137307,168247,-989898,-989898,-989898,-989898,-989898,-989898,NuSEDS_20250221,20251112
Central Coast,Coho,2008,110388,139035,-15.6,-989898,-989898,-989898,-989898,-989898,-989898,151349,136398,167939,-989898,-989898,-989898,-989898,-989898,-989898,NuSEDS_20250221,20251112
Central Coast,Coho,2009,367666,160345,-2.7,-989898,-989898,-989898,-989898,-989898,-989898,150709,135487,167641,-989898,-989898,-989898,-989898,-989898,-989898,NuSEDS_20250221,20251112
Central Coast,Coho,2010,172995,172748,4.9,-989898,-989898,-989898,-989898,-989898,-989898,150071,134575,167352,-989898,-989898,-989898,-989898,-989898,-989898,NuSEDS_20250221,20251112
Central Coast,Coho,2011,210209,196004,19,-989898,-989898,-989898,-989898,-989898,-989898,149437,133663,167072,-989898,-989898,-989898,-989898,-989898,-989898,NuSEDS_20250221,20251112
Central Coast,Coho,2012,155335,213478,29.6,-989898,-989898,-989898,209082,180597,242060,148805,132751,166800,-989898,-989898,-989898,-989898,-989898,-989898,NuSEDS_20250221,20251112
Central Coast,Coho,2013,172374,176647,7.2,-989898,-989898,-989898,197025,173367,223911,148175,131839,166535,-989898,-989898,-989898,-989898,-989898,-989898,NuSEDS_20250221,20251112
Central Coast,Coho,2014,189035,180607,9.6,-989898,-989898,-989898,185663,166178,207434,147548,130928,166278,-989898,-989898,-989898,-989898,-989898,-989898,NuSEDS_20250221,20251112
Central Coast,Coho,2015,198748,178093,8.1,-989898,-989898,-989898,174957,158921,192611,146924,130019,166027,-989898,-989898,-989898,-989898,-989898,-989898,NuSEDS_20250221,20251112
Central Coast,Coho,2016,192599,187929,14.1,-989898,-989898,-989898,164868,151450,179475,146303,129112,165782,-989898,-989898,-989898,-989898,-989898,-989898,NuSEDS_20250221,20251112
Central Coast,Coho,2017,156579,183467,11.4,-989898,-989898,-989898,155361,143607,168077,145684,128207,165543,-989898,-989898,-989898,-989898,-989898,-989898,NuSEDS_20250221,20251112
Central Coast,Coho,2018,106983,159130,-3.4,-989898,-989898,-989898,146402,135325,158384,145068,127304,165309,-989898,-989898,-989898,-989898,-989898,-989898,NuSEDS_20250221,20251112
Central Coast,Coho,2019,74807,124641,-24.3,-989898,-989898,-989898,137959,126731,150182,144454,126405,165081,-989898,-989898,-989898,-989898,-989898,-989898,NuSEDS_20250221,20251112
Central Coast,Coho,2020,103069,106605,-35.3,-989898,-989898,-989898,130004,118088,143122,143843,125508,164857,-989898,-989898,-989898,-989898,-989898,-989898,NuSEDS_20250221,20251112
Central Coast,Coho,2021,143582,104321,-36.7,-989898,-989898,-989898,122507,109650,136872,143234,124614,164637,-989898,-989898,-989898,-989898,-989898,-989898,NuSEDS_20250221,20251112
Central Coast,Coho,2022,137318,111039,-32.6,-989898,-989898,-989898,115442,101581,131196,142629,123724,164422,-989898,-989898,-989898,-989898,-989898,-989898,NuSEDS_20250221,20251112
Central Coast,Coho,2023,164295,135175,-17.9,-989898,-989898,-989898,108785,93964,125944,142025,122838,164210,-989898,-989898,-989898,-989898,-989898,-989898,NuSEDS_20250221,20251112
Central Coast,Pink,1950,853625,853625,-60.3,-989898,-989898,-989898,-989898,-989898,-989898,1718331,1372066,2151982,-989898,-989898,-989898,-989898,-989898,-989898,NuSEDS_20250221,20251112
Central Coast,Pink,1951,2444835,1444636,-32.8,-989898,-989898,-989898,-989898,-989898,-989898,1728563,1386566,2154912,-989898,-989898,-989898,-989898,-989898,-989898,NuSEDS_20250221,20251112
Central Coast,Pink,1952,1713840,2046963,-4.8,-989898,-989898,-989898,-989898,-989898,-989898,1738856,1401173,2157921,-989898,-989898,-989898,-989898,-989898,-989898,NuSEDS_20250221,20251112
Central Coast,Pink,1953,967053,1287390,-40.1,-989898,-989898,-989898,-989898,-989898,-989898,1749210,1415882,2161011,-989898,-989898,-989898,-989898,-989898,-989898,NuSEDS_20250221,20251112
Central Coast,Pink,1954,877654,921270,-57.1,-989898,-989898,-989898,-989898,-989898,-989898,1759626,1430689,2164191,-989898,-989898,-989898,-989898,-989898,-989898,NuSEDS_20250221,20251112
Central Coast,Pink,1955,967897,921672,-57.1,-989898,-989898,-989898,-989898,-989898,-989898,1770104,1445592,2167464,-989898,-989898,-989898,-989898,-989898,-989898,NuSEDS_20250221,20251112
Central Coast,Pink,1956,1835761,1332977,-38,-989898,-989898,-989898,-989898,-989898,-989898,1780645,1460586,2170838,-989898,-989898,-989898,-989898,-989898,-989898,NuSEDS_20250221,20251112
Central Coast,Pink,1957,1394693,1600101,-25.5,-989898,-989898,-989898,-989898,-989898,-989898,1791248,1475666,2174319,-989898,-989898,-989898,-989898,-989898,-989898,NuSEDS_20250221,20251112
Central Coast,Pink,1958,867050,1099667,-48.8,-989898,-989898,-989898,-989898,-989898,-989898,1801914,1490826,2177916,-989898,-989898,-989898,-989898,-989898,-989898,NuSEDS_20250221,20251112
Central Coast,Pink,1959,1385441,1096014,-49,-989898,-989898,-989898,-989898,-989898,-989898,1812644,1506062,2181636,-989898,-989898,-989898,-989898,-989898,-989898,NuSEDS_20250221,20251112
Central Coast,Pink,1960,2824621,1978218,-7.9,-989898,-989898,-989898,-989898,-989898,-989898,1823438,1521365,2185488,-989898,-989898,-989898,-989898,-989898,-989898,NuSEDS_20250221,20251112
Central Coast,Pink,1961,3072186,2945804,37.1,-989898,-989898,-989898,-989898,-989898,-989898,1834296,1536730,2189481,-989898,-989898,-989898,-989898,-989898,-989898,NuSEDS_20250221,20251112
Central Coast,Pink,1962,8863465,5218258,142.8,-989898,-989898,-989898,-989898,-989898,-989898,1845218,1552147,2193627,-989898,-989898,-989898,-989898,-989898,-989898,NuSEDS_20250221,20251112
Central Coast,Pink,1963,3336732,5438291,153.1,-989898,-989898,-989898,-989898,-989898,-989898,1856206,1567608,2197936,-989898,-989898,-989898,-989898,-989898,-989898,NuSEDS_20250221,20251112
Central Coast,Pink,1964,2828318,3072025,42.9,-989898,-989898,-989898,-989898,-989898,-989898,1867259,1583103,2202420,-989898,-989898,-989898,-989898,-989898,-989898,NuSEDS_20250221,20251112
Central Coast,Pink,1965,1101943,1765402,-17.9,-989898,-989898,-989898,-989898,-989898,-989898,1878378,1598621,2207093,-989898,-989898,-989898,-989898,-989898,-989898,NuSEDS_20250221,20251112
Central Coast,Pink,1966,3104821,1849686,-13.9,-989898,-989898,-989898,-989898,-989898,-989898,1889563,1614150,2211969,-989898,-989898,-989898,-989898,-989898,-989898,NuSEDS_20250221,20251112
Central Coast,Pink,1967,420054,1142012,-46.9,-989898,-989898,-989898,-989898,-989898,-989898,1900815,1629678,2217063,-989898,-989898,-989898,-989898,-989898,-989898,NuSEDS_20250221,20251112
Central Coast,Pink,1968,4605990,1390958,-35.3,-989898,-989898,-989898,-989898,-989898,-989898,1912134,1645189,2222392,-989898,-989898,-989898,-989898,-989898,-989898,NuSEDS_20250221,20251112
Central Coast,Pink,1969,518250,1545009,-28.1,-989898,-989898,-989898,-989898,-989898,-989898,1923520,1660670,2227974,-989898,-989898,-989898,-989898,-989898,-989898,NuSEDS_20250221,20251112
Central Coast,Pink,1970,1966441,1009509,-53,-989898,-989898,-989898,-989898,-989898,-989898,1934974,1676103,2233827,-989898,-989898,-989898,-989898,-989898,-989898,NuSEDS_20250221,20251112
Central Coast,Pink,1971,1321517,1612044,-25,-989898,-989898,-989898,-989898,-989898,-989898,1946496,1691471,2239972,-989898,-989898,-989898,-989898,-989898,-989898,NuSEDS_20250221,20251112
Central Coast,Pink,1972,3395256,2118228,-1.4,-989898,-989898,-989898,-989898,-989898,-989898,1958087,1706754,2246431,-989898,-989898,-989898,-989898,-989898,-989898,NuSEDS_20250221,20251112
Central Coast,Pink,1973,775131,1622272,-24.5,-989898,-989898,-989898,-989898,-989898,-989898,1969747,1721932,2253227,-989898,-989898,-989898,-989898,-989898,-989898,NuSEDS_20250221,20251112
Central Coast,Pink,1974,2757161,1461903,-32,-989898,-989898,-989898,-989898,-989898,-989898,1981476,1736983,2260383,-989898,-989898,-989898,-989898,-989898,-989898,NuSEDS_20250221,20251112
Central Coast,Pink,1975,812589,1496810,-30.4,-989898,-989898,-989898,-989898,-989898,-989898,1993275,1751886,2267925,-989898,-989898,-989898,-989898,-989898,-989898,NuSEDS_20250221,20251112
Central Coast,Pink,1976,3294460,1636167,-23.9,-989898,-989898,-989898,-989898,-989898,-989898,2005144,1766615,2275880,-989898,-989898,-989898,-989898,-989898,-989898,NuSEDS_20250221,20251112
Central Coast,Pink,1977,1112028,1914036,-10.9,-989898,-989898,-989898,-989898,-989898,-989898,2017085,1781148,2284274,-989898,-989898,-989898,-989898,-989898,-989898,NuSEDS_20250221,20251112
Central Coast,Pink,1978,4380302,2207039,2.7,-989898,-989898,-989898,-989898,-989898,-989898,2029096,1795460,2293134,-989898,-989898,-989898,-989898,-989898,-989898,NuSEDS_20250221,20251112
Central Coast,Pink,1979,2655294,3410424,58.7,-989898,-989898,-989898,-989898,-989898,-989898,2041178,1809524,2302488,-989898,-989898,-989898,-989898,-989898,-989898,NuSEDS_20250221,20251112
Central Coast,Pink,1980,2698980,2677048,24.6,-989898,-989898,-989898,-989898,-989898,-989898,2053333,1823318,2312365,-989898,-989898,-989898,-989898,-989898,-989898,NuSEDS_20250221,20251112
Central Coast,Pink,1981,1891711,2259578,5.1,-989898,-989898,-989898,-989898,-989898,-989898,2065560,1836816,2322790,-989898,-989898,-989898,-989898,-989898,-989898,NuSEDS_20250221,20251112
Central Coast,Pink,1982,983193,1363788,-36.5,-989898,-989898,-989898,-989898,-989898,-989898,2077860,1849995,2333790,-989898,-989898,-989898,-989898,-989898,-989898,NuSEDS_20250221,20251112
Central Coast,Pink,1983,2869305,1679608,-21.8,-989898,-989898,-989898,-989898,-989898,-989898,2090233,1862835,2345389,-989898,-989898,-989898,-989898,-989898,-989898,NuSEDS_20250221,20251112
Central Coast,Pink,1984,2311425,2575303,19.8,-989898,-989898,-989898,-989898,-989898,-989898,2102679,1875314,2357610,-989898,-989898,-989898,-989898,-989898,-989898,NuSEDS_20250221,20251112
Central Coast,Pink,1985,5503285,3566571,66,-989898,-989898,-989898,-989898,-989898,-989898,2115200,1887417,2370473,-989898,-989898,-989898,-989898,-989898,-989898,NuSEDS_20250221,20251112
Central Coast,Pink,1986,6316032,5895670,174.3,-989898,-989898,-989898,-989898,-989898,-989898,2127795,1899128,2383996,-989898,-989898,-989898,-989898,-989898,-989898,NuSEDS_20250221,20251112
Central Coast,Pink,1987,1472718,3049875,41.9,-989898,-989898,-989898,-989898,-989898,-989898,2140466,1910437,2398192,-989898,-989898,-989898,-989898,-989898,-989898,NuSEDS_20250221,20251112
Central Coast,Pink,1988,5036464,2723471,26.7,-989898,-989898,-989898,-989898,-989898,-989898,2153212,1921335,2413072,-989898,-989898,-989898,-989898,-989898,-989898,NuSEDS_20250221,20251112
Central Coast,Pink,1989,1835946,3040835,41.5,-989898,-989898,-989898,-989898,-989898,-989898,2166033,1931818,2428646,-989898,-989898,-989898,-989898,-989898,-989898,NuSEDS_20250221,20251112
Central Coast,Pink,1990,4325455,2818031,31.1,-989898,-989898,-989898,-989898,-989898,-989898,2178931,1941884,2444916,-989898,-989898,-989898,-989898,-989898,-989898,NuSEDS_20250221,20251112
Central Coast,Pink,1991,4142720,4233102,97,-989898,-989898,-989898,-989898,-989898,-989898,2191906,1951535,2461884,-989898,-989898,-989898,-989898,-989898,-989898,NuSEDS_20250221,20251112
Central Coast,Pink,1992,5581997,4808810,123.8,-989898,-989898,-989898,-989898,-989898,-989898,2204958,1960777,2479548,-989898,-989898,-989898,-989898,-989898,-989898,NuSEDS_20250221,20251112
Central Coast,Pink,1993,2248120,3542456,64.8,-989898,-989898,-989898,-989898,-989898,-989898,2218088,1969617,2497904,-989898,-989898,-989898,-989898,-989898,-989898,NuSEDS_20250221,20251112
Central Coast,Pink,1994,1060707,1544214,-28.1,-989898,-989898,-989898,-989898,-989898,-989898,2231296,1978066,2516945,-989898,-989898,-989898,-989898,-989898,-989898,NuSEDS_20250221,20251112
Central Coast,Pink,1995,1901402,1420151,-33.9,-989898,-989898,-989898,-989898,-989898,-989898,2244583,1986135,2536662,-989898,-989898,-989898,-989898,-989898,-989898,NuSEDS_20250221,20251112
Central Coast,Pink,1996,4129300,2802045,30.4,-989898,-989898,-989898,-989898,-989898,-989898,2257949,1993839,2557043,-989898,-989898,-989898,-989898,-989898,-989898,NuSEDS_20250221,20251112
Central Coast,Pink,1997,2810583,3406720,58.5,-989898,-989898,-989898,-989898,-989898,-989898,2271394,2001192,2578079,-989898,-989898,-989898,-989898,-989898,-989898,NuSEDS_20250221,20251112
Central Coast,Pink,1998,1950927,2341632,9,-989898,-989898,-989898,-989898,-989898,-989898,2284920,2008211,2599755,-989898,-989898,-989898,-989898,-989898,-989898,NuSEDS_20250221,20251112
Central Coast,Pink,1999,2555562,2232871,3.9,-989898,-989898,-989898,-989898,-989898,-989898,2298526,2014912,2622060,-989898,-989898,-989898,-989898,-989898,-989898,NuSEDS_20250221,20251112
Central Coast,Pink,2000,4897998,3537957,64.6,-989898,-989898,-989898,-989898,-989898,-989898,2312213,2021311,2644979,-989898,-989898,-989898,-989898,-989898,-989898,NuSEDS_20250221,20251112
Central Coast,Pink,2001,7382295,6013191,179.8,-989898,-989898,-989898,-989898,-989898,-989898,2325981,2027426,2668501,-989898,-989898,-989898,-989898,-989898,-989898,NuSEDS_20250221,20251112
Central Coast,Pink,2002,5025282,6090822,183.4,-989898,-989898,-989898,-989898,-989898,-989898,2339832,2033272,2692612,-989898,-989898,-989898,-989898,-989898,-989898,NuSEDS_20250221,20251112
Central Coast,Pink,2003,5015434,5020356,133.6,-989898,-989898,-989898,-989898,-989898,-989898,2353765,2038866,2717299,-989898,-989898,-989898,-989898,-989898,-989898,NuSEDS_20250221,20251112
Central Coast,Pink,2004,2380838,3455566,60.8,-989898,-989898,-989898,-989898,-989898,-989898,2367781,2044222,2742552,-989898,-989898,-989898,-989898,-989898,-989898,NuSEDS_20250221,20251112
Central Coast,Pink,2005,4355494,3220205,49.8,-989898,-989898,-989898,-989898,-989898,-989898,2381880,2049356,2768358,-989898,-989898,-989898,-989898,-989898,-989898,NuSEDS_20250221,20251112
Central Coast,Pink,2006,804677,1872101,-12.9,-989898,-989898,-989898,-989898,-989898,-989898,2396063,2054282,2794708,-989898,-989898,-989898,-989898,-989898,-989898,NuSEDS_20250221,20251112
Central Coast,Pink,2007,3642968,1712136,-20.3,-989898,-989898,-989898,-989898,-989898,-989898,2410331,2059013,2821593,-989898,-989898,-989898,-989898,-989898,-989898,NuSEDS_20250221,20251112
Central Coast,Pink,2008,840314,1749639,-18.6,-989898,-989898,-989898,-989898,-989898,-989898,2424684,2063562,2849002,-989898,-989898,-989898,-989898,-989898,-989898,NuSEDS_20250221,20251112
Central Coast,Pink,2009,5902549,2227104,3.6,-989898,-989898,-989898,-989898,-989898,-989898,2439122,2067940,2876929,-989898,-989898,-989898,-989898,-989898,-989898,NuSEDS_20250221,20251112
Central Coast,Pink,2010,744491,2096281,-2.5,-989898,-989898,-989898,-989898,-989898,-989898,2453646,2072160,2905365,-989898,-989898,-989898,-989898,-989898,-989898,NuSEDS_20250221,20251112
Central Coast,Pink,2011,1828044,1166603,-45.7,-989898,-989898,-989898,-989898,-989898,-989898,2468257,2076230,2934306,-989898,-989898,-989898,-989898,-989898,-989898,NuSEDS_20250221,20251112
Central Coast,Pink,2012,2201082,2005910,-6.7,-989898,-989898,-989898,-989898,-989898,-989898,2482955,2080161,2963744,-989898,-989898,-989898,-989898,-989898,-989898,NuSEDS_20250221,20251112
Central Coast,Pink,2013,5951545,3619370,68.4,-989898,-989898,-989898,-989898,-989898,-989898,2497740,2083962,2993675,-989898,-989898,-989898,-989898,-989898,-989898,NuSEDS_20250221,20251112
Central Coast,Pink,2014,3058403,4266406,98.5,-989898,-989898,-989898,-989898,-989898,-989898,2512613,2087642,3024095,-989898,-989898,-989898,-989898,-989898,-989898,NuSEDS_20250221,20251112
Central Coast,Pink,2015,984112,1734881,-19.3,-989898,-989898,-989898,-989898,-989898,-989898,2527575,2091207,3054999,-989898,-989898,-989898,-989898,-989898,-989898,NuSEDS_20250221,20251112
Central Coast,Pink,2016,3138635,1757489,-18.2,-989898,-989898,-989898,-989898,-989898,-989898,2542626,2094666,3086386,-989898,-989898,-989898,-989898,-989898,-989898,NuSEDS_20250221,20251112
Central Coast,Pink,2017,2229929,2645550,23.1,-989898,-989898,-989898,-989898,-989898,-989898,2557767,2098026,3118251,-989898,-989898,-989898,-989898,-989898,-989898,NuSEDS_20250221,20251112
Central Coast,Pink,2018,429055,978142,-54.5,-989898,-989898,-989898,1011191,459572,2224916,2572997,2101291,3150594,-989898,-989898,-989898,-989898,-989898,-989898,NuSEDS_20250221,20251112
Central Coast,Pink,2019,973705,646354,-69.9,-989898,-989898,-989898,1187213,656764,2146091,2588319,2104470,3183412,-989898,-989898,-989898,-989898,-989898,-989898,NuSEDS_20250221,20251112
Central Coast,Pink,2020,5004833,2207540,2.7,-989898,-989898,-989898,1393875,876859,2215735,2603731,2107566,3216705,-989898,-989898,-989898,-989898,-989898,-989898,NuSEDS_20250221,20251112
Central Coast,Pink,2021,2220086,3333341,55.1,-989898,-989898,-989898,1636512,1029497,2601436,2619236,2110584,3250472,-989898,-989898,-989898,-989898,-989898,-989898,NuSEDS_20250221,20251112
Central Coast,Pink,2022,1105835,1566860,-27.1,-989898,-989898,-989898,1921385,1062906,3473232,2634833,2113531,3284713,-989898,-989898,-989898,-989898,-989898,-989898,NuSEDS_20250221,20251112
Central Coast,Pink,2023,2397654,1628315,-24.2,-989898,-989898,-989898,2255847,1025249,4963520,2650522,2116409,3319429,-989898,-989898,-989898,-989898,-989898,-989898,NuSEDS_20250221,20251112
Central Coast,Sockeye,1950,847372,847372,109.1,-989898,-989898,-989898,-989898,-989898,-989898,763756,652200,894392,-989898,-989898,-989898,-989898,-989898,-989898,NuSEDS_20250221,20251112
Central Coast,Sockeye,1951,666489,751508,85.5,-989898,-989898,-989898,-989898,-989898,-989898,751241,643576,876917,-989898,-989898,-989898,-989898,-989898,-989898,NuSEDS_20250221,20251112
Central Coast,Sockeye,1952,968840,817912,101.9,-989898,-989898,-989898,-989898,-989898,-989898,738931,635051,859803,-989898,-989898,-989898,-989898,-989898,-989898,NuSEDS_20250221,20251112
Central Coast,Sockeye,1953,823402,819281,102.2,-989898,-989898,-989898,-989898,-989898,-989898,726823,626623,843045,-989898,-989898,-989898,-989898,-989898,-989898,NuSEDS_20250221,20251112
Central Coast,Sockeye,1954,488100,738666,82.3,-989898,-989898,-989898,-989898,-989898,-989898,714914,618291,826636,-989898,-989898,-989898,-989898,-989898,-989898,NuSEDS_20250221,20251112
Central Coast,Sockeye,1955,606090,690781,70.5,-989898,-989898,-989898,-989898,-989898,-989898,703199,610051,810570,-989898,-989898,-989898,-989898,-989898,-989898,NuSEDS_20250221,20251112
Central Coast,Sockeye,1956,591637,674517,66.5,-989898,-989898,-989898,-989898,-989898,-989898,691677,601902,794841,-989898,-989898,-989898,-989898,-989898,-989898,NuSEDS_20250221,20251112
Central Coast,Sockeye,1957,575312,607748,50,-989898,-989898,-989898,-989898,-989898,-989898,680343,593843,779443,-989898,-989898,-989898,-989898,-989898,-989898,NuSEDS_20250221,20251112
Central Coast,Sockeye,1958,388252,522906,29.1,-989898,-989898,-989898,-989898,-989898,-989898,669195,585871,764370,-989898,-989898,-989898,-989898,-989898,-989898,NuSEDS_20250221,20251112
Central Coast,Sockeye,1959,738324,568030,40.2,-989898,-989898,-989898,-989898,-989898,-989898,658230,577984,749616,-989898,-989898,-989898,-989898,-989898,-989898,NuSEDS_20250221,20251112
Central Coast,Sockeye,1960,230223,468051,15.5,-989898,-989898,-989898,-989898,-989898,-989898,647444,570180,735178,-989898,-989898,-989898,-989898,-989898,-989898,NuSEDS_20250221,20251112
Central Coast,Sockeye,1961,302146,409191,1,-989898,-989898,-989898,-989898,-989898,-989898,636835,562458,721048,-989898,-989898,-989898,-989898,-989898,-989898,NuSEDS_20250221,20251112
Central Coast,Sockeye,1962,713306,427169,5.4,-989898,-989898,-989898,-989898,-989898,-989898,626400,554814,707223,-989898,-989898,-989898,-989898,-989898,-989898,NuSEDS_20250221,20251112
Central Coast,Sockeye,1963,1307645,544597,34.4,-989898,-989898,-989898,-989898,-989898,-989898,616136,547247,693697,-989898,-989898,-989898,-989898,-989898,-989898,NuSEDS_20250221,20251112
Central Coast,Sockeye,1964,746446,545790,34.7,-989898,-989898,-989898,-989898,-989898,-989898,606040,539754,680466,-989898,-989898,-989898,-989898,-989898,-989898,NuSEDS_20250221,20251112
Central Coast,Sockeye,1965,184181,521969,28.8,-989898,-989898,-989898,-989898,-989898,-989898,596110,532334,667526,-989898,-989898,-989898,-989898,-989898,-989898,NuSEDS_20250221,20251112
Central Coast,Sockeye,1966,372062,544158,34.3,-989898,-989898,-989898,-989898,-989898,-989898,586342,524983,654871,-989898,-989898,-989898,-989898,-989898,-989898,NuSEDS_20250221,20251112
Central Coast,Sockeye,1967,475922,501853,23.9,-989898,-989898,-989898,-989898,-989898,-989898,576734,517700,642499,-989898,-989898,-989898,-989898,-989898,-989898,NuSEDS_20250221,20251112
Central Coast,Sockeye,1968,984302,474138,17,-989898,-989898,-989898,-989898,-989898,-989898,567284,510483,630405,-989898,-989898,-989898,-989898,-989898,-989898,NuSEDS_20250221,20251112
Central Coast,Sockeye,1969,337988,404655,-0.1,-989898,-989898,-989898,-989898,-989898,-989898,557988,503327,618586,-989898,-989898,-989898,-989898,-989898,-989898,NuSEDS_20250221,20251112
Central Coast,Sockeye,1970,269859,436781,7.8,-989898,-989898,-989898,-989898,-989898,-989898,548845,496232,607037,-989898,-989898,-989898,-989898,-989898,-989898,NuSEDS_20250221,20251112
Central Coast,Sockeye,1971,560677,474115,17,-989898,-989898,-989898,-989898,-989898,-989898,539852,489195,595755,-989898,-989898,-989898,-989898,-989898,-989898,NuSEDS_20250221,20251112
Central Coast,Sockeye,1972,306731,434238,7.2,-989898,-989898,-989898,-989898,-989898,-989898,531006,482212,584737,-989898,-989898,-989898,-989898,-989898,-989898,NuSEDS_20250221,20251112
Central Coast,Sockeye,1973,1475592,470863,16.2,-989898,-989898,-989898,-989898,-989898,-989898,522305,475282,573980,-989898,-989898,-989898,-989898,-989898,-989898,NuSEDS_20250221,20251112
Central Coast,Sockeye,1974,720167,547774,35.2,-989898,-989898,-989898,-989898,-989898,-989898,513747,468403,563480,-989898,-989898,-989898,-989898,-989898,-989898,NuSEDS_20250221,20251112
Central Coast,Sockeye,1975,565282,635078,56.7,-989898,-989898,-989898,-989898,-989898,-989898,505329,461571,553235,-989898,-989898,-989898,-989898,-989898,-989898,NuSEDS_20250221,20251112
Central Coast,Sockeye,1976,383963,588765,45.3,-989898,-989898,-989898,-989898,-989898,-989898,497048,454784,543240,-989898,-989898,-989898,-989898,-989898,-989898,NuSEDS_20250221,20251112
Central Coast,Sockeye,1977,461153,638793,57.7,-989898,-989898,-989898,-989898,-989898,-989898,488904,448041,533494,-989898,-989898,-989898,-989898,-989898,-989898,NuSEDS_20250221,20251112
Central Coast,Sockeye,1978,516409,517804,27.8,-989898,-989898,-989898,-989898,-989898,-989898,480893,441338,523992,-989898,-989898,-989898,-989898,-989898,-989898,NuSEDS_20250221,20251112
Central Coast,Sockeye,1979,317555,439585,8.5,-989898,-989898,-989898,-989898,-989898,-989898,473013,434675,514732,-989898,-989898,-989898,-989898,-989898,-989898,NuSEDS_20250221,20251112
Central Coast,Sockeye,1980,497291,428461,5.7,-989898,-989898,-989898,-989898,-989898,-989898,465262,428050,505709,-989898,-989898,-989898,-989898,-989898,-989898,NuSEDS_20250221,20251112
Central Coast,Sockeye,1981,833308,500282,23.5,-989898,-989898,-989898,-989898,-989898,-989898,457638,421461,496921,-989898,-989898,-989898,-989898,-989898,-989898,NuSEDS_20250221,20251112
Central Coast,Sockeye,1982,1087602,593936,46.6,-989898,-989898,-989898,-989898,-989898,-989898,450140,414908,488363,-989898,-989898,-989898,-989898,-989898,-989898,NuSEDS_20250221,20251112
Central Coast,Sockeye,1983,778418,644739,59.1,-989898,-989898,-989898,-989898,-989898,-989898,442764,408390,480031,-989898,-989898,-989898,-989898,-989898,-989898,NuSEDS_20250221,20251112
Central Coast,Sockeye,1984,444466,689585,70.2,-989898,-989898,-989898,-989898,-989898,-989898,435509,401907,471920,-989898,-989898,-989898,-989898,-989898,-989898,NuSEDS_20250221,20251112
Central Coast,Sockeye,1985,1031966,797992,96.9,-989898,-989898,-989898,-989898,-989898,-989898,428373,395459,464025,-989898,-989898,-989898,-989898,-989898,-989898,NuSEDS_20250221,20251112
Central Coast,Sockeye,1986,832554,797848,96.9,-989898,-989898,-989898,-989898,-989898,-989898,421353,389047,456342,-989898,-989898,-989898,-989898,-989898,-989898,NuSEDS_20250221,20251112
Central Coast,Sockeye,1987,826130,755154,86.4,-989898,-989898,-989898,-989898,-989898,-989898,414449,382672,448865,-989898,-989898,-989898,-989898,-989898,-989898,NuSEDS_20250221,20251112
Central Coast,Sockeye,1988,756087,750771,85.3,-989898,-989898,-989898,-989898,-989898,-989898,407658,376336,441587,-989898,-989898,-989898,-989898,-989898,-989898,NuSEDS_20250221,20251112
Central Coast,Sockeye,1989,483943,763657,88.5,-989898,-989898,-989898,-989898,-989898,-989898,400978,370041,434502,-989898,-989898,-989898,-989898,-989898,-989898,NuSEDS_20250221,20251112
Central Coast,Sockeye,1990,555749,674747,66.5,-989898,-989898,-989898,-989898,-989898,-989898,394408,363788,427605,-989898,-989898,-989898,-989898,-989898,-989898,NuSEDS_20250221,20251112
Central Coast,Sockeye,1991,802334,669776,65.3,-989898,-989898,-989898,-989898,-989898,-989898,387945,357582,420887,-989898,-989898,-989898,-989898,-989898,-989898,NuSEDS_20250221,20251112
Central Coast,Sockeye,1992,745150,656098,61.9,-989898,-989898,-989898,-989898,-989898,-989898,381588,351423,414343,-989898,-989898,-989898,-989898,-989898,-989898,NuSEDS_20250221,20251112
Central Coast,Sockeye,1993,626939,631974,56,-989898,-989898,-989898,-989898,-989898,-989898,375336,345316,407965,-989898,-989898,-989898,-989898,-989898,-989898,NuSEDS_20250221,20251112
Central Coast,Sockeye,1994,318158,581124,43.4,-989898,-989898,-989898,-989898,-989898,-989898,369185,339263,401747,-989898,-989898,-989898,-989898,-989898,-989898,NuSEDS_20250221,20251112
Central Coast,Sockeye,1995,317102,519437,28.2,-989898,-989898,-989898,-989898,-989898,-989898,363136,333267,395682,-989898,-989898,-989898,-989898,-989898,-989898,NuSEDS_20250221,20251112
Central Coast,Sockeye,1996,273658,418894,3.4,-989898,-989898,-989898,-989898,-989898,-989898,357186,327332,389763,-989898,-989898,-989898,-989898,-989898,-989898,NuSEDS_20250221,20251112
Central Coast,Sockeye,1997,333080,356586,-12,-989898,-989898,-989898,-989898,-989898,-989898,351333,321459,383983,-989898,-989898,-989898,-989898,-989898,-989898,NuSEDS_20250221,20251112
Central Coast,Sockeye,1998,263801,299899,-26,-989898,-989898,-989898,-989898,-989898,-989898,345576,315652,378337,-989898,-989898,-989898,-989898,-989898,-989898,NuSEDS_20250221,20251112
Central Coast,Sockeye,1999,84597,230100,-43.2,-989898,-989898,-989898,-989898,-989898,-989898,339914,309912,372819,-989898,-989898,-989898,-989898,-989898,-989898,NuSEDS_20250221,20251112
Central Coast,Sockeye,2000,78727,174142,-57,-989898,-989898,-989898,-989898,-989898,-989898,334344,304243,367423,-989898,-989898,-989898,-989898,-989898,-989898,NuSEDS_20250221,20251112
Central Coast,Sockeye,2001,132583,150646,-62.8,-989898,-989898,-989898,-989898,-989898,-989898,328865,298646,362142,-989898,-989898,-989898,-989898,-989898,-989898,NuSEDS_20250221,20251112
Central Coast,Sockeye,2002,376611,154393,-61.9,-989898,-989898,-989898,-989898,-989898,-989898,323477,293123,356973,-989898,-989898,-989898,-989898,-989898,-989898,NuSEDS_20250221,20251112
Central Coast,Sockeye,2003,549614,178807,-55.9,-989898,-989898,-989898,-989898,-989898,-989898,318176,287675,351911,-989898,-989898,-989898,-989898,-989898,-989898,NuSEDS_20250221,20251112
Central Coast,Sockeye,2004,190766,210384,-48.1,-989898,-989898,-989898,-989898,-989898,-989898,312963,282304,346950,-989898,-989898,-989898,-989898,-989898,-989898,NuSEDS_20250221,20251112
Central Coast,Sockeye,2005,193188,251758,-37.9,-989898,-989898,-989898,-989898,-989898,-989898,307834,277011,342087,-989898,-989898,-989898,-989898,-989898,-989898,NuSEDS_20250221,20251112
Central Coast,Sockeye,2006,205750,274887,-32.2,-989898,-989898,-989898,-989898,-989898,-989898,302790,271797,337318,-989898,-989898,-989898,-989898,-989898,-989898,NuSEDS_20250221,20251112
Central Coast,Sockeye,2007,156171,230513,-43.1,-989898,-989898,-989898,-989898,-989898,-989898,297829,266662,332638,-989898,-989898,-989898,-989898,-989898,-989898,NuSEDS_20250221,20251112
Central Coast,Sockeye,2008,128631,172406,-57.5,-989898,-989898,-989898,-989898,-989898,-989898,292949,261607,328045,-989898,-989898,-989898,-989898,-989898,-989898,NuSEDS_20250221,20251112
Central Coast,Sockeye,2009,132195,160212,-60.5,-989898,-989898,-989898,212913,169189,267937,288148,256632,323535,-989898,-989898,-989898,-989898,-989898,-989898,NuSEDS_20250221,20251112
Central Coast,Sockeye,2010,189569,159608,-60.6,-989898,-989898,-989898,218146,177426,268211,283427,251737,319106,-989898,-989898,-989898,-989898,-989898,-989898,NuSEDS_20250221,20251112
Central Coast,Sockeye,2011,653398,201104,-50.4,-989898,-989898,-989898,223507,185821,268835,278783,246923,314753,-989898,-989898,-989898,-989898,-989898,-989898,NuSEDS_20250221,20251112
Central Coast,Sockeye,2012,204039,212150,-47.6,-989898,-989898,-989898,229000,194259,269954,274215,242188,310476,-989898,-989898,-989898,-989898,-989898,-989898,NuSEDS_20250221,20251112
Central Coast,Sockeye,2013,373119,262509,-35.2,-989898,-989898,-989898,234627,202556,271777,269721,237534,306271,-989898,-989898,-989898,-989898,-989898,-989898,NuSEDS_20250221,20251112
Central Coast,Sockeye,2014,324376,314131,-22.5,-989898,-989898,-989898,240394,210448,274601,265302,232958,302136,-989898,-989898,-989898,-989898,-989898,-989898,NuSEDS_20250221,20251112
Central Coast,Sockeye,2015,352094,355541,-12.3,-989898,-989898,-989898,246301,217594,278796,260955,228462,298068,-989898,-989898,-989898,-989898,-989898,-989898,NuSEDS_20250221,20251112
Central Coast,Sockeye,2016,461750,331692,-18.1,-989898,-989898,-989898,252354,223655,284737,256679,224044,294067,-989898,-989898,-989898,-989898,-989898,-989898,NuSEDS_20250221,20251112
Central Coast,Sockeye,2017,205734,332241,-18,-989898,-989898,-989898,258556,228421,292668,252473,219704,290129,-989898,-989898,-989898,-989898,-989898,-989898,NuSEDS_20250221,20251112
Central Coast,Sockeye,2018,364605,330711,-18.4,-989898,-989898,-989898,264910,231911,302606,248336,215440,286254,-989898,-989898,-989898,-989898,-989898,-989898,NuSEDS_20250221,20251112
Central Coast,Sockeye,2019,112583,267629,-34,-989898,-989898,-989898,271421,234320,314396,244267,211253,282439,-989898,-989898,-989898,-989898,-989898,-989898,NuSEDS_20250221,20251112
Central Coast,Sockeye,2020,250618,250037,-38.3,-989898,-989898,-989898,278091,235903,327825,240264,207141,278683,-989898,-989898,-989898,-989898,-989898,-989898,NuSEDS_20250221,20251112
Central Coast,Sockeye,2021,413988,244636,-39.6,-989898,-989898,-989898,284925,236884,342710,236327,203104,274985,-989898,-989898,-989898,-989898,-989898,-989898,NuSEDS_20250221,20251112
Central Coast,Sockeye,2022,220192,247982,-38.8,-989898,-989898,-989898,291928,237436,358926,232455,199140,271342,-989898,-989898,-989898,-989898,-989898,-989898,NuSEDS_20250221,20251112
Central Coast,Sockeye,2023,231843,226513,-44.1,-989898,-989898,-989898,299102,237678,376400,228646,195249,267754,-989898,-989898,-989898,-989898,-989898,-989898,NuSEDS_20250221,20251112
Columbia,Chinook,2006,34,34,49.7,-989898,-989898,-989898,-989898,-989898,-989898,13,9,19,-989898,-989898,-989898,-989898,-989898,-989898,DFO_20250318,20251112
Columbia,Chinook,2007,7,15,-32.1,-989898,-989898,-989898,-989898,-989898,-989898,14,9,19,-989898,-989898,-989898,-989898,-989898,-989898,DFO_20250318,20251112
Columbia,Chinook,2008,14,15,-34.2,-989898,-989898,-989898,-989898,-989898,-989898,14,10,20,-989898,-989898,-989898,-989898,-989898,-989898,DFO_20250318,20251112
Columbia,Chinook,2009,6,12,-47.6,-989898,-989898,-989898,11,8,15,15,11,21,-989898,-989898,-989898,-989898,-989898,-989898,DFO_20250318,20251112
Columbia,Chinook,2010,5,10,-55.9,-989898,-989898,-989898,12,9,16,16,12,21,-989898,-989898,-989898,-989898,-989898,-989898,DFO_20250318,20251112
Columbia,Chinook,2011,21,9,-60,-989898,-989898,-989898,13,10,17,17,14,22,-989898,-989898,-989898,-989898,-989898,-989898,DFO_20250318,20251112
Columbia,Chinook,2012,11,10,-56.2,-989898,-989898,-989898,15,11,19,19,15,23,-989898,-989898,-989898,-989898,-989898,-989898,DFO_20250318,20251112
Columbia,Chinook,2013,40,12,-46,-989898,-989898,-989898,16,13,20,20,16,24,-989898,-989898,-989898,-989898,-989898,-989898,DFO_20250318,20251112
Columbia,Chinook,2014,53,19,-16.5,-989898,-989898,-989898,18,15,22,21,17,26,-989898,-989898,-989898,-989898,-989898,-989898,DFO_20250318,20251112
Columbia,Chinook,2015,61,31,37.6,-989898,-989898,-989898,20,17,24,22,18,28,-989898,-989898,-989898,-989898,-989898,-989898,DFO_20250318,20251112
Columbia,Chinook,2016,40,36,56.6,-989898,-989898,-989898,22,18,26,24,19,30,-989898,-989898,-989898,-989898,-989898,-989898,DFO_20250318,20251112
Columbia,Chinook,2017,55,49,116,-989898,-989898,-989898,25,20,30,25,20,32,-989898,-989898,-989898,-989898,-989898,-989898,DFO_20250318,20251112
Columbia,Chinook,2018,10,37,63.7,-989898,-989898,-989898,27,22,33,27,21,35,-989898,-989898,-989898,-989898,-989898,-989898,DFO_20250318,20251112
Columbia,Chinook,2019,15,29,27.2,-989898,-989898,-989898,30,24,38,29,22,38,-989898,-989898,-989898,-989898,-989898,-989898,DFO_20250318,20251112
Columbia,Chinook,2020,79,30,33.9,-989898,-989898,-989898,33,26,43,31,23,42,-989898,-989898,-989898,-989898,-989898,-989898,DFO_20250318,20251112
Columbia,Chinook,2021,73,34,51.1,-989898,-989898,-989898,37,28,49,33,24,46,-989898,-989898,-989898,-989898,-989898,-989898,DFO_20250318,20251112
Columbia,Chinook,2022,23,29,26.9,-989898,-989898,-989898,41,30,56,35,24,50,-989898,-989898,-989898,-989898,-989898,-989898,DFO_20250318,20251112
Columbia,Chinook,2023,20,33,45.7,-989898,-989898,-989898,46,32,64,37,25,55,-989898,-989898,-989898,-989898,-989898,-989898,DFO_20250318,20251112
Columbia,Sockeye,1961,3173,3173,-85.9,-989898,-989898,-989898,-989898,-989898,-989898,9684,7171,13078,-989898,-989898,-989898,-989898,-989898,-989898,"Ogden_20250627, Ogden_20250901",20251112
Columbia,Sockeye,1962,5431,4151,-81.6,-989898,-989898,-989898,-989898,-989898,-989898,9924,7401,13307,-989898,-989898,-989898,-989898,-989898,-989898,"Ogden_20250627, Ogden_20250901",20251112
Columbia,Sockeye,1963,26238,7675,-65.9,-989898,-989898,-989898,-989898,-989898,-989898,10170,7637,13541,-989898,-989898,-989898,-989898,-989898,-989898,"Ogden_20250627, Ogden_20250901",20251112
Columbia,Sockeye,1964,23252,10126,-55.1,-989898,-989898,-989898,-989898,-989898,-989898,10421,7881,13781,-989898,-989898,-989898,-989898,-989898,-989898,"Ogden_20250627, Ogden_20250901",20251112
Columbia,Sockeye,1965,17879,15601,-30.8,-989898,-989898,-989898,-989898,-989898,-989898,10680,8132,14025,-989898,-989898,-989898,-989898,-989898,-989898,"Ogden_20250627, Ogden_20250901",20251112
Columbia,Sockeye,1966,73659,29939,32.8,-989898,-989898,-989898,-989898,-989898,-989898,10944,8390,14275,-989898,-989898,-989898,-989898,-989898,-989898,"Ogden_20250627, Ogden_20250901",20251112
Columbia,Sockeye,1967,26964,30144,33.7,-989898,-989898,-989898,-989898,-989898,-989898,11215,8656,14531,-989898,-989898,-989898,-989898,-989898,-989898,"Ogden_20250627, Ogden_20250901",20251112
Columbia,Sockeye,1968,45523,35657,58.2,-989898,-989898,-989898,-989898,-989898,-989898,11493,8929,14793,-989898,-989898,-989898,-989898,-989898,-989898,"Ogden_20250627, Ogden_20250901",20251112
Columbia,Sockeye,1969,10711,31370,39.2,-989898,-989898,-989898,-989898,-989898,-989898,11777,9210,15061,-989898,-989898,-989898,-989898,-989898,-989898,"Ogden_20250627, Ogden_20250901",20251112
Columbia,Sockeye,1970,29342,24922,10.6,-989898,-989898,-989898,-989898,-989898,-989898,12069,9499,15335,-989898,-989898,-989898,-989898,-989898,-989898,"Ogden_20250627, Ogden_20250901",20251112
Columbia,Sockeye,1971,36091,26806,18.9,-989898,-989898,-989898,-989898,-989898,-989898,12368,9795,15616,-989898,-989898,-989898,-989898,-989898,-989898,"Ogden_20250627, Ogden_20250901",20251112
Columbia,Sockeye,1972,21564,22239,-1.3,-989898,-989898,-989898,-989898,-989898,-989898,12674,10100,15904,-989898,-989898,-989898,-989898,-989898,-989898,"Ogden_20250627, Ogden_20250901",20251112
Columbia,Sockeye,1973,12133,22943,1.8,-989898,-989898,-989898,-989898,-989898,-989898,12988,10413,16200,-989898,-989898,-989898,-989898,-989898,-989898,"Ogden_20250627, Ogden_20250901",20251112
Columbia,Sockeye,1974,7110,16097,-28.6,-989898,-989898,-989898,-989898,-989898,-989898,13310,10734,16503,-989898,-989898,-989898,-989898,-989898,-989898,"Ogden_20250627, Ogden_20250901",20251112
Columbia,Sockeye,1975,12739,12407,-44.9,-989898,-989898,-989898,-989898,-989898,-989898,13639,11063,16815,-989898,-989898,-989898,-989898,-989898,-989898,"Ogden_20250627, Ogden_20250901",20251112
Columbia,Sockeye,1976,16429,11592,-48.6,-989898,-989898,-989898,-989898,-989898,-989898,13977,11400,17136,-989898,-989898,-989898,-989898,-989898,-989898,"Ogden_20250627, Ogden_20250901",20251112
Columbia,Sockeye,1977,13176,11833,-47.5,-989898,-989898,-989898,-989898,-989898,-989898,14323,11746,17466,-989898,-989898,-989898,-989898,-989898,-989898,"Ogden_20250627, Ogden_20250901",20251112
Columbia,Sockeye,1978,4750,10698,-52.5,-989898,-989898,-989898,-989898,-989898,-989898,14678,12099,17806,-989898,-989898,-989898,-989898,-989898,-989898,"Ogden_20250627, Ogden_20250901",20251112
Columbia,Sockeye,1979,15009,11146,-50.5,-989898,-989898,-989898,-989898,-989898,-989898,15041,12461,18156,-989898,-989898,-989898,-989898,-989898,-989898,"Ogden_20250627, Ogden_20250901",20251112
Columbia,Sockeye,1980,15807,11039,-51,38814,38814,-42.4,-989898,-989898,-989898,15414,12830,18518,-989898,-989898,-989898,23088,14869,35850,"Ogden_20250627, Ogden_20250901",20251112
Columbia,Sockeye,1981,16938,11754,-47.8,42049,40399,-40,-989898,-989898,-989898,15795,13206,18892,-989898,-989898,-989898,24192,15817,37002,"Ogden_20250627, Ogden_20250901",20251112
Columbia,Sockeye,1982,11703,14726,-34.7,27493,35535,-47.2,-989898,-989898,-989898,16187,13591,19278,-989898,-989898,-989898,25349,16822,38199,"Ogden_20250627, Ogden_20250901",20251112
Columbia,Sockeye,1983,16761,15138,-32.8,38814,36328,-46.1,-989898,-989898,-989898,16587,13982,19679,-989898,-989898,-989898,26562,17887,39444,"Ogden_20250627, Ogden_20250901",20251112
Columbia,Sockeye,1984,53721,20554,-8.8,142318,50270,-25.4,-989898,-989898,-989898,16998,14380,20093,-989898,-989898,-989898,27832,19014,40740,"Ogden_20250627, Ogden_20250901",20251112
Columbia,Sockeye,1985,31946,24087,6.9,122911,65730,-2.4,-989898,-989898,-989898,17419,14784,20524,-989898,-989898,-989898,29163,20207,42090,"Ogden_20250627, Ogden_20250901",20251112
Columbia,Sockeye,1986,15472,25829,14.6,48518,75759,12.5,-989898,-989898,-989898,17850,15194,20971,-989898,-989898,-989898,30558,21467,43499,"Ogden_20250627, Ogden_20250901",20251112
Columbia,Sockeye,1987,21090,27356,21.4,100270,96046,42.6,-989898,-989898,-989898,18292,15610,21436,-989898,-989898,-989898,32020,22798,44970,"Ogden_20250627, Ogden_20250901",20251112
Columbia,Sockeye,1988,20653,21541,-4.4,79245,82968,23.2,-989898,-989898,-989898,18745,16031,21919,-989898,-989898,-989898,33551,24203,46510,"Ogden_20250627, Ogden_20250901",20251112
Columbia,Sockeye,1989,17947,18649,-17.3,43666,64054,-4.9,-989898,-989898,-989898,19210,16457,22423,-989898,-989898,-989898,35156,25682,48124,"Ogden_20250627, Ogden_20250901",20251112
Columbia,Sockeye,1990,6261,14874,-34,12938,46030,-31.6,-989898,-989898,-989898,19685,16887,22948,-989898,-989898,-989898,36837,27238,49819,"Ogden_20250627, Ogden_20250901",20251112
Columbia,Sockeye,1991,19738,14630,-35.1,40431,36680,-45.5,-989898,-989898,-989898,20173,17320,23495,-989898,-989898,-989898,38599,28872,51603,"Ogden_20250627, Ogden_20250901",20251112
Columbia,Sockeye,1992,33184,16471,-26.9,61456,34421,-48.9,-989898,-989898,-989898,20672,17757,24067,-989898,-989898,-989898,40445,30584,53485,"Ogden_20250627, Ogden_20250901",20251112
Columbia,Sockeye,1993,17151,16285,-27.7,40431,33765,-49.9,-989898,-989898,-989898,21184,18197,24663,-989898,-989898,-989898,42379,32375,55475,"Ogden_20250627, Ogden_20250901",20251112
Columbia,Sockeye,1994,1977,12208,-45.8,3235,23876,-64.5,-989898,-989898,-989898,21709,18639,25285,-989898,-989898,-989898,44406,34243,57585,"Ogden_20250627, Ogden_20250901",20251112
Columbia,Sockeye,1995,4581,8473,-62.4,4910,14095,-79.1,-989898,-989898,-989898,22246,19084,25934,-989898,-989898,-989898,46530,36187,59828,"Ogden_20250627, Ogden_20250901",20251112
Columbia,Sockeye,1996,17035,7172,-68.2,24259,11172,-83.4,-989898,-989898,-989898,22797,19530,26611,-989898,-989898,-989898,48755,38205,62220,"Ogden_20250627, Ogden_20250901",20251112
Columbia,Sockeye,1997,11996,6559,-70.9,35580,10821,-83.9,-989898,-989898,-989898,23362,19979,27317,-989898,-989898,-989898,51087,40291,64776,"Ogden_20250627, Ogden_20250901",20251112
Columbia,Sockeye,1998,3708,7676,-65.9,8086,13606,-79.8,-989898,-989898,-989898,23940,20430,28054,-989898,-989898,-989898,53531,42442,67516,"Ogden_20250627, Ogden_20250901",20251112
Columbia,Sockeye,1999,5648,8088,-64.1,17790,18771,-72.1,-989898,-989898,-989898,24533,20883,28822,-989898,-989898,-989898,56091,44652,70460,"Ogden_20250627, Ogden_20250901",20251112
Columbia,Sockeye,2000,21926,8615,-61.8,74394,24841,-63.1,-989898,-989898,-989898,25141,21338,29622,-989898,-989898,-989898,58773,46916,73627,"Ogden_20250627, Ogden_20250901",20251112
Columbia,Sockeye,2001,39378,11596,-48.5,84097,30800,-54.3,-989898,-989898,-989898,25763,21795,30455,-989898,-989898,-989898,61584,49228,77042,"Ogden_20250627, Ogden_20250901",20251112
Columbia,Sockeye,2002,4904,12436,-44.8,14555,35676,-47,-989898,-989898,-989898,26401,22254,31321,-989898,-989898,-989898,64530,51582,80727,"Ogden_20250627, Ogden_20250901",20251112
Columbia,Sockeye,2003,17753,16558,-26.5,35580,42426,-37,-989898,-989898,-989898,27055,22716,32223,-989898,-989898,-989898,67616,53975,84705,"Ogden_20250627, Ogden_20250901",20251112
Columbia,Sockeye,2004,41791,19455,-13.7,92183,44762,-33.5,-989898,-989898,-989898,27725,23181,33160,-989898,-989898,-989898,70850,56402,89000,"Ogden_20250627, Ogden_20250901",20251112
Columbia,Sockeye,2005,31260,18364,-18.5,59838,41111,-39,-989898,-989898,-989898,28412,23649,34134,-989898,-989898,-989898,74239,58860,93635,"Ogden_20250627, Ogden_20250901",20251112
Columbia,Sockeye,2006,20819,26360,17,29111,48890,-27.4,-989898,-989898,-989898,29115,24120,35145,-989898,-989898,-989898,77789,61350,98633,"Ogden_20250627, Ogden_20250901",20251112
Columbia,Sockeye,2007,13490,24611,9.2,19407,42016,-37.6,-989898,-989898,-989898,29836,24595,36195,-989898,-989898,-989898,81510,63871,104020,"Ogden_20250627, Ogden_20250901",20251112
Columbia,Sockeye,2008,126972,32493,44.2,177898,49521,-26.5,-989898,-989898,-989898,30575,25073,37284,-989898,-989898,-989898,85408,66424,109818,"Ogden_20250627, Ogden_20250901",20251112
Columbia,Sockeye,2009,68129,39480,75.2,134232,60605,-10,-989898,-989898,-989898,31332,25556,38414,-989898,-989898,-989898,89493,69011,116053,"Ogden_20250627, Ogden_20250901",20251112
Columbia,Sockeye,2010,200344,69536,208.5,339623,112007,66.3,-989898,-989898,-989898,32108,26044,39585,-989898,-989898,-989898,93773,71636,122750,"Ogden_20250627, Ogden_20250901",20251112
Columbia,Sockeye,2011,34528,87952,290.2,173046,193551,187.4,-989898,-989898,-989898,32903,26536,40799,-989898,-989898,-989898,98258,74302,129938,"Ogden_20250627, Ogden_20250901",20251112
Columbia,Sockeye,2012,110302,84911,276.7,472237,247055,266.9,-989898,-989898,-989898,33718,27033,42056,294574,201954,429673,102957,77011,137645,"Ogden_20250627, Ogden_20250901",20251112
Columbia,Sockeye,2013,47951,77774,245.1,166577,260755,287.2,66870,55178,81041,34553,27536,43359,278349,200171,387061,107881,79769,145901,"Ogden_20250627, Ogden_20250901",20251112
Columbia,Sockeye,2014,172043,74868,232.2,564420,296063,339.6,64602,54619,76410,35409,28044,44708,263018,197639,350024,113041,82579,154740,"Ogden_20250627, Ogden_20250901",20251112
Columbia,Sockeye,2015,17798,63438,181.5,438275,373492,454.6,62410,53959,72185,36286,28558,46105,248530,193986,318411,118448,85445,164198,"Ogden_20250627, Ogden_20250901",20251112
Columbia,Sockeye,2016,96386,61335,172.1,271698,325284,383,60293,53147,68400,37184,29078,47550,234841,188690,292281,124113,88370,174311,"Ogden_20250627, Ogden_20250901",20251112
Columbia,Sockeye,2017,36518,57297,154.2,56604,248354,268.8,58248,52107,65112,38105,29604,49046,221906,181178,271790,130048,91360,185121,"Ogden_20250627, Ogden_20250901",20251112
Columbia,Sockeye,2018,57359,43539,93.2,166577,183052,171.8,56272,50752,62392,39048,30137,50595,209684,171199,256819,136268,94417,196670,"Ogden_20250627, Ogden_20250901",20251112
Columbia,Sockeye,2019,28179,48838,116.7,58221,110511,64.1,54363,49030,60275,40015,30677,52196,198134,159196,246596,142786,97546,209006,"Ogden_20250627, Ogden_20250901",20251112
Columbia,Sockeye,2020,69363,44982,99.6,350943,117813,74.9,52519,46982,58708,41006,31224,53853,187221,146132,239863,149615,100750,222178,"Ogden_20250627, Ogden_20250901",20251112
Columbia,Sockeye,2021,24938,40891,81.4,119677,142064,111,50737,44723,57559,42022,31778,55567,176909,132934,235430,156770,104034,236240,"Ogden_20250627, Ogden_20250901",20251112
Columbia,Sockeye,2022,102486,47276,109.8,583827,194381,188.6,49016,42378,56693,43062,32340,57340,167165,120214,232452,164268,107400,251249,"Ogden_20250627, Ogden_20250901",20251112
Columbia,Sockeye,2023,43858,52805,134.3,210243,267956,297.9,47353,40035,56008,44129,32910,59173,157957,108292,230400,172125,110852,267265,"Ogden_20250627, Ogden_20250901",20251112
Columbia,Sockeye,2024,155902,64656,186.9,-989898,-989898,-989898,45747,37747,55441,45222,33487,61068,-989898,-989898,-989898,-989898,-989898,-989898,Ogden_20250627,20251112
Columbia,Steelhead,2006,134,134,552.8,-989898,-989898,-989898,-989898,-989898,-989898,94,81,109,-989898,-989898,-989898,-989898,-989898,-989898,OBMEP_20250228,20251112
Columbia,Steelhead,2007,29,62,203.7,-989898,-989898,-989898,-989898,-989898,-989898,82,71,94,-989898,-989898,-989898,-989898,-989898,-989898,OBMEP_20250228,20251112
Columbia,Steelhead,2008,38,53,157.5,-989898,-989898,-989898,-989898,-989898,-989898,71,62,81,-989898,-989898,-989898,-989898,-989898,-989898,OBMEP_20250228,20251112
Columbia,Steelhead,2009,50,52,154,-989898,-989898,-989898,-989898,-989898,-989898,62,55,69,-989898,-989898,-989898,-989898,-989898,-989898,OBMEP_20250228,20251112
Columbia,Steelhead,2010,112,61,195.9,-989898,-989898,-989898,59,53,66,54,48,60,-989898,-989898,-989898,-989898,-989898,-989898,OBMEP_20250228,20251112
Columbia,Steelhead,2011,38,47,130,-989898,-989898,-989898,51,46,56,47,42,52,-989898,-989898,-989898,-989898,-989898,-989898,OBMEP_20250228,20251112
Columbia,Steelhead,2012,15,41,101.6,-989898,-989898,-989898,44,40,48,41,37,45,-989898,-989898,-989898,-989898,-989898,-989898,OBMEP_20250228,20251112
Columbia,Steelhead,2013,22,37,80.8,-989898,-989898,-989898,38,35,41,35,33,39,-989898,-989898,-989898,-989898,-989898,-989898,OBMEP_20250228,20251112
Columbia,Steelhead,2014,23,32,54.8,-989898,-989898,-989898,33,30,35,31,28,33,-989898,-989898,-989898,-989898,-989898,-989898,OBMEP_20250228,20251112
Columbia,Steelhead,2015,65,28,38.8,-989898,-989898,-989898,28,26,30,27,25,29,-989898,-989898,-989898,-989898,-989898,-989898,OBMEP_20250228,20251112
Columbia,Steelhead,2016,15,24,15.3,-989898,-989898,-989898,24,23,26,23,22,25,-989898,-989898,-989898,-989898,-989898,-989898,OBMEP_20250228,20251112
Columbia,Steelhead,2017,10,22,6.3,-989898,-989898,-989898,21,20,22,20,19,22,-989898,-989898,-989898,-989898,-989898,-989898,OBMEP_20250228,20251112
Columbia,Steelhead,2018,9,18,-11.1,-989898,-989898,-989898,18,17,19,18,16,19,-989898,-989898,-989898,-989898,-989898,-989898,OBMEP_20250228,20251112
Columbia,Steelhead,2019,34,20,-3.9,-989898,-989898,-989898,15,15,16,15,14,17,-989898,-989898,-989898,-989898,-989898,-989898,OBMEP_20250228,20251112
Columbia,Steelhead,2020,24,16,-21.2,-989898,-989898,-989898,13,12,14,13,12,15,-989898,-989898,-989898,-989898,-989898,-989898,OBMEP_20250228,20251112
Columbia,Steelhead,2021,1,9,-54.1,-989898,-989898,-989898,11,11,12,12,10,13,-989898,-989898,-989898,-989898,-989898,-989898,OBMEP_20250228,20251112
Columbia,Steelhead,2022,9,9,-55,-989898,-989898,-989898,10,9,11,10,9,12,-989898,-989898,-989898,-989898,-989898,-989898,OBMEP_20250228,20251112
Columbia,Steelhead,2023,7,9,-57.2,-989898,-989898,-989898,9,8,9,9,8,10,-989898,-989898,-989898,-989898,-989898,-989898,OBMEP_20250228,20251112
Columbia,Steelhead,2024,8,7,-68,-989898,-989898,-989898,7,7,8,8,7,9,-989898,-989898,-989898,-989898,-989898,-989898,OBMEP_20250228,20251112
East Vancouver Island & Mainland Inlets,Chinook,1975,-989898,-989898,-989898,5875,5875,-38.7,-989898,-989898,-989898,-989898,-989898,-989898,-989898,-989898,-989898,6305,5096,7802,CTC_20250714,20251112
East Vancouver Island & Mainland Inlets,Chinook,1976,-989898,-989898,-989898,4740,5277,-44.9,-989898,-989898,-989898,-989898,-989898,-989898,-989898,-989898,-989898,6400,5205,7868,CTC_20250714,20251112
East Vancouver Island & Mainland Inlets,Chinook,1977,-989898,-989898,-989898,6730,5723,-40.2,-989898,-989898,-989898,-989898,-989898,-989898,-989898,-989898,-989898,6495,5317,7935,CTC_20250714,20251112
East Vancouver Island & Mainland Inlets,Chinook,1978,-989898,-989898,-989898,6895,5996,-37.4,-989898,-989898,-989898,-989898,-989898,-989898,-989898,-989898,-989898,6593,5430,8004,CTC_20250714,20251112
East Vancouver Island & Mainland Inlets,Chinook,1979,10700,10700,36.4,11459,7085,-26,-989898,-989898,-989898,5866,4392,7836,-989898,-989898,-989898,6691,5546,8074,CTC_20250714,20251112
East Vancouver Island & Mainland Inlets,Chinook,1980,8650,9621,22.6,10769,8699,-9.2,-989898,-989898,-989898,5933,4484,7851,-989898,-989898,-989898,6792,5663,8145,CTC_20250714,20251112
East Vancouver Island & Mainland Inlets,Chinook,1981,6710,8532,8.7,8607,9251,-3.4,-989898,-989898,-989898,6001,4578,7866,-989898,-989898,-989898,6893,5782,8218,CTC_20250714,20251112
East Vancouver Island & Mainland Inlets,Chinook,1982,5790,7744,-1.3,7407,9418,-1.7,-989898,-989898,-989898,6069,4673,7883,-989898,-989898,-989898,6996,5903,8292,CTC_20250714,20251112
East Vancouver Island & Mainland Inlets,Chinook,1983,7100,6989,-10.9,7862,8571,-10.5,-989898,-989898,-989898,6138,4769,7900,-989898,-989898,-989898,7101,6026,8368,CTC_20250714,20251112
East Vancouver Island & Mainland Inlets,Chinook,1984,8200,6896,-12.1,9061,8209,-14.3,-989898,-989898,-989898,6208,4867,7920,-989898,-989898,-989898,7208,6150,8447,CTC_20250714,20251112
East Vancouver Island & Mainland Inlets,Chinook,1985,4595,6273,-20.1,6219,7569,-21,-989898,-989898,-989898,6279,4965,7940,-989898,-989898,-989898,7315,6276,8527,CTC_20250714,20251112
East Vancouver Island & Mainland Inlets,Chinook,1986,5532,6202,-21,7095,7488,-21.8,-989898,-989898,-989898,6351,5065,7962,-989898,-989898,-989898,7425,6403,8609,CTC_20250714,20251112
East Vancouver Island & Mainland Inlets,Chinook,1987,5337,5775,-26.4,7126,7306,-23.7,-989898,-989898,-989898,6423,5165,7987,-989898,-989898,-989898,7536,6532,8695,CTC_20250714,20251112
East Vancouver Island & Mainland Inlets,Chinook,1988,7200,5590,-28.8,8988,7291,-23.9,-989898,-989898,-989898,6496,5266,8013,-989898,-989898,-989898,7649,6662,8783,CTC_20250714,20251112
East Vancouver Island & Mainland Inlets,Chinook,1989,6750,6155,-21.6,8742,7939,-17.1,-989898,-989898,-989898,6570,5368,8042,-989898,-989898,-989898,7763,6792,8874,CTC_20250714,20251112
East Vancouver Island & Mainland Inlets,Chinook,1990,7325,6602,-15.9,8593,8328,-13,-989898,-989898,-989898,6645,5470,8073,-989898,-989898,-989898,7880,6923,8968,CTC_20250714,20251112
East Vancouver Island & Mainland Inlets,Chinook,1991,7800,7259,-7.5,9593,8971,-6.3,-989898,-989898,-989898,6721,5571,8108,-989898,-989898,-989898,7998,7055,9067,CTC_20250714,20251112
East Vancouver Island & Mainland Inlets,Chinook,1992,9493,7779,-0.9,11837,9610,0.4,-989898,-989898,-989898,6797,5672,8146,-989898,-989898,-989898,8117,7186,9169,CTC_20250714,20251112
East Vancouver Island & Mainland Inlets,Chinook,1993,6508,7708,-1.8,9230,9742,1.7,-989898,-989898,-989898,6875,5773,8187,-989898,-989898,-989898,8239,7318,9276,CTC_20250714,20251112
East Vancouver Island & Mainland Inlets,Chinook,1994,5936,7313,-6.8,7924,9546,-0.3,-989898,-989898,-989898,6953,5872,8233,-989898,-989898,-989898,8362,7449,9388,CTC_20250714,20251112
East Vancouver Island & Mainland Inlets,Chinook,1995,16700,8846,12.7,19682,11425,19.3,-989898,-989898,-989898,7032,5970,8284,-989898,-989898,-989898,8488,7579,9505,CTC_20250714,20251112
East Vancouver Island & Mainland Inlets,Chinook,1996,14830,9890,26,17575,12612,31.7,-989898,-989898,-989898,7113,6065,8341,-989898,-989898,-989898,8615,7708,9628,CTC_20250714,20251112
East Vancouver Island & Mainland Inlets,Chinook,1997,11465,11394,45.2,11956,13455,40.5,-989898,-989898,-989898,7194,6158,8403,-989898,-989898,-989898,8744,7835,9757,CTC_20250714,20251112
East Vancouver Island & Mainland Inlets,Chinook,1998,6321,11575,47.5,9142,13944,45.6,-989898,-989898,-989898,7276,6249,8471,-989898,-989898,-989898,8874,7961,9893,CTC_20250714,20251112
East Vancouver Island & Mainland Inlets,Chinook,1999,6800,9246,17.8,9087,11494,20,-989898,-989898,-989898,7359,6335,8547,-989898,-989898,-989898,9007,8084,10036,CTC_20250714,20251112
East Vancouver Island & Mainland Inlets,Chinook,2000,6359,7482,-4.7,8373,9550,-0.3,-989898,-989898,-989898,7442,6418,8630,-989898,-989898,-989898,9142,8205,10186,CTC_20250714,20251112
East Vancouver Island & Mainland Inlets,Chinook,2001,5470,6218,-20.8,8724,8826,-7.8,-989898,-989898,-989898,7527,6497,8721,-989898,-989898,-989898,9279,8324,10344,CTC_20250714,20251112
East Vancouver Island & Mainland Inlets,Chinook,2002,4197,5613,-28.5,8171,8582,-10.4,-989898,-989898,-989898,7613,6571,8821,-989898,-989898,-989898,9418,8439,10510,CTC_20250714,20251112
East Vancouver Island & Mainland Inlets,Chinook,2003,4221,4982,-36.5,6028,7745,-19.1,-989898,-989898,-989898,7700,6640,8929,-989898,-989898,-989898,9559,8553,10684,CTC_20250714,20251112
East Vancouver Island & Mainland Inlets,Chinook,2004,2746,4039,-48.5,3747,6335,-33.9,-989898,-989898,-989898,7787,6705,9045,-989898,-989898,-989898,9702,8663,10865,CTC_20250714,20251112
East Vancouver Island & Mainland Inlets,Chinook,2005,2462,3308,-57.8,5004,5513,-42.4,-989898,-989898,-989898,7876,6764,9171,-989898,-989898,-989898,9847,8772,11055,CTC_20250714,20251112
East Vancouver Island & Mainland Inlets,Chinook,2006,3635,3191,-59.3,5584,5012,-47.7,-989898,-989898,-989898,7966,6820,9305,-989898,-989898,-989898,9995,8877,11253,CTC_20250714,20251112
East Vancouver Island & Mainland Inlets,Chinook,2007,4412,3227,-58.9,5241,4840,-49.5,-989898,-989898,-989898,8057,6871,9448,-989898,-989898,-989898,10144,8981,11459,CTC_20250714,20251112
East Vancouver Island & Mainland Inlets,Chinook,2008,3799,3500,-55.4,5863,5413,-43.5,-989898,-989898,-989898,8149,6917,9599,-989898,-989898,-989898,10296,9082,11672,CTC_20250714,20251112
East Vancouver Island & Mainland Inlets,Chinook,2009,2036,3337,-57.5,3353,4898,-48.9,-989898,-989898,-989898,8241,6960,9759,-989898,-989898,-989898,10450,9182,11894,CTC_20250714,20251112
East Vancouver Island & Mainland Inlets,Chinook,2010,5242,3657,-53.4,6619,5110,-46.6,-989898,-989898,-989898,8335,6999,9927,-989898,-989898,-989898,10607,9280,12124,CTC_20250714,20251112
East Vancouver Island & Mainland Inlets,Chinook,2011,7390,4161,-47,8484,5764,-39.8,-989898,-989898,-989898,8430,7035,10102,-989898,-989898,-989898,10766,9376,12361,CTC_20250714,20251112
East Vancouver Island & Mainland Inlets,Chinook,2012,5742,4613,-41.2,8588,6341,-33.8,-989898,-989898,-989898,8526,7068,10286,-989898,-989898,-989898,10927,9471,12607,CTC_20250714,20251112
East Vancouver Island & Mainland Inlets,Chinook,2013,8355,6566,-16.3,8958,8107,-15.3,6692,6277,7136,8624,7098,10477,7840,7408,8297,11090,9565,12860,CTC_20250714,20251112
East Vancouver Island & Mainland Inlets,Chinook,2014,8023,7303,-6.9,8943,8741,-8.7,7591,7177,8028,8722,7126,10675,8854,8426,9304,11257,9657,13121,CTC_20250714,20251112
East Vancouver Island & Mainland Inlets,Chinook,2015,11258,8113,3.4,12225,9577,0,8610,8202,9038,8821,7151,10881,10000,9580,10438,11425,9749,13389,CTC_20250714,20251112
East Vancouver Island & Mainland Inlets,Chinook,2016,11671,9688,23.5,12777,10577,10.4,9765,9363,10185,8922,7175,11094,11294,10881,11722,11596,9840,13665,CTC_20250714,20251112
East Vancouver Island & Mainland Inlets,Chinook,2017,14912,11197,42.7,16692,12357,29,11076,10672,11495,9023,7197,11314,12755,12342,13181,11770,9931,13949,CTC_20250714,20251112
East Vancouver Island & Mainland Inlets,Chinook,2018,18251,13751,75.2,20684,15239,59.1,12562,12137,13003,9126,7217,11541,14405,13973,14851,11946,10021,14241,CTC_20250714,20251112
East Vancouver Island & Mainland Inlets,Chinook,2019,20403,15955,103.3,23957,18030,88.3,14249,13766,14748,9230,7236,11775,16269,15781,16772,12125,10110,14541,CTC_20250714,20251112
East Vancouver Island & Mainland Inlets,Chinook,2020,14899,16960,116.1,16430,19200,100.5,16161,15572,16773,9335,7253,12015,18374,17780,18988,12306,10199,14848,CTC_20250714,20251112
East Vancouver Island & Mainland Inlets,Chinook,2021,19502,18137,131.1,21727,20508,114.2,18330,17575,19118,9442,7270,12263,20752,19993,21538,12491,10288,15164,CTC_20250714,20251112
East Vancouver Island & Mainland Inlets,Chinook,2022,27096,20020,155.1,32863,23025,140.4,20791,19806,21825,9549,7285,12518,23437,22452,24465,12678,10377,15488,CTC_20250714,20251112
East Vancouver Island & Mainland Inlets,Chinook,2023,29039,21867,178.7,32761,24899,160,23581,22297,24940,9658,7299,12780,26469,25190,27813,12867,10466,15820,CTC_20250714,20251112
East Vancouver Island & Mainland Inlets,Chinook,2024,31570,26382,236.2,35181,30119,214.5,26746,25085,28518,9768,7313,13049,29894,28246,31638,13060,10555,16160,CTC_20250714,20251112
East Vancouver Island & Mainland Inlets,Chum,1953,765002,765002,-6.3,-989898,-989898,-989898,-989898,-989898,-989898,666561,580284,765665,-989898,-989898,-989898,-989898,-989898,-989898,NuSEDS_20250221,20251112
East Vancouver Island & Mainland Inlets,Chum,1954,850364,806555,-1.2,-989898,-989898,-989898,-989898,-989898,-989898,670878,585760,768363,-989898,-989898,-989898,-989898,-989898,-989898,NuSEDS_20250221,20251112
East Vancouver Island & Mainland Inlets,Chum,1955,540955,706008,-13.5,-989898,-989898,-989898,-989898,-989898,-989898,675222,591275,771088,-989898,-989898,-989898,-989898,-989898,-989898,NuSEDS_20250221,20251112
East Vancouver Island & Mainland Inlets,Chum,1956,408152,615620,-24.6,-989898,-989898,-989898,-989898,-989898,-989898,679595,596827,773842,-989898,-989898,-989898,-989898,-989898,-989898,NuSEDS_20250221,20251112
East Vancouver Island & Mainland Inlets,Chum,1957,814406,625327,-23.4,-989898,-989898,-989898,-989898,-989898,-989898,683997,602416,776625,-989898,-989898,-989898,-989898,-989898,-989898,NuSEDS_20250221,20251112
East Vancouver Island & Mainland Inlets,Chum,1958,863183,627671,-23.1,-989898,-989898,-989898,-989898,-989898,-989898,688427,608040,779441,-989898,-989898,-989898,-989898,-989898,-989898,NuSEDS_20250221,20251112
East Vancouver Island & Mainland Inlets,Chum,1959,649427,657013,-19.5,-989898,-989898,-989898,-989898,-989898,-989898,692885,613698,782290,-989898,-989898,-989898,-989898,-989898,-989898,NuSEDS_20250221,20251112
East Vancouver Island & Mainland Inlets,Chum,1960,472525,681514,-16.5,-989898,-989898,-989898,-989898,-989898,-989898,697372,619388,785175,-989898,-989898,-989898,-989898,-989898,-989898,NuSEDS_20250221,20251112
East Vancouver Island & Mainland Inlets,Chum,1961,408095,573396,-29.8,-989898,-989898,-989898,-989898,-989898,-989898,701889,625110,788097,-989898,-989898,-989898,-989898,-989898,-989898,NuSEDS_20250221,20251112
East Vancouver Island & Mainland Inlets,Chum,1962,575314,518090,-36.5,-989898,-989898,-989898,-989898,-989898,-989898,706434,630862,791060,-989898,-989898,-989898,-989898,-989898,-989898,NuSEDS_20250221,20251112
East Vancouver Island & Mainland Inlets,Chum,1963,486384,481967,-41,-989898,-989898,-989898,-989898,-989898,-989898,711010,636641,794065,-989898,-989898,-989898,-989898,-989898,-989898,NuSEDS_20250221,20251112
East Vancouver Island & Mainland Inlets,Chum,1964,469343,481154,-41.1,-989898,-989898,-989898,-989898,-989898,-989898,715614,642446,797116,-989898,-989898,-989898,-989898,-989898,-989898,NuSEDS_20250221,20251112
East Vancouver Island & Mainland Inlets,Chum,1965,229450,416645,-49,-989898,-989898,-989898,-989898,-989898,-989898,720249,648275,800214,-989898,-989898,-989898,-989898,-989898,-989898,NuSEDS_20250221,20251112
East Vancouver Island & Mainland Inlets,Chum,1966,684131,435085,-46.7,-989898,-989898,-989898,-989898,-989898,-989898,724914,654124,803365,-989898,-989898,-989898,-989898,-989898,-989898,NuSEDS_20250221,20251112
East Vancouver Island & Mainland Inlets,Chum,1967,542406,447106,-45.2,-989898,-989898,-989898,-989898,-989898,-989898,729608,659990,806570,-989898,-989898,-989898,-989898,-989898,-989898,NuSEDS_20250221,20251112
East Vancouver Island & Mainland Inlets,Chum,1968,1099993,553204,-32.2,-989898,-989898,-989898,-989898,-989898,-989898,734334,665872,809834,-989898,-989898,-989898,-989898,-989898,-989898,NuSEDS_20250221,20251112
East Vancouver Island & Mainland Inlets,Chum,1969,778802,750879,-8,-989898,-989898,-989898,-989898,-989898,-989898,739089,671765,813161,-989898,-989898,-989898,-989898,-989898,-989898,NuSEDS_20250221,20251112
East Vancouver Island & Mainland Inlets,Chum,1970,957739,816765,0,-989898,-989898,-989898,-989898,-989898,-989898,743876,677666,816555,-989898,-989898,-989898,-989898,-989898,-989898,NuSEDS_20250221,20251112
East Vancouver Island & Mainland Inlets,Chum,1971,455453,781856,-4.2,-989898,-989898,-989898,-989898,-989898,-989898,748694,683570,820022,-989898,-989898,-989898,-989898,-989898,-989898,NuSEDS_20250221,20251112
East Vancouver Island & Mainland Inlets,Chum,1972,1119830,785358,-3.8,-989898,-989898,-989898,-989898,-989898,-989898,753542,689473,823566,-989898,-989898,-989898,-989898,-989898,-989898,NuSEDS_20250221,20251112
East Vancouver Island & Mainland Inlets,Chum,1973,1166019,868735,6.4,-989898,-989898,-989898,-989898,-989898,-989898,758423,695370,827193,-989898,-989898,-989898,-989898,-989898,-989898,NuSEDS_20250221,20251112
East Vancouver Island & Mainland Inlets,Chum,1974,856221,844738,3.5,-989898,-989898,-989898,-989898,-989898,-989898,763334,701256,830908,-989898,-989898,-989898,-989898,-989898,-989898,NuSEDS_20250221,20251112
East Vancouver Island & Mainland Inlets,Chum,1975,547048,884336,8.3,-989898,-989898,-989898,-989898,-989898,-989898,768278,707126,834719,-989898,-989898,-989898,-989898,-989898,-989898,NuSEDS_20250221,20251112
East Vancouver Island & Mainland Inlets,Chum,1976,553490,741492,-9.2,-989898,-989898,-989898,-989898,-989898,-989898,773254,712973,838631,-989898,-989898,-989898,-989898,-989898,-989898,NuSEDS_20250221,20251112
East Vancouver Island & Mainland Inlets,Chum,1977,849066,684961,-16.1,-989898,-989898,-989898,-989898,-989898,-989898,778262,718791,842652,-989898,-989898,-989898,-989898,-989898,-989898,NuSEDS_20250221,20251112
East Vancouver Island & Mainland Inlets,Chum,1978,1153420,737931,-9.6,-989898,-989898,-989898,-989898,-989898,-989898,783302,724574,846789,-989898,-989898,-989898,-989898,-989898,-989898,NuSEDS_20250221,20251112
East Vancouver Island & Mainland Inlets,Chum,1979,607150,757414,-7.2,-989898,-989898,-989898,-989898,-989898,-989898,788375,730316,851050,-989898,-989898,-989898,-989898,-989898,-989898,NuSEDS_20250221,20251112
East Vancouver Island & Mainland Inlets,Chum,1980,959226,869033,6.4,-989898,-989898,-989898,-989898,-989898,-989898,793481,736008,855441,-989898,-989898,-989898,-989898,-989898,-989898,NuSEDS_20250221,20251112
East Vancouver Island & Mainland Inlets,Chum,1981,852657,869951,6.6,-989898,-989898,-989898,-989898,-989898,-989898,798619,741645,859970,-989898,-989898,-989898,-989898,-989898,-989898,NuSEDS_20250221,20251112
East Vancouver Island & Mainland Inlets,Chum,1982,1145594,868471,6.4,-989898,-989898,-989898,-989898,-989898,-989898,803792,747220,864646,-989898,-989898,-989898,-989898,-989898,-989898,NuSEDS_20250221,20251112
East Vancouver Island & Mainland Inlets,Chum,1983,820735,936445,14.7,-989898,-989898,-989898,-989898,-989898,-989898,808997,752726,869476,-989898,-989898,-989898,-989898,-989898,-989898,NuSEDS_20250221,20251112
East Vancouver Island & Mainland Inlets,Chum,1984,996398,945388,15.8,-989898,-989898,-989898,-989898,-989898,-989898,814237,758156,874466,-989898,-989898,-989898,-989898,-989898,-989898,NuSEDS_20250221,20251112
East Vancouver Island & Mainland Inlets,Chum,1985,1570052,1101273,34.9,-989898,-989898,-989898,-989898,-989898,-989898,819510,763505,879623,-989898,-989898,-989898,-989898,-989898,-989898,NuSEDS_20250221,20251112
East Vancouver Island & Mainland Inlets,Chum,1986,1218131,1118307,37,-989898,-989898,-989898,-989898,-989898,-989898,824817,768768,884953,-989898,-989898,-989898,-989898,-989898,-989898,NuSEDS_20250221,20251112
East Vancouver Island & Mainland Inlets,Chum,1987,1101313,1203616,47.4,-989898,-989898,-989898,-989898,-989898,-989898,830159,773940,890463,-989898,-989898,-989898,-989898,-989898,-989898,NuSEDS_20250221,20251112
East Vancouver Island & Mainland Inlets,Chum,1988,1369420,1303209,59.6,-989898,-989898,-989898,-989898,-989898,-989898,835536,779017,896155,-989898,-989898,-989898,-989898,-989898,-989898,NuSEDS_20250221,20251112
East Vancouver Island & Mainland Inlets,Chum,1989,539831,997930,22.2,-989898,-989898,-989898,-989898,-989898,-989898,840947,783997,902034,-989898,-989898,-989898,-989898,-989898,-989898,NuSEDS_20250221,20251112
East Vancouver Island & Mainland Inlets,Chum,1990,1277209,1009815,23.7,-989898,-989898,-989898,-989898,-989898,-989898,846393,788877,908102,-989898,-989898,-989898,-989898,-989898,-989898,NuSEDS_20250221,20251112
East Vancouver Island & Mainland Inlets,Chum,1991,1203731,1032515,26.5,-989898,-989898,-989898,-989898,-989898,-989898,851875,793658,914362,-989898,-989898,-989898,-989898,-989898,-989898,NuSEDS_20250221,20251112
East Vancouver Island & Mainland Inlets,Chum,1992,1522910,1060305,29.9,-989898,-989898,-989898,-989898,-989898,-989898,857392,798339,920813,-989898,-989898,-989898,-989898,-989898,-989898,NuSEDS_20250221,20251112
East Vancouver Island & Mainland Inlets,Chum,1993,1763688,1425515,74.6,-989898,-989898,-989898,-989898,-989898,-989898,862944,802920,927456,-989898,-989898,-989898,-989898,-989898,-989898,NuSEDS_20250221,20251112
East Vancouver Island & Mainland Inlets,Chum,1994,1502434,1484586,81.8,-989898,-989898,-989898,-989898,-989898,-989898,868533,807405,934289,-989898,-989898,-989898,-989898,-989898,-989898,NuSEDS_20250221,20251112
East Vancouver Island & Mainland Inlets,Chum,1995,681924,1287973,57.8,-989898,-989898,-989898,-989898,-989898,-989898,874158,811795,941312,-989898,-989898,-989898,-989898,-989898,-989898,NuSEDS_20250221,20251112
East Vancouver Island & Mainland Inlets,Chum,1996,604332,1022250,25.2,-989898,-989898,-989898,-989898,-989898,-989898,879819,816094,948521,-989898,-989898,-989898,-989898,-989898,-989898,NuSEDS_20250221,20251112
East Vancouver Island & Mainland Inlets,Chum,1997,921900,869206,6.5,-989898,-989898,-989898,-989898,-989898,-989898,885518,820304,955915,-989898,-989898,-989898,-989898,-989898,-989898,NuSEDS_20250221,20251112
East Vancouver Island & Mainland Inlets,Chum,1998,2029102,937022,14.8,-989898,-989898,-989898,-989898,-989898,-989898,891252,824431,963489,-989898,-989898,-989898,-989898,-989898,-989898,NuSEDS_20250221,20251112
East Vancouver Island & Mainland Inlets,Chum,1999,705522,945025,15.8,-989898,-989898,-989898,-989898,-989898,-989898,897025,828479,971241,-989898,-989898,-989898,-989898,-989898,-989898,NuSEDS_20250221,20251112
East Vancouver Island & Mainland Inlets,Chum,2000,325728,809727,-0.8,-989898,-989898,-989898,-989898,-989898,-989898,902834,832451,979167,-989898,-989898,-989898,-989898,-989898,-989898,NuSEDS_20250221,20251112
East Vancouver Island & Mainland Inlets,Chum,2001,1463181,908850,11.3,-989898,-989898,-989898,-989898,-989898,-989898,908681,836353,987264,-989898,-989898,-989898,-989898,-989898,-989898,NuSEDS_20250221,20251112
East Vancouver Island & Mainland Inlets,Chum,2002,1678333,866733,6.2,-989898,-989898,-989898,-989898,-989898,-989898,914566,840189,995528,-989898,-989898,-989898,-989898,-989898,-989898,NuSEDS_20250221,20251112
East Vancouver Island & Mainland Inlets,Chum,2003,1201787,990181,21.3,-989898,-989898,-989898,-989898,-989898,-989898,920489,843963,1003954,-989898,-989898,-989898,-989898,-989898,-989898,NuSEDS_20250221,20251112
East Vancouver Island & Mainland Inlets,Chum,2004,1351770,1413275,73.1,-989898,-989898,-989898,-989898,-989898,-989898,926450,847679,1012541,-989898,-989898,-989898,-989898,-989898,-989898,NuSEDS_20250221,20251112
East Vancouver Island & Mainland Inlets,Chum,2005,1010774,1288444,57.8,-989898,-989898,-989898,-989898,-989898,-989898,932451,851343,1021285,-989898,-989898,-989898,-989898,-989898,-989898,NuSEDS_20250221,20251112
East Vancouver Island & Mainland Inlets,Chum,2006,1024781,1138948,39.5,-989898,-989898,-989898,-989898,-989898,-989898,938489,854957,1030183,-989898,-989898,-989898,-989898,-989898,-989898,NuSEDS_20250221,20251112
East Vancouver Island & Mainland Inlets,Chum,2007,1097179,1113311,36.4,-989898,-989898,-989898,-989898,-989898,-989898,944567,858526,1039232,-989898,-989898,-989898,-989898,-989898,-989898,NuSEDS_20250221,20251112
East Vancouver Island & Mainland Inlets,Chum,2008,882151,1000637,22.6,-989898,-989898,-989898,-989898,-989898,-989898,950685,862053,1048429,-989898,-989898,-989898,-989898,-989898,-989898,NuSEDS_20250221,20251112
East Vancouver Island & Mainland Inlets,Chum,2009,859435,960873,17.7,-989898,-989898,-989898,-989898,-989898,-989898,956842,865542,1057772,-989898,-989898,-989898,-989898,-989898,-989898,NuSEDS_20250221,20251112
East Vancouver Island & Mainland Inlets,Chum,2010,527115,813738,-0.3,-989898,-989898,-989898,-989898,-989898,-989898,963039,868995,1067260,-989898,-989898,-989898,-989898,-989898,-989898,NuSEDS_20250221,20251112
East Vancouver Island & Mainland Inlets,Chum,2011,1466732,874990,7.2,-989898,-989898,-989898,-989898,-989898,-989898,969276,872416,1076889,-989898,-989898,-989898,-989898,-989898,-989898,NuSEDS_20250221,20251112
East Vancouver Island & Mainland Inlets,Chum,2012,1529609,1004066,23,-989898,-989898,-989898,1480590,1124890,1948764,975553,875807,1086659,-989898,-989898,-989898,-989898,-989898,-989898,NuSEDS_20250221,20251112
East Vancouver Island & Mainland Inlets,Chum,2013,1158326,1081849,32.5,-989898,-989898,-989898,1332826,1048465,1694309,981871,879172,1096567,-989898,-989898,-989898,-989898,-989898,-989898,NuSEDS_20250221,20251112
East Vancouver Island & Mainland Inlets,Chum,2014,995415,1268211,55.3,-989898,-989898,-989898,1199808,974490,1477224,988230,882512,1106612,-989898,-989898,-989898,-989898,-989898,-989898,NuSEDS_20250221,20251112
East Vancouver Island & Mainland Inlets,Chum,2015,893076,1120279,37.2,-989898,-989898,-989898,1080066,901838,1293517,994630,885829,1116794,-989898,-989898,-989898,-989898,-989898,-989898,NuSEDS_20250221,20251112
East Vancouver Island & Mainland Inlets,Chum,2016,1926079,1186723,45.4,-989898,-989898,-989898,972274,829135,1140126,1001072,889126,1127111,-989898,-989898,-989898,-989898,-989898,-989898,NuSEDS_20250221,20251112
East Vancouver Island & Mainland Inlets,Chum,2017,1044039,1156301,41.6,-989898,-989898,-989898,875240,755147,1014433,1007555,892405,1137563,-989898,-989898,-989898,-989898,-989898,-989898,NuSEDS_20250221,20251112
East Vancouver Island & Mainland Inlets,Chum,2018,870921,1118316,37,-989898,-989898,-989898,787891,679782,913192,1014080,895667,1148148,-989898,-989898,-989898,-989898,-989898,-989898,NuSEDS_20250221,20251112
East Vancouver Island & Mainland Inlets,Chum,2019,383584,905331,10.9,-989898,-989898,-989898,709258,604840,831703,1020648,898914,1158867,-989898,-989898,-989898,-989898,-989898,-989898,NuSEDS_20250221,20251112
East Vancouver Island & Mainland Inlets,Chum,2020,708373,705025,-13.6,-989898,-989898,-989898,638474,533115,764654,1027258,902148,1169718,-989898,-989898,-989898,-989898,-989898,-989898,NuSEDS_20250221,20251112
East Vancouver Island & Mainland Inlets,Chum,2021,246180,491291,-39.8,-989898,-989898,-989898,574753,466817,707646,1033911,905370,1180702,-989898,-989898,-989898,-989898,-989898,-989898,NuSEDS_20250221,20251112
East Vancouver Island & Mainland Inlets,Chum,2022,462277,419343,-48.6,-989898,-989898,-989898,517392,407006,657717,1040607,908581,1191818,-989898,-989898,-989898,-989898,-989898,-989898,NuSEDS_20250221,20251112
East Vancouver Island & Mainland Inlets,Chum,2023,176366,345309,-57.7,-989898,-989898,-989898,465756,353862,613032,1047346,911782,1203066,-989898,-989898,-989898,-989898,-989898,-989898,NuSEDS_20250221,20251112
East Vancouver Island & Mainland Inlets,Coho,1953,378977,378977,42.6,-989898,-989898,-989898,-989898,-989898,-989898,309468,277509,345107,-989898,-989898,-989898,-989898,-989898,-989898,NuSEDS_20250221,20251112
East Vancouver Island & Mainland Inlets,Coho,1954,415107,396631,49.3,-989898,-989898,-989898,-989898,-989898,-989898,308175,276988,342872,-989898,-989898,-989898,-989898,-989898,-989898,NuSEDS_20250221,20251112
East Vancouver Island & Mainland Inlets,Coho,1955,514619,432600,62.8,-989898,-989898,-989898,-989898,-989898,-989898,306887,276464,340658,-989898,-989898,-989898,-989898,-989898,-989898,NuSEDS_20250221,20251112
East Vancouver Island & Mainland Inlets,Coho,1956,522220,453449,70.7,-989898,-989898,-989898,-989898,-989898,-989898,305605,275935,338464,-989898,-989898,-989898,-989898,-989898,-989898,NuSEDS_20250221,20251112
East Vancouver Island & Mainland Inlets,Coho,1957,359598,447537,68.4,-989898,-989898,-989898,-989898,-989898,-989898,304328,275402,336292,-989898,-989898,-989898,-989898,-989898,-989898,NuSEDS_20250221,20251112
East Vancouver Island & Mainland Inlets,Coho,1958,410144,446193,67.9,-989898,-989898,-989898,-989898,-989898,-989898,303056,274864,334140,-989898,-989898,-989898,-989898,-989898,-989898,NuSEDS_20250221,20251112
East Vancouver Island & Mainland Inlets,Coho,1959,259356,375946,41.5,-989898,-989898,-989898,-989898,-989898,-989898,301790,274320,332011,-989898,-989898,-989898,-989898,-989898,-989898,NuSEDS_20250221,20251112
East Vancouver Island & Mainland Inlets,Coho,1960,179940,288034,8.4,-989898,-989898,-989898,-989898,-989898,-989898,300529,273771,329903,-989898,-989898,-989898,-989898,-989898,-989898,NuSEDS_20250221,20251112
East Vancouver Island & Mainland Inlets,Coho,1961,386268,293232,10.4,-989898,-989898,-989898,-989898,-989898,-989898,299274,273215,327817,-989898,-989898,-989898,-989898,-989898,-989898,NuSEDS_20250221,20251112
East Vancouver Island & Mainland Inlets,Coho,1962,194351,243290,-8.4,-989898,-989898,-989898,-989898,-989898,-989898,298023,272653,325754,-989898,-989898,-989898,-989898,-989898,-989898,NuSEDS_20250221,20251112
East Vancouver Island & Mainland Inlets,Coho,1963,348609,261960,-1.4,-989898,-989898,-989898,-989898,-989898,-989898,296778,272083,323715,-989898,-989898,-989898,-989898,-989898,-989898,NuSEDS_20250221,20251112
East Vancouver Island & Mainland Inlets,Coho,1964,431960,326073,22.7,-989898,-989898,-989898,-989898,-989898,-989898,295538,271505,321698,-989898,-989898,-989898,-989898,-989898,-989898,NuSEDS_20250221,20251112
East Vancouver Island & Mainland Inlets,Coho,1965,255537,294074,10.7,-989898,-989898,-989898,-989898,-989898,-989898,294303,270919,319706,-989898,-989898,-989898,-989898,-989898,-989898,NuSEDS_20250221,20251112
East Vancouver Island & Mainland Inlets,Coho,1966,313681,331460,24.7,-989898,-989898,-989898,-989898,-989898,-989898,293074,270323,317738,-989898,-989898,-989898,-989898,-989898,-989898,NuSEDS_20250221,20251112
East Vancouver Island & Mainland Inlets,Coho,1967,207787,291240,9.6,-989898,-989898,-989898,-989898,-989898,-989898,291849,269718,315796,-989898,-989898,-989898,-989898,-989898,-989898,NuSEDS_20250221,20251112
East Vancouver Island & Mainland Inlets,Coho,1968,174354,232139,-12.6,-989898,-989898,-989898,-989898,-989898,-989898,290630,269102,313879,-989898,-989898,-989898,-989898,-989898,-989898,NuSEDS_20250221,20251112
East Vancouver Island & Mainland Inlets,Coho,1969,152574,204058,-23.2,-989898,-989898,-989898,-989898,-989898,-989898,289415,268475,311989,-989898,-989898,-989898,-989898,-989898,-989898,NuSEDS_20250221,20251112
East Vancouver Island & Mainland Inlets,Coho,1970,440333,222115,-16.4,-989898,-989898,-989898,-989898,-989898,-989898,288206,267835,310127,-989898,-989898,-989898,-989898,-989898,-989898,NuSEDS_20250221,20251112
East Vancouver Island & Mainland Inlets,Coho,1971,410918,263398,-0.9,-989898,-989898,-989898,-989898,-989898,-989898,287002,267182,308293,-989898,-989898,-989898,-989898,-989898,-989898,NuSEDS_20250221,20251112
East Vancouver Island & Mainland Inlets,Coho,1972,107789,233560,-12.1,-989898,-989898,-989898,-989898,-989898,-989898,285803,266514,306488,-989898,-989898,-989898,-989898,-989898,-989898,NuSEDS_20250221,20251112
East Vancouver Island & Mainland Inlets,Coho,1973,172883,240972,-9.3,-989898,-989898,-989898,-989898,-989898,-989898,284609,265831,304713,-989898,-989898,-989898,-989898,-989898,-989898,NuSEDS_20250221,20251112
East Vancouver Island & Mainland Inlets,Coho,1974,390889,233902,-12,-989898,-989898,-989898,-989898,-989898,-989898,283419,265131,302969,-989898,-989898,-989898,-989898,-989898,-989898,NuSEDS_20250221,20251112
East Vancouver Island & Mainland Inlets,Coho,1975,311458,218246,-17.9,-989898,-989898,-989898,-989898,-989898,-989898,282235,264414,301257,-989898,-989898,-989898,-989898,-989898,-989898,NuSEDS_20250221,20251112
East Vancouver Island & Mainland Inlets,Coho,1976,186536,250318,-5.8,-989898,-989898,-989898,-989898,-989898,-989898,281056,263678,299579,-989898,-989898,-989898,-989898,-989898,-989898,NuSEDS_20250221,20251112
East Vancouver Island & Mainland Inlets,Coho,1977,533984,331845,24.9,-989898,-989898,-989898,-989898,-989898,-989898,279882,262922,297936,-989898,-989898,-989898,-989898,-989898,-989898,NuSEDS_20250221,20251112
East Vancouver Island & Mainland Inlets,Coho,1978,230625,290837,9.5,-989898,-989898,-989898,-989898,-989898,-989898,278712,262144,296327,-989898,-989898,-989898,-989898,-989898,-989898,NuSEDS_20250221,20251112
East Vancouver Island & Mainland Inlets,Coho,1979,222538,267393,0.6,-989898,-989898,-989898,-989898,-989898,-989898,277548,261344,294756,-989898,-989898,-989898,-989898,-989898,-989898,NuSEDS_20250221,20251112
East Vancouver Island & Mainland Inlets,Coho,1980,344672,311754,17.3,-989898,-989898,-989898,-989898,-989898,-989898,276388,260520,293223,-989898,-989898,-989898,-989898,-989898,-989898,NuSEDS_20250221,20251112
East Vancouver Island & Mainland Inlets,Coho,1981,273737,263793,-0.7,-989898,-989898,-989898,-989898,-989898,-989898,275233,259672,291728,-989898,-989898,-989898,-989898,-989898,-989898,NuSEDS_20250221,20251112
East Vancouver Island & Mainland Inlets,Coho,1982,225429,262294,-1.3,-989898,-989898,-989898,-989898,-989898,-989898,274083,258797,290273,-989898,-989898,-989898,-989898,-989898,-989898,NuSEDS_20250221,20251112
East Vancouver Island & Mainland Inlets,Coho,1983,150578,237891,-10.5,-989898,-989898,-989898,-989898,-989898,-989898,272938,257895,288859,-989898,-989898,-989898,-989898,-989898,-989898,NuSEDS_20250221,20251112
East Vancouver Island & Mainland Inlets,Coho,1984,222575,213253,-19.7,-989898,-989898,-989898,-989898,-989898,-989898,271798,256966,287486,-989898,-989898,-989898,-989898,-989898,-989898,NuSEDS_20250221,20251112
East Vancouver Island & Mainland Inlets,Coho,1985,211718,199987,-24.7,-989898,-989898,-989898,-989898,-989898,-989898,270662,256008,286156,-989898,-989898,-989898,-989898,-989898,-989898,NuSEDS_20250221,20251112
East Vancouver Island & Mainland Inlets,Coho,1986,156908,182667,-31.3,-989898,-989898,-989898,-989898,-989898,-989898,269531,255021,284868,-989898,-989898,-989898,-989898,-989898,-989898,NuSEDS_20250221,20251112
East Vancouver Island & Mainland Inlets,Coho,1987,154391,183812,-30.8,-989898,-989898,-989898,-989898,-989898,-989898,268405,254005,283622,-989898,-989898,-989898,-989898,-989898,-989898,NuSEDS_20250221,20251112
East Vancouver Island & Mainland Inlets,Coho,1988,162828,169996,-36,-989898,-989898,-989898,-989898,-989898,-989898,267284,252961,282418,-989898,-989898,-989898,-989898,-989898,-989898,NuSEDS_20250221,20251112
East Vancouver Island & Mainland Inlets,Coho,1989,224206,172449,-35.1,-989898,-989898,-989898,-989898,-989898,-989898,266167,251887,281257,-989898,-989898,-989898,-989898,-989898,-989898,NuSEDS_20250221,20251112
East Vancouver Island & Mainland Inlets,Coho,1990,347175,210323,-20.8,-989898,-989898,-989898,-989898,-989898,-989898,265055,250786,280136,-989898,-989898,-989898,-989898,-989898,-989898,NuSEDS_20250221,20251112
East Vancouver Island & Mainland Inlets,Coho,1991,279034,243863,-8.2,-989898,-989898,-989898,-989898,-989898,-989898,263948,249656,279057,-989898,-989898,-989898,-989898,-989898,-989898,NuSEDS_20250221,20251112
East Vancouver Island & Mainland Inlets,Coho,1992,274795,277949,4.6,-989898,-989898,-989898,-989898,-989898,-989898,262845,248501,278017,-989898,-989898,-989898,-989898,-989898,-989898,NuSEDS_20250221,20251112
East Vancouver Island & Mainland Inlets,Coho,1993,315623,302758,13.9,-989898,-989898,-989898,-989898,-989898,-989898,261747,247320,277014,-989898,-989898,-989898,-989898,-989898,-989898,NuSEDS_20250221,20251112
East Vancouver Island & Mainland Inlets,Coho,1994,295163,290719,9.4,-989898,-989898,-989898,-989898,-989898,-989898,260653,246115,276049,-989898,-989898,-989898,-989898,-989898,-989898,NuSEDS_20250221,20251112
East Vancouver Island & Mainland Inlets,Coho,1995,395203,317150,19.4,-989898,-989898,-989898,-989898,-989898,-989898,259564,244888,275119,-989898,-989898,-989898,-989898,-989898,-989898,NuSEDS_20250221,20251112
East Vancouver Island & Mainland Inlets,Coho,1996,194690,290970,9.5,-989898,-989898,-989898,-989898,-989898,-989898,258479,243640,274223,-989898,-989898,-989898,-989898,-989898,-989898,NuSEDS_20250221,20251112
East Vancouver Island & Mainland Inlets,Coho,1997,270690,280011,5.4,-989898,-989898,-989898,-989898,-989898,-989898,257399,242372,273358,-989898,-989898,-989898,-989898,-989898,-989898,NuSEDS_20250221,20251112
East Vancouver Island & Mainland Inlets,Coho,1998,350649,292333,10,-989898,-989898,-989898,-989898,-989898,-989898,256324,241087,272524,-989898,-989898,-989898,-989898,-989898,-989898,NuSEDS_20250221,20251112
East Vancouver Island & Mainland Inlets,Coho,1999,262580,263929,-0.7,-989898,-989898,-989898,-989898,-989898,-989898,255253,239786,271718,-989898,-989898,-989898,-989898,-989898,-989898,NuSEDS_20250221,20251112
East Vancouver Island & Mainland Inlets,Coho,2000,336044,302518,13.9,-989898,-989898,-989898,-989898,-989898,-989898,254186,238470,270939,-989898,-989898,-989898,-989898,-989898,-989898,NuSEDS_20250221,20251112
East Vancouver Island & Mainland Inlets,Coho,2001,615852,371537,39.8,-989898,-989898,-989898,-989898,-989898,-989898,253124,237142,270185,-989898,-989898,-989898,-989898,-989898,-989898,NuSEDS_20250221,20251112
East Vancouver Island & Mainland Inlets,Coho,2002,341258,369024,38.9,-989898,-989898,-989898,-989898,-989898,-989898,252067,235802,269454,-989898,-989898,-989898,-989898,-989898,-989898,NuSEDS_20250221,20251112
East Vancouver Island & Mainland Inlets,Coho,2003,306579,383596,44.4,-989898,-989898,-989898,-989898,-989898,-989898,251014,234452,268745,-989898,-989898,-989898,-989898,-989898,-989898,NuSEDS_20250221,20251112
East Vancouver Island & Mainland Inlets,Coho,2004,303096,373827,40.7,-989898,-989898,-989898,-989898,-989898,-989898,249965,233095,268056,-989898,-989898,-989898,-989898,-989898,-989898,NuSEDS_20250221,20251112
East Vancouver Island & Mainland Inlets,Coho,2005,170575,271194,2.1,-989898,-989898,-989898,-989898,-989898,-989898,248920,231730,267386,-989898,-989898,-989898,-989898,-989898,-989898,NuSEDS_20250221,20251112
East Vancouver Island & Mainland Inlets,Coho,2006,122257,209811,-21,-989898,-989898,-989898,-989898,-989898,-989898,247880,230359,266734,-989898,-989898,-989898,-989898,-989898,-989898,NuSEDS_20250221,20251112
East Vancouver Island & Mainland Inlets,Coho,2007,193712,187060,-29.6,-989898,-989898,-989898,-989898,-989898,-989898,246845,228984,266098,-989898,-989898,-989898,-989898,-989898,-989898,NuSEDS_20250221,20251112
East Vancouver Island & Mainland Inlets,Coho,2008,140510,154352,-41.9,-989898,-989898,-989898,-989898,-989898,-989898,245813,227606,265478,-989898,-989898,-989898,-989898,-989898,-989898,NuSEDS_20250221,20251112
East Vancouver Island & Mainland Inlets,Coho,2009,324705,181304,-31.8,-989898,-989898,-989898,-989898,-989898,-989898,244786,226224,264872,-989898,-989898,-989898,-989898,-989898,-989898,NuSEDS_20250221,20251112
East Vancouver Island & Mainland Inlets,Coho,2010,243224,215323,-19,-989898,-989898,-989898,-989898,-989898,-989898,243764,224841,264278,-989898,-989898,-989898,-989898,-989898,-989898,NuSEDS_20250221,20251112
East Vancouver Island & Mainland Inlets,Coho,2011,300499,240304,-9.6,-989898,-989898,-989898,-989898,-989898,-989898,242745,223457,263698,-989898,-989898,-989898,-989898,-989898,-989898,NuSEDS_20250221,20251112
East Vancouver Island & Mainland Inlets,Coho,2012,232570,272567,2.6,-989898,-989898,-989898,248360,202491,304619,241731,222074,263128,-989898,-989898,-989898,-989898,-989898,-989898,NuSEDS_20250221,20251112
East Vancouver Island & Mainland Inlets,Coho,2013,403965,287864,8.3,-989898,-989898,-989898,249459,208713,298160,240721,220690,262570,-989898,-989898,-989898,-989898,-989898,-989898,NuSEDS_20250221,20251112
East Vancouver Island & Mainland Inlets,Coho,2014,287854,300247,13,-989898,-989898,-989898,250563,214677,292447,239715,219308,262021,-989898,-989898,-989898,-989898,-989898,-989898,NuSEDS_20250221,20251112
East Vancouver Island & Mainland Inlets,Coho,2015,155251,254552,-4.2,-989898,-989898,-989898,251672,220105,287765,238714,217928,261481,-989898,-989898,-989898,-989898,-989898,-989898,NuSEDS_20250221,20251112
East Vancouver Island & Mainland Inlets,Coho,2016,185538,240572,-9.5,-989898,-989898,-989898,252785,224571,284544,237716,216551,260950,-989898,-989898,-989898,-989898,-989898,-989898,NuSEDS_20250221,20251112
East Vancouver Island & Mainland Inlets,Coho,2017,181942,197080,-25.8,-989898,-989898,-989898,253904,227529,283336,236723,215176,260428,-989898,-989898,-989898,-989898,-989898,-989898,NuSEDS_20250221,20251112
East Vancouver Island & Mainland Inlets,Coho,2018,220459,184366,-30.6,-989898,-989898,-989898,255027,228536,284590,235734,213804,259913,-989898,-989898,-989898,-989898,-989898,-989898,NuSEDS_20250221,20251112
East Vancouver Island & Mainland Inlets,Coho,2019,242942,206205,-22.4,-989898,-989898,-989898,256156,227565,288338,234749,212437,259405,-989898,-989898,-989898,-989898,-989898,-989898,NuSEDS_20250221,20251112
East Vancouver Island & Mainland Inlets,Coho,2020,346613,241075,-9.3,-989898,-989898,-989898,257289,225018,294188,233768,211073,258903,-989898,-989898,-989898,-989898,-989898,-989898,NuSEDS_20250221,20251112
East Vancouver Island & Mainland Inlets,Coho,2021,358453,285612,7.5,-989898,-989898,-989898,258428,221415,301627,232791,209714,258408,-989898,-989898,-989898,-989898,-989898,-989898,NuSEDS_20250221,20251112
East Vancouver Island & Mainland Inlets,Coho,2022,306193,310059,16.7,-989898,-989898,-989898,259571,217173,310246,231819,208359,257919,-989898,-989898,-989898,-989898,-989898,-989898,NuSEDS_20250221,20251112
East Vancouver Island & Mainland Inlets,Coho,2023,273671,319430,20.2,-989898,-989898,-989898,260720,212568,319778,230850,207010,257436,-989898,-989898,-989898,-989898,-989898,-989898,NuSEDS_20250221,20251112
East Vancouver Island & Mainland Inlets,Pink,1953,322661,322661,-71.5,-989898,-989898,-989898,-989898,-989898,-989898,525921,433626,637861,-989898,-989898,-989898,-989898,-989898,-989898,NuSEDS_20250221,20251112
East Vancouver Island & Mainland Inlets,Pink,1954,596403,438675,-61.2,-989898,-989898,-989898,-989898,-989898,-989898,537326,444846,649033,-989898,-989898,-989898,-989898,-989898,-989898,NuSEDS_20250221,20251112
East Vancouver Island & Mainland Inlets,Pink,1955,776747,680628,-39.8,-989898,-989898,-989898,-989898,-989898,-989898,548979,456341,660423,-989898,-989898,-989898,-989898,-989898,-989898,NuSEDS_20250221,20251112
East Vancouver Island & Mainland Inlets,Pink,1956,569294,664979,-41.2,-989898,-989898,-989898,-989898,-989898,-989898,560884,468117,672034,-989898,-989898,-989898,-989898,-989898,-989898,NuSEDS_20250221,20251112
East Vancouver Island & Mainland Inlets,Pink,1957,845407,693747,-38.7,-989898,-989898,-989898,-989898,-989898,-989898,573047,480180,683875,-989898,-989898,-989898,-989898,-989898,-989898,NuSEDS_20250221,20251112
East Vancouver Island & Mainland Inlets,Pink,1958,694387,766185,-32.3,-989898,-989898,-989898,-989898,-989898,-989898,585474,492534,695952,-989898,-989898,-989898,-989898,-989898,-989898,NuSEDS_20250221,20251112
East Vancouver Island & Mainland Inlets,Pink,1959,531946,607764,-46.3,-989898,-989898,-989898,-989898,-989898,-989898,598171,505185,708271,-989898,-989898,-989898,-989898,-989898,-989898,NuSEDS_20250221,20251112
East Vancouver Island & Mainland Inlets,Pink,1960,241967,358767,-68.3,-989898,-989898,-989898,-989898,-989898,-989898,611142,518138,720841,-989898,-989898,-989898,-989898,-989898,-989898,NuSEDS_20250221,20251112
East Vancouver Island & Mainland Inlets,Pink,1961,575026,373011,-67,-989898,-989898,-989898,-989898,-989898,-989898,624396,531397,733669,-989898,-989898,-989898,-989898,-989898,-989898,NuSEDS_20250221,20251112
East Vancouver Island & Mainland Inlets,Pink,1962,655305,613854,-45.8,-989898,-989898,-989898,-989898,-989898,-989898,637936,544968,746764,-989898,-989898,-989898,-989898,-989898,-989898,NuSEDS_20250221,20251112
East Vancouver Island & Mainland Inlets,Pink,1963,692259,673528,-40.5,-989898,-989898,-989898,-989898,-989898,-989898,651770,558855,760134,-989898,-989898,-989898,-989898,-989898,-989898,NuSEDS_20250221,20251112
East Vancouver Island & Mainland Inlets,Pink,1964,595479,642048,-43.3,-989898,-989898,-989898,-989898,-989898,-989898,665904,573061,773789,-989898,-989898,-989898,-989898,-989898,-989898,NuSEDS_20250221,20251112
East Vancouver Island & Mainland Inlets,Pink,1965,583458,589438,-47.9,-989898,-989898,-989898,-989898,-989898,-989898,680345,587592,787740,-989898,-989898,-989898,-989898,-989898,-989898,NuSEDS_20250221,20251112
East Vancouver Island & Mainland Inlets,Pink,1966,1019144,771121,-31.9,-989898,-989898,-989898,-989898,-989898,-989898,695099,602450,801997,-989898,-989898,-989898,-989898,-989898,-989898,NuSEDS_20250221,20251112
East Vancouver Island & Mainland Inlets,Pink,1967,357164,603326,-46.7,-989898,-989898,-989898,-989898,-989898,-989898,710173,617637,816572,-989898,-989898,-989898,-989898,-989898,-989898,NuSEDS_20250221,20251112
East Vancouver Island & Mainland Inlets,Pink,1968,1161943,644208,-43.1,-989898,-989898,-989898,-989898,-989898,-989898,725573,633158,831478,-989898,-989898,-989898,-989898,-989898,-989898,NuSEDS_20250221,20251112
East Vancouver Island & Mainland Inlets,Pink,1969,207216,490686,-56.6,-989898,-989898,-989898,-989898,-989898,-989898,741308,649013,846728,-989898,-989898,-989898,-989898,-989898,-989898,NuSEDS_20250221,20251112
East Vancouver Island & Mainland Inlets,Pink,1970,918846,436348,-61.4,-989898,-989898,-989898,-989898,-989898,-989898,757384,665205,862336,-989898,-989898,-989898,-989898,-989898,-989898,NuSEDS_20250221,20251112
East Vancouver Island & Mainland Inlets,Pink,1971,1838727,1299810,14.9,-989898,-989898,-989898,-989898,-989898,-989898,773808,681733,878319,-989898,-989898,-989898,-989898,-989898,-989898,NuSEDS_20250221,20251112
East Vancouver Island & Mainland Inlets,Pink,1972,603040,1053008,-6.9,-989898,-989898,-989898,-989898,-989898,-989898,790589,698598,894693,-989898,-989898,-989898,-989898,-989898,-989898,NuSEDS_20250221,20251112
East Vancouver Island & Mainland Inlets,Pink,1973,1308999,888469,-21.5,-989898,-989898,-989898,-989898,-989898,-989898,807734,715799,911476,-989898,-989898,-989898,-989898,-989898,-989898,NuSEDS_20250221,20251112
East Vancouver Island & Mainland Inlets,Pink,1974,899008,1084804,-4.1,-989898,-989898,-989898,-989898,-989898,-989898,825250,733334,928687,-989898,-989898,-989898,-989898,-989898,-989898,NuSEDS_20250221,20251112
East Vancouver Island & Mainland Inlets,Pink,1975,2062286,1361621,20.3,-989898,-989898,-989898,-989898,-989898,-989898,843146,751200,946346,-989898,-989898,-989898,-989898,-989898,-989898,NuSEDS_20250221,20251112
East Vancouver Island & Mainland Inlets,Pink,1976,1682493,1862735,64.6,-989898,-989898,-989898,-989898,-989898,-989898,861431,769394,964477,-989898,-989898,-989898,-989898,-989898,-989898,NuSEDS_20250221,20251112
East Vancouver Island & Mainland Inlets,Pink,1977,308721,720708,-36.3,-989898,-989898,-989898,-989898,-989898,-989898,880111,787911,983101,-989898,-989898,-989898,-989898,-989898,-989898,NuSEDS_20250221,20251112
East Vancouver Island & Mainland Inlets,Pink,1978,1239114,618498,-45.3,-989898,-989898,-989898,-989898,-989898,-989898,899197,806746,1002244,-989898,-989898,-989898,-989898,-989898,-989898,NuSEDS_20250221,20251112
East Vancouver Island & Mainland Inlets,Pink,1979,363659,671279,-40.7,-989898,-989898,-989898,-989898,-989898,-989898,918697,825891,1021932,-989898,-989898,-989898,-989898,-989898,-989898,NuSEDS_20250221,20251112
East Vancouver Island & Mainland Inlets,Pink,1980,1783133,805266,-28.8,-989898,-989898,-989898,-989898,-989898,-989898,938620,845340,1042192,-989898,-989898,-989898,-989898,-989898,-989898,NuSEDS_20250221,20251112
East Vancouver Island & Mainland Inlets,Pink,1981,1529359,1651378,45.9,-989898,-989898,-989898,-989898,-989898,-989898,958975,865085,1063054,-989898,-989898,-989898,-989898,-989898,-989898,NuSEDS_20250221,20251112
East Vancouver Island & Mainland Inlets,Pink,1982,676866,1017434,-10.1,-989898,-989898,-989898,-989898,-989898,-989898,979771,885117,1084546,-989898,-989898,-989898,-989898,-989898,-989898,NuSEDS_20250221,20251112
East Vancouver Island & Mainland Inlets,Pink,1983,2227305,1227839,8.5,-989898,-989898,-989898,-989898,-989898,-989898,1001018,905428,1106700,-989898,-989898,-989898,-989898,-989898,-989898,NuSEDS_20250221,20251112
East Vancouver Island & Mainland Inlets,Pink,1984,446342,997066,-11.9,-989898,-989898,-989898,-989898,-989898,-989898,1022726,926007,1129547,-989898,-989898,-989898,-989898,-989898,-989898,NuSEDS_20250221,20251112
East Vancouver Island & Mainland Inlets,Pink,1985,1367287,781203,-31,-989898,-989898,-989898,-989898,-989898,-989898,1044905,946846,1153119,-989898,-989898,-989898,-989898,-989898,-989898,NuSEDS_20250221,20251112
East Vancouver Island & Mainland Inlets,Pink,1986,1685442,1518052,34.2,-989898,-989898,-989898,-989898,-989898,-989898,1067564,967936,1177447,-989898,-989898,-989898,-989898,-989898,-989898,NuSEDS_20250221,20251112
East Vancouver Island & Mainland Inlets,Pink,1987,597895,1003851,-11.3,-989898,-989898,-989898,-989898,-989898,-989898,1090715,989270,1202563,-989898,-989898,-989898,-989898,-989898,-989898,NuSEDS_20250221,20251112
East Vancouver Island & Mainland Inlets,Pink,1988,2319375,1177600,4.1,-989898,-989898,-989898,-989898,-989898,-989898,1114368,1010840,1228499,-989898,-989898,-989898,-989898,-989898,-989898,NuSEDS_20250221,20251112
East Vancouver Island & Mainland Inlets,Pink,1989,554563,1134125,0.2,-989898,-989898,-989898,-989898,-989898,-989898,1138534,1032642,1255286,-989898,-989898,-989898,-989898,-989898,-989898,NuSEDS_20250221,20251112
East Vancouver Island & Mainland Inlets,Pink,1990,4411276,1564075,38.2,-989898,-989898,-989898,-989898,-989898,-989898,1163224,1054669,1282953,-989898,-989898,-989898,-989898,-989898,-989898,NuSEDS_20250221,20251112
East Vancouver Island & Mainland Inlets,Pink,1991,385320,1303747,15.2,-989898,-989898,-989898,-989898,-989898,-989898,1188450,1076920,1311530,-989898,-989898,-989898,-989898,-989898,-989898,NuSEDS_20250221,20251112
East Vancouver Island & Mainland Inlets,Pink,1992,3306325,1128714,-0.2,-989898,-989898,-989898,-989898,-989898,-989898,1214222,1099393,1341045,-989898,-989898,-989898,-989898,-989898,-989898,NuSEDS_20250221,20251112
East Vancouver Island & Mainland Inlets,Pink,1993,736863,1560868,37.9,-989898,-989898,-989898,-989898,-989898,-989898,1240554,1122089,1371525,-989898,-989898,-989898,-989898,-989898,-989898,NuSEDS_20250221,20251112
East Vancouver Island & Mainland Inlets,Pink,1994,1805877,1153553,1.9,-989898,-989898,-989898,-989898,-989898,-989898,1267456,1145010,1402996,-989898,-989898,-989898,-989898,-989898,-989898,NuSEDS_20250221,20251112
East Vancouver Island & Mainland Inlets,Pink,1995,426056,877158,-22.5,-989898,-989898,-989898,-989898,-989898,-989898,1294942,1168159,1435484,-989898,-989898,-989898,-989898,-989898,-989898,NuSEDS_20250221,20251112
East Vancouver Island & Mainland Inlets,Pink,1996,3366502,1197631,5.8,-989898,-989898,-989898,-989898,-989898,-989898,1323024,1191543,1469014,-989898,-989898,-989898,-989898,-989898,-989898,NuSEDS_20250221,20251112
East Vancouver Island & Mainland Inlets,Pink,1997,701376,1536615,35.8,-989898,-989898,-989898,-989898,-989898,-989898,1351715,1215166,1503608,-989898,-989898,-989898,-989898,-989898,-989898,NuSEDS_20250221,20251112
East Vancouver Island & Mainland Inlets,Pink,1998,3061620,1465383,29.5,-989898,-989898,-989898,-989898,-989898,-989898,1381028,1239036,1539291,-989898,-989898,-989898,-989898,-989898,-989898,NuSEDS_20250221,20251112
East Vancouver Island & Mainland Inlets,Pink,1999,1401835,2071687,83.1,-989898,-989898,-989898,-989898,-989898,-989898,1410977,1263163,1576087,-989898,-989898,-989898,-989898,-989898,-989898,NuSEDS_20250221,20251112
East Vancouver Island & Mainland Inlets,Pink,2000,7357785,3211604,183.8,-989898,-989898,-989898,-989898,-989898,-989898,1441575,1287555,1614019,-989898,-989898,-989898,-989898,-989898,-989898,NuSEDS_20250221,20251112
East Vancouver Island & Mainland Inlets,Pink,2001,3301835,4928914,335.6,-989898,-989898,-989898,-989898,-989898,-989898,1472836,1312222,1653110,-989898,-989898,-989898,-989898,-989898,-989898,NuSEDS_20250221,20251112
East Vancouver Island & Mainland Inlets,Pink,2002,1165607,1961796,73.4,-989898,-989898,-989898,-989898,-989898,-989898,1504776,1337175,1693384,-989898,-989898,-989898,-989898,-989898,-989898,NuSEDS_20250221,20251112
East Vancouver Island & Mainland Inlets,Pink,2003,604376,839324,-25.8,-989898,-989898,-989898,-989898,-989898,-989898,1537408,1362424,1734867,-989898,-989898,-989898,-989898,-989898,-989898,NuSEDS_20250221,20251112
East Vancouver Island & Mainland Inlets,Pink,2004,2087810,1123308,-0.7,-989898,-989898,-989898,-989898,-989898,-989898,1570748,1387981,1777583,-989898,-989898,-989898,-989898,-989898,-989898,NuSEDS_20250221,20251112
East Vancouver Island & Mainland Inlets,Pink,2005,850317,1332404,17.8,-989898,-989898,-989898,-989898,-989898,-989898,1604811,1413856,1821558,-989898,-989898,-989898,-989898,-989898,-989898,NuSEDS_20250221,20251112
East Vancouver Island & Mainland Inlets,Pink,2006,773785,811149,-28.3,-989898,-989898,-989898,-989898,-989898,-989898,1639613,1440061,1866818,-989898,-989898,-989898,-989898,-989898,-989898,NuSEDS_20250221,20251112
East Vancouver Island & Mainland Inlets,Pink,2007,1057608,904633,-20.1,-989898,-989898,-989898,-989898,-989898,-989898,1675169,1466607,1913391,-989898,-989898,-989898,-989898,-989898,-989898,NuSEDS_20250221,20251112
East Vancouver Island & Mainland Inlets,Pink,2008,795685,917345,-18.9,-989898,-989898,-989898,-989898,-989898,-989898,1711497,1493506,1961306,-989898,-989898,-989898,-989898,-989898,-989898,NuSEDS_20250221,20251112
East Vancouver Island & Mainland Inlets,Pink,2009,3741798,1725483,52.5,-989898,-989898,-989898,-989898,-989898,-989898,1748612,1520768,2010592,-989898,-989898,-989898,-989898,-989898,-989898,NuSEDS_20250221,20251112
East Vancouver Island & Mainland Inlets,Pink,2010,1817425,2607765,130.5,-989898,-989898,-989898,-989898,-989898,-989898,1786532,1548406,2061279,-989898,-989898,-989898,-989898,-989898,-989898,NuSEDS_20250221,20251112
East Vancouver Island & Mainland Inlets,Pink,2011,837887,1234017,9.1,-989898,-989898,-989898,-989898,-989898,-989898,1825275,1576430,2113400,-989898,-989898,-989898,-989898,-989898,-989898,NuSEDS_20250221,20251112
East Vancouver Island & Mainland Inlets,Pink,2012,3796903,1783641,57.6,-989898,-989898,-989898,-989898,-989898,-989898,1864857,1604852,2166987,-989898,-989898,-989898,-989898,-989898,-989898,NuSEDS_20250221,20251112
East Vancouver Island & Mainland Inlets,Pink,2013,3393472,3589524,217.2,-989898,-989898,-989898,-989898,-989898,-989898,1905298,1633682,2222073,-989898,-989898,-989898,-989898,-989898,-989898,NuSEDS_20250221,20251112
East Vancouver Island & Mainland Inlets,Pink,2014,6770271,4793196,323.6,-989898,-989898,-989898,-989898,-989898,-989898,1946616,1662931,2278696,-989898,-989898,-989898,-989898,-989898,-989898,NuSEDS_20250221,20251112
East Vancouver Island & Mainland Inlets,Pink,2015,4354834,5429863,379.9,-989898,-989898,-989898,-989898,-989898,-989898,1988830,1692611,2336889,-989898,-989898,-989898,-989898,-989898,-989898,NuSEDS_20250221,20251112
East Vancouver Island & Mainland Inlets,Pink,2016,1016529,2104000,85.9,-989898,-989898,-989898,-989898,-989898,-989898,2031960,1722733,2396692,-989898,-989898,-989898,-989898,-989898,-989898,NuSEDS_20250221,20251112
East Vancouver Island & Mainland Inlets,Pink,2017,1136542,1074862,-5,-989898,-989898,-989898,-989898,-989898,-989898,2076024,1753306,2458143,-989898,-989898,-989898,-989898,-989898,-989898,NuSEDS_20250221,20251112
East Vancouver Island & Mainland Inlets,Pink,2018,1038500,1086415,-4,-989898,-989898,-989898,1018041,941520,1100781,2121045,1784342,2521282,-989898,-989898,-989898,-989898,-989898,-989898,NuSEDS_20250221,20251112
East Vancouver Island & Mainland Inlets,Pink,2019,1295059,1159706,2.5,-989898,-989898,-989898,1258166,1186480,1334183,2167041,1815852,2586151,-989898,-989898,-989898,-989898,-989898,-989898,NuSEDS_20250221,20251112
East Vancouver Island & Mainland Inlets,Pink,2020,1918925,1576427,39.3,-989898,-989898,-989898,1554929,1485131,1628008,2214035,1847847,2652791,-989898,-989898,-989898,-989898,-989898,-989898,NuSEDS_20250221,20251112
East Vancouver Island & Mainland Inlets,Pink,2021,1828123,1872974,65.5,-989898,-989898,-989898,1921690,1835428,2012006,2262048,1880336,2721249,-989898,-989898,-989898,-989898,-989898,-989898,NuSEDS_20250221,20251112
East Vancouver Island & Mainland Inlets,Pink,2022,3154628,2401467,112.2,-989898,-989898,-989898,2374959,2239641,2518451,2311103,1913332,2791568,-989898,-989898,-989898,-989898,-989898,-989898,NuSEDS_20250221,20251112
East Vancouver Island & Mainland Inlets,Pink,2023,2827247,2986455,163.9,-989898,-989898,-989898,2935140,2714519,3173690,2361221,1946845,2863795,-989898,-989898,-989898,-989898,-989898,-989898,NuSEDS_20250221,20251112
East Vancouver Island & Mainland Inlets,Sockeye,1953,186582,186582,67.9,-989898,-989898,-989898,-989898,-989898,-989898,159438,136147,186715,-989898,-989898,-989898,-989898,-989898,-989898,NuSEDS_20250221,20251112
East Vancouver Island & Mainland Inlets,Sockeye,1954,173565,179956,61.9,-989898,-989898,-989898,-989898,-989898,-989898,157869,135259,184259,-989898,-989898,-989898,-989898,-989898,-989898,NuSEDS_20250221,20251112
East Vancouver Island & Mainland Inlets,Sockeye,1955,153052,170500,53.4,-989898,-989898,-989898,-989898,-989898,-989898,156315,134373,181840,-989898,-989898,-989898,-989898,-989898,-989898,NuSEDS_20250221,20251112
East Vancouver Island & Mainland Inlets,Sockeye,1956,121630,156694,41,-989898,-989898,-989898,-989898,-989898,-989898,154777,133489,179458,-989898,-989898,-989898,-989898,-989898,-989898,NuSEDS_20250221,20251112
East Vancouver Island & Mainland Inlets,Sockeye,1957,194620,163637,47.3,-989898,-989898,-989898,-989898,-989898,-989898,153253,132607,177113,-989898,-989898,-989898,-989898,-989898,-989898,NuSEDS_20250221,20251112
East Vancouver Island & Mainland Inlets,Sockeye,1958,116644,148963,34.1,-989898,-989898,-989898,-989898,-989898,-989898,151745,131727,174804,-989898,-989898,-989898,-989898,-989898,-989898,NuSEDS_20250221,20251112
East Vancouver Island & Mainland Inlets,Sockeye,1959,132490,141131,27,-989898,-989898,-989898,-989898,-989898,-989898,150251,130848,172531,-989898,-989898,-989898,-989898,-989898,-989898,NuSEDS_20250221,20251112
East Vancouver Island & Mainland Inlets,Sockeye,1960,112308,132659,19.4,-989898,-989898,-989898,-989898,-989898,-989898,148772,129971,170293,-989898,-989898,-989898,-989898,-989898,-989898,NuSEDS_20250221,20251112
East Vancouver Island & Mainland Inlets,Sockeye,1961,106518,129185,16.3,-989898,-989898,-989898,-989898,-989898,-989898,147308,129094,168092,-989898,-989898,-989898,-989898,-989898,-989898,NuSEDS_20250221,20251112
East Vancouver Island & Mainland Inlets,Sockeye,1962,185259,127918,15.1,-989898,-989898,-989898,-989898,-989898,-989898,145858,128217,165925,-989898,-989898,-989898,-989898,-989898,-989898,NuSEDS_20250221,20251112
East Vancouver Island & Mainland Inlets,Sockeye,1963,233111,146917,32.2,-989898,-989898,-989898,-989898,-989898,-989898,144422,127341,163794,-989898,-989898,-989898,-989898,-989898,-989898,NuSEDS_20250221,20251112
East Vancouver Island & Mainland Inlets,Sockeye,1964,158095,152202,37,-989898,-989898,-989898,-989898,-989898,-989898,143001,126465,161698,-989898,-989898,-989898,-989898,-989898,-989898,NuSEDS_20250221,20251112
East Vancouver Island & Mainland Inlets,Sockeye,1965,49435,129165,16.2,-989898,-989898,-989898,-989898,-989898,-989898,141593,125588,159638,-989898,-989898,-989898,-989898,-989898,-989898,NuSEDS_20250221,20251112
East Vancouver Island & Mainland Inlets,Sockeye,1966,191500,145242,30.7,-989898,-989898,-989898,-989898,-989898,-989898,140200,124711,157612,-989898,-989898,-989898,-989898,-989898,-989898,NuSEDS_20250221,20251112
East Vancouver Island & Mainland Inlets,Sockeye,1967,154668,140093,26.1,-989898,-989898,-989898,-989898,-989898,-989898,138820,123832,155622,-989898,-989898,-989898,-989898,-989898,-989898,NuSEDS_20250221,20251112
East Vancouver Island & Mainland Inlets,Sockeye,1968,143263,127096,14.4,-989898,-989898,-989898,-989898,-989898,-989898,137453,122951,153666,-989898,-989898,-989898,-989898,-989898,-989898,NuSEDS_20250221,20251112
East Vancouver Island & Mainland Inlets,Sockeye,1969,175103,129720,16.7,-989898,-989898,-989898,-989898,-989898,-989898,136100,122068,151746,-989898,-989898,-989898,-989898,-989898,-989898,NuSEDS_20250221,20251112
East Vancouver Island & Mainland Inlets,Sockeye,1970,106359,151201,36.1,-989898,-989898,-989898,-989898,-989898,-989898,134761,121182,149861,-989898,-989898,-989898,-989898,-989898,-989898,NuSEDS_20250221,20251112
East Vancouver Island & Mainland Inlets,Sockeye,1971,180206,149374,34.4,-989898,-989898,-989898,-989898,-989898,-989898,133434,120293,148011,-989898,-989898,-989898,-989898,-989898,-989898,NuSEDS_20250221,20251112
East Vancouver Island & Mainland Inlets,Sockeye,1972,119396,141838,27.6,-989898,-989898,-989898,-989898,-989898,-989898,132121,119400,146197,-989898,-989898,-989898,-989898,-989898,-989898,NuSEDS_20250221,20251112
East Vancouver Island & Mainland Inlets,Sockeye,1973,199577,151561,36.4,-989898,-989898,-989898,-989898,-989898,-989898,130820,118503,144418,-989898,-989898,-989898,-989898,-989898,-989898,NuSEDS_20250221,20251112
East Vancouver Island & Mainland Inlets,Sockeye,1974,234099,160623,44.6,-989898,-989898,-989898,-989898,-989898,-989898,129533,117601,142676,-989898,-989898,-989898,-989898,-989898,-989898,NuSEDS_20250221,20251112
East Vancouver Island & Mainland Inlets,Sockeye,1975,99592,158525,42.7,-989898,-989898,-989898,-989898,-989898,-989898,128258,116693,140969,-989898,-989898,-989898,-989898,-989898,-989898,NuSEDS_20250221,20251112
East Vancouver Island & Mainland Inlets,Sockeye,1976,87333,137145,23.4,-989898,-989898,-989898,-989898,-989898,-989898,126995,115779,139299,-989898,-989898,-989898,-989898,-989898,-989898,NuSEDS_20250221,20251112
East Vancouver Island & Mainland Inlets,Sockeye,1977,77677,125846,13.3,-989898,-989898,-989898,-989898,-989898,-989898,125745,114858,137665,-989898,-989898,-989898,-989898,-989898,-989898,NuSEDS_20250221,20251112
East Vancouver Island & Mainland Inlets,Sockeye,1978,57149,97999,-11.8,-989898,-989898,-989898,-989898,-989898,-989898,124508,113929,136068,-989898,-989898,-989898,-989898,-989898,-989898,NuSEDS_20250221,20251112
East Vancouver Island & Mainland Inlets,Sockeye,1979,49841,71921,-35.3,-989898,-989898,-989898,-989898,-989898,-989898,123282,112993,134509,-989898,-989898,-989898,-989898,-989898,-989898,NuSEDS_20250221,20251112
East Vancouver Island & Mainland Inlets,Sockeye,1980,86365,69901,-37.1,-989898,-989898,-989898,-989898,-989898,-989898,122069,112047,132986,-989898,-989898,-989898,-989898,-989898,-989898,NuSEDS_20250221,20251112
East Vancouver Island & Mainland Inlets,Sockeye,1981,170898,79945,-28.1,-989898,-989898,-989898,-989898,-989898,-989898,120867,111093,131501,-989898,-989898,-989898,-989898,-989898,-989898,NuSEDS_20250221,20251112
East Vancouver Island & Mainland Inlets,Sockeye,1982,170209,93526,-15.8,-989898,-989898,-989898,-989898,-989898,-989898,119677,110129,130054,-989898,-989898,-989898,-989898,-989898,-989898,NuSEDS_20250221,20251112
East Vancouver Island & Mainland Inlets,Sockeye,1983,185695,118383,6.5,-989898,-989898,-989898,-989898,-989898,-989898,118500,109155,128644,-989898,-989898,-989898,-989898,-989898,-989898,NuSEDS_20250221,20251112
East Vancouver Island & Mainland Inlets,Sockeye,1984,100835,136299,22.7,-989898,-989898,-989898,-989898,-989898,-989898,117333,108171,127271,-989898,-989898,-989898,-989898,-989898,-989898,NuSEDS_20250221,20251112
East Vancouver Island & Mainland Inlets,Sockeye,1985,163761,154906,39.4,-989898,-989898,-989898,-989898,-989898,-989898,116178,107177,125936,-989898,-989898,-989898,-989898,-989898,-989898,NuSEDS_20250221,20251112
East Vancouver Island & Mainland Inlets,Sockeye,1986,142289,149333,34.4,-989898,-989898,-989898,-989898,-989898,-989898,115035,106172,124638,-989898,-989898,-989898,-989898,-989898,-989898,NuSEDS_20250221,20251112
East Vancouver Island & Mainland Inlets,Sockeye,1987,257329,162202,46,-989898,-989898,-989898,-989898,-989898,-989898,113902,105157,123376,-989898,-989898,-989898,-989898,-989898,-989898,NuSEDS_20250221,20251112
East Vancouver Island & Mainland Inlets,Sockeye,1988,326542,181587,63.4,-989898,-989898,-989898,-989898,-989898,-989898,112781,104131,122150,-989898,-989898,-989898,-989898,-989898,-989898,NuSEDS_20250221,20251112
East Vancouver Island & Mainland Inlets,Sockeye,1989,116990,187065,68.3,-989898,-989898,-989898,-989898,-989898,-989898,111671,103097,120959,-989898,-989898,-989898,-989898,-989898,-989898,NuSEDS_20250221,20251112
East Vancouver Island & Mainland Inlets,Sockeye,1990,94487,167581,50.8,-989898,-989898,-989898,-989898,-989898,-989898,110572,102053,119802,-989898,-989898,-989898,-989898,-989898,-989898,NuSEDS_20250221,20251112
East Vancouver Island & Mainland Inlets,Sockeye,1991,164153,172441,55.2,-989898,-989898,-989898,-989898,-989898,-989898,109484,101001,118679,-989898,-989898,-989898,-989898,-989898,-989898,NuSEDS_20250221,20251112
East Vancouver Island & Mainland Inlets,Sockeye,1992,402358,188566,69.7,-989898,-989898,-989898,-989898,-989898,-989898,108406,99941,117588,-989898,-989898,-989898,-989898,-989898,-989898,NuSEDS_20250221,20251112
East Vancouver Island & Mainland Inlets,Sockeye,1993,176465,166728,50,-989898,-989898,-989898,-989898,-989898,-989898,107339,98875,116528,-989898,-989898,-989898,-989898,-989898,-989898,NuSEDS_20250221,20251112
East Vancouver Island & Mainland Inlets,Sockeye,1994,67056,149164,34.2,-989898,-989898,-989898,-989898,-989898,-989898,106283,97803,115497,-989898,-989898,-989898,-989898,-989898,-989898,NuSEDS_20250221,20251112
East Vancouver Island & Mainland Inlets,Sockeye,1995,67689,139539,25.6,-989898,-989898,-989898,-989898,-989898,-989898,105236,96726,114495,-989898,-989898,-989898,-989898,-989898,-989898,NuSEDS_20250221,20251112
East Vancouver Island & Mainland Inlets,Sockeye,1996,61576,114690,3.2,-989898,-989898,-989898,-989898,-989898,-989898,104201,95646,113520,-989898,-989898,-989898,-989898,-989898,-989898,NuSEDS_20250221,20251112
East Vancouver Island & Mainland Inlets,Sockeye,1997,112764,88928,-20,-989898,-989898,-989898,-989898,-989898,-989898,103175,94564,112570,-989898,-989898,-989898,-989898,-989898,-989898,NuSEDS_20250221,20251112
East Vancouver Island & Mainland Inlets,Sockeye,1998,58815,71385,-35.8,-989898,-989898,-989898,-989898,-989898,-989898,102159,93480,111645,-989898,-989898,-989898,-989898,-989898,-989898,NuSEDS_20250221,20251112
East Vancouver Island & Mainland Inlets,Sockeye,1999,29862,60721,-45.4,-989898,-989898,-989898,-989898,-989898,-989898,101154,92395,110743,-989898,-989898,-989898,-989898,-989898,-989898,NuSEDS_20250221,20251112
East Vancouver Island & Mainland Inlets,Sockeye,2000,21133,48109,-56.7,-989898,-989898,-989898,-989898,-989898,-989898,100158,91312,109862,-989898,-989898,-989898,-989898,-989898,-989898,NuSEDS_20250221,20251112
East Vancouver Island & Mainland Inlets,Sockeye,2001,44844,45153,-59.4,-989898,-989898,-989898,-989898,-989898,-989898,99172,90230,109001,-989898,-989898,-989898,-989898,-989898,-989898,NuSEDS_20250221,20251112
East Vancouver Island & Mainland Inlets,Sockeye,2002,192862,50269,-54.8,-989898,-989898,-989898,-989898,-989898,-989898,98196,89151,108160,-989898,-989898,-989898,-989898,-989898,-989898,NuSEDS_20250221,20251112
East Vancouver Island & Mainland Inlets,Sockeye,2003,109914,56966,-48.7,-989898,-989898,-989898,-989898,-989898,-989898,97230,88075,107336,-989898,-989898,-989898,-989898,-989898,-989898,NuSEDS_20250221,20251112
East Vancouver Island & Mainland Inlets,Sockeye,2004,39525,60251,-45.8,-989898,-989898,-989898,-989898,-989898,-989898,96273,87003,106529,-989898,-989898,-989898,-989898,-989898,-989898,NuSEDS_20250221,20251112
East Vancouver Island & Mainland Inlets,Sockeye,2005,51288,71941,-35.3,-989898,-989898,-989898,-989898,-989898,-989898,95325,85937,105739,-989898,-989898,-989898,-989898,-989898,-989898,NuSEDS_20250221,20251112
East Vancouver Island & Mainland Inlets,Sockeye,2006,71958,79077,-28.8,-989898,-989898,-989898,-989898,-989898,-989898,94387,84876,104963,-989898,-989898,-989898,-989898,-989898,-989898,NuSEDS_20250221,20251112
East Vancouver Island & Mainland Inlets,Sockeye,2007,40491,57873,-47.9,-989898,-989898,-989898,-989898,-989898,-989898,93458,83822,104201,-989898,-989898,-989898,-989898,-989898,-989898,NuSEDS_20250221,20251112
East Vancouver Island & Mainland Inlets,Sockeye,2008,55095,50406,-54.6,-989898,-989898,-989898,-989898,-989898,-989898,92538,82774,103453,-989898,-989898,-989898,-989898,-989898,-989898,NuSEDS_20250221,20251112
East Vancouver Island & Mainland Inlets,Sockeye,2009,36144,49513,-55.4,-989898,-989898,-989898,84410,63071,112969,91627,81734,102717,-989898,-989898,-989898,-989898,-989898,-989898,NuSEDS_20250221,20251112
East Vancouver Island & Mainland Inlets,Sockeye,2010,185077,64001,-42.4,-989898,-989898,-989898,86418,66503,112295,90725,80702,101993,-989898,-989898,-989898,-989898,-989898,-989898,NuSEDS_20250221,20251112
East Vancouver Island & Mainland Inlets,Sockeye,2011,233965,81022,-27.1,-989898,-989898,-989898,88473,70007,111810,89832,79678,101280,-989898,-989898,-989898,-989898,-989898,-989898,NuSEDS_20250221,20251112
East Vancouver Island & Mainland Inlets,Sockeye,2012,103181,97690,-12.1,-989898,-989898,-989898,90577,73524,111586,88948,78663,100578,-989898,-989898,-989898,-989898,-989898,-989898,NuSEDS_20250221,20251112
East Vancouver Island & Mainland Inlets,Sockeye,2013,120901,114318,2.9,-989898,-989898,-989898,92731,76966,111726,88072,77656,99886,-989898,-989898,-989898,-989898,-989898,-989898,NuSEDS_20250221,20251112
East Vancouver Island & Mainland Inlets,Sockeye,2014,172452,156257,40.6,-989898,-989898,-989898,94936,80201,112379,87206,76659,99204,-989898,-989898,-989898,-989898,-989898,-989898,NuSEDS_20250221,20251112
East Vancouver Island & Mainland Inlets,Sockeye,2015,152504,150323,35.3,-989898,-989898,-989898,97194,83063,113729,86347,75671,98530,-989898,-989898,-989898,-989898,-989898,-989898,NuSEDS_20250221,20251112
East Vancouver Island & Mainland Inlets,Sockeye,2016,118580,131220,18.1,-989898,-989898,-989898,99506,85383,115964,85497,74692,97865,-989898,-989898,-989898,-989898,-989898,-989898,NuSEDS_20250221,20251112
East Vancouver Island & Mainland Inlets,Sockeye,2017,50311,113661,2.3,-989898,-989898,-989898,101872,87061,119203,84656,73724,97209,-989898,-989898,-989898,-989898,-989898,-989898,NuSEDS_20250221,20251112
East Vancouver Island & Mainland Inlets,Sockeye,2018,140643,117152,5.4,-989898,-989898,-989898,104295,88107,123457,83823,72765,96560,-989898,-989898,-989898,-989898,-989898,-989898,NuSEDS_20250221,20251112
East Vancouver Island & Mainland Inlets,Sockeye,2019,90838,103055,-7.3,-989898,-989898,-989898,106775,88622,128647,82997,71816,95919,-989898,-989898,-989898,-989898,-989898,-989898,NuSEDS_20250221,20251112
East Vancouver Island & Mainland Inlets,Sockeye,2020,38638,78310,-29.5,-989898,-989898,-989898,109315,88734,134669,82181,70878,95286,-989898,-989898,-989898,-989898,-989898,-989898,NuSEDS_20250221,20251112
East Vancouver Island & Mainland Inlets,Sockeye,2021,192074,86240,-22.4,-989898,-989898,-989898,111914,88555,141435,81372,69949,94659,-989898,-989898,-989898,-989898,-989898,-989898,NuSEDS_20250221,20251112
East Vancouver Island & Mainland Inlets,Sockeye,2022,229303,116803,5.1,-989898,-989898,-989898,114576,88173,148886,80571,69031,94039,-989898,-989898,-989898,-989898,-989898,-989898,NuSEDS_20250221,20251112
East Vancouver Island & Mainland Inlets,Sockeye,2023,55686,97047,-12.7,-989898,-989898,-989898,117301,87647,156988,79778,68123,93426,-989898,-989898,-989898,-989898,-989898,-989898,NuSEDS_20250221,20251112
East Vancouver Island & Mainland Inlets,Steelhead,1953,-989898,-989898,-989898,-989898,-989898,-989898,-989898,-989898,-989898,-989898,-989898,-989898,-989898,-989898,-989898,-989898,-989898,-989898,NuSEDS_20250221,20251112
East Vancouver Island & Mainland Inlets,Steelhead,1954,-989898,-989898,-989898,-989898,-989898,-989898,-989898,-989898,-989898,-989898,-989898,-989898,-989898,-989898,-989898,-989898,-989898,-989898,NuSEDS_20250221,20251112
East Vancouver Island & Mainland Inlets,Steelhead,1955,-989898,-989898,-989898,-989898,-989898,-989898,-989898,-989898,-989898,-989898,-989898,-989898,-989898,-989898,-989898,-989898,-989898,-989898,NuSEDS_20250221,20251112
East Vancouver Island & Mainland Inlets,Steelhead,1956,-989898,-989898,-989898,-989898,-989898,-989898,-989898,-989898,-989898,-989898,-989898,-989898,-989898,-989898,-989898,-989898,-989898,-989898,NuSEDS_20250221,20251112
East Vancouver Island & Mainland Inlets,Steelhead,1957,-989898,-989898,-989898,-989898,-989898,-989898,-989898,-989898,-989898,-989898,-989898,-989898,-989898,-989898,-989898,-989898,-989898,-989898,NuSEDS_20250221,20251112
East Vancouver Island & Mainland Inlets,Steelhead,1958,-989898,-989898,-989898,-989898,-989898,-989898,-989898,-989898,-989898,-989898,-989898,-989898,-989898,-989898,-989898,-989898,-989898,-989898,NuSEDS_20250221,20251112
East Vancouver Island & Mainland Inlets,Steelhead,1959,-989898,-989898,-989898,-989898,-989898,-989898,-989898,-989898,-989898,-989898,-989898,-989898,-989898,-989898,-989898,-989898,-989898,-989898,NuSEDS_20250221,20251112
East Vancouver Island & Mainland Inlets,Steelhead,1960,-989898,-989898,-989898,-989898,-989898,-989898,-989898,-989898,-989898,-989898,-989898,-989898,-989898,-989898,-989898,-989898,-989898,-989898,NuSEDS_20250221,20251112
East Vancouver Island & Mainland Inlets,Steelhead,1961,-989898,-989898,-989898,-989898,-989898,-989898,-989898,-989898,-989898,-989898,-989898,-989898,-989898,-989898,-989898,-989898,-989898,-989898,NuSEDS_20250221,20251112
East Vancouver Island & Mainland Inlets,Steelhead,1962,-989898,-989898,-989898,-989898,-989898,-989898,-989898,-989898,-989898,-989898,-989898,-989898,-989898,-989898,-989898,-989898,-989898,-989898,NuSEDS_20250221,20251112
East Vancouver Island & Mainland Inlets,Steelhead,1963,-989898,-989898,-989898,-989898,-989898,-989898,-989898,-989898,-989898,-989898,-989898,-989898,-989898,-989898,-989898,-989898,-989898,-989898,NuSEDS_20250221,20251112
East Vancouver Island & Mainland Inlets,Steelhead,1964,-989898,-989898,-989898,-989898,-989898,-989898,-989898,-989898,-989898,-989898,-989898,-989898,-989898,-989898,-989898,-989898,-989898,-989898,NuSEDS_20250221,20251112
East Vancouver Island & Mainland Inlets,Steelhead,1965,-989898,-989898,-989898,-989898,-989898,-989898,-989898,-989898,-989898,-989898,-989898,-989898,-989898,-989898,-989898,-989898,-989898,-989898,NuSEDS_20250221,20251112
East Vancouver Island & Mainland Inlets,Steelhead,1966,-989898,-989898,-989898,-989898,-989898,-989898,-989898,-989898,-989898,-989898,-989898,-989898,-989898,-989898,-989898,-989898,-989898,-989898,NuSEDS_20250221,20251112
East Vancouver Island & Mainland Inlets,Steelhead,1967,-989898,-989898,-989898,-989898,-989898,-989898,-989898,-989898,-989898,-989898,-989898,-989898,-989898,-989898,-989898,-989898,-989898,-989898,NuSEDS_20250221,20251112
East Vancouver Island & Mainland Inlets,Steelhead,1968,-989898,-989898,-989898,-989898,-989898,-989898,-989898,-989898,-989898,-989898,-989898,-989898,-989898,-989898,-989898,-989898,-989898,-989898,NuSEDS_20250221,20251112
East Vancouver Island & Mainland Inlets,Steelhead,1969,-989898,-989898,-989898,-989898,-989898,-989898,-989898,-989898,-989898,-989898,-989898,-989898,-989898,-989898,-989898,-989898,-989898,-989898,NuSEDS_20250221,20251112
East Vancouver Island & Mainland Inlets,Steelhead,1970,-989898,-989898,-989898,-989898,-989898,-989898,-989898,-989898,-989898,-989898,-989898,-989898,-989898,-989898,-989898,-989898,-989898,-989898,NuSEDS_20250221,20251112
East Vancouver Island & Mainland Inlets,Steelhead,1971,-989898,-989898,-989898,-989898,-989898,-989898,-989898,-989898,-989898,-989898,-989898,-989898,-989898,-989898,-989898,-989898,-989898,-989898,NuSEDS_20250221,20251112
East Vancouver Island & Mainland Inlets,Steelhead,1972,-989898,-989898,-989898,-989898,-989898,-989898,-989898,-989898,-989898,-989898,-989898,-989898,-989898,-989898,-989898,-989898,-989898,-989898,NuSEDS_20250221,20251112
East Vancouver Island & Mainland Inlets,Steelhead,1973,-989898,-989898,-989898,-989898,-989898,-989898,-989898,-989898,-989898,-989898,-989898,-989898,-989898,-989898,-989898,-989898,-989898,-989898,NuSEDS_20250221,20251112
East Vancouver Island & Mainland Inlets,Steelhead,1974,-989898,-989898,-989898,-989898,-989898,-989898,-989898,-989898,-989898,-989898,-989898,-989898,-989898,-989898,-989898,-989898,-989898,-989898,NuSEDS_20250221,20251112
East Vancouver Island & Mainland Inlets,Steelhead,1975,-989898,-989898,-989898,-989898,-989898,-989898,-989898,-989898,-989898,-989898,-989898,-989898,-989898,-989898,-989898,-989898,-989898,-989898,NuSEDS_20250221,20251112
East Vancouver Island & Mainland Inlets,Steelhead,1976,2244,2244,71.8,-989898,-989898,-989898,-989898,-989898,-989898,2297,1795,2939,-989898,-989898,-989898,-989898,-989898,-989898,NuSEDS_20250221,20251112
East Vancouver Island & Mainland Inlets,Steelhead,1977,1682,1943,48.7,-989898,-989898,-989898,-989898,-989898,-989898,2247,1769,2854,-989898,-989898,-989898,-989898,-989898,-989898,NuSEDS_20250221,20251112
East Vancouver Island & Mainland Inlets,Steelhead,1978,1669,1847,41.4,-989898,-989898,-989898,-989898,-989898,-989898,2198,1744,2771,-989898,-989898,-989898,-989898,-989898,-989898,NuSEDS_20250221,20251112
East Vancouver Island & Mainland Inlets,Steelhead,1979,1072,1612,23.4,-989898,-989898,-989898,-989898,-989898,-989898,2151,1719,2691,-989898,-989898,-989898,-989898,-989898,-989898,NuSEDS_20250221,20251112
East Vancouver Island & Mainland Inlets,Steelhead,1980,698,1364,4.4,-989898,-989898,-989898,-989898,-989898,-989898,2104,1694,2614,-989898,-989898,-989898,-989898,-989898,-989898,NuSEDS_20250221,20251112
East Vancouver Island & Mainland Inlets,Steelhead,1981,1810,1306,0,-989898,-989898,-989898,-989898,-989898,-989898,2058,1669,2539,-989898,-989898,-989898,-989898,-989898,-989898,NuSEDS_20250221,20251112
East Vancouver Island & Mainland Inlets,Steelhead,1982,2203,1378,5.5,-989898,-989898,-989898,-989898,-989898,-989898,2014,1644,2466,-989898,-989898,-989898,-989898,-989898,-989898,NuSEDS_20250221,20251112
East Vancouver Island & Mainland Inlets,Steelhead,1983,5324,1738,33.1,-989898,-989898,-989898,-989898,-989898,-989898,1970,1620,2396,-989898,-989898,-989898,-989898,-989898,-989898,NuSEDS_20250221,20251112
East Vancouver Island & Mainland Inlets,Steelhead,1984,4001,2262,73.2,-989898,-989898,-989898,-989898,-989898,-989898,1927,1595,2329,-989898,-989898,-989898,-989898,-989898,-989898,NuSEDS_20250221,20251112
East Vancouver Island & Mainland Inlets,Steelhead,1985,3794,3174,143,-989898,-989898,-989898,-989898,-989898,-989898,1886,1571,2263,-989898,-989898,-989898,-989898,-989898,-989898,NuSEDS_20250221,20251112
East Vancouver Island & Mainland Inlets,Steelhead,1986,3312,3582,174.2,-989898,-989898,-989898,-989898,-989898,-989898,1845,1547,2200,-989898,-989898,-989898,-989898,-989898,-989898,NuSEDS_20250221,20251112
East Vancouver Island & Mainland Inlets,Steelhead,1987,6274,4416,238,-989898,-989898,-989898,-989898,-989898,-989898,1805,1522,2140,-989898,-989898,-989898,-989898,-989898,-989898,NuSEDS_20250221,20251112
East Vancouver Island & Mainland Inlets,Steelhead,1988,4965,4355,233.3,-989898,-989898,-989898,-989898,-989898,-989898,1766,1498,2081,-989898,-989898,-989898,-989898,-989898,-989898,NuSEDS_20250221,20251112
East Vancouver Island & Mainland Inlets,Steelhead,1989,2764,4044,209.5,-989898,-989898,-989898,-989898,-989898,-989898,1727,1474,2024,-989898,-989898,-989898,-989898,-989898,-989898,NuSEDS_20250221,20251112
East Vancouver Island & Mainland Inlets,Steelhead,1990,3011,3861,195.6,-989898,-989898,-989898,-989898,-989898,-989898,1690,1450,1970,-989898,-989898,-989898,-989898,-989898,-989898,NuSEDS_20250221,20251112
East Vancouver Island & Mainland Inlets,Steelhead,1991,1233,3169,142.6,-989898,-989898,-989898,-989898,-989898,-989898,1653,1425,1918,-989898,-989898,-989898,-989898,-989898,-989898,NuSEDS_20250221,20251112
East Vancouver Island & Mainland Inlets,Steelhead,1992,1830,2477,89.6,-989898,-989898,-989898,-989898,-989898,-989898,1618,1401,1868,-989898,-989898,-989898,-989898,-989898,-989898,NuSEDS_20250221,20251112
East Vancouver Island & Mainland Inlets,Steelhead,1993,960,1783,36.5,-989898,-989898,-989898,-989898,-989898,-989898,1582,1376,1820,-989898,-989898,-989898,-989898,-989898,-989898,NuSEDS_20250221,20251112
East Vancouver Island & Mainland Inlets,Steelhead,1994,848,1408,7.8,-989898,-989898,-989898,-989898,-989898,-989898,1548,1351,1774,-989898,-989898,-989898,-989898,-989898,-989898,NuSEDS_20250221,20251112
East Vancouver Island & Mainland Inlets,Steelhead,1995,1114,1154,-11.7,-989898,-989898,-989898,-989898,-989898,-989898,1515,1326,1730,-989898,-989898,-989898,-989898,-989898,-989898,NuSEDS_20250221,20251112
East Vancouver Island & Mainland Inlets,Steelhead,1996,897,1083,-17.1,-989898,-989898,-989898,-989898,-989898,-989898,1482,1301,1688,-989898,-989898,-989898,-989898,-989898,-989898,NuSEDS_20250221,20251112
East Vancouver Island & Mainland Inlets,Steelhead,1997,722,899,-31.2,-989898,-989898,-989898,-989898,-989898,-989898,1450,1275,1648,-989898,-989898,-989898,-989898,-989898,-989898,NuSEDS_20250221,20251112
East Vancouver Island & Mainland Inlets,Steelhead,1998,395,753,-42.4,-989898,-989898,-989898,-989898,-989898,-989898,1418,1250,1609,-989898,-989898,-989898,-989898,-989898,-989898,NuSEDS_20250221,20251112
East Vancouver Island & Mainland Inlets,Steelhead,1999,728,730,-44.1,-989898,-989898,-989898,-989898,-989898,-989898,1388,1224,1573,-989898,-989898,-989898,-989898,-989898,-989898,NuSEDS_20250221,20251112
East Vancouver Island & Mainland Inlets,Steelhead,2000,496,621,-52.5,-989898,-989898,-989898,-989898,-989898,-989898,1357,1198,1539,-989898,-989898,-989898,-989898,-989898,-989898,NuSEDS_20250221,20251112
East Vancouver Island & Mainland Inlets,Steelhead,2001,1184,657,-49.7,-989898,-989898,-989898,-989898,-989898,-989898,1328,1171,1506,-989898,-989898,-989898,-989898,-989898,-989898,NuSEDS_20250221,20251112
East Vancouver Island & Mainland Inlets,Steelhead,2002,1096,714,-45.4,-989898,-989898,-989898,-989898,-989898,-989898,1299,1145,1474,-989898,-989898,-989898,-989898,-989898,-989898,NuSEDS_20250221,20251112
East Vancouver Island & Mainland Inlets,Steelhead,2003,792,820,-37.2,-989898,-989898,-989898,-989898,-989898,-989898,1271,1118,1445,-989898,-989898,-989898,-989898,-989898,-989898,NuSEDS_20250221,20251112
East Vancouver Island & Mainland Inlets,Steelhead,2004,778,831,-36.4,-989898,-989898,-989898,-989898,-989898,-989898,1244,1092,1416,-989898,-989898,-989898,-989898,-989898,-989898,NuSEDS_20250221,20251112
East Vancouver Island & Mainland Inlets,Steelhead,2005,751,903,-30.9,-989898,-989898,-989898,-989898,-989898,-989898,1217,1065,1389,-989898,-989898,-989898,-989898,-989898,-989898,NuSEDS_20250221,20251112
East Vancouver Island & Mainland Inlets,Steelhead,2006,1085,887,-32.1,-989898,-989898,-989898,-989898,-989898,-989898,1190,1039,1364,-989898,-989898,-989898,-989898,-989898,-989898,NuSEDS_20250221,20251112
East Vancouver Island & Mainland Inlets,Steelhead,2007,1316,921,-29.5,-989898,-989898,-989898,-989898,-989898,-989898,1164,1013,1339,-989898,-989898,-989898,-989898,-989898,-989898,NuSEDS_20250221,20251112
East Vancouver Island & Mainland Inlets,Steelhead,2008,1041,972,-25.6,-989898,-989898,-989898,-989898,-989898,-989898,1139,986,1315,-989898,-989898,-989898,-989898,-989898,-989898,NuSEDS_20250221,20251112
East Vancouver Island & Mainland Inlets,Steelhead,2009,958,1014,-22.4,-989898,-989898,-989898,-989898,-989898,-989898,1114,961,1293,-989898,-989898,-989898,-989898,-989898,-989898,NuSEDS_20250221,20251112
East Vancouver Island & Mainland Inlets,Steelhead,2010,1283,1128,-13.6,-989898,-989898,-989898,1510,1254,1817,1090,935,1271,-989898,-989898,-989898,-989898,-989898,-989898,NuSEDS_20250221,20251112
East Vancouver Island & Mainland Inlets,Steelhead,2011,1515,1206,-7.7,-989898,-989898,-989898,1443,1221,1705,1067,910,1250,-989898,-989898,-989898,-989898,-989898,-989898,NuSEDS_20250221,20251112
East Vancouver Island & Mainland Inlets,Steelhead,2012,1288,1201,-8.1,-989898,-989898,-989898,1379,1188,1601,1044,885,1230,-989898,-989898,-989898,-989898,-989898,-989898,NuSEDS_20250221,20251112
East Vancouver Island & Mainland Inlets,Steelhead,2013,1912,1356,3.8,-989898,-989898,-989898,1319,1155,1506,1021,861,1210,-989898,-989898,-989898,-989898,-989898,-989898,NuSEDS_20250221,20251112
East Vancouver Island & Mainland Inlets,Steelhead,2014,1292,1440,10.2,-989898,-989898,-989898,1260,1119,1419,999,837,1191,-989898,-989898,-989898,-989898,-989898,-989898,NuSEDS_20250221,20251112
East Vancouver Island & Mainland Inlets,Steelhead,2015,1473,1480,13.3,-989898,-989898,-989898,1205,1082,1341,977,814,1173,-989898,-989898,-989898,-989898,-989898,-989898,NuSEDS_20250221,20251112
East Vancouver Island & Mainland Inlets,Steelhead,2016,1357,1448,10.8,-989898,-989898,-989898,1152,1042,1273,956,791,1155,-989898,-989898,-989898,-989898,-989898,-989898,NuSEDS_20250221,20251112
East Vancouver Island & Mainland Inlets,Steelhead,2017,1366,1465,12.1,-989898,-989898,-989898,1101,999,1214,935,769,1138,-989898,-989898,-989898,-989898,-989898,-989898,NuSEDS_20250221,20251112
East Vancouver Island & Mainland Inlets,Steelhead,2018,680,1191,-8.8,-989898,-989898,-989898,1052,952,1163,915,747,1121,-989898,-989898,-989898,-989898,-989898,-989898,NuSEDS_20250221,20251112
East Vancouver Island & Mainland Inlets,Steelhead,2019,962,1123,-14,-989898,-989898,-989898,1006,904,1120,895,726,1104,-989898,-989898,-989898,-989898,-989898,-989898,NuSEDS_20250221,20251112
East Vancouver Island & Mainland Inlets,Steelhead,2020,1114,1062,-18.7,-989898,-989898,-989898,962,854,1083,876,705,1088,-989898,-989898,-989898,-989898,-989898,-989898,NuSEDS_20250221,20251112
East Vancouver Island & Mainland Inlets,Steelhead,2021,444,849,-35,-989898,-989898,-989898,919,805,1050,857,685,1072,-989898,-989898,-989898,-989898,-989898,-989898,NuSEDS_20250221,20251112
East Vancouver Island & Mainland Inlets,Steelhead,2022,427,673,-48.5,-989898,-989898,-989898,879,757,1020,838,665,1057,-989898,-989898,-989898,-989898,-989898,-989898,NuSEDS_20250221,20251112
East Vancouver Island & Mainland Inlets,Steelhead,2023,898,712,-45.5,-989898,-989898,-989898,840,711,992,820,646,1042,-989898,-989898,-989898,-989898,-989898,-989898,NuSEDS_20250221,20251112
East Vancouver Island & Mainland Inlets,Steelhead,2024,1102,731,-44,-989898,-989898,-989898,803,667,967,802,627,1027,-989898,-989898,-989898,-989898,-989898,-989898,NuSEDS_20250221,20251112
Fraser,Chinook,1984,189357,189357,-17.7,233126,233126,-12.2,-989898,-989898,-989898,218652,198798,240490,-989898,-989898,-989898,254532,231495,279862,Parken_20251023,20251112
Fraser,Chinook,1985,266654,224706,-2.3,300112,264507,-0.4,-989898,-989898,-989898,218868,199692,239885,-989898,-989898,-989898,254732,232487,279105,Parken_20251023,20251112
Fraser,Chinook,1986,290416,244765,6.4,332609,285498,7.5,-989898,-989898,-989898,219083,200579,239294,-989898,-989898,-989898,254932,233471,278365,Parken_20251023,20251112
Fraser,Chinook,1987,190842,230002,0,215092,265986,0.2,-989898,-989898,-989898,219299,201459,238719,-989898,-989898,-989898,255132,234445,277643,Parken_20251023,20251112
Fraser,Chinook,1988,149710,211074,-8.2,170556,243366,-8.4,-989898,-989898,-989898,219515,202330,238160,-989898,-989898,-989898,255332,235409,276941,Parken_20251023,20251112
Fraser,Chinook,1989,163343,204927,-10.9,191223,233911,-11.9,-989898,-989898,-989898,219731,203190,237619,-989898,-989898,-989898,255532,236359,276260,Parken_20251023,20251112
Fraser,Chinook,1990,288230,208141,-9.5,318167,236660,-10.9,-989898,-989898,-989898,219948,204036,237100,-989898,-989898,-989898,255733,237294,275604,Parken_20251023,20251112
Fraser,Chinook,1991,178381,188809,-17.9,206009,215038,-19,-989898,-989898,-989898,220164,204867,236603,-989898,-989898,-989898,255933,238210,274975,Parken_20251023,20251112
Fraser,Chinook,1992,233840,196640,-14.5,252255,222002,-16.4,-989898,-989898,-989898,220381,205680,236133,-989898,-989898,-989898,256134,239105,274376,Parken_20251023,20251112
Fraser,Chinook,1993,216200,211637,-8,247096,239088,-10,-989898,-989898,-989898,220598,206471,235692,-989898,-989898,-989898,256335,239974,273811,Parken_20251023,20251112
Fraser,Chinook,1994,235759,227754,-1,269825,256133,-3.6,-989898,-989898,-989898,220815,207237,235283,-989898,-989898,-989898,256536,240814,273285,Parken_20251023,20251112
Fraser,Chinook,1995,143071,197983,-13.9,174741,227203,-14.4,-989898,-989898,-989898,221033,207974,234912,-989898,-989898,-989898,256737,241619,272801,Parken_20251023,20251112
Fraser,Chinook,1996,206367,203839,-11.4,241150,234474,-11.7,-989898,-989898,-989898,221250,208676,234582,-989898,-989898,-989898,256939,242385,272366,Parken_20251023,20251112
Fraser,Chinook,1997,221792,201694,-12.3,276409,238801,-10.1,-989898,-989898,-989898,221468,209340,234299,-989898,-989898,-989898,257140,243106,271985,Parken_20251023,20251112
Fraser,Chinook,1998,368101,224344,-2.4,400373,263000,-1,-989898,-989898,-989898,221686,209960,234068,-989898,-989898,-989898,257342,243775,271664,Parken_20251023,20251112
Fraser,Chinook,1999,223962,222053,-3.4,254105,259862,-2.1,-989898,-989898,-989898,221905,210530,233894,-989898,-989898,-989898,257544,244386,271410,Parken_20251023,20251112
Fraser,Chinook,2000,187375,234362,1.9,224819,273294,2.9,-989898,-989898,-989898,222123,211044,233784,-989898,-989898,-989898,257746,244933,271230,Parken_20251023,20251112
Fraser,Chinook,2001,258826,245223,6.6,302947,286053,7.7,-989898,-989898,-989898,222342,211497,233743,-989898,-989898,-989898,257948,245409,271128,Parken_20251023,20251112
Fraser,Chinook,2002,289140,258579,12.4,329247,296237,11.5,-989898,-989898,-989898,222561,211885,233775,-989898,-989898,-989898,258151,245809,271112,Parken_20251023,20251112
Fraser,Chinook,2003,458397,270177,17.5,511695,311135,17.2,-989898,-989898,-989898,222780,212202,233885,-989898,-989898,-989898,258353,246128,271186,Parken_20251023,20251112
Fraser,Chinook,2004,280031,282524,22.9,343528,330475,24.4,-989898,-989898,-989898,222999,212448,234075,-989898,-989898,-989898,258556,246363,271352,Parken_20251023,20251112
Fraser,Chinook,2005,235065,295631,28.6,278390,344908,29.9,-989898,-989898,-989898,223219,212621,234346,-989898,-989898,-989898,258759,246514,271612,Parken_20251023,20251112
Fraser,Chinook,2006,292772,303008,31.8,334764,351866,32.5,-989898,-989898,-989898,223439,212720,234697,-989898,-989898,-989898,258962,246581,271964,Parken_20251023,20251112
Fraser,Chinook,2007,175512,274217,19.2,204621,319936,20.5,-989898,-989898,-989898,223659,212750,235127,-989898,-989898,-989898,259165,246567,272407,Parken_20251023,20251112
Fraser,Chinook,2008,176629,226599,-1.5,218249,269806,1.6,-989898,-989898,-989898,223879,212712,235632,-989898,-989898,-989898,259368,246475,272937,Parken_20251023,20251112
Fraser,Chinook,2009,205728,213047,-7.4,247741,252731,-4.8,-989898,-989898,-989898,224100,212612,236208,-989898,-989898,-989898,259572,246311,273547,Parken_20251023,20251112
Fraser,Chinook,2010,308389,224936,-2.2,344721,263768,-0.7,199948,166917,239516,224320,212455,236849,238166,199207,284744,259776,246080,274233,Parken_20251023,20251112
Fraser,Chinook,2011,283998,223571,-2.8,342700,265006,-0.2,201902,171656,237478,224541,212245,237550,239511,203986,281224,259979,245790,274988,Parken_20251023,20251112
Fraser,Chinook,2012,125293,208997,-9.1,158536,251821,-5.2,203875,176348,235698,224762,211989,238306,240864,208667,278029,260183,245446,275806,Parken_20251023,20251112
Fraser,Chinook,2013,197875,213799,-7,219928,252207,-5,205867,180909,234268,224984,211691,239111,242224,213153,275260,260387,245054,276680,Parken_20251023,20251112
Fraser,Chinook,2014,214076,215506,-6.3,258701,254400,-4.2,207878,185211,233319,225205,211357,239961,243592,217300,273066,260592,244621,277605,Parken_20251023,20251112
Fraser,Chinook,2015,346217,220551,-4.1,386805,260329,-2,209910,189081,233033,225427,210991,240851,244968,220908,271649,260796,244151,278577,Parken_20251023,20251112
Fraser,Chinook,2016,168133,198599,-13.6,181477,229247,-13.7,211961,192300,233631,225649,210597,241777,246352,223735,271255,261001,243648,279590,Parken_20251023,20251112
Fraser,Chinook,2017,135413,201708,-12.3,154676,228120,-14.1,214032,194667,235323,225871,210178,242736,247743,225557,272111,261206,243117,280640,Parken_20251023,20251112
Fraser,Chinook,2018,110763,179608,-21.9,132743,206210,-22.4,216123,196077,238219,226094,209738,243725,249142,226269,274327,261411,242562,281723,Parken_20251023,20251112
Fraser,Chinook,2019,230492,182281,-20.7,265290,207250,-22,218235,196580,242275,226316,209279,244740,250549,225941,277838,261616,241986,282837,Parken_20251023,20251112
Fraser,Chinook,2020,230660,168061,-26.9,266830,192417,-27.5,220367,196338,247337,226539,208804,245780,251964,224769,282451,261821,241392,283979,Parken_20251023,20251112
Fraser,Chinook,2021,251358,182136,-20.8,286394,210800,-20.6,222520,195543,253220,226762,208315,246843,253388,222977,287946,262026,240781,285146,Parken_20251023,20251112
Fraser,Chinook,2022,253699,206503,-10.2,283209,237907,-10.4,224695,194357,259768,226986,207814,247926,254819,220757,294136,262232,240156,286337,Parken_20251023,20251112
Fraser,Chinook,2023,823632,308457,34.1,865431,346140,30.3,226890,192901,266869,227209,207302,249028,256258,218248,300887,262438,239520,287549,Parken_20251023,20251112
Fraser,Chinook,2024,331772,331766,44.3,371983,370350,39.5,229107,191259,274445,227433,206781,250147,257705,215550,308105,262644,238872,288780,Parken_20251023,20251112
Fraser,Chum,1998,3471851,3471851,206.8,3680242,3680242,185,-989898,-989898,-989898,2579219,2172722,3061767,-989898,-989898,-989898,2843386,2378270,3399463,Jenewein_20240416,20251112
Fraser,Chum,1999,2894103,3169841,180.1,3171971,3416668,164.6,-989898,-989898,-989898,2433200,2069495,2860824,-989898,-989898,-989898,2689995,2272588,3184068,Jenewein_20240416,20251112
Fraser,Chum,2000,667730,1886074,66.7,734459,2046717,58.5,-989898,-989898,-989898,2295448,1970710,2673698,-989898,-989898,-989898,2544880,2171070,2983051,Jenewein_20240416,20251112
Fraser,Chum,2001,3014752,2120713,87.4,3250189,2297579,77.9,-989898,-989898,-989898,2165495,1876112,2499514,-989898,-989898,-989898,2407593,2073479,2795544,Jenewein_20240416,20251112
Fraser,Chum,2002,2260681,1905028,68.3,2455199,2076457,60.8,-989898,-989898,-989898,2042899,1785451,2337469,-989898,-989898,-989898,2277712,1979578,2620746,Jenewein_20240416,20251112
Fraser,Chum,2003,1470262,1608317,42.1,1626881,1757234,36.1,-989898,-989898,-989898,1927243,1698477,2186822,-989898,-989898,-989898,2154837,1889125,2457923,Jenewein_20240416,20251112
Fraser,Chum,2004,2664646,2273167,100.9,2923464,2482060,92.2,-989898,-989898,-989898,1818135,1614940,2046897,-989898,-989898,-989898,2038592,1801876,2306405,Jenewein_20240416,20251112
Fraser,Chum,2005,1373327,1867505,65,1556112,2064644,59.9,-989898,-989898,-989898,1715204,1534592,1917073,-989898,-989898,-989898,1928617,1717584,2165578,Jenewein_20240416,20251112
Fraser,Chum,2006,2078453,1828677,61.6,2488803,2071673,60.4,-989898,-989898,-989898,1618101,1457186,1796785,-989898,-989898,-989898,1824575,1636002,2034884,Jenewein_20240416,20251112
Fraser,Chum,2007,1054935,1683042,48.7,1218267,1927161,49.3,-989898,-989898,-989898,1526494,1382486,1685504,-989898,-989898,-989898,1726146,1556888,1913805,Jenewein_20240416,20251112
Fraser,Chum,2008,958115,1303285,15.2,1134714,1521126,17.8,-989898,-989898,-989898,1440074,1310274,1582734,-989898,-989898,-989898,1633026,1480022,1801848,Jenewein_20240416,20251112
Fraser,Chum,2009,643880,1078443,-4.7,788168,1283245,-0.6,-989898,-989898,-989898,1358547,1240370,1487983,-989898,-989898,-989898,1544930,1405224,1698526,Jenewein_20240416,20251112
Fraser,Chum,2010,645328,805021,-28.9,690265,931249,-27.9,-989898,-989898,-989898,1281635,1172650,1400748,-989898,-989898,-989898,1461587,1332378,1603326,Jenewein_20240416,20251112
Fraser,Chum,2011,1115873,816403,-27.9,1236104,934639,-27.6,-989898,-989898,-989898,1209077,1107063,1320491,-989898,-989898,-989898,1382740,1261451,1515690,Jenewein_20240416,20251112
Fraser,Chum,2012,1523901,916831,-19,1776967,1045544,-19,-989898,-989898,-989898,1140627,1043633,1246635,-989898,-989898,-989898,1308146,1192502,1435005,Jenewein_20240416,20251112
Fraser,Chum,2013,979906,1018320,-10,1288663,1182286,-8.4,1204281,948014,1529821,1076052,982449,1178574,1535456,1188563,1983593,1237576,1125663,1360615,Jenewein_20240416,20251112
Fraser,Chum,2014,1141803,1174456,3.8,1396243,1409966,9.2,1126399,913973,1388195,1015133,923634,1115696,1415617,1131904,1770445,1170813,1061115,1291852,Jenewein_20240416,20251112
Fraser,Chum,2015,985248,1138464,0.6,1299735,1427771,10.6,1053553,879001,1262768,957663,867317,1057419,1305132,1075125,1584344,1107652,999041,1228071,Jenewein_20240416,20251112
Fraser,Chum,2016,1988604,1216795,7.5,2431447,1544205,19.6,985419,842199,1152993,903446,813602,1003212,1203269,1017101,1423514,1047898,939596,1168684,Jenewein_20240416,20251112
Fraser,Chum,2017,665119,1104450,-2.4,937432,1426117,10.4,921691,802333,1058805,852299,762551,952609,1109357,956330,1286870,991368,882891,1113173,Jenewein_20240416,20251112
Fraser,Chum,2018,706948,979705,-13.4,813119,1245814,-3.5,862084,758110,980318,804047,714187,905214,1022774,891333,1173599,937887,828982,1061099,Jenewein_20240416,20251112
Fraser,Chum,2019,316507,737572,-34.8,339931,890917,-31,806332,709082,916920,758528,668489,860693,942949,821766,1082002,887292,777880,1012092,Jenewein_20240416,20251112
Fraser,Chum,2020,553359,535697,-52.7,646648,639791,-50.5,754186,656520,866382,715585,625406,818766,869354,749434,1008463,839425,729551,965847,Jenewein_20240416,20251112
Fraser,Chum,2021,536961,507785,-55.1,566236,564030,-56.3,705412,602888,825370,675073,584861,779200,801503,677495,948209,794141,683935,922107,Jenewein_20240416,20251112
Fraser,Chum,2022,1141649,572422,-49.4,1230112,625533,-51.6,659792,550478,790814,636855,546759,741797,738948,608721,897034,751300,640944,880657,Jenewein_20240416,20251112
Fraser,Chum,2023,620000,677202,-40.2,625033,728414,-43.6,617123,500741,760554,600800,510995,706388,681274,544735,852037,710770,600480,841318,DFO_20250128,20251112
Fraser,Chum,2024,1128000,809178,-28.5,1150130,841198,-34.9,577213,454384,733245,566787,477459,672828,628102,486201,811420,672427,562433,803933,DFO_20250128,20251112
Fraser,Coho,1984,85158,85158,117.3,266537,266537,323.4,-989898,-989898,-989898,46917,36022,61107,-989898,-989898,-989898,166812,117553,236712,Glavas_20231006,20251112
Fraser,Coho,1985,56449,69333,76.9,176682,217008,244.7,-989898,-989898,-989898,46492,36045,59967,-989898,-989898,-989898,159004,113539,222674,Glavas_20231006,20251112
Fraser,Coho,1986,67502,68717,75.4,196882,210080,233.7,-989898,-989898,-989898,46071,36062,58858,-989898,-989898,-989898,151562,109641,209510,Glavas_20231006,20251112
Fraser,Coho,1987,79106,71179,81.6,170933,199524,216.9,-989898,-989898,-989898,45653,36073,57778,-989898,-989898,-989898,144468,105853,197169,Glavas_20231006,20251112
Fraser,Coho,1988,94973,73147,86.7,329729,210424,234.2,-989898,-989898,-989898,45240,36079,56728,-989898,-989898,-989898,137706,102170,185601,Glavas_20231006,20251112
Fraser,Coho,1989,69741,77118,96.8,196551,216106,243.3,-989898,-989898,-989898,44830,36076,55708,-989898,-989898,-989898,131260,98587,174762,Glavas_20231006,20251112
Fraser,Coho,1990,47731,70717,80.5,181179,211661,236.2,-989898,-989898,-989898,44424,36066,54719,-989898,-989898,-989898,125117,95099,164609,Glavas_20231006,20251112
Fraser,Coho,1991,32690,56699,44.7,101353,185735,195,-989898,-989898,-989898,44022,36046,53762,-989898,-989898,-989898,119261,91701,155103,Glavas_20231006,20251112
Fraser,Coho,1992,52483,48886,24.7,283155,178797,184,-989898,-989898,-989898,43623,36016,52837,-989898,-989898,-989898,113679,88387,146208,Glavas_20231006,20251112
Fraser,Coho,1993,35940,41419,5.7,288698,196835,212.6,-989898,-989898,-989898,43228,35973,51945,-989898,-989898,-989898,108358,85152,137888,Glavas_20231006,20251112
Fraser,Coho,1994,37543,39006,-0.5,66252,153065,143.1,-989898,-989898,-989898,42836,35917,51088,-989898,-989898,-989898,103286,81991,130112,Glavas_20231006,20251112
Fraser,Coho,1995,29018,37862,-3.4,66191,137599,118.6,-989898,-989898,-989898,42448,35846,50266,-989898,-989898,-989898,98452,78899,122850,Glavas_20231006,20251112
Fraser,Coho,1996,12514,26457,-32.5,75828,98985,57.2,-989898,-989898,-989898,42064,35758,49481,-989898,-989898,-989898,93844,75870,116075,Glavas_20231006,20251112
Fraser,Coho,1997,21916,23380,-40.3,36826,59156,-6,-989898,-989898,-989898,41683,35650,48736,-989898,-989898,-989898,89451,72900,109760,Glavas_20231006,20251112
Fraser,Coho,1998,28197,21765,-44.5,30335,48661,-22.7,-989898,-989898,-989898,41305,35521,48031,-989898,-989898,-989898,85264,69984,103880,Glavas_20231006,20251112
Fraser,Coho,1999,24616,20888,-46.7,27058,38910,-38.2,-989898,-989898,-989898,40931,35368,47368,-989898,-989898,-989898,81273,67119,98412,Glavas_20231006,20251112
Fraser,Coho,2000,23513,24455,-37.6,24423,29312,-53.4,-989898,-989898,-989898,40560,35190,46750,-989898,-989898,-989898,77469,64302,93333,Glavas_20231006,20251112
Fraser,Coho,2001,62979,31841,-18.7,67792,34143,-45.8,-989898,-989898,-989898,40193,34984,46177,-989898,-989898,-989898,73843,61531,88620,Glavas_20231006,20251112
Fraser,Coho,2002,57570,38061,-2.9,62454,40899,-35,-989898,-989898,-989898,39829,34748,45652,-989898,-989898,-989898,70387,58805,84250,Glavas_20231006,20251112
Fraser,Coho,2003,22500,37215,-5,25862,40439,-35.8,-989898,-989898,-989898,39468,34483,45174,-989898,-989898,-989898,67093,56128,80200,Glavas_20231006,20251112
Fraser,Coho,2004,42025,43030,9.8,48390,47978,-23.8,-989898,-989898,-989898,39110,34187,44743,-989898,-989898,-989898,63952,53500,76446,Glavas_20231006,20251112
Fraser,Coho,2005,14503,29808,-23.9,16668,33784,-46.3,-989898,-989898,-989898,38756,33861,44359,-989898,-989898,-989898,60959,50928,72965,Glavas_20231006,20251112
Fraser,Coho,2006,9940,19215,-51,10972,21872,-65.3,-989898,-989898,-989898,38405,33506,44020,-989898,-989898,-989898,58106,48417,69733,Glavas_20231006,20251112
Fraser,Coho,2007,60220,24577,-37.3,67835,27835,-55.8,-989898,-989898,-989898,38057,33125,43724,-989898,-989898,-989898,55386,45972,66728,Glavas_20231006,20251112
Fraser,Coho,2008,17339,19697,-49.7,19222,22098,-64.9,-989898,-989898,-989898,37712,32719,43468,-989898,-989898,-989898,52794,43599,63927,Glavas_20231006,20251112
Fraser,Coho,2009,23197,22151,-43.5,26260,24758,-60.7,-989898,-989898,-989898,37371,32292,43248,-989898,-989898,-989898,50323,41305,61310,Glavas_20231006,20251112
Fraser,Coho,2010,40729,31516,-19.6,45543,35338,-43.9,-989898,-989898,-989898,37032,31847,43062,-989898,-989898,-989898,47967,39092,58858,Glavas_20231006,20251112
Fraser,Coho,2011,28419,26121,-33.3,32575,29417,-53.3,-989898,-989898,-989898,36697,31386,42906,-989898,-989898,-989898,45722,36965,56554,Glavas_20231006,20251112
Fraser,Coho,2012,57560,35259,-10,65036,39897,-36.6,-989898,-989898,-989898,36364,30913,42777,34476,26119,45507,43582,34927,54383,Glavas_20231006,20251112
Fraser,Coho,2013,58645,44460,13.5,70022,50983,-19,27727,20799,36963,36035,30431,42672,36558,28687,46588,41542,32977,52332,Glavas_20231006,20251112
Fraser,Coho,2014,19601,37031,-5.5,28741,45441,-27.8,30046,23374,38622,35709,29941,42587,38766,31418,47832,39598,31118,50389,Glavas_20231006,20251112
Fraser,Coho,2015,12849,30365,-22.5,15645,37828,-39.9,32558,26190,40475,35385,29447,42521,41107,34260,49322,37744,29347,48545,Glavas_20231006,20251112
Fraser,Coho,2016,65609,31375,-19.9,70805,38641,-38.6,35281,29213,42608,35065,28950,42471,43589,37111,51199,35978,27664,46791,Glavas_20231006,20251112
Fraser,Coho,2017,24794,25300,-35.4,27550,30603,-51.4,38231,32363,45164,34747,28452,42435,46222,39819,53654,34294,26066,45118,Glavas_20231006,20251112
Fraser,Coho,2018,33980,29030,-25.9,40195,33280,-47.1,41428,35500,48346,34432,27954,42412,49013,42223,56894,32689,24552,43522,Glavas_20231006,20251112
Fraser,Coho,2019,43984,39487,0.8,56174,45811,-27.2,44892,38468,52389,34120,27458,42400,51973,44248,61046,31159,23118,41996,Glavas_20231006,20251112
Fraser,Coho,2020,72813,40529,3.4,84891,47937,-23.9,48646,41179,57468,33811,26964,42397,55112,45932,66126,29700,21762,40535,Glavas_20231006,20251112
Fraser,Coho,2021,87639,55572,41.8,96839,65638,4.3,52714,43649,63662,33505,26474,42403,58440,47363,72107,28310,20480,39134,Glavas_20231006,20251112
Fraser,Coho,2022,72806,67234,71.6,85730,79322,26,57122,45949,71012,33202,25989,42417,61969,48627,78972,26985,19269,37791,Glavas_20231006,20251112
Fraser,Coho,2023,68435,75091,91.6,77348,85926,36.5,61899,48154,79568,32901,25508,42437,65711,49783,86736,25722,18126,36500,DFO_20250225,20251112
Fraser,Coho,2024,93800,79999,104.1,-989898,-989898,-989898,67075,50315,89417,32603,25032,42463,-989898,-989898,-989898,-989898,-989898,-989898,DFO_20250225,20251112
Fraser,Pink,1959,1078000,1078000,-76.3,6460055,6460055,-31.2,-989898,-989898,-989898,1482346,1011788,2171751,-989898,-989898,-989898,6551891,4252720,10094076,PSC_20250424,20251112
Fraser,Pink,1961,1092561,1092561,-76,1889246,1889246,-79.9,-989898,-989898,-989898,1590064,1104444,2289208,-989898,-989898,-989898,6700991,4436372,10121621,PSC_20250424,20251112
Fraser,Pink,1963,1954038,1954038,-57.1,5482350,5482350,-41.6,-989898,-989898,-989898,1705609,1205185,2413821,-989898,-989898,-989898,6853484,4626216,10153058,PSC_20250424,20251112
Fraser,Pink,1965,1194099,1194099,-73.8,2319887,2319887,-75.3,-989898,-989898,-989898,1829550,1314611,2546193,-989898,-989898,-989898,7009447,4822088,10189020,PSC_20250424,20251112
Fraser,Pink,1967,1831219,1831219,-59.8,12962791,12962791,38,-989898,-989898,-989898,1962498,1433333,2687022,-989898,-989898,-989898,7168959,5023720,10230264,PSC_20250424,20251112
Fraser,Pink,1969,1530913,1530913,-66.4,3931461,3931461,-58.1,-989898,-989898,-989898,2105106,1561967,2837111,-989898,-989898,-989898,7332102,5230713,10277704,PSC_20250424,20251112
Fraser,Pink,1971,1804952,1804952,-60.4,9763328,9763328,4,-989898,-989898,-989898,2258078,1701115,2997396,-989898,-989898,-989898,7498957,5442505,10332438,PSC_20250424,20251112
Fraser,Pink,1973,1754261,1754261,-61.5,6803984,6803984,-27.5,-989898,-989898,-989898,2422165,1851348,3168980,-989898,-989898,-989898,7669609,5658339,10395788,PSC_20250424,20251112
Fraser,Pink,1975,1367089,1367089,-70,4893955,4893955,-47.9,-989898,-989898,-989898,2598176,2013180,3353162,-989898,-989898,-989898,7844144,5877219,10469338,PSC_20250424,20251112
Fraser,Pink,1977,2387811,2387811,-47.6,8209485,8209485,-12.6,-989898,-989898,-989898,2786978,2187040,3551488,-989898,-989898,-989898,8022651,6097879,10554971,PSC_20250424,20251112
Fraser,Pink,1979,3560654,3560654,-21.8,14404120,14404120,53.4,-989898,-989898,-989898,2989499,2373235,3765789,-989898,-989898,-989898,8205221,6318751,10654899,PSC_20250424,20251112
Fraser,Pink,1981,4488336,4488336,-1.4,18684689,18684689,99,-989898,-989898,-989898,3206736,2571921,3998239,-989898,-989898,-989898,8391945,6537956,10771677,PSC_20250424,20251112
Fraser,Pink,1983,4631721,4631721,1.7,15346097,15346097,63.4,-989898,-989898,-989898,3439759,2783078,4251389,-989898,-989898,-989898,8582919,6753328,10908177,PSC_20250424,20251112
Fraser,Pink,1985,6460950,6460950,41.9,19038024,19038024,102.7,-989898,-989898,-989898,3689716,3006493,4528200,-989898,-989898,-989898,8778238,6962489,11067518,PSC_20250424,20251112
Fraser,Pink,1987,3223521,3223521,-29.2,7171773,7171773,-23.6,-989898,-989898,-989898,3957836,3241788,4832046,-989898,-989898,-989898,8978003,7162982,11252930,PSC_20250424,20251112
Fraser,Pink,1989,7189201,7189201,57.9,16484275,16484275,75.5,-989898,-989898,-989898,4245440,3488461,5166679,-989898,-989898,-989898,9182313,7352464,11467567,PSC_20250424,20251112
Fraser,Pink,1991,12942835,12942835,184.2,22173639,22173639,136.1,-989898,-989898,-989898,4553942,3745978,5536176,-989898,-989898,-989898,9391273,7528928,11714284,PSC_20250424,20251112
Fraser,Pink,1993,10768335,10768335,136.5,16983498,16983498,80.8,-989898,-989898,-989898,4884863,4013873,5944854,-989898,-989898,-989898,9604988,7690908,11995435,PSC_20250424,20251112
Fraser,Pink,1995,7174584,7174584,57.5,12903708,12903708,37.4,-989898,-989898,-989898,5239831,4291845,6397208,-989898,-989898,-989898,9823566,7837604,12312750,PSC_20250424,20251112
Fraser,Pink,1997,2842108,2842108,-37.6,8175964,8175964,-12.9,-989898,-989898,-989898,5620593,4579831,6897867,-989898,-989898,-989898,10047119,7968906,12667310,PSC_20250424,20251112
Fraser,Pink,1999,3444982,3444982,-24.4,3608265,3608265,-61.6,-989898,-989898,-989898,6029024,4878028,7451603,-989898,-989898,-989898,10275759,8085311,13059636,PSC_20250424,20251112
Fraser,Pink,2001,19813620,19813620,335.1,21261774,21261774,126.4,-989898,-989898,-989898,6467134,5186882,8063384,-989898,-989898,-989898,10509602,8187769,13489844,PSC_20250424,20251112
Fraser,Pink,2003,22181030,22181030,387.1,24250000,24250000,158.2,-989898,-989898,-989898,6937080,5507051,8738449,-989898,-989898,-989898,10748767,8277507,13957823,PSC_20250424,20251112
Fraser,Pink,2005,8809624,8809624,93.5,9870000,9870000,5.1,-989898,-989898,-989898,7441176,5839353,9482403,-989898,-989898,-989898,10993374,8355874,14463390,PSC_20250424,20251112
Fraser,Pink,2007,7650052,7650052,68,8490000,8490000,-9.6,-989898,-989898,-989898,7981903,6184726,10301309,-989898,-989898,-989898,11243547,8424220,15006418,PSC_20250424,20251112
Fraser,Pink,2009,15428836,15428836,238.8,19993043,19993043,112.9,-989898,-989898,-989898,8561923,6544185,11201780,-989898,-989898,-989898,11499414,8483821,15586907,PSC_20250424,20251112
Fraser,Pink,2011,12784508,12784508,180.7,20645120,20645120,119.8,-989898,-989898,-989898,9184091,6918802,12191060,-989898,-989898,-989898,11761104,8535837,16205038,PSC_20250424,20251112
Fraser,Pink,2013,9344490,9344490,105.2,15897819,15897819,69.3,-989898,-989898,-989898,9851470,7309687,13277103,-989898,-989898,-989898,12028748,8581295,16861183,PSC_20250424,20251112
Fraser,Pink,2015,5368996,5368996,17.9,5865236,5865236,-37.5,-989898,-989898,-989898,10567345,7717983,14468650,-989898,-989898,-989898,12302484,8621088,17555917,PSC_20250424,20251112
Fraser,Pink,2017,3392159,3392159,-25.5,3563091,3563091,-62.1,-989898,-989898,-989898,11335241,8144861,15775309,-989898,-989898,-989898,12582449,8655986,18290004,PSC_20250424,20251112
Fraser,Pink,2019,8307419,8307419,82.4,8858203,8858203,-5.7,7958325,6593391,9605822,12158938,8591521,17207636,8358483,6480433,10780798,12868784,8686644,19064394,PSC_20250424,20251112
Fraser,Pink,2021,7827445,7827445,71.9,8107514,8107514,-13.7,8529212,7572323,9607019,13042490,9059197,18777219,9105924,7752162,10696093,13161636,8713625,19880208,PSC_20250424,20251112
Fraser,Pink,2023,9542025,9542025,109.5,10513292,10513292,11.9,9141051,7573267,11033390,13990246,9549158,20496780,9920203,7691253,12795110,13461153,8737403,20738730,PSC_20250424,20251112
Fraser,Sockeye,1893,8050000,8050000,664.8,16340000,16340000,262.7,-989898,-989898,-989898,568276,456365,707628,-989898,-989898,-989898,4790968,3925667,5847001,PSC_20250424,20251112
Fraser,Sockeye,1894,2300000,4302906,308.8,6845000,10575788,134.8,-989898,-989898,-989898,573816,461976,712732,-989898,-989898,-989898,4788541,3932586,5830800,PSC_20250424,20251112
Fraser,Sockeye,1895,1835000,3238818,207.7,7350000,9367800,108,-989898,-989898,-989898,579410,467650,717880,-989898,-989898,-989898,4786114,3939481,5814697,PSC_20250424,20251112
Fraser,Sockeye,1896,660000,2176085,106.7,5160000,8070318,79.1,-989898,-989898,-989898,585059,473389,723072,-989898,-989898,-989898,4783689,3946351,5798693,PSC_20250424,20251112
Fraser,Sockeye,1897,11200000,2363369,124.5,28065000,9238871,105.1,-989898,-989898,-989898,590763,479193,728310,-989898,-989898,-989898,4781265,3953195,5782790,PSC_20250424,20251112
Fraser,Sockeye,1898,540000,1645121,56.3,5635000,8800331,95.4,-989898,-989898,-989898,596523,485063,733594,-989898,-989898,-989898,4778843,3960011,5766988,PSC_20250424,20251112
Fraser,Sockeye,1899,1420000,1542983,46.6,13575000,10259168,127.7,-989898,-989898,-989898,602339,490999,738925,-989898,-989898,-989898,4776421,3966797,5751289,PSC_20250424,20251112
Fraser,Sockeye,1900,380000,1344067,27.7,4815000,10083209,123.8,-989898,-989898,-989898,608211,497002,744304,-989898,-989898,-989898,4774001,3973552,5735695,PSC_20250424,20251112
Fraser,Sockeye,1901,12600000,1384233,31.5,40195000,11030635,144.9,-989898,-989898,-989898,614141,503072,749732,-989898,-989898,-989898,4771582,3980274,5720208,PSC_20250424,20251112
Fraser,Sockeye,1902,450000,1322555,25.6,7680000,11918383,164.6,-989898,-989898,-989898,620128,509209,755208,-989898,-989898,-989898,4769164,3986960,5704829,PSC_20250424,20251112
Fraser,Sockeye,1903,470000,1003151,-4.7,4770000,9176181,103.7,-989898,-989898,-989898,626174,515414,760736,-989898,-989898,-989898,4766747,3993610,5689559,PSC_20250424,20251112
Fraser,Sockeye,1904,200000,854432,-18.8,2690000,7933247,76.1,-989898,-989898,-989898,632279,521688,766314,-989898,-989898,-989898,4764332,4000220,5674402,PSC_20250424,20251112
Fraser,Sockeye,1905,10150000,809472,-23.1,32070000,7497780,66.4,-989898,-989898,-989898,638443,528030,771945,-989898,-989898,-989898,4761918,4006790,5659358,PSC_20250424,20251112
Fraser,Sockeye,1906,435000,802640,-23.7,4595000,6594225,46.4,-989898,-989898,-989898,644668,534441,777628,-989898,-989898,-989898,4759505,4013316,5644431,PSC_20250424,20251112
Fraser,Sockeye,1907,200000,648267,-38.4,2005000,5309612,17.9,-989898,-989898,-989898,650953,540922,783366,-989898,-989898,-989898,4757093,4019797,5629621,PSC_20250424,20251112
Fraser,Sockeye,1908,190000,640007,-39.2,2995000,5454110,21.1,-989898,-989898,-989898,657299,547472,789159,-989898,-989898,-989898,4754683,4026230,5614932,PSC_20250424,20251112
Fraser,Sockeye,1909,4730000,528790,-49.8,27850000,5265086,16.9,-989898,-989898,-989898,663708,554092,795008,-989898,-989898,-989898,4752273,4032612,5600366,PSC_20250424,20251112
Fraser,Sockeye,1910,765000,608943,-42.2,5340000,5466627,21.4,-989898,-989898,-989898,670178,560782,800915,-989898,-989898,-989898,4749865,4038941,5585924,PSC_20250424,20251112
Fraser,Sockeye,1911,165000,580350,-44.9,2395000,5715013,26.9,-989898,-989898,-989898,676712,567543,806880,-989898,-989898,-989898,4747459,4045215,5571611,PSC_20250424,20251112
Fraser,Sockeye,1912,345000,673684,-36,3830000,6077398,34.9,-989898,-989898,-989898,683310,574374,812906,-989898,-989898,-989898,4745053,4051429,5557428,PSC_20250424,20251112
Fraser,Sockeye,1913,6450000,727999,-30.8,38785000,6602028,46.6,-989898,-989898,-989898,689972,581276,818992,-989898,-989898,-989898,4742649,4057582,5543379,PSC_20250424,20251112
Fraser,Sockeye,1914,670000,704262,-33.1,6485000,6930579,53.8,-989898,-989898,-989898,696698,588249,825141,-989898,-989898,-989898,4740245,4063670,5529467,PSC_20250424,20251112
Fraser,Sockeye,1915,370000,861815,-18.1,2225000,6804178,51,-989898,-989898,-989898,703491,595293,831354,-989898,-989898,-989898,4737843,4069690,5515693,PSC_20250424,20251112
Fraser,Sockeye,1916,130000,675219,-35.9,1465000,5351005,18.8,-989898,-989898,-989898,710349,602408,837632,-989898,-989898,-989898,4735443,4075638,5502063,PSC_20250424,20251112
Fraser,Sockeye,1917,615000,375209,-64.4,7795000,3582807,-20.5,-989898,-989898,-989898,717275,609594,843977,-989898,-989898,-989898,4733043,4081511,5488579,PSC_20250424,20251112
Fraser,Sockeye,1918,85000,223929,-78.7,925000,2201818,-51.1,-989898,-989898,-989898,724268,616851,850391,-989898,-989898,-989898,4730645,4087306,5475246,PSC_20250424,20251112
Fraser,Sockeye,1919,240000,200961,-80.9,1525000,2003394,-55.5,-989898,-989898,-989898,731329,624178,856875,-989898,-989898,-989898,4728248,4093017,5462065,PSC_20250424,20251112
Fraser,Sockeye,1920,200000,223812,-78.7,1415000,1986077,-55.9,-989898,-989898,-989898,738459,631576,863430,-989898,-989898,-989898,4725852,4098642,5449043,PSC_20250424,20251112
Fraser,Sockeye,1921,215000,172098,-83.7,1910000,1397334,-69,-989898,-989898,-989898,745659,639044,870060,-989898,-989898,-989898,4723457,4104177,5436182,PSC_20250424,20251112
Fraser,Sockeye,1922,420000,256586,-75.6,1530000,1584666,-64.8,-989898,-989898,-989898,752928,646583,876765,-989898,-989898,-989898,4721064,4109616,5423486,PSC_20250424,20251112
Fraser,Sockeye,1923,305000,272430,-74.1,1190000,1489385,-66.9,-989898,-989898,-989898,760269,654191,883547,-989898,-989898,-989898,4718672,4114955,5410961,PSC_20250424,20251112
Fraser,Sockeye,1924,265000,292286,-72.2,1515000,1515030,-66.4,-989898,-989898,-989898,767681,661869,890410,-989898,-989898,-989898,4716281,4120190,5398611,PSC_20250424,20251112
Fraser,Sockeye,1925,180000,279587,-73.4,2070000,1545807,-65.7,-989898,-989898,-989898,775166,669615,897353,-989898,-989898,-989898,4713891,4125316,5386440,PSC_20250424,20251112
Fraser,Sockeye,1926,630000,309414,-70.6,2350000,1720876,-61.8,-989898,-989898,-989898,782723,677430,904381,-989898,-989898,-989898,4711502,4130327,5374454,PSC_20250424,20251112
Fraser,Sockeye,1927,620000,369456,-64.9,2600000,2092214,-53.6,-989898,-989898,-989898,790354,685313,911496,-989898,-989898,-989898,4709115,4135219,5362658,PSC_20250424,20251112
Fraser,Sockeye,1928,130000,309198,-70.6,1194000,1971306,-56.2,-989898,-989898,-989898,798060,693262,918699,-989898,-989898,-989898,4706729,4139986,5351056,PSC_20250424,20251112
Fraser,Sockeye,1929,300000,351317,-66.6,2581000,2083092,-53.8,-989898,-989898,-989898,805840,701278,925993,-989898,-989898,-989898,4704344,4144622,5339655,PSC_20250424,20251112
Fraser,Sockeye,1930,2625000,501934,-52.3,7594000,2792924,-38,-989898,-989898,-989898,813697,709359,933381,-989898,-989898,-989898,4701960,4149122,5328460,PSC_20250424,20251112
Fraser,Sockeye,1931,220000,387395,-63.2,1935000,2594096,-42.4,-989898,-989898,-989898,821630,717504,940866,-989898,-989898,-989898,4699578,4153479,5317477,PSC_20250424,20251112
Fraser,Sockeye,1932,245000,453900,-56.9,2127000,2996931,-33.5,-989898,-989898,-989898,829640,725713,948450,-989898,-989898,-989898,4697196,4157688,5306711,PSC_20250424,20251112
Fraser,Sockeye,1933,345000,470039,-55.3,2982000,3107110,-31,-989898,-989898,-989898,837729,733984,956137,-989898,-989898,-989898,4694816,4161743,5296170,PSC_20250424,20251112
Fraser,Sockeye,1934,1390000,400964,-61.9,6727000,3014355,-33.1,-989898,-989898,-989898,845896,742316,963929,-989898,-989898,-989898,4692437,4165637,5285859,PSC_20250424,20251112
Fraser,Sockeye,1935,295000,431475,-59,2228000,3122504,-30.7,-989898,-989898,-989898,854143,750708,971829,-989898,-989898,-989898,4690059,4169363,5275784,PSC_20250424,20251112
Fraser,Sockeye,1936,590000,537498,-48.9,3635000,3570156,-20.7,-989898,-989898,-989898,862470,759158,979842,-989898,-989898,-989898,4687683,4172915,5265953,PSC_20250424,20251112
Fraser,Sockeye,1937,680000,636868,-39.5,3308000,3663968,-18.7,-989898,-989898,-989898,870879,767665,987970,-989898,-989898,-989898,4685308,4176285,5256371,PSC_20250424,20251112
Fraser,Sockeye,1938,888595,569471,-45.9,4388595,3292893,-26.9,-989898,-989898,-989898,879370,776228,996216,-989898,-989898,-989898,4682934,4179469,5247047,PSC_20250424,20251112
Fraser,Sockeye,1939,157769,486992,-53.7,1615769,3038741,-32.5,-989898,-989898,-989898,887943,784844,1004585,-989898,-989898,-989898,4680561,4182457,5237985,PSC_20250424,20251112
Fraser,Sockeye,1940,552541,479071,-54.5,2739541,2831307,-37.1,-989898,-989898,-989898,896600,793512,1013080,-989898,-989898,-989898,4678189,4185244,5229194,PSC_20250424,20251112
Fraser,Sockeye,1941,541607,452578,-57,4844607,3114657,-30.9,-989898,-989898,-989898,905341,802230,1021705,-989898,-989898,-989898,4675818,4187823,5220679,PSC_20250424,20251112
Fraser,Sockeye,1942,2884594,607490,-42.3,11649594,3975636,-11.7,-989898,-989898,-989898,914168,810997,1030464,-989898,-989898,-989898,4673449,4190186,5212448,PSC_20250424,20251112
Fraser,Sockeye,1943,242724,676568,-35.7,966724,3496531,-22.4,-989898,-989898,-989898,923080,819810,1039360,-989898,-989898,-989898,4671081,4192327,5204508,PSC_20250424,20251112
Fraser,Sockeye,1944,315961,588341,-44.1,1889961,3186627,-29.3,-989898,-989898,-989898,932080,828667,1048398,-989898,-989898,-989898,4668714,4194239,5196865,PSC_20250424,20251112
Fraser,Sockeye,1945,554383,591780,-43.8,2367383,2664303,-40.9,-989898,-989898,-989898,941167,837567,1057582,-989898,-989898,-989898,4666348,4195915,5189525,PSC_20250424,20251112
Fraser,Sockeye,1946,2916311,593400,-43.6,11127946,2633963,-41.5,-989898,-989898,-989898,950343,846507,1066916,-989898,-989898,-989898,4663984,4197350,5182495,PSC_20250424,20251112
Fraser,Sockeye,1947,650116,759132,-27.9,1324646,2849765,-36.7,-989898,-989898,-989898,959608,855486,1076404,-989898,-989898,-989898,4661621,4198537,5175781,PSC_20250424,20251112
Fraser,Sockeye,1948,1015790,1016505,-3.4,3067837,3216651,-28.6,-989898,-989898,-989898,968964,864500,1086050,-989898,-989898,-989898,4659259,4199470,5169388,PSC_20250424,20251112
Fraser,Sockeye,1949,1087887,1203104,14.3,3559240,3561854,-20.9,-989898,-989898,-989898,978411,873549,1095860,-989898,-989898,-989898,4656898,4200144,5163322,PSC_20250424,20251112
Fraser,Sockeye,1950,1791496,1065120,1.2,4350644,2816506,-37.5,-989898,-989898,-989898,987950,882630,1105836,-989898,-989898,-989898,4654538,4200553,5157589,PSC_20250424,20251112
Fraser,Sockeye,1951,606262,1046685,-0.6,3408262,3567131,-20.8,-989898,-989898,-989898,997581,891741,1115984,-989898,-989898,-989898,4652179,4200692,5152192,PSC_20250424,20251112
Fraser,Sockeye,1952,846574,1000072,-5,3193267,3603046,-20,-989898,-989898,-989898,1007307,900880,1126308,-989898,-989898,-989898,4649822,4200558,5147136,PSC_20250424,20251112
Fraser,Sockeye,1953,1295154,1044638,-0.8,5424969,4003407,-11.1,-989898,-989898,-989898,1017128,910045,1136812,-989898,-989898,-989898,4647466,4200147,5142425,PSC_20250424,20251112
Fraser,Sockeye,1954,2447802,1129421,7.3,12066356,5166369,14.7,-989898,-989898,-989898,1027044,919234,1147499,-989898,-989898,-989898,4645111,4199454,5138062,PSC_20250424,20251112
Fraser,Sockeye,1955,383266,1007084,-4.3,2586116,4821855,7,-989898,-989898,-989898,1037057,928445,1158375,-989898,-989898,-989898,4642757,4198478,5134049,PSC_20250424,20251112
Fraser,Sockeye,1956,873031,1014862,-3.6,2736236,4639207,3,-989898,-989898,-989898,1047168,937677,1169444,-989898,-989898,-989898,4640405,4197217,5130389,PSC_20250424,20251112
Fraser,Sockeye,1957,1661577,1080082,2.6,4800708,4499567,-0.1,-989898,-989898,-989898,1057377,946929,1180709,-989898,-989898,-989898,4638053,4195668,5127083,PSC_20250424,20251112
Fraser,Sockeye,1958,2861090,1123041,6.7,17755250,4955739,10,-989898,-989898,-989898,1067686,956197,1192174,-989898,-989898,-989898,4635703,4193831,5124132,PSC_20250424,20251112
Fraser,Sockeye,1959,949405,1408910,33.8,4406759,5662083,25.7,-989898,-989898,-989898,1078095,965483,1203843,-989898,-989898,-989898,4633354,4191706,5121536,PSC_20250424,20251112
Fraser,Sockeye,1960,628067,1297560,23.3,3189363,5883203,30.6,-989898,-989898,-989898,1088606,974783,1215721,-989898,-989898,-989898,4631007,4189293,5119293,PSC_20250424,20251112
Fraser,Sockeye,1961,1250087,1208460,14.8,4123098,5663611,25.7,-989898,-989898,-989898,1099220,984097,1227809,-989898,-989898,-989898,4628660,4186594,5117404,PSC_20250424,20251112
Fraser,Sockeye,1962,1624004,1048929,-0.4,3494031,3772189,-16.3,-989898,-989898,-989898,1109936,993424,1240113,-989898,-989898,-989898,4626315,4183609,5115867,PSC_20250424,20251112
Fraser,Sockeye,1963,1601559,1195416,13.6,3981489,3677689,-18.4,-989898,-989898,-989898,1120758,1002764,1252635,-989898,-989898,-989898,4623970,4180342,5114678,PSC_20250424,20251112
Fraser,Sockeye,1964,426597,1085231,3.1,1817092,3195164,-29.1,-989898,-989898,-989898,1131684,1012116,1265379,-989898,-989898,-989898,4621627,4176795,5113835,PSC_20250424,20251112
Fraser,Sockeye,1965,852269,986123,-6.3,3160025,2989578,-33.6,-989898,-989898,-989898,1142718,1021478,1278347,-989898,-989898,-989898,4619286,4172972,5113334,PSC_20250424,20251112
Fraser,Sockeye,1966,1919286,1028180,-2.3,5437694,3339119,-25.9,-989898,-989898,-989898,1153858,1030852,1291542,-989898,-989898,-989898,4616945,4168877,5113170,PSC_20250424,20251112
Fraser,Sockeye,1967,1353640,985847,-6.3,6717237,3805557,-15.5,-989898,-989898,-989898,1165108,1040237,1304968,-989898,-989898,-989898,4614605,4164515,5113340,PSC_20250424,20251112
Fraser,Sockeye,1968,626706,1085353,3.1,2922585,4285641,-4.9,-989898,-989898,-989898,1176467,1049633,1318628,-989898,-989898,-989898,4612267,4159891,5113838,PSC_20250424,20251112
Fraser,Sockeye,1969,1001140,1129927,7.3,4878004,4776983,6,-989898,-989898,-989898,1187937,1059039,1332523,-989898,-989898,-989898,4609930,4155009,5114659,PSC_20250424,20251112
Fraser,Sockeye,1970,1943221,1133433,7.7,6164244,4929126,9.4,-989898,-989898,-989898,1199518,1068457,1346656,-989898,-989898,-989898,4607594,4149878,5115795,PSC_20250424,20251112
Fraser,Sockeye,1971,759846,981074,-6.8,7707950,5101607,13.2,-989898,-989898,-989898,1211213,1077887,1361030,-989898,-989898,-989898,4605259,4144501,5117242,PSC_20250424,20251112
Fraser,Sockeye,1972,830128,1052500,0,3707378,5414171,20.2,-989898,-989898,-989898,1223022,1087329,1375648,-989898,-989898,-989898,4602926,4138887,5118992,PSC_20250424,20251112
Fraser,Sockeye,1973,1181093,1096906,4.2,6877356,5899657,31,-989898,-989898,-989898,1234945,1096784,1390510,-989898,-989898,-989898,4600593,4133041,5121038,PSC_20250424,20251112
Fraser,Sockeye,1974,1757489,1069700,1.6,8615807,6414766,42.4,-989898,-989898,-989898,1246985,1106253,1405621,-989898,-989898,-989898,4598262,4126971,5123374,PSC_20250424,20251112
Fraser,Sockeye,1975,990729,1143060,8.6,3683619,5333530,18.4,-989898,-989898,-989898,1259143,1115737,1420981,-989898,-989898,-989898,4595932,4120685,5125991,PSC_20250424,20251112
Fraser,Sockeye,1976,823453,1140756,8.4,4353173,5552001,23.2,-989898,-989898,-989898,1271419,1125235,1436593,-989898,-989898,-989898,4593604,4114188,5128884,PSC_20250424,20251112
Fraser,Sockeye,1977,1113453,1124060,6.8,6138320,5396430,19.8,-989898,-989898,-989898,1283814,1134751,1452459,-989898,-989898,-989898,4591276,4107489,5132044,PSC_20250424,20251112
Fraser,Sockeye,1978,2514318,1229338,16.8,9499672,5529803,22.8,-989898,-989898,-989898,1296331,1144283,1468582,-989898,-989898,-989898,4588949,4100595,5135464,PSC_20250424,20251112
Fraser,Sockeye,1979,1407828,1342209,27.5,6572508,6391073,41.9,-989898,-989898,-989898,1308969,1153835,1484962,-989898,-989898,-989898,4586624,4093513,5139136,PSC_20250424,20251112
Fraser,Sockeye,1980,848320,1352229,28.5,3227956,5930676,31.7,-989898,-989898,-989898,1321731,1163406,1501602,-989898,-989898,-989898,4584300,4086252,5143053,PSC_20250424,20251112
Fraser,Sockeye,1981,1451249,1444834,37.3,8096402,6355721,41.1,-989898,-989898,-989898,1334617,1172998,1518504,-989898,-989898,-989898,4581977,4078817,5147207,PSC_20250424,20251112
Fraser,Sockeye,1982,4023350,1625024,54.4,14057112,7009898,55.6,-989898,-989898,-989898,1347629,1182612,1535671,-989898,-989898,-989898,4579655,4071216,5151592,PSC_20250424,20251112
Fraser,Sockeye,1983,975901,1482770,40.9,5345927,6657094,47.8,-989898,-989898,-989898,1360767,1192250,1553104,-989898,-989898,-989898,4577335,4063456,5156200,PSC_20250424,20251112
Fraser,Sockeye,1984,931671,1517922,44.2,6060241,7792472,73,-989898,-989898,-989898,1374034,1201912,1570805,-989898,-989898,-989898,4575015,4055545,5161024,PSC_20250424,20251112
Fraser,Sockeye,1985,2141613,1673013,58.9,13744110,8894702,97.4,-989898,-989898,-989898,1387430,1211601,1588776,-989898,-989898,-989898,4572697,4047489,5166057,PSC_20250424,20251112
Fraser,Sockeye,1986,3717444,1640263,55.8,16838875,9305413,106.6,-989898,-989898,-989898,1400957,1221317,1607019,-989898,-989898,-989898,4570380,4039295,5171292,PSC_20250424,20251112
Fraser,Sockeye,1987,1914743,1941286,84.4,7697576,10193384,126.3,-989898,-989898,-989898,1414615,1231061,1625538,-989898,-989898,-989898,4568064,4030969,5176724,PSC_20250424,20251112
Fraser,Sockeye,1988,1418275,2156324,104.9,3968776,9169804,103.6,-989898,-989898,-989898,1428407,1240835,1644333,-989898,-989898,-989898,4565750,4022518,5182344,PSC_20250424,20251112
Fraser,Sockeye,1989,3111718,2367440,124.9,18744574,9909456,120,-989898,-989898,-989898,1442333,1250641,1663407,-989898,-989898,-989898,4563436,4013947,5188147,PSC_20250424,20251112
Fraser,Sockeye,1990,6084832,2677811,154.4,21990925,10593328,135.2,-989898,-989898,-989898,1456395,1260479,1682762,-989898,-989898,-989898,4561124,4005263,5194128,PSC_20250424,20251112
Fraser,Sockeye,1991,3331509,3075478,192.2,11573900,11730428,160.4,-989898,-989898,-989898,1470594,1270351,1702401,-989898,-989898,-989898,4558813,3996472,5200280,PSC_20250424,20251112
Fraser,Sockeye,1992,1120656,2899616,175.5,6428602,13233625,193.8,-989898,-989898,-989898,1484931,1280258,1722326,-989898,-989898,-989898,4556503,3987579,5206597,PSC_20250424,20251112
Fraser,Sockeye,1993,6228096,3448890,227.6,24254776,14114297,213.3,-989898,-989898,-989898,1499408,1290201,1742539,-989898,-989898,-989898,4554194,3978589,5213074,PSC_20250424,20251112
Fraser,Sockeye,1994,3103636,2914640,176.9,17302272,13293036,195.1,-989898,-989898,-989898,1514027,1300182,1763043,-989898,-989898,-989898,4551886,3969508,5219706,PSC_20250424,20251112
Fraser,Sockeye,1995,1757009,2483808,136,3976533,10177249,125.9,-989898,-989898,-989898,1528788,1310202,1783841,-989898,-989898,-989898,4549580,3960341,5226488,PSC_20250424,20251112
Fraser,Sockeye,1996,2056236,2890801,174.6,4653079,9387206,108.4,-989898,-989898,-989898,1543692,1320262,1804935,-989898,-989898,-989898,4547274,3951092,5233414,PSC_20250424,20251112
Fraser,Sockeye,1997,4262269,2629297,149.8,16548110,8531475,89.4,-989898,-989898,-989898,1558743,1330363,1826328,-989898,-989898,-989898,4544970,3941767,5240481,PSC_20250424,20251112
Fraser,Sockeye,1998,4427679,2873532,173,10863978,7594437,68.6,-989898,-989898,-989898,1573939,1340506,1848023,-989898,-989898,-989898,4542667,3932369,5247683,PSC_20250424,20251112
Fraser,Sockeye,1999,1867769,2917785,177.2,3642165,7429496,64.9,-989898,-989898,-989898,1589284,1350693,1870022,-989898,-989898,-989898,4540365,3922903,5255016,PSC_20250424,20251112
Fraser,Sockeye,2000,2354260,3018204,186.7,5225156,7648020,69.8,-989898,-989898,-989898,1604779,1360924,1892328,-989898,-989898,-989898,4538065,3913372,5262476,PSC_20250424,20251112
Fraser,Sockeye,2001,5278817,3183997,202.5,7186761,6208622,37.8,-989898,-989898,-989898,1620425,1371202,1914945,-989898,-989898,-989898,4535765,3903782,5270060,PSC_20250424,20251112
Fraser,Sockeye,2002,10131025,3915993,272,15385323,6772900,50.3,-989898,-989898,-989898,1636223,1381526,1937875,-989898,-989898,-989898,4533467,3894135,5277763,PSC_20250424,20251112
Fraser,Sockeye,2003,1987715,3977403,277.9,4852893,7276708,61.5,-989898,-989898,-989898,1652175,1391899,1961121,-989898,-989898,-989898,4531170,3884435,5285581,PSC_20250424,20251112
Fraser,Sockeye,2004,525309,2733630,159.7,4256445,6913085,53.5,-989898,-989898,-989898,1668283,1402320,1984688,-989898,-989898,-989898,4528874,3874686,5293511,PSC_20250424,20251112
Fraser,Sockeye,2005,3360632,2441804,132,6905872,6844524,51.9,-989898,-989898,-989898,1684548,1412792,2008577,-989898,-989898,-989898,4526579,3864891,5301550,PSC_20250424,20251112
Fraser,Sockeye,2006,4662857,2011224,91.1,13036117,6566798,45.8,-989898,-989898,-989898,1700971,1423314,2032792,-989898,-989898,-989898,4524285,3855053,5309695,PSC_20250424,20251112
Fraser,Sockeye,2007,888896,1644693,56.2,1577327,4958312,10.1,-989898,-989898,-989898,1717554,1433889,2057337,-989898,-989898,-989898,4521993,3845175,5317942,PSC_20250424,20251112
Fraser,Sockeye,2008,817020,1836704,74.5,1717555,3951844,-12.3,-989898,-989898,-989898,1734299,1444517,2082214,-989898,-989898,-989898,4519701,3835260,5326288,PSC_20250424,20251112
Fraser,Sockeye,2009,1103321,1390303,32.1,1669612,2771080,-38.5,-989898,-989898,-989898,1751208,1455200,2107429,-989898,-989898,-989898,4517411,3825310,5334732,PSC_20250424,20251112
Fraser,Sockeye,2010,13142562,1801426,71.1,28204549,3360793,-25.4,-989898,-989898,-989898,1768281,1465937,2132983,-989898,-989898,-989898,4515122,3815329,5343269,PSC_20250424,20251112
Fraser,Sockeye,2011,2586342,2352747,123.5,5128781,4512995,0.2,-989898,-989898,-989898,1785521,1476730,2158881,-989898,-989898,-989898,4512834,3805318,5351897,PSC_20250424,20251112
Fraser,Sockeye,2012,925467,2427209,130.6,2066273,4726440,4.9,2684159,2117926,3401776,1802929,1487580,2185127,-989898,-989898,-989898,4510547,3795281,5360614,PSC_20250424,20251112
Fraser,Sockeye,2013,2572096,2999187,184.9,4328794,5997524,33.1,2386682,1940542,2935393,1820506,1498489,2211723,4964973,3761022,6554325,4508262,3785219,5369418,PSC_20250424,20251112
Fraser,Sockeye,2014,5890523,2453985,133.1,18895489,5426024,20.4,2122174,1773710,2539097,1838255,1509456,2238675,4357917,3419291,5554206,4505977,3775135,5378306,PSC_20250424,20251112
Fraser,Sockeye,2015,1192968,2022356,92.1,2011991,4294224,-4.7,1886980,1615206,2204483,1856177,1520483,2265986,3825085,3099793,4720082,4503694,3765031,5387276,PSC_20250424,20251112
Fraser,Sockeye,2016,487032,1722490,63.6,836117,3424952,-24,1677852,1462553,1924846,1874274,1531570,2293660,3357401,2797931,4028742,4501412,3754908,5396327,PSC_20250424,20251112
Fraser,Sockeye,2017,955791,1344856,27.8,1296258,2533586,-43.8,1491901,1313615,1694385,1892547,1542719,2321702,2946899,2508741,3461583,4499131,3744769,5405455,PSC_20250424,20251112
Fraser,Sockeye,2018,4102178,1228545,16.7,11032792,2214713,-50.8,1326559,1168031,1506602,1910998,1553930,2350114,2586589,2228129,3002717,4496851,3734616,5414659,PSC_20250424,20251112
Fraser,Sockeye,2019,304568,873283,-17,581562,1623903,-64,1179540,1028183,1353178,1929629,1565204,2378902,2270332,1955701,2635582,4494573,3724450,5423938,PSC_20250424,20251112
Fraser,Sockeye,2020,273843,756207,-28.2,396163,1347292,-70.1,1048816,897759,1225289,1948442,1576542,2408070,1992744,1696454,2340782,4492295,3714272,5433290,PSC_20250424,20251112
Fraser,Sockeye,2021,1905755,898601,-14.6,2459136,1581192,-64.9,932579,779448,1115794,1967438,1587946,2437622,1749096,1457630,2098843,4490019,3704085,5442712,PSC_20250424,20251112
Fraser,Sockeye,2022,3509983,864250,-17.9,6650989,1393268,-69.1,829224,674218,1019867,1986619,1599414,2467563,1535238,1244134,1894454,4487744,3693891,5452204,PSC_20250424,20251112
Fraser,Sockeye,2023,920575,1139550,8.3,1417205,1740780,-61.4,737324,581783,934449,2005988,1610950,2497897,1347528,1057292,1717437,4485470,3683689,5461764,PSC_20250424,20251112
Fraser,Sockeye,2024,-989898,-989898,-989898,473346,1819994,-59.6,-989898,-989898,-989898,-989898,-989898,-989898,1182769,895960,1561388,4483197,3673483,5471390,PSC_20250424,20251112
Fraser,Steelhead,1972,960,960,-33.9,-989898,-989898,-989898,-989898,-989898,-989898,2438,1707,3480,-989898,-989898,-989898,-989898,-989898,-989898,Bison_20241129,20251112
Fraser,Steelhead,1973,1435,1174,-19.2,-989898,-989898,-989898,-989898,-989898,-989898,2393,1694,3382,-989898,-989898,-989898,-989898,-989898,-989898,Bison_20241129,20251112
Fraser,Steelhead,1974,677,977,-32.7,-989898,-989898,-989898,-989898,-989898,-989898,2350,1680,3287,-989898,-989898,-989898,-989898,-989898,-989898,Bison_20241129,20251112
Fraser,Steelhead,1975,581,858,-40.9,-989898,-989898,-989898,-989898,-989898,-989898,2307,1667,3195,-989898,-989898,-989898,-989898,-989898,-989898,Bison_20241129,20251112
Fraser,Steelhead,1976,1022,889,-38.8,-989898,-989898,-989898,-989898,-989898,-989898,2266,1653,3106,-989898,-989898,-989898,-989898,-989898,-989898,Bison_20241129,20251112
Fraser,Steelhead,1977,494,778,-46.4,-989898,-989898,-989898,-989898,-989898,-989898,2225,1639,3020,-989898,-989898,-989898,-989898,-989898,-989898,Bison_20241129,20251112
Fraser,Steelhead,1978,2818,890,-38.7,-989898,-989898,-989898,-989898,-989898,-989898,2184,1625,2937,-989898,-989898,-989898,-989898,-989898,-989898,Bison_20241129,20251112
Fraser,Steelhead,1979,2381,1145,-21.2,-989898,-989898,-989898,-989898,-989898,-989898,2145,1610,2856,-989898,-989898,-989898,-989898,-989898,-989898,Bison_20241129,20251112
Fraser,Steelhead,1980,1845,1443,-0.7,-989898,-989898,-989898,-989898,-989898,-989898,2106,1596,2779,-989898,-989898,-989898,-989898,-989898,-989898,Bison_20241129,20251112
Fraser,Steelhead,1981,1833,1622,11.6,-989898,-989898,-989898,-989898,-989898,-989898,2068,1581,2704,-989898,-989898,-989898,-989898,-989898,-989898,Bison_20241129,20251112
Fraser,Steelhead,1982,2126,2171,49.5,-989898,-989898,-989898,-989898,-989898,-989898,2030,1566,2632,-989898,-989898,-989898,-989898,-989898,-989898,Bison_20241129,20251112
Fraser,Steelhead,1983,4388,2372,63.3,-989898,-989898,-989898,-989898,-989898,-989898,1993,1551,2562,-989898,-989898,-989898,-989898,-989898,-989898,Bison_20241129,20251112
Fraser,Steelhead,1984,2253,2346,61.5,-989898,-989898,-989898,-989898,-989898,-989898,1957,1535,2495,-989898,-989898,-989898,-989898,-989898,-989898,Bison_20241129,20251112
Fraser,Steelhead,1985,6659,3033,108.8,-989898,-989898,-989898,-989898,-989898,-989898,1922,1519,2431,-989898,-989898,-989898,-989898,-989898,-989898,Bison_20241129,20251112
Fraser,Steelhead,1986,4322,3600,147.9,-989898,-989898,-989898,-989898,-989898,-989898,1887,1503,2369,-989898,-989898,-989898,-989898,-989898,-989898,Bison_20241129,20251112
Fraser,Steelhead,1987,4008,4087,181.4,-989898,-989898,-989898,-989898,-989898,-989898,1853,1486,2309,-989898,-989898,-989898,-989898,-989898,-989898,Bison_20241129,20251112
Fraser,Steelhead,1988,3842,3980,174,-989898,-989898,-989898,-989898,-989898,-989898,1819,1469,2253,-989898,-989898,-989898,-989898,-989898,-989898,Bison_20241129,20251112
Fraser,Steelhead,1989,2280,3989,174.7,-989898,-989898,-989898,-989898,-989898,-989898,1786,1451,2198,-989898,-989898,-989898,-989898,-989898,-989898,Bison_20241129,20251112
Fraser,Steelhead,1990,1603,3001,106.6,-989898,-989898,-989898,-989898,-989898,-989898,1754,1433,2146,-989898,-989898,-989898,-989898,-989898,-989898,Bison_20241129,20251112
Fraser,Steelhead,1991,1666,2480,70.7,-989898,-989898,-989898,-989898,-989898,-989898,1722,1414,2096,-989898,-989898,-989898,-989898,-989898,-989898,Bison_20241129,20251112
Fraser,Steelhead,1992,1442,2021,39.2,-989898,-989898,-989898,-989898,-989898,-989898,1691,1395,2049,-989898,-989898,-989898,-989898,-989898,-989898,Bison_20241129,20251112
Fraser,Steelhead,1993,4506,2087,43.7,-989898,-989898,-989898,-989898,-989898,-989898,1660,1375,2005,-989898,-989898,-989898,-989898,-989898,-989898,Bison_20241129,20251112
Fraser,Steelhead,1994,3577,2283,57.2,-989898,-989898,-989898,-989898,-989898,-989898,1630,1354,1962,-989898,-989898,-989898,-989898,-989898,-989898,Bison_20241129,20251112
Fraser,Steelhead,1995,3420,2657,82.9,-989898,-989898,-989898,-989898,-989898,-989898,1601,1333,1922,-989898,-989898,-989898,-989898,-989898,-989898,Bison_20241129,20251112
Fraser,Steelhead,1996,1538,2615,80,-989898,-989898,-989898,-989898,-989898,-989898,1572,1311,1884,-989898,-989898,-989898,-989898,-989898,-989898,Bison_20241129,20251112
Fraser,Steelhead,1997,4373,3264,124.8,-989898,-989898,-989898,-989898,-989898,-989898,1543,1288,1849,-989898,-989898,-989898,-989898,-989898,-989898,Bison_20241129,20251112
Fraser,Steelhead,1998,2142,2813,93.7,-989898,-989898,-989898,-989898,-989898,-989898,1515,1265,1815,-989898,-989898,-989898,-989898,-989898,-989898,Bison_20241129,20251112
Fraser,Steelhead,1999,3264,2762,90.2,-989898,-989898,-989898,-989898,-989898,-989898,1488,1241,1784,-989898,-989898,-989898,-989898,-989898,-989898,Bison_20241129,20251112
Fraser,Steelhead,2000,2239,2538,74.7,-989898,-989898,-989898,-989898,-989898,-989898,1461,1216,1754,-989898,-989898,-989898,-989898,-989898,-989898,Bison_20241129,20251112
Fraser,Steelhead,2001,3068,2914,100.6,-989898,-989898,-989898,-989898,-989898,-989898,1434,1191,1726,-989898,-989898,-989898,-989898,-989898,-989898,Bison_20241129,20251112
Fraser,Steelhead,2002,4274,2900,99.7,-989898,-989898,-989898,-989898,-989898,-989898,1408,1166,1700,-989898,-989898,-989898,-989898,-989898,-989898,Bison_20241129,20251112
Fraser,Steelhead,2003,2397,2966,104.2,-989898,-989898,-989898,-989898,-989898,-989898,1383,1141,1676,-989898,-989898,-989898,-989898,-989898,-989898,Bison_20241129,20251112
Fraser,Steelhead,2004,1204,2430,67.3,-989898,-989898,-989898,-989898,-989898,-989898,1358,1115,1653,-989898,-989898,-989898,-989898,-989898,-989898,Bison_20241129,20251112
Fraser,Steelhead,2005,2824,2545,75.3,-989898,-989898,-989898,-989898,-989898,-989898,1333,1089,1631,-989898,-989898,-989898,-989898,-989898,-989898,Bison_20241129,20251112
Fraser,Steelhead,2006,2212,2384,64.2,-989898,-989898,-989898,-989898,-989898,-989898,1309,1064,1611,-989898,-989898,-989898,-989898,-989898,-989898,Bison_20241129,20251112
Fraser,Steelhead,2007,1114,1822,25.5,-989898,-989898,-989898,-989898,-989898,-989898,1285,1038,1591,-989898,-989898,-989898,-989898,-989898,-989898,Bison_20241129,20251112
Fraser,Steelhead,2008,1318,1617,11.3,-989898,-989898,-989898,-989898,-989898,-989898,1262,1012,1573,-989898,-989898,-989898,-989898,-989898,-989898,Bison_20241129,20251112
Fraser,Steelhead,2009,1040,1570,8.1,-989898,-989898,-989898,1816,1339,2461,1239,987,1555,-989898,-989898,-989898,-989898,-989898,-989898,Bison_20241129,20251112
Fraser,Steelhead,2010,734,1199,-17.4,-989898,-989898,-989898,1593,1212,2094,1217,962,1539,-989898,-989898,-989898,-989898,-989898,-989898,Bison_20241129,20251112
Fraser,Steelhead,2011,894,1000,-31.1,-989898,-989898,-989898,1398,1095,1785,1194,937,1523,-989898,-989898,-989898,-989898,-989898,-989898,Bison_20241129,20251112
Fraser,Steelhead,2012,1307,1033,-28.9,-989898,-989898,-989898,1226,986,1525,1173,912,1508,-989898,-989898,-989898,-989898,-989898,-989898,Bison_20241129,20251112
Fraser,Steelhead,2013,1464,1055,-27.4,-989898,-989898,-989898,1076,886,1307,1152,888,1493,-989898,-989898,-989898,-989898,-989898,-989898,Bison_20241129,20251112
Fraser,Steelhead,2014,2255,1231,-15.2,-989898,-989898,-989898,944,792,1126,1131,865,1479,-989898,-989898,-989898,-989898,-989898,-989898,Bison_20241129,20251112
Fraser,Steelhead,2015,1268,1374,-5.4,-989898,-989898,-989898,828,703,976,1110,841,1465,-989898,-989898,-989898,-989898,-989898,-989898,Bison_20241129,20251112
Fraser,Steelhead,2016,494,1220,-16,-989898,-989898,-989898,727,619,853,1090,818,1452,-989898,-989898,-989898,-989898,-989898,-989898,Bison_20241129,20251112
Fraser,Steelhead,2017,427,975,-32.8,-989898,-989898,-989898,638,541,751,1070,796,1439,-989898,-989898,-989898,-989898,-989898,-989898,Bison_20241129,20251112
Fraser,Steelhead,2018,227,672,-53.7,-989898,-989898,-989898,560,469,667,1051,774,1427,-989898,-989898,-989898,-989898,-989898,-989898,Bison_20241129,20251112
Fraser,Steelhead,2019,360,466,-67.9,-989898,-989898,-989898,491,404,596,1032,753,1415,-989898,-989898,-989898,-989898,-989898,-989898,Bison_20241129,20251112
Fraser,Steelhead,2020,295,348,-76.1,-989898,-989898,-989898,431,346,536,1013,732,1403,-989898,-989898,-989898,-989898,-989898,-989898,Bison_20241129,20251112
Fraser,Steelhead,2021,222,296,-79.6,-989898,-989898,-989898,378,296,483,995,711,1391,-989898,-989898,-989898,-989898,-989898,-989898,Bison_20241129,20251112
Fraser,Steelhead,2022,123,231,-84.1,-989898,-989898,-989898,332,252,436,977,691,1380,-989898,-989898,-989898,-989898,-989898,-989898,Bison_20241129,20251112
Fraser,Steelhead,2023,505,271,-81.3,-989898,-989898,-989898,291,215,394,959,672,1369,-989898,-989898,-989898,-989898,-989898,-989898,Bison_20241129,20251112
Haida Gwaii,Chinook,1935,1500,1500,-6.8,-989898,-989898,-989898,-989898,-989898,-989898,1371,1062,1770,-989898,-989898,-989898,-989898,-989898,-989898,NuSEDS_20250221,20251112
Haida Gwaii,Chinook,1936,1500,1500,-6.8,-989898,-989898,-989898,-989898,-989898,-989898,1377,1072,1768,-989898,-989898,-989898,-989898,-989898,-989898,NuSEDS_20250221,20251112
Haida Gwaii,Chinook,1937,-989898,1500,-6.8,-989898,-989898,-989898,-989898,-989898,-989898,1382,1082,1765,-989898,-989898,-989898,-989898,-989898,-989898,NuSEDS_20250221,20251112
Haida Gwaii,Chinook,1938,3500,1990,23.6,-989898,-989898,-989898,-989898,-989898,-989898,1387,1092,1763,-989898,-989898,-989898,-989898,-989898,-989898,NuSEDS_20250221,20251112
Haida Gwaii,Chinook,1939,750,1559,-3.1,-989898,-989898,-989898,-989898,-989898,-989898,1393,1102,1761,-989898,-989898,-989898,-989898,-989898,-989898,NuSEDS_20250221,20251112
Haida Gwaii,Chinook,1940,2000,1675,4.1,-989898,-989898,-989898,-989898,-989898,-989898,1399,1112,1759,-989898,-989898,-989898,-989898,-989898,-989898,NuSEDS_20250221,20251112
Haida Gwaii,Chinook,1941,-989898,1738,8,-989898,-989898,-989898,-989898,-989898,-989898,1404,1122,1757,-989898,-989898,-989898,-989898,-989898,-989898,NuSEDS_20250221,20251112
Haida Gwaii,Chinook,1942,3500,2070,28.6,-989898,-989898,-989898,-989898,-989898,-989898,1410,1132,1755,-989898,-989898,-989898,-989898,-989898,-989898,NuSEDS_20250221,20251112
Haida Gwaii,Chinook,1943,1000,1514,-5.9,-989898,-989898,-989898,-989898,-989898,-989898,1415,1142,1753,-989898,-989898,-989898,-989898,-989898,-989898,NuSEDS_20250221,20251112
Haida Gwaii,Chinook,1944,2000,1934,20.2,-989898,-989898,-989898,-989898,-989898,-989898,1421,1153,1751,-989898,-989898,-989898,-989898,-989898,-989898,NuSEDS_20250221,20251112
Haida Gwaii,Chinook,1945,-989898,1913,18.9,-989898,-989898,-989898,-989898,-989898,-989898,1427,1163,1750,-989898,-989898,-989898,-989898,-989898,-989898,NuSEDS_20250221,20251112
Haida Gwaii,Chinook,1946,-989898,1913,18.9,-989898,-989898,-989898,-989898,-989898,-989898,1432,1173,1748,-989898,-989898,-989898,-989898,-989898,-989898,NuSEDS_20250221,20251112
Haida Gwaii,Chinook,1947,1500,1442,-10.4,-989898,-989898,-989898,-989898,-989898,-989898,1438,1183,1747,-989898,-989898,-989898,-989898,-989898,-989898,NuSEDS_20250221,20251112
Haida Gwaii,Chinook,1948,750,1310,-18.6,-989898,-989898,-989898,-989898,-989898,-989898,1444,1193,1746,-989898,-989898,-989898,-989898,-989898,-989898,NuSEDS_20250221,20251112
Haida Gwaii,Chinook,1949,-989898,1061,-34.1,-989898,-989898,-989898,-989898,-989898,-989898,1449,1204,1745,-989898,-989898,-989898,-989898,-989898,-989898,NuSEDS_20250221,20251112
Haida Gwaii,Chinook,1950,-989898,1061,-34.1,-989898,-989898,-989898,-989898,-989898,-989898,1455,1214,1744,-989898,-989898,-989898,-989898,-989898,-989898,NuSEDS_20250221,20251112
Haida Gwaii,Chinook,1951,-989898,1061,-34.1,-989898,-989898,-989898,-989898,-989898,-989898,1461,1224,1744,-989898,-989898,-989898,-989898,-989898,-989898,NuSEDS_20250221,20251112
Haida Gwaii,Chinook,1952,1500,1061,-34.1,-989898,-989898,-989898,-989898,-989898,-989898,1467,1234,1743,-989898,-989898,-989898,-989898,-989898,-989898,NuSEDS_20250221,20251112
Haida Gwaii,Chinook,1953,-989898,1500,-6.8,-989898,-989898,-989898,-989898,-989898,-989898,1472,1244,1743,-989898,-989898,-989898,-989898,-989898,-989898,NuSEDS_20250221,20251112
Haida Gwaii,Chinook,1954,-989898,1500,-6.8,-989898,-989898,-989898,-989898,-989898,-989898,1478,1254,1743,-989898,-989898,-989898,-989898,-989898,-989898,NuSEDS_20250221,20251112
Haida Gwaii,Chinook,1955,-989898,1500,-6.8,-989898,-989898,-989898,-989898,-989898,-989898,1484,1263,1744,-989898,-989898,-989898,-989898,-989898,-989898,NuSEDS_20250221,20251112
Haida Gwaii,Chinook,1956,750,1061,-34.1,-989898,-989898,-989898,-989898,-989898,-989898,1490,1273,1744,-989898,-989898,-989898,-989898,-989898,-989898,NuSEDS_20250221,20251112
Haida Gwaii,Chinook,1957,1500,1061,-34.1,-989898,-989898,-989898,-989898,-989898,-989898,1496,1283,1745,-989898,-989898,-989898,-989898,-989898,-989898,NuSEDS_20250221,20251112
Haida Gwaii,Chinook,1958,-989898,1061,-34.1,-989898,-989898,-989898,-989898,-989898,-989898,1502,1292,1746,-989898,-989898,-989898,-989898,-989898,-989898,NuSEDS_20250221,20251112
Haida Gwaii,Chinook,1959,3500,1579,-1.9,-989898,-989898,-989898,-989898,-989898,-989898,1508,1301,1748,-989898,-989898,-989898,-989898,-989898,-989898,NuSEDS_20250221,20251112
Haida Gwaii,Chinook,1960,750,1311,-18.5,-989898,-989898,-989898,-989898,-989898,-989898,1514,1310,1749,-989898,-989898,-989898,-989898,-989898,-989898,NuSEDS_20250221,20251112
Haida Gwaii,Chinook,1961,3500,1927,19.7,-989898,-989898,-989898,-989898,-989898,-989898,1520,1319,1752,-989898,-989898,-989898,-989898,-989898,-989898,NuSEDS_20250221,20251112
Haida Gwaii,Chinook,1962,1500,1927,19.7,-989898,-989898,-989898,-989898,-989898,-989898,1526,1327,1754,-989898,-989898,-989898,-989898,-989898,-989898,NuSEDS_20250221,20251112
Haida Gwaii,Chinook,1963,-989898,1927,19.7,-989898,-989898,-989898,-989898,-989898,-989898,1532,1336,1757,-989898,-989898,-989898,-989898,-989898,-989898,NuSEDS_20250221,20251112
Haida Gwaii,Chinook,1964,7500,2331,44.8,-989898,-989898,-989898,-989898,-989898,-989898,1538,1344,1761,-989898,-989898,-989898,-989898,-989898,-989898,NuSEDS_20250221,20251112
Haida Gwaii,Chinook,1965,15000,4930,206.3,-989898,-989898,-989898,-989898,-989898,-989898,1544,1351,1765,-989898,-989898,-989898,-989898,-989898,-989898,NuSEDS_20250221,20251112
Haida Gwaii,Chinook,1966,7500,5965,270.6,-989898,-989898,-989898,-989898,-989898,-989898,1550,1359,1769,-989898,-989898,-989898,-989898,-989898,-989898,NuSEDS_20250221,20251112
Haida Gwaii,Chinook,1967,1500,5965,270.6,-989898,-989898,-989898,-989898,-989898,-989898,1557,1366,1774,-989898,-989898,-989898,-989898,-989898,-989898,NuSEDS_20250221,20251112
Haida Gwaii,Chinook,1968,1500,4526,181.2,-989898,-989898,-989898,-989898,-989898,-989898,1563,1372,1780,-989898,-989898,-989898,-989898,-989898,-989898,NuSEDS_20250221,20251112
Haida Gwaii,Chinook,1969,1500,3280,103.8,-989898,-989898,-989898,-989898,-989898,-989898,1569,1378,1786,-989898,-989898,-989898,-989898,-989898,-989898,NuSEDS_20250221,20251112
Haida Gwaii,Chinook,1970,800,1825,13.4,-989898,-989898,-989898,-989898,-989898,-989898,1575,1384,1792,-989898,-989898,-989898,-989898,-989898,-989898,NuSEDS_20250221,20251112
Haida Gwaii,Chinook,1971,500,1062,-34,-989898,-989898,-989898,-989898,-989898,-989898,1581,1390,1799,-989898,-989898,-989898,-989898,-989898,-989898,NuSEDS_20250221,20251112
Haida Gwaii,Chinook,1972,1000,979,-39.2,-989898,-989898,-989898,-989898,-989898,-989898,1588,1395,1807,-989898,-989898,-989898,-989898,-989898,-989898,NuSEDS_20250221,20251112
Haida Gwaii,Chinook,1973,900,884,-45.1,-989898,-989898,-989898,-989898,-989898,-989898,1594,1400,1815,-989898,-989898,-989898,-989898,-989898,-989898,NuSEDS_20250221,20251112
Haida Gwaii,Chinook,1974,1000,815,-49.3,-989898,-989898,-989898,-989898,-989898,-989898,1600,1404,1824,-989898,-989898,-989898,-989898,-989898,-989898,NuSEDS_20250221,20251112
Haida Gwaii,Chinook,1975,1500,924,-42.6,-989898,-989898,-989898,-989898,-989898,-989898,1607,1408,1834,-989898,-989898,-989898,-989898,-989898,-989898,NuSEDS_20250221,20251112
Haida Gwaii,Chinook,1976,700,989,-38.6,-989898,-989898,-989898,-989898,-989898,-989898,1613,1411,1843,-989898,-989898,-989898,-989898,-989898,-989898,NuSEDS_20250221,20251112
Haida Gwaii,Chinook,1977,800,946,-41.2,-989898,-989898,-989898,-989898,-989898,-989898,1619,1415,1854,-989898,-989898,-989898,-989898,-989898,-989898,NuSEDS_20250221,20251112
Haida Gwaii,Chinook,1978,600,872,-45.8,-989898,-989898,-989898,-989898,-989898,-989898,1626,1417,1865,-989898,-989898,-989898,-989898,-989898,-989898,NuSEDS_20250221,20251112
Haida Gwaii,Chinook,1979,400,726,-54.9,-989898,-989898,-989898,-989898,-989898,-989898,1632,1420,1877,-989898,-989898,-989898,-989898,-989898,-989898,NuSEDS_20250221,20251112
Haida Gwaii,Chinook,1980,600,604,-62.4,-989898,-989898,-989898,-989898,-989898,-989898,1639,1422,1889,-989898,-989898,-989898,-989898,-989898,-989898,NuSEDS_20250221,20251112
Haida Gwaii,Chinook,1981,750,613,-61.9,-989898,-989898,-989898,-989898,-989898,-989898,1645,1424,1901,-989898,-989898,-989898,-989898,-989898,-989898,NuSEDS_20250221,20251112
Haida Gwaii,Chinook,1982,1400,685,-57.4,-989898,-989898,-989898,-989898,-989898,-989898,1652,1425,1914,-989898,-989898,-989898,-989898,-989898,-989898,NuSEDS_20250221,20251112
Haida Gwaii,Chinook,1983,600,685,-57.4,-989898,-989898,-989898,-989898,-989898,-989898,1658,1427,1928,-989898,-989898,-989898,-989898,-989898,-989898,NuSEDS_20250221,20251112
Haida Gwaii,Chinook,1984,300,647,-59.8,-989898,-989898,-989898,-989898,-989898,-989898,1665,1427,1942,-989898,-989898,-989898,-989898,-989898,-989898,NuSEDS_20250221,20251112
Haida Gwaii,Chinook,1985,1500,777,-51.7,-989898,-989898,-989898,-989898,-989898,-989898,1672,1428,1957,-989898,-989898,-989898,-989898,-989898,-989898,NuSEDS_20250221,20251112
Haida Gwaii,Chinook,1986,500,717,-55.5,-989898,-989898,-989898,-989898,-989898,-989898,1678,1429,1972,-989898,-989898,-989898,-989898,-989898,-989898,NuSEDS_20250221,20251112
Haida Gwaii,Chinook,1987,2000,770,-52.2,-989898,-989898,-989898,-989898,-989898,-989898,1685,1429,1987,-989898,-989898,-989898,-989898,-989898,-989898,NuSEDS_20250221,20251112
Haida Gwaii,Chinook,1988,2200,998,-38,-989898,-989898,-989898,-989898,-989898,-989898,1692,1429,2003,-989898,-989898,-989898,-989898,-989898,-989898,NuSEDS_20250221,20251112
Haida Gwaii,Chinook,1989,2800,1560,-3.1,-989898,-989898,-989898,-989898,-989898,-989898,1698,1429,2019,-989898,-989898,-989898,-989898,-989898,-989898,NuSEDS_20250221,20251112
Haida Gwaii,Chinook,1990,2000,1652,2.7,-989898,-989898,-989898,-989898,-989898,-989898,1705,1428,2035,-989898,-989898,-989898,-989898,-989898,-989898,NuSEDS_20250221,20251112
Haida Gwaii,Chinook,1991,1900,2158,34.1,-989898,-989898,-989898,-989898,-989898,-989898,1712,1428,2052,-989898,-989898,-989898,-989898,-989898,-989898,NuSEDS_20250221,20251112
Haida Gwaii,Chinook,1992,2000,2158,34.1,-989898,-989898,-989898,1580,1396,1790,1719,1427,2069,-989898,-989898,-989898,-989898,-989898,-989898,NuSEDS_20250221,20251112
Haida Gwaii,Chinook,1993,1000,1843,14.5,-989898,-989898,-989898,1696,1517,1897,1725,1427,2087,-989898,-989898,-989898,-989898,-989898,-989898,NuSEDS_20250221,20251112
Haida Gwaii,Chinook,1994,2000,1723,7.1,-989898,-989898,-989898,1820,1647,2011,1732,1426,2105,-989898,-989898,-989898,-989898,-989898,-989898,NuSEDS_20250221,20251112
Haida Gwaii,Chinook,1995,1500,1627,1.1,-989898,-989898,-989898,1953,1787,2135,1739,1425,2123,-989898,-989898,-989898,-989898,-989898,-989898,NuSEDS_20250221,20251112
Haida Gwaii,Chinook,1996,3000,1783,10.8,-989898,-989898,-989898,2096,1936,2269,1746,1423,2142,-989898,-989898,-989898,-989898,-989898,-989898,NuSEDS_20250221,20251112
Haida Gwaii,Chinook,1997,2500,1864,15.8,-989898,-989898,-989898,2249,2093,2417,1753,1422,2161,-989898,-989898,-989898,-989898,-989898,-989898,NuSEDS_20250221,20251112
Haida Gwaii,Chinook,1998,3000,2322,44.3,-989898,-989898,-989898,2414,2257,2581,1760,1421,2180,-989898,-989898,-989898,-989898,-989898,-989898,NuSEDS_20250221,20251112
Haida Gwaii,Chinook,1999,3200,2551,58.5,-989898,-989898,-989898,2590,2426,2765,1767,1419,2200,-989898,-989898,-989898,-989898,-989898,-989898,NuSEDS_20250221,20251112
Haida Gwaii,Chinook,2000,3600,3039,88.8,-989898,-989898,-989898,2779,2599,2972,1774,1418,2220,-989898,-989898,-989898,-989898,-989898,-989898,NuSEDS_20250221,20251112
Haida Gwaii,Chinook,2001,-989898,3049,89.4,-989898,-989898,-989898,2983,2775,3205,1781,1416,2240,-989898,-989898,-989898,-989898,-989898,-989898,NuSEDS_20250221,20251112
Haida Gwaii,Chinook,2002,3500,3316,106.1,-989898,-989898,-989898,3201,2956,3466,1788,1415,2261,-989898,-989898,-989898,-989898,-989898,-989898,NuSEDS_20250221,20251112
Haida Gwaii,Chinook,2003,4000,3564,121.4,-989898,-989898,-989898,3435,3142,3754,1795,1413,2281,-989898,-989898,-989898,-989898,-989898,-989898,NuSEDS_20250221,20251112
Haida Gwaii,Chinook,2004,-989898,3694,129.5,-989898,-989898,-989898,3686,3335,4073,1802,1411,2302,-989898,-989898,-989898,-989898,-989898,-989898,NuSEDS_20250221,20251112
Haida Gwaii,Chinook,2005,5000,4121,156.1,-989898,-989898,-989898,3955,3537,4423,1810,1409,2324,-989898,-989898,-989898,-989898,-989898,-989898,NuSEDS_20250221,20251112
Haida Gwaii,Chinook,2006,5000,4325,168.8,-989898,-989898,-989898,4244,3748,4807,1817,1407,2346,-989898,-989898,-989898,-989898,-989898,-989898,NuSEDS_20250221,20251112
Haida Gwaii,Chum,1950,751636,751636,215,-989898,-989898,-989898,-989898,-989898,-989898,450973,386249,526543,-989898,-989898,-989898,-989898,-989898,-989898,NuSEDS_20250221,20251112
Haida Gwaii,Chum,1951,859415,803721,236.9,-989898,-989898,-989898,-989898,-989898,-989898,443857,381353,516604,-989898,-989898,-989898,-989898,-989898,-989898,NuSEDS_20250221,20251112
Haida Gwaii,Chum,1952,1165802,909798,281.3,-989898,-989898,-989898,-989898,-989898,-989898,436853,376511,506865,-989898,-989898,-989898,-989898,-989898,-989898,NuSEDS_20250221,20251112
Haida Gwaii,Chum,1953,326340,704087,195.1,-989898,-989898,-989898,-989898,-989898,-989898,429959,371721,497321,-989898,-989898,-989898,-989898,-989898,-989898,NuSEDS_20250221,20251112
Haida Gwaii,Chum,1954,644224,691685,189.9,-989898,-989898,-989898,-989898,-989898,-989898,423174,366982,487970,-989898,-989898,-989898,-989898,-989898,-989898,NuSEDS_20250221,20251112
Haida Gwaii,Chum,1955,67803,427520,79.2,-989898,-989898,-989898,-989898,-989898,-989898,416496,362293,478809,-989898,-989898,-989898,-989898,-989898,-989898,NuSEDS_20250221,20251112
Haida Gwaii,Chum,1956,153860,303069,27,-989898,-989898,-989898,-989898,-989898,-989898,409924,357653,469834,-989898,-989898,-989898,-989898,-989898,-989898,NuSEDS_20250221,20251112
Haida Gwaii,Chum,1957,467256,252422,5.8,-989898,-989898,-989898,-989898,-989898,-989898,403455,353061,461042,-989898,-989898,-989898,-989898,-989898,-989898,NuSEDS_20250221,20251112
Haida Gwaii,Chum,1958,251152,239541,0.4,-989898,-989898,-989898,-989898,-989898,-989898,397088,348516,452430,-989898,-989898,-989898,-989898,-989898,-989898,NuSEDS_20250221,20251112
Haida Gwaii,Chum,1959,80499,158027,-33.8,-989898,-989898,-989898,-989898,-989898,-989898,390822,344017,443996,-989898,-989898,-989898,-989898,-989898,-989898,NuSEDS_20250221,20251112
Haida Gwaii,Chum,1960,213643,198801,-16.7,-989898,-989898,-989898,-989898,-989898,-989898,384655,339563,435736,-989898,-989898,-989898,-989898,-989898,-989898,NuSEDS_20250221,20251112
Haida Gwaii,Chum,1961,278238,223809,-6.2,-989898,-989898,-989898,-989898,-989898,-989898,378585,335151,427648,-989898,-989898,-989898,-989898,-989898,-989898,NuSEDS_20250221,20251112
Haida Gwaii,Chum,1962,323812,207982,-12.8,-989898,-989898,-989898,-989898,-989898,-989898,372611,330783,419729,-989898,-989898,-989898,-989898,-989898,-989898,NuSEDS_20250221,20251112
Haida Gwaii,Chum,1963,314309,217525,-8.8,-989898,-989898,-989898,-989898,-989898,-989898,366731,326455,411976,-989898,-989898,-989898,-989898,-989898,-989898,NuSEDS_20250221,20251112
Haida Gwaii,Chum,1964,612135,326378,36.8,-989898,-989898,-989898,-989898,-989898,-989898,360944,322167,404388,-989898,-989898,-989898,-989898,-989898,-989898,NuSEDS_20250221,20251112
Haida Gwaii,Chum,1965,459595,380415,59.4,-989898,-989898,-989898,-989898,-989898,-989898,355248,317917,396962,-989898,-989898,-989898,-989898,-989898,-989898,NuSEDS_20250221,20251112
Haida Gwaii,Chum,1966,527413,432319,81.2,-989898,-989898,-989898,-989898,-989898,-989898,349642,313705,389696,-989898,-989898,-989898,-989898,-989898,-989898,NuSEDS_20250221,20251112
Haida Gwaii,Chum,1967,368930,443746,86,-989898,-989898,-989898,-989898,-989898,-989898,344125,309529,382587,-989898,-989898,-989898,-989898,-989898,-989898,NuSEDS_20250221,20251112
Haida Gwaii,Chum,1968,404858,466793,95.6,-989898,-989898,-989898,-989898,-989898,-989898,338694,305387,375635,-989898,-989898,-989898,-989898,-989898,-989898,NuSEDS_20250221,20251112
Haida Gwaii,Chum,1969,315676,408887,71.4,-989898,-989898,-989898,-989898,-989898,-989898,333350,301278,368835,-989898,-989898,-989898,-989898,-989898,-989898,NuSEDS_20250221,20251112
Haida Gwaii,Chum,1970,278992,370038,55.1,-989898,-989898,-989898,-989898,-989898,-989898,328089,297201,362188,-989898,-989898,-989898,-989898,-989898,-989898,NuSEDS_20250221,20251112
Haida Gwaii,Chum,1971,308895,332490,39.4,-989898,-989898,-989898,-989898,-989898,-989898,322912,293154,355690,-989898,-989898,-989898,-989898,-989898,-989898,NuSEDS_20250221,20251112
Haida Gwaii,Chum,1972,219886,299798,25.7,-989898,-989898,-989898,-989898,-989898,-989898,317816,289136,349341,-989898,-989898,-989898,-989898,-989898,-989898,NuSEDS_20250221,20251112
Haida Gwaii,Chum,1973,276985,277881,16.5,-989898,-989898,-989898,-989898,-989898,-989898,312801,285146,343139,-989898,-989898,-989898,-989898,-989898,-989898,NuSEDS_20250221,20251112
Haida Gwaii,Chum,1974,225336,259763,8.9,-989898,-989898,-989898,-989898,-989898,-989898,307865,281181,337082,-989898,-989898,-989898,-989898,-989898,-989898,NuSEDS_20250221,20251112
Haida Gwaii,Chum,1975,133489,224155,-6.1,-989898,-989898,-989898,-989898,-989898,-989898,303007,277241,331168,-989898,-989898,-989898,-989898,-989898,-989898,NuSEDS_20250221,20251112
Haida Gwaii,Chum,1976,208104,207129,-13.2,-989898,-989898,-989898,-989898,-989898,-989898,298225,273324,325396,-989898,-989898,-989898,-989898,-989898,-989898,NuSEDS_20250221,20251112
Haida Gwaii,Chum,1977,249252,212388,-11,-989898,-989898,-989898,-989898,-989898,-989898,293519,269429,319764,-989898,-989898,-989898,-989898,-989898,-989898,NuSEDS_20250221,20251112
Haida Gwaii,Chum,1978,297906,215504,-9.7,-989898,-989898,-989898,-989898,-989898,-989898,288888,265554,314271,-989898,-989898,-989898,-989898,-989898,-989898,NuSEDS_20250221,20251112
Haida Gwaii,Chum,1979,117095,189059,-20.8,-989898,-989898,-989898,-989898,-989898,-989898,284329,261700,308914,-989898,-989898,-989898,-989898,-989898,-989898,NuSEDS_20250221,20251112
Haida Gwaii,Chum,1980,224902,209849,-12,-989898,-989898,-989898,-989898,-989898,-989898,279842,257864,303693,-989898,-989898,-989898,-989898,-989898,-989898,NuSEDS_20250221,20251112
Haida Gwaii,Chum,1981,222625,212699,-10.9,-989898,-989898,-989898,-989898,-989898,-989898,275426,254046,298605,-989898,-989898,-989898,-989898,-989898,-989898,NuSEDS_20250221,20251112
Haida Gwaii,Chum,1982,292275,219581,-8,-989898,-989898,-989898,-989898,-989898,-989898,271080,250246,293648,-989898,-989898,-989898,-989898,-989898,-989898,NuSEDS_20250221,20251112
Haida Gwaii,Chum,1983,207855,204330,-14.4,-989898,-989898,-989898,-989898,-989898,-989898,266802,246464,288819,-989898,-989898,-989898,-989898,-989898,-989898,NuSEDS_20250221,20251112
Haida Gwaii,Chum,1984,368285,256957,7.7,-989898,-989898,-989898,-989898,-989898,-989898,262592,242698,284117,-989898,-989898,-989898,-989898,-989898,-989898,NuSEDS_20250221,20251112
Haida Gwaii,Chum,1985,426209,292002,22.4,-989898,-989898,-989898,-989898,-989898,-989898,258448,238950,279538,-989898,-989898,-989898,-989898,-989898,-989898,NuSEDS_20250221,20251112
Haida Gwaii,Chum,1986,382560,325396,36.4,-989898,-989898,-989898,-989898,-989898,-989898,254370,235219,275079,-989898,-989898,-989898,-989898,-989898,-989898,NuSEDS_20250221,20251112
Haida Gwaii,Chum,1987,388828,344512,44.4,-989898,-989898,-989898,-989898,-989898,-989898,250356,231507,270739,-989898,-989898,-989898,-989898,-989898,-989898,NuSEDS_20250221,20251112
Haida Gwaii,Chum,1988,326797,377145,58.1,-989898,-989898,-989898,-989898,-989898,-989898,246405,227815,266512,-989898,-989898,-989898,-989898,-989898,-989898,NuSEDS_20250221,20251112
Haida Gwaii,Chum,1989,319678,366618,53.7,-989898,-989898,-989898,-989898,-989898,-989898,242517,224144,262396,-989898,-989898,-989898,-989898,-989898,-989898,NuSEDS_20250221,20251112
Haida Gwaii,Chum,1990,328206,347952,45.8,-989898,-989898,-989898,-989898,-989898,-989898,238690,220494,258387,-989898,-989898,-989898,-989898,-989898,-989898,NuSEDS_20250221,20251112
Haida Gwaii,Chum,1991,285860,328254,37.6,-989898,-989898,-989898,-989898,-989898,-989898,234923,216869,254481,-989898,-989898,-989898,-989898,-989898,-989898,NuSEDS_20250221,20251112
Haida Gwaii,Chum,1992,179368,281195,17.9,-989898,-989898,-989898,-989898,-989898,-989898,231216,213268,250674,-989898,-989898,-989898,-989898,-989898,-989898,NuSEDS_20250221,20251112
Haida Gwaii,Chum,1993,293055,275132,15.3,-989898,-989898,-989898,-989898,-989898,-989898,227567,209695,246963,-989898,-989898,-989898,-989898,-989898,-989898,NuSEDS_20250221,20251112
Haida Gwaii,Chum,1994,264070,264815,11,-989898,-989898,-989898,-989898,-989898,-989898,223976,206151,243343,-989898,-989898,-989898,-989898,-989898,-989898,NuSEDS_20250221,20251112
Haida Gwaii,Chum,1995,249418,250668,5.1,-989898,-989898,-989898,-989898,-989898,-989898,220442,202637,239811,-989898,-989898,-989898,-989898,-989898,-989898,NuSEDS_20250221,20251112
Haida Gwaii,Chum,1996,259414,245848,3,-989898,-989898,-989898,-989898,-989898,-989898,216963,199156,236363,-989898,-989898,-989898,-989898,-989898,-989898,NuSEDS_20250221,20251112
Haida Gwaii,Chum,1997,228620,258072,8.2,-989898,-989898,-989898,-989898,-989898,-989898,213539,195709,232994,-989898,-989898,-989898,-989898,-989898,-989898,NuSEDS_20250221,20251112
Haida Gwaii,Chum,1998,373349,270878,13.5,-989898,-989898,-989898,-989898,-989898,-989898,210170,192298,229703,-989898,-989898,-989898,-989898,-989898,-989898,NuSEDS_20250221,20251112
Haida Gwaii,Chum,1999,396363,293798,23.1,-989898,-989898,-989898,-989898,-989898,-989898,206853,188924,226484,-989898,-989898,-989898,-989898,-989898,-989898,NuSEDS_20250221,20251112
Haida Gwaii,Chum,2000,253457,294743,23.5,-989898,-989898,-989898,-989898,-989898,-989898,203589,185589,223335,-989898,-989898,-989898,-989898,-989898,-989898,NuSEDS_20250221,20251112
Haida Gwaii,Chum,2001,225273,286541,20.1,-989898,-989898,-989898,-989898,-989898,-989898,200376,182294,220252,-989898,-989898,-989898,-989898,-989898,-989898,NuSEDS_20250221,20251112
Haida Gwaii,Chum,2002,200756,279189,17,-989898,-989898,-989898,-989898,-989898,-989898,197214,179040,217233,-989898,-989898,-989898,-989898,-989898,-989898,NuSEDS_20250221,20251112
Haida Gwaii,Chum,2003,239211,255406,7,-989898,-989898,-989898,-989898,-989898,-989898,194102,175828,214275,-989898,-989898,-989898,-989898,-989898,-989898,NuSEDS_20250221,20251112
Haida Gwaii,Chum,2004,247527,232454,-2.6,-989898,-989898,-989898,-989898,-989898,-989898,191039,172659,211376,-989898,-989898,-989898,-989898,-989898,-989898,NuSEDS_20250221,20251112
Haida Gwaii,Chum,2005,218941,225747,-5.4,-989898,-989898,-989898,-989898,-989898,-989898,188025,169534,208532,-989898,-989898,-989898,-989898,-989898,-989898,NuSEDS_20250221,20251112
Haida Gwaii,Chum,2006,203506,221205,-7.3,-989898,-989898,-989898,-989898,-989898,-989898,185058,166453,205741,-989898,-989898,-989898,-989898,-989898,-989898,NuSEDS_20250221,20251112
Haida Gwaii,Chum,2007,88923,187960,-21.2,-989898,-989898,-989898,-989898,-989898,-989898,182137,163417,203002,-989898,-989898,-989898,-989898,-989898,-989898,NuSEDS_20250221,20251112
Haida Gwaii,Chum,2008,182017,177963,-25.4,-989898,-989898,-989898,-989898,-989898,-989898,179263,160426,200313,-989898,-989898,-989898,-989898,-989898,-989898,NuSEDS_20250221,20251112
Haida Gwaii,Chum,2009,245259,177636,-25.5,-989898,-989898,-989898,211313,180795,246983,176434,157480,197671,-989898,-989898,-989898,-989898,-989898,-989898,NuSEDS_20250221,20251112
Haida Gwaii,Chum,2010,172363,169338,-29,-989898,-989898,-989898,198538,172566,228417,173650,154579,195074,-989898,-989898,-989898,-989898,-989898,-989898,NuSEDS_20250221,20251112
Haida Gwaii,Chum,2011,164645,162311,-32,-989898,-989898,-989898,186535,164567,211435,170910,151724,192522,-989898,-989898,-989898,-989898,-989898,-989898,NuSEDS_20250221,20251112
Haida Gwaii,Chum,2012,233065,196807,-17.5,-989898,-989898,-989898,175257,156744,195957,168213,148914,190012,-989898,-989898,-989898,-989898,-989898,-989898,NuSEDS_20250221,20251112
Haida Gwaii,Chum,2013,127318,183230,-23.2,-989898,-989898,-989898,164662,149031,181931,165558,146150,187544,-989898,-989898,-989898,-989898,-989898,-989898,NuSEDS_20250221,20251112
Haida Gwaii,Chum,2014,130059,161398,-32.4,-989898,-989898,-989898,154707,141352,169323,162946,143431,185116,-989898,-989898,-989898,-989898,-989898,-989898,NuSEDS_20250221,20251112
Haida Gwaii,Chum,2015,186856,164026,-31.3,-989898,-989898,-989898,145354,133631,158105,160375,140757,182726,-989898,-989898,-989898,-989898,-989898,-989898,NuSEDS_20250221,20251112
Haida Gwaii,Chum,2016,123163,154774,-35.1,-989898,-989898,-989898,136566,125824,148225,157844,138128,180374,-989898,-989898,-989898,-989898,-989898,-989898,NuSEDS_20250221,20251112
Haida Gwaii,Chum,2017,128926,137490,-42.4,-989898,-989898,-989898,128310,117961,139566,155353,135543,178058,-989898,-989898,-989898,-989898,-989898,-989898,NuSEDS_20250221,20251112
Haida Gwaii,Chum,2018,183733,147956,-38,-989898,-989898,-989898,120552,110146,131942,152902,133003,175777,-989898,-989898,-989898,-989898,-989898,-989898,NuSEDS_20250221,20251112
Haida Gwaii,Chum,2019,119127,145380,-39.1,-989898,-989898,-989898,113264,102513,125143,150489,130506,173532,-989898,-989898,-989898,-989898,-989898,-989898,NuSEDS_20250221,20251112
Haida Gwaii,Chum,2020,28587,99870,-58.1,-989898,-989898,-989898,106416,95175,118986,148114,128052,171319,-989898,-989898,-989898,-989898,-989898,-989898,NuSEDS_20250221,20251112
Haida Gwaii,Chum,2021,34154,77273,-67.6,-989898,-989898,-989898,99983,88208,113329,145777,125641,169140,-989898,-989898,-989898,-989898,-989898,-989898,NuSEDS_20250221,20251112
Haida Gwaii,Chum,2022,176828,82313,-65.5,-989898,-989898,-989898,93938,81650,108076,143476,123272,166992,-989898,-989898,-989898,-989898,-989898,-989898,NuSEDS_20250221,20251112
Haida Gwaii,Chum,2023,150439,79087,-66.9,-989898,-989898,-989898,88259,75512,103157,141212,120945,164875,-989898,-989898,-989898,-989898,-989898,-989898,NuSEDS_20250221,20251112
Haida Gwaii,Coho,1950,58749,58749,-17.9,-989898,-989898,-989898,-989898,-989898,-989898,106477,90369,125456,-989898,-989898,-989898,-989898,-989898,-989898,NuSEDS_20250221,20251112
Haida Gwaii,Coho,1951,418463,156793,119.1,-989898,-989898,-989898,-989898,-989898,-989898,105459,89804,123843,-989898,-989898,-989898,-989898,-989898,-989898,NuSEDS_20250221,20251112
Haida Gwaii,Coho,1952,90049,130330,82.2,-989898,-989898,-989898,-989898,-989898,-989898,104450,89240,122253,-989898,-989898,-989898,-989898,-989898,-989898,NuSEDS_20250221,20251112
Haida Gwaii,Coho,1953,24198,85551,19.6,-989898,-989898,-989898,-989898,-989898,-989898,103451,88677,120687,-989898,-989898,-989898,-989898,-989898,-989898,NuSEDS_20250221,20251112
Haida Gwaii,Coho,1954,127128,103762,45,-989898,-989898,-989898,-989898,-989898,-989898,102462,88116,119144,-989898,-989898,-989898,-989898,-989898,-989898,NuSEDS_20250221,20251112
Haida Gwaii,Coho,1955,97272,72048,0.7,-989898,-989898,-989898,-989898,-989898,-989898,101482,87555,117625,-989898,-989898,-989898,-989898,-989898,-989898,NuSEDS_20250221,20251112
Haida Gwaii,Coho,1956,96430,73292,2.4,-989898,-989898,-989898,-989898,-989898,-989898,100512,86995,116129,-989898,-989898,-989898,-989898,-989898,-989898,NuSEDS_20250221,20251112
Haida Gwaii,Coho,1957,91133,102101,42.7,-989898,-989898,-989898,-989898,-989898,-989898,99550,86436,114655,-989898,-989898,-989898,-989898,-989898,-989898,NuSEDS_20250221,20251112
Haida Gwaii,Coho,1958,90169,93699,31,-989898,-989898,-989898,-989898,-989898,-989898,98598,85877,113205,-989898,-989898,-989898,-989898,-989898,-989898,NuSEDS_20250221,20251112
Haida Gwaii,Coho,1959,27210,68142,-4.8,-989898,-989898,-989898,-989898,-989898,-989898,97656,85318,111777,-989898,-989898,-989898,-989898,-989898,-989898,NuSEDS_20250221,20251112
Haida Gwaii,Coho,1960,134472,74050,3.5,-989898,-989898,-989898,-989898,-989898,-989898,96722,84760,110372,-989898,-989898,-989898,-989898,-989898,-989898,NuSEDS_20250221,20251112
Haida Gwaii,Coho,1961,326242,101857,42.4,-989898,-989898,-989898,-989898,-989898,-989898,95797,84201,108989,-989898,-989898,-989898,-989898,-989898,-989898,NuSEDS_20250221,20251112
Haida Gwaii,Coho,1962,76691,97816,36.7,-989898,-989898,-989898,-989898,-989898,-989898,94881,83642,107629,-989898,-989898,-989898,-989898,-989898,-989898,NuSEDS_20250221,20251112
Haida Gwaii,Coho,1963,80343,128223,79.2,-989898,-989898,-989898,-989898,-989898,-989898,93973,83083,106291,-989898,-989898,-989898,-989898,-989898,-989898,NuSEDS_20250221,20251112
Haida Gwaii,Coho,1964,364771,164556,130,-989898,-989898,-989898,-989898,-989898,-989898,93075,82522,104976,-989898,-989898,-989898,-989898,-989898,-989898,NuSEDS_20250221,20251112
Haida Gwaii,Coho,1965,138774,132894,85.7,-989898,-989898,-989898,-989898,-989898,-989898,92184,81961,103683,-989898,-989898,-989898,-989898,-989898,-989898,NuSEDS_20250221,20251112
Haida Gwaii,Coho,1966,152650,157850,120.6,-989898,-989898,-989898,-989898,-989898,-989898,91303,81398,102413,-989898,-989898,-989898,-989898,-989898,-989898,NuSEDS_20250221,20251112
Haida Gwaii,Coho,1967,138685,180932,152.9,-989898,-989898,-989898,-989898,-989898,-989898,90430,80834,101165,-989898,-989898,-989898,-989898,-989898,-989898,NuSEDS_20250221,20251112
Haida Gwaii,Coho,1968,85234,125795,75.8,-989898,-989898,-989898,-989898,-989898,-989898,89565,80267,99940,-989898,-989898,-989898,-989898,-989898,-989898,NuSEDS_20250221,20251112
Haida Gwaii,Coho,1969,102088,116501,62.8,-989898,-989898,-989898,-989898,-989898,-989898,88708,79699,98737,-989898,-989898,-989898,-989898,-989898,-989898,NuSEDS_20250221,20251112
Haida Gwaii,Coho,1970,165652,118906,66.2,-989898,-989898,-989898,-989898,-989898,-989898,87860,79127,97557,-989898,-989898,-989898,-989898,-989898,-989898,NuSEDS_20250221,20251112
Haida Gwaii,Coho,1971,63865,97951,36.9,-989898,-989898,-989898,-989898,-989898,-989898,87020,78553,96399,-989898,-989898,-989898,-989898,-989898,-989898,NuSEDS_20250221,20251112
Haida Gwaii,Coho,1972,122794,107313,50,-989898,-989898,-989898,-989898,-989898,-989898,86188,77975,95265,-989898,-989898,-989898,-989898,-989898,-989898,NuSEDS_20250221,20251112
Haida Gwaii,Coho,1973,77360,100124,39.9,-989898,-989898,-989898,-989898,-989898,-989898,85363,77394,94153,-989898,-989898,-989898,-989898,-989898,-989898,NuSEDS_20250221,20251112
Haida Gwaii,Coho,1974,71218,81075,13.3,-989898,-989898,-989898,-989898,-989898,-989898,84547,76809,93065,-989898,-989898,-989898,-989898,-989898,-989898,NuSEDS_20250221,20251112
Haida Gwaii,Coho,1975,105940,92010,28.6,-989898,-989898,-989898,-989898,-989898,-989898,83739,76219,92000,-989898,-989898,-989898,-989898,-989898,-989898,NuSEDS_20250221,20251112
Haida Gwaii,Coho,1976,96309,86588,21,-989898,-989898,-989898,-989898,-989898,-989898,82938,75624,90959,-989898,-989898,-989898,-989898,-989898,-989898,NuSEDS_20250221,20251112
Haida Gwaii,Coho,1977,55859,79818,11.6,-989898,-989898,-989898,-989898,-989898,-989898,82145,75024,89941,-989898,-989898,-989898,-989898,-989898,-989898,NuSEDS_20250221,20251112
Haida Gwaii,Coho,1978,112200,89424,25,-989898,-989898,-989898,-989898,-989898,-989898,81359,74419,88947,-989898,-989898,-989898,-989898,-989898,-989898,NuSEDS_20250221,20251112
Haida Gwaii,Coho,1979,72713,81394,13.8,-989898,-989898,-989898,-989898,-989898,-989898,80581,73807,87976,-989898,-989898,-989898,-989898,-989898,-989898,NuSEDS_20250221,20251112
Haida Gwaii,Coho,1980,60193,72371,1.1,-989898,-989898,-989898,-989898,-989898,-989898,79810,73190,87030,-989898,-989898,-989898,-989898,-989898,-989898,NuSEDS_20250221,20251112
Haida Gwaii,Coho,1981,63309,74672,4.4,-989898,-989898,-989898,-989898,-989898,-989898,79047,72566,86107,-989898,-989898,-989898,-989898,-989898,-989898,NuSEDS_20250221,20251112
Haida Gwaii,Coho,1982,57785,63257,-11.6,-989898,-989898,-989898,-989898,-989898,-989898,78291,71935,85209,-989898,-989898,-989898,-989898,-989898,-989898,NuSEDS_20250221,20251112
Haida Gwaii,Coho,1983,56100,59286,-17.1,-989898,-989898,-989898,-989898,-989898,-989898,77543,71298,84333,-989898,-989898,-989898,-989898,-989898,-989898,NuSEDS_20250221,20251112
Haida Gwaii,Coho,1984,52691,57345,-19.9,-989898,-989898,-989898,-989898,-989898,-989898,76801,70655,83482,-989898,-989898,-989898,-989898,-989898,-989898,NuSEDS_20250221,20251112
Haida Gwaii,Coho,1985,72713,59365,-17,-989898,-989898,-989898,-989898,-989898,-989898,76067,70004,82654,-989898,-989898,-989898,-989898,-989898,-989898,NuSEDS_20250221,20251112
Haida Gwaii,Coho,1986,41654,54701,-23.5,-989898,-989898,-989898,-989898,-989898,-989898,75339,69347,81848,-989898,-989898,-989898,-989898,-989898,-989898,NuSEDS_20250221,20251112
Haida Gwaii,Coho,1987,47191,52386,-26.8,-989898,-989898,-989898,-989898,-989898,-989898,74619,68684,81066,-989898,-989898,-989898,-989898,-989898,-989898,NuSEDS_20250221,20251112
Haida Gwaii,Coho,1988,60001,54116,-24.4,-989898,-989898,-989898,-989898,-989898,-989898,73905,68015,80305,-989898,-989898,-989898,-989898,-989898,-989898,NuSEDS_20250221,20251112
Haida Gwaii,Coho,1989,41894,47147,-34.1,-989898,-989898,-989898,-989898,-989898,-989898,73198,67340,79566,-989898,-989898,-989898,-989898,-989898,-989898,NuSEDS_20250221,20251112
Haida Gwaii,Coho,1990,28902,43031,-39.9,-989898,-989898,-989898,-989898,-989898,-989898,72498,66660,78847,-989898,-989898,-989898,-989898,-989898,-989898,NuSEDS_20250221,20251112
Haida Gwaii,Coho,1991,48150,43247,-39.6,-989898,-989898,-989898,-989898,-989898,-989898,71805,65976,78149,-989898,-989898,-989898,-989898,-989898,-989898,NuSEDS_20250221,20251112
Haida Gwaii,Coho,1992,66757,44417,-37.9,-989898,-989898,-989898,-989898,-989898,-989898,71118,65287,77470,-989898,-989898,-989898,-989898,-989898,-989898,NuSEDS_20250221,20251112
Haida Gwaii,Coho,1993,37599,43231,-39.6,-989898,-989898,-989898,-989898,-989898,-989898,70438,64595,76810,-989898,-989898,-989898,-989898,-989898,-989898,NuSEDS_20250221,20251112
Haida Gwaii,Coho,1994,96743,58475,-18.3,-989898,-989898,-989898,-989898,-989898,-989898,69765,63900,76167,-989898,-989898,-989898,-989898,-989898,-989898,NuSEDS_20250221,20251112
Haida Gwaii,Coho,1995,27674,50915,-28.8,-989898,-989898,-989898,-989898,-989898,-989898,69097,63203,75542,-989898,-989898,-989898,-989898,-989898,-989898,NuSEDS_20250221,20251112
Haida Gwaii,Coho,1996,39593,44681,-37.6,-989898,-989898,-989898,-989898,-989898,-989898,68437,62504,74932,-989898,-989898,-989898,-989898,-989898,-989898,NuSEDS_20250221,20251112
Haida Gwaii,Coho,1997,30000,42229,-41,-989898,-989898,-989898,-989898,-989898,-989898,67782,61805,74337,-989898,-989898,-989898,-989898,-989898,-989898,NuSEDS_20250221,20251112
Haida Gwaii,Coho,1998,86370,41048,-42.6,-989898,-989898,-989898,-989898,-989898,-989898,67134,61105,73757,-989898,-989898,-989898,-989898,-989898,-989898,NuSEDS_20250221,20251112
Haida Gwaii,Coho,1999,78921,53343,-25.4,-989898,-989898,-989898,-989898,-989898,-989898,66492,60406,73191,-989898,-989898,-989898,-989898,-989898,-989898,NuSEDS_20250221,20251112
Haida Gwaii,Coho,2000,82185,64028,-10.5,-989898,-989898,-989898,-989898,-989898,-989898,65856,59708,72637,-989898,-989898,-989898,-989898,-989898,-989898,NuSEDS_20250221,20251112
Haida Gwaii,Coho,2001,97359,85937,20.1,-989898,-989898,-989898,-989898,-989898,-989898,65226,59011,72096,-989898,-989898,-989898,-989898,-989898,-989898,NuSEDS_20250221,20251112
Haida Gwaii,Coho,2002,125795,94407,31.9,-989898,-989898,-989898,-989898,-989898,-989898,64602,58317,71566,-989898,-989898,-989898,-989898,-989898,-989898,NuSEDS_20250221,20251112
Haida Gwaii,Coho,2003,97412,99509,39.1,-989898,-989898,-989898,-989898,-989898,-989898,63985,57625,71046,-989898,-989898,-989898,-989898,-989898,-989898,NuSEDS_20250221,20251112
Haida Gwaii,Coho,2004,78772,98459,37.6,-989898,-989898,-989898,-989898,-989898,-989898,63373,56936,70537,-989898,-989898,-989898,-989898,-989898,-989898,NuSEDS_20250221,20251112
Haida Gwaii,Coho,2005,67797,89942,25.7,-989898,-989898,-989898,-989898,-989898,-989898,62767,56251,70037,-989898,-989898,-989898,-989898,-989898,-989898,NuSEDS_20250221,20251112
Haida Gwaii,Coho,2006,102517,85457,19.4,-989898,-989898,-989898,-989898,-989898,-989898,62166,55570,69546,-989898,-989898,-989898,-989898,-989898,-989898,NuSEDS_20250221,20251112
Haida Gwaii,Coho,2007,84648,82508,15.3,-989898,-989898,-989898,-989898,-989898,-989898,61572,54892,69064,-989898,-989898,-989898,-989898,-989898,-989898,NuSEDS_20250221,20251112
Haida Gwaii,Coho,2008,47047,72533,1.4,-989898,-989898,-989898,-989898,-989898,-989898,60983,54220,68590,-989898,-989898,-989898,-989898,-989898,-989898,NuSEDS_20250221,20251112
Haida Gwaii,Coho,2009,127428,84928,18.7,-989898,-989898,-989898,-989898,-989898,-989898,60400,53552,68123,-989898,-989898,-989898,-989898,-989898,-989898,NuSEDS_20250221,20251112
Haida Gwaii,Coho,2010,85856,81245,13.6,-989898,-989898,-989898,-989898,-989898,-989898,59822,52890,67664,-989898,-989898,-989898,-989898,-989898,-989898,NuSEDS_20250221,20251112
Haida Gwaii,Coho,2011,87668,81960,14.5,-989898,-989898,-989898,-989898,-989898,-989898,59250,52232,67211,-989898,-989898,-989898,-989898,-989898,-989898,NuSEDS_20250221,20251112
Haida Gwaii,Coho,2012,59262,86829,21.4,-989898,-989898,-989898,113729,81259,159173,58684,51580,66765,-989898,-989898,-989898,-989898,-989898,-989898,NuSEDS_20250221,20251112
Haida Gwaii,Coho,2013,69665,74662,4.3,-989898,-989898,-989898,100422,74871,134694,58122,50934,66325,-989898,-989898,-989898,-989898,-989898,-989898,NuSEDS_20250221,20251112
Haida Gwaii,Coho,2014,80325,73430,2.6,-989898,-989898,-989898,88673,68748,114371,57567,50294,65891,-989898,-989898,-989898,-989898,-989898,-989898,NuSEDS_20250221,20251112
Haida Gwaii,Coho,2015,116433,78828,10.2,-989898,-989898,-989898,78298,62794,97629,57016,49660,65462,-989898,-989898,-989898,-989898,-989898,-989898,NuSEDS_20250221,20251112
Haida Gwaii,Coho,2016,110905,92198,28.9,-989898,-989898,-989898,69137,56896,84010,56471,49031,65039,-989898,-989898,-989898,-989898,-989898,-989898,NuSEDS_20250221,20251112
Haida Gwaii,Coho,2017,66671,91191,27.5,-989898,-989898,-989898,61047,50961,73129,55931,48409,64621,-989898,-989898,-989898,-989898,-989898,-989898,NuSEDS_20250221,20251112
Haida Gwaii,Coho,2018,44201,78542,9.8,-989898,-989898,-989898,53905,44999,64573,55396,47793,64208,-989898,-989898,-989898,-989898,-989898,-989898,NuSEDS_20250221,20251112
Haida Gwaii,Coho,2019,36505,58772,-17.9,-989898,-989898,-989898,47598,39171,57838,54866,47184,63799,-989898,-989898,-989898,-989898,-989898,-989898,NuSEDS_20250221,20251112
Haida Gwaii,Coho,2020,74375,53185,-25.7,-989898,-989898,-989898,42028,33706,52405,54341,46581,63395,-989898,-989898,-989898,-989898,-989898,-989898,NuSEDS_20250221,20251112
Haida Gwaii,Coho,2021,13663,35784,-50,-989898,-989898,-989898,37111,28772,47866,53822,45984,62995,-989898,-989898,-989898,-989898,-989898,-989898,NuSEDS_20250221,20251112
Haida Gwaii,Coho,2022,13663,26682,-62.7,-989898,-989898,-989898,32769,24431,43952,53307,45394,62600,-989898,-989898,-989898,-989898,-989898,-989898,NuSEDS_20250221,20251112
Haida Gwaii,Coho,2023,6261,17171,-76,-989898,-989898,-989898,28935,20674,40497,52797,44810,62208,-989898,-989898,-989898,-989898,-989898,-989898,NuSEDS_20250221,20251112
Haida Gwaii,Pink,1950,463139,463139,321.1,-989898,-989898,-989898,-989898,-989898,-989898,195859,136338,281363,-989898,-989898,-989898,-989898,-989898,-989898,NuSEDS_20250221,20251112
Haida Gwaii,Pink,1951,49976,152138,38.3,-989898,-989898,-989898,-989898,-989898,-989898,192758,135172,274877,-989898,-989898,-989898,-989898,-989898,-989898,NuSEDS_20250221,20251112
Haida Gwaii,Pink,1952,776328,196972,79.1,-989898,-989898,-989898,-989898,-989898,-989898,189707,134009,268555,-989898,-989898,-989898,-989898,-989898,-989898,NuSEDS_20250221,20251112
Haida Gwaii,Pink,1953,47275,191574,74.2,-989898,-989898,-989898,-989898,-989898,-989898,186704,132847,262393,-989898,-989898,-989898,-989898,-989898,-989898,NuSEDS_20250221,20251112
Haida Gwaii,Pink,1954,640538,174015,58.2,-989898,-989898,-989898,-989898,-989898,-989898,183748,131688,256389,-989898,-989898,-989898,-989898,-989898,-989898,NuSEDS_20250221,20251112
Haida Gwaii,Pink,1955,44881,169553,54.2,-989898,-989898,-989898,-989898,-989898,-989898,180839,130530,250539,-989898,-989898,-989898,-989898,-989898,-989898,NuSEDS_20250221,20251112
Haida Gwaii,Pink,1956,472590,145638,32.4,-989898,-989898,-989898,-989898,-989898,-989898,177977,129373,244840,-989898,-989898,-989898,-989898,-989898,-989898,NuSEDS_20250221,20251112
Haida Gwaii,Pink,1957,116264,234403,113.1,-989898,-989898,-989898,-989898,-989898,-989898,175159,128217,239289,-989898,-989898,-989898,-989898,-989898,-989898,NuSEDS_20250221,20251112
Haida Gwaii,Pink,1958,351288,202094,83.8,-989898,-989898,-989898,-989898,-989898,-989898,172387,127060,233882,-989898,-989898,-989898,-989898,-989898,-989898,NuSEDS_20250221,20251112
Haida Gwaii,Pink,1959,272734,309529,181.4,-989898,-989898,-989898,-989898,-989898,-989898,169658,125903,228618,-989898,-989898,-989898,-989898,-989898,-989898,NuSEDS_20250221,20251112
Haida Gwaii,Pink,1960,266147,269420,145,-989898,-989898,-989898,-989898,-989898,-989898,166972,124745,223492,-989898,-989898,-989898,-989898,-989898,-989898,NuSEDS_20250221,20251112
Haida Gwaii,Pink,1961,71584,138029,25.5,-989898,-989898,-989898,-989898,-989898,-989898,164329,123586,218504,-989898,-989898,-989898,-989898,-989898,-989898,NuSEDS_20250221,20251112
Haida Gwaii,Pink,1962,715192,226266,105.7,-989898,-989898,-989898,-989898,-989898,-989898,161728,122424,213649,-989898,-989898,-989898,-989898,-989898,-989898,NuSEDS_20250221,20251112
Haida Gwaii,Pink,1963,114994,286780,160.8,-989898,-989898,-989898,-989898,-989898,-989898,159167,121260,208926,-989898,-989898,-989898,-989898,-989898,-989898,NuSEDS_20250221,20251112
Haida Gwaii,Pink,1964,66958,87748,-20.2,-989898,-989898,-989898,-989898,-989898,-989898,156648,120091,204332,-989898,-989898,-989898,-989898,-989898,-989898,NuSEDS_20250221,20251112
Haida Gwaii,Pink,1965,41142,52486,-52.3,-989898,-989898,-989898,-989898,-989898,-989898,154168,118919,199865,-989898,-989898,-989898,-989898,-989898,-989898,NuSEDS_20250221,20251112
Haida Gwaii,Pink,1966,442673,134954,22.7,-989898,-989898,-989898,-989898,-989898,-989898,151728,117741,195524,-989898,-989898,-989898,-989898,-989898,-989898,NuSEDS_20250221,20251112
Haida Gwaii,Pink,1967,107716,218364,98.5,-989898,-989898,-989898,-989898,-989898,-989898,149326,116558,191306,-989898,-989898,-989898,-989898,-989898,-989898,NuSEDS_20250221,20251112
Haida Gwaii,Pink,1968,742768,282856,157.2,-989898,-989898,-989898,-989898,-989898,-989898,146962,115368,187208,-989898,-989898,-989898,-989898,-989898,-989898,NuSEDS_20250221,20251112
Haida Gwaii,Pink,1969,234862,417669,279.8,-989898,-989898,-989898,-989898,-989898,-989898,144635,114170,183231,-989898,-989898,-989898,-989898,-989898,-989898,NuSEDS_20250221,20251112
Haida Gwaii,Pink,1970,818020,438317,298.5,-989898,-989898,-989898,-989898,-989898,-989898,142346,112963,179371,-989898,-989898,-989898,-989898,-989898,-989898,NuSEDS_20250221,20251112
Haida Gwaii,Pink,1971,49492,201211,83,-989898,-989898,-989898,-989898,-989898,-989898,140093,111747,175627,-989898,-989898,-989898,-989898,-989898,-989898,NuSEDS_20250221,20251112
Haida Gwaii,Pink,1972,739101,191258,73.9,-989898,-989898,-989898,-989898,-989898,-989898,137875,110521,171999,-989898,-989898,-989898,-989898,-989898,-989898,NuSEDS_20250221,20251112
Haida Gwaii,Pink,1973,65017,219213,99.3,-989898,-989898,-989898,-989898,-989898,-989898,135692,109283,168483,-989898,-989898,-989898,-989898,-989898,-989898,NuSEDS_20250221,20251112
Haida Gwaii,Pink,1974,229554,122168,11.1,-989898,-989898,-989898,-989898,-989898,-989898,133544,108033,165079,-989898,-989898,-989898,-989898,-989898,-989898,NuSEDS_20250221,20251112
Haida Gwaii,Pink,1975,29117,81755,-25.7,-989898,-989898,-989898,-989898,-989898,-989898,131430,106770,161786,-989898,-989898,-989898,-989898,-989898,-989898,NuSEDS_20250221,20251112
Haida Gwaii,Pink,1976,376378,104686,-4.8,-989898,-989898,-989898,-989898,-989898,-989898,129350,105493,158602,-989898,-989898,-989898,-989898,-989898,-989898,NuSEDS_20250221,20251112
Haida Gwaii,Pink,1977,12706,69154,-37.1,-989898,-989898,-989898,-989898,-989898,-989898,127302,104201,155525,-989898,-989898,-989898,-989898,-989898,-989898,NuSEDS_20250221,20251112
Haida Gwaii,Pink,1978,348831,66575,-39.5,-989898,-989898,-989898,-989898,-989898,-989898,125287,102893,152555,-989898,-989898,-989898,-989898,-989898,-989898,NuSEDS_20250221,20251112
Haida Gwaii,Pink,1979,31538,104888,-4.6,-989898,-989898,-989898,-989898,-989898,-989898,123304,101569,149690,-989898,-989898,-989898,-989898,-989898,-989898,NuSEDS_20250221,20251112
Haida Gwaii,Pink,1980,140478,66562,-39.5,-989898,-989898,-989898,-989898,-989898,-989898,121352,100228,146928,-989898,-989898,-989898,-989898,-989898,-989898,NuSEDS_20250221,20251112
Haida Gwaii,Pink,1981,16276,47816,-56.5,-989898,-989898,-989898,-989898,-989898,-989898,119431,98870,144268,-989898,-989898,-989898,-989898,-989898,-989898,NuSEDS_20250221,20251112
Haida Gwaii,Pink,1982,50560,28687,-73.9,-989898,-989898,-989898,-989898,-989898,-989898,117540,97495,141707,-989898,-989898,-989898,-989898,-989898,-989898,NuSEDS_20250221,20251112
Haida Gwaii,Pink,1983,23191,34243,-68.9,-989898,-989898,-989898,-989898,-989898,-989898,115679,96103,139244,-989898,-989898,-989898,-989898,-989898,-989898,NuSEDS_20250221,20251112
Haida Gwaii,Pink,1984,108286,50113,-54.4,-989898,-989898,-989898,-989898,-989898,-989898,113848,94694,136877,-989898,-989898,-989898,-989898,-989898,-989898,NuSEDS_20250221,20251112
Haida Gwaii,Pink,1985,31529,58431,-46.9,-989898,-989898,-989898,-989898,-989898,-989898,112046,93270,134602,-989898,-989898,-989898,-989898,-989898,-989898,NuSEDS_20250221,20251112
Haida Gwaii,Pink,1986,433426,116900,6.3,-989898,-989898,-989898,-989898,-989898,-989898,110272,91830,132419,-989898,-989898,-989898,-989898,-989898,-989898,NuSEDS_20250221,20251112
Haida Gwaii,Pink,1987,67249,170726,55.2,-989898,-989898,-989898,-989898,-989898,-989898,108527,90376,130322,-989898,-989898,-989898,-989898,-989898,-989898,NuSEDS_20250221,20251112
Haida Gwaii,Pink,1988,490435,181607,65.1,-989898,-989898,-989898,-989898,-989898,-989898,106809,88910,128311,-989898,-989898,-989898,-989898,-989898,-989898,NuSEDS_20250221,20251112
Haida Gwaii,Pink,1989,42925,145092,31.9,-989898,-989898,-989898,-989898,-989898,-989898,105118,87433,126381,-989898,-989898,-989898,-989898,-989898,-989898,NuSEDS_20250221,20251112
Haida Gwaii,Pink,1990,791986,184379,67.6,-989898,-989898,-989898,-989898,-989898,-989898,103454,85946,124528,-989898,-989898,-989898,-989898,-989898,-989898,NuSEDS_20250221,20251112
Haida Gwaii,Pink,1991,20077,126097,14.7,-989898,-989898,-989898,-989898,-989898,-989898,101816,84452,122750,-989898,-989898,-989898,-989898,-989898,-989898,NuSEDS_20250221,20251112
Haida Gwaii,Pink,1992,478482,98012,-10.9,-989898,-989898,-989898,-989898,-989898,-989898,100204,82953,121043,-989898,-989898,-989898,-989898,-989898,-989898,NuSEDS_20250221,20251112
Haida Gwaii,Pink,1993,22718,104260,-5.2,-989898,-989898,-989898,-989898,-989898,-989898,98618,81451,119403,-989898,-989898,-989898,-989898,-989898,-989898,NuSEDS_20250221,20251112
Haida Gwaii,Pink,1994,454397,101602,-7.6,-989898,-989898,-989898,-989898,-989898,-989898,97057,79949,117827,-989898,-989898,-989898,-989898,-989898,-989898,NuSEDS_20250221,20251112
Haida Gwaii,Pink,1995,5876,51672,-53,-989898,-989898,-989898,-989898,-989898,-989898,95521,78447,116310,-989898,-989898,-989898,-989898,-989898,-989898,NuSEDS_20250221,20251112
Haida Gwaii,Pink,1996,770916,67304,-38.8,-989898,-989898,-989898,-989898,-989898,-989898,94009,76949,114851,-989898,-989898,-989898,-989898,-989898,-989898,NuSEDS_20250221,20251112
Haida Gwaii,Pink,1997,5350,64223,-41.6,-989898,-989898,-989898,-989898,-989898,-989898,92520,75456,113444,-989898,-989898,-989898,-989898,-989898,-989898,NuSEDS_20250221,20251112
Haida Gwaii,Pink,1998,583535,55875,-49.2,-989898,-989898,-989898,-989898,-989898,-989898,91056,73971,112086,-989898,-989898,-989898,-989898,-989898,-989898,NuSEDS_20250221,20251112
Haida Gwaii,Pink,1999,3619,45952,-58.2,-989898,-989898,-989898,-989898,-989898,-989898,89614,72495,110776,-989898,-989898,-989898,-989898,-989898,-989898,NuSEDS_20250221,20251112
Haida Gwaii,Pink,2000,307167,33339,-69.7,-989898,-989898,-989898,-989898,-989898,-989898,88196,71031,109509,-989898,-989898,-989898,-989898,-989898,-989898,NuSEDS_20250221,20251112
Haida Gwaii,Pink,2001,13939,65433,-40.5,-989898,-989898,-989898,-989898,-989898,-989898,86800,69579,108282,-989898,-989898,-989898,-989898,-989898,-989898,NuSEDS_20250221,20251112
Haida Gwaii,Pink,2002,374964,72295,-34.3,-989898,-989898,-989898,-989898,-989898,-989898,85426,68141,107094,-989898,-989898,-989898,-989898,-989898,-989898,NuSEDS_20250221,20251112
Haida Gwaii,Pink,2003,1169,20939,-81,-989898,-989898,-989898,-989898,-989898,-989898,84073,66719,105941,-989898,-989898,-989898,-989898,-989898,-989898,NuSEDS_20250221,20251112
Haida Gwaii,Pink,2004,147702,13142,-88.1,-989898,-989898,-989898,-989898,-989898,-989898,82742,65314,104822,-989898,-989898,-989898,-989898,-989898,-989898,NuSEDS_20250221,20251112
Haida Gwaii,Pink,2005,263100,197131,79.2,-989898,-989898,-989898,-989898,-989898,-989898,81433,63926,103734,-989898,-989898,-989898,-989898,-989898,-989898,NuSEDS_20250221,20251112
Haida Gwaii,Pink,2006,118371,176475,60.5,-989898,-989898,-989898,-989898,-989898,-989898,80144,62557,102674,-989898,-989898,-989898,-989898,-989898,-989898,NuSEDS_20250221,20251112
Haida Gwaii,Pink,2007,121655,120002,9.1,-989898,-989898,-989898,-989898,-989898,-989898,78875,61207,101642,-989898,-989898,-989898,-989898,-989898,-989898,NuSEDS_20250221,20251112
Haida Gwaii,Pink,2008,344502,204720,86.1,-989898,-989898,-989898,-989898,-989898,-989898,77626,59878,100636,-989898,-989898,-989898,-989898,-989898,-989898,NuSEDS_20250221,20251112
Haida Gwaii,Pink,2009,104129,189401,72.2,-989898,-989898,-989898,-989898,-989898,-989898,76397,58569,99653,-989898,-989898,-989898,-989898,-989898,-989898,NuSEDS_20250221,20251112
Haida Gwaii,Pink,2010,896563,305546,177.8,-989898,-989898,-989898,-989898,-989898,-989898,75188,57281,98693,-989898,-989898,-989898,-989898,-989898,-989898,NuSEDS_20250221,20251112
Haida Gwaii,Pink,2011,530373,689574,527,-989898,-989898,-989898,-989898,-989898,-989898,73998,56015,97754,-989898,-989898,-989898,-989898,-989898,-989898,NuSEDS_20250221,20251112
Haida Gwaii,Pink,2012,560500,545228,395.8,-989898,-989898,-989898,-989898,-989898,-989898,72826,54770,96835,-989898,-989898,-989898,-989898,-989898,-989898,NuSEDS_20250221,20251112
Haida Gwaii,Pink,2013,4706,51356,-53.3,-989898,-989898,-989898,-989898,-989898,-989898,71674,53548,95935,-989898,-989898,-989898,-989898,-989898,-989898,NuSEDS_20250221,20251112
Haida Gwaii,Pink,2014,-989898,4706,-95.7,-989898,-989898,-989898,-989898,-989898,-989898,70539,52347,95053,-989898,-989898,-989898,-989898,-989898,-989898,NuSEDS_20250221,20251112
Haida Gwaii,Pink,2015,55818,55818,-49.2,-989898,-989898,-989898,-989898,-989898,-989898,69422,51169,94188,-989898,-989898,-989898,-989898,-989898,-989898,NuSEDS_20250221,20251112
Haida Gwaii,Pink,2016,137389,87572,-20.4,-989898,-989898,-989898,-989898,-989898,-989898,68323,50013,93338,-989898,-989898,-989898,-989898,-989898,-989898,NuSEDS_20250221,20251112
Haida Gwaii,Pink,2017,44448,78145,-28.9,-989898,-989898,-989898,-989898,-989898,-989898,67242,48879,92504,-989898,-989898,-989898,-989898,-989898,-989898,NuSEDS_20250221,20251112
Haida Gwaii,Pink,2018,364484,127281,15.7,-989898,-989898,-989898,119587,53135,269145,66177,47767,91684,-989898,-989898,-989898,-989898,-989898,-989898,NuSEDS_20250221,20251112
Haida Gwaii,Pink,2019,21037,87566,-20.4,-989898,-989898,-989898,97074,52797,178484,65130,46677,90878,-989898,-989898,-989898,-989898,-989898,-989898,NuSEDS_20250221,20251112
Haida Gwaii,Pink,2020,832921,132372,20.4,-989898,-989898,-989898,78800,48917,126939,64099,45609,90084,-989898,-989898,-989898,-989898,-989898,-989898,NuSEDS_20250221,20251112
Haida Gwaii,Pink,2021,2353,44268,-59.7,-989898,-989898,-989898,63966,39708,103042,63084,44563,89304,-989898,-989898,-989898,-989898,-989898,-989898,NuSEDS_20250221,20251112
Haida Gwaii,Pink,2022,271823,25289,-77,-989898,-989898,-989898,51924,28241,95469,62086,43538,88535,-989898,-989898,-989898,-989898,-989898,-989898,NuSEDS_20250221,20251112
Haida Gwaii,Pink,2023,22116,77535,-29.5,-989898,-989898,-989898,42149,18728,94863,61103,42534,87778,-989898,-989898,-989898,-989898,-989898,-989898,NuSEDS_20250221,20251112
Haida Gwaii,Sockeye,1950,11393,11393,-57.3,-989898,-989898,-989898,-989898,-989898,-989898,29778,25575,34673,-989898,-989898,-989898,-989898,-989898,-989898,NuSEDS_20250221,20251112
Haida Gwaii,Sockeye,1951,32006,19096,-28.5,-989898,-989898,-989898,-989898,-989898,-989898,29671,25562,34441,-989898,-989898,-989898,-989898,-989898,-989898,NuSEDS_20250221,20251112
Haida Gwaii,Sockeye,1952,11333,16047,-39.9,-989898,-989898,-989898,-989898,-989898,-989898,29564,25548,34212,-989898,-989898,-989898,-989898,-989898,-989898,NuSEDS_20250221,20251112
Haida Gwaii,Sockeye,1953,23616,17675,-33.8,-989898,-989898,-989898,-989898,-989898,-989898,29458,25534,33985,-989898,-989898,-989898,-989898,-989898,-989898,NuSEDS_20250221,20251112
Haida Gwaii,Sockeye,1954,53980,22097,-17.2,-989898,-989898,-989898,-989898,-989898,-989898,29352,25519,33760,-989898,-989898,-989898,-989898,-989898,-989898,NuSEDS_20250221,20251112
Haida Gwaii,Sockeye,1955,14242,23105,-13.4,-989898,-989898,-989898,-989898,-989898,-989898,29246,25503,33538,-989898,-989898,-989898,-989898,-989898,-989898,NuSEDS_20250221,20251112
Haida Gwaii,Sockeye,1956,23399,21702,-18.7,-989898,-989898,-989898,-989898,-989898,-989898,29140,25486,33318,-989898,-989898,-989898,-989898,-989898,-989898,NuSEDS_20250221,20251112
Haida Gwaii,Sockeye,1957,39144,27808,4.2,-989898,-989898,-989898,-989898,-989898,-989898,29035,25469,33101,-989898,-989898,-989898,-989898,-989898,-989898,NuSEDS_20250221,20251112
Haida Gwaii,Sockeye,1958,57078,33176,24.3,-989898,-989898,-989898,-989898,-989898,-989898,28931,25451,32886,-989898,-989898,-989898,-989898,-989898,-989898,NuSEDS_20250221,20251112
Haida Gwaii,Sockeye,1959,26999,28884,8.2,-989898,-989898,-989898,-989898,-989898,-989898,28827,25432,32674,-989898,-989898,-989898,-989898,-989898,-989898,NuSEDS_20250221,20251112
Haida Gwaii,Sockeye,1960,28031,33073,23.9,-989898,-989898,-989898,-989898,-989898,-989898,28723,25412,32465,-989898,-989898,-989898,-989898,-989898,-989898,NuSEDS_20250221,20251112
Haida Gwaii,Sockeye,1961,27448,34145,27.9,-989898,-989898,-989898,-989898,-989898,-989898,28619,25391,32258,-989898,-989898,-989898,-989898,-989898,-989898,NuSEDS_20250221,20251112
Haida Gwaii,Sockeye,1962,69139,38260,43.3,-989898,-989898,-989898,-989898,-989898,-989898,28516,25369,32054,-989898,-989898,-989898,-989898,-989898,-989898,NuSEDS_20250221,20251112
Haida Gwaii,Sockeye,1963,43407,36221,35.7,-989898,-989898,-989898,-989898,-989898,-989898,28413,25345,31853,-989898,-989898,-989898,-989898,-989898,-989898,NuSEDS_20250221,20251112
Haida Gwaii,Sockeye,1964,40548,39290,47.2,-989898,-989898,-989898,-989898,-989898,-989898,28311,25321,31654,-989898,-989898,-989898,-989898,-989898,-989898,NuSEDS_20250221,20251112
Haida Gwaii,Sockeye,1965,30567,39976,49.8,-989898,-989898,-989898,-989898,-989898,-989898,28209,25295,31459,-989898,-989898,-989898,-989898,-989898,-989898,NuSEDS_20250221,20251112
Haida Gwaii,Sockeye,1966,30827,40915,53.3,-989898,-989898,-989898,-989898,-989898,-989898,28107,25267,31267,-989898,-989898,-989898,-989898,-989898,-989898,NuSEDS_20250221,20251112
Haida Gwaii,Sockeye,1967,20898,32208,20.7,-989898,-989898,-989898,-989898,-989898,-989898,28006,25238,31077,-989898,-989898,-989898,-989898,-989898,-989898,NuSEDS_20250221,20251112
Haida Gwaii,Sockeye,1968,56039,33896,27,-989898,-989898,-989898,-989898,-989898,-989898,27905,25207,30891,-989898,-989898,-989898,-989898,-989898,-989898,NuSEDS_20250221,20251112
Haida Gwaii,Sockeye,1969,75378,38371,43.7,-989898,-989898,-989898,-989898,-989898,-989898,27804,25175,30709,-989898,-989898,-989898,-989898,-989898,-989898,NuSEDS_20250221,20251112
Haida Gwaii,Sockeye,1970,49487,42252,58.3,-989898,-989898,-989898,-989898,-989898,-989898,27704,25140,30530,-989898,-989898,-989898,-989898,-989898,-989898,NuSEDS_20250221,20251112
Haida Gwaii,Sockeye,1971,38940,44274,65.9,-989898,-989898,-989898,-989898,-989898,-989898,27604,25104,30354,-989898,-989898,-989898,-989898,-989898,-989898,NuSEDS_20250221,20251112
Haida Gwaii,Sockeye,1972,20274,44006,64.9,-989898,-989898,-989898,-989898,-989898,-989898,27505,25065,30182,-989898,-989898,-989898,-989898,-989898,-989898,NuSEDS_20250221,20251112
Haida Gwaii,Sockeye,1973,45746,42256,58.3,-989898,-989898,-989898,-989898,-989898,-989898,27406,25024,30014,-989898,-989898,-989898,-989898,-989898,-989898,NuSEDS_20250221,20251112
Haida Gwaii,Sockeye,1974,46266,38326,43.6,-989898,-989898,-989898,-989898,-989898,-989898,27307,24981,29850,-989898,-989898,-989898,-989898,-989898,-989898,NuSEDS_20250221,20251112
Haida Gwaii,Sockeye,1975,32230,35176,31.8,-989898,-989898,-989898,-989898,-989898,-989898,27209,24934,29690,-989898,-989898,-989898,-989898,-989898,-989898,NuSEDS_20250221,20251112
Haida Gwaii,Sockeye,1976,51777,37238,39.5,-989898,-989898,-989898,-989898,-989898,-989898,27111,24886,29535,-989898,-989898,-989898,-989898,-989898,-989898,NuSEDS_20250221,20251112
Haida Gwaii,Sockeye,1977,45746,43820,64.2,-989898,-989898,-989898,-989898,-989898,-989898,27013,24834,29383,-989898,-989898,-989898,-989898,-989898,-989898,NuSEDS_20250221,20251112
Haida Gwaii,Sockeye,1978,24953,38817,45.4,-989898,-989898,-989898,-989898,-989898,-989898,26916,24779,29237,-989898,-989898,-989898,-989898,-989898,-989898,NuSEDS_20250221,20251112
Haida Gwaii,Sockeye,1979,23393,33868,26.9,-989898,-989898,-989898,-989898,-989898,-989898,26819,24721,29095,-989898,-989898,-989898,-989898,-989898,-989898,NuSEDS_20250221,20251112
Haida Gwaii,Sockeye,1980,37782,34962,31,-989898,-989898,-989898,-989898,-989898,-989898,26722,24659,28957,-989898,-989898,-989898,-989898,-989898,-989898,NuSEDS_20250221,20251112
Haida Gwaii,Sockeye,1981,24433,30086,12.7,-989898,-989898,-989898,-989898,-989898,-989898,26626,24594,28825,-989898,-989898,-989898,-989898,-989898,-989898,NuSEDS_20250221,20251112
Haida Gwaii,Sockeye,1982,29163,27495,3,-989898,-989898,-989898,-989898,-989898,-989898,26530,24526,28697,-989898,-989898,-989898,-989898,-989898,-989898,NuSEDS_20250221,20251112
Haida Gwaii,Sockeye,1983,27032,27939,4.7,-989898,-989898,-989898,-989898,-989898,-989898,26434,24454,28575,-989898,-989898,-989898,-989898,-989898,-989898,NuSEDS_20250221,20251112
Haida Gwaii,Sockeye,1984,28072,28977,8.6,-989898,-989898,-989898,-989898,-989898,-989898,26339,24378,28458,-989898,-989898,-989898,-989898,-989898,-989898,NuSEDS_20250221,20251112
Haida Gwaii,Sockeye,1985,57391,31504,18,-989898,-989898,-989898,-989898,-989898,-989898,26244,24298,28346,-989898,-989898,-989898,-989898,-989898,-989898,NuSEDS_20250221,20251112
Haida Gwaii,Sockeye,1986,15595,28798,7.9,-989898,-989898,-989898,-989898,-989898,-989898,26149,24214,28239,-989898,-989898,-989898,-989898,-989898,-989898,NuSEDS_20250221,20251112
Haida Gwaii,Sockeye,1987,20482,26833,0.5,-989898,-989898,-989898,-989898,-989898,-989898,26055,24127,28137,-989898,-989898,-989898,-989898,-989898,-989898,NuSEDS_20250221,20251112
Haida Gwaii,Sockeye,1988,39144,28895,8.2,-989898,-989898,-989898,-989898,-989898,-989898,25961,24036,28041,-989898,-989898,-989898,-989898,-989898,-989898,NuSEDS_20250221,20251112
Haida Gwaii,Sockeye,1989,15666,25714,-3.7,-989898,-989898,-989898,-989898,-989898,-989898,25868,23942,27949,-989898,-989898,-989898,-989898,-989898,-989898,NuSEDS_20250221,20251112
Haida Gwaii,Sockeye,1990,7811,17256,-35.4,-989898,-989898,-989898,-989898,-989898,-989898,25774,23843,27862,-989898,-989898,-989898,-989898,-989898,-989898,NuSEDS_20250221,20251112
Haida Gwaii,Sockeye,1991,7434,14880,-44.3,-989898,-989898,-989898,-989898,-989898,-989898,25682,23742,27780,-989898,-989898,-989898,-989898,-989898,-989898,NuSEDS_20250221,20251112
Haida Gwaii,Sockeye,1992,17800,14468,-45.8,-989898,-989898,-989898,-989898,-989898,-989898,25589,23637,27703,-989898,-989898,-989898,-989898,-989898,-989898,NuSEDS_20250221,20251112
Haida Gwaii,Sockeye,1993,20232,12679,-52.5,-989898,-989898,-989898,-989898,-989898,-989898,25497,23529,27630,-989898,-989898,-989898,-989898,-989898,-989898,NuSEDS_20250221,20251112
Haida Gwaii,Sockeye,1994,11125,11840,-55.6,-989898,-989898,-989898,-989898,-989898,-989898,25405,23418,27561,-989898,-989898,-989898,-989898,-989898,-989898,NuSEDS_20250221,20251112
Haida Gwaii,Sockeye,1995,8525,12049,-54.9,-989898,-989898,-989898,-989898,-989898,-989898,25313,23304,27496,-989898,-989898,-989898,-989898,-989898,-989898,NuSEDS_20250221,20251112
Haida Gwaii,Sockeye,1996,35973,16515,-38.1,-989898,-989898,-989898,-989898,-989898,-989898,25222,23187,27436,-989898,-989898,-989898,-989898,-989898,-989898,NuSEDS_20250221,20251112
Haida Gwaii,Sockeye,1997,28483,18144,-32,-989898,-989898,-989898,-989898,-989898,-989898,25131,23069,27378,-989898,-989898,-989898,-989898,-989898,-989898,NuSEDS_20250221,20251112
Haida Gwaii,Sockeye,1998,27032,19226,-28,-989898,-989898,-989898,-989898,-989898,-989898,25041,22948,27325,-989898,-989898,-989898,-989898,-989898,-989898,NuSEDS_20250221,20251112
Haida Gwaii,Sockeye,1999,26512,22873,-14.3,-989898,-989898,-989898,-989898,-989898,-989898,24951,22825,27274,-989898,-989898,-989898,-989898,-989898,-989898,NuSEDS_20250221,20251112
Haida Gwaii,Sockeye,2000,32750,29938,12.2,-989898,-989898,-989898,-989898,-989898,-989898,24861,22700,27227,-989898,-989898,-989898,-989898,-989898,-989898,NuSEDS_20250221,20251112
Haida Gwaii,Sockeye,2001,17517,25925,-2.9,-989898,-989898,-989898,-989898,-989898,-989898,24771,22574,27182,-989898,-989898,-989898,-989898,-989898,-989898,NuSEDS_20250221,20251112
Haida Gwaii,Sockeye,2002,21470,24500,-8.2,-989898,-989898,-989898,-989898,-989898,-989898,24682,22446,27140,-989898,-989898,-989898,-989898,-989898,-989898,NuSEDS_20250221,20251112
Haida Gwaii,Sockeye,2003,18195,22635,-15.2,-989898,-989898,-989898,-989898,-989898,-989898,24593,22317,27101,-989898,-989898,-989898,-989898,-989898,-989898,NuSEDS_20250221,20251112
Haida Gwaii,Sockeye,2004,22574,21918,-17.9,-989898,-989898,-989898,-989898,-989898,-989898,24504,22187,27064,-989898,-989898,-989898,-989898,-989898,-989898,NuSEDS_20250221,20251112
Haida Gwaii,Sockeye,2005,10535,17470,-34.6,-989898,-989898,-989898,-989898,-989898,-989898,24416,22055,27029,-989898,-989898,-989898,-989898,-989898,-989898,NuSEDS_20250221,20251112
Haida Gwaii,Sockeye,2006,36128,20192,-24.4,-989898,-989898,-989898,-989898,-989898,-989898,24328,21924,26996,-989898,-989898,-989898,-989898,-989898,-989898,NuSEDS_20250221,20251112
Haida Gwaii,Sockeye,2007,14291,18613,-30.3,-989898,-989898,-989898,-989898,-989898,-989898,24240,21791,26965,-989898,-989898,-989898,-989898,-989898,-989898,NuSEDS_20250221,20251112
Haida Gwaii,Sockeye,2008,17999,18573,-30.4,-989898,-989898,-989898,-989898,-989898,-989898,24153,21658,26936,-989898,-989898,-989898,-989898,-989898,-989898,NuSEDS_20250221,20251112
Haida Gwaii,Sockeye,2009,24725,18914,-29.1,-989898,-989898,-989898,27765,23056,33436,24066,21524,26908,-989898,-989898,-989898,-989898,-989898,-989898,NuSEDS_20250221,20251112
Haida Gwaii,Sockeye,2010,37247,24349,-8.8,-989898,-989898,-989898,27558,23319,32569,23979,21390,26882,-989898,-989898,-989898,-989898,-989898,-989898,NuSEDS_20250221,20251112
Haida Gwaii,Sockeye,2011,48793,25857,-3.1,-989898,-989898,-989898,27353,23559,31758,23893,21256,26857,-989898,-989898,-989898,-989898,-989898,-989898,NuSEDS_20250221,20251112
Haida Gwaii,Sockeye,2012,30174,30026,12.5,-989898,-989898,-989898,27149,23768,31012,23807,21121,26834,-989898,-989898,-989898,-989898,-989898,-989898,NuSEDS_20250221,20251112
Haida Gwaii,Sockeye,2013,18714,30261,13.4,-989898,-989898,-989898,26947,23928,30348,23721,20987,26811,-989898,-989898,-989898,-989898,-989898,-989898,NuSEDS_20250221,20251112
Haida Gwaii,Sockeye,2014,39924,33304,24.8,-989898,-989898,-989898,26746,24019,29784,23635,20852,26790,-989898,-989898,-989898,-989898,-989898,-989898,NuSEDS_20250221,20251112
Haida Gwaii,Sockeye,2015,41588,34047,27.5,-989898,-989898,-989898,26547,24016,29345,23550,20718,26770,-989898,-989898,-989898,-989898,-989898,-989898,NuSEDS_20250221,20251112
Haida Gwaii,Sockeye,2016,29735,30836,15.5,-989898,-989898,-989898,26350,23899,29051,23465,20583,26751,-989898,-989898,-989898,-989898,-989898,-989898,NuSEDS_20250221,20251112
Haida Gwaii,Sockeye,2017,25472,29809,11.7,-989898,-989898,-989898,26153,23660,28910,23381,20449,26733,-989898,-989898,-989898,-989898,-989898,-989898,NuSEDS_20250221,20251112
Haida Gwaii,Sockeye,2018,19546,30069,12.6,-989898,-989898,-989898,25958,23311,28906,23297,20315,26716,-989898,-989898,-989898,-989898,-989898,-989898,NuSEDS_20250221,20251112
Haida Gwaii,Sockeye,2019,18610,25812,-3.3,-989898,-989898,-989898,25765,22878,29016,23213,20181,26699,-989898,-989898,-989898,-989898,-989898,-989898,NuSEDS_20250221,20251112
Haida Gwaii,Sockeye,2020,16011,21326,-20.1,-989898,-989898,-989898,25573,22388,29212,23129,20048,26683,-989898,-989898,-989898,-989898,-989898,-989898,NuSEDS_20250221,20251112
Haida Gwaii,Sockeye,2021,20482,19794,-25.8,-989898,-989898,-989898,25383,21862,29470,23046,19915,26668,-989898,-989898,-989898,-989898,-989898,-989898,NuSEDS_20250221,20251112
Haida Gwaii,Sockeye,2022,38573,21507,-19.4,-989898,-989898,-989898,25194,21318,29774,22963,19782,26654,-989898,-989898,-989898,-989898,-989898,-989898,NuSEDS_20250221,20251112
Haida Gwaii,Sockeye,2023,48450,25788,-3.4,-989898,-989898,-989898,25006,20765,30114,22880,19650,26640,-989898,-989898,-989898,-989898,-989898,-989898,NuSEDS_20250221,20251112
Nass,Chinook,1975,14895,14895,-10.5,17874,17874,-22.7,-989898,-989898,-989898,18470,16217,21035,-989898,-989898,-989898,22931,20176,26063,CTC_20250714,20251112
Nass,Chinook,1976,13819,14347,-13.8,16583,17216,-25.5,-989898,-989898,-989898,18394,16214,20867,-989898,-989898,-989898,22934,20256,25966,CTC_20250714,20251112
Nass,Chinook,1977,14288,14327,-13.9,18410,17605,-23.8,-989898,-989898,-989898,18319,16211,20701,-989898,-989898,-989898,22936,20335,25869,CTC_20250714,20251112
Nass,Chinook,1978,16885,14928,-10.3,21807,18573,-19.6,-989898,-989898,-989898,18243,16206,20537,-989898,-989898,-989898,22938,20414,25775,CTC_20250714,20251112
Nass,Chinook,1979,12783,14472,-13.1,16229,18079,-21.8,-989898,-989898,-989898,18169,16201,20376,-989898,-989898,-989898,22941,20492,25682,CTC_20250714,20251112
Nass,Chinook,1980,14855,14464,-13.1,18744,18251,-21,-989898,-989898,-989898,18094,16194,20217,-989898,-989898,-989898,22943,20569,25591,CTC_20250714,20251112
Nass,Chinook,1981,13925,14486,-13,17606,18471,-20.1,-989898,-989898,-989898,18020,16187,20061,-989898,-989898,-989898,22945,20645,25502,CTC_20250714,20251112
Nass,Chinook,1982,10359,13584,-18.4,13287,17305,-25.1,-989898,-989898,-989898,17946,16178,19908,-989898,-989898,-989898,22947,20720,25415,CTC_20250714,20251112
Nass,Chinook,1983,16301,13489,-19,20516,17095,-26,-989898,-989898,-989898,17873,16168,19757,-989898,-989898,-989898,22950,20793,25330,CTC_20250714,20251112
Nass,Chinook,1984,24967,15421,-7.4,31408,19508,-15.6,-989898,-989898,-989898,17799,16156,19610,-989898,-989898,-989898,22952,20865,25248,CTC_20250714,20251112
Nass,Chinook,1985,19694,16316,-2,24768,20626,-10.8,-989898,-989898,-989898,17727,16143,19465,-989898,-989898,-989898,22954,20935,25169,CTC_20250714,20251112
Nass,Chinook,1986,38661,20012,20.2,47967,25205,9,-989898,-989898,-989898,17654,16128,19324,-989898,-989898,-989898,22957,21002,25093,CTC_20250714,20251112
Nass,Chinook,1987,21470,23153,39.1,26568,28951,25.3,-989898,-989898,-989898,17582,16111,19186,-989898,-989898,-989898,22959,21068,25020,CTC_20250714,20251112
Nass,Chinook,1988,16848,23306,40,21094,29112,26,-989898,-989898,-989898,17509,16092,19051,-989898,-989898,-989898,22961,21131,24950,CTC_20250714,20251112
Nass,Chinook,1989,29201,24048,44.4,36594,30016,29.9,-989898,-989898,-989898,17438,16071,18921,-989898,-989898,-989898,22964,21191,24885,CTC_20250714,20251112
Nass,Chinook,1990,26511,25521,53.3,33384,31863,37.9,-989898,-989898,-989898,17366,16047,18794,-989898,-989898,-989898,22966,21247,24824,CTC_20250714,20251112
Nass,Chinook,1991,7926,18589,11.7,13136,24592,6.4,-989898,-989898,-989898,17295,16020,18672,-989898,-989898,-989898,22968,21300,24767,CTC_20250714,20251112
Nass,Chinook,1992,17716,17888,7.4,25405,24372,5.4,-989898,-989898,-989898,17224,15990,18554,-989898,-989898,-989898,22970,21349,24715,CTC_20250714,20251112
Nass,Chinook,1993,25853,19487,17,36678,27224,17.8,-989898,-989898,-989898,17154,15956,18441,-989898,-989898,-989898,22973,21393,24669,CTC_20250714,20251112
Nass,Chinook,1994,24872,18872,13.4,32864,26645,15.3,-989898,-989898,-989898,17083,15918,18334,-989898,-989898,-989898,22975,21432,24629,CTC_20250714,20251112
Nass,Chinook,1995,8817,15142,-9,16187,23053,-0.3,-989898,-989898,-989898,17013,15877,18231,-989898,-989898,-989898,22977,21466,24595,CTC_20250714,20251112
Nass,Chinook,1996,22950,18730,12.5,30889,27353,18.3,-989898,-989898,-989898,16944,15831,18134,-989898,-989898,-989898,22980,21493,24568,CTC_20250714,20251112
Nass,Chinook,1997,20337,19254,15.6,27658,27822,20.4,-989898,-989898,-989898,16874,15781,18043,-989898,-989898,-989898,22982,21515,24548,CTC_20250714,20251112
Nass,Chinook,1998,24675,19075,14.6,34922,27550,19.2,-989898,-989898,-989898,16805,15726,17958,-989898,-989898,-989898,22984,21531,24536,CTC_20250714,20251112
Nass,Chinook,1999,12526,16630,-0.1,22310,25496,10.3,-989898,-989898,-989898,16736,15667,17879,-989898,-989898,-989898,22986,21540,24530,CTC_20250714,20251112
Nass,Chinook,2000,19348,19461,16.9,31159,29064,25.7,-989898,-989898,-989898,16668,15602,17805,-989898,-989898,-989898,22989,21542,24533,CTC_20250714,20251112
Nass,Chinook,2001,32340,20842,25.2,44595,31279,35.3,-989898,-989898,-989898,16599,15534,17738,-989898,-989898,-989898,22991,21537,24543,CTC_20250714,20251112
Nass,Chinook,2002,14804,19560,17.5,21528,29751,28.7,-989898,-989898,-989898,16531,15460,17676,-989898,-989898,-989898,22993,21526,24561,CTC_20250714,20251112
Nass,Chinook,2003,28274,20100,20.7,36503,30015,29.9,-989898,-989898,-989898,16463,15382,17620,-989898,-989898,-989898,22996,21508,24586,CTC_20250714,20251112
Nass,Chinook,2004,16875,21334,28.1,25137,30740,33,-989898,-989898,-989898,16396,15301,17570,-989898,-989898,-989898,22998,21485,24618,CTC_20250714,20251112
Nass,Chinook,2005,15571,20427,22.7,24067,29192,26.3,-989898,-989898,-989898,16329,15215,17524,-989898,-989898,-989898,23000,21455,24656,CTC_20250714,20251112
Nass,Chinook,2006,28061,19856,19.3,37098,28137,21.7,-989898,-989898,-989898,16262,15126,17483,-989898,-989898,-989898,23002,21420,24701,CTC_20250714,20251112
Nass,Chinook,2007,24964,22043,32.4,34221,30870,33.6,-989898,-989898,-989898,16195,15034,17446,-989898,-989898,-989898,23005,21381,24752,CTC_20250714,20251112
Nass,Chinook,2008,22138,20991,26.1,26202,28890,25,-989898,-989898,-989898,16129,14940,17413,-989898,-989898,-989898,23007,21336,24809,CTC_20250714,20251112
Nass,Chinook,2009,29576,23483,41.1,36865,31189,34.9,-989898,-989898,-989898,16063,14842,17383,-989898,-989898,-989898,23009,21287,24871,CTC_20250714,20251112
Nass,Chinook,2010,20729,24867,49.4,26052,31687,37.1,16898,13767,20740,15997,14743,17357,22638,19218,26667,23012,21235,24937,CTC_20250714,20251112
Nass,Chinook,2011,10826,20554,23.5,15092,26471,14.5,16384,13628,19697,15931,14642,17334,22194,19156,25714,23014,21179,25008,CTC_20250714,20251112
Nass,Chinook,2012,9797,17047,2.4,15086,22471,-2.8,15886,13475,18728,15866,14539,17314,21758,19076,24818,23016,21121,25082,CTC_20250714,20251112
Nass,Chinook,2013,9034,14249,-14.4,13525,19687,-14.8,15403,13302,17836,15801,14436,17296,21331,18971,23984,23019,21059,25160,CTC_20250714,20251112
Nass,Chinook,2014,12979,12085,-27.4,19789,17384,-24.8,14934,13101,17025,15736,14331,17280,20912,18833,23221,23021,20995,25242,CTC_20250714,20251112
Nass,Chinook,2015,20595,12069,-27.5,28557,17706,-23.4,14480,12861,16303,15672,14225,17266,20502,18647,22540,23023,20929,25326,CTC_20250714,20251112
Nass,Chinook,2016,10192,11925,-28.4,15977,17909,-22.5,14040,12572,15680,15608,14119,17253,20099,18400,21955,23025,20862,25414,CTC_20250714,20251112
Nass,Chinook,2017,4984,10417,-37.4,8947,16132,-30.2,13613,12224,15160,15544,14012,17243,19705,18080,21475,23028,20792,25504,CTC_20250714,20251112
Nass,Chinook,2018,16319,11725,-29.6,21862,17758,-23.2,13199,11819,14741,15480,13905,17233,19318,17685,21101,23030,20721,25596,CTC_20250714,20251112
Nass,Chinook,2019,11833,11510,-30.9,18707,17560,-24,12798,11367,14409,15416,13797,17225,18939,17226,20822,23032,20649,25690,CTC_20250714,20251112
Nass,Chinook,2020,14315,10702,-35.7,20551,16441,-28.9,12409,10885,14146,15353,13690,17219,18567,16720,20617,23035,20576,25787,CTC_20250714,20251112
Nass,Chinook,2021,12742,11191,-32.8,21538,17453,-24.5,12032,10391,13932,15290,13583,17213,18202,16189,20466,23037,20502,25885,CTC_20250714,20251112
Nass,Chinook,2022,17990,14467,-13.1,22697,21025,-9,11666,9895,13753,15228,13475,17208,17845,15645,20354,23039,20427,25986,CTC_20250714,20251112
Nass,Chinook,2023,13538,13936,-16.3,18900,20422,-11.6,11311,9409,13598,15165,13368,17204,17495,15100,20269,23042,20351,26088,CTC_20250714,20251112
Nass,Chinook,2024,11855,13941,-16.3,19900,20676,-10.5,10967,8935,13461,15103,13261,17201,17151,14560,20204,23044,20275,26191,CTC_20250714,20251112
Nass,Chum,1950,23162,23162,-45.3,-989898,-989898,-989898,-989898,-989898,-989898,61018,48143,77336,-989898,-989898,-989898,-989898,-989898,-989898,NuSEDS_20250221,20251112
Nass,Chum,1951,100787,48316,14,-989898,-989898,-989898,-989898,-989898,-989898,60389,47874,76176,-989898,-989898,-989898,-989898,-989898,-989898,NuSEDS_20250221,20251112
Nass,Chum,1952,70300,54749,29.2,-989898,-989898,-989898,-989898,-989898,-989898,59767,47605,75037,-989898,-989898,-989898,-989898,-989898,-989898,NuSEDS_20250221,20251112
Nass,Chum,1953,54834,54770,29.2,-989898,-989898,-989898,-989898,-989898,-989898,59151,47336,73916,-989898,-989898,-989898,-989898,-989898,-989898,NuSEDS_20250221,20251112
Nass,Chum,1954,26270,56522,33.4,-989898,-989898,-989898,-989898,-989898,-989898,58542,47066,72816,-989898,-989898,-989898,-989898,-989898,-989898,NuSEDS_20250221,20251112
Nass,Chum,1955,9435,31265,-26.2,-989898,-989898,-989898,-989898,-989898,-989898,57939,46796,71735,-989898,-989898,-989898,-989898,-989898,-989898,NuSEDS_20250221,20251112
Nass,Chum,1956,46176,28146,-33.6,-989898,-989898,-989898,-989898,-989898,-989898,57342,46525,70673,-989898,-989898,-989898,-989898,-989898,-989898,NuSEDS_20250221,20251112
Nass,Chum,1957,76650,30604,-27.8,-989898,-989898,-989898,-989898,-989898,-989898,56751,46254,69630,-989898,-989898,-989898,-989898,-989898,-989898,NuSEDS_20250221,20251112
Nass,Chum,1958,70744,39205,-7.5,-989898,-989898,-989898,-989898,-989898,-989898,56166,45982,68606,-989898,-989898,-989898,-989898,-989898,-989898,NuSEDS_20250221,20251112
Nass,Chum,1959,167616,80488,89.9,-989898,-989898,-989898,-989898,-989898,-989898,55587,45709,67601,-989898,-989898,-989898,-989898,-989898,-989898,NuSEDS_20250221,20251112
Nass,Chum,1960,76060,91184,115.2,-989898,-989898,-989898,-989898,-989898,-989898,55015,45435,66615,-989898,-989898,-989898,-989898,-989898,-989898,NuSEDS_20250221,20251112
Nass,Chum,1961,97309,96790,128.4,-989898,-989898,-989898,-989898,-989898,-989898,54448,45159,65647,-989898,-989898,-989898,-989898,-989898,-989898,NuSEDS_20250221,20251112
Nass,Chum,1962,63618,94254,122.4,-989898,-989898,-989898,-989898,-989898,-989898,53887,44883,64697,-989898,-989898,-989898,-989898,-989898,-989898,NuSEDS_20250221,20251112
Nass,Chum,1963,80018,78346,84.9,-989898,-989898,-989898,-989898,-989898,-989898,53332,44605,63766,-989898,-989898,-989898,-989898,-989898,-989898,NuSEDS_20250221,20251112
Nass,Chum,1964,108238,85571,101.9,-989898,-989898,-989898,-989898,-989898,-989898,52782,44325,62853,-989898,-989898,-989898,-989898,-989898,-989898,NuSEDS_20250221,20251112
Nass,Chum,1965,28856,63146,49,-989898,-989898,-989898,-989898,-989898,-989898,52238,44043,61958,-989898,-989898,-989898,-989898,-989898,-989898,NuSEDS_20250221,20251112
Nass,Chum,1966,29600,52152,23.1,-989898,-989898,-989898,-989898,-989898,-989898,51700,43760,61081,-989898,-989898,-989898,-989898,-989898,-989898,NuSEDS_20250221,20251112
Nass,Chum,1967,30112,40847,-3.6,-989898,-989898,-989898,-989898,-989898,-989898,51167,43474,60222,-989898,-989898,-989898,-989898,-989898,-989898,NuSEDS_20250221,20251112
Nass,Chum,1968,55391,34548,-18.5,-989898,-989898,-989898,-989898,-989898,-989898,50640,43185,59381,-989898,-989898,-989898,-989898,-989898,-989898,NuSEDS_20250221,20251112
Nass,Chum,1969,26640,33865,-20.1,-989898,-989898,-989898,-989898,-989898,-989898,50118,42894,58559,-989898,-989898,-989898,-989898,-989898,-989898,NuSEDS_20250221,20251112
Nass,Chum,1970,35816,35518,-16.2,-989898,-989898,-989898,-989898,-989898,-989898,49602,42600,57755,-989898,-989898,-989898,-989898,-989898,-989898,NuSEDS_20250221,20251112
Nass,Chum,1971,31524,35927,-15.2,-989898,-989898,-989898,-989898,-989898,-989898,49091,42303,56968,-989898,-989898,-989898,-989898,-989898,-989898,NuSEDS_20250221,20251112
Nass,Chum,1972,82140,39646,-6.4,-989898,-989898,-989898,-989898,-989898,-989898,48585,42002,56200,-989898,-989898,-989898,-989898,-989898,-989898,NuSEDS_20250221,20251112
Nass,Chum,1973,80093,52206,23.2,-989898,-989898,-989898,-989898,-989898,-989898,48084,41697,55450,-989898,-989898,-989898,-989898,-989898,-989898,NuSEDS_20250221,20251112
Nass,Chum,1974,158359,75702,78.6,-989898,-989898,-989898,-989898,-989898,-989898,47589,41388,54719,-989898,-989898,-989898,-989898,-989898,-989898,NuSEDS_20250221,20251112
Nass,Chum,1975,39672,80181,89.2,-989898,-989898,-989898,-989898,-989898,-989898,47099,41075,54005,-989898,-989898,-989898,-989898,-989898,-989898,NuSEDS_20250221,20251112
Nass,Chum,1976,76851,78857,86.1,-989898,-989898,-989898,-989898,-989898,-989898,46613,40757,53310,-989898,-989898,-989898,-989898,-989898,-989898,NuSEDS_20250221,20251112
Nass,Chum,1977,81900,79299,87.1,-989898,-989898,-989898,-989898,-989898,-989898,46133,40435,52634,-989898,-989898,-989898,-989898,-989898,-989898,NuSEDS_20250221,20251112
Nass,Chum,1978,84826,67840,60.1,-989898,-989898,-989898,-989898,-989898,-989898,45658,40107,51976,-989898,-989898,-989898,-989898,-989898,-989898,NuSEDS_20250221,20251112
Nass,Chum,1979,55782,73874,74.3,-989898,-989898,-989898,-989898,-989898,-989898,45187,39774,51337,-989898,-989898,-989898,-989898,-989898,-989898,NuSEDS_20250221,20251112
Nass,Chum,1980,67398,71489,68.7,-989898,-989898,-989898,-989898,-989898,-989898,44722,39436,50716,-989898,-989898,-989898,-989898,-989898,-989898,NuSEDS_20250221,20251112
Nass,Chum,1981,20219,50392,18.9,-989898,-989898,-989898,-989898,-989898,-989898,44261,39091,50114,-989898,-989898,-989898,-989898,-989898,-989898,NuSEDS_20250221,20251112
Nass,Chum,1982,27889,38158,-10,-989898,-989898,-989898,-989898,-989898,-989898,43805,38741,49530,-989898,-989898,-989898,-989898,-989898,-989898,NuSEDS_20250221,20251112
Nass,Chum,1983,58471,38610,-8.9,-989898,-989898,-989898,-989898,-989898,-989898,43353,38385,48964,-989898,-989898,-989898,-989898,-989898,-989898,NuSEDS_20250221,20251112
Nass,Chum,1984,80590,40374,-4.7,-989898,-989898,-989898,-989898,-989898,-989898,42907,38023,48417,-989898,-989898,-989898,-989898,-989898,-989898,NuSEDS_20250221,20251112
Nass,Chum,1985,66610,54394,28.3,-989898,-989898,-989898,-989898,-989898,-989898,42465,37655,47888,-989898,-989898,-989898,-989898,-989898,-989898,NuSEDS_20250221,20251112
Nass,Chum,1986,43810,60895,43.7,-989898,-989898,-989898,-989898,-989898,-989898,42027,37282,47376,-989898,-989898,-989898,-989898,-989898,-989898,NuSEDS_20250221,20251112
Nass,Chum,1987,43118,56430,33.2,-989898,-989898,-989898,-989898,-989898,-989898,41594,36902,46882,-989898,-989898,-989898,-989898,-989898,-989898,NuSEDS_20250221,20251112
Nass,Chum,1988,65554,53591,26.5,-989898,-989898,-989898,-989898,-989898,-989898,41165,36517,46405,-989898,-989898,-989898,-989898,-989898,-989898,NuSEDS_20250221,20251112
Nass,Chum,1989,47897,49350,16.4,-989898,-989898,-989898,-989898,-989898,-989898,40741,36127,45944,-989898,-989898,-989898,-989898,-989898,-989898,NuSEDS_20250221,20251112
Nass,Chum,1990,43562,49280,16.3,-989898,-989898,-989898,-989898,-989898,-989898,40321,35732,45500,-989898,-989898,-989898,-989898,-989898,-989898,NuSEDS_20250221,20251112
Nass,Chum,1991,43455,49376,16.5,-989898,-989898,-989898,-989898,-989898,-989898,39906,35333,45071,-989898,-989898,-989898,-989898,-989898,-989898,NuSEDS_20250221,20251112
Nass,Chum,1992,28000,39917,-5.8,67000,67000,33.4,-989898,-989898,-989898,39495,34930,44657,-989898,-989898,-989898,87664,53737,143008,Nisgaa_20241203,20251112
Nass,Chum,1993,98000,47740,12.6,323000,147109,192.8,-989898,-989898,-989898,39088,34523,44257,-989898,-989898,-989898,84650,53065,135034,Nisgaa_20241203,20251112
Nass,Chum,1994,74000,54502,28.6,149000,147737,194.1,-989898,-989898,-989898,38685,34113,43870,-989898,-989898,-989898,81740,52379,127559,Nisgaa_20241203,20251112
Nass,Chum,1995,49000,56163,32.5,113000,138161,175,-989898,-989898,-989898,38287,33700,43497,-989898,-989898,-989898,78930,51677,120557,Nisgaa_20241203,20251112
Nass,Chum,1996,26000,55132,30.1,61000,134958,168.6,-989898,-989898,-989898,37892,33286,43136,-989898,-989898,-989898,76217,50954,114005,Nisgaa_20241203,20251112
Nass,Chum,1997,23000,38374,-9.5,53000,85895,71,-989898,-989898,-989898,37502,32870,42786,-989898,-989898,-989898,73597,50209,107880,Nisgaa_20241203,20251112
Nass,Chum,1998,154000,46090,8.8,290000,101454,101.9,-989898,-989898,-989898,37115,32453,42448,-989898,-989898,-989898,71067,49436,102164,Nisgaa_20241203,20251112
Nass,Chum,1999,35000,42371,0,89000,95576,90.2,-989898,-989898,-989898,36733,32035,42119,-989898,-989898,-989898,68624,48631,96838,Nisgaa_20241203,20251112
Nass,Chum,2000,19000,39176,-7.6,40000,86006,71.2,-989898,-989898,-989898,36354,31617,41801,-989898,-989898,-989898,66265,47788,91887,Nisgaa_20241203,20251112
Nass,Chum,2001,30000,41866,-1.2,90000,98180,95.4,-989898,-989898,-989898,35980,31200,41491,-989898,-989898,-989898,63988,46902,87298,Nisgaa_20241203,20251112
Nass,Chum,2002,15000,23389,-44.8,32000,56586,12.6,-989898,-989898,-989898,35609,30784,41190,-989898,-989898,-989898,61788,45965,83058,Nisgaa_20241203,20251112
Nass,Chum,2003,65000,27304,-35.6,87000,56266,12,-989898,-989898,-989898,35242,30369,40897,-989898,-989898,-989898,59664,44972,79156,Nisgaa_20241203,20251112
Nass,Chum,2004,49000,34600,-18.4,82000,67326,34,-989898,-989898,-989898,34879,29955,40612,-989898,-989898,-989898,57613,43916,75582,Nisgaa_20241203,20251112
Nass,Chum,2005,30000,34600,-18.4,42000,55646,10.8,-989898,-989898,-989898,34520,29544,40333,-989898,-989898,-989898,55633,42792,72326,Nisgaa_20241203,20251112
Nass,Chum,2006,51000,46984,10.9,72000,68152,35.7,-989898,-989898,-989898,34164,29135,40061,-989898,-989898,-989898,53720,41598,69376,Nisgaa_20241203,20251112
Nass,Chum,2007,11000,30135,-28.9,21000,47770,-4.9,-989898,-989898,-989898,33812,28728,39795,-989898,-989898,-989898,51874,40332,66718,Nisgaa_20241203,20251112
Nass,Chum,2008,3000,14990,-64.6,4400,22991,-54.2,-989898,-989898,-989898,33463,28324,39535,-989898,-989898,-989898,50091,39000,64336,Nisgaa_20241203,20251112
Nass,Chum,2009,20000,13545,-68,28000,20775,-58.6,-989898,-989898,-989898,33119,27923,39281,-989898,-989898,-989898,48369,37607,62210,Nisgaa_20241203,20251112
Nass,Chum,2010,9000,8779,-79.3,10000,12683,-74.8,-989898,-989898,-989898,32777,27526,39031,-989898,-989898,-989898,46706,36166,60317,Nisgaa_20241203,20251112
Nass,Chum,2011,6000,7545,-82.2,8000,9964,-80.2,-989898,-989898,-989898,32440,27132,38786,-989898,-989898,-989898,45100,34691,58633,Nisgaa_20241203,20251112
Nass,Chum,2012,16000,11465,-72.9,18000,14170,-71.8,-989898,-989898,-989898,32105,26741,38546,-989898,-989898,-989898,43550,33196,57133,Nisgaa_20241203,20251112
Nass,Chum,2013,14000,10487,-75.3,17000,12508,-75.1,11528,9792,13570,31775,26354,38310,13852,11570,16583,42053,31698,55792,Nisgaa_20241203,20251112
Nass,Chum,2014,20000,12804,-69.8,24000,15569,-69,14017,12155,16163,31447,25971,38078,16835,14386,19701,40608,30209,54586,Nisgaa_20241203,20251112
Nass,Chum,2015,48000,21534,-49.2,61000,25871,-48.5,17043,15063,19284,31123,25592,37850,20462,17855,23449,39212,28741,53496,Nisgaa_20241203,20251112
Nass,Chum,2016,21000,23049,-45.6,28000,28893,-42.5,20724,18619,23066,30803,25217,37625,24870,22098,27988,37864,27306,52504,Nisgaa_20241203,20251112
Nass,Chum,2017,23000,26095,-38.4,25000,31817,-36.7,25199,22925,27698,30485,24846,37404,30227,27232,33550,36562,25910,51594,Nisgaa_20241203,20251112
Nass,Chum,2018,46000,32136,-24.2,50000,38225,-23.9,30640,28069,33447,30171,24480,37185,36738,33352,40467,35305,24559,50754,Nisgaa_20241203,20251112
Nass,Chum,2019,24000,27023,-36.2,28000,31463,-37.4,37257,34131,40669,29860,24117,36970,44651,40537,49184,34092,23258,49972,Nisgaa_20241203,20251112
Nass,Chum,2020,102000,40117,-5.3,114000,44693,-11,45302,41214,49795,29552,23759,36758,54270,48893,60237,32920,22008,49241,Nisgaa_20241203,20251112
Nass,Chum,2021,119000,60503,42.8,160000,71087,41.5,55084,49490,61310,29248,23406,36549,65960,58610,74231,31788,20812,48553,Nisgaa_20241203,20251112
Nass,Chum,2022,98000,73096,72.5,118000,88108,75.4,66979,59197,75784,28947,23056,36342,80168,69956,91871,30696,19670,47902,Nisgaa_20241203,20251112
Nass,Chum,2023,54000,89524,111.2,65000,108756,116.5,81442,70626,93915,28648,22711,36138,97437,83263,114023,29640,18581,47283,Nisgaa_20241203,20251112
Nass,Chum,2024,115000,92250,117.7,142000,114895,128.7,99029,84122,116577,28353,22371,35936,118425,98918,141779,28621,17545,46691,Nisgaa_20241203,20251112
Nass,Coho,1992,109000,109000,-14.7,305000,305000,10.7,-989898,-989898,-989898,81462,67775,97914,-989898,-989898,-989898,202234,170338,240103,Nisgaa_20241203,20251112
Nass,Coho,1993,43000,68462,-46.4,119000,190512,-30.8,-989898,-989898,-989898,83580,70125,99618,-989898,-989898,-989898,205913,174804,242559,Nisgaa_20241203,20251112
Nass,Coho,1994,207000,98997,-22.5,759000,302016,9.7,-989898,-989898,-989898,85753,72544,101367,-989898,-989898,-989898,209659,179361,245076,Nisgaa_20241203,20251112
Nass,Coho,1995,47000,82175,-35.7,151000,253961,-7.8,-989898,-989898,-989898,87982,75033,103166,-989898,-989898,-989898,213473,184005,247662,Nisgaa_20241203,20251112
Nass,Coho,1996,79000,75821,-40.7,208000,230785,-16.2,-989898,-989898,-989898,90270,77591,105020,-989898,-989898,-989898,217357,188731,250325,Nisgaa_20241203,20251112
Nass,Coho,1997,27000,67494,-47.2,61000,195278,-29.1,-989898,-989898,-989898,92617,80217,106933,-989898,-989898,-989898,221311,193533,253077,Nisgaa_20241203,20251112
Nass,Coho,1998,70000,51469,-59.7,134000,126581,-54,-989898,-989898,-989898,95024,82906,108914,-989898,-989898,-989898,225338,198404,255927,Nisgaa_20241203,20251112
Nass,Coho,1999,103000,62623,-51,207000,136967,-50.3,-989898,-989898,-989898,97495,85657,110968,-989898,-989898,-989898,229437,203333,258893,Nisgaa_20241203,20251112
Nass,Coho,2000,106000,67399,-47.3,208000,136967,-50.3,-989898,-989898,-989898,100029,88464,113107,-989898,-989898,-989898,233611,208306,261990,Nisgaa_20241203,20251112
Nass,Coho,2001,195000,110489,-13.5,374000,215527,-21.7,-989898,-989898,-989898,102630,91320,115341,-989898,-989898,-989898,237861,213309,265240,Nisgaa_20241203,20251112
Nass,Coho,2002,292000,157903,23.6,378000,279318,1.4,-989898,-989898,-989898,105298,94217,117682,-989898,-989898,-989898,242189,218320,268666,Nisgaa_20241203,20251112
Nass,Coho,2003,141000,170799,33.7,261000,295983,7.5,-989898,-989898,-989898,108036,97145,120147,-989898,-989898,-989898,246595,223319,272296,Nisgaa_20241203,20251112
Nass,Coho,2004,99000,167907,31.4,222000,300843,9.2,-989898,-989898,-989898,110844,100092,122752,-989898,-989898,-989898,251081,228278,276161,Nisgaa_20241203,20251112
Nass,Coho,2005,160000,159805,25.1,374000,300843,9.2,-989898,-989898,-989898,113726,103044,125515,-989898,-989898,-989898,255649,233171,280293,Nisgaa_20241203,20251112
Nass,Coho,2006,102000,122855,-3.8,195000,254962,-7.4,-989898,-989898,-989898,116682,105988,128456,-989898,-989898,-989898,260299,237968,284726,Nisgaa_20241203,20251112
Nass,Coho,2007,142000,123072,-3.7,282000,259942,-5.6,-989898,-989898,-989898,119716,108911,131593,-989898,-989898,-989898,265035,242645,289491,Nisgaa_20241203,20251112
Nass,Coho,2008,115000,127769,0,193000,251003,-8.9,-989898,-989898,-989898,122828,111800,134944,-989898,-989898,-989898,269857,247179,294615,Nisgaa_20241203,20251112
Nass,Coho,2009,312000,150986,18.2,479000,267020,-3.1,-989898,-989898,-989898,126022,114647,138524,-989898,-989898,-989898,274766,251554,300120,Nisgaa_20241203,20251112
Nass,Coho,2010,148000,165711,29.7,277000,291511,5.8,-989898,-989898,-989898,129298,117448,142344,-989898,-989898,-989898,279765,255764,306018,Nisgaa_20241203,20251112
Nass,Coho,2011,98000,151038,18.2,209000,270477,-1.8,-989898,-989898,-989898,132659,120199,146411,-989898,-989898,-989898,284854,259809,312315,Nisgaa_20241203,20251112
Nass,Coho,2012,115000,151038,18.2,256000,290269,5.4,-989898,-989898,-989898,136108,122905,150729,-989898,-989898,-989898,290037,263696,319009,Nisgaa_20241203,20251112
Nass,Coho,2013,354000,155882,22,876000,337553,22.6,143094,113306,180711,139646,125570,155302,362243,283830,462319,295313,267439,326093,Nisgaa_20241203,20251112
Nass,Coho,2014,232000,174423,36.5,441000,379168,37.7,144624,117952,177326,143277,128199,160128,357550,288939,442453,300686,271052,333559,Nisgaa_20241203,20251112
Nass,Coho,2015,56000,151651,18.7,249000,396137,43.8,146170,122496,174421,147002,130802,165208,352917,293407,424498,306156,274554,341396,Nisgaa_20241203,20251112
Nass,Coho,2016,183000,170327,33.3,508000,470166,70.7,147733,126749,172192,150823,133385,170542,348345,296806,408834,311726,277959,349594,Nisgaa_20241203,20251112
Nass,Coho,2017,190000,145787,14.1,370000,379032,37.6,149313,130420,170944,154745,135956,176130,343832,298496,396052,317397,281285,358145,Nisgaa_20241203,20251112
Nass,Coho,2018,73000,109189,-14.5,149000,288977,4.9,150910,133128,171067,158768,138521,181974,339377,297697,386892,323171,284544,367042,Nisgaa_20241203,20251112
Nass,Coho,2019,144000,138268,8.2,237000,285430,3.6,152524,134551,172897,162895,141086,188076,334980,293840,381879,329050,287749,376280,Nisgaa_20241203,20251112
Nass,Coho,2020,96000,117673,-7.9,232000,234642,-14.8,154155,134649,176487,167130,143657,194439,330640,287044,380857,335037,290912,385855,Nisgaa_20241203,20251112
Nass,Coho,2021,181000,116254,-9,374000,235274,-14.6,155803,133673,181598,171475,146238,201067,326356,278070,383027,341132,294040,395765,Nisgaa_20241203,20251112
Nass,Coho,2022,291000,164267,28.6,511000,320171,16.2,157470,131965,187904,175933,148833,207967,322127,267809,387463,347338,297143,406012,Nisgaa_20241203,20251112
Nass,Coho,2023,270000,192221,50.4,511000,387972,40.9,159153,129802,195142,180507,151447,215143,317954,256941,393455,353657,300227,416596,Nisgaa_20241203,20251112
Nass,Coho,2024,173000,222713,74.3,326000,422409,53.4,160855,127371,203143,185199,154082,222602,313834,245900,400536,360091,303297,427520,Nisgaa_20241203,20251112
Nass,Pink,1950,103779,103779,-56.2,-989898,-989898,-989898,-989898,-989898,-989898,94356,74462,119565,-989898,-989898,-989898,-989898,-989898,-989898,NuSEDS_20250221,20251112
Nass,Pink,1951,75598,88575,-62.6,-989898,-989898,-989898,-989898,-989898,-989898,96692,76669,121944,-989898,-989898,-989898,-989898,-989898,-989898,NuSEDS_20250221,20251112
Nass,Pink,1952,74960,75278,-68.2,-989898,-989898,-989898,-989898,-989898,-989898,99086,78938,124375,-989898,-989898,-989898,-989898,-989898,-989898,NuSEDS_20250221,20251112
Nass,Pink,1953,18436,37175,-84.3,-989898,-989898,-989898,-989898,-989898,-989898,101539,81272,126859,-989898,-989898,-989898,-989898,-989898,-989898,NuSEDS_20250221,20251112
Nass,Pink,1954,83682,39278,-83.4,-989898,-989898,-989898,-989898,-989898,-989898,104052,83671,129398,-989898,-989898,-989898,-989898,-989898,-989898,NuSEDS_20250221,20251112
Nass,Pink,1955,31740,51537,-78.2,-989898,-989898,-989898,-989898,-989898,-989898,106628,86137,131993,-989898,-989898,-989898,-989898,-989898,-989898,NuSEDS_20250221,20251112
Nass,Pink,1956,139819,66617,-71.9,-989898,-989898,-989898,-989898,-989898,-989898,109268,88673,134646,-989898,-989898,-989898,-989898,-989898,-989898,NuSEDS_20250221,20251112
Nass,Pink,1957,22880,56560,-76.1,-989898,-989898,-989898,-989898,-989898,-989898,111973,91278,137359,-989898,-989898,-989898,-989898,-989898,-989898,NuSEDS_20250221,20251112
Nass,Pink,1958,94468,46491,-80.4,-989898,-989898,-989898,-989898,-989898,-989898,114745,93955,140134,-989898,-989898,-989898,-989898,-989898,-989898,NuSEDS_20250221,20251112
Nass,Pink,1959,151693,119709,-49.5,-989898,-989898,-989898,-989898,-989898,-989898,117585,96705,142973,-989898,-989898,-989898,-989898,-989898,-989898,NuSEDS_20250221,20251112
Nass,Pink,1960,74674,106431,-55.1,-989898,-989898,-989898,-989898,-989898,-989898,120496,99530,145878,-989898,-989898,-989898,-989898,-989898,-989898,NuSEDS_20250221,20251112
Nass,Pink,1961,282589,145265,-38.7,-989898,-989898,-989898,-989898,-989898,-989898,123479,102431,148851,-989898,-989898,-989898,-989898,-989898,-989898,NuSEDS_20250221,20251112
Nass,Pink,1962,313528,297657,25.6,-989898,-989898,-989898,-989898,-989898,-989898,126536,105410,151895,-989898,-989898,-989898,-989898,-989898,-989898,NuSEDS_20250221,20251112
Nass,Pink,1963,215373,259857,9.7,-989898,-989898,-989898,-989898,-989898,-989898,129668,108467,155013,-989898,-989898,-989898,-989898,-989898,-989898,NuSEDS_20250221,20251112
Nass,Pink,1964,355406,276667,16.8,-989898,-989898,-989898,-989898,-989898,-989898,132878,111605,158206,-989898,-989898,-989898,-989898,-989898,-989898,NuSEDS_20250221,20251112
Nass,Pink,1965,282903,317089,33.9,-989898,-989898,-989898,-989898,-989898,-989898,136168,114824,161479,-989898,-989898,-989898,-989898,-989898,-989898,NuSEDS_20250221,20251112
Nass,Pink,1966,354060,316488,33.6,-989898,-989898,-989898,-989898,-989898,-989898,139538,118125,164833,-989898,-989898,-989898,-989898,-989898,-989898,NuSEDS_20250221,20251112
Nass,Pink,1967,61781,147899,-37.6,-989898,-989898,-989898,-989898,-989898,-989898,142993,121510,168273,-989898,-989898,-989898,-989898,-989898,-989898,NuSEDS_20250221,20251112
Nass,Pink,1968,256554,125897,-46.9,-989898,-989898,-989898,-989898,-989898,-989898,146533,124979,171803,-989898,-989898,-989898,-989898,-989898,-989898,NuSEDS_20250221,20251112
Nass,Pink,1969,54500,118246,-50.1,-989898,-989898,-989898,-989898,-989898,-989898,150160,128534,175425,-989898,-989898,-989898,-989898,-989898,-989898,NuSEDS_20250221,20251112
Nass,Pink,1970,308810,129731,-45.2,-989898,-989898,-989898,-989898,-989898,-989898,153877,132174,179145,-989898,-989898,-989898,-989898,-989898,-989898,NuSEDS_20250221,20251112
Nass,Pink,1971,169685,228911,-3.4,-989898,-989898,-989898,-989898,-989898,-989898,157687,135900,182966,-989898,-989898,-989898,-989898,-989898,-989898,NuSEDS_20250221,20251112
Nass,Pink,1972,337571,239334,1,-989898,-989898,-989898,-989898,-989898,-989898,161590,139713,186894,-989898,-989898,-989898,-989898,-989898,-989898,NuSEDS_20250221,20251112
Nass,Pink,1973,93830,177973,-24.9,-989898,-989898,-989898,-989898,-989898,-989898,165591,143612,190933,-989898,-989898,-989898,-989898,-989898,-989898,NuSEDS_20250221,20251112
Nass,Pink,1974,104755,99142,-58.1,-989898,-989898,-989898,-989898,-989898,-989898,169690,147598,195088,-989898,-989898,-989898,-989898,-989898,-989898,NuSEDS_20250221,20251112
Nass,Pink,1975,181641,137941,-41.8,-989898,-989898,-989898,-989898,-989898,-989898,173891,151670,199367,-989898,-989898,-989898,-989898,-989898,-989898,NuSEDS_20250221,20251112
Nass,Pink,1976,181959,181800,-23.3,-989898,-989898,-989898,-989898,-989898,-989898,178195,155828,203773,-989898,-989898,-989898,-989898,-989898,-989898,NuSEDS_20250221,20251112
Nass,Pink,1977,215703,198114,-16.4,-989898,-989898,-989898,-989898,-989898,-989898,182607,160071,208315,-989898,-989898,-989898,-989898,-989898,-989898,NuSEDS_20250221,20251112
Nass,Pink,1978,434715,306218,29.3,-989898,-989898,-989898,-989898,-989898,-989898,187127,164398,212999,-989898,-989898,-989898,-989898,-989898,-989898,NuSEDS_20250221,20251112
Nass,Pink,1979,61273,163206,-31.1,-989898,-989898,-989898,-989898,-989898,-989898,191760,168808,217832,-989898,-989898,-989898,-989898,-989898,-989898,NuSEDS_20250221,20251112
Nass,Pink,1980,137370,91745,-61.3,-989898,-989898,-989898,-989898,-989898,-989898,196507,173300,222821,-989898,-989898,-989898,-989898,-989898,-989898,NuSEDS_20250221,20251112
Nass,Pink,1981,210616,170095,-28.2,-989898,-989898,-989898,-989898,-989898,-989898,201371,177872,227975,-989898,-989898,-989898,-989898,-989898,-989898,NuSEDS_20250221,20251112
Nass,Pink,1982,499363,324305,36.9,-989898,-989898,-989898,-989898,-989898,-989898,206356,182523,233301,-989898,-989898,-989898,-989898,-989898,-989898,NuSEDS_20250221,20251112
Nass,Pink,1983,599782,547274,131,-989898,-989898,-989898,-989898,-989898,-989898,211465,187252,238808,-989898,-989898,-989898,-989898,-989898,-989898,NuSEDS_20250221,20251112
Nass,Pink,1984,524763,561020,136.8,-989898,-989898,-989898,-989898,-989898,-989898,216700,192057,244504,-989898,-989898,-989898,-989898,-989898,-989898,NuSEDS_20250221,20251112
Nass,Pink,1985,517808,521274,120,-989898,-989898,-989898,-989898,-989898,-989898,222064,196936,250398,-989898,-989898,-989898,-989898,-989898,-989898,NuSEDS_20250221,20251112
Nass,Pink,1986,378016,442425,86.8,-989898,-989898,-989898,-989898,-989898,-989898,227561,201888,256499,-989898,-989898,-989898,-989898,-989898,-989898,NuSEDS_20250221,20251112
Nass,Pink,1987,353433,365518,54.3,-989898,-989898,-989898,-989898,-989898,-989898,233195,206913,262815,-989898,-989898,-989898,-989898,-989898,-989898,NuSEDS_20250221,20251112
Nass,Pink,1988,167955,243641,2.8,-989898,-989898,-989898,-989898,-989898,-989898,238968,212008,269356,-989898,-989898,-989898,-989898,-989898,-989898,NuSEDS_20250221,20251112
Nass,Pink,1989,642819,328580,38.7,-989898,-989898,-989898,-989898,-989898,-989898,244883,217173,276129,-989898,-989898,-989898,-989898,-989898,-989898,NuSEDS_20250221,20251112
Nass,Pink,1990,180957,341061,44,-989898,-989898,-989898,-989898,-989898,-989898,250946,222408,283144,-989898,-989898,-989898,-989898,-989898,-989898,NuSEDS_20250221,20251112
Nass,Pink,1991,411861,273000,15.2,-989898,-989898,-989898,-989898,-989898,-989898,257158,227714,290409,-989898,-989898,-989898,-989898,-989898,-989898,NuSEDS_20250221,20251112
Nass,Pink,1992,206000,291279,23,392000,392000,-28.6,-989898,-989898,-989898,263524,233089,297933,-989898,-989898,-989898,539054,369625,786146,Nisgaa_20241203,20251112
Nass,Pink,1993,372000,276825,16.9,1205000,687285,25.3,-989898,-989898,-989898,270048,238534,305724,-989898,-989898,-989898,539036,376050,772663,Nisgaa_20241203,20251112
Nass,Pink,1994,145000,232250,-2,222000,517214,-5.7,-989898,-989898,-989898,276733,244051,313790,-989898,-989898,-989898,539018,382460,759661,Nisgaa_20241203,20251112
Nass,Pink,1995,402000,241433,1.9,1010000,473519,-13.7,-989898,-989898,-989898,283583,249641,322140,-989898,-989898,-989898,539000,388833,747161,Nisgaa_20241203,20251112
Nass,Pink,1996,278000,334299,41.1,570000,758749,38.3,-989898,-989898,-989898,290604,255305,330782,-989898,-989898,-989898,538982,395138,735190,Nisgaa_20241203,20251112
Nass,Pink,1997,299000,288309,21.7,475000,520336,-5.2,-989898,-989898,-989898,297798,261046,339724,-989898,-989898,-989898,538964,401339,723782,Nisgaa_20241203,20251112
Nass,Pink,1998,115000,185432,-21.7,167000,281647,-48.7,-989898,-989898,-989898,305170,266864,348974,-989898,-989898,-989898,538946,407395,712976,Nisgaa_20241203,20251112
Nass,Pink,1999,535000,248042,4.7,1454000,492766,-10.2,-989898,-989898,-989898,312724,272763,358540,-989898,-989898,-989898,538928,413252,702824,Nisgaa_20241203,20251112
Nass,Pink,2000,221000,343853,45.1,600000,934024,70.2,-989898,-989898,-989898,320466,278744,368432,-989898,-989898,-989898,538910,418851,693383,Nisgaa_20241203,20251112
Nass,Pink,2001,760000,409829,73,2093000,1120625,104.2,-989898,-989898,-989898,328399,284811,378658,-989898,-989898,-989898,538892,424119,684725,Nisgaa_20241203,20251112
Nass,Pink,2002,291000,470277,98.5,693000,1204346,119.5,-989898,-989898,-989898,336529,290966,389226,-989898,-989898,-989898,538874,428975,676928,Nisgaa_20241203,20251112
Nass,Pink,2003,854000,498512,110.4,1155000,894659,63,-989898,-989898,-989898,344860,297212,400146,-989898,-989898,-989898,538856,433328,670084,Nisgaa_20241203,20251112
Nass,Pink,2004,493000,648862,173.9,782000,950374,73.2,-989898,-989898,-989898,353397,303552,411427,-989898,-989898,-989898,538838,437078,664290,Nisgaa_20241203,20251112
Nass,Pink,2005,1064000,724260,205.7,1523000,1091323,98.9,-989898,-989898,-989898,362145,309988,423078,-989898,-989898,-989898,538820,440127,659644,Nisgaa_20241203,20251112
Nass,Pink,2006,118000,354333,49.6,141000,463404,-15.5,-989898,-989898,-989898,371110,316524,435110,-989898,-989898,-989898,538802,442380,656241,Nisgaa_20241203,20251112
Nass,Pink,2007,647000,276308,16.6,1015000,378305,-31.1,-989898,-989898,-989898,380297,323163,447533,-989898,-989898,-989898,538784,443761,654155,Nisgaa_20241203,20251112
Nass,Pink,2008,45000,170631,-28,55000,236273,-56.9,-989898,-989898,-989898,389712,329908,460357,-989898,-989898,-989898,538766,444217,653440,Nisgaa_20241203,20251112
Nass,Pink,2009,723000,180375,-23.9,912000,223964,-59.2,-989898,-989898,-989898,399359,336762,473593,-989898,-989898,-989898,538748,443731,654112,Nisgaa_20241203,20251112
Nass,Pink,2010,180000,360749,52.3,203000,430274,-21.6,-989898,-989898,-989898,409246,343728,487252,-989898,-989898,-989898,538730,442321,656153,Nisgaa_20241203,20251112
Nass,Pink,2011,116000,144499,-39,180000,191154,-65.2,-989898,-989898,-989898,419377,350809,501347,-989898,-989898,-989898,538712,440039,659513,Nisgaa_20241203,20251112
Nass,Pink,2012,231000,163695,-30.9,302000,233152,-57.5,-989898,-989898,-989898,429759,358008,515889,-989898,-989898,-989898,538695,436962,664113,Nisgaa_20241203,20251112
Nass,Pink,2013,848000,442592,86.8,1116000,580545,5.8,-989898,-989898,-989898,440397,365330,530890,-989898,-989898,-989898,538677,433183,669861,Nisgaa_20241203,20251112
Nass,Pink,2014,347000,542454,129,461000,717270,30.7,-989898,-989898,-989898,451300,372776,546365,-989898,-989898,-989898,538659,428804,676657,Nisgaa_20241203,20251112
Nass,Pink,2015,354000,350483,47.9,457000,458996,-16.4,-989898,-989898,-989898,462472,380350,562325,-989898,-989898,-989898,538641,423921,684405,Nisgaa_20241203,20251112
Nass,Pink,2016,294000,322608,36.2,387000,420546,-23.4,-989898,-989898,-989898,473921,388055,578786,-989898,-989898,-989898,538623,418627,693014,Nisgaa_20241203,20251112
Nass,Pink,2017,840000,496951,109.8,964000,610793,11.3,-989898,-989898,-989898,485653,395894,595761,-989898,-989898,-989898,538605,413004,702402,Nisgaa_20241203,20251112
Nass,Pink,2018,223000,432805,82.7,266000,506383,-7.7,-989898,-989898,-989898,497675,403872,613265,-989898,-989898,-989898,538587,407123,712501,Nisgaa_20241203,20251112
Nass,Pink,2019,160000,188892,-20.3,190000,224811,-59,214157,154140,297544,509995,411990,631314,245836,180614,334610,538569,401045,723251,Nisgaa_20241203,20251112
Nass,Pink,2020,736000,343162,44.9,776000,383979,-30,316275,247083,404843,522620,420253,649924,361971,287179,456243,538551,394822,734602,Nisgaa_20241203,20251112
Nass,Pink,2021,547000,634501,167.8,639000,704176,28.3,467086,384995,566681,535558,428663,669110,532970,444638,638851,538533,388496,746514,Nisgaa_20241203,20251112
Nass,Pink,2022,467000,505420,113.3,520000,576437,5.1,689809,568574,836894,548816,437224,688889,784751,654689,940651,538515,382104,758952,Nisgaa_20241203,20251112
Nass,Pink,2023,2242000,1023237,331.9,2528000,1146543,108.9,1018734,795865,1304014,562402,445940,709280,1155475,916725,1456405,538497,375674,771891,Nisgaa_20241203,20251112
Nass,Pink,2024,1103000,1572554,563.8,1312000,1821191,231.9,1504502,1082867,2090309,576325,454814,730300,1701333,1249959,2315704,538479,369231,785308,Nisgaa_20241203,20251112
Nass,Sockeye,1982,350008,350008,33.9,920757,920757,38,-989898,-989898,-989898,251408,225634,280127,-989898,-989898,-989898,926464,787990,1089272,English_20230930,20251112
Nass,Sockeye,1983,209432,270745,3.6,615371,752733,12.8,-989898,-989898,-989898,251599,226663,279278,-989898,-989898,-989898,912403,780449,1066667,English_20230930,20251112
Nass,Sockeye,1984,201970,245548,-6,543032,675102,1.2,-989898,-989898,-989898,251790,227686,278447,-989898,-989898,-989898,898556,772919,1044614,English_20230930,20251112
Nass,Sockeye,1985,407042,278620,6.6,841303,713288,6.9,-989898,-989898,-989898,251981,228699,277634,-989898,-989898,-989898,884918,765396,1023105,English_20230930,20251112
Nass,Sockeye,1986,213695,264222,1.1,658881,702059,5.2,-989898,-989898,-989898,252173,229702,276842,-989898,-989898,-989898,871488,757871,1002138,English_20230930,20251112
Nass,Sockeye,1987,210166,238597,-8.7,562867,636247,-4.6,-989898,-989898,-989898,252364,230693,276072,-989898,-989898,-989898,858261,750337,981708,English_20230930,20251112
Nass,Sockeye,1988,155793,224888,-13.9,401140,584060,-12.5,-989898,-989898,-989898,252556,231668,275327,-989898,-989898,-989898,845236,742788,961814,English_20230930,20251112
Nass,Sockeye,1989,127418,205095,-21.5,586686,593162,-11.1,-989898,-989898,-989898,252748,232626,274610,-989898,-989898,-989898,832407,735212,942453,English_20230930,20251112
Nass,Sockeye,1990,177461,173719,-33.5,459623,525610,-21.2,-989898,-989898,-989898,252940,233564,273923,-989898,-989898,-989898,819774,727599,923626,English_20230930,20251112
Nass,Sockeye,1991,308716,186982,-28.5,958994,566585,-15.1,-989898,-989898,-989898,253132,234478,273269,-989898,-989898,-989898,807332,719939,905335,English_20230930,20251112
Nass,Sockeye,1992,672844,235978,-9.7,1960084,727175,9,-989898,-989898,-989898,253324,235364,272654,-989898,-989898,-989898,795080,712217,887583,English_20230930,20251112
Nass,Sockeye,1993,538263,302385,15.7,2150584,1017398,52.5,-989898,-989898,-989898,253516,236219,272081,-989898,-989898,-989898,783013,704420,870374,English_20230930,20251112
Nass,Sockeye,1994,310044,361243,38.2,837138,1092368,63.7,-989898,-989898,-989898,253709,237036,271555,-989898,-989898,-989898,771129,696533,853714,English_20230930,20251112
Nass,Sockeye,1995,264689,391314,49.7,1168730,1316533,97.3,-989898,-989898,-989898,253902,237811,271081,-989898,-989898,-989898,759426,688538,837611,English_20230930,20251112
Nass,Sockeye,1996,217909,364980,39.7,1054397,1341743,101.1,-989898,-989898,-989898,254095,238538,270666,-989898,-989898,-989898,747900,680419,822073,English_20230930,20251112
Nass,Sockeye,1997,250460,299525,14.6,994761,1171543,75.6,-989898,-989898,-989898,254288,239210,270315,-989898,-989898,-989898,736549,672158,807108,English_20230930,20251112
Nass,Sockeye,1998,266463,260233,-0.4,711783,939110,40.7,-989898,-989898,-989898,254481,239822,270035,-989898,-989898,-989898,725370,663738,792726,English_20230930,20251112
Nass,Sockeye,1999,210959,240944,-7.8,842807,940378,40.9,-989898,-989898,-989898,254674,240367,269832,-989898,-989898,-989898,714361,655144,778931,English_20230930,20251112
Nass,Sockeye,2000,204408,228807,-12.5,625983,829989,24.4,-989898,-989898,-989898,254867,240839,269713,-989898,-989898,-989898,703520,646364,765730,English_20230930,20251112
Nass,Sockeye,2001,167258,217016,-17,583885,737457,10.5,-989898,-989898,-989898,255061,241233,269681,-989898,-989898,-989898,692842,637388,753121,English_20230930,20251112
Nass,Sockeye,2002,405474,238966,-8.6,1403976,790069,18.4,-989898,-989898,-989898,255255,241545,269743,-989898,-989898,-989898,682327,628214,741101,English_20230930,20251112
Nass,Sockeye,2003,263688,238466,-8.8,1177472,873747,30.9,-989898,-989898,-989898,255449,241771,269899,-989898,-989898,-989898,671971,618845,729659,English_20230930,20251112
Nass,Sockeye,2004,215860,239564,-8.3,986097,901621,35.1,-989898,-989898,-989898,255643,241912,270153,-989898,-989898,-989898,661773,609290,718776,English_20230930,20251112
Nass,Sockeye,2005,224562,244112,-6.6,666882,913106,36.8,-989898,-989898,-989898,255837,241967,270502,-989898,-989898,-989898,651729,599566,708431,English_20230930,20251112
Nass,Sockeye,2006,250641,264681,1.3,775110,966337,44.8,-989898,-989898,-989898,256031,241939,270944,-989898,-989898,-989898,641838,589693,698594,English_20230930,20251112
Nass,Sockeye,2007,164745,221051,-15.4,602208,815842,22.3,-989898,-989898,-989898,256226,241832,271476,-989898,-989898,-989898,632097,579699,689231,English_20230930,20251112
Nass,Sockeye,2008,218376,212871,-18.5,380396,650823,-2.5,-989898,-989898,-989898,256420,241650,272093,-989898,-989898,-989898,622504,569612,680307,English_20230930,20251112
Nass,Sockeye,2009,244900,218313,-16.5,575336,584337,-12.4,-989898,-989898,-989898,256615,241400,272789,-989898,-989898,-989898,613056,559461,671785,English_20230930,20251112
Nass,Sockeye,2010,229010,219171,-16.1,438941,537446,-19.5,214496,195682,235119,256810,241087,273558,530041,465633,603358,603752,549277,663629,English_20230930,20251112
Nass,Sockeye,2011,276700,223550,-14.5,556711,503023,-24.6,220520,203055,239487,257005,240717,274394,522388,464965,586903,594588,539087,655803,English_20230930,20251112
Nass,Sockeye,2012,203030,233090,-10.8,476821,480076,-28.1,226712,210595,244063,257200,240297,275291,514846,463957,571316,585564,528919,648276,English_20230930,20251112
Nass,Sockeye,2013,210120,231300,-11.5,501424,507345,-24,233078,218256,248907,257395,239833,276244,507413,462475,556717,576677,518795,641017,English_20230930,20251112
Nass,Sockeye,2014,260102,234103,-10.4,549423,502690,-24.7,239624,225963,254110,257591,239329,277246,500087,460328,543280,567925,508736,634000,English_20230930,20251112
Nass,Sockeye,2015,389508,260339,-0.4,868749,576233,-13.6,246352,233605,259795,257786,238790,278294,492867,457261,531245,559306,498761,627200,English_20230930,20251112
Nass,Sockeye,2016,276417,260286,-0.4,442420,550350,-17.5,253270,241041,266120,257982,238221,279383,485751,452981,520891,550817,488884,620597,English_20230930,20251112
Nass,Sockeye,2017,226765,266105,1.8,368660,522749,-21.7,260382,248126,273244,258178,237625,280510,478738,447245,512448,542457,479118,614171,English_20230930,20251112
Nass,Sockeye,2018,223871,269501,3.1,315975,476632,-28.6,267694,254769,281276,258374,237005,281670,471826,439996,505959,534225,469473,607907,English_20230930,20251112
Nass,Sockeye,2019,243662,266004,1.8,377745,442223,-33.7,275212,260971,290229,258571,236366,282861,465014,431421,501223,526117,459959,601790,English_20230930,20251112
Nass,Sockeye,2020,215464,236298,-9.6,295163,356348,-46.6,282940,266810,300045,258767,235709,284081,458300,421864,497883,518132,450582,595808,English_20230930,20251112
Nass,Sockeye,2021,348825,247553,-5.3,502536,365545,-45.2,290885,272386,310640,258963,235036,285327,451683,411681,495572,510268,441348,589951,English_20230930,20251112
Nass,Sockeye,2022,444663,283243,8.4,623024,405992,-39.2,299053,277794,321940,259160,234350,286597,445162,401161,493989,502524,432261,584208,English_20230930,20251112
Nass,Sockeye,2023,504000,333155,27.5,696000,475454,-28.7,307451,283101,333895,259357,233652,287889,438735,390507,492918,494897,423324,578572,Nisgaa_20241203,20251112
Nass,Sockeye,2024,526000,388585,48.7,760000,546804,-18.1,316085,288361,346475,259554,232945,289203,432400,379857,492212,487386,414539,573035,Nisgaa_20241203,20251112
Nass,Steelhead,1992,5000,5000,-56,9000,9000,-49.5,-989898,-989898,-989898,7506,6142,9173,-989898,-989898,-989898,15587,12838,18925,Nisgaa_20241203,20251112
Nass,Steelhead,1993,9000,6708,-40.9,17000,12369,-30.6,-989898,-989898,-989898,7677,6339,9296,-989898,-989898,-989898,15684,13033,18875,Nisgaa_20241203,20251112
Nass,Steelhead,1994,7000,6804,-40.1,13000,12576,-29.5,-989898,-989898,-989898,7851,6542,9422,-989898,-989898,-989898,15781,13228,18827,Nisgaa_20241203,20251112
Nass,Steelhead,1995,3000,5544,-51.2,6000,10452,-41.4,-989898,-989898,-989898,8029,6750,9552,-989898,-989898,-989898,15879,13424,18783,Nisgaa_20241203,20251112
Nass,Steelhead,1996,12000,6470,-43,28000,12729,-28.6,-989898,-989898,-989898,8212,6962,9685,-989898,-989898,-989898,15978,13620,18744,Nisgaa_20241203,20251112
Nass,Steelhead,1997,12000,7708,-32.1,22000,15220,-14.6,-989898,-989898,-989898,8398,7180,9823,-989898,-989898,-989898,16077,13815,18709,Nisgaa_20241203,20251112
Nass,Steelhead,1998,12000,8165,-28.1,31000,17164,-3.7,-989898,-989898,-989898,8589,7402,9967,-989898,-989898,-989898,16177,14008,18681,Nisgaa_20241203,20251112
Nass,Steelhead,1999,11000,8937,-21.3,23000,19238,7.9,-989898,-989898,-989898,8784,7628,10116,-989898,-989898,-989898,16277,14199,18659,Nisgaa_20241203,20251112
Nass,Steelhead,2000,15000,12331,8.6,21000,24716,38.6,-989898,-989898,-989898,8984,7857,10272,-989898,-989898,-989898,16378,14387,18645,Nisgaa_20241203,20251112
Nass,Steelhead,2001,13000,12530,10.3,27000,24537,37.6,-989898,-989898,-989898,9188,8090,10436,-989898,-989898,-989898,16480,14570,18640,Nisgaa_20241203,20251112
Nass,Steelhead,2002,18000,13589,19.6,22000,24537,37.6,-989898,-989898,-989898,9397,8324,10608,-989898,-989898,-989898,16582,14747,18646,Nisgaa_20241203,20251112
Nass,Steelhead,2003,17000,14569,28.3,25000,23504,31.8,-989898,-989898,-989898,9610,8559,10791,-989898,-989898,-989898,16685,14916,18664,Nisgaa_20241203,20251112
Nass,Steelhead,2004,5000,12444,9.6,11000,20280,13.7,-989898,-989898,-989898,9829,8794,10985,-989898,-989898,-989898,16788,15075,18696,Nisgaa_20241203,20251112
Nass,Steelhead,2005,8000,10974,-3.4,12000,18133,1.7,-989898,-989898,-989898,10052,9027,11193,-989898,-989898,-989898,16893,15223,18745,Nisgaa_20241203,20251112
Nass,Steelhead,2006,5000,9065,-20.2,7000,13842,-22.4,-989898,-989898,-989898,10280,9257,11416,-989898,-989898,-989898,16997,15358,18811,Nisgaa_20241203,20251112
Nass,Steelhead,2007,6000,7277,-35.9,22000,13842,-22.4,-989898,-989898,-989898,10514,9483,11656,-989898,-989898,-989898,17103,15479,18898,Nisgaa_20241203,20251112
Nass,Steelhead,2008,14000,6999,-38.4,18000,12962,-27.3,-989898,-989898,-989898,10753,9704,11914,-989898,-989898,-989898,17209,15583,19004,Nisgaa_20241203,20251112
Nass,Steelhead,2009,27000,9807,-13.7,47000,17331,-2.8,-989898,-989898,-989898,10997,9919,12192,-989898,-989898,-989898,17316,15671,19133,Nisgaa_20241203,20251112
Nass,Steelhead,2010,20000,11780,3.7,25000,20071,12.6,17694,14640,21386,11247,10128,12490,26109,22470,30336,17423,15743,19283,Nisgaa_20241203,20251112
Nass,Steelhead,2011,23000,15984,40.7,30000,26852,50.6,17077,14403,20248,11502,10329,12808,24886,21746,28480,17531,15799,19454,Nisgaa_20241203,20251112
Nass,Steelhead,2012,14000,18935,66.7,16000,25195,41.3,16482,14155,19192,11764,10525,13148,23721,21027,26760,17640,15840,19645,Nisgaa_20241203,20251112
Nass,Steelhead,2013,8000,16930,49.1,11000,22832,28,15908,13890,18219,12031,10715,13509,22611,20308,25175,17750,15867,19855,Nisgaa_20241203,20251112
Nass,Steelhead,2014,20000,15944,40.4,26000,20282,13.7,15354,13601,17331,12304,10899,13890,21552,19580,23723,17860,15883,20083,Nisgaa_20241203,20251112
Nass,Steelhead,2015,16000,15248,34.2,24000,20117,12.8,14819,13279,16536,12584,11079,14292,20543,18834,22407,17971,15888,20326,Nisgaa_20241203,20251112
Nass,Steelhead,2016,25000,15505,36.5,34000,20627,15.7,14302,12913,15840,12870,11256,14715,19582,18060,21232,18082,15884,20585,Nisgaa_20241203,20251112
Nass,Steelhead,2017,10000,14496,27.6,11000,19138,7.3,13804,12496,15248,13162,11429,15157,18665,17250,20196,18194,15872,20857,Nisgaa_20241203,20251112
Nass,Steelhead,2018,30000,18882,66.2,35000,24123,35.3,13323,12029,14756,13461,11600,15620,17791,16408,19290,18307,15853,21141,Nisgaa_20241203,20251112
Nass,Steelhead,2019,12000,17048,50.1,16000,21890,22.8,12858,11523,14349,13767,11770,16103,16958,15547,18497,18421,15829,21437,Nisgaa_20241203,20251112
Nass,Steelhead,2020,4000,12920,13.8,5000,15996,-10.3,12410,10994,14009,14080,11938,16606,16164,14685,17792,18535,15800,21744,Nisgaa_20241203,20251112
Nass,Steelhead,2021,6000,9712,-14.5,9000,12262,-31.2,11978,10459,13718,14399,12105,17129,15408,13838,17155,18650,15767,22061,Nisgaa_20241203,20251112
Nass,Steelhead,2022,11000,9899,-12.8,15000,13047,-26.8,11560,9928,13461,14727,12271,17673,14686,13018,16568,18766,15730,22388,Nisgaa_20241203,20251112
Nass,Steelhead,2023,27000,9692,-14.7,35000,13047,-26.8,11158,9410,13229,15061,12437,18238,13999,12232,16020,18882,15690,22724,Nisgaa_20241203,20251112
Nass,Steelhead,2024,13000,9849,-13.3,17000,13206,-25.9,10769,8910,13016,15403,12604,18825,13343,11484,15504,18999,15648,23069,Nisgaa_20241203,20251112
Northern Transboundary,Chinook,1976,35587,35587,-36.1,37578,37578,-45.1,-989898,-989898,-989898,76279,60809,95683,-989898,-989898,-989898,86193,67558,109967,PSC_20250416,20251112
Northern Transboundary,Chinook,1977,53648,43694,-21.6,59659,47349,-30.9,-989898,-989898,-989898,75313,60460,93816,-989898,-989898,-989898,85404,67443,108147,PSC_20250416,20251112
Northern Transboundary,Chinook,1978,35993,40959,-26.5,41794,45419,-33.7,-989898,-989898,-989898,74360,60107,91993,-989898,-989898,-989898,84622,67323,106367,PSC_20250416,20251112
Northern Transboundary,Chinook,1979,51581,43390,-22.1,63330,49355,-27.9,-989898,-989898,-989898,73419,59751,90213,-989898,-989898,-989898,83848,67196,104626,PSC_20250416,20251112
Northern Transboundary,Chinook,1980,80530,49102,-11.8,96907,56486,-17.5,-989898,-989898,-989898,72490,59391,88477,-989898,-989898,-989898,83080,67062,102925,PSC_20250416,20251112
Northern Transboundary,Chinook,1981,94203,59656,7.1,105894,69490,1.5,-989898,-989898,-989898,71572,59027,86783,-989898,-989898,-989898,82320,66920,101264,PSC_20250416,20251112
Northern Transboundary,Chinook,1982,73920,63606,14.2,86430,74838,9.3,-989898,-989898,-989898,70666,58658,85133,-989898,-989898,-989898,81567,66770,99643,PSC_20250416,20251112
Northern Transboundary,Chinook,1983,26562,59856,7.5,32176,71024,3.7,-989898,-989898,-989898,69772,58283,83525,-989898,-989898,-989898,80820,66610,98062,PSC_20250416,20251112
Northern Transboundary,Chinook,1984,41986,57442,3.1,49262,67544,-1.4,-989898,-989898,-989898,68889,57902,81960,-989898,-989898,-989898,80080,66440,96521,PSC_20250416,20251112
Northern Transboundary,Chinook,1985,58040,53800,-3.4,68486,63014,-8,-989898,-989898,-989898,68017,57514,80438,-989898,-989898,-989898,79347,66259,95022,PSC_20250416,20251112
Northern Transboundary,Chinook,1986,64069,49808,-10.6,75248,58852,-14.1,-989898,-989898,-989898,67156,57117,78959,-989898,-989898,-989898,78621,66064,93565,PSC_20250416,20251112
Northern Transboundary,Chinook,1987,64843,48520,-12.9,75044,57213,-16.5,-989898,-989898,-989898,66306,56712,77523,-989898,-989898,-989898,77902,65856,92151,PSC_20250416,20251112
Northern Transboundary,Chinook,1988,90930,62060,11.4,101041,71926,5,-989898,-989898,-989898,65467,56297,76130,-989898,-989898,-989898,77189,65632,90780,PSC_20250416,20251112
Northern Transboundary,Chinook,1989,74789,69656,25.1,87738,80727,17.9,-989898,-989898,-989898,64638,55870,74782,-989898,-989898,-989898,76482,65391,89455,PSC_20250416,20251112
Northern Transboundary,Chinook,1990,83536,74918,34.5,99010,86903,26.9,-989898,-989898,-989898,63820,55431,73478,-989898,-989898,-989898,75782,65131,88175,PSC_20250416,20251112
Northern Transboundary,Chinook,1991,86518,79557,42.8,102119,92376,34.9,-989898,-989898,-989898,63012,54978,72220,-989898,-989898,-989898,75089,64851,86943,PSC_20250416,20251112
Northern Transboundary,Chinook,1992,95791,86014,54.4,109070,99549,45.4,-989898,-989898,-989898,62215,54510,71008,-989898,-989898,-989898,74402,64547,85761,PSC_20250416,20251112
Northern Transboundary,Chinook,1993,139004,93634,68.1,158824,108973,59.1,-989898,-989898,-989898,61427,54026,69842,-989898,-989898,-989898,73721,64219,84628,PSC_20250416,20251112
Northern Transboundary,Chinook,1994,97432,98720,77.2,112520,114532,67.2,-989898,-989898,-989898,60650,53524,68724,-989898,-989898,-989898,73046,63864,83548,PSC_20250416,20251112
Northern Transboundary,Chinook,1995,75361,96708,73.6,85643,111258,62.5,-989898,-989898,-989898,59882,53002,67655,-989898,-989898,-989898,72378,63480,82522,PSC_20250416,20251112
Northern Transboundary,Chinook,1996,123890,103908,86.5,141008,118675,73.3,-989898,-989898,-989898,59124,52460,66634,-989898,-989898,-989898,71715,63066,81550,PSC_20250416,20251112
Northern Transboundary,Chinook,1997,154428,114321,105.2,177384,130798,91,-989898,-989898,-989898,58376,51898,65662,-989898,-989898,-989898,71059,62620,80634,PSC_20250416,20251112
Northern Transboundary,Chinook,1998,63840,97845,75.7,72104,111688,63.1,-989898,-989898,-989898,57637,51313,64739,-989898,-989898,-989898,70408,62142,79775,PSC_20250416,20251112
Northern Transboundary,Chinook,1999,51348,86081,54.5,64429,99903,45.9,-989898,-989898,-989898,56907,50707,63865,-989898,-989898,-989898,69764,61630,78972,PSC_20250416,20251112
Northern Transboundary,Chinook,2000,70433,84924,52.5,82683,99202,44.9,-989898,-989898,-989898,56187,50080,63039,-989898,-989898,-989898,69126,61085,78225,PSC_20250416,20251112
Northern Transboundary,Chinook,2001,116772,83925,50.7,130600,97693,42.7,-989898,-989898,-989898,55476,49432,62259,-989898,-989898,-989898,68493,60507,77533,PSC_20250416,20251112
Northern Transboundary,Chinook,2002,111488,78631,41.2,128776,91632,33.8,-989898,-989898,-989898,54774,48764,61524,-989898,-989898,-989898,67866,59898,76894,PSC_20250416,20251112
Northern Transboundary,Chinook,2003,89163,84064,50.9,104904,98767,44.2,-989898,-989898,-989898,54080,48079,60831,-989898,-989898,-989898,67245,59259,76307,PSC_20250416,20251112
Northern Transboundary,Chinook,2004,131015,101384,82,156843,118002,72.3,-989898,-989898,-989898,53396,47378,60178,-989898,-989898,-989898,66630,58594,75767,PSC_20250416,20251112
Northern Transboundary,Chinook,2005,82948,104755,88.1,149042,132760,93.9,-989898,-989898,-989898,52720,46663,59563,-989898,-989898,-989898,66020,57904,75273,PSC_20250416,20251112
Northern Transboundary,Chinook,2006,68917,94270,69.2,119488,130420,90.4,-989898,-989898,-989898,52053,45937,58983,-989898,-989898,-989898,65416,57193,74821,PSC_20250416,20251112
Northern Transboundary,Chinook,2007,32136,73507,32,67421,114587,67.3,-989898,-989898,-989898,51394,45202,58435,-989898,-989898,-989898,64817,56463,74407,PSC_20250416,20251112
Northern Transboundary,Chinook,2008,46882,64638,16,73057,106588,55.6,-989898,-989898,-989898,50743,44460,57915,-989898,-989898,-989898,64224,55717,74029,PSC_20250416,20251112
Northern Transboundary,Chinook,2009,41972,51478,-7.6,68678,90361,31.9,-989898,-989898,-989898,50101,43714,57422,-989898,-989898,-989898,63636,54959,73682,PSC_20250416,20251112
Northern Transboundary,Chinook,2010,53443,47145,-15.4,73315,78407,14.5,48331,42485,54981,49467,42965,56953,77921,68640,88455,63054,54192,73365,PSC_20250416,20251112
Northern Transboundary,Chinook,2011,41033,42501,-23.7,59386,68176,-0.4,46001,40969,51653,48841,42216,56506,71922,64175,80605,62477,53417,73073,PSC_20250416,20251112
Northern Transboundary,Chinook,2012,42072,44854,-19.5,63032,67264,-1.8,43784,39477,48562,48223,41468,56078,66386,59956,73505,61905,52637,72805,PSC_20250416,20251112
Northern Transboundary,Chinook,2013,39778,43403,-22.1,51640,62755,-8.4,41674,38001,45703,47612,40723,55667,61276,55959,67097,61338,51854,72557,PSC_20250416,20251112
Northern Transboundary,Chinook,2014,51263,45174,-18.9,64791,62028,-9.4,39666,36527,43074,47010,39983,55272,56559,52154,61336,60777,51070,72329,PSC_20250416,20251112
Northern Transboundary,Chinook,2015,50861,44729,-19.7,63617,60293,-12,37754,35040,40679,46415,39247,54891,52205,48511,56180,60221,50287,72117,PSC_20250416,20251112
Northern Transboundary,Chinook,2016,22245,39574,-29,32497,53444,-22,35935,33522,38521,45827,38518,54523,48186,45002,51596,59669,49506,71920,PSC_20250416,20251112
Northern Transboundary,Chinook,2017,17290,33126,-40.5,22603,43533,-36.4,34203,31964,36599,45247,37797,54166,44477,41611,47540,59123,48728,71736,PSC_20250416,20251112
Northern Transboundary,Chinook,2018,20222,28934,-48.1,22368,36825,-46.2,32554,30369,34897,44675,37083,53820,41053,38340,43958,58582,47955,71565,PSC_20250416,20251112
Northern Transboundary,Chinook,2019,31694,26281,-52.8,33904,32351,-52.8,30985,28758,33386,44109,36378,53484,37893,35211,40778,58046,47187,71404,PSC_20250416,20251112
Northern Transboundary,Chinook,2020,30676,23753,-57.4,33042,28378,-58.6,29492,27159,32026,43551,35682,53156,34976,32252,37930,57515,46425,71253,PSC_20250416,20251112
Northern Transboundary,Chinook,2021,25279,24369,-56.3,27698,27486,-59.9,28071,25597,30784,43000,34995,52836,32283,29482,35351,56989,45671,71111,PSC_20250416,20251112
Northern Transboundary,Chinook,2022,25163,26268,-52.8,28070,28703,-58.1,26718,24089,29633,42455,34318,52523,29798,26912,32994,56467,44923,70977,PSC_20250416,20251112
Northern Transboundary,Chinook,2023,31414,28687,-48.5,34069,31223,-54.4,25430,22648,28554,41918,33651,52216,27504,24542,30825,55950,44184,70850,PSC_20250416,20251112
Northern Transboundary,Chinook,2024,39124,29921,-46.3,39841,32247,-52.9,24205,21277,27535,41387,32994,51916,25387,22364,28820,55438,43453,70729,Foos_20250415,20251112
Northern Transboundary,Chum,1984,316,316,37.3,-989898,-989898,-989898,-989898,-989898,-989898,720,573,904,-989898,-989898,-989898,-989898,-989898,-989898,Foos_20250415,20251112
Northern Transboundary,Chum,1985,1376,659,186.6,-989898,-989898,-989898,-989898,-989898,-989898,682,548,850,-989898,-989898,-989898,-989898,-989898,-989898,Foos_20250415,20251112
Northern Transboundary,Chum,1986,80,326,41.9,-989898,-989898,-989898,-989898,-989898,-989898,647,524,799,-989898,-989898,-989898,-989898,-989898,-989898,Foos_20250415,20251112
Northern Transboundary,Chum,1987,1533,481,108.8,-989898,-989898,-989898,-989898,-989898,-989898,613,501,751,-989898,-989898,-989898,-989898,-989898,-989898,Foos_20250415,20251112
Northern Transboundary,Chum,1988,1089,655,184.5,-989898,-989898,-989898,-989898,-989898,-989898,581,478,707,-989898,-989898,-989898,-989898,-989898,-989898,Foos_20250415,20251112
Northern Transboundary,Chum,1989,645,542,135.4,-989898,-989898,-989898,-989898,-989898,-989898,551,457,665,-989898,-989898,-989898,-989898,-989898,-989898,Foos_20250415,20251112
Northern Transboundary,Chum,1990,748,947,311.7,-989898,-989898,-989898,-989898,-989898,-989898,523,437,626,-989898,-989898,-989898,-989898,-989898,-989898,Foos_20250415,20251112
Northern Transboundary,Chum,1991,1063,864,275.7,-989898,-989898,-989898,-989898,-989898,-989898,496,417,589,-989898,-989898,-989898,-989898,-989898,-989898,Foos_20250415,20251112
Northern Transboundary,Chum,1992,189,558,142.5,-989898,-989898,-989898,-989898,-989898,-989898,470,398,554,-989898,-989898,-989898,-989898,-989898,-989898,Foos_20250415,20251112
Northern Transboundary,Chum,1993,345,477,107.4,-989898,-989898,-989898,-989898,-989898,-989898,445,380,522,-989898,-989898,-989898,-989898,-989898,-989898,Foos_20250415,20251112
Northern Transboundary,Chum,1994,367,399,73.6,-989898,-989898,-989898,-989898,-989898,-989898,422,363,492,-989898,-989898,-989898,-989898,-989898,-989898,Foos_20250415,20251112
Northern Transboundary,Chum,1995,218,269,16.8,-989898,-989898,-989898,-989898,-989898,-989898,400,346,463,-989898,-989898,-989898,-989898,-989898,-989898,Foos_20250415,20251112
Northern Transboundary,Chum,1996,388,322,39.8,-989898,-989898,-989898,-989898,-989898,-989898,380,330,437,-989898,-989898,-989898,-989898,-989898,-989898,Foos_20250415,20251112
Northern Transboundary,Chum,1997,485,350,52.2,-989898,-989898,-989898,-989898,-989898,-989898,360,315,412,-989898,-989898,-989898,-989898,-989898,-989898,Foos_20250415,20251112
Northern Transboundary,Chum,1998,179,293,27.2,-989898,-989898,-989898,-989898,-989898,-989898,341,300,389,-989898,-989898,-989898,-989898,-989898,-989898,Foos_20250415,20251112
Northern Transboundary,Chum,1999,164,273,18.5,-989898,-989898,-989898,-989898,-989898,-989898,324,285,367,-989898,-989898,-989898,-989898,-989898,-989898,Foos_20250415,20251112
Northern Transboundary,Chum,2000,423,279,21.1,-989898,-989898,-989898,-989898,-989898,-989898,307,271,347,-989898,-989898,-989898,-989898,-989898,-989898,Foos_20250415,20251112
Northern Transboundary,Chum,2001,250,236,2.6,-989898,-989898,-989898,-989898,-989898,-989898,291,258,328,-989898,-989898,-989898,-989898,-989898,-989898,Foos_20250415,20251112
Northern Transboundary,Chum,2002,205,244,6.1,-989898,-989898,-989898,-989898,-989898,-989898,276,245,310,-989898,-989898,-989898,-989898,-989898,-989898,Foos_20250415,20251112
Northern Transboundary,Chum,2003,268,276,20,-989898,-989898,-989898,-989898,-989898,-989898,262,233,294,-989898,-989898,-989898,-989898,-989898,-989898,Foos_20250415,20251112
Northern Transboundary,Chum,2004,414,275,19.3,-989898,-989898,-989898,-989898,-989898,-989898,248,221,278,-989898,-989898,-989898,-989898,-989898,-989898,Foos_20250415,20251112
Northern Transboundary,Chum,2005,258,277,20.3,-989898,-989898,-989898,-989898,-989898,-989898,235,209,264,-989898,-989898,-989898,-989898,-989898,-989898,Foos_20250415,20251112
Northern Transboundary,Chum,2006,466,340,47.7,-989898,-989898,-989898,-989898,-989898,-989898,223,198,251,-989898,-989898,-989898,-989898,-989898,-989898,Foos_20250415,20251112
Northern Transboundary,Chum,2007,482,394,71,-989898,-989898,-989898,-989898,-989898,-989898,211,187,238,-989898,-989898,-989898,-989898,-989898,-989898,Foos_20250415,20251112
Northern Transboundary,Chum,2008,350,377,64,-989898,-989898,-989898,-989898,-989898,-989898,200,177,226,-989898,-989898,-989898,-989898,-989898,-989898,Foos_20250415,20251112
Northern Transboundary,Chum,2009,231,367,59.5,-989898,-989898,-989898,-989898,-989898,-989898,190,167,215,-989898,-989898,-989898,-989898,-989898,-989898,Foos_20250415,20251112
Northern Transboundary,Chum,2010,94,246,6.9,-989898,-989898,-989898,-989898,-989898,-989898,180,158,205,-989898,-989898,-989898,-989898,-989898,-989898,Foos_20250415,20251112
Northern Transboundary,Chum,2011,177,192,-16.8,-989898,-989898,-989898,-989898,-989898,-989898,171,149,195,-989898,-989898,-989898,-989898,-989898,-989898,Foos_20250415,20251112
Northern Transboundary,Chum,2012,232,173,-24.9,-989898,-989898,-989898,-989898,-989898,-989898,162,141,186,-989898,-989898,-989898,-989898,-989898,-989898,Foos_20250415,20251112
Northern Transboundary,Chum,2013,269,180,-22,-989898,-989898,-989898,224,178,282,154,133,178,-989898,-989898,-989898,-989898,-989898,-989898,Foos_20250415,20251112
Northern Transboundary,Chum,2014,310,242,5.1,-989898,-989898,-989898,194,158,237,146,125,169,-989898,-989898,-989898,-989898,-989898,-989898,Foos_20250415,20251112
Northern Transboundary,Chum,2015,95,207,-10,-989898,-989898,-989898,168,141,200,138,118,162,-989898,-989898,-989898,-989898,-989898,-989898,Foos_20250415,20251112
Northern Transboundary,Chum,2016,66,151,-34.3,-989898,-989898,-989898,145,125,169,131,111,154,-989898,-989898,-989898,-989898,-989898,-989898,Foos_20250415,20251112
Northern Transboundary,Chum,2017,236,146,-36.4,-989898,-989898,-989898,126,110,144,124,104,147,-989898,-989898,-989898,-989898,-989898,-989898,Foos_20250415,20251112
Northern Transboundary,Chum,2018,32,83,-63.9,-989898,-989898,-989898,109,96,123,118,98,141,-989898,-989898,-989898,-989898,-989898,-989898,Foos_20250415,20251112
Northern Transboundary,Chum,2019,118,88,-61.9,-989898,-989898,-989898,94,83,107,112,92,134,-989898,-989898,-989898,-989898,-989898,-989898,Foos_20250415,20251112
Northern Transboundary,Chum,2020,44,79,-65.6,-989898,-989898,-989898,82,71,93,106,87,129,-989898,-989898,-989898,-989898,-989898,-989898,Foos_20250415,20251112
Northern Transboundary,Chum,2021,29,47,-79.6,-989898,-989898,-989898,71,61,82,100,82,123,-989898,-989898,-989898,-989898,-989898,-989898,Foos_20250415,20251112
Northern Transboundary,Chum,2022,150,69,-70,-989898,-989898,-989898,61,51,73,95,77,117,-989898,-989898,-989898,-989898,-989898,-989898,Foos_20250415,20251112
Northern Transboundary,Chum,2023,61,58,-74.6,-989898,-989898,-989898,53,43,65,90,72,112,-989898,-989898,-989898,-989898,-989898,-989898,Foos_20250415,20251112
Northern Transboundary,Chum,2024,34,55,-76.2,-989898,-989898,-989898,46,36,58,85,68,107,-989898,-989898,-989898,-989898,-989898,-989898,Foos_20250415,20251112
Northern Transboundary,Coho,1987,55457,55457,-30.1,-989898,-989898,-989898,-989898,-989898,-989898,69960,57883,84556,-989898,-989898,-989898,-989898,-989898,-989898,Foos_20250415,20251112
Northern Transboundary,Coho,1988,39450,46774,-41,-989898,-989898,-989898,-989898,-989898,-989898,70365,58658,84409,-989898,-989898,-989898,-989898,-989898,-989898,Foos_20250415,20251112
Northern Transboundary,Coho,1989,56808,49904,-37.1,-989898,-989898,-989898,-989898,-989898,-989898,70774,59437,84273,-989898,-989898,-989898,-989898,-989898,-989898,Foos_20250415,20251112
Northern Transboundary,Coho,1990,72196,54731,-31,-989898,-989898,-989898,-989898,-989898,-989898,71184,60218,84148,-989898,-989898,-989898,-989898,-989898,-989898,Foos_20250415,20251112
Northern Transboundary,Coho,1991,127484,64815,-18.3,-989898,-989898,-989898,-989898,-989898,-989898,71597,60999,84036,-989898,-989898,-989898,-989898,-989898,-989898,Foos_20250415,20251112
Northern Transboundary,Coho,1992,83729,70382,-11.2,164015,164015,44.6,-989898,-989898,-989898,72012,61780,83939,-989898,-989898,-989898,141836,118990,169068,Foos_20250415,20251112
Northern Transboundary,Coho,1993,119330,87821,10.8,159667,161826,42.7,-989898,-989898,-989898,72430,62558,83860,-989898,-989898,-989898,140149,118523,165720,Foos_20250415,20251112
Northern Transboundary,Coho,1994,96343,97607,23.1,212328,177161,56.2,-989898,-989898,-989898,72850,63332,83799,-989898,-989898,-989898,138482,118041,162464,Foos_20250415,20251112
Northern Transboundary,Coho,1995,55710,92676,16.9,128688,163554,44.2,-989898,-989898,-989898,73273,64098,83761,-989898,-989898,-989898,136836,117540,159299,Foos_20250415,20251112
Northern Transboundary,Coho,1996,44635,75130,-5.2,66706,136698,20.5,-989898,-989898,-989898,73698,64853,83749,-989898,-989898,-989898,135208,117017,156228,Foos_20250415,20251112
Northern Transboundary,Coho,1997,32345,62115,-21.7,41514,103854,-8.4,-989898,-989898,-989898,74125,65595,83765,-989898,-989898,-989898,133600,116468,153253,Foos_20250415,20251112
Northern Transboundary,Coho,1998,61382,54382,-31.4,83514,91229,-19.6,-989898,-989898,-989898,74555,66319,83815,-989898,-989898,-989898,132012,115890,150377,Foos_20250415,20251112
Northern Transboundary,Coho,1999,60768,49594,-37.5,75352,74157,-34.6,-989898,-989898,-989898,74988,67021,83902,-989898,-989898,-989898,130442,115277,147602,Foos_20250415,20251112
Northern Transboundary,Coho,2000,64700,51100,-35.6,81667,67710,-40.3,-989898,-989898,-989898,75423,67695,84033,-989898,-989898,-989898,128891,114623,144934,Foos_20250415,20251112
Northern Transboundary,Coho,2001,104394,60565,-23.6,119232,76050,-32.9,-989898,-989898,-989898,75860,68337,84212,-989898,-989898,-989898,127358,113923,142377,Foos_20250415,20251112
Northern Transboundary,Coho,2002,219360,88816,12,256400,109457,-3.5,-989898,-989898,-989898,76300,68941,84446,-989898,-989898,-989898,125843,113168,139938,Foos_20250415,20251112
Northern Transboundary,Coho,2003,183112,110516,39.4,211894,131860,16.3,-989898,-989898,-989898,76743,69502,84738,-989898,-989898,-989898,124347,112351,137624,Foos_20250415,20251112
Northern Transboundary,Coho,2004,129327,128537,62.1,164909,154221,36,-989898,-989898,-989898,77188,70016,85095,-989898,-989898,-989898,122868,111463,135441,Foos_20250415,20251112
Northern Transboundary,Coho,2005,135558,149030,88,165535,177629,56.6,-989898,-989898,-989898,77636,70478,85521,-989898,-989898,-989898,121407,110496,133396,Foos_20250415,20251112
Northern Transboundary,Coho,2006,122384,153845,94,170223,190738,68.2,-989898,-989898,-989898,78086,70887,86017,-989898,-989898,-989898,119963,109443,131495,Foos_20250415,20251112
Northern Transboundary,Coho,2007,74246,123876,56.2,98936,157661,39,-989898,-989898,-989898,78539,71241,86585,-989898,-989898,-989898,118537,108300,129741,Foos_20250415,20251112
Northern Transboundary,Coho,2008,95226,108691,37.1,123589,141546,24.8,-989898,-989898,-989898,78995,71541,87225,-989898,-989898,-989898,117127,107065,128134,Foos_20250415,20251112
Northern Transboundary,Coho,2009,103950,104045,31.2,156662,140101,23.5,-989898,-989898,-989898,79453,71789,87935,-989898,-989898,-989898,115734,105740,126673,Foos_20250415,20251112
Northern Transboundary,Coho,2010,126830,102669,29.5,196492,144988,27.8,94996,89012,101382,79914,71988,88712,136170,128453,144351,114358,104329,125350,Foos_20250415,20251112
Northern Transboundary,Coho,2011,70871,92043,16.1,92742,128406,13.2,92117,86884,97665,80378,72142,89553,131192,124490,138256,112998,102842,124157,Foos_20250415,20251112
Northern Transboundary,Coho,2012,70775,91165,15,96401,127741,12.6,89326,84777,94119,80844,72254,90454,126397,120609,132462,111654,101290,123080,Foos_20250415,20251112
Northern Transboundary,Coho,2013,68117,85257,7.5,103792,123358,8.8,86619,82678,90748,81313,72330,91411,121776,116795,126969,110327,99683,122107,Foos_20250415,20251112
Northern Transboundary,Coho,2014,124171,88342,11.4,171888,125667,10.8,83994,80571,87562,81784,72373,92420,117324,113028,121784,109015,98034,121225,Foos_20250415,20251112
Northern Transboundary,Coho,2015,60178,76105,-4,79919,104974,-7.4,81449,78439,84574,82259,72387,93477,113035,109282,116917,107718,96355,120421,Foos_20250415,20251112
Northern Transboundary,Coho,2016,87704,79419,0.2,111217,108859,-4,78981,76258,81800,82736,72376,94579,108903,105531,112383,106437,94655,119686,Foos_20250415,20251112
Northern Transboundary,Coho,2017,57868,76284,-3.8,78056,104358,-8,76588,74014,79250,83216,72343,95723,104922,101756,108187,105171,92944,119007,Foos_20250415,20251112
Northern Transboundary,Coho,2018,51173,72043,-9.1,85485,100386,-11.5,74267,71707,76918,83699,72291,96906,101086,97956,104317,103921,91229,118378,Foos_20250415,20251112
Northern Transboundary,Coho,2019,82759,66428,-16.2,105110,90981,-19.8,72016,69355,74780,84184,72222,98127,97391,94157,100736,102685,89517,117790,Foos_20250415,20251112
Northern Transboundary,Coho,2020,52063,64531,-18.6,61935,86459,-23.8,69834,66988,72801,84673,72139,99383,93831,90395,97397,101464,87812,117238,Foos_20250415,20251112
Northern Transboundary,Coho,2021,75526,62630,-21,98433,84373,-25.6,67718,64637,70946,85164,72044,100673,90401,86703,94256,100257,86119,116716,Foos_20250415,20251112
Northern Transboundary,Coho,2022,66034,64306,-18.9,87241,86271,-23.9,65666,62322,69189,85658,71937,101996,87096,83108,91275,99065,84442,116220,Foos_20250415,20251112
Northern Transboundary,Coho,2023,89022,71836,-9.4,115054,91552,-19.3,63676,60059,67511,86155,71820,103350,83912,79625,88430,97887,82783,115747,Foos_20250415,20251112
Northern Transboundary,Coho,2024,64996,68447,-13.7,90553,88863,-21.6,61747,57857,65898,86654,71695,104735,80845,76263,85702,96723,81143,115294,Foos_20250415,20251112
Northern Transboundary,Pink,1984,20751,20751,141,-989898,-989898,-989898,-989898,-989898,-989898,16545,12448,21990,-989898,-989898,-989898,-989898,-989898,-989898,Foos_20250415,20251112
Northern Transboundary,Pink,1985,27670,23962,178.3,-989898,-989898,-989898,-989898,-989898,-989898,16055,12207,21117,-989898,-989898,-989898,-989898,-989898,-989898,Foos_20250415,20251112
Northern Transboundary,Pink,1986,7256,14169,64.6,-989898,-989898,-989898,-989898,-989898,-989898,15580,11968,20281,-989898,-989898,-989898,-989898,-989898,-989898,Foos_20250415,20251112
Northern Transboundary,Pink,1987,42786,17620,104.7,-989898,-989898,-989898,-989898,-989898,-989898,15119,11732,19482,-989898,-989898,-989898,-989898,-989898,-989898,Foos_20250415,20251112
Northern Transboundary,Pink,1988,3982,13053,51.6,-989898,-989898,-989898,-989898,-989898,-989898,14671,11499,18719,-989898,-989898,-989898,-989898,-989898,-989898,Foos_20250415,20251112
Northern Transboundary,Pink,1989,31189,11144,29.4,-989898,-989898,-989898,-989898,-989898,-989898,14237,11268,17989,-989898,-989898,-989898,-989898,-989898,-989898,Foos_20250415,20251112
Northern Transboundary,Pink,1990,13358,20411,137.1,-989898,-989898,-989898,-989898,-989898,-989898,13816,11038,17292,-989898,-989898,-989898,-989898,-989898,-989898,Foos_20250415,20251112
Northern Transboundary,Pink,1991,23553,17738,106,-989898,-989898,-989898,-989898,-989898,-989898,13407,10811,16626,-989898,-989898,-989898,-989898,-989898,-989898,Foos_20250415,20251112
Northern Transboundary,Pink,1992,9252,14762,71.5,-989898,-989898,-989898,-989898,-989898,-989898,13010,10584,15991,-989898,-989898,-989898,-989898,-989898,-989898,Foos_20250415,20251112
Northern Transboundary,Pink,1993,1625,3877,-55,-989898,-989898,-989898,-989898,-989898,-989898,12625,10359,15386,-989898,-989898,-989898,-989898,-989898,-989898,Foos_20250415,20251112
Northern Transboundary,Pink,1994,27100,6636,-22.9,-989898,-989898,-989898,-989898,-989898,-989898,12251,10135,14810,-989898,-989898,-989898,-989898,-989898,-989898,Foos_20250415,20251112
Northern Transboundary,Pink,1995,1712,6811,-20.9,-989898,-989898,-989898,-989898,-989898,-989898,11889,9910,14262,-989898,-989898,-989898,-989898,-989898,-989898,Foos_20250415,20251112
Northern Transboundary,Pink,1996,21583,6079,-29.4,-989898,-989898,-989898,-989898,-989898,-989898,11537,9686,13741,-989898,-989898,-989898,-989898,-989898,-989898,Foos_20250415,20251112
Northern Transboundary,Pink,1997,4962,10349,20.2,-989898,-989898,-989898,-989898,-989898,-989898,11195,9461,13247,-989898,-989898,-989898,-989898,-989898,-989898,Foos_20250415,20251112
Northern Transboundary,Pink,1998,23347,10763,25,-989898,-989898,-989898,-989898,-989898,-989898,10864,9235,12780,-989898,-989898,-989898,-989898,-989898,-989898,Foos_20250415,20251112
Northern Transboundary,Pink,1999,23503,23425,172.1,-989898,-989898,-989898,-989898,-989898,-989898,10542,9008,12338,-989898,-989898,-989898,-989898,-989898,-989898,Foos_20250415,20251112
Northern Transboundary,Pink,2000,6529,12388,43.9,-989898,-989898,-989898,-989898,-989898,-989898,10230,8780,11921,-989898,-989898,-989898,-989898,-989898,-989898,Foos_20250415,20251112
Northern Transboundary,Pink,2001,9134,7722,-10.3,-989898,-989898,-989898,-989898,-989898,-989898,9927,8549,11528,-989898,-989898,-989898,-989898,-989898,-989898,Foos_20250415,20251112
Northern Transboundary,Pink,2002,5672,7198,-16.4,-989898,-989898,-989898,-989898,-989898,-989898,9634,8317,11158,-989898,-989898,-989898,-989898,-989898,-989898,Foos_20250415,20251112
Northern Transboundary,Pink,2003,15492,9374,8.9,-989898,-989898,-989898,-989898,-989898,-989898,9349,8084,10811,-989898,-989898,-989898,-989898,-989898,-989898,Foos_20250415,20251112
Northern Transboundary,Pink,2004,8464,11451,33,-989898,-989898,-989898,-989898,-989898,-989898,9072,7848,10486,-989898,-989898,-989898,-989898,-989898,-989898,Foos_20250415,20251112
Northern Transboundary,Pink,2005,15839,11578,34.5,-989898,-989898,-989898,-989898,-989898,-989898,8803,7612,10181,-989898,-989898,-989898,-989898,-989898,-989898,Foos_20250415,20251112
Northern Transboundary,Pink,2006,21725,18550,115.5,-989898,-989898,-989898,-989898,-989898,-989898,8543,7376,9895,-989898,-989898,-989898,-989898,-989898,-989898,Foos_20250415,20251112
Northern Transboundary,Pink,2007,12405,16416,90.7,-989898,-989898,-989898,-989898,-989898,-989898,8290,7139,9626,-989898,-989898,-989898,-989898,-989898,-989898,Foos_20250415,20251112
Northern Transboundary,Pink,2008,4704,7639,-11.3,-989898,-989898,-989898,-989898,-989898,-989898,8045,6904,9374,-989898,-989898,-989898,-989898,-989898,-989898,Foos_20250415,20251112
Northern Transboundary,Pink,2009,9234,6591,-23.4,-989898,-989898,-989898,-989898,-989898,-989898,7806,6670,9136,-989898,-989898,-989898,-989898,-989898,-989898,Foos_20250415,20251112
Northern Transboundary,Pink,2010,8868,9049,5.1,-989898,-989898,-989898,-989898,-989898,-989898,7575,6440,8911,-989898,-989898,-989898,-989898,-989898,-989898,Foos_20250415,20251112
Northern Transboundary,Pink,2011,17775,12555,45.8,-989898,-989898,-989898,-989898,-989898,-989898,7351,6212,8699,-989898,-989898,-989898,-989898,-989898,-989898,Foos_20250415,20251112
Northern Transboundary,Pink,2012,5826,10176,18.2,-989898,-989898,-989898,-989898,-989898,-989898,7134,5989,8497,-989898,-989898,-989898,-989898,-989898,-989898,Foos_20250415,20251112
Northern Transboundary,Pink,2013,4666,5214,-39.4,-989898,-989898,-989898,-989898,-989898,-989898,6922,5771,8304,-989898,-989898,-989898,-989898,-989898,-989898,Foos_20250415,20251112
Northern Transboundary,Pink,2014,2436,3371,-60.8,-989898,-989898,-989898,-989898,-989898,-989898,6718,5557,8121,-989898,-989898,-989898,-989898,-989898,-989898,Foos_20250415,20251112
Northern Transboundary,Pink,2015,24246,7685,-10.7,-989898,-989898,-989898,-989898,-989898,-989898,6519,5349,7945,-989898,-989898,-989898,-989898,-989898,-989898,Foos_20250415,20251112
Northern Transboundary,Pink,2016,1369,5761,-33.1,-989898,-989898,-989898,-989898,-989898,-989898,6326,5146,7775,-989898,-989898,-989898,-989898,-989898,-989898,Foos_20250415,20251112
Northern Transboundary,Pink,2017,18520,5035,-41.5,-989898,-989898,-989898,-989898,-989898,-989898,6139,4950,7613,-989898,-989898,-989898,-989898,-989898,-989898,Foos_20250415,20251112
Northern Transboundary,Pink,2018,1604,5450,-36.7,-989898,-989898,-989898,-989898,-989898,-989898,5957,4759,7456,-989898,-989898,-989898,-989898,-989898,-989898,Foos_20250415,20251112
Northern Transboundary,Pink,2019,16971,5217,-39.4,-989898,-989898,-989898,10369,4327,24850,5781,4575,7304,-989898,-989898,-989898,-989898,-989898,-989898,Foos_20250415,20251112
Northern Transboundary,Pink,2020,4739,8968,4.2,-989898,-989898,-989898,7904,4101,15235,5610,4397,7157,-989898,-989898,-989898,-989898,-989898,-989898,Foos_20250415,20251112
Northern Transboundary,Pink,2021,26950,11301,31.3,-989898,-989898,-989898,6026,3605,10072,5443,4224,7015,-989898,-989898,-989898,-989898,-989898,-989898,Foos_20250415,20251112
Northern Transboundary,Pink,2022,2042,7418,-13.8,-989898,-989898,-989898,4593,2748,7678,5282,4058,6876,-989898,-989898,-989898,-989898,-989898,-989898,Foos_20250415,20251112
Northern Transboundary,Pink,2023,7097,3807,-55.8,-989898,-989898,-989898,3501,1817,6749,5126,3897,6742,-989898,-989898,-989898,-989898,-989898,-989898,Foos_20250415,20251112
Northern Transboundary,Pink,2024,284,1420,-83.5,-989898,-989898,-989898,2669,1114,6397,4974,3743,6611,-989898,-989898,-989898,-989898,-989898,-989898,Foos_20250415,20251112
Northern Transboundary,Sockeye,1984,138183,138183,-1,236171,236171,-25.8,-989898,-989898,-989898,127888,115978,141021,-989898,-989898,-989898,305844,265209,352706,Foos_20250415,20251112
Northern Transboundary,Sockeye,1985,234058,179841,28.9,379307,299301,-6,-989898,-989898,-989898,128355,116820,141028,-989898,-989898,-989898,306288,266990,351370,Foos_20250415,20251112
Northern Transboundary,Sockeye,1986,122211,158111,13.3,222060,270954,-14.9,-989898,-989898,-989898,128823,117663,141041,-989898,-989898,-989898,306731,268762,350065,Foos_20250415,20251112
Northern Transboundary,Sockeye,1987,74490,130993,-6.1,158701,237037,-25.5,-989898,-989898,-989898,129293,118504,141064,-989898,-989898,-989898,307176,270523,348795,Foos_20250415,20251112
Northern Transboundary,Sockeye,1988,71968,116205,-16.7,130440,210347,-33.9,-989898,-989898,-989898,129765,119344,141095,-989898,-989898,-989898,307621,272269,347564,Foos_20250415,20251112
Northern Transboundary,Sockeye,1989,121409,113236,-18.9,240711,211149,-33.7,-989898,-989898,-989898,130238,120180,141137,-989898,-989898,-989898,308067,273996,346375,Foos_20250415,20251112
Northern Transboundary,Sockeye,1990,95651,94680,-32.2,257897,195470,-38.6,-989898,-989898,-989898,130713,121013,141191,-989898,-989898,-989898,308513,275700,345232,Foos_20250415,20251112
Northern Transboundary,Sockeye,1991,180097,102314,-26.7,369111,216380,-32,-989898,-989898,-989898,131190,121839,141259,-989898,-989898,-989898,308960,277376,344141,Foos_20250415,20251112
Northern Transboundary,Sockeye,1992,200572,124730,-10.6,459885,267690,-15.9,-989898,-989898,-989898,131669,122657,141342,-989898,-989898,-989898,309408,279018,343108,Foos_20250415,20251112
Northern Transboundary,Sockeye,1993,188717,151254,8.4,522403,353306,11,-989898,-989898,-989898,132149,123466,141442,-989898,-989898,-989898,309856,280619,342140,Foos_20250415,20251112
Northern Transboundary,Sockeye,1994,140978,155842,11.7,402678,391600,23,-989898,-989898,-989898,132631,124263,141563,-989898,-989898,-989898,310305,282172,341243,Foos_20250415,20251112
Northern Transboundary,Sockeye,1995,153130,171222,22.7,422415,432217,35.8,-989898,-989898,-989898,133115,125045,141705,-989898,-989898,-989898,310755,283668,340428,Foos_20250415,20251112
Northern Transboundary,Sockeye,1996,154326,166015,19,664967,486217,52.7,-989898,-989898,-989898,133601,125810,141874,-989898,-989898,-989898,311205,285097,339704,Foos_20250415,20251112
Northern Transboundary,Sockeye,1997,109224,147013,5.3,384540,469125,47.4,-989898,-989898,-989898,134088,126553,142071,-989898,-989898,-989898,311656,286449,339081,Foos_20250415,20251112
Northern Transboundary,Sockeye,1998,88824,126444,-9.4,240670,401765,26.2,-989898,-989898,-989898,134577,127272,142301,-989898,-989898,-989898,312108,287713,338572,Foos_20250415,20251112
Northern Transboundary,Sockeye,1999,86880,114777,-17.8,277273,372874,17.1,-989898,-989898,-989898,135068,127963,142568,-989898,-989898,-989898,312560,288875,338187,Foos_20250415,20251112
Northern Transboundary,Sockeye,2000,80281,100870,-27.7,298910,347954,9.3,-989898,-989898,-989898,135561,128622,142874,-989898,-989898,-989898,313013,289925,337940,Foos_20250415,20251112
Northern Transboundary,Sockeye,2001,165287,102264,-26.7,473674,325131,2.1,-989898,-989898,-989898,136055,129245,143224,-989898,-989898,-989898,313467,290850,337842,Foos_20250415,20251112
Northern Transboundary,Sockeye,2002,117181,103713,-25.7,297105,308782,-3,-989898,-989898,-989898,136552,129830,143622,-989898,-989898,-989898,313921,291641,337903,Foos_20250415,20251112
Northern Transboundary,Sockeye,2003,234996,125991,-9.7,522635,360585,13.3,-989898,-989898,-989898,137050,130372,144070,-989898,-989898,-989898,314376,292289,338132,Foos_20250415,20251112
Northern Transboundary,Sockeye,2004,176091,145111,4,485099,403266,26.7,-989898,-989898,-989898,137550,130871,144570,-989898,-989898,-989898,314831,292788,338534,Foos_20250415,20251112
Northern Transboundary,Sockeye,2005,146441,163648,17.3,396009,426604,34,-989898,-989898,-989898,138052,131325,145123,-989898,-989898,-989898,315288,293137,339112,Foos_20250415,20251112
Northern Transboundary,Sockeye,2006,188583,168021,20.4,456770,423515,33,-989898,-989898,-989898,138555,131735,145729,-989898,-989898,-989898,315744,293335,339866,Foos_20250415,20251112
Northern Transboundary,Sockeye,2007,117493,168111,20.5,351488,437994,37.6,-989898,-989898,-989898,139061,132100,146388,-989898,-989898,-989898,316202,293388,340790,Foos_20250415,20251112
Northern Transboundary,Sockeye,2008,121020,147216,5.5,302963,392741,23.4,-989898,-989898,-989898,139568,132424,147098,-989898,-989898,-989898,316660,293303,341877,Foos_20250415,20251112
Northern Transboundary,Sockeye,2009,147621,142114,1.8,320513,361501,13.6,-989898,-989898,-989898,140077,132709,147855,-989898,-989898,-989898,317119,293089,343120,Foos_20250415,20251112
Northern Transboundary,Sockeye,2010,117322,135950,-2.6,282268,337832,6.1,127192,118739,136247,140589,132957,148658,336902,315245,360047,317579,292756,344506,Foos_20250415,20251112
Northern Transboundary,Sockeye,2011,151036,130046,-6.8,384489,326391,2.5,129344,121591,137592,141101,133173,149502,330198,311056,350518,318039,292316,346025,Foos_20250415,20251112
Northern Transboundary,Sockeye,2012,141657,135002,-3.3,287578,313550,-1.5,131532,124463,139003,141616,133358,150386,323627,306806,341369,318500,291780,347666,Foos_20250415,20251112
Northern Transboundary,Sockeye,2013,108138,131997,-5.4,300261,312989,-1.7,133758,127333,140507,142133,133516,151305,317186,302455,332635,318961,291159,349418,Foos_20250415,20251112
Northern Transboundary,Sockeye,2014,132589,129192,-7.4,252456,298399,-6.3,136020,130168,142135,142651,133651,152258,310874,297943,324366,319423,290464,351270,Foos_20250415,20251112
Northern Transboundary,Sockeye,2015,184720,141470,1.4,341090,309912,-2.7,138322,132924,143938,143172,133765,153240,304688,293194,316633,319886,289703,353214,Foos_20250415,20251112
Northern Transboundary,Sockeye,2016,187927,147790,5.9,474002,323160,1.5,140662,135542,145975,143694,133860,154251,298624,288117,309515,320350,288885,355241,Foos_20250415,20251112
Northern Transboundary,Sockeye,2017,108641,140151,0.4,282606,322035,1.2,143041,137967,148303,144218,133939,155287,292682,282644,303076,320814,288018,357344,Foos_20250415,20251112
Northern Transboundary,Sockeye,2018,113093,141413,1.3,193079,294815,-7.4,145461,140167,150956,144745,134003,156347,286857,276764,297319,321279,287108,359517,Foos_20250415,20251112
Northern Transboundary,Sockeye,2019,137972,142543,2.1,258564,296228,-7,147922,142150,153929,145273,134054,157430,281149,270542,292171,321744,286161,361753,Foos_20250415,20251112
Northern Transboundary,Sockeye,2020,127606,132378,-5.1,169547,257579,-19.1,150425,143953,157188,145803,134094,158534,275554,264092,287513,322211,285181,364048,Foos_20250415,20251112
Northern Transboundary,Sockeye,2021,233806,138290,-0.9,303866,235663,-26,152970,145622,160688,146335,134124,159657,270070,257527,283224,322677,284174,366397,Foos_20250415,20251112
Northern Transboundary,Sockeye,2022,198127,155948,11.7,344269,245152,-23,155558,147197,164394,146868,134145,160799,264696,250938,279207,323145,283144,368798,Foos_20250415,20251112
Northern Transboundary,Sockeye,2023,159158,166978,19.7,257160,259614,-18.5,158189,148707,168276,147404,134158,161958,259428,244389,275393,323613,282093,371245,Foos_20250415,20251112
Northern Transboundary,Sockeye,2024,245557,187383,34.3,390586,281941,-11.4,160866,150174,172318,147942,134164,163135,254265,237921,271733,324082,281024,373738,Foos_20250415,20251112
Skeena,Chinook,1975,-989898,-989898,-989898,-989898,-989898,-989898,-989898,-989898,-989898,-989898,-989898,-989898,-989898,-989898,-989898,-989898,-989898,-989898,CTC_20250714,20251112
Skeena,Chinook,1976,-989898,-989898,-989898,-989898,-989898,-989898,-989898,-989898,-989898,-989898,-989898,-989898,-989898,-989898,-989898,-989898,-989898,-989898,CTC_20250714,20251112
Skeena,Chinook,1977,-989898,-989898,-989898,-989898,-989898,-989898,-989898,-989898,-989898,-989898,-989898,-989898,-989898,-989898,-989898,-989898,-989898,-989898,CTC_20250714,20251112
Skeena,Chinook,1978,-989898,-989898,-989898,-989898,-989898,-989898,-989898,-989898,-989898,-989898,-989898,-989898,-989898,-989898,-989898,-989898,-989898,-989898,CTC_20250714,20251112
Skeena,Chinook,1979,-989898,-989898,-989898,-989898,-989898,-989898,-989898,-989898,-989898,-989898,-989898,-989898,-989898,-989898,-989898,-989898,-989898,-989898,CTC_20250714,20251112
Skeena,Chinook,1980,-989898,-989898,-989898,-989898,-989898,-989898,-989898,-989898,-989898,-989898,-989898,-989898,-989898,-989898,-989898,-989898,-989898,-989898,CTC_20250714,20251112
Skeena,Chinook,1981,-989898,-989898,-989898,-989898,-989898,-989898,-989898,-989898,-989898,-989898,-989898,-989898,-989898,-989898,-989898,-989898,-989898,-989898,CTC_20250714,20251112
Skeena,Chinook,1982,-989898,-989898,-989898,-989898,-989898,-989898,-989898,-989898,-989898,-989898,-989898,-989898,-989898,-989898,-989898,-989898,-989898,-989898,CTC_20250714,20251112
Skeena,Chinook,1983,-989898,-989898,-989898,-989898,-989898,-989898,-989898,-989898,-989898,-989898,-989898,-989898,-989898,-989898,-989898,-989898,-989898,-989898,CTC_20250714,20251112
Skeena,Chinook,1984,37792,37792,-16.5,-989898,-989898,-989898,-989898,-989898,-989898,64347,52811,78403,-989898,-989898,-989898,-989898,-989898,-989898,CTC_20250714,20251112
Skeena,Chinook,1985,34728,36228,-20,-989898,-989898,-989898,-989898,-989898,-989898,63299,52330,76568,-989898,-989898,-989898,-989898,-989898,-989898,CTC_20250714,20251112
Skeena,Chinook,1986,23987,31576,-30.3,-989898,-989898,-989898,-989898,-989898,-989898,62269,51848,74784,-989898,-989898,-989898,-989898,-989898,-989898,CTC_20250714,20251112
Skeena,Chinook,1987,96457,41744,-7.8,-989898,-989898,-989898,-989898,-989898,-989898,61255,51365,73050,-989898,-989898,-989898,-989898,-989898,-989898,CTC_20250714,20251112
Skeena,Chinook,1988,61199,45064,-0.5,-989898,-989898,-989898,-989898,-989898,-989898,60258,50879,71366,-989898,-989898,-989898,-989898,-989898,-989898,CTC_20250714,20251112
Skeena,Chinook,1989,71957,48719,7.6,-989898,-989898,-989898,-989898,-989898,-989898,59277,50390,69731,-989898,-989898,-989898,-989898,-989898,-989898,CTC_20250714,20251112
Skeena,Chinook,1990,34554,47997,6,-989898,-989898,-989898,-989898,-989898,-989898,58312,49897,68145,-989898,-989898,-989898,-989898,-989898,-989898,CTC_20250714,20251112
Skeena,Chinook,1991,41818,49507,9.3,-989898,-989898,-989898,-989898,-989898,-989898,57362,49399,66609,-989898,-989898,-989898,-989898,-989898,-989898,CTC_20250714,20251112
Skeena,Chinook,1992,89002,61598,36.1,-989898,-989898,-989898,-989898,-989898,-989898,56428,48896,65121,-989898,-989898,-989898,-989898,-989898,-989898,CTC_20250714,20251112
Skeena,Chinook,1993,111702,63123,39.4,-989898,-989898,-989898,-989898,-989898,-989898,55510,48386,63683,-989898,-989898,-989898,-989898,-989898,-989898,CTC_20250714,20251112
Skeena,Chinook,1994,87631,67016,48,-989898,-989898,-989898,-989898,-989898,-989898,54606,47867,62293,-989898,-989898,-989898,-989898,-989898,-989898,CTC_20250714,20251112
Skeena,Chinook,1995,55615,64199,41.8,-989898,-989898,-989898,-989898,-989898,-989898,53717,47339,60954,-989898,-989898,-989898,-989898,-989898,-989898,CTC_20250714,20251112
Skeena,Chinook,1996,103124,77032,70.1,-989898,-989898,-989898,-989898,-989898,-989898,52842,46800,59665,-989898,-989898,-989898,-989898,-989898,-989898,CTC_20250714,20251112
Skeena,Chinook,1997,49420,79207,74.9,-989898,-989898,-989898,-989898,-989898,-989898,51982,46248,58427,-989898,-989898,-989898,-989898,-989898,-989898,CTC_20250714,20251112
Skeena,Chinook,1998,39343,69131,52.7,-989898,-989898,-989898,-989898,-989898,-989898,51136,45681,57241,-989898,-989898,-989898,-989898,-989898,-989898,CTC_20250714,20251112
Skeena,Chinook,1999,48290,60114,32.8,-989898,-989898,-989898,-989898,-989898,-989898,50303,45099,56108,-989898,-989898,-989898,-989898,-989898,-989898,CTC_20250714,20251112
Skeena,Chinook,2000,62279,56788,25.4,-989898,-989898,-989898,-989898,-989898,-989898,49484,44499,55028,-989898,-989898,-989898,-989898,-989898,-989898,CTC_20250714,20251112
Skeena,Chinook,2001,106165,63249,39.7,-989898,-989898,-989898,-989898,-989898,-989898,48679,43880,54002,-989898,-989898,-989898,-989898,-989898,-989898,CTC_20250714,20251112
Skeena,Chinook,2002,38695,53716,18.6,-989898,-989898,-989898,-989898,-989898,-989898,47886,43241,53029,-989898,-989898,-989898,-989898,-989898,-989898,CTC_20250714,20251112
Skeena,Chinook,2003,82184,58468,29.1,-989898,-989898,-989898,-989898,-989898,-989898,47106,42583,52110,-989898,-989898,-989898,-989898,-989898,-989898,CTC_20250714,20251112
Skeena,Chinook,2004,105887,68957,52.3,-989898,-989898,-989898,-989898,-989898,-989898,46339,41905,51244,-989898,-989898,-989898,-989898,-989898,-989898,CTC_20250714,20251112
Skeena,Chinook,2005,56961,70881,56.6,-989898,-989898,-989898,-989898,-989898,-989898,45585,41208,50427,-989898,-989898,-989898,-989898,-989898,-989898,CTC_20250714,20251112
Skeena,Chinook,2006,55156,69461,53.4,-989898,-989898,-989898,-989898,-989898,-989898,44843,40493,49659,-989898,-989898,-989898,-989898,-989898,-989898,CTC_20250714,20251112
Skeena,Chinook,2007,62320,63560,40.4,-989898,-989898,-989898,66898,62591,71502,44113,39764,48937,-989898,-989898,-989898,-989898,-989898,-989898,CTC_20250714,20251112
Skeena,Chinook,2008,44901,65155,43.9,-989898,-989898,-989898,62294,58611,66209,43395,39023,48256,-989898,-989898,-989898,-989898,-989898,-989898,CTC_20250714,20251112
Skeena,Chinook,2009,61888,62147,37.3,-989898,-989898,-989898,58007,54871,61322,42688,38272,47614,-989898,-989898,-989898,-989898,-989898,-989898,CTC_20250714,20251112
Skeena,Chinook,2010,63977,57141,26.2,-989898,-989898,-989898,54015,51353,56814,41993,37514,47007,-989898,-989898,-989898,-989898,-989898,-989898,CTC_20250714,20251112
Skeena,Chinook,2011,28420,50889,12.4,-989898,-989898,-989898,50297,48041,52660,41309,36753,46431,-989898,-989898,-989898,-989898,-989898,-989898,CTC_20250714,20251112
Skeena,Chinook,2012,21660,43548,-3.8,-989898,-989898,-989898,46836,44917,48836,40637,35990,45884,-989898,-989898,-989898,-989898,-989898,-989898,CTC_20250714,20251112
Skeena,Chinook,2013,40772,40575,-10.4,-989898,-989898,-989898,43613,41966,45324,39975,35229,45361,-989898,-989898,-989898,-989898,-989898,-989898,CTC_20250714,20251112
Skeena,Chinook,2014,43164,40309,-11,-989898,-989898,-989898,40611,39171,42104,39325,34472,44861,-989898,-989898,-989898,-989898,-989898,-989898,CTC_20250714,20251112
Skeena,Chinook,2015,55284,39558,-12.6,-989898,-989898,-989898,37816,36522,39157,38684,33720,44380,-989898,-989898,-989898,-989898,-989898,-989898,CTC_20250714,20251112
Skeena,Chinook,2016,28238,34517,-23.8,-989898,-989898,-989898,35214,34008,36462,38054,32975,43917,-989898,-989898,-989898,-989898,-989898,-989898,CTC_20250714,20251112
Skeena,Chinook,2017,14715,30931,-31.7,-989898,-989898,-989898,32790,31628,33995,37435,32238,43469,-989898,-989898,-989898,-989898,-989898,-989898,CTC_20250714,20251112
Skeena,Chinook,2018,35059,33516,-26,-989898,-989898,-989898,30533,29381,31732,36825,31511,43036,-989898,-989898,-989898,-989898,-989898,-989898,CTC_20250714,20251112
Skeena,Chinook,2019,20193,29812,-34.2,-989898,-989898,-989898,28432,27267,29647,36226,30795,42615,-989898,-989898,-989898,-989898,-989898,-989898,CTC_20250714,20251112
Skeena,Chinook,2020,16243,25330,-44.1,-989898,-989898,-989898,26475,25288,27719,35636,30089,42205,-989898,-989898,-989898,-989898,-989898,-989898,CTC_20250714,20251112
Skeena,Chinook,2021,20097,21399,-52.7,-989898,-989898,-989898,24653,23439,25931,35056,29396,41806,-989898,-989898,-989898,-989898,-989898,-989898,CTC_20250714,20251112
Skeena,Chinook,2022,24724,20931,-53.8,-989898,-989898,-989898,22957,21715,24269,34485,28714,41416,-989898,-989898,-989898,-989898,-989898,-989898,CTC_20250714,20251112
Skeena,Chinook,2023,26044,23020,-49.2,-989898,-989898,-989898,21377,20113,22720,33924,28045,41035,-989898,-989898,-989898,-989898,-989898,-989898,CTC_20250714,20251112
Skeena,Chinook,2024,29883,22415,-50.5,-989898,-989898,-989898,19906,18624,21275,33371,27389,40661,-989898,-989898,-989898,-989898,-989898,-989898,CTC_20250714,20251112
Skeena,Chum,1950,30062,30062,240,-989898,-989898,-989898,-989898,-989898,-989898,24787,19715,31164,-989898,-989898,-989898,-989898,-989898,-989898,NuSEDS_20250221,20251112
Skeena,Chum,1951,16575,22322,152.5,-989898,-989898,-989898,-989898,-989898,-989898,24143,19293,30214,-989898,-989898,-989898,-989898,-989898,-989898,NuSEDS_20250221,20251112
Skeena,Chum,1952,26935,23765,168.8,-989898,-989898,-989898,-989898,-989898,-989898,23517,18879,29294,-989898,-989898,-989898,-989898,-989898,-989898,NuSEDS_20250221,20251112
Skeena,Chum,1953,9004,18645,110.9,-989898,-989898,-989898,-989898,-989898,-989898,22906,18473,28403,-989898,-989898,-989898,-989898,-989898,-989898,NuSEDS_20250221,20251112
Skeena,Chum,1954,35486,21206,139.8,-989898,-989898,-989898,-989898,-989898,-989898,22312,18076,27540,-989898,-989898,-989898,-989898,-989898,-989898,NuSEDS_20250221,20251112
Skeena,Chum,1955,4537,14528,64.3,-989898,-989898,-989898,-989898,-989898,-989898,21732,17686,26705,-989898,-989898,-989898,-989898,-989898,-989898,NuSEDS_20250221,20251112
Skeena,Chum,1956,17930,14758,66.9,-989898,-989898,-989898,-989898,-989898,-989898,21168,17304,25896,-989898,-989898,-989898,-989898,-989898,-989898,NuSEDS_20250221,20251112
Skeena,Chum,1957,10704,12271,38.8,-989898,-989898,-989898,-989898,-989898,-989898,20619,16929,25112,-989898,-989898,-989898,-989898,-989898,-989898,NuSEDS_20250221,20251112
Skeena,Chum,1958,8256,12060,36.4,-989898,-989898,-989898,-989898,-989898,-989898,20083,16562,24354,-989898,-989898,-989898,-989898,-989898,-989898,NuSEDS_20250221,20251112
Skeena,Chum,1959,6210,8510,-3.8,-989898,-989898,-989898,-989898,-989898,-989898,19562,16201,23620,-989898,-989898,-989898,-989898,-989898,-989898,NuSEDS_20250221,20251112
Skeena,Chum,1960,18988,11331,28.2,-989898,-989898,-989898,-989898,-989898,-989898,19054,15848,22909,-989898,-989898,-989898,-989898,-989898,-989898,NuSEDS_20250221,20251112
Skeena,Chum,1961,57492,14305,61.8,-989898,-989898,-989898,-989898,-989898,-989898,18560,15501,22222,-989898,-989898,-989898,-989898,-989898,-989898,NuSEDS_20250221,20251112
Skeena,Chum,1962,13152,14907,68.6,-989898,-989898,-989898,-989898,-989898,-989898,18078,15161,21556,-989898,-989898,-989898,-989898,-989898,-989898,NuSEDS_20250221,20251112
Skeena,Chum,1963,7699,14700,66.3,-989898,-989898,-989898,-989898,-989898,-989898,17608,14827,20911,-989898,-989898,-989898,-989898,-989898,-989898,NuSEDS_20250221,20251112
Skeena,Chum,1964,7684,15340,73.5,-989898,-989898,-989898,-989898,-989898,-989898,17151,14500,20288,-989898,-989898,-989898,-989898,-989898,-989898,NuSEDS_20250221,20251112
Skeena,Chum,1965,9643,13396,51.5,-989898,-989898,-989898,-989898,-989898,-989898,16706,14178,19685,-989898,-989898,-989898,-989898,-989898,-989898,NuSEDS_20250221,20251112
Skeena,Chum,1966,23793,11229,27,-989898,-989898,-989898,-989898,-989898,-989898,16272,13863,19101,-989898,-989898,-989898,-989898,-989898,-989898,NuSEDS_20250221,20251112
Skeena,Chum,1967,19828,12190,37.9,-989898,-989898,-989898,-989898,-989898,-989898,15850,13553,18537,-989898,-989898,-989898,-989898,-989898,-989898,NuSEDS_20250221,20251112
Skeena,Chum,1968,14178,13773,55.8,-989898,-989898,-989898,-989898,-989898,-989898,15439,13249,17990,-989898,-989898,-989898,-989898,-989898,-989898,NuSEDS_20250221,20251112
Skeena,Chum,1969,13111,15327,73.3,-989898,-989898,-989898,-989898,-989898,-989898,15038,12950,17462,-989898,-989898,-989898,-989898,-989898,-989898,NuSEDS_20250221,20251112
Skeena,Chum,1970,13349,16357,85,-989898,-989898,-989898,-989898,-989898,-989898,14647,12656,16952,-989898,-989898,-989898,-989898,-989898,-989898,NuSEDS_20250221,20251112
Skeena,Chum,1971,4534,11741,32.8,-989898,-989898,-989898,-989898,-989898,-989898,14267,12368,16458,-989898,-989898,-989898,-989898,-989898,-989898,NuSEDS_20250221,20251112
Skeena,Chum,1972,38425,13402,51.6,-989898,-989898,-989898,-989898,-989898,-989898,13897,12084,15981,-989898,-989898,-989898,-989898,-989898,-989898,NuSEDS_20250221,20251112
Skeena,Chum,1973,26584,15197,71.9,-989898,-989898,-989898,-989898,-989898,-989898,13536,11805,15520,-989898,-989898,-989898,-989898,-989898,-989898,NuSEDS_20250221,20251112
Skeena,Chum,1974,12605,15078,70.5,-989898,-989898,-989898,-989898,-989898,-989898,13185,11531,15075,-989898,-989898,-989898,-989898,-989898,-989898,NuSEDS_20250221,20251112
Skeena,Chum,1975,9988,14228,60.9,-989898,-989898,-989898,-989898,-989898,-989898,12842,11262,14645,-989898,-989898,-989898,-989898,-989898,-989898,NuSEDS_20250221,20251112
Skeena,Chum,1976,11036,16999,92.3,-989898,-989898,-989898,-989898,-989898,-989898,12509,10997,14229,-989898,-989898,-989898,-989898,-989898,-989898,NuSEDS_20250221,20251112
Skeena,Chum,1977,11476,13349,51,-989898,-989898,-989898,-989898,-989898,-989898,12184,10736,13828,-989898,-989898,-989898,-989898,-989898,-989898,NuSEDS_20250221,20251112
Skeena,Chum,1978,6758,10150,14.8,-989898,-989898,-989898,-989898,-989898,-989898,11868,10479,13441,-989898,-989898,-989898,-989898,-989898,-989898,NuSEDS_20250221,20251112
Skeena,Chum,1979,5974,8742,-1.1,-989898,-989898,-989898,-989898,-989898,-989898,11560,10227,13067,-989898,-989898,-989898,-989898,-989898,-989898,NuSEDS_20250221,20251112
Skeena,Chum,1980,30960,10962,24,-989898,-989898,-989898,-989898,-989898,-989898,11260,9978,12706,-989898,-989898,-989898,-989898,-989898,-989898,NuSEDS_20250221,20251112
Skeena,Chum,1981,14215,11531,30.4,-989898,-989898,-989898,-989898,-989898,-989898,10967,9733,12358,-989898,-989898,-989898,-989898,-989898,-989898,NuSEDS_20250221,20251112
Skeena,Chum,1982,7350,10548,19.3,-989898,-989898,-989898,-989898,-989898,-989898,10683,9492,12023,-989898,-989898,-989898,-989898,-989898,-989898,NuSEDS_20250221,20251112
Skeena,Chum,1983,1958,8234,-6.9,-989898,-989898,-989898,-989898,-989898,-989898,10405,9255,11699,-989898,-989898,-989898,-989898,-989898,-989898,NuSEDS_20250221,20251112
Skeena,Chum,1984,42263,12177,37.7,-989898,-989898,-989898,-989898,-989898,-989898,10135,9021,11387,-989898,-989898,-989898,-989898,-989898,-989898,NuSEDS_20250221,20251112
Skeena,Chum,1985,18133,10941,23.7,-989898,-989898,-989898,-989898,-989898,-989898,9872,8792,11086,-989898,-989898,-989898,-989898,-989898,-989898,NuSEDS_20250221,20251112
Skeena,Chum,1986,12203,10612,20,-989898,-989898,-989898,-989898,-989898,-989898,9616,8566,10795,-989898,-989898,-989898,-989898,-989898,-989898,NuSEDS_20250221,20251112
Skeena,Chum,1987,6438,10335,16.9,-989898,-989898,-989898,-989898,-989898,-989898,9366,8343,10515,-989898,-989898,-989898,-989898,-989898,-989898,NuSEDS_20250221,20251112
Skeena,Chum,1988,125805,23761,168.7,-989898,-989898,-989898,-989898,-989898,-989898,9123,8125,10244,-989898,-989898,-989898,-989898,-989898,-989898,NuSEDS_20250221,20251112
Skeena,Chum,1989,26157,21587,144.1,-989898,-989898,-989898,-989898,-989898,-989898,8886,7910,9984,-989898,-989898,-989898,-989898,-989898,-989898,NuSEDS_20250221,20251112
Skeena,Chum,1990,6867,17777,101.1,-989898,-989898,-989898,-989898,-989898,-989898,8656,7699,9732,-989898,-989898,-989898,-989898,-989898,-989898,NuSEDS_20250221,20251112
Skeena,Chum,1991,11882,17682,100,-989898,-989898,-989898,-989898,-989898,-989898,8431,7491,9488,-989898,-989898,-989898,-989898,-989898,-989898,NuSEDS_20250221,20251112
Skeena,Chum,1992,6843,17900,102.4,-989898,-989898,-989898,-989898,-989898,-989898,8212,7288,9254,-989898,-989898,-989898,-989898,-989898,-989898,NuSEDS_20250221,20251112
Skeena,Chum,1993,12259,11236,27.1,-989898,-989898,-989898,-989898,-989898,-989898,7999,7088,9027,-989898,-989898,-989898,-989898,-989898,-989898,NuSEDS_20250221,20251112
Skeena,Chum,1994,11335,9505,7.5,-989898,-989898,-989898,-989898,-989898,-989898,7791,6893,8807,-989898,-989898,-989898,-989898,-989898,-989898,NuSEDS_20250221,20251112
Skeena,Chum,1995,11485,10535,19.1,-989898,-989898,-989898,-989898,-989898,-989898,7589,6701,8595,-989898,-989898,-989898,-989898,-989898,-989898,NuSEDS_20250221,20251112
Skeena,Chum,1996,12220,10594,19.8,-989898,-989898,-989898,-989898,-989898,-989898,7392,6513,8389,-989898,-989898,-989898,-989898,-989898,-989898,NuSEDS_20250221,20251112
Skeena,Chum,1997,32289,14449,63.4,-989898,-989898,-989898,-989898,-989898,-989898,7200,6330,8190,-989898,-989898,-989898,-989898,-989898,-989898,NuSEDS_20250221,20251112
Skeena,Chum,1998,22266,16281,84.1,-989898,-989898,-989898,-989898,-989898,-989898,7013,6150,7997,-989898,-989898,-989898,-989898,-989898,-989898,NuSEDS_20250221,20251112
Skeena,Chum,1999,4929,13783,55.9,-989898,-989898,-989898,-989898,-989898,-989898,6831,5975,7810,-989898,-989898,-989898,-989898,-989898,-989898,NuSEDS_20250221,20251112
Skeena,Chum,2000,8830,13076,47.9,-989898,-989898,-989898,-989898,-989898,-989898,6654,5803,7629,-989898,-989898,-989898,-989898,-989898,-989898,NuSEDS_20250221,20251112
Skeena,Chum,2001,16275,13848,56.6,-989898,-989898,-989898,-989898,-989898,-989898,6481,5636,7453,-989898,-989898,-989898,-989898,-989898,-989898,NuSEDS_20250221,20251112
Skeena,Chum,2002,6808,10143,14.7,-989898,-989898,-989898,-989898,-989898,-989898,6313,5472,7282,-989898,-989898,-989898,-989898,-989898,-989898,NuSEDS_20250221,20251112
Skeena,Chum,2003,13881,9228,4.4,-989898,-989898,-989898,-989898,-989898,-989898,6149,5313,7116,-989898,-989898,-989898,-989898,-989898,-989898,NuSEDS_20250221,20251112
Skeena,Chum,2004,15882,11662,31.9,-989898,-989898,-989898,-989898,-989898,-989898,5989,5158,6955,-989898,-989898,-989898,-989898,-989898,-989898,NuSEDS_20250221,20251112
Skeena,Chum,2005,15502,13051,47.6,-989898,-989898,-989898,-989898,-989898,-989898,5834,5006,6798,-989898,-989898,-989898,-989898,-989898,-989898,NuSEDS_20250221,20251112
Skeena,Chum,2006,6157,10746,21.5,-989898,-989898,-989898,-989898,-989898,-989898,5682,4859,6646,-989898,-989898,-989898,-989898,-989898,-989898,NuSEDS_20250221,20251112
Skeena,Chum,2007,6451,10631,20.2,-989898,-989898,-989898,-989898,-989898,-989898,5535,4715,6497,-989898,-989898,-989898,-989898,-989898,-989898,NuSEDS_20250221,20251112
Skeena,Chum,2008,1490,6803,-23.1,-989898,-989898,-989898,-989898,-989898,-989898,5391,4575,6352,-989898,-989898,-989898,-989898,-989898,-989898,NuSEDS_20250221,20251112
Skeena,Chum,2009,8928,6063,-31.4,-989898,-989898,-989898,5375,4525,6385,5251,4439,6212,-989898,-989898,-989898,-989898,-989898,-989898,NuSEDS_20250221,20251112
Skeena,Chum,2010,2456,4194,-52.6,-989898,-989898,-989898,4819,4128,5626,5115,4307,6074,-989898,-989898,-989898,-989898,-989898,-989898,NuSEDS_20250221,20251112
Skeena,Chum,2011,3690,3786,-57.2,-989898,-989898,-989898,4321,3763,4962,4982,4178,5941,-989898,-989898,-989898,-989898,-989898,-989898,NuSEDS_20250221,20251112
Skeena,Chum,2012,4069,3453,-61,-989898,-989898,-989898,3875,3425,4383,4853,4053,5810,-989898,-989898,-989898,-989898,-989898,-989898,NuSEDS_20250221,20251112
Skeena,Chum,2013,2297,3765,-57.4,-989898,-989898,-989898,3474,3112,3879,4727,3931,5683,-989898,-989898,-989898,-989898,-989898,-989898,NuSEDS_20250221,20251112
Skeena,Chum,2014,2710,2966,-66.5,-989898,-989898,-989898,3115,2820,3442,4604,3813,5559,-989898,-989898,-989898,-989898,-989898,-989898,NuSEDS_20250221,20251112
Skeena,Chum,2015,2202,2902,-67.2,-989898,-989898,-989898,2793,2546,3065,4485,3698,5438,-989898,-989898,-989898,-989898,-989898,-989898,NuSEDS_20250221,20251112
Skeena,Chum,2016,5081,3093,-65,-989898,-989898,-989898,2505,2288,2742,4368,3586,5320,-989898,-989898,-989898,-989898,-989898,-989898,NuSEDS_20250221,20251112
Skeena,Chum,2017,1445,2515,-71.6,-989898,-989898,-989898,2246,2047,2464,4255,3478,5205,-989898,-989898,-989898,-989898,-989898,-989898,NuSEDS_20250221,20251112
Skeena,Chum,2018,1264,2232,-74.8,-989898,-989898,-989898,2014,1823,2225,4144,3373,5093,-989898,-989898,-989898,-989898,-989898,-989898,NuSEDS_20250221,20251112
Skeena,Chum,2019,3272,2318,-73.8,-989898,-989898,-989898,1806,1617,2016,4037,3270,4983,-989898,-989898,-989898,-989898,-989898,-989898,NuSEDS_20250221,20251112
Skeena,Chum,2020,159,1369,-84.5,-989898,-989898,-989898,1619,1431,1831,3932,3171,4875,-989898,-989898,-989898,-989898,-989898,-989898,NuSEDS_20250221,20251112
Skeena,Chum,2021,1033,996,-88.7,-989898,-989898,-989898,1452,1264,1667,3830,3075,4771,-989898,-989898,-989898,-989898,-989898,-989898,NuSEDS_20250221,20251112
Skeena,Chum,2022,3262,1172,-86.7,-989898,-989898,-989898,1302,1115,1519,3730,2981,4668,-989898,-989898,-989898,-989898,-989898,-989898,NuSEDS_20250221,20251112
Skeena,Chum,2023,2887,1382,-84.4,-989898,-989898,-989898,1167,982,1386,3634,2890,4568,-989898,-989898,-989898,-989898,-989898,-989898,NuSEDS_20250221,20251112
Skeena,Coho,1950,91102,91102,1.3,-989898,-989898,-989898,-989898,-989898,-989898,131532,107722,160603,-989898,-989898,-989898,-989898,-989898,-989898,NuSEDS_20250221,20251112
Skeena,Coho,1951,134121,110538,22.9,-989898,-989898,-989898,-989898,-989898,-989898,130148,107023,158269,-989898,-989898,-989898,-989898,-989898,-989898,NuSEDS_20250221,20251112
Skeena,Coho,1952,157125,124286,38.2,-989898,-989898,-989898,-989898,-989898,-989898,128778,106324,155974,-989898,-989898,-989898,-989898,-989898,-989898,NuSEDS_20250221,20251112
Skeena,Coho,1953,162962,132996,47.9,-989898,-989898,-989898,-989898,-989898,-989898,127423,105627,153717,-989898,-989898,-989898,-989898,-989898,-989898,NuSEDS_20250221,20251112
Skeena,Coho,1954,189266,159671,77.6,-989898,-989898,-989898,-989898,-989898,-989898,126082,104931,151498,-989898,-989898,-989898,-989898,-989898,-989898,NuSEDS_20250221,20251112
Skeena,Coho,1955,149256,163996,82.4,-989898,-989898,-989898,-989898,-989898,-989898,124756,104235,149316,-989898,-989898,-989898,-989898,-989898,-989898,NuSEDS_20250221,20251112
Skeena,Coho,1956,291093,191329,112.8,-989898,-989898,-989898,-989898,-989898,-989898,123443,103540,147172,-989898,-989898,-989898,-989898,-989898,-989898,NuSEDS_20250221,20251112
Skeena,Coho,1957,149094,187122,108.1,-989898,-989898,-989898,-989898,-989898,-989898,122144,102845,145064,-989898,-989898,-989898,-989898,-989898,-989898,NuSEDS_20250221,20251112
Skeena,Coho,1958,272618,204996,128,-989898,-989898,-989898,-989898,-989898,-989898,120859,102151,142993,-989898,-989898,-989898,-989898,-989898,-989898,NuSEDS_20250221,20251112
Skeena,Coho,1959,71509,170550,89.7,-989898,-989898,-989898,-989898,-989898,-989898,119587,101456,140958,-989898,-989898,-989898,-989898,-989898,-989898,NuSEDS_20250221,20251112
Skeena,Coho,1960,288259,170134,89.2,-989898,-989898,-989898,-989898,-989898,-989898,118329,100761,138959,-989898,-989898,-989898,-989898,-989898,-989898,NuSEDS_20250221,20251112
Skeena,Coho,1961,164608,174397,93.9,-989898,-989898,-989898,-989898,-989898,-989898,117084,100065,136996,-989898,-989898,-989898,-989898,-989898,-989898,NuSEDS_20250221,20251112
Skeena,Coho,1962,81423,128925,43.4,-989898,-989898,-989898,-989898,-989898,-989898,115852,99368,135069,-989898,-989898,-989898,-989898,-989898,-989898,NuSEDS_20250221,20251112
Skeena,Coho,1963,204815,167721,86.5,-989898,-989898,-989898,-989898,-989898,-989898,114632,98670,133177,-989898,-989898,-989898,-989898,-989898,-989898,NuSEDS_20250221,20251112
Skeena,Coho,1964,188976,150918,67.8,-989898,-989898,-989898,-989898,-989898,-989898,113426,97970,131321,-989898,-989898,-989898,-989898,-989898,-989898,NuSEDS_20250221,20251112
Skeena,Coho,1965,374771,185383,106.2,-989898,-989898,-989898,-989898,-989898,-989898,112233,97268,129500,-989898,-989898,-989898,-989898,-989898,-989898,NuSEDS_20250221,20251112
Skeena,Coho,1966,226570,239433,166.3,-989898,-989898,-989898,-989898,-989898,-989898,111052,96564,127714,-989898,-989898,-989898,-989898,-989898,-989898,NuSEDS_20250221,20251112
Skeena,Coho,1967,108372,204208,127.1,-989898,-989898,-989898,-989898,-989898,-989898,109883,95856,125963,-989898,-989898,-989898,-989898,-989898,-989898,NuSEDS_20250221,20251112
Skeena,Coho,1968,195431,205930,129,-989898,-989898,-989898,-989898,-989898,-989898,108727,95146,124247,-989898,-989898,-989898,-989898,-989898,-989898,NuSEDS_20250221,20251112
Skeena,Coho,1969,104208,149539,66.3,-989898,-989898,-989898,-989898,-989898,-989898,107583,94432,122566,-989898,-989898,-989898,-989898,-989898,-989898,NuSEDS_20250221,20251112
Skeena,Coho,1970,148804,134619,49.7,-989898,-989898,-989898,-989898,-989898,-989898,106451,93713,120920,-989898,-989898,-989898,-989898,-989898,-989898,NuSEDS_20250221,20251112
Skeena,Coho,1971,118080,137537,52.9,-989898,-989898,-989898,-989898,-989898,-989898,105331,92990,119310,-989898,-989898,-989898,-989898,-989898,-989898,NuSEDS_20250221,20251112
Skeena,Coho,1972,89118,113022,25.7,-989898,-989898,-989898,-989898,-989898,-989898,104222,92261,117734,-989898,-989898,-989898,-989898,-989898,-989898,NuSEDS_20250221,20251112
Skeena,Coho,1973,57625,97463,8.4,-989898,-989898,-989898,-989898,-989898,-989898,103126,91527,116194,-989898,-989898,-989898,-989898,-989898,-989898,NuSEDS_20250221,20251112
Skeena,Coho,1974,52143,74987,-16.6,-989898,-989898,-989898,-989898,-989898,-989898,102041,90787,114690,-989898,-989898,-989898,-989898,-989898,-989898,NuSEDS_20250221,20251112
Skeena,Coho,1975,26729,51724,-42.5,-989898,-989898,-989898,-989898,-989898,-989898,100967,90039,113221,-989898,-989898,-989898,-989898,-989898,-989898,NuSEDS_20250221,20251112
Skeena,Coho,1976,33638,40542,-54.9,-989898,-989898,-989898,-989898,-989898,-989898,99905,89285,111788,-989898,-989898,-989898,-989898,-989898,-989898,NuSEDS_20250221,20251112
Skeena,Coho,1977,43335,37754,-58,-989898,-989898,-989898,-989898,-989898,-989898,98853,88522,110390,-989898,-989898,-989898,-989898,-989898,-989898,NuSEDS_20250221,20251112
Skeena,Coho,1978,63911,39724,-55.8,-989898,-989898,-989898,-989898,-989898,-989898,97813,87751,109029,-989898,-989898,-989898,-989898,-989898,-989898,NuSEDS_20250221,20251112
Skeena,Coho,1979,26950,39806,-55.7,-989898,-989898,-989898,-989898,-989898,-989898,96784,86972,107703,-989898,-989898,-989898,-989898,-989898,-989898,NuSEDS_20250221,20251112
Skeena,Coho,1980,60040,46010,-48.8,-989898,-989898,-989898,-989898,-989898,-989898,95765,86183,106413,-989898,-989898,-989898,-989898,-989898,-989898,NuSEDS_20250221,20251112
Skeena,Coho,1981,32644,42864,-52.3,-989898,-989898,-989898,-989898,-989898,-989898,94758,85385,105159,-989898,-989898,-989898,-989898,-989898,-989898,NuSEDS_20250221,20251112
Skeena,Coho,1982,31819,36006,-60,-989898,-989898,-989898,-989898,-989898,-989898,93761,84578,103940,-989898,-989898,-989898,-989898,-989898,-989898,NuSEDS_20250221,20251112
Skeena,Coho,1983,45089,40950,-54.5,-989898,-989898,-989898,-989898,-989898,-989898,92774,83761,102757,-989898,-989898,-989898,-989898,-989898,-989898,NuSEDS_20250221,20251112
Skeena,Coho,1984,102875,46851,-47.9,-989898,-989898,-989898,-989898,-989898,-989898,91798,82934,101609,-989898,-989898,-989898,-989898,-989898,-989898,NuSEDS_20250221,20251112
Skeena,Coho,1985,39824,49238,-45.2,-989898,-989898,-989898,-989898,-989898,-989898,90832,82097,100496,-989898,-989898,-989898,-989898,-989898,-989898,NuSEDS_20250221,20251112
Skeena,Coho,1986,111320,67340,-25.1,-989898,-989898,-989898,-989898,-989898,-989898,89876,81251,99417,-989898,-989898,-989898,-989898,-989898,-989898,NuSEDS_20250221,20251112
Skeena,Coho,1987,86708,79299,-11.8,-989898,-989898,-989898,-989898,-989898,-989898,88930,80396,98371,-989898,-989898,-989898,-989898,-989898,-989898,NuSEDS_20250221,20251112
Skeena,Coho,1988,24078,55157,-38.7,-989898,-989898,-989898,-989898,-989898,-989898,87995,79533,97357,-989898,-989898,-989898,-989898,-989898,-989898,NuSEDS_20250221,20251112
Skeena,Coho,1989,104865,70262,-21.9,-989898,-989898,-989898,-989898,-989898,-989898,87069,78661,96375,-989898,-989898,-989898,-989898,-989898,-989898,NuSEDS_20250221,20251112
Skeena,Coho,1990,159477,76869,-14.5,-989898,-989898,-989898,-989898,-989898,-989898,86153,77783,95423,-989898,-989898,-989898,-989898,-989898,-989898,NuSEDS_20250221,20251112
Skeena,Coho,1991,92791,78183,-13.1,-989898,-989898,-989898,-989898,-989898,-989898,85246,76897,94501,-989898,-989898,-989898,-989898,-989898,-989898,NuSEDS_20250221,20251112
Skeena,Coho,1992,90625,108898,21.1,-989898,-989898,-989898,-989898,-989898,-989898,84349,76006,93608,-989898,-989898,-989898,-989898,-989898,-989898,NuSEDS_20250221,20251112
Skeena,Coho,1993,58122,93961,4.5,-989898,-989898,-989898,-989898,-989898,-989898,83462,75111,92741,-989898,-989898,-989898,-989898,-989898,-989898,NuSEDS_20250221,20251112
Skeena,Coho,1994,135021,90131,0.2,-989898,-989898,-989898,-989898,-989898,-989898,82583,74211,91900,-989898,-989898,-989898,-989898,-989898,-989898,NuSEDS_20250221,20251112
Skeena,Coho,1995,54803,79013,-12.1,-989898,-989898,-989898,-989898,-989898,-989898,81714,73309,91084,-989898,-989898,-989898,-989898,-989898,-989898,NuSEDS_20250221,20251112
Skeena,Coho,1996,50648,68317,-24,-989898,-989898,-989898,-989898,-989898,-989898,80855,72404,90291,-989898,-989898,-989898,-989898,-989898,-989898,NuSEDS_20250221,20251112
Skeena,Coho,1997,26088,55918,-37.8,-989898,-989898,-989898,-989898,-989898,-989898,80004,71499,89520,-989898,-989898,-989898,-989898,-989898,-989898,NuSEDS_20250221,20251112
Skeena,Coho,1998,112535,53429,-40.6,-989898,-989898,-989898,-989898,-989898,-989898,79162,70594,88769,-989898,-989898,-989898,-989898,-989898,-989898,NuSEDS_20250221,20251112
Skeena,Coho,1999,167593,70654,-21.4,-989898,-989898,-989898,-989898,-989898,-989898,78329,69690,88039,-989898,-989898,-989898,-989898,-989898,-989898,NuSEDS_20250221,20251112
Skeena,Coho,2000,66752,75703,-15.8,-989898,-989898,-989898,-989898,-989898,-989898,77505,68788,87326,-989898,-989898,-989898,-989898,-989898,-989898,NuSEDS_20250221,20251112
Skeena,Coho,2001,110931,108709,20.9,-989898,-989898,-989898,-989898,-989898,-989898,76689,67888,86631,-989898,-989898,-989898,-989898,-989898,-989898,NuSEDS_20250221,20251112
Skeena,Coho,2002,109540,107978,20.1,-989898,-989898,-989898,-989898,-989898,-989898,75882,66992,85953,-989898,-989898,-989898,-989898,-989898,-989898,NuSEDS_20250221,20251112
Skeena,Coho,2003,104227,95889,6.6,-989898,-989898,-989898,-989898,-989898,-989898,75084,66099,85289,-989898,-989898,-989898,-989898,-989898,-989898,NuSEDS_20250221,20251112
Skeena,Coho,2004,77800,99632,10.8,-989898,-989898,-989898,-989898,-989898,-989898,74294,65212,84640,-989898,-989898,-989898,-989898,-989898,-989898,NuSEDS_20250221,20251112
Skeena,Coho,2005,129547,103572,15.2,-989898,-989898,-989898,-989898,-989898,-989898,73512,64330,84005,-989898,-989898,-989898,-989898,-989898,-989898,NuSEDS_20250221,20251112
Skeena,Coho,2006,66081,91278,1.5,-989898,-989898,-989898,-989898,-989898,-989898,72738,63453,83382,-989898,-989898,-989898,-989898,-989898,-989898,NuSEDS_20250221,20251112
Skeena,Coho,2007,57237,78576,-12.6,-989898,-989898,-989898,-989898,-989898,-989898,71973,62583,82772,-989898,-989898,-989898,-989898,-989898,-989898,NuSEDS_20250221,20251112
Skeena,Coho,2008,52433,71194,-20.8,-989898,-989898,-989898,-989898,-989898,-989898,71216,61720,82172,-989898,-989898,-989898,-989898,-989898,-989898,NuSEDS_20250221,20251112
Skeena,Coho,2009,166243,75775,-15.7,-989898,-989898,-989898,-989898,-989898,-989898,70466,60864,81583,-989898,-989898,-989898,-989898,-989898,-989898,NuSEDS_20250221,20251112
Skeena,Coho,2010,128247,89437,-0.5,-989898,-989898,-989898,-989898,-989898,-989898,69725,60016,81005,-989898,-989898,-989898,-989898,-989898,-989898,NuSEDS_20250221,20251112
Skeena,Coho,2011,72154,94768,5.4,-989898,-989898,-989898,-989898,-989898,-989898,68991,59175,80436,-989898,-989898,-989898,-989898,-989898,-989898,NuSEDS_20250221,20251112
Skeena,Coho,2012,80970,105643,17.5,-989898,-989898,-989898,115313,86992,152855,68265,58343,79875,-989898,-989898,-989898,-989898,-989898,-989898,NuSEDS_20250221,20251112
Skeena,Coho,2013,157446,104217,15.9,-989898,-989898,-989898,106807,83501,136618,67547,57519,79324,-989898,-989898,-989898,-989898,-989898,-989898,NuSEDS_20250221,20251112
Skeena,Coho,2014,160510,110231,22.6,-989898,-989898,-989898,98929,79921,122458,66836,56703,78780,-989898,-989898,-989898,-989898,-989898,-989898,NuSEDS_20250221,20251112
Skeena,Coho,2015,51347,101244,12.6,-989898,-989898,-989898,91632,76156,110252,66133,55896,78245,-989898,-989898,-989898,-989898,-989898,-989898,NuSEDS_20250221,20251112
Skeena,Coho,2016,115058,110539,22.9,-989898,-989898,-989898,84873,72081,99934,65437,55098,77716,-989898,-989898,-989898,-989898,-989898,-989898,NuSEDS_20250221,20251112
Skeena,Coho,2017,75615,92021,2.3,-989898,-989898,-989898,78612,67568,91462,64748,54309,77195,-989898,-989898,-989898,-989898,-989898,-989898,NuSEDS_20250221,20251112
Skeena,Coho,2018,29409,60205,-33.1,-989898,-989898,-989898,72814,62584,84715,64067,53529,76680,-989898,-989898,-989898,-989898,-989898,-989898,NuSEDS_20250221,20251112
Skeena,Coho,2019,39738,56468,-37.2,-989898,-989898,-989898,67443,57278,79411,63393,52758,76172,-989898,-989898,-989898,-989898,-989898,-989898,NuSEDS_20250221,20251112
Skeena,Coho,2020,42969,44143,-50.9,-989898,-989898,-989898,62468,51918,75162,62726,51996,75670,-989898,-989898,-989898,-989898,-989898,-989898,NuSEDS_20250221,20251112
Skeena,Coho,2021,63512,42259,-53,-989898,-989898,-989898,57860,46743,71622,62066,51244,75173,-989898,-989898,-989898,-989898,-989898,-989898,NuSEDS_20250221,20251112
Skeena,Coho,2022,68578,52221,-41.9,-989898,-989898,-989898,53592,41898,68550,61413,50501,74683,-989898,-989898,-989898,-989898,-989898,-989898,NuSEDS_20250221,20251112
Skeena,Coho,2023,278623,84977,-5.5,-989898,-989898,-989898,49639,37448,65800,60767,49767,74198,-989898,-989898,-989898,-989898,-989898,-989898,NuSEDS_20250221,20251112
Skeena,Pink,1950,753025,753025,-20.5,-989898,-989898,-989898,-989898,-989898,-989898,1165512,821962,1652654,-989898,-989898,-989898,-989898,-989898,-989898,NuSEDS_20250221,20251112
Skeena,Pink,1951,557210,647760,-31.6,-989898,-989898,-989898,-989898,-989898,-989898,1158502,822841,1631089,-989898,-989898,-989898,-989898,-989898,-989898,NuSEDS_20250221,20251112
Skeena,Pink,1952,2103966,1082752,14.3,-989898,-989898,-989898,-989898,-989898,-989898,1151534,823677,1609892,-989898,-989898,-989898,-989898,-989898,-989898,NuSEDS_20250221,20251112
Skeena,Pink,1953,367786,879664,-7.1,-989898,-989898,-989898,-989898,-989898,-989898,1144608,824468,1589059,-989898,-989898,-989898,-989898,-989898,-989898,NuSEDS_20250221,20251112
Skeena,Pink,1954,646133,487482,-48.5,-989898,-989898,-989898,-989898,-989898,-989898,1137724,825210,1568590,-989898,-989898,-989898,-989898,-989898,-989898,NuSEDS_20250221,20251112
Skeena,Pink,1955,453432,541274,-42.8,-989898,-989898,-989898,-989898,-989898,-989898,1130881,825899,1548485,-989898,-989898,-989898,-989898,-989898,-989898,NuSEDS_20250221,20251112
Skeena,Pink,1956,320084,380967,-59.8,-989898,-989898,-989898,-989898,-989898,-989898,1124080,826533,1528741,-989898,-989898,-989898,-989898,-989898,-989898,NuSEDS_20250221,20251112
Skeena,Pink,1957,715333,478504,-49.5,-989898,-989898,-989898,-989898,-989898,-989898,1117319,827107,1509359,-989898,-989898,-989898,-989898,-989898,-989898,NuSEDS_20250221,20251112
Skeena,Pink,1958,524612,612595,-35.3,-989898,-989898,-989898,-989898,-989898,-989898,1110599,827616,1490340,-989898,-989898,-989898,-989898,-989898,-989898,NuSEDS_20250221,20251112
Skeena,Pink,1959,899304,686867,-27.5,-989898,-989898,-989898,-989898,-989898,-989898,1103919,828057,1471682,-989898,-989898,-989898,-989898,-989898,-989898,NuSEDS_20250221,20251112
Skeena,Pink,1960,359305,568440,-40,-989898,-989898,-989898,-989898,-989898,-989898,1097279,828424,1453389,-989898,-989898,-989898,-989898,-989898,-989898,NuSEDS_20250221,20251112
Skeena,Pink,1961,941071,581490,-38.6,-989898,-989898,-989898,-989898,-989898,-989898,1090680,828712,1435459,-989898,-989898,-989898,-989898,-989898,-989898,NuSEDS_20250221,20251112
Skeena,Pink,1962,1557268,1210578,27.8,-989898,-989898,-989898,-989898,-989898,-989898,1084120,828915,1417896,-989898,-989898,-989898,-989898,-989898,-989898,NuSEDS_20250221,20251112
Skeena,Pink,1963,1299212,1422400,50.2,-989898,-989898,-989898,-989898,-989898,-989898,1077600,829028,1400702,-989898,-989898,-989898,-989898,-989898,-989898,NuSEDS_20250221,20251112
Skeena,Pink,1964,2212037,1695260,79,-989898,-989898,-989898,-989898,-989898,-989898,1071118,829042,1383879,-989898,-989898,-989898,-989898,-989898,-989898,NuSEDS_20250221,20251112
Skeena,Pink,1965,1490325,1815669,91.8,-989898,-989898,-989898,-989898,-989898,-989898,1064676,828953,1367431,-989898,-989898,-989898,-989898,-989898,-989898,NuSEDS_20250221,20251112
Skeena,Pink,1966,1042540,1246484,31.6,-989898,-989898,-989898,-989898,-989898,-989898,1058273,828750,1351361,-989898,-989898,-989898,-989898,-989898,-989898,NuSEDS_20250221,20251112
Skeena,Pink,1967,571219,771698,-18.5,-989898,-989898,-989898,-989898,-989898,-989898,1051908,828428,1335674,-989898,-989898,-989898,-989898,-989898,-989898,NuSEDS_20250221,20251112
Skeena,Pink,1968,2324889,1152398,21.7,-989898,-989898,-989898,-989898,-989898,-989898,1045581,827977,1320375,-989898,-989898,-989898,-989898,-989898,-989898,NuSEDS_20250221,20251112
Skeena,Pink,1969,927990,1468834,55.1,-989898,-989898,-989898,-989898,-989898,-989898,1039292,827388,1305469,-989898,-989898,-989898,-989898,-989898,-989898,NuSEDS_20250221,20251112
Skeena,Pink,1970,1442033,1156803,22.2,-989898,-989898,-989898,-989898,-989898,-989898,1033041,826651,1290962,-989898,-989898,-989898,-989898,-989898,-989898,NuSEDS_20250221,20251112
Skeena,Pink,1971,948514,1169525,23.5,-989898,-989898,-989898,-989898,-989898,-989898,1026828,825756,1276861,-989898,-989898,-989898,-989898,-989898,-989898,NuSEDS_20250221,20251112
Skeena,Pink,1972,1820255,1313978,38.8,-989898,-989898,-989898,-989898,-989898,-989898,1020652,824694,1263174,-989898,-989898,-989898,-989898,-989898,-989898,NuSEDS_20250221,20251112
Skeena,Pink,1973,1151821,1447967,52.9,-989898,-989898,-989898,-989898,-989898,-989898,1014514,823452,1249906,-989898,-989898,-989898,-989898,-989898,-989898,NuSEDS_20250221,20251112
Skeena,Pink,1974,724617,913580,-3.5,-989898,-989898,-989898,-989898,-989898,-989898,1008412,822021,1237067,-989898,-989898,-989898,-989898,-989898,-989898,NuSEDS_20250221,20251112
Skeena,Pink,1975,1826391,1150406,21.5,-989898,-989898,-989898,-989898,-989898,-989898,1002347,820387,1224664,-989898,-989898,-989898,-989898,-989898,-989898,NuSEDS_20250221,20251112
Skeena,Pink,1976,1060686,1391843,47,-989898,-989898,-989898,-989898,-989898,-989898,996318,818541,1212706,-989898,-989898,-989898,-989898,-989898,-989898,NuSEDS_20250221,20251112
Skeena,Pink,1977,971478,1015102,7.2,-989898,-989898,-989898,-989898,-989898,-989898,990326,816471,1201200,-989898,-989898,-989898,-989898,-989898,-989898,NuSEDS_20250221,20251112
Skeena,Pink,1978,1158345,1060804,12,-989898,-989898,-989898,-989898,-989898,-989898,984370,814167,1190154,-989898,-989898,-989898,-989898,-989898,-989898,NuSEDS_20250221,20251112
Skeena,Pink,1979,524079,779143,-17.7,-989898,-989898,-989898,-989898,-989898,-989898,978449,811617,1179575,-989898,-989898,-989898,-989898,-989898,-989898,NuSEDS_20250221,20251112
Skeena,Pink,1980,1068299,748247,-21,-989898,-989898,-989898,-989898,-989898,-989898,972564,808812,1169470,-989898,-989898,-989898,-989898,-989898,-989898,NuSEDS_20250221,20251112
Skeena,Pink,1981,1472707,1254309,32.5,-989898,-989898,-989898,-989898,-989898,-989898,966715,805744,1159844,-989898,-989898,-989898,-989898,-989898,-989898,NuSEDS_20250221,20251112
Skeena,Pink,1982,1010271,1219768,28.8,-989898,-989898,-989898,-989898,-989898,-989898,960900,802407,1150701,-989898,-989898,-989898,-989898,-989898,-989898,NuSEDS_20250221,20251112
Skeena,Pink,1983,2883788,1706870,80.3,-989898,-989898,-989898,-989898,-989898,-989898,955121,798793,1142043,-989898,-989898,-989898,-989898,-989898,-989898,NuSEDS_20250221,20251112
Skeena,Pink,1984,1608143,2153496,127.4,-989898,-989898,-989898,-989898,-989898,-989898,949377,794901,1133872,-989898,-989898,-989898,-989898,-989898,-989898,NuSEDS_20250221,20251112
Skeena,Pink,1985,1928607,1761101,86,-989898,-989898,-989898,-989898,-989898,-989898,943667,790729,1126185,-989898,-989898,-989898,-989898,-989898,-989898,NuSEDS_20250221,20251112
Skeena,Pink,1986,2415166,2158219,127.9,-989898,-989898,-989898,-989898,-989898,-989898,937991,786276,1118979,-989898,-989898,-989898,-989898,-989898,-989898,NuSEDS_20250221,20251112
Skeena,Pink,1987,2584349,2498326,163.8,-989898,-989898,-989898,-989898,-989898,-989898,932349,781547,1112249,-989898,-989898,-989898,-989898,-989898,-989898,NuSEDS_20250221,20251112
Skeena,Pink,1988,1079090,1669954,76.4,-989898,-989898,-989898,-989898,-989898,-989898,926742,776547,1105987,-989898,-989898,-989898,-989898,-989898,-989898,NuSEDS_20250221,20251112
Skeena,Pink,1989,3816318,2029323,114.3,-989898,-989898,-989898,-989898,-989898,-989898,921168,771282,1100181,-989898,-989898,-989898,-989898,-989898,-989898,NuSEDS_20250221,20251112
Skeena,Pink,1990,3475164,3641748,284.6,-989898,-989898,-989898,-989898,-989898,-989898,915627,765764,1094820,-989898,-989898,-989898,-989898,-989898,-989898,NuSEDS_20250221,20251112
Skeena,Pink,1991,4732019,4055187,328.3,-989898,-989898,-989898,-989898,-989898,-989898,910120,760002,1089890,-989898,-989898,-989898,-989898,-989898,-989898,NuSEDS_20250221,20251112
Skeena,Pink,1992,997751,2172873,129.5,-989898,-989898,-989898,-989898,-989898,-989898,904647,754011,1085376,-989898,-989898,-989898,-989898,-989898,-989898,NuSEDS_20250221,20251112
Skeena,Pink,1993,762574,872273,-7.9,-989898,-989898,-989898,-989898,-989898,-989898,899206,747805,1081259,-989898,-989898,-989898,-989898,-989898,-989898,NuSEDS_20250221,20251112
Skeena,Pink,1994,292799,472526,-50.1,-989898,-989898,-989898,-989898,-989898,-989898,893797,741398,1077523,-989898,-989898,-989898,-989898,-989898,-989898,NuSEDS_20250221,20251112
Skeena,Pink,1995,2163424,795895,-15.9,-989898,-989898,-989898,-989898,-989898,-989898,888422,734809,1074148,-989898,-989898,-989898,-989898,-989898,-989898,NuSEDS_20250221,20251112
Skeena,Pink,1996,2797662,2460189,159.8,-989898,-989898,-989898,-989898,-989898,-989898,883078,728051,1071115,-989898,-989898,-989898,-989898,-989898,-989898,NuSEDS_20250221,20251112
Skeena,Pink,1997,541812,1231181,30,-989898,-989898,-989898,-989898,-989898,-989898,877767,721144,1068407,-989898,-989898,-989898,-989898,-989898,-989898,NuSEDS_20250221,20251112
Skeena,Pink,1998,426917,480946,-49.2,-989898,-989898,-989898,-989898,-989898,-989898,872488,714102,1066003,-989898,-989898,-989898,-989898,-989898,-989898,NuSEDS_20250221,20251112
Skeena,Pink,1999,1235731,726330,-23.3,-989898,-989898,-989898,-989898,-989898,-989898,867240,706942,1063885,-989898,-989898,-989898,-989898,-989898,-989898,NuSEDS_20250221,20251112
Skeena,Pink,2000,796228,991930,4.8,-989898,-989898,-989898,-989898,-989898,-989898,862024,699681,1062035,-989898,-989898,-989898,-989898,-989898,-989898,NuSEDS_20250221,20251112
Skeena,Pink,2001,1623482,1136953,20.1,-989898,-989898,-989898,-989898,-989898,-989898,856839,692332,1060436,-989898,-989898,-989898,-989898,-989898,-989898,NuSEDS_20250221,20251112
Skeena,Pink,2002,1715585,1668898,76.3,-989898,-989898,-989898,-989898,-989898,-989898,851686,684910,1059072,-989898,-989898,-989898,-989898,-989898,-989898,NuSEDS_20250221,20251112
Skeena,Pink,2003,2301720,1987158,109.9,-989898,-989898,-989898,-989898,-989898,-989898,846563,677429,1057926,-989898,-989898,-989898,-989898,-989898,-989898,NuSEDS_20250221,20251112
Skeena,Pink,2004,1161870,1635329,72.7,-989898,-989898,-989898,-989898,-989898,-989898,841472,669901,1056984,-989898,-989898,-989898,-989898,-989898,-989898,NuSEDS_20250221,20251112
Skeena,Pink,2005,2136699,1575617,66.4,-989898,-989898,-989898,-989898,-989898,-989898,836411,662339,1056231,-989898,-989898,-989898,-989898,-989898,-989898,NuSEDS_20250221,20251112
Skeena,Pink,2006,221648,688182,-27.3,-989898,-989898,-989898,-989898,-989898,-989898,831380,654752,1055656,-989898,-989898,-989898,-989898,-989898,-989898,NuSEDS_20250221,20251112
Skeena,Pink,2007,1101101,494021,-47.8,-989898,-989898,-989898,-989898,-989898,-989898,826380,647151,1055245,-989898,-989898,-989898,-989898,-989898,-989898,NuSEDS_20250221,20251112
Skeena,Pink,2008,160837,420831,-55.6,-989898,-989898,-989898,-989898,-989898,-989898,821410,639546,1054988,-989898,-989898,-989898,-989898,-989898,-989898,NuSEDS_20250221,20251112
Skeena,Pink,2009,3875976,789558,-16.6,-989898,-989898,-989898,-989898,-989898,-989898,816469,631945,1054874,-989898,-989898,-989898,-989898,-989898,-989898,NuSEDS_20250221,20251112
Skeena,Pink,2010,592277,1515141,60,-989898,-989898,-989898,-989898,-989898,-989898,811559,624355,1054893,-989898,-989898,-989898,-989898,-989898,-989898,NuSEDS_20250221,20251112
Skeena,Pink,2011,446786,514413,-45.7,-989898,-989898,-989898,-989898,-989898,-989898,806677,616784,1055035,-989898,-989898,-989898,-989898,-989898,-989898,NuSEDS_20250221,20251112
Skeena,Pink,2012,472226,459330,-51.5,-989898,-989898,-989898,-989898,-989898,-989898,801826,609237,1055294,-989898,-989898,-989898,-989898,-989898,-989898,NuSEDS_20250221,20251112
Skeena,Pink,2013,2045711,982872,3.8,-989898,-989898,-989898,-989898,-989898,-989898,797003,601722,1055661,-989898,-989898,-989898,-989898,-989898,-989898,NuSEDS_20250221,20251112
Skeena,Pink,2014,2597228,2305033,143.4,-989898,-989898,-989898,-989898,-989898,-989898,792210,594242,1056129,-989898,-989898,-989898,-989898,-989898,-989898,NuSEDS_20250221,20251112
Skeena,Pink,2015,408386,1029890,8.8,-989898,-989898,-989898,-989898,-989898,-989898,787445,586803,1056692,-989898,-989898,-989898,-989898,-989898,-989898,NuSEDS_20250221,20251112
Skeena,Pink,2016,188793,277670,-70.7,-989898,-989898,-989898,-989898,-989898,-989898,782709,579408,1057343,-989898,-989898,-989898,-989898,-989898,-989898,NuSEDS_20250221,20251112
Skeena,Pink,2017,521943,313910,-66.8,-989898,-989898,-989898,-989898,-989898,-989898,778001,572062,1058077,-989898,-989898,-989898,-989898,-989898,-989898,NuSEDS_20250221,20251112
Skeena,Pink,2018,28564,122102,-87.1,-989898,-989898,-989898,43146,13182,141216,773322,564768,1058888,-989898,-989898,-989898,-989898,-989898,-989898,NuSEDS_20250221,20251112
Skeena,Pink,2019,121556,58925,-93.8,-989898,-989898,-989898,93391,38345,227461,768671,557529,1059773,-989898,-989898,-989898,-989898,-989898,-989898,NuSEDS_20250221,20251112
Skeena,Pink,2020,58412,84264,-91.1,-989898,-989898,-989898,202151,100697,405824,764048,550348,1060727,-989898,-989898,-989898,-989898,-989898,-989898,NuSEDS_20250221,20251112
Skeena,Pink,2021,1012445,243186,-74.3,-989898,-989898,-989898,437569,217964,878431,759452,543226,1061745,-989898,-989898,-989898,-989898,-989898,-989898,NuSEDS_20250221,20251112
Skeena,Pink,2022,2139453,1471760,55.4,-989898,-989898,-989898,947143,388881,2306827,754884,536166,1062824,-989898,-989898,-989898,-989898,-989898,-989898,NuSEDS_20250221,20251112
Skeena,Pink,2023,4755047,3189545,236.8,-989898,-989898,-989898,2050148,626382,6710133,750344,529170,1063961,-989898,-989898,-989898,-989898,-989898,-989898,NuSEDS_20250221,20251112
Skeena,Sockeye,1960,302858,302858,-68.8,668447,668447,-67.7,-989898,-989898,-989898,720559,641178,809768,-989898,-989898,-989898,1894175,1588767,2258293,English_20230930,20251112
Skeena,Sockeye,1961,1059602,566488,-41.7,2192797,1210689,-41.5,-989898,-989898,-989898,726499,648241,814204,-989898,-989898,-989898,1897704,1598324,2253162,English_20230930,20251112
Skeena,Sockeye,1962,627279,586067,-39.7,1441203,1283109,-38,-989898,-989898,-989898,732487,655366,818685,-989898,-989898,-989898,1901240,1607880,2248124,English_20230930,20251112
Skeena,Sockeye,1963,695943,611792,-37,1065094,1224742,-40.8,-989898,-989898,-989898,738526,662552,823211,-989898,-989898,-989898,1904782,1617431,2243185,English_20230930,20251112
Skeena,Sockeye,1964,957212,669090,-31.1,2109199,1365398,-34,-989898,-989898,-989898,744613,669798,827786,-989898,-989898,-989898,1908331,1626969,2238350,English_20230930,20251112
Skeena,Sockeye,1965,717593,795083,-18.1,1338870,1568894,-24.1,-989898,-989898,-989898,750752,677103,832411,-989898,-989898,-989898,1911886,1636491,2233627,English_20230930,20251112
Skeena,Sockeye,1966,463390,673866,-30.6,1300147,1413163,-31.7,-989898,-989898,-989898,756940,684465,837089,-989898,-989898,-989898,1915448,1645987,2229023,English_20230930,20251112
Skeena,Sockeye,1967,703027,689407,-29,2395911,1564377,-24.3,-989898,-989898,-989898,763180,691884,841822,-989898,-989898,-989898,1919017,1655452,2224545,English_20230930,20251112
Skeena,Sockeye,1968,650067,680068,-30,1734831,1724707,-16.6,-989898,-989898,-989898,769471,699356,846615,-989898,-989898,-989898,1922592,1664876,2220202,English_20230930,20251112
Skeena,Sockeye,1969,720751,642552,-33.8,1482340,1607242,-22.3,-989898,-989898,-989898,775814,706881,851469,-989898,-989898,-989898,1926174,1674251,2216005,English_20230930,20251112
Skeena,Sockeye,1970,754840,649088,-33.2,1564918,1658181,-19.8,-989898,-989898,-989898,782209,714454,856389,-989898,-989898,-989898,1929763,1683566,2211963,English_20230930,20251112
Skeena,Sockeye,1971,914114,743557,-23.4,2083373,1822161,-11.9,-989898,-989898,-989898,788657,722074,861379,-989898,-989898,-989898,1933358,1692811,2208087,English_20230930,20251112
Skeena,Sockeye,1972,775511,758293,-21.9,1825764,1725765,-16.5,-989898,-989898,-989898,795158,729738,866443,-989898,-989898,-989898,1936960,1701974,2204391,English_20230930,20251112
Skeena,Sockeye,1973,912274,811467,-16.4,2542082,1862808,-9.9,-989898,-989898,-989898,801713,737441,871586,-989898,-989898,-989898,1940569,1711041,2200888,English_20230930,20251112
Skeena,Sockeye,1974,805165,829642,-14.6,2636110,2090120,1.1,-989898,-989898,-989898,808322,745181,876813,-989898,-989898,-989898,1944185,1719998,2197592,English_20230930,20251112
Skeena,Sockeye,1975,914984,862189,-11.2,1611690,2102467,1.7,-989898,-989898,-989898,814985,752951,882130,-989898,-989898,-989898,1947807,1728829,2194520,English_20230930,20251112
Skeena,Sockeye,1976,648062,804870,-17.1,1567140,1986083,-4,-989898,-989898,-989898,821703,760748,887542,-989898,-989898,-989898,1951436,1737518,2191690,English_20230930,20251112
Skeena,Sockeye,1977,1058658,856563,-11.8,2599756,2131548,3.1,-989898,-989898,-989898,828477,768566,893058,-989898,-989898,-989898,1955072,1746046,2189120,English_20230930,20251112
Skeena,Sockeye,1978,471683,750696,-22.7,1230149,1843524,-10.8,-989898,-989898,-989898,835306,776398,898683,-989898,-989898,-989898,1958714,1754393,2186830,English_20230930,20251112
Skeena,Sockeye,1979,1297161,825821,-15,3055815,1898809,-8.2,-989898,-989898,-989898,842192,784240,904426,-989898,-989898,-989898,1962363,1762538,2184843,English_20230930,20251112
Skeena,Sockeye,1980,602807,759694,-21.8,1537169,1880916,-9,-989898,-989898,-989898,849134,792082,910295,-989898,-989898,-989898,1966019,1770459,2183181,English_20230930,20251112
Skeena,Sockeye,1981,1584095,908389,-6.5,3845550,2250813,8.8,-989898,-989898,-989898,856134,799918,916300,-989898,-989898,-989898,1969682,1778131,2181868,English_20230930,20251112
Skeena,Sockeye,1982,1235600,936907,-3.5,3764943,2423844,17.2,-989898,-989898,-989898,863191,807740,922449,-989898,-989898,-989898,1973352,1785531,2180929,PSC_20250722,20251112
Skeena,Sockeye,1983,972043,1082688,11.5,1967131,2662440,28.8,-989898,-989898,-989898,870307,815539,928752,-989898,-989898,-989898,1977029,1792634,2180391,PSC_20250722,20251112
Skeena,Sockeye,1984,1116654,1050723,8.2,2427758,2542702,23,-989898,-989898,-989898,877481,823307,935220,-989898,-989898,-989898,1980712,1799412,2180278,PSC_20250722,20251112
Skeena,Sockeye,1985,2356184,1380049,42.1,5337569,3261518,57.7,-989898,-989898,-989898,884714,831034,941862,-989898,-989898,-989898,1984402,1805842,2180618,PSC_20250722,20251112
Skeena,Sockeye,1986,808956,1206489,24.2,1842764,2815283,36.1,-989898,-989898,-989898,892007,838712,948689,-989898,-989898,-989898,1988099,1811899,2181435,PSC_20250722,20251112
Skeena,Sockeye,1987,1429371,1242158,27.9,2400442,2572934,24.4,-989898,-989898,-989898,899360,846332,955711,-989898,-989898,-989898,1991803,1817559,2182752,PSC_20250722,20251112
Skeena,Sockeye,1988,1500119,1354767,39.5,4002697,2965736,43.4,-989898,-989898,-989898,906774,853885,962938,-989898,-989898,-989898,1995514,1822801,2184592,PSC_20250722,20251112
Skeena,Sockeye,1989,1210365,1376779,41.8,2632939,3014252,45.8,-989898,-989898,-989898,914249,861365,970378,-989898,-989898,-989898,1999232,1827607,2186974,PSC_20250722,20251112
Skeena,Sockeye,1990,1053960,1172161,20.7,2721973,2634436,27.4,-989898,-989898,-989898,921785,868765,978041,-989898,-989898,-989898,2002957,1831960,2189914,PSC_20250722,20251112
Skeena,Sockeye,1991,1384905,1305227,34.4,3759554,3038232,46.9,-989898,-989898,-989898,929383,876077,985933,-989898,-989898,-989898,2006689,1835851,2193423,PSC_20250722,20251112
Skeena,Sockeye,1992,1390090,1297973,33.6,4199469,3397830,64.3,-989898,-989898,-989898,937045,883299,994060,-989898,-989898,-989898,2010427,1839272,2197510,PSC_20250722,20251112
Skeena,Sockeye,1993,1736514,1336522,37.6,4753798,3516731,70.1,-989898,-989898,-989898,944769,890427,1002428,-989898,-989898,-989898,2014173,1842219,2202177,PSC_20250722,20251112
Skeena,Sockeye,1994,1093797,1309726,34.9,2719943,3539672,71.2,-989898,-989898,-989898,952557,897458,1011039,-989898,-989898,-989898,2017925,1844695,2207423,PSC_20250722,20251112
Skeena,Sockeye,1995,1826454,1461966,50.5,5610015,4090525,97.8,-989898,-989898,-989898,960409,904392,1019895,-989898,-989898,-989898,2021685,1846707,2213243,PSC_20250722,20251112
Skeena,Sockeye,1996,1871694,1552746,59.9,7486410,4694686,127,-989898,-989898,-989898,968326,911231,1028998,-989898,-989898,-989898,2025452,1848264,2219626,PSC_20250722,20251112
Skeena,Sockeye,1997,951598,1439403,48.2,3759456,4591902,122.1,-989898,-989898,-989898,976308,917976,1038347,-989898,-989898,-989898,2029225,1849380,2226560,PSC_20250722,20251112
Skeena,Sockeye,1998,538318,1138819,17.3,1002872,3363827,62.7,-989898,-989898,-989898,984356,924630,1047940,-989898,-989898,-989898,2033006,1850073,2234027,PSC_20250722,20251112
Skeena,Sockeye,1999,677810,1034877,6.6,928242,2713025,31.2,-989898,-989898,-989898,992470,931197,1057776,-989898,-989898,-989898,2036794,1850361,2242011,PSC_20250722,20251112
Skeena,Sockeye,2000,1396599,980802,1,4692245,2617804,26.6,-989898,-989898,-989898,1000652,937682,1067850,-989898,-989898,-989898,2040588,1850265,2250489,PSC_20250722,20251112
Skeena,Sockeye,2001,1471665,934752,-3.8,4384675,2352177,13.7,-989898,-989898,-989898,1008900,944089,1078161,-989898,-989898,-989898,2044390,1849808,2259440,PSC_20250722,20251112
Skeena,Sockeye,2002,647049,865352,-10.9,1372529,1922867,-7,-989898,-989898,-989898,1017217,950424,1088704,-989898,-989898,-989898,2048199,1849013,2268843,PSC_20250722,20251112
Skeena,Sockeye,2003,1361357,1041789,7.3,2129054,2235309,8.1,-989898,-989898,-989898,1025602,956694,1099474,-989898,-989898,-989898,2052015,1847901,2278675,PSC_20250722,20251112
Skeena,Sockeye,2004,971630,1119588,15.3,1634899,2503246,21.1,-989898,-989898,-989898,1034057,962902,1110469,-989898,-989898,-989898,2055838,1846495,2288916,PSC_20250722,20251112
Skeena,Sockeye,2005,740782,986239,1.5,1103595,1874085,-9.4,-989898,-989898,-989898,1042581,969056,1121684,-989898,-989898,-989898,2059668,1844817,2299542,PSC_20250722,20251112
Skeena,Sockeye,2006,1235386,952315,-1.9,2875414,1722431,-16.7,-989898,-989898,-989898,1051175,975160,1133115,-989898,-989898,-989898,2063506,1842887,2310535,PSC_20250722,20251112
Skeena,Sockeye,2007,1079175,1054901,8.6,2149866,1884169,-8.9,-989898,-989898,-989898,1059840,981219,1144760,-989898,-989898,-989898,2067350,1840726,2321875,PSC_20250722,20251112
Skeena,Sockeye,2008,895582,970149,-0.1,2151305,1888091,-8.7,-989898,-989898,-989898,1068577,987240,1156614,-989898,-989898,-989898,2071202,1838352,2333545,PSC_20250722,20251112
Skeena,Sockeye,2009,777113,927759,-4.5,1027623,1720646,-16.8,830935,755618,913761,1077385,993226,1168675,1533498,1337783,1757847,2075061,1835783,2345527,PSC_20250722,20251112
Skeena,Sockeye,2010,699489,917177,-5.6,956674,1672177,-19.1,848910,779420,924595,1086266,999183,1180940,1536617,1359150,1737255,2078927,1833034,2357805,PSC_20250722,20251112
Skeena,Sockeye,2011,955222,871191,-10.3,1931273,1544226,-25.3,867273,803539,936063,1095221,1005113,1193406,1539741,1379790,1718235,2082800,1830121,2370366,PSC_20250722,20251112
Skeena,Sockeye,2012,1165111,884644,-8.9,2260352,1559782,-24.6,886034,827779,948389,1104249,1011022,1206072,1542872,1399223,1701269,2086681,1827057,2383196,PSC_20250722,20251112
Skeena,Sockeye,2013,395895,751386,-22.6,480045,1155526,-44.1,905201,851841,961902,1113351,1016913,1218935,1546010,1416758,1687053,2090568,1823856,2396283,PSC_20250722,20251112
Skeena,Sockeye,2014,1549955,862641,-11.2,3274851,1456973,-29.5,924782,875298,977062,1122529,1022789,1231995,1549153,1431445,1676541,2094463,1820529,2409616,PSC_20250722,20251112
Skeena,Sockeye,2015,1277681,973102,0.2,2146293,1712523,-17.2,944786,897609,994444,1131782,1028654,1245250,1552304,1442144,1670878,2098365,1817087,2423184,PSC_20250722,20251112
Skeena,Sockeye,2016,931954,968315,-0.3,1697839,1668964,-19.3,965224,918236,1014616,1141112,1034510,1258699,1555460,1447819,1671104,2102275,1813540,2436979,PSC_20250722,20251112
Skeena,Sockeye,2017,918346,923303,-4.9,1054160,1432825,-30.7,986103,936863,1037932,1150519,1040360,1272341,1558623,1448015,1677680,2106192,1809897,2450992,PSC_20250722,20251112
Skeena,Sockeye,2018,1230568,1158376,19.3,1770491,1860182,-10,1007434,953529,1064388,1160003,1046207,1286176,1561793,1443124,1690219,2110116,1806166,2465215,PSC_20250722,20251112
Skeena,Sockeye,2019,575126,950032,-2.2,822410,1411025,-31.8,1029227,968557,1093698,1169565,1052052,1300204,1564968,1434132,1707741,2114047,1802355,2479642,PSC_20250722,20251112
Skeena,Sockeye,2020,1331079,957843,-1.4,1688248,1344882,-35,1051491,982357,1125490,1179206,1057898,1314424,1568151,1422148,1729143,2117986,1798470,2494266,PSC_20250722,20251112
Skeena,Sockeye,2021,1108628,991683,2.1,1726961,1349465,-34.7,1074237,995293,1159442,1188926,1063747,1328836,1571339,1408105,1753497,2121932,1794519,2509081,PSC_20250722,20251112
Skeena,Sockeye,2022,2528148,1214317,25,4338148,1790775,-13.4,1097474,1007637,1195321,1198727,1069601,1343442,1574535,1392689,1780124,2125885,1790507,2524083,PSC_20250722,20251112
Skeena,Sockeye,2023,1437788,1252708,29,2094772,1852037,-10.4,1121215,1019585,1232974,1208608,1075461,1358240,1577737,1376375,1808557,2129846,1786438,2539266,CarrHarris_20250724,20251112
Skeena,Steelhead,1956,20160,20160,-7.7,-989898,-989898,-989898,-989898,-989898,-989898,17136,14858,19764,-989898,-989898,-989898,-989898,-989898,-989898,ProvBC_20240929,20251112
Skeena,Steelhead,1957,7745,12496,-42.8,-989898,-989898,-989898,-989898,-989898,-989898,17268,15018,19854,-989898,-989898,-989898,-989898,-989898,-989898,ProvBC_20240929,20251112
Skeena,Steelhead,1958,20994,14855,-32,-989898,-989898,-989898,-989898,-989898,-989898,17400,15180,19945,-989898,-989898,-989898,-989898,-989898,-989898,ProvBC_20240929,20251112
Skeena,Steelhead,1959,11019,13786,-36.9,-989898,-989898,-989898,-989898,-989898,-989898,17534,15344,20036,-989898,-989898,-989898,-989898,-989898,-989898,ProvBC_20240929,20251112
Skeena,Steelhead,1960,17692,14491,-33.7,-989898,-989898,-989898,-989898,-989898,-989898,17668,15508,20129,-989898,-989898,-989898,-989898,-989898,-989898,ProvBC_20240929,20251112
Skeena,Steelhead,1961,13500,13374,-38.8,-989898,-989898,-989898,-989898,-989898,-989898,17803,15674,20222,-989898,-989898,-989898,-989898,-989898,-989898,ProvBC_20240929,20251112
Skeena,Steelhead,1962,24940,16899,-22.7,-989898,-989898,-989898,-989898,-989898,-989898,17940,15841,20317,-989898,-989898,-989898,-989898,-989898,-989898,ProvBC_20240929,20251112
Skeena,Steelhead,1963,20200,16769,-23.3,-989898,-989898,-989898,-989898,-989898,-989898,18077,16009,20413,-989898,-989898,-989898,-989898,-989898,-989898,ProvBC_20240929,20251112
Skeena,Steelhead,1964,15851,18034,-17.5,-989898,-989898,-989898,-989898,-989898,-989898,18216,16179,20510,-989898,-989898,-989898,-989898,-989898,-989898,ProvBC_20240929,20251112
Skeena,Steelhead,1965,20374,18550,-15.1,-989898,-989898,-989898,-989898,-989898,-989898,18356,16350,20608,-989898,-989898,-989898,-989898,-989898,-989898,ProvBC_20240929,20251112
Skeena,Steelhead,1966,36601,22645,3.6,-989898,-989898,-989898,-989898,-989898,-989898,18496,16521,20708,-989898,-989898,-989898,-989898,-989898,-989898,ProvBC_20240929,20251112
Skeena,Steelhead,1967,26585,22936,5,-989898,-989898,-989898,-989898,-989898,-989898,18638,16694,20809,-989898,-989898,-989898,-989898,-989898,-989898,ProvBC_20240929,20251112
Skeena,Steelhead,1968,18022,22419,2.6,-989898,-989898,-989898,-989898,-989898,-989898,18781,16868,20912,-989898,-989898,-989898,-989898,-989898,-989898,ProvBC_20240929,20251112
Skeena,Steelhead,1969,23453,24246,10.9,-989898,-989898,-989898,-989898,-989898,-989898,18925,17042,21016,-989898,-989898,-989898,-989898,-989898,-989898,ProvBC_20240929,20251112
Skeena,Steelhead,1970,27597,25763,17.9,-989898,-989898,-989898,-989898,-989898,-989898,19070,17218,21122,-989898,-989898,-989898,-989898,-989898,-989898,ProvBC_20240929,20251112
Skeena,Steelhead,1971,18881,22569,3.3,-989898,-989898,-989898,-989898,-989898,-989898,19217,17394,21230,-989898,-989898,-989898,-989898,-989898,-989898,ProvBC_20240929,20251112
Skeena,Steelhead,1972,15868,20356,-6.9,-989898,-989898,-989898,-989898,-989898,-989898,19364,17570,21341,-989898,-989898,-989898,-989898,-989898,-989898,ProvBC_20240929,20251112
Skeena,Steelhead,1973,15475,19745,-9.6,-989898,-989898,-989898,-989898,-989898,-989898,19512,17747,21453,-989898,-989898,-989898,-989898,-989898,-989898,ProvBC_20240929,20251112
Skeena,Steelhead,1974,12546,17422,-20.3,-989898,-989898,-989898,-989898,-989898,-989898,19662,17925,21568,-989898,-989898,-989898,-989898,-989898,-989898,ProvBC_20240929,20251112
Skeena,Steelhead,1975,12675,14912,-31.8,-989898,-989898,-989898,-989898,-989898,-989898,19813,18102,21685,-989898,-989898,-989898,-989898,-989898,-989898,ProvBC_20240929,20251112
Skeena,Steelhead,1976,25444,15828,-27.6,-989898,-989898,-989898,-989898,-989898,-989898,19965,18280,21804,-989898,-989898,-989898,-989898,-989898,-989898,ProvBC_20240929,20251112
Skeena,Steelhead,1977,16617,15975,-26.9,-989898,-989898,-989898,-989898,-989898,-989898,20118,18458,21927,-989898,-989898,-989898,-989898,-989898,-989898,ProvBC_20240929,20251112
Skeena,Steelhead,1978,20157,16842,-22.9,-989898,-989898,-989898,-989898,-989898,-989898,20272,18635,22053,-989898,-989898,-989898,-989898,-989898,-989898,ProvBC_20240929,20251112
Skeena,Steelhead,1979,11509,16554,-24.2,-989898,-989898,-989898,-989898,-989898,-989898,20427,18812,22181,-989898,-989898,-989898,-989898,-989898,-989898,ProvBC_20240929,20251112
Skeena,Steelhead,1980,22092,18500,-15.3,-989898,-989898,-989898,-989898,-989898,-989898,20584,18988,22314,-989898,-989898,-989898,-989898,-989898,-989898,ProvBC_20240929,20251112
Skeena,Steelhead,1981,22566,18061,-17.4,-989898,-989898,-989898,-989898,-989898,-989898,20742,19164,22450,-989898,-989898,-989898,-989898,-989898,-989898,ProvBC_20240929,20251112
Skeena,Steelhead,1982,32946,20711,-5.2,-989898,-989898,-989898,-989898,-989898,-989898,20901,19338,22590,-989898,-989898,-989898,-989898,-989898,-989898,ProvBC_20240929,20251112
Skeena,Steelhead,1983,10506,18180,-16.8,-989898,-989898,-989898,-989898,-989898,-989898,21061,19511,22734,-989898,-989898,-989898,-989898,-989898,-989898,ProvBC_20240929,20251112
Skeena,Steelhead,1984,47716,24161,10.6,-989898,-989898,-989898,-989898,-989898,-989898,21223,19683,22883,-989898,-989898,-989898,-989898,-989898,-989898,ProvBC_20240929,20251112
Skeena,Steelhead,1985,31767,25982,18.9,-989898,-989898,-989898,-989898,-989898,-989898,21385,19853,23036,-989898,-989898,-989898,-989898,-989898,-989898,ProvBC_20240929,20251112
Skeena,Steelhead,1986,36872,28663,31.2,-989898,-989898,-989898,-989898,-989898,-989898,21549,20021,23194,-989898,-989898,-989898,-989898,-989898,-989898,ProvBC_20240929,20251112
Skeena,Steelhead,1987,20835,26153,19.7,-989898,-989898,-989898,-989898,-989898,-989898,21714,20187,23357,-989898,-989898,-989898,-989898,-989898,-989898,ProvBC_20240929,20251112
Skeena,Steelhead,1988,38344,33882,55,-989898,-989898,-989898,-989898,-989898,-989898,21881,20351,23526,-989898,-989898,-989898,-989898,-989898,-989898,ProvBC_20240929,20251112
Skeena,Steelhead,1989,18991,28180,29,-989898,-989898,-989898,-989898,-989898,-989898,22049,20513,23700,-989898,-989898,-989898,-989898,-989898,-989898,ProvBC_20240929,20251112
Skeena,Steelhead,1990,23267,26479,21.2,-989898,-989898,-989898,-989898,-989898,-989898,22218,20672,23879,-989898,-989898,-989898,-989898,-989898,-989898,ProvBC_20240929,20251112
Skeena,Steelhead,1991,9723,20282,-7.2,-989898,-989898,-989898,-989898,-989898,-989898,22388,20828,24064,-989898,-989898,-989898,-989898,-989898,-989898,ProvBC_20240929,20251112
Skeena,Steelhead,1992,11328,17955,-17.8,-989898,-989898,-989898,-989898,-989898,-989898,22560,20982,24256,-989898,-989898,-989898,-989898,-989898,-989898,ProvBC_20240929,20251112
Skeena,Steelhead,1993,13999,14678,-32.8,-989898,-989898,-989898,-989898,-989898,-989898,22733,21134,24453,-989898,-989898,-989898,-989898,-989898,-989898,ProvBC_20240929,20251112
Skeena,Steelhead,1994,21866,15098,-30.9,-989898,-989898,-989898,-989898,-989898,-989898,22907,21283,24655,-989898,-989898,-989898,-989898,-989898,-989898,ProvBC_20240929,20251112
Skeena,Steelhead,1995,19554,14582,-33.3,-989898,-989898,-989898,-989898,-989898,-989898,23083,21429,24864,-989898,-989898,-989898,-989898,-989898,-989898,ProvBC_20240929,20251112
Skeena,Steelhead,1996,23409,17383,-20.5,-989898,-989898,-989898,-989898,-989898,-989898,23260,21572,25079,-989898,-989898,-989898,-989898,-989898,-989898,ProvBC_20240929,20251112
Skeena,Steelhead,1997,12714,17789,-18.6,-989898,-989898,-989898,-989898,-989898,-989898,23438,21713,25300,-989898,-989898,-989898,-989898,-989898,-989898,ProvBC_20240929,20251112
Skeena,Steelhead,1998,59022,23721,8.5,-989898,-989898,-989898,-989898,-989898,-989898,23618,21852,25526,-989898,-989898,-989898,-989898,-989898,-989898,ProvBC_20240929,20251112
Skeena,Steelhead,1999,39363,26681,22.1,-989898,-989898,-989898,-989898,-989898,-989898,23799,21988,25759,-989898,-989898,-989898,-989898,-989898,-989898,ProvBC_20240929,20251112
Skeena,Steelhead,2000,48741,32028,46.6,-989898,-989898,-989898,-989898,-989898,-989898,23981,22122,25997,-989898,-989898,-989898,-989898,-989898,-989898,ProvBC_20240929,20251112
Skeena,Steelhead,2001,26373,32801,50.1,-989898,-989898,-989898,-989898,-989898,-989898,24165,22254,26240,-989898,-989898,-989898,-989898,-989898,-989898,ProvBC_20240929,20251112
Skeena,Steelhead,2002,50297,43186,97.6,-989898,-989898,-989898,-989898,-989898,-989898,24350,22384,26489,-989898,-989898,-989898,-989898,-989898,-989898,ProvBC_20240929,20251112
Skeena,Steelhead,2003,24422,36199,65.6,-989898,-989898,-989898,-989898,-989898,-989898,24537,22512,26744,-989898,-989898,-989898,-989898,-989898,-989898,ProvBC_20240929,20251112
Skeena,Steelhead,2004,-989898,35448,62.2,-989898,-989898,-989898,-989898,-989898,-989898,24725,22639,27004,-989898,-989898,-989898,-989898,-989898,-989898,ProvBC_20240929,20251112
Skeena,Steelhead,2005,-989898,31878,45.9,-989898,-989898,-989898,-989898,-989898,-989898,24915,22764,27269,-989898,-989898,-989898,-989898,-989898,-989898,ProvBC_20240929,20251112
Skeena,Steelhead,2006,27500,32326,47.9,-989898,-989898,-989898,-989898,-989898,-989898,25106,22888,27539,-989898,-989898,-989898,-989898,-989898,-989898,ProvBC_20240929,20251112
Skeena,Steelhead,2007,-989898,25915,18.6,-989898,-989898,-989898,-989898,-989898,-989898,25298,23010,27814,-989898,-989898,-989898,-989898,-989898,-989898,ProvBC_20240929,20251112
Skeena,Steelhead,2008,42440,34163,56.3,-989898,-989898,-989898,-989898,-989898,-989898,25492,23131,28095,-989898,-989898,-989898,-989898,-989898,-989898,ProvBC_20240929,20251112
Skeena,Steelhead,2009,34180,34169,56.4,-989898,-989898,-989898,-989898,-989898,-989898,25688,23251,28380,-989898,-989898,-989898,-989898,-989898,-989898,ProvBC_20240929,20251112
Skeena,Steelhead,2010,50489,37672,72.4,-989898,-989898,-989898,46680,39850,54682,25885,23370,28670,-989898,-989898,-989898,-989898,-989898,-989898,ProvBC_20240929,20251112
Skeena,Steelhead,2011,31809,39068,78.8,-989898,-989898,-989898,42788,37116,49327,26083,23488,28965,-989898,-989898,-989898,-989898,-989898,-989898,ProvBC_20240929,20251112
Skeena,Steelhead,2012,39964,39246,79.6,-989898,-989898,-989898,39221,34540,44536,26283,23605,29265,-989898,-989898,-989898,-989898,-989898,-989898,ProvBC_20240929,20251112
Skeena,Steelhead,2013,24256,35091,60.6,-989898,-989898,-989898,35951,32102,40261,26485,23722,29569,-989898,-989898,-989898,-989898,-989898,-989898,ProvBC_20240929,20251112
Skeena,Steelhead,2014,30250,34245,56.7,-989898,-989898,-989898,32953,29783,36461,26688,23838,29878,-989898,-989898,-989898,-989898,-989898,-989898,ProvBC_20240929,20251112
Skeena,Steelhead,2015,26553,30114,37.8,-989898,-989898,-989898,30206,27563,33102,26892,23953,30192,-989898,-989898,-989898,-989898,-989898,-989898,ProvBC_20240929,20251112
Skeena,Steelhead,2016,42439,31902,46,-989898,-989898,-989898,27687,25424,30152,27098,24068,30510,-989898,-989898,-989898,-989898,-989898,-989898,ProvBC_20240929,20251112
Skeena,Steelhead,2017,17078,26914,23.2,-989898,-989898,-989898,25379,23355,27578,27306,24182,30833,-989898,-989898,-989898,-989898,-989898,-989898,ProvBC_20240929,20251112
Skeena,Steelhead,2018,43238,30212,38.3,-989898,-989898,-989898,23263,21361,25334,27516,24297,31161,-989898,-989898,-989898,-989898,-989898,-989898,ProvBC_20240929,20251112
Skeena,Steelhead,2019,15606,26466,21.1,-989898,-989898,-989898,21323,19457,23368,27727,24410,31493,-989898,-989898,-989898,-989898,-989898,-989898,ProvBC_20240929,20251112
Skeena,Steelhead,2020,15280,23697,8.4,-989898,-989898,-989898,19545,17665,21626,27939,24524,31830,-989898,-989898,-989898,-989898,-989898,-989898,ProvBC_20240929,20251112
Skeena,Steelhead,2021,5164,15550,-28.8,-989898,-989898,-989898,17916,15998,20064,28153,24637,32172,-989898,-989898,-989898,-989898,-989898,-989898,ProvBC_20240929,20251112
Skeena,Steelhead,2022,15204,15193,-30.5,-989898,-989898,-989898,16422,14462,18648,28369,24750,32518,-989898,-989898,-989898,-989898,-989898,-989898,ProvBC_20240929,20251112
Skeena,Steelhead,2023,9295,11172,-48.9,-989898,-989898,-989898,15053,13057,17353,28587,24863,32868,-989898,-989898,-989898,-989898,-989898,-989898,ProvBC_20240929,20251112
Skeena,Steelhead,2024,33313,13001,-40.5,-989898,-989898,-989898,13798,11779,16163,28806,24976,33223,-989898,-989898,-989898,-989898,-989898,-989898,ProvBC_20240929,20251112
West Vancouver Island,Chinook,1985,-989898,-989898,-989898,304361,304361,25.7,-989898,-989898,-989898,-989898,-989898,-989898,-989898,-989898,-989898,238320,188131,301899,"CTC_20250714, Brown_20250703",20251112
West Vancouver Island,Chinook,1986,-989898,-989898,-989898,128113,197465,-18.4,-989898,-989898,-989898,-989898,-989898,-989898,-989898,-989898,-989898,238271,189821,299088,"CTC_20250714, Brown_20250703",20251112
West Vancouver Island,Chinook,1987,-989898,-989898,-989898,138831,175586,-27.5,-989898,-989898,-989898,-989898,-989898,-989898,-989898,-989898,-989898,238222,191498,296346,"CTC_20250714, Brown_20250703",20251112
West Vancouver Island,Chinook,1988,-989898,-989898,-989898,225781,186977,-22.8,-989898,-989898,-989898,-989898,-989898,-989898,-989898,-989898,-989898,238173,193160,293676,"CTC_20250714, Brown_20250703",20251112
West Vancouver Island,Chinook,1989,-989898,-989898,-989898,271383,181693,-25,-989898,-989898,-989898,-989898,-989898,-989898,-989898,-989898,-989898,238124,194801,291083,"CTC_20250714, Brown_20250703",20251112
West Vancouver Island,Chinook,1990,-989898,-989898,-989898,426770,245464,1.4,-989898,-989898,-989898,-989898,-989898,-989898,-989898,-989898,-989898,238075,196415,288572,"CTC_20250714, Brown_20250703",20251112
West Vancouver Island,Chinook,1991,-989898,-989898,-989898,582557,351318,45.1,-989898,-989898,-989898,-989898,-989898,-989898,-989898,-989898,-989898,238027,197997,286150,"CTC_20250714, Brown_20250703",20251112
West Vancouver Island,Chinook,1992,-989898,-989898,-989898,796709,481508,98.9,-989898,-989898,-989898,-989898,-989898,-989898,-989898,-989898,-989898,237978,199537,283824,"CTC_20250714, Brown_20250703",20251112
West Vancouver Island,Chinook,1993,-989898,-989898,-989898,548108,574017,137.1,-989898,-989898,-989898,-989898,-989898,-989898,-989898,-989898,-989898,237929,201029,281602,"CTC_20250714, Brown_20250703",20251112
West Vancouver Island,Chinook,1994,-989898,-989898,-989898,356957,548947,126.7,-989898,-989898,-989898,-989898,-989898,-989898,-989898,-989898,-989898,237880,202460,279496,"CTC_20250714, Brown_20250703",20251112
West Vancouver Island,Chinook,1995,5964,5964,-51.8,134767,380708,57.2,-989898,-989898,-989898,8496,7491,9635,-989898,-989898,-989898,237831,203821,277516,"CTC_20250714, Brown_20250703",20251112
West Vancouver Island,Chinook,1996,9449,7507,-39.3,133089,243390,0.5,-989898,-989898,-989898,8692,7713,9795,-989898,-989898,-989898,237782,205098,275674,"CTC_20250714, Brown_20250703",20251112
West Vancouver Island,Chinook,1997,11563,8670,-29.9,230236,195943,-19.1,-989898,-989898,-989898,8893,7941,9960,-989898,-989898,-989898,237733,206277,273987,"CTC_20250714, Brown_20250703",20251112
West Vancouver Island,Chinook,1998,21021,10818,-12.5,318760,190477,-21.3,-989898,-989898,-989898,9099,8174,10129,-989898,-989898,-989898,237685,207341,272468,"CTC_20250714, Brown_20250703",20251112
West Vancouver Island,Chinook,1999,15779,13797,11.6,169592,201742,-16.7,-989898,-989898,-989898,9310,8412,10303,-989898,-989898,-989898,237636,208275,271135,"CTC_20250714, Brown_20250703",20251112
West Vancouver Island,Chinook,2000,6373,12504,1.1,47280,155751,-35.7,-989898,-989898,-989898,9525,8656,10482,-989898,-989898,-989898,237587,209061,270005,"CTC_20250714, Brown_20250703",20251112
West Vancouver Island,Chinook,2001,6811,10954,-11.4,99974,126432,-47.8,-989898,-989898,-989898,9746,8903,10667,-989898,-989898,-989898,237538,209684,269093,"CTC_20250714, Brown_20250703",20251112
West Vancouver Island,Chinook,2002,11112,9340,-24.4,227379,116193,-52,-989898,-989898,-989898,9971,9156,10859,-989898,-989898,-989898,237489,210127,268414,"CTC_20250714, Brown_20250703",20251112
West Vancouver Island,Chinook,2003,12071,8735,-29.3,298406,133823,-44.7,-989898,-989898,-989898,10202,9411,11059,-989898,-989898,-989898,237441,210381,267980,"CTC_20250714, Brown_20250703",20251112
West Vancouver Island,Chinook,2004,19790,11596,-6.2,408335,229412,-5.3,-989898,-989898,-989898,10438,9670,11267,-989898,-989898,-989898,237392,210438,267798,"CTC_20250714, Brown_20250703",20251112
West Vancouver Island,Chinook,2005,7410,11843,-4.2,259426,291170,20.3,-989898,-989898,-989898,10680,9931,11485,-989898,-989898,-989898,237343,210295,267870,"CTC_20250714, Brown_20250703",20251112
West Vancouver Island,Chinook,2006,13676,12474,0.9,288244,308958,27.6,-989898,-989898,-989898,10927,10192,11714,-989898,-989898,-989898,237294,209955,268194,"CTC_20250714, Brown_20250703",20251112
West Vancouver Island,Chinook,2007,8039,11268,-8.8,213557,284169,17.4,-989898,-989898,-989898,11179,10454,11956,-989898,-989898,-989898,237246,209425,268762,"CTC_20250714, Brown_20250703",20251112
West Vancouver Island,Chinook,2008,7851,8943,-27.7,130114,213502,-11.8,-989898,-989898,-989898,11438,10714,12212,-989898,-989898,-989898,237197,208718,269561,"CTC_20250714, Brown_20250703",20251112
West Vancouver Island,Chinook,2009,12040,10097,-18.3,163994,190373,-21.4,-989898,-989898,-989898,11703,10971,12484,-989898,-989898,-989898,237148,207848,270579,"CTC_20250714, Brown_20250703",20251112
West Vancouver Island,Chinook,2010,11482,9665,-21.8,135572,157655,-34.9,-989898,-989898,-989898,11974,11225,12773,-989898,-989898,-989898,237099,206831,271797,"CTC_20250714, Brown_20250703",20251112
West Vancouver Island,Chinook,2011,10511,10335,-16.4,250581,164084,-32.2,-989898,-989898,-989898,12251,11475,13079,-989898,-989898,-989898,237051,205685,273200,"CTC_20250714, Brown_20250703",20251112
West Vancouver Island,Chinook,2012,8999,10694,-13.5,122517,161635,-33.2,-989898,-989898,-989898,12534,11721,13404,176080,161879,191526,237002,204425,274770,"CTC_20250714, Brown_20250703",20251112
West Vancouver Island,Chinook,2013,16670,11600,-6.2,263252,181937,-24.9,13647,11642,15998,12824,11963,13748,188172,174847,202512,236953,203069,276492,"CTC_20250714, Brown_20250703",20251112
West Vancouver Island,Chinook,2014,11037,11486,-7.1,184706,196562,-18.8,13886,12086,15953,13121,12201,14110,201094,188691,214311,236905,201630,278350,"CTC_20250714, Brown_20250703",20251112
West Vancouver Island,Chinook,2015,23366,14025,13.4,293627,204509,-15.5,14128,12526,15934,13425,12437,14490,214903,203363,227098,236856,200122,280333,"CTC_20250714, Brown_20250703",20251112
West Vancouver Island,Chinook,2016,22006,17538,41.9,308859,257693,6.4,14375,12951,15955,13735,12671,14889,229661,218736,241132,236807,198556,282428,"CTC_20250714, Brown_20250703",20251112
West Vancouver Island,Chinook,2017,17727,17810,44.1,309119,268251,10.8,14626,13339,16037,14053,12904,15305,245432,234593,256772,236759,196942,284626,"CTC_20250714, Brown_20250703",20251112
West Vancouver Island,Chinook,2018,12173,18251,47.6,274047,296058,22.3,14881,13663,16207,14378,13136,15738,262286,250703,274405,236710,195289,286917,"CTC_20250714, Brown_20250703",20251112
West Vancouver Island,Chinook,2019,15891,16574,34.1,299947,297638,22.9,15141,13902,16490,14711,13368,16189,280298,266964,294298,236662,193604,289295,"CTC_20250714, Brown_20250703",20251112
West Vancouver Island,Chinook,2020,12077,14265,15.4,283762,291398,20.3,15405,14050,16892,15051,13600,16657,299547,283462,316544,236613,191895,291752,"CTC_20250714, Brown_20250703",20251112
West Vancouver Island,Chinook,2021,16168,13941,12.8,320415,294025,21.4,15674,14122,17398,15400,13834,17143,320117,300374,341158,236564,190166,294284,"CTC_20250714, Brown_20250703",20251112
West Vancouver Island,Chinook,2022,13377,14274,15.5,407582,324700,34.1,15948,14140,17987,15756,14069,17646,342100,317876,368170,236516,188422,296885,"CTC_20250714, Brown_20250703",20251112
West Vancouver Island,Chinook,2023,25052,15994,29.4,429707,355233,46.7,16226,14123,18643,16121,14305,18166,365592,336108,397664,236467,186668,299552,"CTC_20250714, Brown_20250703",20251112
West Vancouver Island,Chinook,2024,13101,16323,32,-989898,-989898,-989898,16510,14084,19354,16494,14544,18705,-989898,-989898,-989898,-989898,-989898,-989898,"CTC_20250714, Brown_20250703",20251112
West Vancouver Island,Chum,1953,505923,505923,14.4,-989898,-989898,-989898,-989898,-989898,-989898,358819,302376,425797,-989898,-989898,-989898,-989898,-989898,-989898,NuSEDS_20250221,20251112
West Vancouver Island,Chum,1954,771232,624647,41.3,-989898,-989898,-989898,-989898,-989898,-989898,361071,305364,426939,-989898,-989898,-989898,-989898,-989898,-989898,NuSEDS_20250221,20251112
West Vancouver Island,Chum,1955,181420,413668,-6.4,-989898,-989898,-989898,-989898,-989898,-989898,363337,308373,428096,-989898,-989898,-989898,-989898,-989898,-989898,NuSEDS_20250221,20251112
West Vancouver Island,Chum,1956,282815,376153,-14.9,-989898,-989898,-989898,-989898,-989898,-989898,365617,311403,429269,-989898,-989898,-989898,-989898,-989898,-989898,NuSEDS_20250221,20251112
West Vancouver Island,Chum,1957,262648,319291,-27.8,-989898,-989898,-989898,-989898,-989898,-989898,367911,314453,430458,-989898,-989898,-989898,-989898,-989898,-989898,NuSEDS_20250221,20251112
West Vancouver Island,Chum,1958,419611,274222,-38,-989898,-989898,-989898,-989898,-989898,-989898,370220,317521,431665,-989898,-989898,-989898,-989898,-989898,-989898,NuSEDS_20250221,20251112
West Vancouver Island,Chum,1959,246090,295940,-33.1,-989898,-989898,-989898,-989898,-989898,-989898,372543,320608,432891,-989898,-989898,-989898,-989898,-989898,-989898,NuSEDS_20250221,20251112
West Vancouver Island,Chum,1960,423016,327279,-26,-989898,-989898,-989898,-989898,-989898,-989898,374881,323713,434137,-989898,-989898,-989898,-989898,-989898,-989898,NuSEDS_20250221,20251112
West Vancouver Island,Chum,1961,190138,301885,-31.7,-989898,-989898,-989898,-989898,-989898,-989898,377234,326835,435405,-989898,-989898,-989898,-989898,-989898,-989898,NuSEDS_20250221,20251112
West Vancouver Island,Chum,1962,182903,245293,-44.5,-989898,-989898,-989898,-989898,-989898,-989898,379601,329972,436695,-989898,-989898,-989898,-989898,-989898,-989898,NuSEDS_20250221,20251112
West Vancouver Island,Chum,1963,168911,223268,-49.5,-989898,-989898,-989898,-989898,-989898,-989898,381983,333124,438010,-989898,-989898,-989898,-989898,-989898,-989898,NuSEDS_20250221,20251112
West Vancouver Island,Chum,1964,338635,211188,-52.2,-989898,-989898,-989898,-989898,-989898,-989898,384381,336288,439351,-989898,-989898,-989898,-989898,-989898,-989898,NuSEDS_20250221,20251112
West Vancouver Island,Chum,1965,269882,230514,-47.9,-989898,-989898,-989898,-989898,-989898,-989898,386793,339465,440720,-989898,-989898,-989898,-989898,-989898,-989898,NuSEDS_20250221,20251112
West Vancouver Island,Chum,1966,219958,241394,-45.4,-989898,-989898,-989898,-989898,-989898,-989898,389220,342651,442119,-989898,-989898,-989898,-989898,-989898,-989898,NuSEDS_20250221,20251112
West Vancouver Island,Chum,1967,368293,293332,-33.7,-989898,-989898,-989898,-989898,-989898,-989898,391663,345846,443550,-989898,-989898,-989898,-989898,-989898,-989898,NuSEDS_20250221,20251112
West Vancouver Island,Chum,1968,638324,343706,-22.3,-989898,-989898,-989898,-989898,-989898,-989898,394121,349047,445016,-989898,-989898,-989898,-989898,-989898,-989898,NuSEDS_20250221,20251112
West Vancouver Island,Chum,1969,369455,371778,-15.9,-989898,-989898,-989898,-989898,-989898,-989898,396594,352252,446518,-989898,-989898,-989898,-989898,-989898,-989898,NuSEDS_20250221,20251112
West Vancouver Island,Chum,1970,355022,419047,-5.2,-989898,-989898,-989898,-989898,-989898,-989898,399083,355459,448061,-989898,-989898,-989898,-989898,-989898,-989898,NuSEDS_20250221,20251112
West Vancouver Island,Chum,1971,358550,416248,-5.9,-989898,-989898,-989898,-989898,-989898,-989898,401587,358665,449647,-989898,-989898,-989898,-989898,-989898,-989898,NuSEDS_20250221,20251112
West Vancouver Island,Chum,1972,953266,460145,4.1,-989898,-989898,-989898,-989898,-989898,-989898,404108,361868,451278,-989898,-989898,-989898,-989898,-989898,-989898,NuSEDS_20250221,20251112
West Vancouver Island,Chum,1973,800673,558301,26.3,-989898,-989898,-989898,-989898,-989898,-989898,406644,365064,452959,-989898,-989898,-989898,-989898,-989898,-989898,NuSEDS_20250221,20251112
West Vancouver Island,Chum,1974,535095,618603,39.9,-989898,-989898,-989898,-989898,-989898,-989898,409196,368250,454694,-989898,-989898,-989898,-989898,-989898,-989898,NuSEDS_20250221,20251112
West Vancouver Island,Chum,1975,273994,578376,30.8,-989898,-989898,-989898,-989898,-989898,-989898,411764,371423,456485,-989898,-989898,-989898,-989898,-989898,-989898,NuSEDS_20250221,20251112
West Vancouver Island,Chum,1976,353425,451316,2.1,-989898,-989898,-989898,-989898,-989898,-989898,414348,374580,458337,-989898,-989898,-989898,-989898,-989898,-989898,NuSEDS_20250221,20251112
West Vancouver Island,Chum,1977,320542,358995,-18.8,-989898,-989898,-989898,-989898,-989898,-989898,416948,377715,460255,-989898,-989898,-989898,-989898,-989898,-989898,NuSEDS_20250221,20251112
West Vancouver Island,Chum,1978,389237,331539,-25,-989898,-989898,-989898,-989898,-989898,-989898,419564,380826,462243,-989898,-989898,-989898,-989898,-989898,-989898,NuSEDS_20250221,20251112
West Vancouver Island,Chum,1979,126594,273339,-38.2,-989898,-989898,-989898,-989898,-989898,-989898,422197,383908,464306,-989898,-989898,-989898,-989898,-989898,-989898,NuSEDS_20250221,20251112
West Vancouver Island,Chum,1980,503966,298695,-32.4,-989898,-989898,-989898,-989898,-989898,-989898,424847,386956,466448,-989898,-989898,-989898,-989898,-989898,-989898,NuSEDS_20250221,20251112
West Vancouver Island,Chum,1981,484722,331230,-25.1,-989898,-989898,-989898,-989898,-989898,-989898,427513,389967,468675,-989898,-989898,-989898,-989898,-989898,-989898,NuSEDS_20250221,20251112
West Vancouver Island,Chum,1982,487349,350378,-20.8,-989898,-989898,-989898,-989898,-989898,-989898,430196,392935,470990,-989898,-989898,-989898,-989898,-989898,-989898,NuSEDS_20250221,20251112
West Vancouver Island,Chum,1983,323564,443020,0.2,-989898,-989898,-989898,-989898,-989898,-989898,432896,395858,473399,-989898,-989898,-989898,-989898,-989898,-989898,NuSEDS_20250221,20251112
West Vancouver Island,Chum,1984,391255,415851,-5.9,-989898,-989898,-989898,-989898,-989898,-989898,435613,398730,475907,-989898,-989898,-989898,-989898,-989898,-989898,NuSEDS_20250221,20251112
West Vancouver Island,Chum,1985,843952,477688,8,-989898,-989898,-989898,-989898,-989898,-989898,438346,401548,478517,-989898,-989898,-989898,-989898,-989898,-989898,NuSEDS_20250221,20251112
West Vancouver Island,Chum,1986,632159,509790,15.3,-989898,-989898,-989898,-989898,-989898,-989898,441097,404308,481234,-989898,-989898,-989898,-989898,-989898,-989898,NuSEDS_20250221,20251112
West Vancouver Island,Chum,1987,332012,513085,16,-989898,-989898,-989898,-989898,-989898,-989898,443865,407007,484061,-989898,-989898,-989898,-989898,-989898,-989898,NuSEDS_20250221,20251112
West Vancouver Island,Chum,1988,700707,593552,34.2,-989898,-989898,-989898,-989898,-989898,-989898,446651,409643,487002,-989898,-989898,-989898,-989898,-989898,-989898,NuSEDS_20250221,20251112
West Vancouver Island,Chum,1989,409869,495496,12.1,-989898,-989898,-989898,-989898,-989898,-989898,449454,412214,490058,-989898,-989898,-989898,-989898,-989898,-989898,NuSEDS_20250221,20251112
West Vancouver Island,Chum,1990,291617,408354,-7.6,-989898,-989898,-989898,-989898,-989898,-989898,452274,414718,493232,-989898,-989898,-989898,-989898,-989898,-989898,NuSEDS_20250221,20251112
West Vancouver Island,Chum,1991,889635,522458,18.2,-989898,-989898,-989898,-989898,-989898,-989898,455113,417154,496525,-989898,-989898,-989898,-989898,-989898,-989898,NuSEDS_20250221,20251112
West Vancouver Island,Chum,1992,1022139,574176,29.9,-989898,-989898,-989898,-989898,-989898,-989898,457969,419523,499938,-989898,-989898,-989898,-989898,-989898,-989898,NuSEDS_20250221,20251112
West Vancouver Island,Chum,1993,902761,699482,58.2,-989898,-989898,-989898,-989898,-989898,-989898,460843,421824,503471,-989898,-989898,-989898,-989898,-989898,-989898,NuSEDS_20250221,20251112
West Vancouver Island,Chum,1994,1087238,971975,119.8,-989898,-989898,-989898,-989898,-989898,-989898,463735,424058,507124,-989898,-989898,-989898,-989898,-989898,-989898,NuSEDS_20250221,20251112
West Vancouver Island,Chum,1995,342359,765548,73.1,-989898,-989898,-989898,-989898,-989898,-989898,466645,426228,510895,-989898,-989898,-989898,-989898,-989898,-989898,NuSEDS_20250221,20251112
West Vancouver Island,Chum,1996,931810,748043,69.2,-989898,-989898,-989898,-989898,-989898,-989898,469574,428333,514785,-989898,-989898,-989898,-989898,-989898,-989898,NuSEDS_20250221,20251112
West Vancouver Island,Chum,1997,1254531,812183,83.7,-989898,-989898,-989898,-989898,-989898,-989898,472520,430378,518790,-989898,-989898,-989898,-989898,-989898,-989898,NuSEDS_20250221,20251112
West Vancouver Island,Chum,1998,1545433,886819,100.6,-989898,-989898,-989898,-989898,-989898,-989898,475486,432363,522909,-989898,-989898,-989898,-989898,-989898,-989898,NuSEDS_20250221,20251112
West Vancouver Island,Chum,1999,620976,1029161,132.8,-989898,-989898,-989898,-989898,-989898,-989898,478470,434293,527141,-989898,-989898,-989898,-989898,-989898,-989898,NuSEDS_20250221,20251112
West Vancouver Island,Chum,2000,177310,679728,53.7,-989898,-989898,-989898,-989898,-989898,-989898,481472,436169,531482,-989898,-989898,-989898,-989898,-989898,-989898,NuSEDS_20250221,20251112
West Vancouver Island,Chum,2001,862604,618967,40,-989898,-989898,-989898,-989898,-989898,-989898,484494,437994,535931,-989898,-989898,-989898,-989898,-989898,-989898,NuSEDS_20250221,20251112
West Vancouver Island,Chum,2002,628153,494221,11.8,-989898,-989898,-989898,-989898,-989898,-989898,487534,439771,540485,-989898,-989898,-989898,-989898,-989898,-989898,NuSEDS_20250221,20251112
West Vancouver Island,Chum,2003,887261,540338,22.2,-989898,-989898,-989898,-989898,-989898,-989898,490594,441504,545143,-989898,-989898,-989898,-989898,-989898,-989898,NuSEDS_20250221,20251112
West Vancouver Island,Chum,2004,948362,821723,85.9,-989898,-989898,-989898,-989898,-989898,-989898,493673,443194,549901,-989898,-989898,-989898,-989898,-989898,-989898,NuSEDS_20250221,20251112
West Vancouver Island,Chum,2005,1257998,903010,104.2,-989898,-989898,-989898,-989898,-989898,-989898,496771,444845,554758,-989898,-989898,-989898,-989898,-989898,-989898,NuSEDS_20250221,20251112
West Vancouver Island,Chum,2006,512693,858303,94.1,-989898,-989898,-989898,-989898,-989898,-989898,499888,446459,559712,-989898,-989898,-989898,-989898,-989898,-989898,NuSEDS_20250221,20251112
West Vancouver Island,Chum,2007,488702,739416,67.2,-989898,-989898,-989898,-989898,-989898,-989898,503025,448039,564760,-989898,-989898,-989898,-989898,-989898,-989898,NuSEDS_20250221,20251112
West Vancouver Island,Chum,2008,271630,540928,22.3,-989898,-989898,-989898,-989898,-989898,-989898,506182,449587,569902,-989898,-989898,-989898,-989898,-989898,-989898,NuSEDS_20250221,20251112
West Vancouver Island,Chum,2009,315162,382695,-13.4,-989898,-989898,-989898,-989898,-989898,-989898,509359,451105,575135,-989898,-989898,-989898,-989898,-989898,-989898,NuSEDS_20250221,20251112
West Vancouver Island,Chum,2010,253627,320950,-27.4,-989898,-989898,-989898,-989898,-989898,-989898,512555,452596,580458,-989898,-989898,-989898,-989898,-989898,-989898,NuSEDS_20250221,20251112
West Vancouver Island,Chum,2011,805677,363678,-17.7,-989898,-989898,-989898,-989898,-989898,-989898,515772,454061,585870,-989898,-989898,-989898,-989898,-989898,-989898,NuSEDS_20250221,20251112
West Vancouver Island,Chum,2012,533997,430633,-2.6,-989898,-989898,-989898,-989898,-989898,-989898,519009,455502,591369,-989898,-989898,-989898,-989898,-989898,-989898,NuSEDS_20250221,20251112
West Vancouver Island,Chum,2013,302027,426074,-3.6,-989898,-989898,-989898,615594,471556,803629,522266,456922,596955,-989898,-989898,-989898,-989898,-989898,-989898,NuSEDS_20250221,20251112
West Vancouver Island,Chum,2014,448013,491201,11.1,-989898,-989898,-989898,572306,453442,722330,525543,458321,602626,-989898,-989898,-989898,-989898,-989898,-989898,NuSEDS_20250221,20251112
West Vancouver Island,Chum,2015,767134,485217,9.7,-989898,-989898,-989898,532062,434836,651027,528842,459700,608382,-989898,-989898,-989898,-989898,-989898,-989898,NuSEDS_20250221,20251112
West Vancouver Island,Chum,2016,1376883,614860,39.1,-989898,-989898,-989898,494648,415254,589222,532160,461063,614221,-989898,-989898,-989898,-989898,-989898,-989898,NuSEDS_20250221,20251112
West Vancouver Island,Chum,2017,432739,672699,52.1,-989898,-989898,-989898,459865,394032,536696,535500,462409,620144,-989898,-989898,-989898,-989898,-989898,-989898,NuSEDS_20250221,20251112
West Vancouver Island,Chum,2018,400489,654103,47.9,-989898,-989898,-989898,427528,370495,493340,538861,463740,626150,-989898,-989898,-989898,-989898,-989898,-989898,NuSEDS_20250221,20251112
West Vancouver Island,Chum,2019,165701,445923,0.9,-989898,-989898,-989898,397464,344442,458649,542242,465057,632238,-989898,-989898,-989898,-989898,-989898,-989898,NuSEDS_20250221,20251112
West Vancouver Island,Chum,2020,487185,343921,-22.2,-989898,-989898,-989898,369515,316617,431251,545645,466361,638408,-989898,-989898,-989898,-989898,-989898,-989898,NuSEDS_20250221,20251112
West Vancouver Island,Chum,2021,270622,305839,-30.8,-989898,-989898,-989898,343531,288392,409213,549069,467653,644659,-989898,-989898,-989898,-989898,-989898,-989898,NuSEDS_20250221,20251112
West Vancouver Island,Chum,2022,198067,256477,-42,-989898,-989898,-989898,319374,261013,390784,552515,468934,650993,-989898,-989898,-989898,-989898,-989898,-989898,NuSEDS_20250221,20251112
West Vancouver Island,Chum,2023,243865,282491,-36.1,-989898,-989898,-989898,296916,235248,374749,555982,470205,657408,-989898,-989898,-989898,-989898,-989898,-989898,NuSEDS_20250221,20251112
West Vancouver Island,Chum,2024,338229,257860,-41.7,-989898,-989898,-989898,276037,211449,360354,559472,471466,663904,-989898,-989898,-989898,-989898,-989898,-989898,NuSEDS_20250221,20251112
West Vancouver Island,Coho,1953,222675,222675,71.8,-989898,-989898,-989898,-989898,-989898,-989898,118295,95383,146711,-989898,-989898,-989898,-989898,-989898,-989898,NuSEDS_20250221,20251112
West Vancouver Island,Coho,1954,295122,256352,97.8,-989898,-989898,-989898,-989898,-989898,-989898,118668,96115,146513,-989898,-989898,-989898,-989898,-989898,-989898,NuSEDS_20250221,20251112
West Vancouver Island,Coho,1955,180297,227975,75.9,-989898,-989898,-989898,-989898,-989898,-989898,119042,96850,146320,-989898,-989898,-989898,-989898,-989898,-989898,NuSEDS_20250221,20251112
West Vancouver Island,Coho,1956,226177,227524,75.6,-989898,-989898,-989898,-989898,-989898,-989898,119417,97586,146133,-989898,-989898,-989898,-989898,-989898,-989898,NuSEDS_20250221,20251112
West Vancouver Island,Coho,1957,138548,202074,55.9,-989898,-989898,-989898,-989898,-989898,-989898,119794,98324,145951,-989898,-989898,-989898,-989898,-989898,-989898,NuSEDS_20250221,20251112
West Vancouver Island,Coho,1958,170915,176281,36,-989898,-989898,-989898,-989898,-989898,-989898,120172,99064,145776,-989898,-989898,-989898,-989898,-989898,-989898,NuSEDS_20250221,20251112
West Vancouver Island,Coho,1959,111795,156428,20.7,-989898,-989898,-989898,-989898,-989898,-989898,120551,99805,145608,-989898,-989898,-989898,-989898,-989898,-989898,NuSEDS_20250221,20251112
West Vancouver Island,Coho,1960,66342,115119,-11.2,-989898,-989898,-989898,-989898,-989898,-989898,120931,100546,145447,-989898,-989898,-989898,-989898,-989898,-989898,NuSEDS_20250221,20251112
West Vancouver Island,Coho,1961,100768,106311,-18,-989898,-989898,-989898,-989898,-989898,-989898,121312,101288,145294,-989898,-989898,-989898,-989898,-989898,-989898,NuSEDS_20250221,20251112
West Vancouver Island,Coho,1962,158547,104333,-19.5,-989898,-989898,-989898,-989898,-989898,-989898,121694,102030,145149,-989898,-989898,-989898,-989898,-989898,-989898,NuSEDS_20250221,20251112
West Vancouver Island,Coho,1963,94430,100022,-22.8,-989898,-989898,-989898,-989898,-989898,-989898,122078,102771,145013,-989898,-989898,-989898,-989898,-989898,-989898,NuSEDS_20250221,20251112
West Vancouver Island,Coho,1964,278094,143118,10.4,-989898,-989898,-989898,-989898,-989898,-989898,122463,103510,144886,-989898,-989898,-989898,-989898,-989898,-989898,NuSEDS_20250221,20251112
West Vancouver Island,Coho,1965,189494,167596,29.3,-989898,-989898,-989898,-989898,-989898,-989898,122849,104248,144769,-989898,-989898,-989898,-989898,-989898,-989898,NuSEDS_20250221,20251112
West Vancouver Island,Coho,1966,169214,170347,31.4,-989898,-989898,-989898,-989898,-989898,-989898,123236,104984,144662,-989898,-989898,-989898,-989898,-989898,-989898,NuSEDS_20250221,20251112
West Vancouver Island,Coho,1967,100261,172917,33.4,-989898,-989898,-989898,-989898,-989898,-989898,123625,105716,144567,-989898,-989898,-989898,-989898,-989898,-989898,NuSEDS_20250221,20251112
West Vancouver Island,Coho,1968,152304,148754,14.8,-989898,-989898,-989898,-989898,-989898,-989898,124015,106445,144485,-989898,-989898,-989898,-989898,-989898,-989898,NuSEDS_20250221,20251112
West Vancouver Island,Coho,1969,84545,121574,-6.2,-989898,-989898,-989898,-989898,-989898,-989898,124406,107168,144415,-989898,-989898,-989898,-989898,-989898,-989898,NuSEDS_20250221,20251112
West Vancouver Island,Coho,1970,148675,117704,-9.2,-989898,-989898,-989898,-989898,-989898,-989898,124798,107887,144360,-989898,-989898,-989898,-989898,-989898,-989898,NuSEDS_20250221,20251112
West Vancouver Island,Coho,1971,182277,136676,5.5,-989898,-989898,-989898,-989898,-989898,-989898,125191,108598,144320,-989898,-989898,-989898,-989898,-989898,-989898,NuSEDS_20250221,20251112
West Vancouver Island,Coho,1972,126782,130551,0.7,-989898,-989898,-989898,-989898,-989898,-989898,125586,109302,144296,-989898,-989898,-989898,-989898,-989898,-989898,NuSEDS_20250221,20251112
West Vancouver Island,Coho,1973,186158,159030,22.7,-989898,-989898,-989898,-989898,-989898,-989898,125982,109997,144290,-989898,-989898,-989898,-989898,-989898,-989898,NuSEDS_20250221,20251112
West Vancouver Island,Coho,1974,104489,145608,12.3,-989898,-989898,-989898,-989898,-989898,-989898,126379,110683,144302,-989898,-989898,-989898,-989898,-989898,-989898,NuSEDS_20250221,20251112
West Vancouver Island,Coho,1975,71989,115430,-10.9,-989898,-989898,-989898,-989898,-989898,-989898,126778,111357,144334,-989898,-989898,-989898,-989898,-989898,-989898,NuSEDS_20250221,20251112
West Vancouver Island,Coho,1976,58694,95214,-26.5,-989898,-989898,-989898,-989898,-989898,-989898,127177,112018,144388,-989898,-989898,-989898,-989898,-989898,-989898,NuSEDS_20250221,20251112
West Vancouver Island,Coho,1977,89372,79256,-38.8,-989898,-989898,-989898,-989898,-989898,-989898,127578,112666,144465,-989898,-989898,-989898,-989898,-989898,-989898,NuSEDS_20250221,20251112
West Vancouver Island,Coho,1978,93529,77091,-40.5,-989898,-989898,-989898,-989898,-989898,-989898,127981,113298,144566,-989898,-989898,-989898,-989898,-989898,-989898,NuSEDS_20250221,20251112
West Vancouver Island,Coho,1979,135833,90352,-30.3,-989898,-989898,-989898,-989898,-989898,-989898,128384,113913,144693,-989898,-989898,-989898,-989898,-989898,-989898,NuSEDS_20250221,20251112
West Vancouver Island,Coho,1980,52046,87677,-32.4,-989898,-989898,-989898,-989898,-989898,-989898,128789,114510,144848,-989898,-989898,-989898,-989898,-989898,-989898,NuSEDS_20250221,20251112
West Vancouver Island,Coho,1981,70502,82630,-36.2,-989898,-989898,-989898,-989898,-989898,-989898,129195,115087,145032,-989898,-989898,-989898,-989898,-989898,-989898,NuSEDS_20250221,20251112
West Vancouver Island,Coho,1982,58543,73497,-43.3,-989898,-989898,-989898,-989898,-989898,-989898,129602,115643,145246,-989898,-989898,-989898,-989898,-989898,-989898,NuSEDS_20250221,20251112
West Vancouver Island,Coho,1983,30112,50431,-61.1,-989898,-989898,-989898,-989898,-989898,-989898,130011,116176,145493,-989898,-989898,-989898,-989898,-989898,-989898,NuSEDS_20250221,20251112
West Vancouver Island,Coho,1984,68363,53989,-58.3,-989898,-989898,-989898,-989898,-989898,-989898,130421,116685,145773,-989898,-989898,-989898,-989898,-989898,-989898,NuSEDS_20250221,20251112
West Vancouver Island,Coho,1985,69201,53739,-58.5,-989898,-989898,-989898,-989898,-989898,-989898,130832,117169,146088,-989898,-989898,-989898,-989898,-989898,-989898,NuSEDS_20250221,20251112
West Vancouver Island,Coho,1986,128604,65423,-49.5,-989898,-989898,-989898,-989898,-989898,-989898,131244,117626,146439,-989898,-989898,-989898,-989898,-989898,-989898,NuSEDS_20250221,20251112
West Vancouver Island,Coho,1987,100321,88388,-31.8,-989898,-989898,-989898,-989898,-989898,-989898,131658,118056,146827,-989898,-989898,-989898,-989898,-989898,-989898,NuSEDS_20250221,20251112
West Vancouver Island,Coho,1988,116934,101082,-22,-989898,-989898,-989898,-989898,-989898,-989898,132073,118458,147253,-989898,-989898,-989898,-989898,-989898,-989898,NuSEDS_20250221,20251112
West Vancouver Island,Coho,1989,104733,112116,-13.5,-989898,-989898,-989898,-989898,-989898,-989898,132490,118832,147717,-989898,-989898,-989898,-989898,-989898,-989898,NuSEDS_20250221,20251112
West Vancouver Island,Coho,1990,138232,114158,-11.9,-989898,-989898,-989898,-989898,-989898,-989898,132907,119176,148220,-989898,-989898,-989898,-989898,-989898,-989898,NuSEDS_20250221,20251112
West Vancouver Island,Coho,1991,121555,119771,-7.6,-989898,-989898,-989898,-989898,-989898,-989898,133326,119492,148762,-989898,-989898,-989898,-989898,-989898,-989898,NuSEDS_20250221,20251112
West Vancouver Island,Coho,1992,61331,101926,-21.4,-989898,-989898,-989898,-989898,-989898,-989898,133747,119779,149343,-989898,-989898,-989898,-989898,-989898,-989898,NuSEDS_20250221,20251112
West Vancouver Island,Coho,1993,28472,73599,-43.2,-989898,-989898,-989898,-989898,-989898,-989898,134168,120038,149962,-989898,-989898,-989898,-989898,-989898,-989898,NuSEDS_20250221,20251112
West Vancouver Island,Coho,1994,36019,52584,-59.4,-989898,-989898,-989898,-989898,-989898,-989898,134591,120270,150619,-989898,-989898,-989898,-989898,-989898,-989898,NuSEDS_20250221,20251112
West Vancouver Island,Coho,1995,106775,50907,-60.7,-989898,-989898,-989898,-989898,-989898,-989898,135016,120474,151313,-989898,-989898,-989898,-989898,-989898,-989898,NuSEDS_20250221,20251112
West Vancouver Island,Coho,1996,63430,51337,-60.4,-989898,-989898,-989898,-989898,-989898,-989898,135441,120652,152044,-989898,-989898,-989898,-989898,-989898,-989898,NuSEDS_20250221,20251112
West Vancouver Island,Coho,1997,80630,66596,-48.6,-989898,-989898,-989898,-989898,-989898,-989898,135869,120805,152810,-989898,-989898,-989898,-989898,-989898,-989898,NuSEDS_20250221,20251112
West Vancouver Island,Coho,1998,224826,105264,-18.8,-989898,-989898,-989898,-989898,-989898,-989898,136297,120934,153611,-989898,-989898,-989898,-989898,-989898,-989898,NuSEDS_20250221,20251112
West Vancouver Island,Coho,1999,155289,115597,-10.8,-989898,-989898,-989898,-989898,-989898,-989898,136727,121041,154445,-989898,-989898,-989898,-989898,-989898,-989898,NuSEDS_20250221,20251112
West Vancouver Island,Coho,2000,299637,170420,31.5,-989898,-989898,-989898,-989898,-989898,-989898,137158,121125,155312,-989898,-989898,-989898,-989898,-989898,-989898,NuSEDS_20250221,20251112
West Vancouver Island,Coho,2001,388338,252463,94.8,-989898,-989898,-989898,-989898,-989898,-989898,137590,121190,156210,-989898,-989898,-989898,-989898,-989898,-989898,NuSEDS_20250221,20251112
West Vancouver Island,Coho,2002,348424,281685,117.3,-989898,-989898,-989898,-989898,-989898,-989898,138024,121235,157138,-989898,-989898,-989898,-989898,-989898,-989898,NuSEDS_20250221,20251112
West Vancouver Island,Coho,2003,295081,330722,155.2,-989898,-989898,-989898,-989898,-989898,-989898,138459,121262,158095,-989898,-989898,-989898,-989898,-989898,-989898,NuSEDS_20250221,20251112
West Vancouver Island,Coho,2004,342913,342067,163.9,-989898,-989898,-989898,-989898,-989898,-989898,138896,121272,159080,-989898,-989898,-989898,-989898,-989898,-989898,NuSEDS_20250221,20251112
West Vancouver Island,Coho,2005,216877,295707,128.2,-989898,-989898,-989898,-989898,-989898,-989898,139334,121267,160092,-989898,-989898,-989898,-989898,-989898,-989898,NuSEDS_20250221,20251112
West Vancouver Island,Coho,2006,118145,225652,74.1,-989898,-989898,-989898,-989898,-989898,-989898,139773,121247,161129,-989898,-989898,-989898,-989898,-989898,-989898,NuSEDS_20250221,20251112
West Vancouver Island,Coho,2007,107629,175362,35.3,-989898,-989898,-989898,-989898,-989898,-989898,140213,121213,162192,-989898,-989898,-989898,-989898,-989898,-989898,NuSEDS_20250221,20251112
West Vancouver Island,Coho,2008,158511,144596,11.6,-989898,-989898,-989898,-989898,-989898,-989898,140656,121167,163279,-989898,-989898,-989898,-989898,-989898,-989898,NuSEDS_20250221,20251112
West Vancouver Island,Coho,2009,258750,151120,16.6,-989898,-989898,-989898,-989898,-989898,-989898,141099,121109,164389,-989898,-989898,-989898,-989898,-989898,-989898,NuSEDS_20250221,20251112
West Vancouver Island,Coho,2010,174772,166662,28.6,-989898,-989898,-989898,-989898,-989898,-989898,141544,121039,165522,-989898,-989898,-989898,-989898,-989898,-989898,NuSEDS_20250221,20251112
West Vancouver Island,Coho,2011,222836,199917,54.2,-989898,-989898,-989898,-989898,-989898,-989898,141990,120960,166677,-989898,-989898,-989898,-989898,-989898,-989898,NuSEDS_20250221,20251112
West Vancouver Island,Coho,2012,176852,205465,58.5,-989898,-989898,-989898,-989898,-989898,-989898,142438,120871,167853,-989898,-989898,-989898,-989898,-989898,-989898,NuSEDS_20250221,20251112
West Vancouver Island,Coho,2013,216227,196447,51.6,-989898,-989898,-989898,213443,198516,229492,142887,120773,169049,-989898,-989898,-989898,-989898,-989898,-989898,NuSEDS_20250221,20251112
West Vancouver Island,Coho,2014,227220,209767,61.8,-989898,-989898,-989898,204338,191800,217695,143337,120668,170266,-989898,-989898,-989898,-989898,-989898,-989898,NuSEDS_20250221,20251112
West Vancouver Island,Coho,2015,159479,192938,48.9,-989898,-989898,-989898,195621,185174,206658,143789,120554,171502,-989898,-989898,-989898,-989898,-989898,-989898,NuSEDS_20250221,20251112
West Vancouver Island,Coho,2016,177954,193238,49.1,-989898,-989898,-989898,187277,178574,196404,144243,120434,172758,-989898,-989898,-989898,-989898,-989898,-989898,NuSEDS_20250221,20251112
West Vancouver Island,Coho,2017,200706,189672,46.3,-989898,-989898,-989898,179288,171910,186983,144697,120307,174033,-989898,-989898,-989898,-989898,-989898,-989898,NuSEDS_20250221,20251112
West Vancouver Island,Coho,2018,229180,190080,46.7,-989898,-989898,-989898,171640,165084,178456,145154,120174,175326,-989898,-989898,-989898,-989898,-989898,-989898,NuSEDS_20250221,20251112
West Vancouver Island,Coho,2019,81956,160937,24.2,-989898,-989898,-989898,164319,158042,170844,145611,120035,176637,-989898,-989898,-989898,-989898,-989898,-989898,NuSEDS_20250221,20251112
West Vancouver Island,Coho,2020,117377,145036,11.9,-989898,-989898,-989898,157309,150836,164061,146070,119892,177965,-989898,-989898,-989898,-989898,-989898,-989898,NuSEDS_20250221,20251112
West Vancouver Island,Coho,2021,227713,149687,15.5,-989898,-989898,-989898,150599,143600,157939,146531,119743,179312,-989898,-989898,-989898,-989898,-989898,-989898,NuSEDS_20250221,20251112
West Vancouver Island,Coho,2022,150005,134637,3.9,-989898,-989898,-989898,144175,136475,152309,146993,119590,180675,-989898,-989898,-989898,-989898,-989898,-989898,NuSEDS_20250221,20251112
West Vancouver Island,Coho,2023,135993,152809,17.9,-989898,-989898,-989898,138025,129556,147047,147456,119432,182056,-989898,-989898,-989898,-989898,-989898,-989898,NuSEDS_20250221,20251112
West Vancouver Island,Coho,2024,54964,126408,-2.5,-989898,-989898,-989898,132137,122896,142073,147921,119271,183454,-989898,-989898,-989898,-989898,-989898,-989898,NuSEDS_20250221,20251112
West Vancouver Island,Pink,1953,119879,119879,1805.9,-989898,-989898,-989898,-989898,-989898,-989898,199905,107400,372085,-989898,-989898,-989898,-989898,-989898,-989898,NuSEDS_20250221,20251112
West Vancouver Island,Pink,1954,-989898,119879,1805.9,-989898,-989898,-989898,-989898,-989898,-989898,182644,99399,335604,-989898,-989898,-989898,-989898,-989898,-989898,NuSEDS_20250221,20251112
West Vancouver Island,Pink,1955,-989898,-989898,-989898,-989898,-989898,-989898,-989898,-989898,-989898,-989898,-989898,-989898,-989898,-989898,-989898,-989898,-989898,-989898,NuSEDS_20250221,20251112
West Vancouver Island,Pink,1956,9981,9981,58.7,-989898,-989898,-989898,-989898,-989898,-989898,152464,85115,273103,-989898,-989898,-989898,-989898,-989898,-989898,NuSEDS_20250221,20251112
West Vancouver Island,Pink,1957,-989898,9981,58.7,-989898,-989898,-989898,-989898,-989898,-989898,139299,78750,246403,-989898,-989898,-989898,-989898,-989898,-989898,NuSEDS_20250221,20251112
West Vancouver Island,Pink,1958,50136,50136,697.1,-989898,-989898,-989898,-989898,-989898,-989898,127271,72852,222340,-989898,-989898,-989898,-989898,-989898,-989898,NuSEDS_20250221,20251112
West Vancouver Island,Pink,1959,15472,27851,342.8,-989898,-989898,-989898,-989898,-989898,-989898,116281,67387,200651,-989898,-989898,-989898,-989898,-989898,-989898,NuSEDS_20250221,20251112
West Vancouver Island,Pink,1960,144678,47312,652.2,-989898,-989898,-989898,-989898,-989898,-989898,106241,62324,181102,-989898,-989898,-989898,-989898,-989898,-989898,NuSEDS_20250221,20251112
West Vancouver Island,Pink,1961,108867,125501,1895.3,-989898,-989898,-989898,-989898,-989898,-989898,97067,57634,163481,-989898,-989898,-989898,-989898,-989898,-989898,NuSEDS_20250221,20251112
West Vancouver Island,Pink,1962,337343,191639,2946.8,-989898,-989898,-989898,-989898,-989898,-989898,88685,53288,147597,-989898,-989898,-989898,-989898,-989898,-989898,NuSEDS_20250221,20251112
West Vancouver Island,Pink,1963,1501,22504,257.8,-989898,-989898,-989898,-989898,-989898,-989898,81028,49261,133278,-989898,-989898,-989898,-989898,-989898,-989898,NuSEDS_20250221,20251112
West Vancouver Island,Pink,1964,63073,9731,54.7,-989898,-989898,-989898,-989898,-989898,-989898,74031,45531,120370,-989898,-989898,-989898,-989898,-989898,-989898,NuSEDS_20250221,20251112
West Vancouver Island,Pink,1965,2917,13565,115.7,-989898,-989898,-989898,-989898,-989898,-989898,67639,42076,108732,-989898,-989898,-989898,-989898,-989898,-989898,NuSEDS_20250221,20251112
West Vancouver Island,Pink,1966,356101,32232,412.4,-989898,-989898,-989898,-989898,-989898,-989898,61798,38875,98239,-989898,-989898,-989898,-989898,-989898,-989898,NuSEDS_20250221,20251112
West Vancouver Island,Pink,1967,15472,74226,1080.1,-989898,-989898,-989898,-989898,-989898,-989898,56462,35909,88778,-989898,-989898,-989898,-989898,-989898,-989898,NuSEDS_20250221,20251112
West Vancouver Island,Pink,1968,683293,102819,1534.7,-989898,-989898,-989898,-989898,-989898,-989898,51587,33162,80247,-989898,-989898,-989898,-989898,-989898,-989898,NuSEDS_20250221,20251112
West Vancouver Island,Pink,1969,7492,71551,1037.6,-989898,-989898,-989898,-989898,-989898,-989898,47132,30618,72554,-989898,-989898,-989898,-989898,-989898,-989898,NuSEDS_20250221,20251112
West Vancouver Island,Pink,1970,283829,46115,633.2,-989898,-989898,-989898,-989898,-989898,-989898,43063,28261,65616,-989898,-989898,-989898,-989898,-989898,-989898,NuSEDS_20250221,20251112
West Vancouver Island,Pink,1971,-989898,283829,4412.6,-989898,-989898,-989898,-989898,-989898,-989898,39344,26078,59359,-989898,-989898,-989898,-989898,-989898,-989898,NuSEDS_20250221,20251112
West Vancouver Island,Pink,1972,821266,821266,12957.2,-989898,-989898,-989898,-989898,-989898,-989898,35947,24056,53715,-989898,-989898,-989898,-989898,-989898,-989898,NuSEDS_20250221,20251112
West Vancouver Island,Pink,1973,4323,59582,847.3,-989898,-989898,-989898,-989898,-989898,-989898,32843,22184,48624,-989898,-989898,-989898,-989898,-989898,-989898,NuSEDS_20250221,20251112
West Vancouver Island,Pink,1974,854773,60786,866.4,-989898,-989898,-989898,-989898,-989898,-989898,30007,20450,44032,-989898,-989898,-989898,-989898,-989898,-989898,NuSEDS_20250221,20251112
West Vancouver Island,Pink,1975,-989898,854773,13489.9,-989898,-989898,-989898,-989898,-989898,-989898,27416,18844,39888,-989898,-989898,-989898,-989898,-989898,-989898,NuSEDS_20250221,20251112
West Vancouver Island,Pink,1976,341646,341646,5331.8,-989898,-989898,-989898,-989898,-989898,-989898,25049,17357,36149,-989898,-989898,-989898,-989898,-989898,-989898,NuSEDS_20250221,20251112
West Vancouver Island,Pink,1977,86453,171862,2632.4,-989898,-989898,-989898,-989898,-989898,-989898,22886,15980,32775,-989898,-989898,-989898,-989898,-989898,-989898,NuSEDS_20250221,20251112
West Vancouver Island,Pink,1978,517548,211527,3263,-989898,-989898,-989898,-989898,-989898,-989898,20910,14706,29730,-989898,-989898,-989898,-989898,-989898,-989898,NuSEDS_20250221,20251112
West Vancouver Island,Pink,1979,762,19856,215.7,-989898,-989898,-989898,-989898,-989898,-989898,19104,13527,26981,-989898,-989898,-989898,-989898,-989898,-989898,NuSEDS_20250221,20251112
West Vancouver Island,Pink,1980,199628,12332,96.1,-989898,-989898,-989898,-989898,-989898,-989898,17455,12436,24499,-989898,-989898,-989898,-989898,-989898,-989898,NuSEDS_20250221,20251112
West Vancouver Island,Pink,1981,-989898,199628,3073.9,-989898,-989898,-989898,-989898,-989898,-989898,15947,11426,22258,-989898,-989898,-989898,-989898,-989898,-989898,NuSEDS_20250221,20251112
West Vancouver Island,Pink,1982,21049,21049,234.6,-989898,-989898,-989898,-989898,-989898,-989898,14570,10492,20234,-989898,-989898,-989898,-989898,-989898,-989898,NuSEDS_20250221,20251112
West Vancouver Island,Pink,1983,41561,29577,370.2,-989898,-989898,-989898,-989898,-989898,-989898,13312,9629,18405,-989898,-989898,-989898,-989898,-989898,-989898,NuSEDS_20250221,20251112
West Vancouver Island,Pink,1984,10512,20902,232.3,-989898,-989898,-989898,-989898,-989898,-989898,12163,8831,16752,-989898,-989898,-989898,-989898,-989898,-989898,NuSEDS_20250221,20251112
West Vancouver Island,Pink,1985,7541,8904,41.6,-989898,-989898,-989898,-989898,-989898,-989898,11113,8094,15257,-989898,-989898,-989898,-989898,-989898,-989898,NuSEDS_20250221,20251112
West Vancouver Island,Pink,1986,26758,14205,125.8,-989898,-989898,-989898,-989898,-989898,-989898,10153,7413,13905,-989898,-989898,-989898,-989898,-989898,-989898,NuSEDS_20250221,20251112
West Vancouver Island,Pink,1987,-989898,26758,325.4,-989898,-989898,-989898,-989898,-989898,-989898,9276,6785,12682,-989898,-989898,-989898,-989898,-989898,-989898,NuSEDS_20250221,20251112
West Vancouver Island,Pink,1988,-989898,-989898,-989898,-989898,-989898,-989898,-989898,-989898,-989898,-989898,-989898,-989898,-989898,-989898,-989898,-989898,-989898,-989898,NuSEDS_20250221,20251112
West Vancouver Island,Pink,1989,-989898,-989898,-989898,-989898,-989898,-989898,-989898,-989898,-989898,-989898,-989898,-989898,-989898,-989898,-989898,-989898,-989898,-989898,NuSEDS_20250221,20251112
West Vancouver Island,Pink,1990,6234,6234,-0.9,-989898,-989898,-989898,-989898,-989898,-989898,7075,5180,9662,-989898,-989898,-989898,-989898,-989898,-989898,NuSEDS_20250221,20251112
West Vancouver Island,Pink,1991,27363,13061,107.7,-989898,-989898,-989898,-989898,-989898,-989898,6464,4728,8838,-989898,-989898,-989898,-989898,-989898,-989898,NuSEDS_20250221,20251112
West Vancouver Island,Pink,1992,-989898,27363,335,-989898,-989898,-989898,-989898,-989898,-989898,5906,4312,8089,-989898,-989898,-989898,-989898,-989898,-989898,NuSEDS_20250221,20251112
West Vancouver Island,Pink,1993,21049,21049,234.6,-989898,-989898,-989898,-989898,-989898,-989898,5396,3930,7409,-989898,-989898,-989898,-989898,-989898,-989898,NuSEDS_20250221,20251112
West Vancouver Island,Pink,1994,18272,19611,211.8,-989898,-989898,-989898,-989898,-989898,-989898,4930,3579,6791,-989898,-989898,-989898,-989898,-989898,-989898,NuSEDS_20250221,20251112
West Vancouver Island,Pink,1995,91,1292,-79.5,-989898,-989898,-989898,-989898,-989898,-989898,4504,3258,6228,-989898,-989898,-989898,-989898,-989898,-989898,NuSEDS_20250221,20251112
West Vancouver Island,Pink,1996,4751,659,-89.5,-989898,-989898,-989898,-989898,-989898,-989898,4115,2963,5716,-989898,-989898,-989898,-989898,-989898,-989898,NuSEDS_20250221,20251112
West Vancouver Island,Pink,1997,4246,4492,-28.6,-989898,-989898,-989898,-989898,-989898,-989898,3760,2694,5249,-989898,-989898,-989898,-989898,-989898,-989898,NuSEDS_20250221,20251112
West Vancouver Island,Pink,1998,618,1620,-74.2,-989898,-989898,-989898,-989898,-989898,-989898,3435,2447,4823,-989898,-989898,-989898,-989898,-989898,-989898,NuSEDS_20250221,20251112
West Vancouver Island,Pink,1999,683,650,-89.7,-989898,-989898,-989898,-989898,-989898,-989898,3139,2222,4434,-989898,-989898,-989898,-989898,-989898,-989898,NuSEDS_20250221,20251112
West Vancouver Island,Pink,2000,1213,910,-85.5,-989898,-989898,-989898,-989898,-989898,-989898,2868,2016,4078,-989898,-989898,-989898,-989898,-989898,-989898,NuSEDS_20250221,20251112
West Vancouver Island,Pink,2001,989,1095,-82.6,-989898,-989898,-989898,-989898,-989898,-989898,2620,1829,3753,-989898,-989898,-989898,-989898,-989898,-989898,NuSEDS_20250221,20251112
West Vancouver Island,Pink,2002,717,842,-86.6,-989898,-989898,-989898,-989898,-989898,-989898,2394,1658,3455,-989898,-989898,-989898,-989898,-989898,-989898,NuSEDS_20250221,20251112
West Vancouver Island,Pink,2003,819,766,-87.8,-989898,-989898,-989898,-989898,-989898,-989898,2187,1503,3183,-989898,-989898,-989898,-989898,-989898,-989898,NuSEDS_20250221,20251112
West Vancouver Island,Pink,2004,260,461,-92.7,-989898,-989898,-989898,-989898,-989898,-989898,1998,1361,2933,-989898,-989898,-989898,-989898,-989898,-989898,NuSEDS_20250221,20251112
West Vancouver Island,Pink,2005,473,350,-94.4,-989898,-989898,-989898,-989898,-989898,-989898,1826,1233,2704,-989898,-989898,-989898,-989898,-989898,-989898,NuSEDS_20250221,20251112
West Vancouver Island,Pink,2006,127,245,-96.1,-989898,-989898,-989898,-989898,-989898,-989898,1668,1116,2493,-989898,-989898,-989898,-989898,-989898,-989898,NuSEDS_20250221,20251112
West Vancouver Island,Pink,2007,420,231,-96.3,-989898,-989898,-989898,-989898,-989898,-989898,1524,1010,2300,-989898,-989898,-989898,-989898,-989898,-989898,NuSEDS_20250221,20251112
West Vancouver Island,Pink,2008,384,402,-93.6,-989898,-989898,-989898,-989898,-989898,-989898,1392,914,2122,-989898,-989898,-989898,-989898,-989898,-989898,NuSEDS_20250221,20251112
West Vancouver Island,Pink,2009,-989898,384,-93.9,-989898,-989898,-989898,-989898,-989898,-989898,1272,826,1959,-989898,-989898,-989898,-989898,-989898,-989898,NuSEDS_20250221,20251112
West Vancouver Island,Pink,2010,1419,1419,-77.4,-989898,-989898,-989898,-989898,-989898,-989898,1162,747,1809,-989898,-989898,-989898,-989898,-989898,-989898,NuSEDS_20250221,20251112
West Vancouver Island,Pink,2011,1051,1221,-80.6,-989898,-989898,-989898,-989898,-989898,-989898,1062,675,1670,-989898,-989898,-989898,-989898,-989898,-989898,NuSEDS_20250221,20251112
West Vancouver Island,Pink,2012,3627,1953,-69,-989898,-989898,-989898,-989898,-989898,-989898,970,610,1543,-989898,-989898,-989898,-989898,-989898,-989898,NuSEDS_20250221,20251112
West Vancouver Island,Pink,2013,802,1705,-72.9,-989898,-989898,-989898,-989898,-989898,-989898,887,551,1426,-989898,-989898,-989898,-989898,-989898,-989898,NuSEDS_20250221,20251112
West Vancouver Island,Pink,2014,1239,997,-84.1,-989898,-989898,-989898,-989898,-989898,-989898,810,498,1317,-989898,-989898,-989898,-989898,-989898,-989898,NuSEDS_20250221,20251112
West Vancouver Island,Pink,2015,823,1010,-83.9,-989898,-989898,-989898,-989898,-989898,-989898,740,450,1218,-989898,-989898,-989898,-989898,-989898,-989898,NuSEDS_20250221,20251112
West Vancouver Island,Pink,2016,1136,967,-84.6,-989898,-989898,-989898,-989898,-989898,-989898,676,406,1126,-989898,-989898,-989898,-989898,-989898,-989898,NuSEDS_20250221,20251112
West Vancouver Island,Pink,2017,830,971,-84.6,-989898,-989898,-989898,-989898,-989898,-989898,618,367,1041,-989898,-989898,-989898,-989898,-989898,-989898,NuSEDS_20250221,20251112
West Vancouver Island,Pink,2018,-989898,830,-86.8,-989898,-989898,-989898,-989898,-989898,-989898,564,331,962,-989898,-989898,-989898,-989898,-989898,-989898,NuSEDS_20250221,20251112
West Vancouver Island,Pink,2019,484,484,-92.3,-989898,-989898,-989898,377,284,500,516,299,890,-989898,-989898,-989898,-989898,-989898,-989898,NuSEDS_20250221,20251112
West Vancouver Island,Pink,2020,223,328,-94.8,-989898,-989898,-989898,420,340,520,471,270,823,-989898,-989898,-989898,-989898,-989898,-989898,NuSEDS_20250221,20251112
West Vancouver Island,Pink,2021,719,400,-93.6,-989898,-989898,-989898,469,397,553,430,243,762,-989898,-989898,-989898,-989898,-989898,-989898,NuSEDS_20250221,20251112
West Vancouver Island,Pink,2022,447,567,-91,-989898,-989898,-989898,523,443,617,393,219,705,-989898,-989898,-989898,-989898,-989898,-989898,NuSEDS_20250221,20251112
West Vancouver Island,Pink,2023,841,613,-90.3,-989898,-989898,-989898,583,471,720,359,198,652,-989898,-989898,-989898,-989898,-989898,-989898,NuSEDS_20250221,20251112
West Vancouver Island,Pink,2024,526,665,-89.4,-989898,-989898,-989898,649,490,861,328,179,603,-989898,-989898,-989898,-989898,-989898,-989898,NuSEDS_20250221,20251112
West Vancouver Island,Sockeye,1977,297800,297800,-25.1,1420614,1420614,103.7,-989898,-989898,-989898,345869,302995,394810,-989898,-989898,-989898,893970,740719,1078927,Brown_20250417,20251112
West Vancouver Island,Sockeye,1978,158900,217533,-45.3,355968,711121,2,-989898,-989898,-989898,347555,305740,395089,-989898,-989898,-989898,884948,737586,1061750,Brown_20250417,20251112
West Vancouver Island,Sockeye,1979,360441,257411,-35.2,1181541,842258,20.8,-989898,-989898,-989898,349249,308494,395388,-989898,-989898,-989898,876017,734414,1044922,Brown_20250417,20251112
West Vancouver Island,Sockeye,1980,415212,290094,-27,1111164,902669,29.4,-989898,-989898,-989898,350951,311255,395710,-989898,-989898,-989898,867176,731197,1028442,Brown_20250417,20251112
West Vancouver Island,Sockeye,1981,410789,310996,-21.8,1449665,992376,42.3,-989898,-989898,-989898,352662,314022,396056,-989898,-989898,-989898,858424,727931,1012311,Brown_20250417,20251112
West Vancouver Island,Sockeye,1982,464820,339959,-14.5,917421,909274,30.4,-989898,-989898,-989898,354380,316792,396429,-989898,-989898,-989898,849761,724609,996529,Brown_20250417,20251112
West Vancouver Island,Sockeye,1983,636512,448707,12.9,1524438,1216283,74.4,-989898,-989898,-989898,356108,319562,396833,-989898,-989898,-989898,841185,721226,981098,Brown_20250417,20251112
West Vancouver Island,Sockeye,1984,295810,431319,8.5,1241726,1228429,76.1,-989898,-989898,-989898,357843,322329,397270,-989898,-989898,-989898,832696,717772,966021,Brown_20250417,20251112
West Vancouver Island,Sockeye,1985,285725,400253,0.7,743743,1133650,62.6,-989898,-989898,-989898,359587,325090,397745,-989898,-989898,-989898,824293,714240,951302,Brown_20250417,20251112
West Vancouver Island,Sockeye,1986,334648,384174,-3.4,391596,872555,25.1,-989898,-989898,-989898,361340,327841,398262,-989898,-989898,-989898,815974,710621,936945,Brown_20250417,20251112
West Vancouver Island,Sockeye,1987,473350,385574,-3,736610,835078,19.7,-989898,-989898,-989898,363101,330576,398825,-989898,-989898,-989898,807739,706905,922957,Brown_20250417,20251112
West Vancouver Island,Sockeye,1988,482393,364776,-8.2,809291,735742,5.5,-989898,-989898,-989898,364871,333292,399441,-989898,-989898,-989898,799587,703079,909343,Brown_20250417,20251112
West Vancouver Island,Sockeye,1989,449850,396677,-0.2,478233,607923,-12.8,-989898,-989898,-989898,366649,335982,400115,-989898,-989898,-989898,791518,699131,896113,Brown_20250417,20251112
West Vancouver Island,Sockeye,1990,323281,406597,2.3,360671,526001,-24.6,-989898,-989898,-989898,368436,338639,400854,-989898,-989898,-989898,783530,695047,883276,Brown_20250417,20251112
West Vancouver Island,Sockeye,1991,680965,468674,17.9,1862272,718501,3,-989898,-989898,-989898,370231,341257,401666,-989898,-989898,-989898,775622,690814,870843,Brown_20250417,20251112
West Vancouver Island,Sockeye,1992,437791,461411,16.1,1017761,766494,9.9,-989898,-989898,-989898,372036,343827,402559,-989898,-989898,-989898,767795,686414,858824,Brown_20250417,20251112
West Vancouver Island,Sockeye,1993,627550,486337,22.3,1444919,860710,23.4,-989898,-989898,-989898,373849,346342,403541,-989898,-989898,-989898,760046,681833,847232,Brown_20250417,20251112
West Vancouver Island,Sockeye,1994,274663,440640,10.8,489234,864634,24,-989898,-989898,-989898,375671,348792,404622,-989898,-989898,-989898,752376,677052,836079,Brown_20250417,20251112
West Vancouver Island,Sockeye,1995,170811,387857,-2.4,201347,769483,10.3,-989898,-989898,-989898,377502,351168,405811,-989898,-989898,-989898,744783,672057,825378,Brown_20250417,20251112
West Vancouver Island,Sockeye,1996,501780,364879,-8.2,564376,606044,-13.1,-989898,-989898,-989898,379342,353461,407118,-989898,-989898,-989898,737267,666833,815140,Brown_20250417,20251112
West Vancouver Island,Sockeye,1997,356204,350135,-11.9,512588,528358,-24.2,-989898,-989898,-989898,381191,355662,408553,-989898,-989898,-989898,729826,661366,805373,Brown_20250417,20251112
West Vancouver Island,Sockeye,1998,640127,351527,-11.6,875258,477955,-31.5,-989898,-989898,-989898,383049,357762,410123,-989898,-989898,-989898,722461,655647,796083,Brown_20250417,20251112
West Vancouver Island,Sockeye,1999,394147,377860,-4.9,510003,481946,-30.9,-989898,-989898,-989898,384916,359755,411836,-989898,-989898,-989898,715170,649669,787274,Brown_20250417,20251112
West Vancouver Island,Sockeye,2000,223098,398590,0.3,328262,531439,-23.8,-989898,-989898,-989898,386792,361634,413699,-989898,-989898,-989898,707952,643432,778942,Brown_20250417,20251112
West Vancouver Island,Sockeye,2001,800245,437591,10.1,1034022,599854,-14,-989898,-989898,-989898,388677,363397,415715,-989898,-989898,-989898,700807,636938,771081,Brown_20250417,20251112
West Vancouver Island,Sockeye,2002,522745,472483,18.9,1123201,701751,0.6,-989898,-989898,-989898,390571,365041,417887,-989898,-989898,-989898,693735,630198,763678,Brown_20250417,20251112
West Vancouver Island,Sockeye,2003,443176,438984,10.4,974517,716991,2.8,-989898,-989898,-989898,392475,366566,420215,-989898,-989898,-989898,686734,623224,756715,Brown_20250417,20251112
West Vancouver Island,Sockeye,2004,377681,435253,9.5,712116,766495,9.9,-989898,-989898,-989898,394388,367975,422696,-989898,-989898,-989898,679803,616035,750172,Brown_20250417,20251112
West Vancouver Island,Sockeye,2005,347117,475486,19.6,452463,817301,17.2,-989898,-989898,-989898,396310,369271,425328,-989898,-989898,-989898,672943,608654,744022,Brown_20250417,20251112
West Vancouver Island,Sockeye,2006,203636,361630,-9,294136,635603,-8.9,-989898,-989898,-989898,398241,370460,428105,-989898,-989898,-989898,666151,601104,738238,Brown_20250417,20251112
West Vancouver Island,Sockeye,2007,162815,286382,-28,172855,437150,-37.3,-989898,-989898,-989898,400182,371549,431022,-989898,-989898,-989898,659428,593410,732791,Brown_20250417,20251112
West Vancouver Island,Sockeye,2008,203968,245212,-38.3,203968,319731,-54.2,-989898,-989898,-989898,402133,372544,434071,-989898,-989898,-989898,652773,585599,727654,Brown_20250417,20251112
West Vancouver Island,Sockeye,2009,430072,251667,-36.7,586683,307578,-55.9,-989898,-989898,-989898,404093,373453,437246,-989898,-989898,-989898,646186,577695,722797,Brown_20250417,20251112
West Vancouver Island,Sockeye,2010,830435,299634,-24.6,1797471,405295,-41.9,506216,389967,657117,406062,374283,440539,833220,570220,1217522,639664,569722,718194,Brown_20250417,20251112
West Vancouver Island,Sockeye,2011,905457,403826,1.6,1496371,561138,-19.5,495042,391560,625872,408041,375041,443945,811119,576810,1140606,633209,561702,713819,Brown_20250417,20251112
West Vancouver Island,Sockeye,2012,395858,482351,21.3,781451,758776,8.8,484115,392578,596994,410030,375734,447456,789603,582222,1070851,626819,553655,709650,Brown_20250417,20251112
West Vancouver Island,Sockeye,2013,664958,610956,53.7,754365,985638,41.3,473429,392784,570632,412028,376368,451067,768658,585916,1008397,620493,545600,705665,Brown_20250417,20251112
West Vancouver Island,Sockeye,2014,539952,639400,60.8,1216455,1140397,63.5,462979,391841,547032,414036,376949,454772,748269,587128,953635,614231,537553,701846,Brown_20250417,20251112
West Vancouver Island,Sockeye,2015,764187,628856,58.2,2073786,1173482,68.3,452760,389304,526559,416054,377483,458567,728421,584856,907226,608032,529527,698175,Brown_20250417,20251112
West Vancouver Island,Sockeye,2016,468215,551146,38.6,1130343,1109457,59.1,442766,384671,509635,418082,377973,462447,709099,577971,869976,601896,521536,694637,Brown_20250417,20251112
West Vancouver Island,Sockeye,2017,457993,567454,42.7,555281,1036174,48.6,432993,377545,496584,420120,378425,466408,690289,565610,842451,595821,513589,691220,Brown_20250417,20251112
West Vancouver Island,Sockeye,2018,208635,450038,13.2,290794,856315,22.8,423435,367876,487385,422167,378842,470447,671979,547715,824435,589808,505697,687910,Brown_20250417,20251112
West Vancouver Island,Sockeye,2019,191725,365859,-8,246522,622280,-10.8,414089,356053,481585,424225,379228,474561,654154,525226,814730,583856,497866,684697,Brown_20250417,20251112
West Vancouver Island,Sockeye,2020,314010,306241,-23,388122,445068,-36.2,404949,342727,478467,426292,379585,478747,636802,499666,811576,577964,490105,681573,Brown_20250417,20251112
West Vancouver Island,Sockeye,2021,422040,299947,-24.5,609203,393312,-43.6,396010,328553,477318,428370,379917,483002,619910,472531,813256,572131,482417,678528,Brown_20250417,20251112
West Vancouver Island,Sockeye,2022,669650,323625,-18.6,1021339,444292,-36.3,387269,314044,477567,430458,380226,487326,603467,444973,818415,566357,474809,675556,Brown_20250417,20251112
West Vancouver Island,Sockeye,2023,377396,364355,-8.3,705892,530517,-23.9,378721,299555,478809,432556,380514,491715,587459,417760,826094,560641,467283,672651,Brown_20250417,20251112
West Vancouver Island,Sockeye,2024,497191,440852,10.9,787406,669218,-4,370361,285311,480765,434664,380783,496169,571877,391368,835641,554983,459844,669806,Brown_20250417,20251112
West Vancouver Island,Steelhead,1953,-989898,-989898,-989898,-989898,-989898,-989898,-989898,-989898,-989898,-989898,-989898,-989898,-989898,-989898,-989898,-989898,-989898,-989898,NuSEDS_20250221,20251112
West Vancouver Island,Steelhead,1954,-989898,-989898,-989898,-989898,-989898,-989898,-989898,-989898,-989898,-989898,-989898,-989898,-989898,-989898,-989898,-989898,-989898,-989898,NuSEDS_20250221,20251112
West Vancouver Island,Steelhead,1955,-989898,-989898,-989898,-989898,-989898,-989898,-989898,-989898,-989898,-989898,-989898,-989898,-989898,-989898,-989898,-989898,-989898,-989898,NuSEDS_20250221,20251112
West Vancouver Island,Steelhead,1956,-989898,-989898,-989898,-989898,-989898,-989898,-989898,-989898,-989898,-989898,-989898,-989898,-989898,-989898,-989898,-989898,-989898,-989898,NuSEDS_20250221,20251112
West Vancouver Island,Steelhead,1957,-989898,-989898,-989898,-989898,-989898,-989898,-989898,-989898,-989898,-989898,-989898,-989898,-989898,-989898,-989898,-989898,-989898,-989898,NuSEDS_20250221,20251112
West Vancouver Island,Steelhead,1958,-989898,-989898,-989898,-989898,-989898,-989898,-989898,-989898,-989898,-989898,-989898,-989898,-989898,-989898,-989898,-989898,-989898,-989898,NuSEDS_20250221,20251112
West Vancouver Island,Steelhead,1959,-989898,-989898,-989898,-989898,-989898,-989898,-989898,-989898,-989898,-989898,-989898,-989898,-989898,-989898,-989898,-989898,-989898,-989898,NuSEDS_20250221,20251112
West Vancouver Island,Steelhead,1960,-989898,-989898,-989898,-989898,-989898,-989898,-989898,-989898,-989898,-989898,-989898,-989898,-989898,-989898,-989898,-989898,-989898,-989898,NuSEDS_20250221,20251112
West Vancouver Island,Steelhead,1961,-989898,-989898,-989898,-989898,-989898,-989898,-989898,-989898,-989898,-989898,-989898,-989898,-989898,-989898,-989898,-989898,-989898,-989898,NuSEDS_20250221,20251112
West Vancouver Island,Steelhead,1962,-989898,-989898,-989898,-989898,-989898,-989898,-989898,-989898,-989898,-989898,-989898,-989898,-989898,-989898,-989898,-989898,-989898,-989898,NuSEDS_20250221,20251112
West Vancouver Island,Steelhead,1963,-989898,-989898,-989898,-989898,-989898,-989898,-989898,-989898,-989898,-989898,-989898,-989898,-989898,-989898,-989898,-989898,-989898,-989898,NuSEDS_20250221,20251112
West Vancouver Island,Steelhead,1964,-989898,-989898,-989898,-989898,-989898,-989898,-989898,-989898,-989898,-989898,-989898,-989898,-989898,-989898,-989898,-989898,-989898,-989898,NuSEDS_20250221,20251112
West Vancouver Island,Steelhead,1965,-989898,-989898,-989898,-989898,-989898,-989898,-989898,-989898,-989898,-989898,-989898,-989898,-989898,-989898,-989898,-989898,-989898,-989898,NuSEDS_20250221,20251112
West Vancouver Island,Steelhead,1966,-989898,-989898,-989898,-989898,-989898,-989898,-989898,-989898,-989898,-989898,-989898,-989898,-989898,-989898,-989898,-989898,-989898,-989898,NuSEDS_20250221,20251112
West Vancouver Island,Steelhead,1967,-989898,-989898,-989898,-989898,-989898,-989898,-989898,-989898,-989898,-989898,-989898,-989898,-989898,-989898,-989898,-989898,-989898,-989898,NuSEDS_20250221,20251112
West Vancouver Island,Steelhead,1968,-989898,-989898,-989898,-989898,-989898,-989898,-989898,-989898,-989898,-989898,-989898,-989898,-989898,-989898,-989898,-989898,-989898,-989898,NuSEDS_20250221,20251112
West Vancouver Island,Steelhead,1969,-989898,-989898,-989898,-989898,-989898,-989898,-989898,-989898,-989898,-989898,-989898,-989898,-989898,-989898,-989898,-989898,-989898,-989898,NuSEDS_20250221,20251112
West Vancouver Island,Steelhead,1970,-989898,-989898,-989898,-989898,-989898,-989898,-989898,-989898,-989898,-989898,-989898,-989898,-989898,-989898,-989898,-989898,-989898,-989898,NuSEDS_20250221,20251112
West Vancouver Island,Steelhead,1971,-989898,-989898,-989898,-989898,-989898,-989898,-989898,-989898,-989898,-989898,-989898,-989898,-989898,-989898,-989898,-989898,-989898,-989898,NuSEDS_20250221,20251112
West Vancouver Island,Steelhead,1972,-989898,-989898,-989898,-989898,-989898,-989898,-989898,-989898,-989898,-989898,-989898,-989898,-989898,-989898,-989898,-989898,-989898,-989898,NuSEDS_20250221,20251112
West Vancouver Island,Steelhead,1973,-989898,-989898,-989898,-989898,-989898,-989898,-989898,-989898,-989898,-989898,-989898,-989898,-989898,-989898,-989898,-989898,-989898,-989898,NuSEDS_20250221,20251112
West Vancouver Island,Steelhead,1974,-989898,-989898,-989898,-989898,-989898,-989898,-989898,-989898,-989898,-989898,-989898,-989898,-989898,-989898,-989898,-989898,-989898,-989898,NuSEDS_20250221,20251112
West Vancouver Island,Steelhead,1975,406,406,-35.7,-989898,-989898,-989898,-989898,-989898,-989898,738,601,906,-989898,-989898,-989898,-989898,-989898,-989898,NuSEDS_20250221,20251112
West Vancouver Island,Steelhead,1976,307,353,-44,-989898,-989898,-989898,-989898,-989898,-989898,733,601,894,-989898,-989898,-989898,-989898,-989898,-989898,NuSEDS_20250221,20251112
West Vancouver Island,Steelhead,1977,448,382,-39.4,-989898,-989898,-989898,-989898,-989898,-989898,728,600,883,-989898,-989898,-989898,-989898,-989898,-989898,NuSEDS_20250221,20251112
West Vancouver Island,Steelhead,1978,265,349,-44.7,-989898,-989898,-989898,-989898,-989898,-989898,723,600,871,-989898,-989898,-989898,-989898,-989898,-989898,NuSEDS_20250221,20251112
West Vancouver Island,Steelhead,1979,444,366,-42,-989898,-989898,-989898,-989898,-989898,-989898,718,599,860,-989898,-989898,-989898,-989898,-989898,-989898,NuSEDS_20250221,20251112
West Vancouver Island,Steelhead,1980,875,427,-32.3,-989898,-989898,-989898,-989898,-989898,-989898,713,598,849,-989898,-989898,-989898,-989898,-989898,-989898,NuSEDS_20250221,20251112
West Vancouver Island,Steelhead,1981,985,539,-14.6,-989898,-989898,-989898,-989898,-989898,-989898,708,597,838,-989898,-989898,-989898,-989898,-989898,-989898,NuSEDS_20250221,20251112
West Vancouver Island,Steelhead,1982,1134,649,2.8,-989898,-989898,-989898,-989898,-989898,-989898,703,597,828,-989898,-989898,-989898,-989898,-989898,-989898,NuSEDS_20250221,20251112
West Vancouver Island,Steelhead,1983,966,840,33.2,-989898,-989898,-989898,-989898,-989898,-989898,698,596,817,-989898,-989898,-989898,-989898,-989898,-989898,NuSEDS_20250221,20251112
West Vancouver Island,Steelhead,1984,1709,1100,74.5,-989898,-989898,-989898,-989898,-989898,-989898,693,595,807,-989898,-989898,-989898,-989898,-989898,-989898,NuSEDS_20250221,20251112
West Vancouver Island,Steelhead,1985,1118,1156,83.2,-989898,-989898,-989898,-989898,-989898,-989898,688,594,798,-989898,-989898,-989898,-989898,-989898,-989898,NuSEDS_20250221,20251112
West Vancouver Island,Steelhead,1986,1140,1190,88.6,-989898,-989898,-989898,-989898,-989898,-989898,683,593,788,-989898,-989898,-989898,-989898,-989898,-989898,NuSEDS_20250221,20251112
West Vancouver Island,Steelhead,1987,1190,1201,90.5,-989898,-989898,-989898,-989898,-989898,-989898,679,591,779,-989898,-989898,-989898,-989898,-989898,-989898,NuSEDS_20250221,20251112
West Vancouver Island,Steelhead,1988,922,1190,88.7,-989898,-989898,-989898,-989898,-989898,-989898,674,590,770,-989898,-989898,-989898,-989898,-989898,-989898,NuSEDS_20250221,20251112
West Vancouver Island,Steelhead,1989,652,982,55.7,-989898,-989898,-989898,-989898,-989898,-989898,669,588,761,-989898,-989898,-989898,-989898,-989898,-989898,NuSEDS_20250221,20251112
West Vancouver Island,Steelhead,1990,686,890,41.2,-989898,-989898,-989898,-989898,-989898,-989898,664,587,753,-989898,-989898,-989898,-989898,-989898,-989898,NuSEDS_20250221,20251112
West Vancouver Island,Steelhead,1991,624,789,25.1,-989898,-989898,-989898,-989898,-989898,-989898,660,585,745,-989898,-989898,-989898,-989898,-989898,-989898,NuSEDS_20250221,20251112
West Vancouver Island,Steelhead,1992,893,745,18.2,-989898,-989898,-989898,-989898,-989898,-989898,655,583,737,-989898,-989898,-989898,-989898,-989898,-989898,NuSEDS_20250221,20251112
West Vancouver Island,Steelhead,1993,664,698,10.7,-989898,-989898,-989898,-989898,-989898,-989898,651,580,729,-989898,-989898,-989898,-989898,-989898,-989898,NuSEDS_20250221,20251112
West Vancouver Island,Steelhead,1994,521,667,5.8,-989898,-989898,-989898,-989898,-989898,-989898,646,578,722,-989898,-989898,-989898,-989898,-989898,-989898,NuSEDS_20250221,20251112
West Vancouver Island,Steelhead,1995,624,655,3.8,-989898,-989898,-989898,-989898,-989898,-989898,642,575,716,-989898,-989898,-989898,-989898,-989898,-989898,NuSEDS_20250221,20251112
West Vancouver Island,Steelhead,1996,1318,760,20.5,-989898,-989898,-989898,-989898,-989898,-989898,637,572,709,-989898,-989898,-989898,-989898,-989898,-989898,NuSEDS_20250221,20251112
West Vancouver Island,Steelhead,1997,806,745,18.1,-989898,-989898,-989898,-989898,-989898,-989898,633,569,703,-989898,-989898,-989898,-989898,-989898,-989898,NuSEDS_20250221,20251112
West Vancouver Island,Steelhead,1998,1134,829,31.4,-989898,-989898,-989898,-989898,-989898,-989898,628,566,698,-989898,-989898,-989898,-989898,-989898,-989898,NuSEDS_20250221,20251112
West Vancouver Island,Steelhead,1999,704,880,39.6,-989898,-989898,-989898,-989898,-989898,-989898,624,562,692,-989898,-989898,-989898,-989898,-989898,-989898,NuSEDS_20250221,20251112
West Vancouver Island,Steelhead,2000,1137,993,57.4,-989898,-989898,-989898,-989898,-989898,-989898,619,558,688,-989898,-989898,-989898,-989898,-989898,-989898,NuSEDS_20250221,20251112
West Vancouver Island,Steelhead,2001,839,907,43.8,-989898,-989898,-989898,-989898,-989898,-989898,615,554,683,-989898,-989898,-989898,-989898,-989898,-989898,NuSEDS_20250221,20251112
West Vancouver Island,Steelhead,2002,846,916,45.2,-989898,-989898,-989898,-989898,-989898,-989898,611,550,679,-989898,-989898,-989898,-989898,-989898,-989898,NuSEDS_20250221,20251112
West Vancouver Island,Steelhead,2003,522,784,24.3,-989898,-989898,-989898,-989898,-989898,-989898,607,545,675,-989898,-989898,-989898,-989898,-989898,-989898,NuSEDS_20250221,20251112
West Vancouver Island,Steelhead,2004,302,662,5,-989898,-989898,-989898,-989898,-989898,-989898,602,540,672,-989898,-989898,-989898,-989898,-989898,-989898,NuSEDS_20250221,20251112
West Vancouver Island,Steelhead,2005,346,522,-17.3,-989898,-989898,-989898,-989898,-989898,-989898,598,535,669,-989898,-989898,-989898,-989898,-989898,-989898,NuSEDS_20250221,20251112
West Vancouver Island,Steelhead,2006,740,509,-19.3,-989898,-989898,-989898,-989898,-989898,-989898,594,530,666,-989898,-989898,-989898,-989898,-989898,-989898,NuSEDS_20250221,20251112
West Vancouver Island,Steelhead,2007,474,453,-28.1,-989898,-989898,-989898,-989898,-989898,-989898,590,525,663,-989898,-989898,-989898,-989898,-989898,-989898,NuSEDS_20250221,20251112
West Vancouver Island,Steelhead,2008,388,427,-32.3,-989898,-989898,-989898,-989898,-989898,-989898,586,519,661,-989898,-989898,-989898,-989898,-989898,-989898,NuSEDS_20250221,20251112
West Vancouver Island,Steelhead,2009,495,472,-25.2,-989898,-989898,-989898,-989898,-989898,-989898,582,513,659,-989898,-989898,-989898,-989898,-989898,-989898,NuSEDS_20250221,20251112
West Vancouver Island,Steelhead,2010,1111,596,-5.6,-989898,-989898,-989898,774,661,907,578,508,657,-989898,-989898,-989898,-989898,-989898,-989898,NuSEDS_20250221,20251112
West Vancouver Island,Steelhead,2011,966,628,-0.4,-989898,-989898,-989898,729,632,841,574,502,655,-989898,-989898,-989898,-989898,-989898,-989898,NuSEDS_20250221,20251112
West Vancouver Island,Steelhead,2012,888,712,12.9,-989898,-989898,-989898,686,604,779,570,496,654,-989898,-989898,-989898,-989898,-989898,-989898,NuSEDS_20250221,20251112
West Vancouver Island,Steelhead,2013,563,767,21.6,-989898,-989898,-989898,646,576,723,566,490,652,-989898,-989898,-989898,-989898,-989898,-989898,NuSEDS_20250221,20251112
West Vancouver Island,Steelhead,2014,611,800,26.8,-989898,-989898,-989898,608,549,673,562,485,651,-989898,-989898,-989898,-989898,-989898,-989898,NuSEDS_20250221,20251112
West Vancouver Island,Steelhead,2015,351,635,0.7,-989898,-989898,-989898,572,522,627,558,479,650,-989898,-989898,-989898,-989898,-989898,-989898,NuSEDS_20250221,20251112
West Vancouver Island,Steelhead,2016,664,589,-6.6,-989898,-989898,-989898,538,494,587,554,473,649,-989898,-989898,-989898,-989898,-989898,-989898,NuSEDS_20250221,20251112
West Vancouver Island,Steelhead,2017,483,522,-17.3,-989898,-989898,-989898,507,466,551,550,467,648,-989898,-989898,-989898,-989898,-989898,-989898,NuSEDS_20250221,20251112
West Vancouver Island,Steelhead,2018,371,480,-23.9,-989898,-989898,-989898,477,438,520,546,461,647,-989898,-989898,-989898,-989898,-989898,-989898,NuSEDS_20250221,20251112
West Vancouver Island,Steelhead,2019,297,416,-34.1,-989898,-989898,-989898,449,410,492,542,455,646,-989898,-989898,-989898,-989898,-989898,-989898,NuSEDS_20250221,20251112
West Vancouver Island,Steelhead,2020,390,425,-32.7,-989898,-989898,-989898,423,382,468,538,449,645,-989898,-989898,-989898,-989898,-989898,-989898,NuSEDS_20250221,20251112
West Vancouver Island,Steelhead,2021,185,329,-47.8,-989898,-989898,-989898,398,355,446,535,444,645,-989898,-989898,-989898,-989898,-989898,-989898,NuSEDS_20250221,20251112
West Vancouver Island,Steelhead,2022,333,305,-51.6,-989898,-989898,-989898,374,330,425,531,438,644,-989898,-989898,-989898,-989898,-989898,-989898,NuSEDS_20250221,20251112
West Vancouver Island,Steelhead,2023,566,332,-47.3,-989898,-989898,-989898,352,306,406,527,432,643,-989898,-989898,-989898,-989898,-989898,-989898,NuSEDS_20250221,20251112
West Vancouver Island,Steelhead,2024,885,413,-34.5,-989898,-989898,-989898,332,283,389,524,426,643,-989898,-989898,-989898,-989898,-989898,-989898,NuSEDS_20250221,20251112
Yukon,Chinook,1982,35777,35777,-23.5,162185,162185,68.1,-989898,-989898,-989898,54254,48135,61152,-989898,-989898,-989898,220220,194876,248860,JTC_202503,20251112
Yukon,Chinook,1983,55250,44460,-4.9,183136,172342,78.7,-989898,-989898,-989898,53990,48102,60600,-989898,-989898,-989898,212929,189234,239592,JTC_202503,20251112
Yukon,Chinook,1984,68331,51308,9.8,138298,160152,66,-989898,-989898,-989898,53728,48067,60056,-989898,-989898,-989898,205880,183745,230683,JTC_202503,20251112
Yukon,Chinook,1985,39082,47933,2.6,158372,159705,65.6,-989898,-989898,-989898,53467,48028,59521,-989898,-989898,-989898,199065,178403,222119,JTC_202503,20251112
Yukon,Chinook,1986,49804,48301,3.3,176175,162871,68.8,-989898,-989898,-989898,53207,47987,58995,-989898,-989898,-989898,192475,173204,213890,JTC_202503,20251112
Yukon,Chinook,1987,33795,45510,-2.6,176108,165006,71,-989898,-989898,-989898,52948,47941,58478,-989898,-989898,-989898,186103,168142,205982,JTC_202503,20251112
Yukon,Chinook,1988,49442,48031,2.8,160326,164690,70.7,-989898,-989898,-989898,52691,47891,57972,-989898,-989898,-989898,179942,163213,198386,JTC_202503,20251112
Yukon,Chinook,1989,60545,48769,4.3,166594,162111,68,-989898,-989898,-989898,52435,47836,57475,-989898,-989898,-989898,173985,158412,191089,JTC_202503,20251112
Yukon,Chinook,1990,85985,50674,8.4,178126,169096,75.3,-989898,-989898,-989898,52180,47776,56990,-989898,-989898,-989898,168225,153734,184083,JTC_202503,20251112
Yukon,Chinook,1991,51662,53086,13.6,141490,165948,72,-989898,-989898,-989898,51926,47709,56516,-989898,-989898,-989898,162656,149174,177357,JTC_202503,20251112
Yukon,Chinook,1992,46024,52392,12.1,179658,166491,72.6,-989898,-989898,-989898,51674,47636,56054,-989898,-989898,-989898,157271,144728,170902,JTC_202503,20251112
Yukon,Chinook,1993,55346,56882,21.7,159529,163770,69.8,-989898,-989898,-989898,51422,47555,55605,-989898,-989898,-989898,152065,140390,164711,JTC_202503,20251112
Yukon,Chinook,1994,64047,59389,27.1,192917,168899,75.1,-989898,-989898,-989898,51172,47465,55170,-989898,-989898,-989898,147031,136157,158774,JTC_202503,20251112
Yukon,Chinook,1995,69485,60768,30,214663,176189,82.6,-989898,-989898,-989898,50924,47365,54749,-989898,-989898,-989898,142163,132022,153083,JTC_202503,20251112
Yukon,Chinook,1996,76425,59586,27.5,195905,179005,85.6,-989898,-989898,-989898,50676,47255,54345,-989898,-989898,-989898,137457,127983,147633,JTC_202503,20251112
Yukon,Chinook,1997,83707,64577,38.2,199464,189549,96.5,-989898,-989898,-989898,50430,47132,53958,-989898,-989898,-989898,132907,124034,142414,JTC_202503,20251112
Yukon,Chinook,1998,35520,61848,32.3,97139,171085,77.3,-989898,-989898,-989898,50185,46996,53589,-989898,-989898,-989898,128507,120172,137420,JTC_202503,20251112
Yukon,Chinook,1999,47002,60186,28.8,124131,164079,70.1,-989898,-989898,-989898,49941,46846,53240,-989898,-989898,-989898,124253,116392,132644,JTC_202503,20251112
Yukon,Chinook,2000,21345,50114,7.2,53788,132619,37.5,-989898,-989898,-989898,49698,46680,52910,-989898,-989898,-989898,120139,112692,128079,JTC_202503,20251112
Yukon,Chinook,2001,68219,49961,6.9,103240,117387,21.7,-989898,-989898,-989898,49456,46498,52602,-989898,-989898,-989898,116162,109069,123716,JTC_202503,20251112
Yukon,Chinook,2002,48542,46321,-0.9,93774,103823,7.6,-989898,-989898,-989898,49216,46300,52316,-989898,-989898,-989898,112317,105522,119549,JTC_202503,20251112
Yukon,Chinook,2003,94909,47301,1.2,172467,101337,5,-989898,-989898,-989898,48977,46084,52051,-989898,-989898,-989898,108598,102049,115568,JTC_202503,20251112
Yukon,Chinook,2004,55433,50943,9,127492,106035,9.9,-989898,-989898,-989898,48738,45851,51808,-989898,-989898,-989898,105003,98651,111764,JTC_202503,20251112
Yukon,Chinook,2005,69335,54353,16.3,131682,107083,11,-989898,-989898,-989898,48502,45601,51587,-989898,-989898,-989898,101527,95328,108129,JTC_202503,20251112
Yukon,Chinook,2006,64261,65313,39.7,126125,123426,27.9,-989898,-989898,-989898,48266,45335,51386,-989898,-989898,-989898,98166,92081,104653,JTC_202503,20251112
Yukon,Chinook,2007,36229,58775,25.8,92824,121258,25.7,55262,44810,68152,48031,45055,51204,108970,89770,132277,94916,88912,101326,JTC_202503,20251112
Yukon,Chinook,2008,33885,55357,18.4,69577,115374,19.6,53937,44515,65354,47798,44761,51040,103319,86515,123387,91774,85821,98139,JTC_202503,20251112
Yukon,Chinook,2009,64971,51969,11.2,86638,102867,6.6,52644,44189,62718,47565,44455,50893,97961,83321,115175,88736,82812,95083,JTC_202503,20251112
Yukon,Chinook,2010,32250,47483,1.6,62767,91408,-5.2,51382,43821,60249,47334,44138,50761,92882,80171,107607,85798,79885,92150,JTC_202503,20251112
Yukon,Chinook,2011,47008,44505,-4.8,70497,82368,-14.6,50151,43399,57952,47104,43812,50643,88065,77046,100660,82958,77040,89330,JTC_202503,20251112
Yukon,Chinook,2012,32328,39690,-15.1,51449,70934,-26.5,48948,42906,55842,46875,43479,50536,83498,73922,94315,80212,74279,86618,JTC_202503,20251112
Yukon,Chinook,2013,28488,38131,-18.4,39617,61549,-36.2,47775,42320,53933,46647,43139,50441,79168,70773,88559,77556,71602,84006,JTC_202503,20251112
Yukon,Chinook,2014,63370,42324,-9.4,65111,60872,-36.9,46630,41618,52245,46420,42793,50355,75063,67573,83383,74989,69008,81488,JTC_202503,20251112
Yukon,Chinook,2015,82695,44061,-5.7,88341,61070,-36.7,45512,40782,50790,46195,42443,50278,71170,64304,78770,72506,66496,79059,JTC_202503,20251112
Yukon,Chinook,2016,69164,50035,7.1,83796,64083,-33.6,44421,39804,49573,45970,42090,50208,67480,60970,74685,70106,64067,76714,JTC_202503,20251112
Yukon,Chinook,2017,69387,53390,14.2,99946,67922,-29.6,43356,38696,48577,45747,41735,50144,63981,57596,71072,67785,61718,74449,JTC_202503,20251112
Yukon,Chinook,2018,54595,58263,24.7,76646,72588,-24.8,42317,37485,47771,45524,41377,50087,60663,54230,67858,65541,59448,72259,JTC_202503,20251112
Yukon,Chinook,2019,42193,62204,33.1,85148,82460,-14.5,41302,36203,47119,45303,41019,50035,57517,50921,64968,63371,57255,70141,JTC_202503,20251112
Yukon,Chinook,2020,30646,55110,17.9,52140,79463,-17.6,40312,34885,46583,45083,40659,49987,54534,47711,62334,61273,55139,68091,JTC_202503,20251112
Yukon,Chinook,2021,31509,46924,0.4,33239,67517,-30,39346,33556,46135,44863,40300,49943,51706,44630,59904,59245,53096,66106,JTC_202503,20251112
Yukon,Chinook,2022,12009,35048,-25,13360,49717,-48.5,38402,32234,45751,44645,39941,49903,49025,41698,57639,57284,51125,64185,JTC_202503,20251112
Yukon,Chinook,2023,14576,27022,-42.2,15816,36565,-62.1,37482,30934,45416,44428,39583,49867,46483,38923,55511,55387,49224,62323,JTC_202503,20251112
Yukon,Chinook,2024,24184,23593,-49.5,25390,30415,-68.5,36583,29664,45116,44212,39226,49833,44072,36307,53499,53554,47391,60518,JTC_202503,20251112
Yukon,Chum,1980,22912,22912,-70.7,-989898,-989898,-989898,-989898,-989898,-989898,50099,35172,71360,-989898,-989898,-989898,-989898,-989898,-989898,JTC_202503,20251112
Yukon,Chum,1981,47066,32839,-58.1,-989898,-989898,-989898,-989898,-989898,-989898,51155,36342,72005,-989898,-989898,-989898,-989898,-989898,-989898,JTC_202503,20251112
Yukon,Chum,1982,31958,32542,-58.4,-989898,-989898,-989898,-989898,-989898,-989898,52233,37544,72668,-989898,-989898,-989898,-989898,-989898,-989898,JTC_202503,20251112
Yukon,Chum,1983,90875,42068,-46.3,-989898,-989898,-989898,-989898,-989898,-989898,53334,38780,73350,-989898,-989898,-989898,-989898,-989898,-989898,JTC_202503,20251112
Yukon,Chum,1984,56633,52747,-32.6,-989898,-989898,-989898,-989898,-989898,-989898,54458,40049,74052,-989898,-989898,-989898,-989898,-989898,-989898,JTC_202503,20251112
Yukon,Chum,1985,62010,56512,-27.8,-989898,-989898,-989898,-989898,-989898,-989898,55606,41350,74777,-989898,-989898,-989898,-989898,-989898,-989898,JTC_202503,20251112
Yukon,Chum,1986,87940,72785,-7,-989898,-989898,-989898,-989898,-989898,-989898,56778,42683,75526,-989898,-989898,-989898,-989898,-989898,-989898,JTC_202503,20251112
Yukon,Chum,1987,80776,70672,-9.7,-989898,-989898,-989898,-989898,-989898,-989898,57975,44048,76304,-989898,-989898,-989898,-989898,-989898,-989898,JTC_202503,20251112
Yukon,Chum,1988,36786,63446,-19,-989898,-989898,-989898,-989898,-989898,-989898,59197,45443,77113,-989898,-989898,-989898,-989898,-989898,-989898,JTC_202503,20251112
Yukon,Chum,1989,35750,55285,-29.4,-989898,-989898,-989898,-989898,-989898,-989898,60444,46866,77957,-989898,-989898,-989898,-989898,-989898,-989898,JTC_202503,20251112
Yukon,Chum,1990,51735,48418,-38.2,-989898,-989898,-989898,-989898,-989898,-989898,61718,48315,78840,-989898,-989898,-989898,-989898,-989898,-989898,JTC_202503,20251112
Yukon,Chum,1991,78461,48067,-38.6,-989898,-989898,-989898,-989898,-989898,-989898,63019,49788,79766,-989898,-989898,-989898,-989898,-989898,-989898,JTC_202503,20251112
Yukon,Chum,1992,49082,51661,-34,-989898,-989898,-989898,-989898,-989898,-989898,64348,51282,80742,-989898,-989898,-989898,-989898,-989898,-989898,JTC_202503,20251112
Yukon,Chum,1993,29743,49339,-37,-989898,-989898,-989898,-989898,-989898,-989898,65704,52793,81772,-989898,-989898,-989898,-989898,-989898,-989898,JTC_202503,20251112
Yukon,Chum,1994,98358,57935,-26,-989898,-989898,-989898,-989898,-989898,-989898,67089,54316,82866,-989898,-989898,-989898,-989898,-989898,-989898,JTC_202503,20251112
Yukon,Chum,1995,158092,69025,-11.8,-989898,-989898,-989898,-989898,-989898,-989898,68503,55846,84029,-989898,-989898,-989898,-989898,-989898,-989898,JTC_202503,20251112
Yukon,Chum,1996,122429,86746,10.8,-989898,-989898,-989898,-989898,-989898,-989898,69947,57377,85270,-989898,-989898,-989898,-989898,-989898,-989898,JTC_202503,20251112
Yukon,Chum,1997,85419,112925,44.2,-989898,-989898,-989898,-989898,-989898,-989898,71421,58904,86599,-989898,-989898,-989898,-989898,-989898,-989898,JTC_202503,20251112
Yukon,Chum,1998,46252,93513,19.4,-989898,-989898,-989898,-989898,-989898,-989898,72926,60418,88024,-989898,-989898,-989898,-989898,-989898,-989898,JTC_202503,20251112
Yukon,Chum,1999,58552,72950,-6.8,-989898,-989898,-989898,-989898,-989898,-989898,74463,61914,89556,-989898,-989898,-989898,-989898,-989898,-989898,JTC_202503,20251112
Yukon,Chum,2000,53732,59377,-24.2,-989898,-989898,-989898,-989898,-989898,-989898,76033,63385,91205,-989898,-989898,-989898,-989898,-989898,-989898,JTC_202503,20251112
Yukon,Chum,2001,33491,46985,-40,90100,90100,-34.2,-989898,-989898,-989898,77636,64824,92980,-989898,-989898,-989898,234350,129623,423691,JTC_202503,20251112
Yukon,Chum,2002,98621,56776,-27.5,89900,90000,-34.3,-989898,-989898,-989898,79272,66225,94889,-989898,-989898,-989898,225586,129521,392900,JTC_202503,20251112
Yukon,Chum,2003,143133,70993,-9.3,170800,111427,-18.6,-989898,-989898,-989898,80943,67585,96941,-989898,-989898,-989898,217149,129281,364735,JTC_202503,20251112
Yukon,Chum,2004,154080,92384,18,181300,125847,-8.1,-989898,-989898,-989898,82649,68900,99141,-989898,-989898,-989898,209027,128874,339032,JTC_202503,20251112
Yukon,Chum,2005,437498,175634,124.3,504500,193587,41.4,-989898,-989898,-989898,84391,70169,101496,-989898,-989898,-989898,201209,128260,315649,JTC_202503,20251112
Yukon,Chum,2006,220898,214864,174.4,284200,258133,88.5,-989898,-989898,-989898,86170,71390,104009,-989898,-989898,-989898,193684,127395,294466,JTC_202503,20251112
Yukon,Chum,2007,236987,243730,211.3,278500,291694,113,-989898,-989898,-989898,87986,72565,106684,-989898,-989898,-989898,186440,126223,275386,JTC_202503,20251112
Yukon,Chum,2008,167898,249020,218,237000,311900,127.8,-989898,-989898,-989898,89841,73696,109522,-989898,-989898,-989898,179467,124678,258333,JTC_202503,20251112
Yukon,Chum,2009,93626,169371,116.3,128000,221361,61.6,-989898,-989898,-989898,91734,74785,112525,-989898,-989898,-989898,172755,122690,243251,JTC_202503,20251112
Yukon,Chum,2010,117789,144733,84.9,143000,186436,36.1,-989898,-989898,-989898,93668,75834,115695,-989898,-989898,-989898,166294,120188,230088,JTC_202503,20251112
Yukon,Chum,2011,205566,139677,78.4,326000,193922,41.6,-989898,-989898,-989898,95642,76848,119032,-989898,-989898,-989898,160075,117115,218793,JTC_202503,20251112
Yukon,Chum,2012,137662,132913,69.8,238000,194127,41.8,-989898,-989898,-989898,97658,77829,122539,-989898,-989898,-989898,154088,113446,209289,JTC_202503,20251112
Yukon,Chum,2013,200262,160737,105.3,303000,240793,75.8,275353,168639,449596,99716,78781,126215,498213,265111,936274,148325,109203,201462,JTC_202503,20251112
Yukon,Chum,2014,156796,172653,120.5,223000,269083,96.5,224939,146585,345178,101818,79707,130064,390724,225199,677912,142778,104460,195151,JTC_202503,20251112
Yukon,Chum,2015,108658,147215,88,205000,239618,75,183756,126777,266343,103964,80609,134086,306425,190065,494022,137438,99332,190162,JTC_202503,20251112
Yukon,Chum,2016,145267,149207,90.6,298000,253472,85.1,150112,108806,207100,106156,81491,138285,240314,158833,363595,132297,93957,186283,JTC_202503,20251112
Yukon,Chum,2017,401585,177556,126.8,563000,295935,116.1,122628,92293,162934,108393,82355,142664,188466,130744,271672,127349,88471,183312,JTC_202503,20251112
Yukon,Chum,2018,154126,176795,125.8,279000,312983,128.5,100177,76982,130360,110678,83203,147225,147805,105321,207426,122587,82993,181069,JTC_202503,20251112
Yukon,Chum,2019,99738,173049,121,178000,302125,120.6,81835,62887,106493,113011,84038,151972,115916,82598,162674,118002,77615,179403,JTC_202503,20251112
Yukon,Chum,2020,23512,109762,40.2,25000,162599,18.7,66852,50315,88826,115393,84860,156910,90907,63065,131041,113588,72407,178193,JTC_202503,20251112
Yukon,Chum,2021,23170,53795,-31.3,23000,73101,-46.6,54612,39585,75345,117825,85673,162044,71294,47121,107868,109340,67413,177345,JTC_202503,20251112
Yukon,Chum,2022,22059,33088,-57.7,23000,39170,-71.4,44614,30780,64665,120308,86476,167377,55912,34680,90142,105251,62662,176785,JTC_202503,20251112
Yukon,Chum,2023,22090,22699,-71,23000,23484,-82.9,36445,23750,55927,122844,87272,172915,43849,25273,76079,101314,58170,176458,JTC_202503,20251112
Yukon,Chum,2024,16174,20672,-73.6,16000,21005,-84.7,29773,18234,48613,125433,88062,178665,34389,18299,64625,97525,53943,176320,JTC_202503,20251112