Daily Discharge (m3/s) (PARAM = 1) and Daily Water Level (m) (PARAM = 2),,,,
 ID,PARAM,Date,Value,SYM
08HB034,1,1965/05/29,22.7,A
08HB034,1,1965/05/30,20.6,
08HB034,1,1965/05/31,18.8,
08HB034,1,1965/06/01,17.6,
08HB034,1,1965/06/02,17.5,
08HB034,1,1965/06/03,17.9,
08HB034,1,1965/06/04,17.0,
08HB034,1,1965/06/05,16.3,
08HB034,1,1965/06/06,15.9,
08HB034,1,1965/06/07,15.1,
08HB034,1,1965/06/08,14.0,
08HB034,1,1965/06/09,13.5,
08HB034,1,1965/06/10,12.7,
08HB034,1,1965/06/11,12.2,
08HB034,1,1965/06/12,11.6,
08HB034,1,1965/06/13,10.6,
08HB034,1,1965/06/14,10.1,
08HB034,1,1965/06/15,9.23,
08HB034,1,1965/06/16,8.64,
08HB034,1,1965/06/17,8.38,
08HB034,1,1965/06/18,8.55,
08HB034,1,1965/06/19,7.87,
08HB034,1,1965/06/20,7.50,
08HB034,1,1965/06/21,7.42,
08HB034,1,1965/06/22,6.74,
08HB034,1,1965/06/23,6.46,
08HB034,1,1965/06/24,6.46,
08HB034,1,1965/06/25,5.86,
08HB034,1,1965/06/26,5.52,
08HB034,1,1965/06/27,5.13,
08HB034,1,1965/06/28,4.84,
08HB034,1,1965/06/29,4.45,
08HB034,1,1965/06/30,4.56,
08HB034,1,1965/07/01,4.73,
08HB034,1,1965/07/02,4.73,
08HB034,1,1965/07/03,4.56,
08HB034,1,1965/07/04,4.39,
08HB034,1,1965/07/05,4.22,
08HB034,1,1965/07/06,3.88,
08HB034,1,1965/07/07,3.79,
08HB034,1,1965/07/08,3.65,
08HB034,1,1965/07/09,3.40,
08HB034,1,1965/07/10,3.48,
08HB034,1,1965/07/11,3.82,
08HB034,1,1965/07/12,3.99,
08HB034,1,1965/07/13,3.99,
08HB034,1,1965/07/14,3.94,
08HB034,1,1965/07/15,3.99,
08HB034,1,1965/07/16,3.82,
08HB034,1,1965/07/17,3.82,
08HB034,1,1965/07/18,3.82,
08HB034,1,1965/07/19,3.79,
08HB034,1,1965/07/20,3.88,
08HB034,1,1965/07/21,3.99,
08HB034,1,1965/07/22,3.99,
08HB034,1,1965/07/23,3.94,
08HB034,1,1965/07/24,3.88,
08HB034,1,1965/07/25,3.88,
08HB034,1,1965/07/26,3.82,
08HB034,1,1965/07/27,3.82,
08HB034,1,1965/07/28,3.82,
08HB034,1,1965/07/29,3.79,
08HB034,1,1965/07/30,3.74,
08HB034,1,1965/07/31,3.68,
08HB034,1,1965/08/01,3.74,
08HB034,1,1965/08/02,3.74,
08HB034,1,1965/08/03,3.79,
08HB034,1,1965/08/04,3.94,
08HB034,1,1965/08/05,3.94,
08HB034,1,1965/08/06,3.82,
08HB034,1,1965/08/07,3.82,
08HB034,1,1965/08/08,3.82,
08HB034,1,1965/08/09,3.74,
08HB034,1,1965/08/10,3.74,
08HB034,1,1965/08/11,3.88,
08HB034,1,1965/08/12,4.28,
08HB034,1,1965/08/13,4.22,
08HB034,1,1965/08/14,4.28,
08HB034,1,1965/08/15,4.28,
08HB034,1,1965/08/16,4.39,
08HB034,1,1965/08/17,4.33,
08HB034,1,1965/08/18,4.33,
08HB034,1,1965/08/19,4.22,
08HB034,1,1965/08/20,4.90,
08HB034,1,1965/08/21,5.52,
08HB034,1,1965/08/22,5.52,
08HB034,1,1965/08/23,5.41,
08HB034,1,1965/08/24,5.47,
08HB034,1,1965/08/25,5.52,
08HB034,1,1965/08/26,5.13,
08HB034,1,1965/08/27,4.79,
08HB034,1,1965/08/28,4.39,
08HB034,1,1965/08/29,4.22,
08HB034,1,1965/08/30,4.11,
08HB034,1,1965/08/31,3.99,
08HB034,1,1965/09/01,4.11,
08HB034,1,1965/09/02,4.22,
08HB034,1,1965/09/03,4.50,
08HB034,1,1965/09/04,4.73,
08HB034,1,1965/09/05,4.79,
08HB034,1,1965/09/06,4.45,
08HB034,1,1965/09/07,4.28,
08HB034,1,1965/09/08,4.11,
08HB034,1,1965/09/09,4.05,
08HB034,1,1965/09/10,4.05,
08HB034,1,1965/09/11,4.05,
08HB034,1,1965/09/12,3.99,
08HB034,1,1965/09/13,4.16,
08HB034,1,1965/09/14,4.50,
08HB034,1,1965/09/15,4.50,
08HB034,1,1965/09/16,4.33,
08HB034,1,1965/09/17,4.05,
08HB034,1,1965/09/18,3.88,
08HB034,1,1965/09/19,4.05,
08HB034,1,1965/09/20,4.16,
08HB034,1,1965/09/21,4.28,
08HB034,1,1965/09/22,4.39,
08HB034,1,1965/09/23,4.39,
08HB034,1,1965/09/24,4.39,
08HB034,1,1965/09/25,4.39,
08HB034,1,1965/09/26,4.33,
08HB034,1,1965/09/27,4.33,
08HB034,1,1965/09/28,4.28,
08HB034,1,1965/09/29,4.28,
08HB034,1,1965/09/30,4.28,
08HB034,1,1965/10/01,4.33,
08HB034,1,1965/10/02,4.28,
08HB034,1,1965/10/03,4.39,
08HB034,1,1965/10/04,7.36,
08HB034,1,1965/10/05,36.5,
08HB034,1,1965/10/06,207,
08HB034,1,1965/10/07,101,
08HB034,1,1965/10/08,52.1,
08HB034,1,1965/10/09,36.5,
08HB034,1,1965/10/10,26.2,
08HB034,1,1965/10/11,19.5,
08HB034,1,1965/10/12,15.6,
08HB034,1,1965/10/13,13.9,
08HB034,1,1965/10/14,14.3,
08HB034,1,1965/10/15,22.8,
08HB034,1,1965/10/16,22.5,
08HB034,1,1965/10/17,33.4,
08HB034,1,1965/10/18,74.2,
08HB034,1,1965/10/19,77.9,
08HB034,1,1965/10/20,100,
08HB034,1,1965/10/21,163,
08HB034,1,1965/10/22,101,
08HB034,1,1965/10/23,60.0,
08HB034,1,1965/10/24,39.6,
08HB034,1,1965/10/25,29.2,
08HB034,1,1965/10/26,22.8,
08HB034,1,1965/10/27,18.8,
08HB034,1,1965/10/28,17.7,
08HB034,1,1965/10/29,61.4,
08HB034,1,1965/10/30,108,
08HB034,1,1965/10/31,71.9,
08HB034,1,1965/11/01,61.2,A
08HB034,1,1965/11/02,88.9,E
08HB034,1,1965/11/03,117,A
08HB034,1,1965/11/04,145,
08HB034,1,1965/11/05,176,
08HB034,1,1965/11/06,113,
08HB034,1,1965/11/07,75.0,
08HB034,1,1965/11/08,68.5,
08HB034,1,1965/11/09,64.8,
08HB034,1,1965/11/10,56.4,
08HB034,1,1965/11/11,50.7,
08HB034,1,1965/11/12,42.5,
08HB034,1,1965/11/13,36.2,
08HB034,1,1965/11/14,39.6,
08HB034,1,1965/11/15,39.1,
08HB034,1,1965/11/16,38.5,
08HB034,1,1965/11/17,44.2,
08HB034,1,1965/11/18,42.5,
08HB034,1,1965/11/19,114,
08HB034,1,1965/11/20,186,
08HB034,1,1965/11/21,138,
08HB034,1,1965/11/22,96.8,
08HB034,1,1965/11/23,68.8,
08HB034,1,1965/11/24,51.5,
08HB034,1,1965/11/25,40.2,
08HB034,1,1965/11/26,35.1,
08HB034,1,1965/11/27,33.1,
08HB034,1,1965/11/28,47.6,
08HB034,1,1965/11/29,72.5,
08HB034,1,1965/11/30,69.9,
08HB034,1,1965/12/01,126,
08HB034,1,1965/12/02,203,
08HB034,1,1965/12/03,219,
08HB034,1,1965/12/04,286,
08HB034,1,1965/12/05,182,
08HB034,1,1965/12/06,204,
08HB034,1,1965/12/07,173,
08HB034,1,1965/12/08,132,
08HB034,1,1965/12/09,107,
08HB034,1,1965/12/10,85.5,
08HB034,1,1965/12/11,65.4,
08HB034,1,1965/12/12,50.7,
08HB034,1,1965/12/13,40.5,
08HB034,1,1965/12/14,33.7,
08HB034,1,1965/12/15,28.2,
08HB034,1,1965/12/16,24.6,
08HB034,1,1965/12/17,21.8,
08HB034,1,1965/12/18,24.8,
08HB034,1,1965/12/19,119,
08HB034,1,1965/12/20,251,
08HB034,1,1965/12/21,184,
08HB034,1,1965/12/22,100,
08HB034,1,1965/12/23,66.3,
08HB034,1,1965/12/24,48.7,
08HB034,1,1965/12/25,39.6,
08HB034,1,1965/12/26,32.6,
08HB034,1,1965/12/27,30.3,
08HB034,1,1965/12/28,27.5,
08HB034,1,1965/12/29,24.3,
08HB034,1,1965/12/30,22.4,
08HB034,1,1965/12/31,20.2,
08HB034,1,1966/01/01,18.8,
08HB034,1,1966/01/02,18.5,
08HB034,1,1966/01/03,17.3,
08HB034,1,1966/01/04,16.5,
08HB034,1,1966/01/05,15.7,
08HB034,1,1966/01/06,15.8,
08HB034,1,1966/01/07,127,
08HB034,1,1966/01/08,206,
08HB034,1,1966/01/09,142,
08HB034,1,1966/01/10,118,
08HB034,1,1966/01/11,132,
08HB034,1,1966/01/12,121,
08HB034,1,1966/01/13,351,
08HB034,1,1966/01/14,354,
08HB034,1,1966/01/15,176,
08HB034,1,1966/01/16,104,
08HB034,1,1966/01/17,71.9,
08HB034,1,1966/01/18,54.7,
08HB034,1,1966/01/19,44.7,
08HB034,1,1966/01/20,37.9,
08HB034,1,1966/01/21,32.8,
08HB034,1,1966/01/22,28.9,
08HB034,1,1966/01/23,26.2,
08HB034,1,1966/01/24,23.5,
08HB034,1,1966/01/25,21.7,
08HB034,1,1966/01/26,31.1,
08HB034,1,1966/01/27,91.5,
08HB034,1,1966/01/28,95.1,
08HB034,1,1966/01/29,114,
08HB034,1,1966/01/30,120,
08HB034,1,1966/01/31,101,
08HB034,1,1966/02/01,78.4,
08HB034,1,1966/02/02,60.6,
08HB034,1,1966/02/03,48.4,
08HB034,1,1966/02/04,69.7,
08HB034,1,1966/02/05,139,
08HB034,1,1966/02/06,123,
08HB034,1,1966/02/07,93.4,
08HB034,1,1966/02/08,69.7,
08HB034,1,1966/02/09,53.2,
08HB034,1,1966/02/10,42.2,
08HB034,1,1966/02/11,44.2,
08HB034,1,1966/02/12,47.3,
08HB034,1,1966/02/13,41.3,
08HB034,1,1966/02/14,35.1,
08HB034,1,1966/02/15,29.4,
08HB034,1,1966/02/16,25.8,
08HB034,1,1966/02/17,23.4,
08HB034,1,1966/02/18,21.4,
08HB034,1,1966/02/19,20.5,
08HB034,1,1966/02/20,20.8,
08HB034,1,1966/02/21,23.8,
08HB034,1,1966/02/22,29.2,
08HB034,1,1966/02/23,39.1,
08HB034,1,1966/02/24,47.6,
08HB034,1,1966/02/25,45.6,
08HB034,1,1966/02/26,42.5,
08HB034,1,1966/02/27,40.2,
08HB034,1,1966/02/28,35.1,
08HB034,1,1966/03/01,30.6,
08HB034,1,1966/03/02,26.8,
08HB034,1,1966/03/03,22.9,
08HB034,1,1966/03/04,21.0,
08HB034,1,1966/03/05,20.4,
08HB034,1,1966/03/06,24.1,
08HB034,1,1966/03/07,29.7,
08HB034,1,1966/03/08,37.4,
08HB034,1,1966/03/09,49.6,
08HB034,1,1966/03/10,56.4,
08HB034,1,1966/03/11,53.8,
08HB034,1,1966/03/12,49.3,
08HB034,1,1966/03/13,69.9,
08HB034,1,1966/03/14,117,
08HB034,1,1966/03/15,168,
08HB034,1,1966/03/16,136,
08HB034,1,1966/03/17,89.8,
08HB034,1,1966/03/18,83.0,
08HB034,1,1966/03/19,73.6,
08HB034,1,1966/03/20,56.4,
08HB034,1,1966/03/21,44.7,
08HB034,1,1966/03/22,36.5,
08HB034,1,1966/03/23,31.1,
08HB034,1,1966/03/24,28.6,
08HB034,1,1966/03/25,27.7,
08HB034,1,1966/03/26,29.2,
08HB034,1,1966/03/27,39.1,
08HB034,1,1966/03/28,48.4,
08HB034,1,1966/03/29,85.2,
08HB034,1,1966/03/30,179,
08HB034,1,1966/03/31,158,
08HB034,1,1966/04/01,107,
08HB034,1,1966/04/02,87.2,
08HB034,1,1966/04/03,69.9,
08HB034,1,1966/04/04,58.3,
08HB034,1,1966/04/05,58.6,
08HB034,1,1966/04/06,69.9,
08HB034,1,1966/04/07,83.0,
08HB034,1,1966/04/08,87.2,
08HB034,1,1966/04/09,78.7,
08HB034,1,1966/04/10,89.8,
08HB034,1,1966/04/11,103,
08HB034,1,1966/04/12,75.0,
08HB034,1,1966/04/13,52.1,
08HB034,1,1966/04/14,42.5,
08HB034,1,1966/04/15,40.2,
08HB034,1,1966/04/16,38.2,
08HB034,1,1966/04/17,35.7,
08HB034,1,1966/04/18,32.6,
08HB034,1,1966/04/19,29.2,
08HB034,1,1966/04/20,27.9,
08HB034,1,1966/04/21,28.6,
08HB034,1,1966/04/22,28.9,
08HB034,1,1966/04/23,29.4,
08HB034,1,1966/04/24,29.2,
08HB034,1,1966/04/25,29.2,
08HB034,1,1966/04/26,28.3,
08HB034,1,1966/04/27,26.7,
08HB034,1,1966/04/28,25.0,
08HB034,1,1966/04/29,23.8,
08HB034,1,1966/04/30,23.4,
08HB034,1,1966/05/01,22.9,
08HB034,1,1966/05/02,23.8,
08HB034,1,1966/05/03,29.4,
08HB034,1,1966/05/04,38.5,
08HB034,1,1966/05/05,51.3,
08HB034,1,1966/05/06,69.7,
08HB034,1,1966/05/07,72.5,
08HB034,1,1966/05/08,59.5,
08HB034,1,1966/05/09,57.8,
08HB034,1,1966/05/10,53.0,
08HB034,1,1966/05/11,42.8,
08HB034,1,1966/05/12,38.2,
08HB034,1,1966/05/13,34.8,
08HB034,1,1966/05/14,30.0,
08HB034,1,1966/05/15,26.7,
08HB034,1,1966/05/16,28.9,
08HB034,1,1966/05/17,27.0,
08HB034,1,1966/05/18,23.5,
08HB034,1,1966/05/19,21.9,
08HB034,1,1966/05/20,25.5,
08HB034,1,1966/05/21,30.0,
08HB034,1,1966/05/22,28.6,
08HB034,1,1966/05/23,25.0,
08HB034,1,1966/05/24,21.9,
08HB034,1,1966/05/25,21.9,
08HB034,1,1966/05/26,27.2,
08HB034,1,1966/05/27,29.4,
08HB034,1,1966/05/28,25.8,
08HB034,1,1966/05/29,21.9,
08HB034,1,1966/05/30,19.5,
08HB034,1,1966/05/31,17.8,
08HB034,1,1966/06/01,17.6,
08HB034,1,1966/06/02,17.8,
08HB034,1,1966/06/03,17.0,
08HB034,1,1966/06/04,16.6,
08HB034,1,1966/06/05,16.5,
08HB034,1,1966/06/06,18.1,
08HB034,1,1966/06/07,23.5,
08HB034,1,1966/06/08,27.5,
08HB034,1,1966/06/09,27.5,
08HB034,1,1966/06/10,26.0,
08HB034,1,1966/06/11,26.8,
08HB034,1,1966/06/12,26.3,
08HB034,1,1966/06/13,24.0,
08HB034,1,1966/06/14,25.7,
08HB034,1,1966/06/15,25.0,
08HB034,1,1966/06/16,27.4,
08HB034,1,1966/06/17,28.0,
08HB034,1,1966/06/18,25.5,
08HB034,1,1966/06/19,27.5,
08HB034,1,1966/06/20,27.5,
08HB034,1,1966/06/21,25.5,
08HB034,1,1966/06/22,24.3,
08HB034,1,1966/06/23,22.1,
08HB034,1,1966/06/24,20.1,
08HB034,1,1966/06/25,18.4,
08HB034,1,1966/06/26,17.4,
08HB034,1,1966/06/27,17.4,
08HB034,1,1966/06/28,26.0,
08HB034,1,1966/06/29,32.6,
08HB034,1,1966/06/30,29.4,
08HB034,1,1966/07/01,24.1,
08HB034,1,1966/07/02,20.7,
08HB034,1,1966/07/03,19.7,
08HB034,1,1966/07/04,19.5,
08HB034,1,1966/07/05,18.1,
08HB034,1,1966/07/06,16.7,
08HB034,1,1966/07/07,15.3,
08HB034,1,1966/07/08,14.4,
08HB034,1,1966/07/09,14.2,
08HB034,1,1966/07/10,13.8,
08HB034,1,1966/07/11,13.1,
08HB034,1,1966/07/12,12.3,
08HB034,1,1966/07/13,11.5,
08HB034,1,1966/07/14,10.9,
08HB034,1,1966/07/15,10.5,
08HB034,1,1966/07/16,10.0,
08HB034,1,1966/07/17,9.32,
08HB034,1,1966/07/18,8.89,
08HB034,1,1966/07/19,8.89,
08HB034,1,1966/07/20,8.21,
08HB034,1,1966/07/21,7.79,
08HB034,1,1966/07/22,7.36,
08HB034,1,1966/07/23,6.94,
08HB034,1,1966/07/24,7.02,
08HB034,1,1966/07/25,6.57,
08HB034,1,1966/07/26,6.29,
08HB034,1,1966/07/27,5.92,
08HB034,1,1966/07/28,5.64,
08HB034,1,1966/07/29,5.69,
08HB034,1,1966/07/30,5.69,
08HB034,1,1966/07/31,5.69,
08HB034,1,1966/08/01,5.69,
08HB034,1,1966/08/02,5.69,
08HB034,1,1966/08/03,5.75,
08HB034,1,1966/08/04,5.80,
08HB034,1,1966/08/05,5.75,
08HB034,1,1966/08/06,5.64,
08HB034,1,1966/08/07,5.52,
08HB034,1,1966/08/08,5.47,
08HB034,1,1966/08/09,5.41,
08HB034,1,1966/08/10,5.35,
08HB034,1,1966/08/11,5.07,
08HB034,1,1966/08/12,4.96,
08HB034,1,1966/08/13,5.13,
08HB034,1,1966/08/14,5.52,
08HB034,1,1966/08/15,5.64,
08HB034,1,1966/08/16,5.58,
08HB034,1,1966/08/17,5.47,
08HB034,1,1966/08/18,5.41,
08HB034,1,1966/08/19,5.30,
08HB034,1,1966/08/20,5.24,
08HB034,1,1966/08/21,5.13,
08HB034,1,1966/08/22,5.13,
08HB034,1,1966/08/23,5.13,
08HB034,1,1966/08/24,5.01,
08HB034,1,1966/08/25,5.01,
08HB034,1,1966/08/26,5.01,
08HB034,1,1966/08/27,5.24,
08HB034,1,1966/08/28,5.97,
08HB034,1,1966/08/29,5.97,
08HB034,1,1966/08/30,5.92,
08HB034,1,1966/08/31,5.69,
08HB034,1,1966/09/01,5.52,
08HB034,1,1966/09/02,5.47,
08HB034,1,1966/09/03,5.35,
08HB034,1,1966/09/04,5.18,
08HB034,1,1966/09/05,4.96,
08HB034,1,1966/09/06,4.59,
08HB034,1,1966/09/07,4.39,
08HB034,1,1966/09/08,4.33,
08HB034,1,1966/09/09,4.28,
08HB034,1,1966/09/10,4.39,
08HB034,1,1966/09/11,4.96,
08HB034,1,1966/09/12,5.64,
08HB034,1,1966/09/13,6.23,
08HB034,1,1966/09/14,6.03,
08HB034,1,1966/09/15,5.86,
08HB034,1,1966/09/16,5.69,
08HB034,1,1966/09/17,5.75,
08HB034,1,1966/09/18,11.4,
08HB034,1,1966/09/19,11.7,
08HB034,1,1966/09/20,10.8,
08HB034,1,1966/09/21,8.47,
08HB034,1,1966/09/22,6.65,
08HB034,1,1966/09/23,5.97,
08HB034,1,1966/09/24,6.03,
08HB034,1,1966/09/25,5.92,
08HB034,1,1966/09/26,5.75,
08HB034,1,1966/09/27,5.64,
08HB034,1,1966/09/28,5.41,
08HB034,1,1966/09/29,5.24,
08HB034,1,1966/09/30,5.01,
08HB034,1,1966/10/01,4.96,
08HB034,1,1966/10/02,4.90,
08HB034,1,1966/10/03,4.84,
08HB034,1,1966/10/04,4.79,
08HB034,1,1966/10/05,4.84,
08HB034,1,1966/10/06,5.13,
08HB034,1,1966/10/07,5.97,
08HB034,1,1966/10/08,9.57,
08HB034,1,1966/10/09,11.8,
08HB034,1,1966/10/10,11.8,
08HB034,1,1966/10/11,10.3,
08HB034,1,1966/10/12,8.64,
08HB034,1,1966/10/13,7.36,
08HB034,1,1966/10/14,6.29,
08HB034,1,1966/10/15,5.75,
08HB034,1,1966/10/16,5.35,
08HB034,1,1966/10/17,5.18,
08HB034,1,1966/10/18,5.18,
08HB034,1,1966/10/19,15.9,
08HB034,1,1966/10/20,37.9,
08HB034,1,1966/10/21,39.1,
08HB034,1,1966/10/22,35.4,
08HB034,1,1966/10/23,80.7,
08HB034,1,1966/10/24,121,
08HB034,1,1966/10/25,91.7,
08HB034,1,1966/10/26,61.2,
08HB034,1,1966/10/27,46.2,
08HB034,1,1966/10/28,35.1,
08HB034,1,1966/10/29,39.9,
08HB034,1,1966/10/30,50.7,
08HB034,1,1966/10/31,41.3,
08HB034,1,1966/11/01,30.6,
08HB034,1,1966/11/02,23.2,
08HB034,1,1966/11/03,18.7,
08HB034,1,1966/11/04,15.5,
08HB034,1,1966/11/05,13.6,
08HB034,1,1966/11/06,12.1,
08HB034,1,1966/11/07,10.8,
08HB034,1,1966/11/08,9.83,
08HB034,1,1966/11/09,9.32,
08HB034,1,1966/11/10,8.64,
08HB034,1,1966/11/11,7.99,
08HB034,1,1966/11/12,10.2,
08HB034,1,1966/11/13,14.2,
08HB034,1,1966/11/14,60.9,
08HB034,1,1966/11/15,107,
08HB034,1,1966/11/16,95.4,
08HB034,1,1966/11/17,66.0,
08HB034,1,1966/11/18,51.8,
08HB034,1,1966/11/19,62.6,
08HB034,1,1966/11/20,110,
08HB034,1,1966/11/21,108,
08HB034,1,1966/11/22,82.7,
08HB034,1,1966/11/23,58.6,
08HB034,1,1966/11/24,44.2,
08HB034,1,1966/11/25,44.7,
08HB034,1,1966/11/26,45.6,
08HB034,1,1966/11/27,124,
08HB034,1,1966/11/28,379,
08HB034,1,1966/11/29,220,
08HB034,1,1966/11/30,173,
08HB034,1,1966/12/01,211,
08HB034,1,1966/12/02,186,
08HB034,1,1966/12/03,161,
08HB034,1,1966/12/04,157,
08HB034,1,1966/12/05,125,
08HB034,1,1966/12/06,113,
08HB034,1,1966/12/07,91.7,
08HB034,1,1966/12/08,64.6,
08HB034,1,1966/12/09,49.0,
08HB034,1,1966/12/10,51.8,
08HB034,1,1966/12/11,199,
08HB034,1,1966/12/12,343,
08HB034,1,1966/12/13,430,
08HB034,1,1966/12/14,244,
08HB034,1,1966/12/15,225,
08HB034,1,1966/12/16,303,
08HB034,1,1966/12/17,206,
08HB034,1,1966/12/18,402,
08HB034,1,1966/12/19,306,
08HB034,1,1966/12/20,200,
08HB034,1,1966/12/21,113,
08HB034,1,1966/12/22,73.3,
08HB034,1,1966/12/23,54.1,
08HB034,1,1966/12/24,47.9,
08HB034,1,1966/12/25,44.5,
08HB034,1,1966/12/26,39.6,
08HB034,1,1966/12/27,34.0,
08HB034,1,1966/12/28,29.7,
08HB034,1,1966/12/29,29.2,
08HB034,1,1966/12/30,28.6,
08HB034,1,1966/12/31,27.6,
08HB034,1,1967/01/01,35.7,
08HB034,1,1967/01/02,41.3,
08HB034,1,1967/01/03,106,
08HB034,1,1967/01/04,90.3,
08HB034,1,1967/01/05,64.3,
08HB034,1,1967/01/06,47.9,
08HB034,1,1967/01/07,37.9,
08HB034,1,1967/01/08,67.1,
08HB034,1,1967/01/09,106,
08HB034,1,1967/01/10,90.6,
08HB034,1,1967/01/11,90.6,
08HB034,1,1967/01/12,86.1,
08HB034,1,1967/01/13,71.6,
08HB034,1,1967/01/14,57.5,
08HB034,1,1967/01/15,161,
08HB034,1,1967/01/16,144,
08HB034,1,1967/01/17,89.8,
08HB034,1,1967/01/18,57.2,
08HB034,1,1967/01/19,81.6,
08HB034,1,1967/01/20,194,
08HB034,1,1967/01/21,153,
08HB034,1,1967/01/22,100,
08HB034,1,1967/01/23,70.5,
08HB034,1,1967/01/24,52.7,
08HB034,1,1967/01/25,41.6,
08HB034,1,1967/01/26,37.4,
08HB034,1,1967/01/27,38.2,
08HB034,1,1967/01/28,110,
08HB034,1,1967/01/29,155,
08HB034,1,1967/01/30,140,
08HB034,1,1967/01/31,116,
08HB034,1,1967/02/01,69.4,
08HB034,1,1967/02/02,72.2,
08HB034,1,1967/02/03,145,
08HB034,1,1967/02/04,212,
08HB034,1,1967/02/05,151,
08HB034,1,1967/02/06,93.4,
08HB034,1,1967/02/07,64.0,
08HB034,1,1967/02/08,49.6,
08HB034,1,1967/02/09,41.6,
08HB034,1,1967/02/10,37.4,
08HB034,1,1967/02/11,34.0,
08HB034,1,1967/02/12,40.8,
08HB034,1,1967/02/13,53.5,
08HB034,1,1967/02/14,46.4,
08HB034,1,1967/02/15,39.1,
08HB034,1,1967/02/16,32.8,
08HB034,1,1967/02/17,29.2,
08HB034,1,1967/02/18,28.1,
08HB034,1,1967/02/19,26.2,
08HB034,1,1967/02/20,24.2,
08HB034,1,1967/02/21,21.8,
08HB034,1,1967/02/22,20.1,
08HB034,1,1967/02/23,18.7,
08HB034,1,1967/02/24,17.3,
08HB034,1,1967/02/25,16.3,
08HB034,1,1967/02/26,15.6,
08HB034,1,1967/02/27,17.7,
08HB034,1,1967/02/28,113,
08HB034,1,1967/03/01,116,
08HB034,1,1967/03/02,75.3,
08HB034,1,1967/03/03,51.8,
08HB034,1,1967/03/04,39.6,
08HB034,1,1967/03/05,32.0,
08HB034,1,1967/03/06,27.4,
08HB034,1,1967/03/07,24.0,
08HB034,1,1967/03/08,22.1,
08HB034,1,1967/03/09,21.4,
08HB034,1,1967/03/10,21.2,
08HB034,1,1967/03/11,20.5,
08HB034,1,1967/03/12,18.7,
08HB034,1,1967/03/13,16.8,
08HB034,1,1967/03/14,16.4,
08HB034,1,1967/03/15,18.0,
08HB034,1,1967/03/16,83.3,
08HB034,1,1967/03/17,108,
08HB034,1,1967/03/18,86.9,
08HB034,1,1967/03/19,65.4,
08HB034,1,1967/03/20,60.6,
08HB034,1,1967/03/21,57.8,
08HB034,1,1967/03/22,90.6,
08HB034,1,1967/03/23,266,
08HB034,1,1967/03/24,180,
08HB034,1,1967/03/25,106,
08HB034,1,1967/03/26,71.4,
08HB034,1,1967/03/27,52.7,
08HB034,1,1967/03/28,45.6,
08HB034,1,1967/03/29,39.9,
08HB034,1,1967/03/30,35.4,
08HB034,1,1967/03/31,30.6,
08HB034,1,1967/04/01,27.2,
08HB034,1,1967/04/02,25.0,
08HB034,1,1967/04/03,23.7,
08HB034,1,1967/04/04,24.0,
08HB034,1,1967/04/05,24.9,
08HB034,1,1967/04/06,24.2,
08HB034,1,1967/04/07,23.7,
08HB034,1,1967/04/08,24.2,
08HB034,1,1967/04/09,26.6,
08HB034,1,1967/04/10,24.4,
08HB034,1,1967/04/11,23.7,
08HB034,1,1967/04/12,22.8,
08HB034,1,1967/04/13,21.8,
08HB034,1,1967/04/14,21.4,
08HB034,1,1967/04/15,22.0,
08HB034,1,1967/04/16,22.1,
08HB034,1,1967/04/17,24.9,
08HB034,1,1967/04/18,25.4,
08HB034,1,1967/04/19,26.6,
08HB034,1,1967/04/20,27.9,
08HB034,1,1967/04/21,27.6,
08HB034,1,1967/04/22,27.4,
08HB034,1,1967/04/23,26.9,
08HB034,1,1967/04/24,26.4,
08HB034,1,1967/04/25,26.2,
08HB034,1,1967/04/26,25.2,
08HB034,1,1967/04/27,23.2,
08HB034,1,1967/04/28,21.8,
08HB034,1,1967/04/29,21.1,
08HB034,1,1967/04/30,21.0,
08HB034,1,1967/05/01,22.3,
08HB034,1,1967/05/02,26.9,
08HB034,1,1967/05/03,33.7,
08HB034,1,1967/05/04,37.7,
08HB034,1,1967/05/05,42.2,
08HB034,1,1967/05/06,49.8,
08HB034,1,1967/05/07,57.2,
08HB034,1,1967/05/08,55.2,
08HB034,1,1967/05/09,49.6,
08HB034,1,1967/05/10,40.8,
08HB034,1,1967/05/11,35.7,
08HB034,1,1967/05/12,33.7,
08HB034,1,1967/05/13,32.0,
08HB034,1,1967/05/14,31.7,
08HB034,1,1967/05/15,32.3,
08HB034,1,1967/05/16,38.8,
08HB034,1,1967/05/17,47.9,
08HB034,1,1967/05/18,51.8,
08HB034,1,1967/05/19,53.0,
08HB034,1,1967/05/20,58.6,
08HB034,1,1967/05/21,63.7,
08HB034,1,1967/05/22,59.2,
08HB034,1,1967/05/23,47.9,
08HB034,1,1967/05/24,37.9,
08HB034,1,1967/05/25,30.6,
08HB034,1,1967/05/26,25.9,
08HB034,1,1967/05/27,25.2,
08HB034,1,1967/05/28,29.4,
08HB034,1,1967/05/29,39.6,
08HB034,1,1967/05/30,37.9,
08HB034,1,1967/05/31,34.0,
08HB034,1,1967/06/01,36.0,
08HB034,1,1967/06/02,44.2,
08HB034,1,1967/06/03,47.0,
08HB034,1,1967/06/04,41.6,
08HB034,1,1967/06/05,38.2,
08HB034,1,1967/06/06,36.8,
08HB034,1,1967/06/07,35.7,
08HB034,1,1967/06/08,30.6,
08HB034,1,1967/06/09,26.9,
08HB034,1,1967/06/10,25.2,
08HB034,1,1967/06/11,25.9,
08HB034,1,1967/06/12,24.4,
08HB034,1,1967/06/13,23.5,
08HB034,1,1967/06/14,23.8,
08HB034,1,1967/06/15,23.8,
08HB034,1,1967/06/16,25.0,
08HB034,1,1967/06/17,25.7,
08HB034,1,1967/06/18,24.0,
08HB034,1,1967/06/19,22.1,
08HB034,1,1967/06/20,21.5,
08HB034,1,1967/06/21,19.8,
08HB034,1,1967/06/22,17.7,
08HB034,1,1967/06/23,15.8,
08HB034,1,1967/06/24,14.2,
08HB034,1,1967/06/25,13.4,
08HB034,1,1967/06/26,13.2,
08HB034,1,1967/06/27,12.3,
08HB034,1,1967/06/28,11.4,
08HB034,1,1967/06/29,10.8,
08HB034,1,1967/06/30,9.83,
08HB034,1,1967/07/01,8.64,
08HB034,1,1967/07/02,7.99,
08HB034,1,1967/07/03,7.87,
08HB034,1,1967/07/04,7.59,
08HB034,1,1967/07/05,7.22,
08HB034,1,1967/07/06,6.57,
08HB034,1,1967/07/07,6.03,
08HB034,1,1967/07/08,5.80,
08HB034,1,1967/07/09,5.41,
08HB034,1,1967/07/10,5.01,
08HB034,1,1967/07/11,4.62,
08HB034,1,1967/07/12,4.67,
08HB034,1,1967/07/13,4.62,
08HB034,1,1967/07/14,4.39,
08HB034,1,1967/07/15,4.22,
08HB034,1,1967/07/16,4.22,
08HB034,1,1967/07/17,4.39,
08HB034,1,1967/07/18,4.50,
08HB034,1,1967/07/19,4.79,
08HB034,1,1967/07/20,5.75,
08HB034,1,1967/07/21,7.36,
08HB034,1,1967/07/22,6.17,
08HB034,1,1967/07/23,5.52,
08HB034,1,1967/07/24,5.01,
08HB034,1,1967/07/25,4.62,
08HB034,1,1967/07/26,4.39,
08HB034,1,1967/07/27,4.33,
08HB034,1,1967/07/28,4.39,
08HB034,1,1967/07/29,4.50,
08HB034,1,1967/07/30,4.62,
08HB034,1,1967/07/31,4.79,
08HB034,1,1967/08/01,4.67,
08HB034,1,1967/08/02,4.62,
08HB034,1,1967/08/03,4.50,
08HB034,1,1967/08/04,4.39,
08HB034,1,1967/08/05,4.39,
08HB034,1,1967/08/06,4.45,
08HB034,1,1967/08/07,4.50,
08HB034,1,1967/08/08,4.45,
08HB034,1,1967/08/09,4.50,
08HB034,1,1967/08/10,4.50,
08HB034,1,1967/08/11,4.50,
08HB034,1,1967/08/12,4.45,
08HB034,1,1967/08/13,4.45,
08HB034,1,1967/08/14,4.39,
08HB034,1,1967/08/15,4.39,
08HB034,1,1967/08/16,4.33,
08HB034,1,1967/08/17,4.33,
08HB034,1,1967/08/18,4.33,
08HB034,1,1967/08/19,4.33,
08HB034,1,1967/08/20,4.39,
08HB034,1,1967/08/21,4.39,
08HB034,1,1967/08/22,4.45,
08HB034,1,1967/08/23,4.45,
08HB034,1,1967/08/24,4.39,
08HB034,1,1967/08/25,4.33,
08HB034,1,1967/08/26,4.22,
08HB034,1,1967/08/27,4.16,
08HB034,1,1967/08/28,4.16,
08HB034,1,1967/08/29,4.11,
08HB034,1,1967/08/30,4.05,
08HB034,1,1967/08/31,4.05,
08HB034,1,1967/09/01,4.22,
08HB034,1,1967/09/02,4.50,
08HB034,1,1967/09/03,5.07,
08HB034,1,1967/09/04,5.13,
08HB034,1,1967/09/05,4.73,
08HB034,1,1967/09/06,4.62,
08HB034,1,1967/09/07,4.45,
08HB034,1,1967/09/08,4.28,
08HB034,1,1967/09/09,4.33,
08HB034,1,1967/09/10,4.50,
08HB034,1,1967/09/11,4.67,
08HB034,1,1967/09/12,4.96,
08HB034,1,1967/09/13,4.79,
08HB034,1,1967/09/14,4.39,
08HB034,1,1967/09/15,4.16,
08HB034,1,1967/09/16,4.05,
08HB034,1,1967/09/17,4.22,
08HB034,1,1967/09/18,4.33,
08HB034,1,1967/09/19,4.39,
08HB034,1,1967/09/20,4.50,
08HB034,1,1967/09/21,4.56,
08HB034,1,1967/09/22,4.56,
08HB034,1,1967/09/23,4.56,
08HB034,1,1967/09/24,4.56,
08HB034,1,1967/09/25,4.50,
08HB034,1,1967/09/26,4.50,
08HB034,1,1967/09/27,4.39,
08HB034,1,1967/09/28,4.33,
08HB034,1,1967/09/29,4.39,
08HB034,1,1967/09/30,4.56,
08HB034,1,1967/10/01,8.47,
08HB034,1,1967/10/02,19.4,
08HB034,1,1967/10/03,20.7,
08HB034,1,1967/10/04,31.7,
08HB034,1,1967/10/05,38.5,
08HB034,1,1967/10/06,84.1,
08HB034,1,1967/10/07,181,
08HB034,1,1967/10/08,159,
08HB034,1,1967/10/09,88.3,
08HB034,1,1967/10/10,73.3,
08HB034,1,1967/10/11,98.3,
08HB034,1,1967/10/12,84.7,
08HB034,1,1967/10/13,80.7,
08HB034,1,1967/10/14,93.7,
08HB034,1,1967/10/15,61.4,
08HB034,1,1967/10/16,42.2,
08HB034,1,1967/10/17,30.6,
08HB034,1,1967/10/18,24.9,
08HB034,1,1967/10/19,21.4,
08HB034,1,1967/10/20,19.0,
08HB034,1,1967/10/21,37.9,
08HB034,1,1967/10/22,70.5,
08HB034,1,1967/10/23,87.8,
08HB034,1,1967/10/24,62.0,
08HB034,1,1967/10/25,58.6,
08HB034,1,1967/10/26,47.9,
08HB034,1,1967/10/27,84.4,
08HB034,1,1967/10/28,119,
08HB034,1,1967/10/29,79.3,
08HB034,1,1967/10/30,106,
08HB034,1,1967/10/31,209,
08HB034,1,1967/11/01,147,
08HB034,1,1967/11/02,81.8,
08HB034,1,1967/11/03,52.4,
08HB034,1,1967/11/04,38.2,
08HB034,1,1967/11/05,30.0,
08HB034,1,1967/11/06,24.4,
08HB034,1,1967/11/07,21.2,
08HB034,1,1967/11/08,19.4,
08HB034,1,1967/11/09,21.8,
08HB034,1,1967/11/10,50.7,
08HB034,1,1967/11/11,87.2,
08HB034,1,1967/11/12,68.2,
08HB034,1,1967/11/13,50.7,
08HB034,1,1967/11/14,44.2,
08HB034,1,1967/11/15,63.1,
08HB034,1,1967/11/16,80.1,
08HB034,1,1967/11/17,59.2,
08HB034,1,1967/11/18,44.5,
08HB034,1,1967/11/19,35.7,
08HB034,1,1967/11/20,28.9,
08HB034,1,1967/11/21,24.2,
08HB034,1,1967/11/22,20.7,
08HB034,1,1967/11/23,18.3,
08HB034,1,1967/11/24,16.3,
08HB034,1,1967/11/25,14.6,
08HB034,1,1967/11/26,13.0,
08HB034,1,1967/11/27,12.3,
08HB034,1,1967/11/28,11.6,
08HB034,1,1967/11/29,12.1,
08HB034,1,1967/11/30,11.9,
08HB034,1,1967/12/01,12.5,
08HB034,1,1967/12/02,32.3,
08HB034,1,1967/12/03,52.4,
08HB034,1,1967/12/04,51.0,
08HB034,1,1967/12/05,55.2,
08HB034,1,1967/12/06,48.7,
08HB034,1,1967/12/07,47.6,
08HB034,1,1967/12/08,39.1,
08HB034,1,1967/12/09,52.4,
08HB034,1,1967/12/10,286,
08HB034,1,1967/12/11,254,
08HB034,1,1967/12/12,121,
08HB034,1,1967/12/13,70.5,
08HB034,1,1967/12/14,49.0,
08HB034,1,1967/12/15,38.2,
08HB034,1,1967/12/16,31.4,
08HB034,1,1967/12/17,26.7,
08HB034,1,1967/12/18,23.0,
08HB034,1,1967/12/19,20.1,
08HB034,1,1967/12/20,17.7,
08HB034,1,1967/12/21,16.5,
08HB034,1,1967/12/22,165,
08HB034,1,1967/12/23,317,
08HB034,1,1967/12/24,300,
08HB034,1,1967/12/25,217,
08HB034,1,1967/12/26,159,
08HB034,1,1967/12/27,116,
08HB034,1,1967/12/28,87.8,
08HB034,1,1967/12/29,69.9,
08HB034,1,1967/12/30,55.2,
08HB034,1,1967/12/31,45.6,
08HB034,1,1968/01/01,37.9,
08HB034,1,1968/01/02,31.4,
08HB034,1,1968/01/03,27.1,
08HB034,1,1968/01/04,23.5,
08HB034,1,1968/01/05,21.2,
08HB034,1,1968/01/06,19.0,
08HB034,1,1968/01/07,17.6,
08HB034,1,1968/01/08,16.5,
08HB034,1,1968/01/09,17.6,
08HB034,1,1968/01/10,17.4,
08HB034,1,1968/01/11,15.5,
08HB034,1,1968/01/12,15.3,
08HB034,1,1968/01/13,108,
08HB034,1,1968/01/14,530,
08HB034,1,1968/01/15,416,
08HB034,1,1968/01/16,225,
08HB034,1,1968/01/17,127,
08HB034,1,1968/01/18,292,
08HB034,1,1968/01/19,600,
08HB034,1,1968/01/20,507,
08HB034,1,1968/01/21,323,
08HB034,1,1968/01/22,172,
08HB034,1,1968/01/23,125,
08HB034,1,1968/01/24,134,
08HB034,1,1968/01/25,104,
08HB034,1,1968/01/26,74.2,
08HB034,1,1968/01/27,54.4,
08HB034,1,1968/01/28,42.2,
08HB034,1,1968/01/29,35.1,
08HB034,1,1968/01/30,30.0,
08HB034,1,1968/01/31,28.1,
08HB034,1,1968/02/01,26.2,
08HB034,1,1968/02/02,86.7,
08HB034,1,1968/02/03,204,
08HB034,1,1968/02/04,261,
08HB034,1,1968/02/05,148,
08HB034,1,1968/02/06,88.9,
08HB034,1,1968/02/07,62.6,
08HB034,1,1968/02/08,49.6,
08HB034,1,1968/02/09,41.6,
08HB034,1,1968/02/10,37.7,
08HB034,1,1968/02/11,35.1,
08HB034,1,1968/02/12,33.7,
08HB034,1,1968/02/13,32.3,
08HB034,1,1968/02/14,30.9,
08HB034,1,1968/02/15,28.6,
08HB034,1,1968/02/16,25.7,
08HB034,1,1968/02/17,23.7,
08HB034,1,1968/02/18,36.5,
08HB034,1,1968/02/19,111,
08HB034,1,1968/02/20,114,
08HB034,1,1968/02/21,124,
08HB034,1,1968/02/22,117,
08HB034,1,1968/02/23,167,
08HB034,1,1968/02/24,236,
08HB034,1,1968/02/25,147,
08HB034,1,1968/02/26,96.6,
08HB034,1,1968/02/27,74.8,
08HB034,1,1968/02/28,64.0,
08HB034,1,1968/02/29,57.5,
08HB034,1,1968/03/01,57.5,
08HB034,1,1968/03/02,72.8,
08HB034,1,1968/03/03,67.4,
08HB034,1,1968/03/04,89.5,
08HB034,1,1968/03/05,201,
08HB034,1,1968/03/06,158,
08HB034,1,1968/03/07,102,
08HB034,1,1968/03/08,69.9,
08HB034,1,1968/03/09,52.4,
08HB034,1,1968/03/10,42.5,
08HB034,1,1968/03/11,42.2,
08HB034,1,1968/03/12,83.3,
08HB034,1,1968/03/13,96.3,
08HB034,1,1968/03/14,86.7,
08HB034,1,1968/03/15,84.1,
08HB034,1,1968/03/16,81.3,
08HB034,1,1968/03/17,66.3,
08HB034,1,1968/03/18,53.0,
08HB034,1,1968/03/19,43.0,
08HB034,1,1968/03/20,36.2,
08HB034,1,1968/03/21,31.4,
08HB034,1,1968/03/22,29.2,
08HB034,1,1968/03/23,31.1,
08HB034,1,1968/03/24,43.6,
08HB034,1,1968/03/25,52.1,
08HB034,1,1968/03/26,53.0,
08HB034,1,1968/03/27,77.6,
08HB034,1,1968/03/28,74.5,
08HB034,1,1968/03/29,62.3,
08HB034,1,1968/03/30,50.4,
08HB034,1,1968/03/31,42.2,
08HB034,1,1968/04/01,35.7,
08HB034,1,1968/04/02,30.6,
08HB034,1,1968/04/03,27.2,
08HB034,1,1968/04/04,25.0,
08HB034,1,1968/04/05,23.8,
08HB034,1,1968/04/06,22.3,
08HB034,1,1968/04/07,21.1,
08HB034,1,1968/04/08,20.0,
08HB034,1,1968/04/09,19.3,
08HB034,1,1968/04/10,19.3,
08HB034,1,1968/04/11,24.9,
08HB034,1,1968/04/12,25.4,
08HB034,1,1968/04/13,23.3,
08HB034,1,1968/04/14,26.9,
08HB034,1,1968/04/15,39.6,
08HB034,1,1968/04/16,37.1,
08HB034,1,1968/04/17,31.1,
08HB034,1,1968/04/18,27.4,
08HB034,1,1968/04/19,26.1,
08HB034,1,1968/04/20,24.2,
08HB034,1,1968/04/21,21.8,
08HB034,1,1968/04/22,20.1,
08HB034,1,1968/04/23,19.1,
08HB034,1,1968/04/24,18.5,
08HB034,1,1968/04/25,20.0,
08HB034,1,1968/04/26,22.1,
08HB034,1,1968/04/27,23.0,
08HB034,1,1968/04/28,25.0,
08HB034,1,1968/04/29,30.6,
08HB034,1,1968/04/30,37.1,
08HB034,1,1968/05/01,39.6,
08HB034,1,1968/05/02,34.5,
08HB034,1,1968/05/03,29.4,
08HB034,1,1968/05/04,27.2,
08HB034,1,1968/05/05,27.1,
08HB034,1,1968/05/06,25.9,
08HB034,1,1968/05/07,25.2,
08HB034,1,1968/05/08,23.7,
08HB034,1,1968/05/09,24.0,
08HB034,1,1968/05/10,28.3,
08HB034,1,1968/05/11,33.7,
08HB034,1,1968/05/12,37.4,
08HB034,1,1968/05/13,32.3,
08HB034,1,1968/05/14,27.9,
08HB034,1,1968/05/15,25.2,
08HB034,1,1968/05/16,23.7,
08HB034,1,1968/05/17,26.6,
08HB034,1,1968/05/18,30.9,
08HB034,1,1968/05/19,37.1,
08HB034,1,1968/05/20,46.4,
08HB034,1,1968/05/21,43.6,
08HB034,1,1968/05/22,37.9,
08HB034,1,1968/05/23,32.0,
08HB034,1,1968/05/24,27.2,
08HB034,1,1968/05/25,23.8,
08HB034,1,1968/05/26,21.8,
08HB034,1,1968/05/27,20.2,
08HB034,1,1968/05/28,20.1,
08HB034,1,1968/05/29,20.1,
08HB034,1,1968/05/30,18.3,
08HB034,1,1968/05/31,16.8,
08HB034,1,1968/06/01,18.3,
08HB034,1,1968/06/02,26.1,
08HB034,1,1968/06/03,28.3,
08HB034,1,1968/06/04,25.5,
08HB034,1,1968/06/05,21.8,
08HB034,1,1968/06/06,20.1,
08HB034,1,1968/06/07,20.0,
08HB034,1,1968/06/08,19.7,
08HB034,1,1968/06/09,19.3,
08HB034,1,1968/06/10,18.3,
08HB034,1,1968/06/11,17.3,
08HB034,1,1968/06/12,15.0,
08HB034,1,1968/06/13,14.8,
08HB034,1,1968/06/14,14.3,
08HB034,1,1968/06/15,13.8,
08HB034,1,1968/06/16,13.3,
08HB034,1,1968/06/17,12.9,
08HB034,1,1968/06/18,12.7,
08HB034,1,1968/06/19,13.2,
08HB034,1,1968/06/20,12.5,
08HB034,1,1968/06/21,11.8,
08HB034,1,1968/06/22,11.6,
08HB034,1,1968/06/23,11.2,
08HB034,1,1968/06/24,10.8,
08HB034,1,1968/06/25,10.8,
08HB034,1,1968/06/26,13.2,
08HB034,1,1968/06/27,17.4,
08HB034,1,1968/06/28,16.9,
08HB034,1,1968/06/29,15.0,
08HB034,1,1968/06/30,12.9,
08HB034,1,1968/07/01,11.2,
08HB034,1,1968/07/02,10.2,
08HB034,1,1968/07/03,9.74,
08HB034,1,1968/07/04,9.40,
08HB034,1,1968/07/05,8.98,
08HB034,1,1968/07/06,8.21,
08HB034,1,1968/07/07,7.50,
08HB034,1,1968/07/08,6.80,
08HB034,1,1968/07/09,6.37,
08HB034,1,1968/07/10,5.92,
08HB034,1,1968/07/11,5.69,
08HB034,1,1968/07/12,7.65,
08HB034,1,1968/07/13,7.22,
08HB034,1,1968/07/14,6.88,
08HB034,1,1968/07/15,7.93,
08HB034,1,1968/07/16,8.30,
08HB034,1,1968/07/17,8.64,
08HB034,1,1968/07/18,8.21,
08HB034,1,1968/07/19,8.21,
08HB034,1,1968/07/20,9.23,
08HB034,1,1968/07/21,9.32,
08HB034,1,1968/07/22,9.23,
08HB034,1,1968/07/23,8.30,
08HB034,1,1968/07/24,7.50,
08HB034,1,1968/07/25,6.65,
08HB034,1,1968/07/26,5.97,
08HB034,1,1968/07/27,5.47,
08HB034,1,1968/07/28,5.18,
08HB034,1,1968/07/29,4.96,
08HB034,1,1968/07/30,4.67,
08HB034,1,1968/07/31,4.39,
08HB034,1,1968/08/01,4.28,
08HB034,1,1968/08/02,4.28,
08HB034,1,1968/08/03,4.45,
08HB034,1,1968/08/04,4.84,
08HB034,1,1968/08/05,5.01,
08HB034,1,1968/08/06,5.07,
08HB034,1,1968/08/07,5.13,
08HB034,1,1968/08/08,5.13,
08HB034,1,1968/08/09,5.07,
08HB034,1,1968/08/10,4.96,
08HB034,1,1968/08/11,4.96,
08HB034,1,1968/08/12,4.84,
08HB034,1,1968/08/13,5.13,
08HB034,1,1968/08/14,5.86,
08HB034,1,1968/08/15,6.60,
08HB034,1,1968/08/16,6.65,
08HB034,1,1968/08/17,6.51,
08HB034,1,1968/08/18,6.37,
08HB034,1,1968/08/19,6.74,
08HB034,1,1968/08/20,6.80,
08HB034,1,1968/08/21,6.80,
08HB034,1,1968/08/22,6.74,
08HB034,1,1968/08/23,8.47,
08HB034,1,1968/08/24,12.1,
08HB034,1,1968/08/25,10.8,
08HB034,1,1968/08/26,11.9,
08HB034,1,1968/08/27,13.6,
08HB034,1,1968/08/28,16.9,
08HB034,1,1968/08/29,15.0,
08HB034,1,1968/08/30,13.6,
08HB034,1,1968/08/31,11.8,
08HB034,1,1968/09/01,10.7,
08HB034,1,1968/09/02,9.17,
08HB034,1,1968/09/03,9.06,
08HB034,1,1968/09/04,8.38,
08HB034,1,1968/09/05,7.93,
08HB034,1,1968/09/06,7.50,
08HB034,1,1968/09/07,7.31,
08HB034,1,1968/09/08,7.36,
08HB034,1,1968/09/09,7.45,
08HB034,1,1968/09/10,7.50,
08HB034,1,1968/09/11,8.21,
08HB034,1,1968/09/12,8.21,
08HB034,1,1968/09/13,8.16,
08HB034,1,1968/09/14,9.57,
08HB034,1,1968/09/15,17.8,
08HB034,1,1968/09/16,19.3,
08HB034,1,1968/09/17,29.7,
08HB034,1,1968/09/18,30.6,
08HB034,1,1968/09/19,26.1,
08HB034,1,1968/09/20,20.7,
08HB034,1,1968/09/21,17.3,
08HB034,1,1968/09/22,15.0,
08HB034,1,1968/09/23,17.7,
08HB034,1,1968/09/24,16.9,
08HB034,1,1968/09/25,15.7,
08HB034,1,1968/09/26,14.2,
08HB034,1,1968/09/27,13.0,
08HB034,1,1968/09/28,11.9,
08HB034,1,1968/09/29,11.0,
08HB034,1,1968/09/30,10.4,
08HB034,1,1968/10/01,9.91,
08HB034,1,1968/10/02,9.49,
08HB034,1,1968/10/03,9.06,
08HB034,1,1968/10/04,9.91,
08HB034,1,1968/10/05,11.6,
08HB034,1,1968/10/06,53.8,
08HB034,1,1968/10/07,48.1,
08HB034,1,1968/10/08,36.2,
08HB034,1,1968/10/09,28.3,
08HB034,1,1968/10/10,27.8,
08HB034,1,1968/10/11,41.9,
08HB034,1,1968/10/12,75.6,
08HB034,1,1968/10/13,70.2,
08HB034,1,1968/10/14,61.7,
08HB034,1,1968/10/15,54.1,
08HB034,1,1968/10/16,43.9,
08HB034,1,1968/10/17,45.6,
08HB034,1,1968/10/18,50.7,
08HB034,1,1968/10/19,51.8,
08HB034,1,1968/10/20,55.8,
08HB034,1,1968/10/21,54.1,
08HB034,1,1968/10/22,82.1,
08HB034,1,1968/10/23,109,
08HB034,1,1968/10/24,195,
08HB034,1,1968/10/25,133,
08HB034,1,1968/10/26,90.6,
08HB034,1,1968/10/27,62.9,
08HB034,1,1968/10/28,59.5,
08HB034,1,1968/10/29,213,
08HB034,1,1968/10/30,214,
08HB034,1,1968/10/31,114,
08HB034,1,1968/11/01,70.8,
08HB034,1,1968/11/02,61.2,
08HB034,1,1968/11/03,62.6,
08HB034,1,1968/11/04,53.0,
08HB034,1,1968/11/05,45.6,
08HB034,1,1968/11/06,39.6,
08HB034,1,1968/11/07,35.4,
08HB034,1,1968/11/08,60.9,
08HB034,1,1968/11/09,64.6,
08HB034,1,1968/11/10,54.7,
08HB034,1,1968/11/11,52.7,
08HB034,1,1968/11/12,75.0,
08HB034,1,1968/11/13,64.3,
08HB034,1,1968/11/14,52.4,
08HB034,1,1968/11/15,43.6,
08HB034,1,1968/11/16,35.7,
08HB034,1,1968/11/17,30.0,
08HB034,1,1968/11/18,43.9,
08HB034,1,1968/11/19,53.0,
08HB034,1,1968/11/20,110,
08HB034,1,1968/11/21,163,
08HB034,1,1968/11/22,206,
08HB034,1,1968/11/23,169,
08HB034,1,1968/11/24,107,
08HB034,1,1968/11/25,69.1,
08HB034,1,1968/11/26,57.2,
08HB034,1,1968/11/27,68.0,
08HB034,1,1968/11/28,60.6,
08HB034,1,1968/11/29,117,
08HB034,1,1968/11/30,112,
08HB034,1,1968/12/01,78.4,
08HB034,1,1968/12/02,57.2,
08HB034,1,1968/12/03,178,
08HB034,1,1968/12/04,164,
08HB034,1,1968/12/05,96.3,
08HB034,1,1968/12/06,64.6,
08HB034,1,1968/12/07,52.7,
08HB034,1,1968/12/08,53.0,
08HB034,1,1968/12/09,83.8,
08HB034,1,1968/12/10,107,
08HB034,1,1968/12/11,81.0,
08HB034,1,1968/12/12,59.2,
08HB034,1,1968/12/13,48.4,
08HB034,1,1968/12/14,60.9,
08HB034,1,1968/12/15,93.4,
08HB034,1,1968/12/16,100,
08HB034,1,1968/12/17,74.5,
08HB034,1,1968/12/18,57.5,
08HB034,1,1968/12/19,45.6,
08HB034,1,1968/12/20,37.1,
08HB034,1,1968/12/21,31.1,
08HB034,1,1968/12/22,28.9,
08HB034,1,1968/12/23,44.7,
08HB034,1,1968/12/24,187,
08HB034,1,1968/12/25,153,
08HB034,1,1968/12/26,98.5,
08HB034,1,1968/12/27,67.7,
08HB034,1,1968/12/28,49.6,
08HB034,1,1968/12/29,38.5,
08HB034,1,1968/12/30,35.1,
08HB034,1,1968/12/31,32.8,
08HB034,1,1969/01/01,27.6,
08HB034,1,1969/01/02,27.2,
08HB034,1,1969/01/03,25.5,
08HB034,1,1969/01/04,37.9,
08HB034,1,1969/01/05,71.6,
08HB034,1,1969/01/06,63.4,
08HB034,1,1969/01/07,51.5,
08HB034,1,1969/01/08,40.5,
08HB034,1,1969/01/09,34.5,
08HB034,1,1969/01/10,30.9,
08HB034,1,1969/01/11,28.3,
08HB034,1,1969/01/12,25.5,
08HB034,1,1969/01/13,23.1,
08HB034,1,1969/01/14,21.7,
08HB034,1,1969/01/15,20.0,
08HB034,1,1969/01/16,18.6,
08HB034,1,1969/01/17,17.0,
08HB034,1,1969/01/18,16.2,
08HB034,1,1969/01/19,15.2,
08HB034,1,1969/01/20,14.7,
08HB034,1,1969/01/21,14.0,
08HB034,1,1969/01/22,13.1,
08HB034,1,1969/01/23,12.7,B
08HB034,1,1969/01/24,12.2,B
08HB034,1,1969/01/25,11.6,B
08HB034,1,1969/01/26,11.2,B
08HB034,1,1969/01/27,10.6,B
08HB034,1,1969/01/28,10.2,B
08HB034,1,1969/01/29,9.77,B
08HB034,1,1969/01/30,9.49,B
08HB034,1,1969/01/31,9.26,B
08HB034,1,1969/02/01,9.00,B
08HB034,1,1969/02/02,8.98,B
08HB034,1,1969/02/03,9.06,B
08HB034,1,1969/02/04,15.4,
08HB034,1,1969/02/05,23.1,
08HB034,1,1969/02/06,22.1,
08HB034,1,1969/02/07,20.4,
08HB034,1,1969/02/08,23.7,
08HB034,1,1969/02/09,29.2,
08HB034,1,1969/02/10,27.7,
08HB034,1,1969/02/11,101,
08HB034,1,1969/02/12,107,
08HB034,1,1969/02/13,72.2,
08HB034,1,1969/02/14,53.0,
08HB034,1,1969/02/15,41.9,
08HB034,1,1969/02/16,37.1,
08HB034,1,1969/02/17,34.3,
08HB034,1,1969/02/18,31.4,
08HB034,1,1969/02/19,29.4,
08HB034,1,1969/02/20,27.9,
08HB034,1,1969/02/21,26.5,
08HB034,1,1969/02/22,25.3,
08HB034,1,1969/02/23,24.7,
08HB034,1,1969/02/24,23.9,
08HB034,1,1969/02/25,22.7,
08HB034,1,1969/02/26,21.4,
08HB034,1,1969/02/27,20.5,
08HB034,1,1969/02/28,19.2,
08HB034,1,1969/03/01,17.5,
08HB034,1,1969/03/02,18.8,
08HB034,1,1969/03/03,24.0,
08HB034,1,1969/03/04,26.4,
08HB034,1,1969/03/05,29.7,
08HB034,1,1969/03/06,29.7,
08HB034,1,1969/03/07,27.5,
08HB034,1,1969/03/08,25.3,
08HB034,1,1969/03/09,23.1,
08HB034,1,1969/03/10,21.7,
08HB034,1,1969/03/11,20.6,
08HB034,1,1969/03/12,20.0,
08HB034,1,1969/03/13,19.9,
08HB034,1,1969/03/14,20.0,
08HB034,1,1969/03/15,39.4,
08HB034,1,1969/03/16,97.1,
08HB034,1,1969/03/17,140,
08HB034,1,1969/03/18,146,
08HB034,1,1969/03/19,103,
08HB034,1,1969/03/20,75.9,
08HB034,1,1969/03/21,62.9,
08HB034,1,1969/03/22,58.6,
08HB034,1,1969/03/23,58.3,
08HB034,1,1969/03/24,52.4,
08HB034,1,1969/03/25,48.1,
08HB034,1,1969/03/26,47.9,
08HB034,1,1969/03/27,58.0,
08HB034,1,1969/03/28,66.8,
08HB034,1,1969/03/29,68.8,
08HB034,1,1969/03/30,90.6,
08HB034,1,1969/03/31,173,
08HB034,1,1969/04/01,162,
08HB034,1,1969/04/02,138,
08HB034,1,1969/04/03,93.4,
08HB034,1,1969/04/04,107,
08HB034,1,1969/04/05,118,
08HB034,1,1969/04/06,96.3,
08HB034,1,1969/04/07,75.9,
08HB034,1,1969/04/08,62.3,
08HB034,1,1969/04/09,56.6,
08HB034,1,1969/04/10,54.4,
08HB034,1,1969/04/11,56.1,
08HB034,1,1969/04/12,67.4,
08HB034,1,1969/04/13,97.7,
08HB034,1,1969/04/14,87.2,
08HB034,1,1969/04/15,67.4,
08HB034,1,1969/04/16,58.3,
08HB034,1,1969/04/17,67.7,
08HB034,1,1969/04/18,81.6,
08HB034,1,1969/04/19,90.6,
08HB034,1,1969/04/20,88.9,
08HB034,1,1969/04/21,81.0,
08HB034,1,1969/04/22,76.7,
08HB034,1,1969/04/23,77.0,
08HB034,1,1969/04/24,80.1,
08HB034,1,1969/04/25,69.4,
08HB034,1,1969/04/26,57.8,
08HB034,1,1969/04/27,53.0,
08HB034,1,1969/04/28,60.6,
08HB034,1,1969/04/29,62.0,
08HB034,1,1969/04/30,56.6,
08HB034,1,1969/05/01,49.8,
08HB034,1,1969/05/02,45.9,
08HB034,1,1969/05/03,42.8,
08HB034,1,1969/05/04,39.4,
08HB034,1,1969/05/05,38.8,
08HB034,1,1969/05/06,47.3,
08HB034,1,1969/05/07,62.6,
08HB034,1,1969/05/08,93.7,
08HB034,1,1969/05/09,125,
08HB034,1,1969/05/10,126,
08HB034,1,1969/05/11,112,
08HB034,1,1969/05/12,98.8,
08HB034,1,1969/05/13,91.7,
08HB034,1,1969/05/14,88.1,
08HB034,1,1969/05/15,71.1,
08HB034,1,1969/05/16,61.7,
08HB034,1,1969/05/17,56.4,
08HB034,1,1969/05/18,57.5,
08HB034,1,1969/05/19,66.8,
08HB034,1,1969/05/20,71.6,
08HB034,1,1969/05/21,75.6,
08HB034,1,1969/05/22,82.7,
08HB034,1,1969/05/23,88.6,
08HB034,1,1969/05/24,89.5,
08HB034,1,1969/05/25,73.3,
08HB034,1,1969/05/26,61.2,
08HB034,1,1969/05/27,67.4,
08HB034,1,1969/05/28,78.7,
08HB034,1,1969/05/29,128,
08HB034,1,1969/05/30,109,
08HB034,1,1969/05/31,71.1,
08HB034,1,1969/06/01,58.0,
08HB034,1,1969/06/02,59.2,
08HB034,1,1969/06/03,63.4,
08HB034,1,1969/06/04,65.7,
08HB034,1,1969/06/05,63.4,
08HB034,1,1969/06/06,57.8,
08HB034,1,1969/06/07,51.3,
08HB034,1,1969/06/08,44.5,
08HB034,1,1969/06/09,44.5,
08HB034,1,1969/06/10,45.3,
08HB034,1,1969/06/11,43.6,
08HB034,1,1969/06/12,39.9,
08HB034,1,1969/06/13,35.1,
08HB034,1,1969/06/14,30.6,
08HB034,1,1969/06/15,28.6,
08HB034,1,1969/06/16,27.2,
08HB034,1,1969/06/17,25.9,
08HB034,1,1969/06/18,25.0,
08HB034,1,1969/06/19,23.5,
08HB034,1,1969/06/20,21.4,
08HB034,1,1969/06/21,18.6,
08HB034,1,1969/06/22,16.5,
08HB034,1,1969/06/23,15.5,
08HB034,1,1969/06/24,16.0,
08HB034,1,1969/06/25,14.8,
08HB034,1,1969/06/26,14.2,
08HB034,1,1969/06/27,13.6,
08HB034,1,1969/06/28,12.7,
08HB034,1,1969/06/29,11.9,
08HB034,1,1969/06/30,11.2,
08HB034,1,1969/07/01,10.4,
08HB034,1,1969/07/02,10.7,
08HB034,1,1969/07/03,10.5,
08HB034,1,1969/07/04,10.3,
08HB034,1,1969/07/05,9.57,
08HB034,1,1969/07/06,8.95,
08HB034,1,1969/07/07,8.44,
08HB034,1,1969/07/08,8.04,
08HB034,1,1969/07/09,7.59,
08HB034,1,1969/07/10,7.65,
08HB034,1,1969/07/11,9.09,
08HB034,1,1969/07/12,8.83,
08HB034,1,1969/07/13,8.21,
08HB034,1,1969/07/14,7.59,
08HB034,1,1969/07/15,6.97,
08HB034,1,1969/07/16,6.34,
08HB034,1,1969/07/17,5.72,
08HB034,1,1969/07/18,5.27,
08HB034,1,1969/07/19,5.07,
08HB034,1,1969/07/20,5.07,
08HB034,1,1969/07/21,4.98,
08HB034,1,1969/07/22,4.84,
08HB034,1,1969/07/23,4.73,
08HB034,1,1969/07/24,4.56,
08HB034,1,1969/07/25,4.45,
08HB034,1,1969/07/26,4.42,
08HB034,1,1969/07/27,4.45,
08HB034,1,1969/07/28,4.45,
08HB034,1,1969/07/29,4.39,
08HB034,1,1969/07/30,4.30,
08HB034,1,1969/07/31,4.28,
08HB034,1,1969/08/01,4.28,
08HB034,1,1969/08/02,4.36,
08HB034,1,1969/08/03,4.53,
08HB034,1,1969/08/04,4.90,
08HB034,1,1969/08/05,4.87,
08HB034,1,1969/08/06,4.84,
08HB034,1,1969/08/07,4.90,
08HB034,1,1969/08/08,5.01,
08HB034,1,1969/08/09,4.93,
08HB034,1,1969/08/10,4.90,
08HB034,1,1969/08/11,4.96,
08HB034,1,1969/08/12,5.13,
08HB034,1,1969/08/13,4.98,
08HB034,1,1969/08/14,4.70,
08HB034,1,1969/08/15,4.64,
08HB034,1,1969/08/16,4.56,
08HB034,1,1969/08/17,4.53,
08HB034,1,1969/08/18,4.53,
08HB034,1,1969/08/19,4.64,
08HB034,1,1969/08/20,4.79,
08HB034,1,1969/08/21,5.41,
08HB034,1,1969/08/22,5.55,
08HB034,1,1969/08/23,5.24,
08HB034,1,1969/08/24,4.93,
08HB034,1,1969/08/25,4.90,
08HB034,1,1969/08/26,5.38,
08HB034,1,1969/08/27,5.97,
08HB034,1,1969/08/28,10.1,
08HB034,1,1969/08/29,10.6,
08HB034,1,1969/08/30,9.71,
08HB034,1,1969/08/31,8.38,
08HB034,1,1969/09/01,7.28,
08HB034,1,1969/09/02,6.63,
08HB034,1,1969/09/03,6.09,
08HB034,1,1969/09/04,5.69,
08HB034,1,1969/09/05,5.35,
08HB034,1,1969/09/06,5.04,
08HB034,1,1969/09/07,4.79,
08HB034,1,1969/09/08,4.50,
08HB034,1,1969/09/09,4.42,
08HB034,1,1969/09/10,4.42,
08HB034,1,1969/09/11,4.42,
08HB034,1,1969/09/12,4.42,
08HB034,1,1969/09/13,4.64,
08HB034,1,1969/09/14,4.73,
08HB034,1,1969/09/15,4.67,
08HB034,1,1969/09/16,4.93,
08HB034,1,1969/09/17,6.68,
08HB034,1,1969/09/18,19.7,
08HB034,1,1969/09/19,46.2,
08HB034,1,1969/09/20,43.3,
08HB034,1,1969/09/21,31.4,
08HB034,1,1969/09/22,38.8,
08HB034,1,1969/09/23,99.7,
08HB034,1,1969/09/24,92.0,
08HB034,1,1969/09/25,69.1,
08HB034,1,1969/09/26,49.3,
08HB034,1,1969/09/27,36.2,
08HB034,1,1969/09/28,28.3,
08HB034,1,1969/09/29,23.4,
08HB034,1,1969/09/30,22.3,
08HB034,1,1969/10/01,34.0,
08HB034,1,1969/10/02,45.0,
08HB034,1,1969/10/03,38.2,
08HB034,1,1969/10/04,30.9,
08HB034,1,1969/10/05,25.8,
08HB034,1,1969/10/06,22.0,
08HB034,1,1969/10/07,21.0,
08HB034,1,1969/10/08,49.0,
08HB034,1,1969/10/09,66.5,
08HB034,1,1969/10/10,60.0,
08HB034,1,1969/10/11,45.3,
08HB034,1,1969/10/12,34.5,
08HB034,1,1969/10/13,28.3,
08HB034,1,1969/10/14,24.3,
08HB034,1,1969/10/15,21.4,
08HB034,1,1969/10/16,19.5,
08HB034,1,1969/10/17,16.9,
08HB034,1,1969/10/18,13.9,
08HB034,1,1969/10/19,11.7,
08HB034,1,1969/10/20,10.6,
08HB034,1,1969/10/21,13.4,
08HB034,1,1969/10/22,13.8,
08HB034,1,1969/10/23,13.5,
08HB034,1,1969/10/24,12.9,
08HB034,1,1969/10/25,12.2,
08HB034,1,1969/10/26,11.0,
08HB034,1,1969/10/27,12.5,
08HB034,1,1969/10/28,15.6,
08HB034,1,1969/10/29,15.5,
08HB034,1,1969/10/30,15.9,
08HB034,1,1969/10/31,15.7,
08HB034,1,1969/11/01,14.9,
08HB034,1,1969/11/02,13.8,
08HB034,1,1969/11/03,13.2,
08HB034,1,1969/11/04,33.7,
08HB034,1,1969/11/05,74.5,
08HB034,1,1969/11/06,77.3,
08HB034,1,1969/11/07,81.3,
08HB034,1,1969/11/08,88.3,
08HB034,1,1969/11/09,62.0,
08HB034,1,1969/11/10,44.2,
08HB034,1,1969/11/11,34.8,
08HB034,1,1969/11/12,30.0,
08HB034,1,1969/11/13,25.2,
08HB034,1,1969/11/14,21.5,
08HB034,1,1969/11/15,18.9,
08HB034,1,1969/11/16,16.6,
08HB034,1,1969/11/17,14.4,
08HB034,1,1969/11/18,13.0,
08HB034,1,1969/11/19,12.5,
08HB034,1,1969/11/20,27.2,
08HB034,1,1969/11/21,46.2,
08HB034,1,1969/11/22,41.1,
08HB034,1,1969/11/23,78.7,
08HB034,1,1969/11/24,82.1,
08HB034,1,1969/11/25,55.8,
08HB034,1,1969/11/26,39.4,
08HB034,1,1969/11/27,30.6,
08HB034,1,1969/11/28,24.9,
08HB034,1,1969/11/29,21.0,
08HB034,1,1969/11/30,18.3,
08HB034,1,1969/12/01,16.0,
08HB034,1,1969/12/02,14.3,
08HB034,1,1969/12/03,13.4,
08HB034,1,1969/12/04,15.9,
08HB034,1,1969/12/05,16.5,
08HB034,1,1969/12/06,15.9,
08HB034,1,1969/12/07,14.7,
08HB034,1,1969/12/08,14.4,
08HB034,1,1969/12/09,14.8,
08HB034,1,1969/12/10,14.7,
08HB034,1,1969/12/11,58.9,
08HB034,1,1969/12/12,173,
08HB034,1,1969/12/13,223,
08HB034,1,1969/12/14,219,
08HB034,1,1969/12/15,124,
08HB034,1,1969/12/16,76.7,
08HB034,1,1969/12/17,58.6,
08HB034,1,1969/12/18,69.1,
08HB034,1,1969/12/19,72.8,
08HB034,1,1969/12/20,74.2,
08HB034,1,1969/12/21,109,
08HB034,1,1969/12/22,136,
08HB034,1,1969/12/23,184,
08HB034,1,1969/12/24,115,
08HB034,1,1969/12/25,74.5,
08HB034,1,1969/12/26,56.1,
08HB034,1,1969/12/27,44.5,
08HB034,1,1969/12/28,37.1,
08HB034,1,1969/12/29,32.8,
08HB034,1,1969/12/30,30.0,
08HB034,1,1969/12/31,28.1,
08HB034,1,1970/01/01,26.7,
08HB034,1,1970/01/02,25.1,
08HB034,1,1970/01/03,23.5,
08HB034,1,1970/01/04,21.9,
08HB034,1,1970/01/05,20.5,
08HB034,1,1970/01/06,19.2,
08HB034,1,1970/01/07,17.9,
08HB034,1,1970/01/08,17.1,
08HB034,1,1970/01/09,17.8,
08HB034,1,1970/01/10,17.2,
08HB034,1,1970/01/11,16.7,
08HB034,1,1970/01/12,16.1,
08HB034,1,1970/01/13,15.8,
08HB034,1,1970/01/14,16.1,
08HB034,1,1970/01/15,15.3,
08HB034,1,1970/01/16,14.6,
08HB034,1,1970/01/17,14.3,
08HB034,1,1970/01/18,14.4,
08HB034,1,1970/01/19,29.4,
08HB034,1,1970/01/20,56.9,
08HB034,1,1970/01/21,121,
08HB034,1,1970/01/22,171,
08HB034,1,1970/01/23,262,
08HB034,1,1970/01/24,180,
08HB034,1,1970/01/25,114,
08HB034,1,1970/01/26,79.6,
08HB034,1,1970/01/27,61.4,
08HB034,1,1970/01/28,49.3,
08HB034,1,1970/01/29,40.8,
08HB034,1,1970/01/30,34.8,
08HB034,1,1970/01/31,42.8,
08HB034,1,1970/02/01,51.0,
08HB034,1,1970/02/02,45.9,
08HB034,1,1970/02/03,47.3,
08HB034,1,1970/02/04,42.2,
08HB034,1,1970/02/05,35.1,
08HB034,1,1970/02/06,30.0,
08HB034,1,1970/02/07,29.4,
08HB034,1,1970/02/08,35.7,
08HB034,1,1970/02/09,40.5,
08HB034,1,1970/02/10,43.3,
08HB034,1,1970/02/11,43.6,
08HB034,1,1970/02/12,43.0,
08HB034,1,1970/02/13,43.3,
08HB034,1,1970/02/14,44.5,
08HB034,1,1970/02/15,52.4,
08HB034,1,1970/02/16,93.2,
08HB034,1,1970/02/17,96.6,
08HB034,1,1970/02/18,77.0,
08HB034,1,1970/02/19,58.3,
08HB034,1,1970/02/20,46.7,
08HB034,1,1970/02/21,38.8,
08HB034,1,1970/02/22,33.1,
08HB034,1,1970/02/23,28.9,
08HB034,1,1970/02/24,25.6,
08HB034,1,1970/02/25,23.2,
08HB034,1,1970/02/26,21.3,
08HB034,1,1970/02/27,19.6,
08HB034,1,1970/02/28,18.0,
08HB034,1,1970/03/01,16.6,
08HB034,1,1970/03/02,15.1,
08HB034,1,1970/03/03,13.8,
08HB034,1,1970/03/04,12.7,
08HB034,1,1970/03/05,11.7,
08HB034,1,1970/03/06,12.9,
08HB034,1,1970/03/07,46.2,
08HB034,1,1970/03/08,48.4,
08HB034,1,1970/03/09,40.8,
08HB034,1,1970/03/10,32.3,
08HB034,1,1970/03/11,26.4,
08HB034,1,1970/03/12,35.4,
08HB034,1,1970/03/13,96.0,
08HB034,1,1970/03/14,135,
08HB034,1,1970/03/15,124,
08HB034,1,1970/03/16,105,
08HB034,1,1970/03/17,77.0,
08HB034,1,1970/03/18,55.2,
08HB034,1,1970/03/19,42.5,
08HB034,1,1970/03/20,34.0,
08HB034,1,1970/03/21,28.6,
08HB034,1,1970/03/22,24.7,
08HB034,1,1970/03/23,23.0,
08HB034,1,1970/03/24,24.0,
08HB034,1,1970/03/25,22.4,
08HB034,1,1970/03/26,20.6,
08HB034,1,1970/03/27,18.5,
08HB034,1,1970/03/28,16.8,
08HB034,1,1970/03/29,15.3,
08HB034,1,1970/03/30,14.1,
08HB034,1,1970/03/31,13.2,
08HB034,1,1970/04/01,12.6,
08HB034,1,1970/04/02,12.1,
08HB034,1,1970/04/03,11.4,
08HB034,1,1970/04/04,11.5,
08HB034,1,1970/04/05,52.7,
08HB034,1,1970/04/06,145,
08HB034,1,1970/04/07,94.0,
08HB034,1,1970/04/08,60.0,
08HB034,1,1970/04/09,169,
08HB034,1,1970/04/10,157,
08HB034,1,1970/04/11,90.9,
08HB034,1,1970/04/12,57.8,
08HB034,1,1970/04/13,42.5,
08HB034,1,1970/04/14,32.6,
08HB034,1,1970/04/15,26.6,
08HB034,1,1970/04/16,22.6,
08HB034,1,1970/04/17,19.9,
08HB034,1,1970/04/18,18.5,
08HB034,1,1970/04/19,18.9,
08HB034,1,1970/04/20,19.4,
08HB034,1,1970/04/21,18.7,
08HB034,1,1970/04/22,17.7,
08HB034,1,1970/04/23,17.0,
08HB034,1,1970/04/24,19.3,
08HB034,1,1970/04/25,20.3,
08HB034,1,1970/04/26,20.0,
08HB034,1,1970/04/27,19.3,
08HB034,1,1970/04/28,18.2,
08HB034,1,1970/04/29,17.8,
08HB034,1,1970/04/30,18.5,
08HB034,1,1970/05/01,18.9,
08HB034,1,1970/05/02,19.6,
08HB034,1,1970/05/03,20.8,
08HB034,1,1970/05/04,24.4,
08HB034,1,1970/05/05,25.9,
08HB034,1,1970/05/06,23.3,
08HB034,1,1970/05/07,20.0,
08HB034,1,1970/05/08,19.0,
08HB034,1,1970/05/09,22.8,
08HB034,1,1970/05/10,22.6,
08HB034,1,1970/05/11,20.3,
08HB034,1,1970/05/12,17.7,
08HB034,1,1970/05/13,15.4,
08HB034,1,1970/05/14,14.0,
08HB034,1,1970/05/15,14.0,
08HB034,1,1970/05/16,20.4,
08HB034,1,1970/05/17,24.6,
08HB034,1,1970/05/18,21.7,
08HB034,1,1970/05/19,18.8,
08HB034,1,1970/05/20,17.0,
08HB034,1,1970/05/21,16.6,
08HB034,1,1970/05/22,16.9,
08HB034,1,1970/05/23,17.8,
08HB034,1,1970/05/24,17.4,
08HB034,1,1970/05/25,19.5,
08HB034,1,1970/05/26,21.7,
08HB034,1,1970/05/27,19.1,
08HB034,1,1970/05/28,16.7,
08HB034,1,1970/05/29,14.7,
08HB034,1,1970/05/30,13.7,
08HB034,1,1970/05/31,13.3,
08HB034,1,1970/06/01,14.8,
08HB034,1,1970/06/02,18.4,
08HB034,1,1970/06/03,20.7,
08HB034,1,1970/06/04,19.9,
08HB034,1,1970/06/05,16.6,
08HB034,1,1970/06/06,15.0,
08HB034,1,1970/06/07,14.2,
08HB034,1,1970/06/08,12.8,
08HB034,1,1970/06/09,11.6,
08HB034,1,1970/06/10,11.6,
08HB034,1,1970/06/11,10.2,
08HB034,1,1970/06/12,9.49,
08HB034,1,1970/06/13,9.03,
08HB034,1,1970/06/14,8.81,
08HB034,1,1970/06/15,8.75,
08HB034,1,1970/06/16,8.38,
08HB034,1,1970/06/17,7.79,
08HB034,1,1970/06/18,7.39,
08HB034,1,1970/06/19,7.33,
08HB034,1,1970/06/20,7.36,
08HB034,1,1970/06/21,7.31,
08HB034,1,1970/06/22,7.14,
08HB034,1,1970/06/23,6.51,
08HB034,1,1970/06/24,6.09,
08HB034,1,1970/06/25,5.66,
08HB034,1,1970/06/26,5.44,
08HB034,1,1970/06/27,5.47,
08HB034,1,1970/06/28,5.32,
08HB034,1,1970/06/29,5.07,
08HB034,1,1970/06/30,4.76,
08HB034,1,1970/07/01,4.56,
08HB034,1,1970/07/02,4.79,
08HB034,1,1970/07/03,5.04,
08HB034,1,1970/07/04,5.30,
08HB034,1,1970/07/05,5.24,
08HB034,1,1970/07/06,5.07,
08HB034,1,1970/07/07,4.90,
08HB034,1,1970/07/08,4.81,
08HB034,1,1970/07/09,4.79,
08HB034,1,1970/07/10,4.73,
08HB034,1,1970/07/11,4.64,
08HB034,1,1970/07/12,4.62,
08HB034,1,1970/07/13,4.59,
08HB034,1,1970/07/14,4.59,
08HB034,1,1970/07/15,4.53,
08HB034,1,1970/07/16,4.47,
08HB034,1,1970/07/17,4.39,
08HB034,1,1970/07/18,4.42,
08HB034,1,1970/07/19,4.45,
08HB034,1,1970/07/20,4.42,
08HB034,1,1970/07/21,4.39,
08HB034,1,1970/07/22,4.39,
08HB034,1,1970/07/23,4.53,
08HB034,1,1970/07/24,4.62,
08HB034,1,1970/07/25,4.76,
08HB034,1,1970/07/26,4.53,
08HB034,1,1970/07/27,4.30,
08HB034,1,1970/07/28,4.19,
08HB034,1,1970/07/29,4.13,
08HB034,1,1970/07/30,4.22,
08HB034,1,1970/07/31,4.25,
08HB034,1,1970/08/01,4.05,
08HB034,1,1970/08/02,3.88,
08HB034,1,1970/08/03,3.74,
08HB034,1,1970/08/04,3.62,
08HB034,1,1970/08/05,3.57,
08HB034,1,1970/08/06,3.51,
08HB034,1,1970/08/07,3.51,
08HB034,1,1970/08/08,3.51,
08HB034,1,1970/08/09,3.51,
08HB034,1,1970/08/10,3.54,
08HB034,1,1970/08/11,3.54,
08HB034,1,1970/08/12,3.60,
08HB034,1,1970/08/13,3.65,
08HB034,1,1970/08/14,3.54,
08HB034,1,1970/08/15,3.48,
08HB034,1,1970/08/16,3.43,
08HB034,1,1970/08/17,3.37,
08HB034,1,1970/08/18,3.31,
08HB034,1,1970/08/19,3.26,
08HB034,1,1970/08/20,3.23,
08HB034,1,1970/08/21,3.20,
08HB034,1,1970/08/22,3.17,
08HB034,1,1970/08/23,3.17,
08HB034,1,1970/08/24,3.14,
08HB034,1,1970/08/25,3.14,
08HB034,1,1970/08/26,3.14,
08HB034,1,1970/08/27,3.17,
08HB034,1,1970/08/28,3.17,
08HB034,1,1970/08/29,3.17,
08HB034,1,1970/08/30,3.17,
08HB034,1,1970/08/31,3.17,
08HB034,1,1970/09/01,3.17,
08HB034,1,1970/09/02,3.14,
08HB034,1,1970/09/03,3.14,
08HB034,1,1970/09/04,3.20,
08HB034,1,1970/09/05,3.28,
08HB034,1,1970/09/06,3.37,
08HB034,1,1970/09/07,3.57,
08HB034,1,1970/09/08,3.71,
08HB034,1,1970/09/09,3.60,
08HB034,1,1970/09/10,3.51,
08HB034,1,1970/09/11,3.45,
08HB034,1,1970/09/12,3.40,
08HB034,1,1970/09/13,3.37,
08HB034,1,1970/09/14,3.31,
08HB034,1,1970/09/15,3.28,
08HB034,1,1970/09/16,3.26,
08HB034,1,1970/09/17,3.37,
08HB034,1,1970/09/18,4.13,
08HB034,1,1970/09/19,7.16,
08HB034,1,1970/09/20,7.48,
08HB034,1,1970/09/21,7.31,
08HB034,1,1970/09/22,10.2,
08HB034,1,1970/09/23,12.7,
08HB034,1,1970/09/24,11.6,
08HB034,1,1970/09/25,10.1,
08HB034,1,1970/09/26,8.78,
08HB034,1,1970/09/27,7.84,
08HB034,1,1970/09/28,7.14,
08HB034,1,1970/09/29,6.46,
08HB034,1,1970/09/30,6.12,
08HB034,1,1970/10/01,5.75,
08HB034,1,1970/10/02,5.64,
08HB034,1,1970/10/03,5.86,
08HB034,1,1970/10/04,6.20,
08HB034,1,1970/10/05,6.31,
08HB034,1,1970/10/06,6.37,
08HB034,1,1970/10/07,6.40,
08HB034,1,1970/10/08,6.40,
08HB034,1,1970/10/09,6.65,
08HB034,1,1970/10/10,6.48,
08HB034,1,1970/10/11,6.40,
08HB034,1,1970/10/12,6.23,
08HB034,1,1970/10/13,6.23,
08HB034,1,1970/10/14,6.17,
08HB034,1,1970/10/15,6.09,
08HB034,1,1970/10/16,5.95,
08HB034,1,1970/10/17,6.03,
08HB034,1,1970/10/18,8.95,
08HB034,1,1970/10/19,12.7,
08HB034,1,1970/10/20,34.5,
08HB034,1,1970/10/21,39.1,
08HB034,1,1970/10/22,68.2,
08HB034,1,1970/10/23,103,
08HB034,1,1970/10/24,85.8,
08HB034,1,1970/10/25,54.9,
08HB034,1,1970/10/26,36.8,
08HB034,1,1970/10/27,26.8,
08HB034,1,1970/10/28,21.0,
08HB034,1,1970/10/29,17.5,
08HB034,1,1970/10/30,14.8,
08HB034,1,1970/10/31,12.8,
08HB034,1,1970/11/01,11.7,
08HB034,1,1970/11/02,11.0,
08HB034,1,1970/11/03,10.5,
08HB034,1,1970/11/04,9.77,
08HB034,1,1970/11/05,9.20,
08HB034,1,1970/11/06,9.32,
08HB034,1,1970/11/07,15.9,
08HB034,1,1970/11/08,47.6,
08HB034,1,1970/11/09,92.6,
08HB034,1,1970/11/10,73.9,
08HB034,1,1970/11/11,133,
08HB034,1,1970/11/12,118,
08HB034,1,1970/11/13,73.3,
08HB034,1,1970/11/14,49.0,
08HB034,1,1970/11/15,39.4,
08HB034,1,1970/11/16,64.6,
08HB034,1,1970/11/17,60.9,
08HB034,1,1970/11/18,49.3,
08HB034,1,1970/11/19,37.9,
08HB034,1,1970/11/20,29.7,
08HB034,1,1970/11/21,24.1,
08HB034,1,1970/11/22,19.4,
08HB034,1,1970/11/23,19.5,
08HB034,1,1970/11/24,73.6,
08HB034,1,1970/11/25,65.1,
08HB034,1,1970/11/26,48.4,
08HB034,1,1970/11/27,37.7,
08HB034,1,1970/11/28,28.6,
08HB034,1,1970/11/29,22.5,
08HB034,1,1970/11/30,19.5,
08HB034,1,1970/12/01,17.9,
08HB034,1,1970/12/02,16.1,
08HB034,1,1970/12/03,14.9,
08HB034,1,1970/12/04,13.3,
08HB034,1,1970/12/05,13.3,
08HB034,1,1970/12/06,106,
08HB034,1,1970/12/07,220,
08HB034,1,1970/12/08,157,
08HB034,1,1970/12/09,88.1,
08HB034,1,1970/12/10,86.1,
08HB034,1,1970/12/11,153,
08HB034,1,1970/12/12,98.0,
08HB034,1,1970/12/13,64.3,
08HB034,1,1970/12/14,53.8,
08HB034,1,1970/12/15,69.1,
08HB034,1,1970/12/16,113,
08HB034,1,1970/12/17,98.8,
08HB034,1,1970/12/18,65.7,
08HB034,1,1970/12/19,49.3,
08HB034,1,1970/12/20,40.5,
08HB034,1,1970/12/21,32.8,
08HB034,1,1970/12/22,26.5,
08HB034,1,1970/12/23,23.0,
08HB034,1,1970/12/24,19.9,
08HB034,1,1970/12/25,18.0,
08HB034,1,1970/12/26,16.1,
08HB034,1,1970/12/27,15.2,
08HB034,1,1970/12/28,17.2,
08HB034,1,1970/12/29,21.5,
08HB034,1,1970/12/30,30.9,
08HB034,1,1970/12/31,36.2,
08HB034,1,1971/01/01,30.0,
08HB034,1,1971/01/02,25.4,
08HB034,1,1971/01/03,21.3,
08HB034,1,1971/01/04,18.5,
08HB034,1,1971/01/05,16.7,
08HB034,1,1971/01/06,15.0,
08HB034,1,1971/01/07,14.1,
08HB034,1,1971/01/08,14.0,
08HB034,1,1971/01/09,15.8,
08HB034,1,1971/01/10,22.6,
08HB034,1,1971/01/11,25.4,
08HB034,1,1971/01/12,24.3,
08HB034,1,1971/01/13,21.9,
08HB034,1,1971/01/14,19.2,
08HB034,1,1971/01/15,40.5,
08HB034,1,1971/01/16,167,
08HB034,1,1971/01/17,127,
08HB034,1,1971/01/18,115,
08HB034,1,1971/01/19,314,
08HB034,1,1971/01/20,177,
08HB034,1,1971/01/21,101,
08HB034,1,1971/01/22,67.1,
08HB034,1,1971/01/23,53.0,
08HB034,1,1971/01/24,47.9,
08HB034,1,1971/01/25,44.5,
08HB034,1,1971/01/26,69.7,
08HB034,1,1971/01/27,176,
08HB034,1,1971/01/28,146,
08HB034,1,1971/01/29,111,
08HB034,1,1971/01/30,156,
08HB034,1,1971/01/31,172,
08HB034,1,1971/02/01,86.7,
08HB034,1,1971/02/02,75.3,
08HB034,1,1971/02/03,68.0,
08HB034,1,1971/02/04,60.0,
08HB034,1,1971/02/05,56.4,
08HB034,1,1971/02/06,48.4,
08HB034,1,1971/02/07,40.2,
08HB034,1,1971/02/08,34.5,
08HB034,1,1971/02/09,30.9,
08HB034,1,1971/02/10,41.1,
08HB034,1,1971/02/11,62.0,
08HB034,1,1971/02/12,71.1,
08HB034,1,1971/02/13,102,
08HB034,1,1971/02/14,232,
08HB034,1,1971/02/15,286,
08HB034,1,1971/02/16,171,
08HB034,1,1971/02/17,105,
08HB034,1,1971/02/18,71.1,
08HB034,1,1971/02/19,56.1,
08HB034,1,1971/02/20,46.7,
08HB034,1,1971/02/21,39.9,
08HB034,1,1971/02/22,34.8,
08HB034,1,1971/02/23,32.6,
08HB034,1,1971/02/24,46.7,
08HB034,1,1971/02/25,55.8,
08HB034,1,1971/02/26,47.3,
08HB034,1,1971/02/27,40.2,
08HB034,1,1971/02/28,33.4,
08HB034,1,1971/03/01,28.2,
08HB034,1,1971/03/02,27.2,
08HB034,1,1971/03/03,25.7,
08HB034,1,1971/03/04,22.9,
08HB034,1,1971/03/05,21.2,
08HB034,1,1971/03/06,20.0,
08HB034,1,1971/03/07,30.9,
08HB034,1,1971/03/08,35.7,
08HB034,1,1971/03/09,34.5,
08HB034,1,1971/03/10,40.8,
08HB034,1,1971/03/11,60.9,
08HB034,1,1971/03/12,114,
08HB034,1,1971/03/13,94.0,
08HB034,1,1971/03/14,65.4,
08HB034,1,1971/03/15,53.0,
08HB034,1,1971/03/16,43.3,
08HB034,1,1971/03/17,35.1,
08HB034,1,1971/03/18,30.0,
08HB034,1,1971/03/19,26.3,
08HB034,1,1971/03/20,24.7,
08HB034,1,1971/03/21,22.7,
08HB034,1,1971/03/22,22.3,
08HB034,1,1971/03/23,48.4,
08HB034,1,1971/03/24,99.7,
08HB034,1,1971/03/25,79.3,
08HB034,1,1971/03/26,60.6,
08HB034,1,1971/03/27,48.7,
08HB034,1,1971/03/28,47.0,
08HB034,1,1971/03/29,79.9,
08HB034,1,1971/03/30,104,
08HB034,1,1971/03/31,80.4,
08HB034,1,1971/04/01,60.9,
08HB034,1,1971/04/02,53.2,
08HB034,1,1971/04/03,49.8,
08HB034,1,1971/04/04,45.6,
08HB034,1,1971/04/05,43.6,
08HB034,1,1971/04/06,50.1,
08HB034,1,1971/04/07,56.1,
08HB034,1,1971/04/08,63.4,
08HB034,1,1971/04/09,68.0,
08HB034,1,1971/04/10,62.0,
08HB034,1,1971/04/11,53.2,
08HB034,1,1971/04/12,45.6,
08HB034,1,1971/04/13,40.8,
08HB034,1,1971/04/14,41.3,
08HB034,1,1971/04/15,46.2,
08HB034,1,1971/04/16,43.9,
08HB034,1,1971/04/17,37.9,
08HB034,1,1971/04/18,34.3,
08HB034,1,1971/04/19,32.0,
08HB034,1,1971/04/20,33.4,
08HB034,1,1971/04/21,35.7,
08HB034,1,1971/04/22,34.5,
08HB034,1,1971/04/23,32.8,
08HB034,1,1971/04/24,30.3,
08HB034,1,1971/04/25,37.7,
08HB034,1,1971/04/26,61.4,
08HB034,1,1971/04/27,87.8,
08HB034,1,1971/04/28,88.9,
08HB034,1,1971/04/29,77.6,
08HB034,1,1971/04/30,71.1,
08HB034,1,1971/05/01,76.5,
08HB034,1,1971/05/02,96.6,
08HB034,1,1971/05/03,114,
08HB034,1,1971/05/04,117,
08HB034,1,1971/05/05,99.1,
08HB034,1,1971/05/06,75.6,
08HB034,1,1971/05/07,72.8,
08HB034,1,1971/05/08,85.5,
08HB034,1,1971/05/09,78.4,
08HB034,1,1971/05/10,71.9,
08HB034,1,1971/05/11,79.0,
08HB034,1,1971/05/12,95.1,
08HB034,1,1971/05/13,89.2,
08HB034,1,1971/05/14,75.3,
08HB034,1,1971/05/15,60.3,
08HB034,1,1971/05/16,57.2,
08HB034,1,1971/05/17,52.7,
08HB034,1,1971/05/18,45.9,
08HB034,1,1971/05/19,43.0,
08HB034,1,1971/05/20,41.1,
08HB034,1,1971/05/21,40.8,
08HB034,1,1971/05/22,48.7,
08HB034,1,1971/05/23,61.4,
08HB034,1,1971/05/24,66.8,
08HB034,1,1971/05/25,62.6,
08HB034,1,1971/05/26,58.9,
08HB034,1,1971/05/27,60.0,
08HB034,1,1971/05/28,60.3,
08HB034,1,1971/05/29,59.2,
08HB034,1,1971/05/30,52.1,
08HB034,1,1971/05/31,44.2,
08HB034,1,1971/06/01,43.0,
08HB034,1,1971/06/02,44.2,
08HB034,1,1971/06/03,45.6,
08HB034,1,1971/06/04,44.2,
08HB034,1,1971/06/05,41.1,
08HB034,1,1971/06/06,39.6,
08HB034,1,1971/06/07,42.2,
08HB034,1,1971/06/08,39.1,
08HB034,1,1971/06/09,34.8,
08HB034,1,1971/06/10,34.3,
08HB034,1,1971/06/11,34.8,
08HB034,1,1971/06/12,33.1,
08HB034,1,1971/06/13,30.9,
08HB034,1,1971/06/14,29.4,
08HB034,1,1971/06/15,28.3,
08HB034,1,1971/06/16,27.6,
08HB034,1,1971/06/17,26.3,
08HB034,1,1971/06/18,27.5,
08HB034,1,1971/06/19,29.4,
08HB034,1,1971/06/20,31.7,
08HB034,1,1971/06/21,36.0,
08HB034,1,1971/06/22,40.2,
08HB034,1,1971/06/23,40.5,
08HB034,1,1971/06/24,44.5,
08HB034,1,1971/06/25,69.1,
08HB034,1,1971/06/26,77.6,
08HB034,1,1971/06/27,58.9,
08HB034,1,1971/06/28,43.6,
08HB034,1,1971/06/29,35.1,
08HB034,1,1971/06/30,30.3,
08HB034,1,1971/07/01,27.6,
08HB034,1,1971/07/02,25.7,
08HB034,1,1971/07/03,24.1,
08HB034,1,1971/07/04,23.2,
08HB034,1,1971/07/05,22.4,
08HB034,1,1971/07/06,21.0,
08HB034,1,1971/07/07,19.0,
08HB034,1,1971/07/08,18.3,
08HB034,1,1971/07/09,19.2,
08HB034,1,1971/07/10,21.4,
08HB034,1,1971/07/11,23.5,
08HB034,1,1971/07/12,23.4,
08HB034,1,1971/07/13,21.4,
08HB034,1,1971/07/14,20.2,
08HB034,1,1971/07/15,20.3,
08HB034,1,1971/07/16,20.5,
08HB034,1,1971/07/17,20.2,
08HB034,1,1971/07/18,20.3,
08HB034,1,1971/07/19,21.0,
08HB034,1,1971/07/20,21.2,
08HB034,1,1971/07/21,20.4,
08HB034,1,1971/07/22,18.9,
08HB034,1,1971/07/23,17.9,
08HB034,1,1971/07/24,16.4,
08HB034,1,1971/07/25,14.8,
08HB034,1,1971/07/26,13.8,
08HB034,1,1971/07/27,13.0,
08HB034,1,1971/07/28,12.1,
08HB034,1,1971/07/29,11.4,
08HB034,1,1971/07/30,10.9,
08HB034,1,1971/07/31,10.4,
08HB034,1,1971/08/01,10.0,
08HB034,1,1971/08/02,9.23,
08HB034,1,1971/08/03,8.18,
08HB034,1,1971/08/04,7.65,
08HB034,1,1971/08/05,7.70,
08HB034,1,1971/08/06,7.76,
08HB034,1,1971/08/07,7.70,
08HB034,1,1971/08/08,7.56,
08HB034,1,1971/08/09,7.36,
08HB034,1,1971/08/10,7.08,
08HB034,1,1971/08/11,6.85,
08HB034,1,1971/08/12,6.54,
08HB034,1,1971/08/13,6.34,
08HB034,1,1971/08/14,6.71,
08HB034,1,1971/08/15,7.70,
08HB034,1,1971/08/16,7.79,
08HB034,1,1971/08/17,7.59,
08HB034,1,1971/08/18,7.48,
08HB034,1,1971/08/19,7.22,
08HB034,1,1971/08/20,7.05,
08HB034,1,1971/08/21,9.15,
08HB034,1,1971/08/22,13.2,
08HB034,1,1971/08/23,12.6,
08HB034,1,1971/08/24,11.4,
08HB034,1,1971/08/25,10.2,
08HB034,1,1971/08/26,9.20,
08HB034,1,1971/08/27,8.47,
08HB034,1,1971/08/28,7.99,
08HB034,1,1971/08/29,7.59,
08HB034,1,1971/08/30,7.36,
08HB034,1,1971/08/31,7.53,
08HB034,1,1971/09/01,7.73,
08HB034,1,1971/09/02,8.58,
08HB034,1,1971/09/03,8.67,
08HB034,1,1971/09/04,8.13,
08HB034,1,1971/09/05,11.1,
08HB034,1,1971/09/06,12.1,
08HB034,1,1971/09/07,11.2,
08HB034,1,1971/09/08,10.7,
08HB034,1,1971/09/09,10.7,
08HB034,1,1971/09/10,10.3,
08HB034,1,1971/09/11,16.8,
08HB034,1,1971/09/12,18.7,
08HB034,1,1971/09/13,21.1,
08HB034,1,1971/09/14,18.3,
08HB034,1,1971/09/15,15.7,
08HB034,1,1971/09/16,13.5,
08HB034,1,1971/09/17,11.8,
08HB034,1,1971/09/18,10.6,
08HB034,1,1971/09/19,9.83,
08HB034,1,1971/09/20,9.09,
08HB034,1,1971/09/21,8.38,
08HB034,1,1971/09/22,7.93,
08HB034,1,1971/09/23,7.65,
08HB034,1,1971/09/24,7.56,
08HB034,1,1971/09/25,7.59,
08HB034,1,1971/09/26,7.62,
08HB034,1,1971/09/27,7.73,
08HB034,1,1971/09/28,9.66,
08HB034,1,1971/09/29,11.3,
08HB034,1,1971/09/30,11.1,
08HB034,1,1971/10/01,10.3,
08HB034,1,1971/10/02,9.46,
08HB034,1,1971/10/03,12.0,
08HB034,1,1971/10/04,31.4,
08HB034,1,1971/10/05,31.4,
08HB034,1,1971/10/06,28.6,
08HB034,1,1971/10/07,24.8,
08HB034,1,1971/10/08,21.5,
08HB034,1,1971/10/09,20.5,
08HB034,1,1971/10/10,20.9,
08HB034,1,1971/10/11,21.2,
08HB034,1,1971/10/12,20.5,
08HB034,1,1971/10/13,23.7,
08HB034,1,1971/10/14,25.2,
08HB034,1,1971/10/15,24.6,
08HB034,1,1971/10/16,22.7,
08HB034,1,1971/10/17,21.2,
08HB034,1,1971/10/18,20.0,
08HB034,1,1971/10/19,29.4,
08HB034,1,1971/10/20,34.8,
08HB034,1,1971/10/21,34.5,
08HB034,1,1971/10/22,88.3,
08HB034,1,1971/10/23,82.7,
08HB034,1,1971/10/24,56.6,
08HB034,1,1971/10/25,59.2,
08HB034,1,1971/10/26,67.1,
08HB034,1,1971/10/27,47.6,
08HB034,1,1971/10/28,32.8,
08HB034,1,1971/10/29,25.6,
08HB034,1,1971/10/30,21.0,
08HB034,1,1971/10/31,18.0,
08HB034,1,1971/11/01,19.7,
08HB034,1,1971/11/02,20.0,
08HB034,1,1971/11/03,83.3,
08HB034,1,1971/11/04,104,
08HB034,1,1971/11/05,65.1,
08HB034,1,1971/11/06,44.5,
08HB034,1,1971/11/07,33.7,
08HB034,1,1971/11/08,44.7,
08HB034,1,1971/11/09,198,
08HB034,1,1971/11/10,273,
08HB034,1,1971/11/11,165,
08HB034,1,1971/11/12,98.8,
08HB034,1,1971/11/13,69.1,
08HB034,1,1971/11/14,58.3,
08HB034,1,1971/11/15,48.4,
08HB034,1,1971/11/16,38.8,
08HB034,1,1971/11/17,31.7,
08HB034,1,1971/11/18,27.0,
08HB034,1,1971/11/19,23.8,
08HB034,1,1971/11/20,26.0,
08HB034,1,1971/11/21,30.9,
08HB034,1,1971/11/22,33.4,
08HB034,1,1971/11/23,30.9,
08HB034,1,1971/11/24,51.3,
08HB034,1,1971/11/25,67.7,
08HB034,1,1971/11/26,79.3,
08HB034,1,1971/11/27,96.8,
08HB034,1,1971/11/28,82.7,
08HB034,1,1971/11/29,64.0,
08HB034,1,1971/11/30,50.1,
08HB034,1,1971/12/01,39.6,
08HB034,1,1971/12/02,33.7,
08HB034,1,1971/12/03,30.3,
08HB034,1,1971/12/04,27.4,
08HB034,1,1971/12/05,25.1,
08HB034,1,1971/12/06,23.1,
08HB034,1,1971/12/07,20.4,
08HB034,1,1971/12/08,19.9,
08HB034,1,1971/12/09,20.8,
08HB034,1,1971/12/10,19.3,
08HB034,1,1971/12/11,17.9,
08HB034,1,1971/12/12,18.5,
08HB034,1,1971/12/13,17.4,
08HB034,1,1971/12/14,16.3,
08HB034,1,1971/12/15,14.6,
08HB034,1,1971/12/16,13.5,
08HB034,1,1971/12/17,35.1,
08HB034,1,1971/12/18,48.1,
08HB034,1,1971/12/19,41.3,
08HB034,1,1971/12/20,34.3,
08HB034,1,1971/12/21,30.3,
08HB034,1,1971/12/22,26.8,
08HB034,1,1971/12/23,23.7,
08HB034,1,1971/12/24,21.0,
08HB034,1,1971/12/25,18.9,
08HB034,1,1971/12/26,17.4,
08HB034,1,1971/12/27,14.9,
08HB034,1,1971/12/28,14.4,
08HB034,1,1971/12/29,13.9,
08HB034,1,1971/12/30,13.0,
08HB034,1,1971/12/31,12.7,
08HB034,1,1972/01/01,12.1,
08HB034,1,1972/01/02,12.4,
08HB034,1,1972/01/03,11.3,
08HB034,1,1972/01/04,11.4,
08HB034,1,1972/01/05,11.3,
08HB034,1,1972/01/06,11.6,
08HB034,1,1972/01/07,11.9,
08HB034,1,1972/01/08,12.3,
08HB034,1,1972/01/09,18.4,
08HB034,1,1972/01/10,18.5,
08HB034,1,1972/01/11,19.2,
08HB034,1,1972/01/12,20.0,
08HB034,1,1972/01/13,18.4,
08HB034,1,1972/01/14,17.8,
08HB034,1,1972/01/15,16.2,
08HB034,1,1972/01/16,17.2,
08HB034,1,1972/01/17,21.6,
08HB034,1,1972/01/18,21.1,
08HB034,1,1972/01/19,26.1,
08HB034,1,1972/01/20,94.9,
08HB034,1,1972/01/21,229,
08HB034,1,1972/01/22,189,
08HB034,1,1972/01/23,109,
08HB034,1,1972/01/24,68.2,
08HB034,1,1972/01/25,48.7,
08HB034,1,1972/01/26,36.8,
08HB034,1,1972/01/27,30.3,
08HB034,1,1972/01/28,26.3,
08HB034,1,1972/01/29,23.8,
08HB034,1,1972/01/30,21.7,
08HB034,1,1972/01/31,20.1,
08HB034,1,1972/02/01,17.7,
08HB034,1,1972/02/02,17.1,
08HB034,1,1972/02/03,15.6,
08HB034,1,1972/02/04,14.2,
08HB034,1,1972/02/05,14.3,
08HB034,1,1972/02/06,14.6,
08HB034,1,1972/02/07,23.6,
08HB034,1,1972/02/08,31.1,
08HB034,1,1972/02/09,37.1,
08HB034,1,1972/02/10,35.4,
08HB034,1,1972/02/11,32.8,
08HB034,1,1972/02/12,38.5,
08HB034,1,1972/02/13,62.0,
08HB034,1,1972/02/14,57.2,
08HB034,1,1972/02/15,53.0,
08HB034,1,1972/02/16,204,
08HB034,1,1972/02/17,160,
08HB034,1,1972/02/18,98.3,
08HB034,1,1972/02/19,94.0,
08HB034,1,1972/02/20,133,
08HB034,1,1972/02/21,98.3,
08HB034,1,1972/02/22,71.9,
08HB034,1,1972/02/23,56.9,
08HB034,1,1972/02/24,47.0,
08HB034,1,1972/02/25,39.6,
08HB034,1,1972/02/26,36.0,
08HB034,1,1972/02/27,87.5,
08HB034,1,1972/02/28,194,
08HB034,1,1972/02/29,234,
08HB034,1,1972/03/01,137,
08HB034,1,1972/03/02,87.5,
08HB034,1,1972/03/03,60.9,
08HB034,1,1972/03/04,47.6,
08HB034,1,1972/03/05,94.0,
08HB034,1,1972/03/06,131,
08HB034,1,1972/03/07,93.2,
08HB034,1,1972/03/08,64.6,
08HB034,1,1972/03/09,69.4,
08HB034,1,1972/03/10,132,
08HB034,1,1972/03/11,166,
08HB034,1,1972/03/12,222,
08HB034,1,1972/03/13,275,
08HB034,1,1972/03/14,204,
08HB034,1,1972/03/15,162,
08HB034,1,1972/03/16,186,
08HB034,1,1972/03/17,188,
08HB034,1,1972/03/18,218,
08HB034,1,1972/03/19,181,
08HB034,1,1972/03/20,123,
08HB034,1,1972/03/21,87.2,
08HB034,1,1972/03/22,78.7,
08HB034,1,1972/03/23,68.2,
08HB034,1,1972/03/24,61.2,
08HB034,1,1972/03/25,53.2,
08HB034,1,1972/03/26,43.9,
08HB034,1,1972/03/27,37.1,
08HB034,1,1972/03/28,32.6,
08HB034,1,1972/03/29,28.9,
08HB034,1,1972/03/30,27.0,
08HB034,1,1972/03/31,26.2,
08HB034,1,1972/04/01,37.4,
08HB034,1,1972/04/02,42.5,
08HB034,1,1972/04/03,39.9,
08HB034,1,1972/04/04,41.6,
08HB034,1,1972/04/05,148,
08HB034,1,1972/04/06,191,
08HB034,1,1972/04/07,120,
08HB034,1,1972/04/08,80.4,
08HB034,1,1972/04/09,60.0,
08HB034,1,1972/04/10,48.1,
08HB034,1,1972/04/11,40.2,
08HB034,1,1972/04/12,37.9,
08HB034,1,1972/04/13,36.2,
08HB034,1,1972/04/14,34.3,
08HB034,1,1972/04/15,39.4,
08HB034,1,1972/04/16,38.2,
08HB034,1,1972/04/17,34.8,
08HB034,1,1972/04/18,31.1,
08HB034,1,1972/04/19,28.6,
08HB034,1,1972/04/20,27.8,
08HB034,1,1972/04/21,29.2,
08HB034,1,1972/04/22,27.3,
08HB034,1,1972/04/23,25.2,
08HB034,1,1972/04/24,24.8,
08HB034,1,1972/04/25,27.2,
08HB034,1,1972/04/26,28.2,
08HB034,1,1972/04/27,28.0,
08HB034,1,1972/04/28,32.3,
08HB034,1,1972/04/29,31.7,
08HB034,1,1972/04/30,28.9,
08HB034,1,1972/05/01,26.1,
08HB034,1,1972/05/02,25.1,
08HB034,1,1972/05/03,26.8,
08HB034,1,1972/05/04,31.7,
08HB034,1,1972/05/05,40.2,
08HB034,1,1972/05/06,48.7,
08HB034,1,1972/05/07,49.8,
08HB034,1,1972/05/08,45.6,
08HB034,1,1972/05/09,42.5,
08HB034,1,1972/05/10,38.8,
08HB034,1,1972/05/11,38.2,
08HB034,1,1972/05/12,45.6,
08HB034,1,1972/05/13,59.5,
08HB034,1,1972/05/14,67.4,
08HB034,1,1972/05/15,61.7,
08HB034,1,1972/05/16,55.8,
08HB034,1,1972/05/17,47.6,
08HB034,1,1972/05/18,39.4,
08HB034,1,1972/05/19,33.7,
08HB034,1,1972/05/20,34.5,
08HB034,1,1972/05/21,46.2,
08HB034,1,1972/05/22,46.7,
08HB034,1,1972/05/23,40.5,
08HB034,1,1972/05/24,34.0,
08HB034,1,1972/05/25,28.6,
08HB034,1,1972/05/26,26.1,
08HB034,1,1972/05/27,30.3,
08HB034,1,1972/05/28,38.8,
08HB034,1,1972/05/29,49.8,
08HB034,1,1972/05/30,48.4,
08HB034,1,1972/05/31,41.3,
08HB034,1,1972/06/01,34.0,
08HB034,1,1972/06/02,28.3,
08HB034,1,1972/06/03,26.5,
08HB034,1,1972/06/04,28.1,
08HB034,1,1972/06/05,27.7,
08HB034,1,1972/06/06,28.6,
08HB034,1,1972/06/07,28.6,
08HB034,1,1972/06/08,28.6,
08HB034,1,1972/06/09,28.1,
08HB034,1,1972/06/10,27.9,
08HB034,1,1972/06/11,28.0,
08HB034,1,1972/06/12,26.2,
08HB034,1,1972/06/13,22.9,
08HB034,1,1972/06/14,20.7,
08HB034,1,1972/06/15,20.6,
08HB034,1,1972/06/16,20.0,
08HB034,1,1972/06/17,18.8,
08HB034,1,1972/06/18,16.7,
08HB034,1,1972/06/19,15.9,
08HB034,1,1972/06/20,16.3,
08HB034,1,1972/06/21,17.2,
08HB034,1,1972/06/22,16.4,
08HB034,1,1972/06/23,15.9,
08HB034,1,1972/06/24,15.6,
08HB034,1,1972/06/25,15.3,
08HB034,1,1972/06/26,14.8,
08HB034,1,1972/06/27,14.4,
08HB034,1,1972/06/28,14.3,
08HB034,1,1972/06/29,14.1,
08HB034,1,1972/06/30,13.9,
08HB034,1,1972/07/01,12.8,
08HB034,1,1972/07/02,11.9,
08HB034,1,1972/07/03,11.4,
08HB034,1,1972/07/04,11.6,
08HB034,1,1972/07/05,11.7,
08HB034,1,1972/07/06,11.8,
08HB034,1,1972/07/07,10.9,
08HB034,1,1972/07/08,10.1,
08HB034,1,1972/07/09,9.94,
08HB034,1,1972/07/10,10.3,
08HB034,1,1972/07/11,10.9,
08HB034,1,1972/07/12,48.7,
08HB034,1,1972/07/13,63.4,
08HB034,1,1972/07/14,45.6,
08HB034,1,1972/07/15,30.9,
08HB034,1,1972/07/16,23.2,
08HB034,1,1972/07/17,18.9,
08HB034,1,1972/07/18,15.9,
08HB034,1,1972/07/19,13.5,
08HB034,1,1972/07/20,11.6,
08HB034,1,1972/07/21,10.0,
08HB034,1,1972/07/22,9.32,
08HB034,1,1972/07/23,8.27,
08HB034,1,1972/07/24,7.48,
08HB034,1,1972/07/25,7.19,
08HB034,1,1972/07/26,6.97,
08HB034,1,1972/07/27,6.51,
08HB034,1,1972/07/28,6.20,
08HB034,1,1972/07/29,6.03,
08HB034,1,1972/07/30,5.89,
08HB034,1,1972/07/31,5.83,
08HB034,1,1972/08/01,5.75,
08HB034,1,1972/08/02,5.72,
08HB034,1,1972/08/03,5.66,
08HB034,1,1972/08/04,5.55,
08HB034,1,1972/08/05,5.47,
08HB034,1,1972/08/06,5.41,
08HB034,1,1972/08/07,5.38,
08HB034,1,1972/08/08,5.35,
08HB034,1,1972/08/09,5.30,
08HB034,1,1972/08/10,5.21,
08HB034,1,1972/08/11,5.13,
08HB034,1,1972/08/12,5.27,
08HB034,1,1972/08/13,5.32,
08HB034,1,1972/08/14,5.35,
08HB034,1,1972/08/15,5.38,
08HB034,1,1972/08/16,6.12,
08HB034,1,1972/08/17,7.25,
08HB034,1,1972/08/18,6.85,
08HB034,1,1972/08/19,6.51,
08HB034,1,1972/08/20,6.29,
08HB034,1,1972/08/21,6.31,
08HB034,1,1972/08/22,6.40,
08HB034,1,1972/08/23,6.34,
08HB034,1,1972/08/24,6.09,
08HB034,1,1972/08/25,5.95,
08HB034,1,1972/08/26,5.89,
08HB034,1,1972/08/27,5.75,
08HB034,1,1972/08/28,5.66,
08HB034,1,1972/08/29,5.61,
08HB034,1,1972/08/30,5.55,
08HB034,1,1972/08/31,5.47,
08HB034,1,1972/09/01,5.66,
08HB034,1,1972/09/02,6.77,
08HB034,1,1972/09/03,7.96,
08HB034,1,1972/09/04,8.64,
08HB034,1,1972/09/05,9.06,
08HB034,1,1972/09/06,9.20,
08HB034,1,1972/09/07,8.83,
08HB034,1,1972/09/08,7.73,
08HB034,1,1972/09/09,6.85,
08HB034,1,1972/09/10,6.31,
08HB034,1,1972/09/11,5.89,
08HB034,1,1972/09/12,5.66,
08HB034,1,1972/09/13,5.69,
08HB034,1,1972/09/14,5.92,
08HB034,1,1972/09/15,6.37,
08HB034,1,1972/09/16,7.16,
08HB034,1,1972/09/17,7.93,
08HB034,1,1972/09/18,8.44,
08HB034,1,1972/09/19,9.29,
08HB034,1,1972/09/20,10.4,
08HB034,1,1972/09/21,40.8,
08HB034,1,1972/09/22,43.6,
08HB034,1,1972/09/23,43.3,
08HB034,1,1972/09/24,34.8,
08HB034,1,1972/09/25,28.3,
08HB034,1,1972/09/26,23.8,
08HB034,1,1972/09/27,21.3,
08HB034,1,1972/09/28,19.1,
08HB034,1,1972/09/29,16.6,
08HB034,1,1972/09/30,15.3,
08HB034,1,1972/10/01,14.6,
08HB034,1,1972/10/02,13.9,
08HB034,1,1972/10/03,13.1,
08HB034,1,1972/10/04,12.1,
08HB034,1,1972/10/05,10.7,
08HB034,1,1972/10/06,9.03,
08HB034,1,1972/10/07,7.70,
08HB034,1,1972/10/08,6.43,
08HB034,1,1972/10/09,5.58,
08HB034,1,1972/10/10,5.27,
08HB034,1,1972/10/11,5.04,
08HB034,1,1972/10/12,4.79,
08HB034,1,1972/10/13,4.56,
08HB034,1,1972/10/14,4.39,
08HB034,1,1972/10/15,4.08,
08HB034,1,1972/10/16,3.88,
08HB034,1,1972/10/17,3.68,
08HB034,1,1972/10/18,3.62,
08HB034,1,1972/10/19,3.65,
08HB034,1,1972/10/20,3.65,
08HB034,1,1972/10/21,3.74,
08HB034,1,1972/10/22,3.79,
08HB034,1,1972/10/23,3.79,
08HB034,1,1972/10/24,3.82,
08HB034,1,1972/10/25,3.88,
08HB034,1,1972/10/26,3.94,
08HB034,1,1972/10/27,3.96,
08HB034,1,1972/10/28,4.05,
08HB034,1,1972/10/29,4.08,
08HB034,1,1972/10/30,4.11,
08HB034,1,1972/10/31,4.05,
08HB034,1,1972/11/01,4.64,
08HB034,1,1972/11/02,11.2,
08HB034,1,1972/11/03,24.2,
08HB034,1,1972/11/04,72.2,
08HB034,1,1972/11/05,55.2,
08HB034,1,1972/11/06,89.5,
08HB034,1,1972/11/07,99.1,
08HB034,1,1972/11/08,73.1,
08HB034,1,1972/11/09,84.4,
08HB034,1,1972/11/10,98.5,
08HB034,1,1972/11/11,70.8,
08HB034,1,1972/11/12,48.7,
08HB034,1,1972/11/13,35.4,
08HB034,1,1972/11/14,27.3,
08HB034,1,1972/11/15,22.1,
08HB034,1,1972/11/16,18.3,
08HB034,1,1972/11/17,15.5,
08HB034,1,1972/11/18,13.6,
08HB034,1,1972/11/19,12.3,
08HB034,1,1972/11/20,11.0,
08HB034,1,1972/11/21,9.94,
08HB034,1,1972/11/22,9.51,
08HB034,1,1972/11/23,12.9,
08HB034,1,1972/11/24,17.7,
08HB034,1,1972/11/25,20.3,
08HB034,1,1972/11/26,28.1,
08HB034,1,1972/11/27,26.7,
08HB034,1,1972/11/28,23.8,
08HB034,1,1972/11/29,20.4,
08HB034,1,1972/11/30,17.4,
08HB034,1,1972/12/01,25.6,
08HB034,1,1972/12/02,31.4,
08HB034,1,1972/12/03,27.3,
08HB034,1,1972/12/04,21.9,
08HB034,1,1972/12/05,18.2,
08HB034,1,1972/12/06,14.9,
08HB034,1,1972/12/07,14.2,B
08HB034,1,1972/12/08,12.5,B
08HB034,1,1972/12/09,10.5,B
08HB034,1,1972/12/10,9.63,B
08HB034,1,1972/12/11,8.83,
08HB034,1,1972/12/12,8.33,
08HB034,1,1972/12/13,7.62,
08HB034,1,1972/12/14,7.05,
08HB034,1,1972/12/15,6.51,
08HB034,1,1972/12/16,36.2,
08HB034,1,1972/12/17,170,
08HB034,1,1972/12/18,219,
08HB034,1,1972/12/19,439,
08HB034,1,1972/12/20,212,
08HB034,1,1972/12/21,159,
08HB034,1,1972/12/22,121,
08HB034,1,1972/12/23,114,
08HB034,1,1972/12/24,104,
08HB034,1,1972/12/25,326,
08HB034,1,1972/12/26,453,
08HB034,1,1972/12/27,197,
08HB034,1,1972/12/28,105,
08HB034,1,1972/12/29,68.0,
08HB034,1,1972/12/30,51.5,
08HB034,1,1972/12/31,40.2,
08HB034,1,1973/01/01,37.4,
08HB034,1,1973/01/02,45.3,
08HB034,1,1973/01/03,39.9,
08HB034,1,1973/01/04,33.4,
08HB034,1,1973/01/05,28.2,
08HB034,1,1973/01/06,23.1,
08HB034,1,1973/01/07,20.6,
08HB034,1,1973/01/08,16.2,B
08HB034,1,1973/01/09,15.3,B
08HB034,1,1973/01/10,14.7,B
08HB034,1,1973/01/11,15.6,B
08HB034,1,1973/01/12,27.7,
08HB034,1,1973/01/13,72.8,
08HB034,1,1973/01/14,258,
08HB034,1,1973/01/15,626,
08HB034,1,1973/01/16,442,
08HB034,1,1973/01/17,218,
08HB034,1,1973/01/18,127,
08HB034,1,1973/01/19,97.4,
08HB034,1,1973/01/20,85.8,
08HB034,1,1973/01/21,89.5,
08HB034,1,1973/01/22,73.9,
08HB034,1,1973/01/23,66.0,
08HB034,1,1973/01/24,115,
08HB034,1,1973/01/25,101,
08HB034,1,1973/01/26,69.9,
08HB034,1,1973/01/27,53.0,
08HB034,1,1973/01/28,43.0,
08HB034,1,1973/01/29,36.5,
08HB034,1,1973/01/30,33.7,
08HB034,1,1973/01/31,32.0,
08HB034,1,1973/02/01,29.4,
08HB034,1,1973/02/02,34.3,
08HB034,1,1973/02/03,38.8,
08HB034,1,1973/02/04,35.4,
08HB034,1,1973/02/05,30.9,
08HB034,1,1973/02/06,26.7,
08HB034,1,1973/02/07,23.4,
08HB034,1,1973/02/08,21.3,
08HB034,1,1973/02/09,19.7,
08HB034,1,1973/02/10,18.1,
08HB034,1,1973/02/11,16.3,
08HB034,1,1973/02/12,15.3,
08HB034,1,1973/02/13,14.4,
08HB034,1,1973/02/14,13.5,
08HB034,1,1973/02/15,12.7,
08HB034,1,1973/02/16,13.5,
08HB034,1,1973/02/17,21.7,
08HB034,1,1973/02/18,25.0,
08HB034,1,1973/02/19,25.7,
08HB034,1,1973/02/20,23.7,
08HB034,1,1973/02/21,21.7,
08HB034,1,1973/02/22,20.3,
08HB034,1,1973/02/23,19.5,
08HB034,1,1973/02/24,20.3,
08HB034,1,1973/02/25,22.8,
08HB034,1,1973/02/26,111,
08HB034,1,1973/02/27,162,
08HB034,1,1973/02/28,131,
08HB034,1,1973/03/01,113,
08HB034,1,1973/03/02,82.7,
08HB034,1,1973/03/03,61.7,
08HB034,1,1973/03/04,51.0,
08HB034,1,1973/03/05,44.2,
08HB034,1,1973/03/06,38.2,
08HB034,1,1973/03/07,33.7,
08HB034,1,1973/03/08,30.3,
08HB034,1,1973/03/09,28.6,
08HB034,1,1973/03/10,30.0,
08HB034,1,1973/03/11,30.9,
08HB034,1,1973/03/12,29.2,
08HB034,1,1973/03/13,26.8,
08HB034,1,1973/03/14,23.9,
08HB034,1,1973/03/15,22.1,
08HB034,1,1973/03/16,25.1,
08HB034,1,1973/03/17,30.3,
08HB034,1,1973/03/18,30.6,
08HB034,1,1973/03/19,36.2,
08HB034,1,1973/03/20,35.7,
08HB034,1,1973/03/21,31.7,
08HB034,1,1973/03/22,27.7,
08HB034,1,1973/03/23,24.4,
08HB034,1,1973/03/24,22.8,
08HB034,1,1973/03/25,22.0,
08HB034,1,1973/03/26,21.5,
08HB034,1,1973/03/27,20.4,
08HB034,1,1973/03/28,18.8,
08HB034,1,1973/03/29,17.5,
08HB034,1,1973/03/30,17.2,
08HB034,1,1973/03/31,16.8,
08HB034,1,1973/04/01,15.9,
08HB034,1,1973/04/02,15.0,
08HB034,1,1973/04/03,14.2,
08HB034,1,1973/04/04,13.9,
08HB034,1,1973/04/05,15.6,
08HB034,1,1973/04/06,18.4,
08HB034,1,1973/04/07,18.4,
08HB034,1,1973/04/08,17.7,
08HB034,1,1973/04/09,16.5,
08HB034,1,1973/04/10,16.4,
08HB034,1,1973/04/11,18.3,
08HB034,1,1973/04/12,21.4,
08HB034,1,1973/04/13,24.3,
08HB034,1,1973/04/14,24.1,
08HB034,1,1973/04/15,22.5,
08HB034,1,1973/04/16,20.9,
08HB034,1,1973/04/17,20.7,
08HB034,1,1973/04/18,19.5,
08HB034,1,1973/04/19,18.6,
08HB034,1,1973/04/20,16.7,
08HB034,1,1973/04/21,15.5,
08HB034,1,1973/04/22,16.9,
08HB034,1,1973/04/23,17.7,
08HB034,1,1973/04/24,18.0,
08HB034,1,1973/04/25,17.4,
08HB034,1,1973/04/26,17.6,
08HB034,1,1973/04/27,18.6,
08HB034,1,1973/04/28,17.9,
08HB034,1,1973/04/29,16.2,
08HB034,1,1973/04/30,14.6,
08HB034,1,1973/05/01,13.5,
08HB034,1,1973/05/02,14.2,
08HB034,1,1973/05/03,17.4,
08HB034,1,1973/05/04,20.4,
08HB034,1,1973/05/05,21.0,
08HB034,1,1973/05/06,22.3,
08HB034,1,1973/05/07,22.5,
08HB034,1,1973/05/08,22.3,
08HB034,1,1973/05/09,24.6,
08HB034,1,1973/05/10,23.4,
08HB034,1,1973/05/11,21.5,
08HB034,1,1973/05/12,19.7,
08HB034,1,1973/05/13,20.9,
08HB034,1,1973/05/14,29.4,
08HB034,1,1973/05/15,38.5,
08HB034,1,1973/05/16,38.5,
08HB034,1,1973/05/17,37.4,
08HB034,1,1973/05/18,34.8,
08HB034,1,1973/05/19,30.9,
08HB034,1,1973/05/20,24.9,
08HB034,1,1973/05/21,20.1,
08HB034,1,1973/05/22,16.9,
08HB034,1,1973/05/23,33.7,
08HB034,1,1973/05/24,111,
08HB034,1,1973/05/25,82.4,
08HB034,1,1973/05/26,51.3,
08HB034,1,1973/05/27,35.1,
08HB034,1,1973/05/28,26.9,
08HB034,1,1973/05/29,22.3,
08HB034,1,1973/05/30,21.7,
08HB034,1,1973/05/31,20.2,
08HB034,1,1973/06/01,18.0,
08HB034,1,1973/06/02,15.8,
08HB034,1,1973/06/03,14.0,
08HB034,1,1973/06/04,12.9,
08HB034,1,1973/06/05,13.3,
08HB034,1,1973/06/06,15.1,
08HB034,1,1973/06/07,18.9,
08HB034,1,1973/06/08,22.8,
08HB034,1,1973/06/09,23.7,
08HB034,1,1973/06/10,20.5,
08HB034,1,1973/06/11,16.8,
08HB034,1,1973/06/12,18.0,
08HB034,1,1973/06/13,27.3,
08HB034,1,1973/06/14,30.6,
08HB034,1,1973/06/15,27.9,
08HB034,1,1973/06/16,26.9,
08HB034,1,1973/06/17,27.9,
08HB034,1,1973/06/18,24.8,
08HB034,1,1973/06/19,21.5,
08HB034,1,1973/06/20,18.9,
08HB034,1,1973/06/21,17.9,
08HB034,1,1973/06/22,16.9,
08HB034,1,1973/06/23,16.1,
08HB034,1,1973/06/24,15.3,
08HB034,1,1973/06/25,16.2,
08HB034,1,1973/06/26,14.8,
08HB034,1,1973/06/27,13.7,
08HB034,1,1973/06/28,12.4,
08HB034,1,1973/06/29,10.9,
08HB034,1,1973/06/30,10.3,
08HB034,1,1973/07/01,9.63,
08HB034,1,1973/07/02,8.64,
08HB034,1,1973/07/03,7.93,
08HB034,1,1973/07/04,7.59,
08HB034,1,1973/07/05,7.25,
08HB034,1,1973/07/06,6.74,
08HB034,1,1973/07/07,6.94,
08HB034,1,1973/07/08,7.02,
08HB034,1,1973/07/09,6.77,
08HB034,1,1973/07/10,6.65,
08HB034,1,1973/07/11,6.37,
08HB034,1,1973/07/12,5.78,
08HB034,1,1973/07/13,5.41,
08HB034,1,1973/07/14,5.30,
08HB034,1,1973/07/15,5.01,
08HB034,1,1973/07/16,4.73,
08HB034,1,1973/07/17,4.45,
08HB034,1,1973/07/18,4.42,
08HB034,1,1973/07/19,4.45,
08HB034,1,1973/07/20,4.45,
08HB034,1,1973/07/21,4.39,
08HB034,1,1973/07/22,4.28,
08HB034,1,1973/07/23,4.13,
08HB034,1,1973/07/24,3.99,
08HB034,1,1973/07/25,3.94,
08HB034,1,1973/07/26,3.91,
08HB034,1,1973/07/27,3.82,
08HB034,1,1973/07/28,3.74,
08HB034,1,1973/07/29,3.68,
08HB034,1,1973/07/30,3.62,
08HB034,1,1973/07/31,3.57,
08HB034,1,1973/08/01,3.62,
08HB034,1,1973/08/02,3.74,
08HB034,1,1973/08/03,3.88,
08HB034,1,1973/08/04,3.99,
08HB034,1,1973/08/05,4.11,
08HB034,1,1973/08/06,4.25,
08HB034,1,1973/08/07,4.30,
08HB034,1,1973/08/08,4.33,
08HB034,1,1973/08/09,4.30,
08HB034,1,1973/08/10,4.19,
08HB034,1,1973/08/11,4.02,
08HB034,1,1973/08/12,3.85,
08HB034,1,1973/08/13,3.68,
08HB034,1,1973/08/14,3.57,
08HB034,1,1973/08/15,3.48,
08HB034,1,1973/08/16,3.45,
08HB034,1,1973/08/17,3.34,
08HB034,1,1973/08/18,3.31,
08HB034,1,1973/08/19,3.28,
08HB034,1,1973/08/20,3.20,
08HB034,1,1973/08/21,3.11,
08HB034,1,1973/08/22,2.97,
08HB034,1,1973/08/23,2.77,
08HB034,1,1973/08/24,2.78,
08HB034,1,1973/08/25,2.92,
08HB034,1,1973/08/26,3.03,
08HB034,1,1973/08/27,3.00,
08HB034,1,1973/08/28,2.94,
08HB034,1,1973/08/29,2.82,
08HB034,1,1973/08/30,2.80,
08HB034,1,1973/08/31,2.74,
08HB034,1,1973/09/01,2.64,
08HB034,1,1973/09/02,2.50,
08HB034,1,1973/09/03,2.35,
08HB034,1,1973/09/04,2.22,
08HB034,1,1973/09/05,2.08,
08HB034,1,1973/09/06,1.91,
08HB034,1,1973/09/07,1.80,
08HB034,1,1973/09/08,1.67,
08HB034,1,1973/09/09,1.57,
08HB034,1,1973/09/10,1.48,
08HB034,1,1973/09/11,1.44,
08HB034,1,1973/09/12,1.46,
08HB034,1,1973/09/13,1.26,
08HB034,1,1973/09/14,1.22,
08HB034,1,1973/09/15,1.36,
08HB034,1,1973/09/16,1.87,
08HB034,1,1973/09/17,2.62,
08HB034,1,1973/09/18,3.23,
08HB034,1,1973/09/19,3.79,
08HB034,1,1973/09/20,4.47,
08HB034,1,1973/09/21,5.38,
08HB034,1,1973/09/22,5.75,
08HB034,1,1973/09/23,5.95,
08HB034,1,1973/09/24,5.83,
08HB034,1,1973/09/25,5.64,
08HB034,1,1973/09/26,5.38,
08HB034,1,1973/09/27,5.30,
08HB034,1,1973/09/28,5.27,
08HB034,1,1973/09/29,5.18,
08HB034,1,1973/09/30,5.07,
08HB034,1,1973/10/01,5.07,
08HB034,1,1973/10/02,5.04,
08HB034,1,1973/10/03,4.93,
08HB034,1,1973/10/04,4.87,
08HB034,1,1973/10/05,4.87,
08HB034,1,1973/10/06,4.73,
08HB034,1,1973/10/07,4.56,
08HB034,1,1973/10/08,4.64,
08HB034,1,1973/10/09,4.87,
08HB034,1,1973/10/10,4.81,
08HB034,1,1973/10/11,4.87,
08HB034,1,1973/10/12,5.13,
08HB034,1,1973/10/13,21.4,
08HB034,1,1973/10/14,20.2,
08HB034,1,1973/10/15,17.4,
08HB034,1,1973/10/16,14.4,
08HB034,1,1973/10/17,12.3,
08HB034,1,1973/10/18,11.6,
08HB034,1,1973/10/19,15.0,
08HB034,1,1973/10/20,31.4,
08HB034,1,1973/10/21,46.7,
08HB034,1,1973/10/22,38.8,
08HB034,1,1973/10/23,28.6,
08HB034,1,1973/10/24,36.8,
08HB034,1,1973/10/25,53.0,
08HB034,1,1973/10/26,40.8,
08HB034,1,1973/10/27,33.4,
08HB034,1,1973/10/28,77.0,
08HB034,1,1973/10/29,69.9,
08HB034,1,1973/10/30,51.3,
08HB034,1,1973/10/31,37.4,
08HB034,1,1973/11/01,29.4,
08HB034,1,1973/11/02,23.0,
08HB034,1,1973/11/03,18.5,
08HB034,1,1973/11/04,15.9,
08HB034,1,1973/11/05,13.7,
08HB034,1,1973/11/06,12.1,
08HB034,1,1973/11/07,11.5,
08HB034,1,1973/11/08,10.4,
08HB034,1,1973/11/09,11.3,
08HB034,1,1973/11/10,58.9,
08HB034,1,1973/11/11,172,E
08HB034,1,1973/11/12,136,E
08HB034,1,1973/11/13,106,E
08HB034,1,1973/11/14,85.5,E
08HB034,1,1973/11/15,76.5,E
08HB034,1,1973/11/16,68.5,E
08HB034,1,1973/11/17,56.4,
08HB034,1,1973/11/18,45.3,
08HB034,1,1973/11/19,36.8,
08HB034,1,1973/11/20,36.2,
08HB034,1,1973/11/21,34.3,
08HB034,1,1973/11/22,29.7,
08HB034,1,1973/11/23,26.5,
08HB034,1,1973/11/24,23.7,
08HB034,1,1973/11/25,23.3,
08HB034,1,1973/11/26,22.3,
08HB034,1,1973/11/27,32.8,
08HB034,1,1973/11/28,149,
08HB034,1,1973/11/29,119,
08HB034,1,1973/11/30,83.5,
08HB034,1,1973/12/01,64.3,
08HB034,1,1973/12/02,56.6,
08HB034,1,1973/12/03,78.2,
08HB034,1,1973/12/04,76.7,
08HB034,1,1973/12/05,61.2,
08HB034,1,1973/12/06,106,
08HB034,1,1973/12/07,204,
08HB034,1,1973/12/08,143,
08HB034,1,1973/12/09,86.4,
08HB034,1,1973/12/10,69.1,
08HB034,1,1973/12/11,216,
08HB034,1,1973/12/12,257,
08HB034,1,1973/12/13,202,
08HB034,1,1973/12/14,151,
08HB034,1,1973/12/15,265,
08HB034,1,1973/12/16,453,
08HB034,1,1973/12/17,204,
08HB034,1,1973/12/18,108,
08HB034,1,1973/12/19,70.5,
08HB034,1,1973/12/20,157,
08HB034,1,1973/12/21,243,
08HB034,1,1973/12/22,154,
08HB034,1,1973/12/23,99.1,
08HB034,1,1973/12/24,79.9,
08HB034,1,1973/12/25,74.2,
08HB034,1,1973/12/26,60.0,
08HB034,1,1973/12/27,49.3,
08HB034,1,1973/12/28,40.5,
08HB034,1,1973/12/29,34.0,
08HB034,1,1973/12/30,29.2,
08HB034,1,1973/12/31,25.6,
08HB034,1,1974/01/01,21.9,
08HB034,1,1974/01/02,19.6,
08HB034,1,1974/01/03,16.7,
08HB034,1,1974/01/04,15.0,
08HB034,1,1974/01/05,13.3,
08HB034,1,1974/01/06,12.0,
08HB034,1,1974/01/07,10.9,
08HB034,1,1974/01/08,10.5,
08HB034,1,1974/01/09,9.54,
08HB034,1,1974/01/10,9.74,
08HB034,1,1974/01/11,9.54,
08HB034,1,1974/01/12,9.63,
08HB034,1,1974/01/13,21.0,
08HB034,1,1974/01/14,289,
08HB034,1,1974/01/15,784,
08HB034,1,1974/01/16,600,
08HB034,1,1974/01/17,314,
08HB034,1,1974/01/18,192,
08HB034,1,1974/01/19,184,
08HB034,1,1974/01/20,122,
08HB034,1,1974/01/21,84.7,
08HB034,1,1974/01/22,60.6,
08HB034,1,1974/01/23,52.7,
08HB034,1,1974/01/24,69.4,
08HB034,1,1974/01/25,96.0,
08HB034,1,1974/01/26,79.3,
08HB034,1,1974/01/27,60.0,
08HB034,1,1974/01/28,50.1,
08HB034,1,1974/01/29,57.2,
08HB034,1,1974/01/30,65.4,
08HB034,1,1974/01/31,56.9,
08HB034,1,1974/02/01,55.5,
08HB034,1,1974/02/02,57.8,
08HB034,1,1974/02/03,220,
08HB034,1,1974/02/04,260,
08HB034,1,1974/02/05,138,
08HB034,1,1974/02/06,81.0,
08HB034,1,1974/02/07,55.5,
08HB034,1,1974/02/08,42.5,
08HB034,1,1974/02/09,35.1,
08HB034,1,1974/02/10,30.0,
08HB034,1,1974/02/11,26.5,
08HB034,1,1974/02/12,25.5,
08HB034,1,1974/02/13,27.4,
08HB034,1,1974/02/14,64.3,
08HB034,1,1974/02/15,69.9,
08HB034,1,1974/02/16,87.5,
08HB034,1,1974/02/17,71.6,
08HB034,1,1974/02/18,58.6,
08HB034,1,1974/02/19,47.9,
08HB034,1,1974/02/20,38.8,
08HB034,1,1974/02/21,41.3,
08HB034,1,1974/02/22,40.2,
08HB034,1,1974/02/23,34.5,
08HB034,1,1974/02/24,31.7,
08HB034,1,1974/02/25,34.5,
08HB034,1,1974/02/26,33.7,
08HB034,1,1974/02/27,31.4,
08HB034,1,1974/02/28,33.1,
08HB034,1,1974/03/01,39.9,
08HB034,1,1974/03/02,36.5,
08HB034,1,1974/03/03,31.1,
08HB034,1,1974/03/04,27.0,
08HB034,1,1974/03/05,25.7,
08HB034,1,1974/03/06,23.6,
08HB034,1,1974/03/07,21.8,
08HB034,1,1974/03/08,20.0,
08HB034,1,1974/03/09,40.5,
08HB034,1,1974/03/10,238,
08HB034,1,1974/03/11,187,
08HB034,1,1974/03/12,116,
08HB034,1,1974/03/13,81.3,
08HB034,1,1974/03/14,58.9,
08HB034,1,1974/03/15,60.6,
08HB034,1,1974/03/16,215,
08HB034,1,1974/03/17,199,
08HB034,1,1974/03/18,123,
08HB034,1,1974/03/19,82.1,
08HB034,1,1974/03/20,60.6,
08HB034,1,1974/03/21,49.3,
08HB034,1,1974/03/22,42.8,
08HB034,1,1974/03/23,38.2,
08HB034,1,1974/03/24,35.7,
08HB034,1,1974/03/25,36.0,
08HB034,1,1974/03/26,142,
08HB034,1,1974/03/27,340,
08HB034,1,1974/03/28,254,
08HB034,1,1974/03/29,178,
08HB034,1,1974/03/30,141,
08HB034,1,1974/03/31,105,
08HB034,1,1974/04/01,85.5,
08HB034,1,1974/04/02,69.7,
08HB034,1,1974/04/03,56.9,
08HB034,1,1974/04/04,49.0,
08HB034,1,1974/04/05,58.9,
08HB034,1,1974/04/06,97.4,
08HB034,1,1974/04/07,94.3,
08HB034,1,1974/04/08,74.5,
08HB034,1,1974/04/09,59.7,
08HB034,1,1974/04/10,52.4,
08HB034,1,1974/04/11,62.6,
08HB034,1,1974/04/12,65.1,
08HB034,1,1974/04/13,53.0,
08HB034,1,1974/04/14,43.6,
08HB034,1,1974/04/15,39.9,
08HB034,1,1974/04/16,38.2,
08HB034,1,1974/04/17,36.8,
08HB034,1,1974/04/18,36.0,
08HB034,1,1974/04/19,35.7,
08HB034,1,1974/04/20,34.8,
08HB034,1,1974/04/21,34.3,
08HB034,1,1974/04/22,34.3,
08HB034,1,1974/04/23,37.4,
08HB034,1,1974/04/24,38.5,
08HB034,1,1974/04/25,42.2,
08HB034,1,1974/04/26,41.9,
08HB034,1,1974/04/27,38.5,
08HB034,1,1974/04/28,37.9,
08HB034,1,1974/04/29,41.1,
08HB034,1,1974/04/30,51.0,
08HB034,1,1974/05/01,54.7,
08HB034,1,1974/05/02,46.2,
08HB034,1,1974/05/03,37.9,
08HB034,1,1974/05/04,33.4,
08HB034,1,1974/05/05,36.8,
08HB034,1,1974/05/06,48.1,
08HB034,1,1974/05/07,55.8,
08HB034,1,1974/05/08,54.7,
08HB034,1,1974/05/09,46.2,
08HB034,1,1974/05/10,38.5,
08HB034,1,1974/05/11,33.7,
08HB034,1,1974/05/12,29.7,
08HB034,1,1974/05/13,26.6,
08HB034,1,1974/05/14,24.9,
08HB034,1,1974/05/15,23.5,
08HB034,1,1974/05/16,21.8,
08HB034,1,1974/05/17,20.2,
08HB034,1,1974/05/18,19.4,
08HB034,1,1974/05/19,22.1,
08HB034,1,1974/05/20,23.4,
08HB034,1,1974/05/21,24.4,
08HB034,1,1974/05/22,27.0,
08HB034,1,1974/05/23,44.5,
08HB034,1,1974/05/24,99.4,
08HB034,1,1974/05/25,129,
08HB034,1,1974/05/26,121,
08HB034,1,1974/05/27,82.7,
08HB034,1,1974/05/28,56.1,
08HB034,1,1974/05/29,44.7,
08HB034,1,1974/05/30,40.5,
08HB034,1,1974/05/31,36.8,
08HB034,1,1974/06/01,36.8,
08HB034,1,1974/06/02,43.3,
08HB034,1,1974/06/03,45.6,
08HB034,1,1974/06/04,72.8,
08HB034,1,1974/06/05,71.6,
08HB034,1,1974/06/06,55.8,
08HB034,1,1974/06/07,44.7,
08HB034,1,1974/06/08,39.1,
08HB034,1,1974/06/09,34.8,
08HB034,1,1974/06/10,35.4,
08HB034,1,1974/06/11,41.1,
08HB034,1,1974/06/12,46.2,
08HB034,1,1974/06/13,52.1,
08HB034,1,1974/06/14,58.6,
08HB034,1,1974/06/15,59.5,
08HB034,1,1974/06/16,53.5,
08HB034,1,1974/06/17,51.3,
08HB034,1,1974/06/18,49.0,
08HB034,1,1974/06/19,46.7,
08HB034,1,1974/06/20,43.0,
08HB034,1,1974/06/21,40.8,
08HB034,1,1974/06/22,36.8,
08HB034,1,1974/06/23,31.7,
08HB034,1,1974/06/24,27.2,
08HB034,1,1974/06/25,24.3,
08HB034,1,1974/06/26,23.0,
08HB034,1,1974/06/27,24.5,
08HB034,1,1974/06/28,30.9,
08HB034,1,1974/06/29,29.7,
08HB034,1,1974/06/30,29.4,
08HB034,1,1974/07/01,28.9,
08HB034,1,1974/07/02,25.3,
08HB034,1,1974/07/03,23.6,
08HB034,1,1974/07/04,26.0,
08HB034,1,1974/07/05,24.2,
08HB034,1,1974/07/06,21.6,
08HB034,1,1974/07/07,19.9,
08HB034,1,1974/07/08,18.8,
08HB034,1,1974/07/09,19.1,
08HB034,1,1974/07/10,21.3,
08HB034,1,1974/07/11,22.0,
08HB034,1,1974/07/12,21.7,
08HB034,1,1974/07/13,20.0,
08HB034,1,1974/07/14,18.3,
08HB034,1,1974/07/15,16.7,
08HB034,1,1974/07/16,15.9,
08HB034,1,1974/07/17,42.2,
08HB034,1,1974/07/18,53.8,
08HB034,1,1974/07/19,41.3,
08HB034,1,1974/07/20,30.3,
08HB034,1,1974/07/21,24.9,
08HB034,1,1974/07/22,22.5,
08HB034,1,1974/07/23,22.1,
08HB034,1,1974/07/24,20.0,
08HB034,1,1974/07/25,18.0,
08HB034,1,1974/07/26,16.2,
08HB034,1,1974/07/27,15.0,
08HB034,1,1974/07/28,14.3,
08HB034,1,1974/07/29,14.0,
08HB034,1,1974/07/30,13.6,
08HB034,1,1974/07/31,12.8,
08HB034,1,1974/08/01,12.3,
08HB034,1,1974/08/02,11.8,
08HB034,1,1974/08/03,11.4,
08HB034,1,1974/08/04,10.6,
08HB034,1,1974/08/05,9.80,
08HB034,1,1974/08/06,8.92,
08HB034,1,1974/08/07,7.99,
08HB034,1,1974/08/08,7.22,
08HB034,1,1974/08/09,6.65,
08HB034,1,1974/08/10,6.54,
08HB034,1,1974/08/11,6.46,
08HB034,1,1974/08/12,6.31,
08HB034,1,1974/08/13,6.26,
08HB034,1,1974/08/14,6.12,
08HB034,1,1974/08/15,6.03,
08HB034,1,1974/08/16,5.92,
08HB034,1,1974/08/17,5.86,
08HB034,1,1974/08/18,5.97,
08HB034,1,1974/08/19,6.03,
08HB034,1,1974/08/20,6.06,
08HB034,1,1974/08/21,5.95,
08HB034,1,1974/08/22,5.80,
08HB034,1,1974/08/23,5.89,
08HB034,1,1974/08/24,5.97,
08HB034,1,1974/08/25,5.95,
08HB034,1,1974/08/26,5.66,
08HB034,1,1974/08/27,5.47,
08HB034,1,1974/08/28,5.24,
08HB034,1,1974/08/29,5.18,
08HB034,1,1974/08/30,5.18,
08HB034,1,1974/08/31,5.30,
08HB034,1,1974/09/01,5.49,
08HB034,1,1974/09/02,5.52,
08HB034,1,1974/09/03,5.35,
08HB034,1,1974/09/04,5.30,
08HB034,1,1974/09/05,5.27,
08HB034,1,1974/09/06,5.32,
08HB034,1,1974/09/07,5.41,
08HB034,1,1974/09/08,5.49,
08HB034,1,1974/09/09,8.27,
08HB034,1,1974/09/10,9.80,
08HB034,1,1974/09/11,9.26,
08HB034,1,1974/09/12,7.82,
08HB034,1,1974/09/13,6.82,
08HB034,1,1974/09/14,6.26,
08HB034,1,1974/09/15,5.78,
08HB034,1,1974/09/16,5.41,
08HB034,1,1974/09/17,5.15,
08HB034,1,1974/09/18,4.90,
08HB034,1,1974/09/19,4.81,
08HB034,1,1974/09/20,4.73,
08HB034,1,1974/09/21,4.70,
08HB034,1,1974/09/22,4.76,
08HB034,1,1974/09/23,4.81,
08HB034,1,1974/09/24,4.84,
08HB034,1,1974/09/25,4.84,
08HB034,1,1974/09/26,4.93,
08HB034,1,1974/09/27,4.96,
08HB034,1,1974/09/28,5.04,
08HB034,1,1974/09/29,5.10,
08HB034,1,1974/09/30,5.18,
08HB034,1,1974/10/01,6.03,
08HB034,1,1974/10/02,11.1,
08HB034,1,1974/10/03,11.0,
08HB034,1,1974/10/04,9.57,
08HB034,1,1974/10/05,7.96,
08HB034,1,1974/10/06,6.57,
08HB034,1,1974/10/07,5.64,
08HB034,1,1974/10/08,4.90,
08HB034,1,1974/10/09,4.45,
08HB034,1,1974/10/10,4.53,
08HB034,1,1974/10/11,6.82,
08HB034,1,1974/10/12,7.67,
08HB034,1,1974/10/13,8.01,
08HB034,1,1974/10/14,7.87,
08HB034,1,1974/10/15,7.33,
08HB034,1,1974/10/16,6.88,
08HB034,1,1974/10/17,6.51,
08HB034,1,1974/10/18,6.34,
08HB034,1,1974/10/19,7.42,
08HB034,1,1974/10/20,9.03,
08HB034,1,1974/10/21,9.74,
08HB034,1,1974/10/22,10.1,
08HB034,1,1974/10/23,9.54,
08HB034,1,1974/10/24,7.84,
08HB034,1,1974/10/25,6.54,
08HB034,1,1974/10/26,5.75,
08HB034,1,1974/10/27,5.18,
08HB034,1,1974/10/28,5.35,
08HB034,1,1974/10/29,5.58,
08HB034,1,1974/10/30,5.58,
08HB034,1,1974/10/31,5.61,
08HB034,1,1974/11/01,5.55,
08HB034,1,1974/11/02,5.44,
08HB034,1,1974/11/03,5.38,
08HB034,1,1974/11/04,5.27,
08HB034,1,1974/11/05,5.44,
08HB034,1,1974/11/06,18.6,
08HB034,1,1974/11/07,29.4,
08HB034,1,1974/11/08,25.8,
08HB034,1,1974/11/09,37.1,
08HB034,1,1974/11/10,37.1,
08HB034,1,1974/11/11,40.2,
08HB034,1,1974/11/12,156,
08HB034,1,1974/11/13,119,
08HB034,1,1974/11/14,70.2,
08HB034,1,1974/11/15,47.6,
08HB034,1,1974/11/16,36.8,
08HB034,1,1974/11/17,31.4,
08HB034,1,1974/11/18,39.1,
08HB034,1,1974/11/19,41.9,
08HB034,1,1974/11/20,57.5,
08HB034,1,1974/11/21,90.0,
08HB034,1,1974/11/22,71.4,
08HB034,1,1974/11/23,55.5,
08HB034,1,1974/11/24,272,
08HB034,1,1974/11/25,357,
08HB034,1,1974/11/26,157,
08HB034,1,1974/11/27,87.5,
08HB034,1,1974/11/28,60.0,
08HB034,1,1974/11/29,47.0,
08HB034,1,1974/11/30,40.5,
08HB034,1,1974/12/01,36.8,
08HB034,1,1974/12/02,42.5,
08HB034,1,1974/12/03,66.3,
08HB034,1,1974/12/04,138,
08HB034,1,1974/12/05,138,
08HB034,1,1974/12/06,106,
08HB034,1,1974/12/07,91.5,
08HB034,1,1974/12/08,75.0,
08HB034,1,1974/12/09,75.0,
08HB034,1,1974/12/10,86.9,
08HB034,1,1974/12/11,103,
08HB034,1,1974/12/12,88.1,
08HB034,1,1974/12/13,74.5,
08HB034,1,1974/12/14,62.3,
08HB034,1,1974/12/15,52.4,
08HB034,1,1974/12/16,94.0,
08HB034,1,1974/12/17,163,
08HB034,1,1974/12/18,118,
08HB034,1,1974/12/19,92.6,
08HB034,1,1974/12/20,99.7,
08HB034,1,1974/12/21,234,
08HB034,1,1974/12/22,141,
08HB034,1,1974/12/23,83.0,
08HB034,1,1974/12/24,58.6,
08HB034,1,1974/12/25,54.7,
08HB034,1,1974/12/26,51.0,
08HB034,1,1974/12/27,46.7,
08HB034,1,1974/12/28,41.1,
08HB034,1,1974/12/29,41.9,
08HB034,1,1974/12/30,52.7,
08HB034,1,1974/12/31,43.3,
08HB034,1,1975/01/01,36.0,
08HB034,1,1975/01/02,30.6,
08HB034,1,1975/01/03,30.3,
08HB034,1,1975/01/04,30.0,
08HB034,1,1975/01/05,31.1,
08HB034,1,1975/01/06,34.5,
08HB034,1,1975/01/07,30.9,
08HB034,1,1975/01/08,28.6,
08HB034,1,1975/01/09,24.7,
08HB034,1,1975/01/10,21.3,
08HB034,1,1975/01/11,19.4,
08HB034,1,1975/01/12,19.1,
08HB034,1,1975/01/13,20.1,
08HB034,1,1975/01/14,20.1,
08HB034,1,1975/01/15,19.3,
08HB034,1,1975/01/16,18.7,
08HB034,1,1975/01/17,24.2,
08HB034,1,1975/01/18,51.8,
08HB034,1,1975/01/19,59.5,
08HB034,1,1975/01/20,62.0,
08HB034,1,1975/01/21,54.7,
08HB034,1,1975/01/22,44.7,
08HB034,1,1975/01/23,64.6,
08HB034,1,1975/01/24,85.0,
08HB034,1,1975/01/25,69.7,
08HB034,1,1975/01/26,51.8,
08HB034,1,1975/01/27,40.2,
08HB034,1,1975/01/28,33.1,
08HB034,1,1975/01/29,27.8,
08HB034,1,1975/01/30,25.2,
08HB034,1,1975/01/31,22.7,
08HB034,1,1975/02/01,20.4,
08HB034,1,1975/02/02,18.4,
08HB034,1,1975/02/03,16.9,
08HB034,1,1975/02/04,15.6,
08HB034,1,1975/02/05,14.3,
08HB034,1,1975/02/06,13.1,
08HB034,1,1975/02/07,12.9,
08HB034,1,1975/02/08,12.1,
08HB034,1,1975/02/09,11.8,
08HB034,1,1975/02/10,12.2,
08HB034,1,1975/02/11,12.4,
08HB034,1,1975/02/12,16.0,
08HB034,1,1975/02/13,27.6,
08HB034,1,1975/02/14,25.2,
08HB034,1,1975/02/15,22.6,
08HB034,1,1975/02/16,20.0,
08HB034,1,1975/02/17,17.6,
08HB034,1,1975/02/18,16.3,
08HB034,1,1975/02/19,17.2,
08HB034,1,1975/02/20,19.5,
08HB034,1,1975/02/21,18.8,
08HB034,1,1975/02/22,18.2,
08HB034,1,1975/02/23,22.4,
08HB034,1,1975/02/24,36.8,
08HB034,1,1975/02/25,38.5,
08HB034,1,1975/02/26,34.8,
08HB034,1,1975/02/27,35.7,
08HB034,1,1975/02/28,39.6,
08HB034,1,1975/03/01,89.8,
08HB034,1,1975/03/02,172,
08HB034,1,1975/03/03,162,
08HB034,1,1975/03/04,103,
08HB034,1,1975/03/05,68.2,
08HB034,1,1975/03/06,48.7,
08HB034,1,1975/03/07,38.2,
08HB034,1,1975/03/08,32.0,
08HB034,1,1975/03/09,29.2,
08HB034,1,1975/03/10,27.2,
08HB034,1,1975/03/11,25.4,
08HB034,1,1975/03/12,24.6,
08HB034,1,1975/03/13,25.0,
08HB034,1,1975/03/14,24.8,
08HB034,1,1975/03/15,27.4,
08HB034,1,1975/03/16,32.3,
08HB034,1,1975/03/17,35.1,
08HB034,1,1975/03/18,44.2,
08HB034,1,1975/03/19,47.9,
08HB034,1,1975/03/20,41.6,
08HB034,1,1975/03/21,36.8,
08HB034,1,1975/03/22,36.5,
08HB034,1,1975/03/23,34.0,
08HB034,1,1975/03/24,30.3,
08HB034,1,1975/03/25,27.1,
08HB034,1,1975/03/26,24.0,
08HB034,1,1975/03/27,21.4,
08HB034,1,1975/03/28,19.7,
08HB034,1,1975/03/29,18.9,
08HB034,1,1975/03/30,22.5,
08HB034,1,1975/03/31,24.0,
08HB034,1,1975/04/01,24.1,
08HB034,1,1975/04/02,24.4,
08HB034,1,1975/04/03,24.5,
08HB034,1,1975/04/04,24.1,
08HB034,1,1975/04/05,23.1,
08HB034,1,1975/04/06,21.9,
08HB034,1,1975/04/07,21.8,
08HB034,1,1975/04/08,21.9,
08HB034,1,1975/04/09,23.3,
08HB034,1,1975/04/10,26.6,
08HB034,1,1975/04/11,32.3,
08HB034,1,1975/04/12,42.2,
08HB034,1,1975/04/13,50.4,
08HB034,1,1975/04/14,47.9,
08HB034,1,1975/04/15,45.9,
08HB034,1,1975/04/16,49.0,
08HB034,1,1975/04/17,49.8,
08HB034,1,1975/04/18,48.7,
08HB034,1,1975/04/19,50.1,
08HB034,1,1975/04/20,46.2,
08HB034,1,1975/04/21,40.2,
08HB034,1,1975/04/22,36.0,
08HB034,1,1975/04/23,35.4,
08HB034,1,1975/04/24,35.7,
08HB034,1,1975/04/25,36.2,
08HB034,1,1975/04/26,34.5,
08HB034,1,1975/04/27,37.9,
08HB034,1,1975/04/28,38.8,
08HB034,1,1975/04/29,36.2,
08HB034,1,1975/04/30,34.5,
08HB034,1,1975/05/01,36.2,
08HB034,1,1975/05/02,44.7,
08HB034,1,1975/05/03,86.7,
08HB034,1,1975/05/04,88.9,
08HB034,1,1975/05/05,70.2,
08HB034,1,1975/05/06,58.6,
08HB034,1,1975/05/07,51.8,
08HB034,1,1975/05/08,49.0,
08HB034,1,1975/05/09,57.8,
08HB034,1,1975/05/10,85.2,
08HB034,1,1975/05/11,100,
08HB034,1,1975/05/12,83.8,
08HB034,1,1975/05/13,65.1,
08HB034,1,1975/05/14,63.4,
08HB034,1,1975/05/15,71.1,
08HB034,1,1975/05/16,64.3,
08HB034,1,1975/05/17,57.2,
08HB034,1,1975/05/18,57.8,
08HB034,1,1975/05/19,54.7,
08HB034,1,1975/05/20,44.2,
08HB034,1,1975/05/21,38.8,
08HB034,1,1975/05/22,37.7,
08HB034,1,1975/05/23,37.1,
08HB034,1,1975/05/24,32.3,
08HB034,1,1975/05/25,28.3,
08HB034,1,1975/05/26,27.0,
08HB034,1,1975/05/27,27.0,
08HB034,1,1975/05/28,30.3,
08HB034,1,1975/05/29,39.9,
08HB034,1,1975/05/30,47.3,
08HB034,1,1975/05/31,52.4,
08HB034,1,1975/06/01,54.4,
08HB034,1,1975/06/02,55.2,
08HB034,1,1975/06/03,46.4,
08HB034,1,1975/06/04,39.9,
08HB034,1,1975/06/05,41.9,
08HB034,1,1975/06/06,36.2,
08HB034,1,1975/06/07,29.2,
08HB034,1,1975/06/08,26.2,
08HB034,1,1975/06/09,24.9,
08HB034,1,1975/06/10,26.6,
08HB034,1,1975/06/11,29.7,
08HB034,1,1975/06/12,31.1,
08HB034,1,1975/06/13,32.3,
08HB034,1,1975/06/14,31.4,
08HB034,1,1975/06/15,28.6,
08HB034,1,1975/06/16,25.0,
08HB034,1,1975/06/17,21.7,
08HB034,1,1975/06/18,20.2,
08HB034,1,1975/06/19,20.5,
08HB034,1,1975/06/20,22.1,
08HB034,1,1975/06/21,22.1,
08HB034,1,1975/06/22,20.4,
08HB034,1,1975/06/23,18.7,
08HB034,1,1975/06/24,16.5,
08HB034,1,1975/06/25,15.6,
08HB034,1,1975/06/26,16.4,
08HB034,1,1975/06/27,16.1,
08HB034,1,1975/06/28,14.8,
08HB034,1,1975/06/29,13.6,
08HB034,1,1975/06/30,12.3,
08HB034,1,1975/07/01,11.8,
08HB034,1,1975/07/02,11.9,
08HB034,1,1975/07/03,12.5,
08HB034,1,1975/07/04,13.0,
08HB034,1,1975/07/05,13.5,
08HB034,1,1975/07/06,13.6,
08HB034,1,1975/07/07,13.6,
08HB034,1,1975/07/08,13.5,
08HB034,1,1975/07/09,12.8,
08HB034,1,1975/07/10,12.1,
08HB034,1,1975/07/11,11.4,
08HB034,1,1975/07/12,10.4,
08HB034,1,1975/07/13,9.23,
08HB034,1,1975/07/14,8.27,
08HB034,1,1975/07/15,7.79,
08HB034,1,1975/07/16,6.88,
08HB034,1,1975/07/17,6.37,
08HB034,1,1975/07/18,6.00,
08HB034,1,1975/07/19,5.69,
08HB034,1,1975/07/20,5.38,
08HB034,1,1975/07/21,4.96,
08HB034,1,1975/07/22,4.67,
08HB034,1,1975/07/23,4.47,
08HB034,1,1975/07/24,4.33,
08HB034,1,1975/07/25,4.39,
08HB034,1,1975/07/26,4.11,
08HB034,1,1975/07/27,3.96,
08HB034,1,1975/07/28,3.91,
08HB034,1,1975/07/29,3.79,
08HB034,1,1975/07/30,3.45,
08HB034,1,1975/07/31,3.37,
08HB034,1,1975/08/01,3.31,
08HB034,1,1975/08/02,3.40,
08HB034,1,1975/08/03,3.51,
08HB034,1,1975/08/04,3.48,
08HB034,1,1975/08/05,3.48,
08HB034,1,1975/08/06,3.48,
08HB034,1,1975/08/07,3.60,
08HB034,1,1975/08/08,3.88,
08HB034,1,1975/08/09,3.94,
08HB034,1,1975/08/10,3.96,
08HB034,1,1975/08/11,3.94,
08HB034,1,1975/08/12,3.85,
08HB034,1,1975/08/13,3.74,
08HB034,1,1975/08/14,3.68,
08HB034,1,1975/08/15,3.62,
08HB034,1,1975/08/16,3.68,
08HB034,1,1975/08/17,3.96,
08HB034,1,1975/08/18,3.94,
08HB034,1,1975/08/19,3.91,
08HB034,1,1975/08/20,3.85,
08HB034,1,1975/08/21,3.82,
08HB034,1,1975/08/22,4.02,
08HB034,1,1975/08/23,8.86,
08HB034,1,1975/08/24,7.87,
08HB034,1,1975/08/25,6.48,
08HB034,1,1975/08/26,6.77,
08HB034,1,1975/08/27,10.7,
08HB034,1,1975/08/28,12.6,
08HB034,1,1975/08/29,32.8,
08HB034,1,1975/08/30,49.8,
08HB034,1,1975/08/31,43.9,
08HB034,1,1975/09/01,30.6,
08HB034,1,1975/09/02,21.9,
08HB034,1,1975/09/03,16.6,
08HB034,1,1975/09/04,13.5,
08HB034,1,1975/09/05,11.2,
08HB034,1,1975/09/06,9.51,
08HB034,1,1975/09/07,8.38,
08HB034,1,1975/09/08,7.25,
08HB034,1,1975/09/09,6.46,
08HB034,1,1975/09/10,5.89,
08HB034,1,1975/09/11,5.10,
08HB034,1,1975/09/12,4.67,
08HB034,1,1975/09/13,4.39,
08HB034,1,1975/09/14,4.19,
08HB034,1,1975/09/15,4.16,
08HB034,1,1975/09/16,4.22,
08HB034,1,1975/09/17,4.19,
08HB034,1,1975/09/18,4.16,
08HB034,1,1975/09/19,4.08,
08HB034,1,1975/09/20,3.99,
08HB034,1,1975/09/21,3.96,
08HB034,1,1975/09/22,3.88,
08HB034,1,1975/09/23,3.79,
08HB034,1,1975/09/24,3.82,
08HB034,1,1975/09/25,3.77,
08HB034,1,1975/09/26,3.71,
08HB034,1,1975/09/27,3.74,
08HB034,1,1975/09/28,3.77,
08HB034,1,1975/09/29,3.79,
08HB034,1,1975/09/30,3.85,
08HB034,1,1975/10/01,3.88,
08HB034,1,1975/10/02,4.47,
08HB034,1,1975/10/03,12.7,
08HB034,1,1975/10/04,28.6,
08HB034,1,1975/10/05,56.4,
08HB034,1,1975/10/06,70.2,
08HB034,1,1975/10/07,51.3,
08HB034,1,1975/10/08,38.5,
08HB034,1,1975/10/09,66.3,
08HB034,1,1975/10/10,116,
08HB034,1,1975/10/11,84.4,
08HB034,1,1975/10/12,54.4,
08HB034,1,1975/10/13,39.4,
08HB034,1,1975/10/14,32.3,
08HB034,1,1975/10/15,55.5,
08HB034,1,1975/10/16,83.3,
08HB034,1,1975/10/17,277,
08HB034,1,1975/10/18,189,
08HB034,1,1975/10/19,241,
08HB034,1,1975/10/20,173,
08HB034,1,1975/10/21,98.8,
08HB034,1,1975/10/22,65.7,
08HB034,1,1975/10/23,52.1,
08HB034,1,1975/10/24,45.9,
08HB034,1,1975/10/25,60.0,
08HB034,1,1975/10/26,79.0,
08HB034,1,1975/10/27,98.3,
08HB034,1,1975/10/28,87.8,
08HB034,1,1975/10/29,150,
08HB034,1,1975/10/30,216,
08HB034,1,1975/10/31,145,
08HB034,1,1975/11/01,238,
08HB034,1,1975/11/02,192,
08HB034,1,1975/11/03,340,
08HB034,1,1975/11/04,385,
08HB034,1,1975/11/05,261,
08HB034,1,1975/11/06,213,
08HB034,1,1975/11/07,214,
08HB034,1,1975/11/08,160,
08HB034,1,1975/11/09,113,
08HB034,1,1975/11/10,82.7,
08HB034,1,1975/11/11,65.4,
08HB034,1,1975/11/12,108,
08HB034,1,1975/11/13,343,
08HB034,1,1975/11/14,402,
08HB034,1,1975/11/15,394,
08HB034,1,1975/11/16,221,
08HB034,1,1975/11/17,125,
08HB034,1,1975/11/18,85.5,
08HB034,1,1975/11/19,67.4,
08HB034,1,1975/11/20,56.6,
08HB034,1,1975/11/21,50.1,
08HB034,1,1975/11/22,47.9,
08HB034,1,1975/11/23,55.2,
08HB034,1,1975/11/24,80.7,
08HB034,1,1975/11/25,84.1,
08HB034,1,1975/11/26,85.2,
08HB034,1,1975/11/27,76.7,
08HB034,1,1975/11/28,62.6,
08HB034,1,1975/11/29,51.0,
08HB034,1,1975/11/30,44.5,
08HB034,1,1975/12/01,42.2,
08HB034,1,1975/12/02,135,
08HB034,1,1975/12/03,323,
08HB034,1,1975/12/04,320,
08HB034,1,1975/12/05,154,
08HB034,1,1975/12/06,93.2,
08HB034,1,1975/12/07,68.0,
08HB034,1,1975/12/08,60.0,
08HB034,1,1975/12/09,64.3,
08HB034,1,1975/12/10,64.0,
08HB034,1,1975/12/11,56.4,
08HB034,1,1975/12/12,49.3,
08HB034,1,1975/12/13,43.0,
08HB034,1,1975/12/14,35.7,
08HB034,1,1975/12/15,31.7,
08HB034,1,1975/12/16,28.6,
08HB034,1,1975/12/17,26.3,
08HB034,1,1975/12/18,24.5,
08HB034,1,1975/12/19,23.2,
08HB034,1,1975/12/20,22.5,
08HB034,1,1975/12/21,21.8,
08HB034,1,1975/12/22,21.8,
08HB034,1,1975/12/23,24.9,
08HB034,1,1975/12/24,66.0,
08HB034,1,1975/12/25,90.0,
08HB034,1,1975/12/26,266,
08HB034,1,1975/12/27,231,
08HB034,1,1975/12/28,122,
08HB034,1,1975/12/29,133,
08HB034,1,1975/12/30,144,
08HB034,1,1975/12/31,98.8,
08HB034,1,1976/01/01,71.6,
08HB034,1,1976/01/02,57.8,
08HB034,1,1976/01/03,55.5,E
08HB034,1,1976/01/04,54.1,E
08HB034,1,1976/01/05,53.2,E
08HB034,1,1976/01/06,52.7,E
08HB034,1,1976/01/07,52.4,E
08HB034,1,1976/01/08,52.1,E
08HB034,1,1976/01/09,51.8,A
08HB034,1,1976/01/10,53.0,
08HB034,1,1976/01/11,55.8,
08HB034,1,1976/01/12,52.1,
08HB034,1,1976/01/13,45.6,
08HB034,1,1976/01/14,45.9,
08HB034,1,1976/01/15,67.4,
08HB034,1,1976/01/16,106,
08HB034,1,1976/01/17,110,
08HB034,1,1976/01/18,94.0,
08HB034,1,1976/01/19,68.2,A
08HB034,1,1976/01/20,62.0,E
08HB034,1,1976/01/21,57.2,E
08HB034,1,1976/01/22,53.2,E
08HB034,1,1976/01/23,51.0,A
08HB034,1,1976/01/24,48.7,
08HB034,1,1976/01/25,43.3,
08HB034,1,1976/01/26,42.2,
08HB034,1,1976/01/27,133,
08HB034,1,1976/01/28,126,
08HB034,1,1976/01/29,121,
08HB034,1,1976/01/30,105,
08HB034,1,1976/01/31,78.2,
08HB034,1,1976/02/01,60.3,
08HB034,1,1976/02/02,51.0,
08HB034,1,1976/02/03,44.5,
08HB034,1,1976/02/04,38.8,
08HB034,1,1976/02/05,34.8,
08HB034,1,1976/02/06,31.7,
08HB034,1,1976/02/07,29.4,
08HB034,1,1976/02/08,29.2,
08HB034,1,1976/02/09,28.6,
08HB034,1,1976/02/10,27.0,
08HB034,1,1976/02/11,34.3,
08HB034,1,1976/02/12,64.3,
08HB034,1,1976/02/13,63.4,
08HB034,1,1976/02/14,64.8,
08HB034,1,1976/02/15,56.1,
08HB034,1,1976/02/16,51.0,
08HB034,1,1976/02/17,49.8,
08HB034,1,1976/02/18,53.2,
08HB034,1,1976/02/19,47.9,
08HB034,1,1976/02/20,40.5,
08HB034,1,1976/02/21,32.8,
08HB034,1,1976/02/22,30.3,
08HB034,1,1976/02/23,57.5,
08HB034,1,1976/02/24,60.0,
08HB034,1,1976/02/25,50.7,
08HB034,1,1976/02/26,42.2,
08HB034,1,1976/02/27,36.8,
08HB034,1,1976/02/28,32.6,
08HB034,1,1976/02/29,29.7,
08HB034,1,1976/03/01,26.7,
08HB034,1,1976/03/02,23.8,
08HB034,1,1976/03/03,21.2,
08HB034,1,1976/03/04,19.3,
08HB034,1,1976/03/05,17.5,
08HB034,1,1976/03/06,16.5,
08HB034,1,1976/03/07,15.6,
08HB034,1,1976/03/08,15.2,
08HB034,1,1976/03/09,15.1,
08HB034,1,1976/03/10,19.5,
08HB034,1,1976/03/11,28.3,
08HB034,1,1976/03/12,30.0,
08HB034,1,1976/03/13,29.2,
08HB034,1,1976/03/14,26.8,
08HB034,1,1976/03/15,24.4,
08HB034,1,1976/03/16,23.0,
08HB034,1,1976/03/17,30.0,
08HB034,1,1976/03/18,64.0,
08HB034,1,1976/03/19,76.2,
08HB034,1,1976/03/20,62.6,
08HB034,1,1976/03/21,51.8,
08HB034,1,1976/03/22,58.3,
08HB034,1,1976/03/23,56.4,
08HB034,1,1976/03/24,61.2,
08HB034,1,1976/03/25,58.0,
08HB034,1,1976/03/26,53.8,
08HB034,1,1976/03/27,46.4,
08HB034,1,1976/03/28,39.9,
08HB034,1,1976/03/29,34.8,
08HB034,1,1976/03/30,37.1,
08HB034,1,1976/03/31,50.7,
08HB034,1,1976/04/01,47.0,
08HB034,1,1976/04/02,39.1,
08HB034,1,1976/04/03,33.1,
08HB034,1,1976/04/04,30.9,
08HB034,1,1976/04/05,31.1,
08HB034,1,1976/04/06,42.2,
08HB034,1,1976/04/07,50.1,
08HB034,1,1976/04/08,55.5,
08HB034,1,1976/04/09,60.6,
08HB034,1,1976/04/10,58.3,
08HB034,1,1976/04/11,67.1,
08HB034,1,1976/04/12,72.5,
08HB034,1,1976/04/13,61.4,
08HB034,1,1976/04/14,51.0,
08HB034,1,1976/04/15,43.6,
08HB034,1,1976/04/16,36.2,
08HB034,1,1976/04/17,32.8,
08HB034,1,1976/04/18,30.6,
08HB034,1,1976/04/19,28.6,
08HB034,1,1976/04/20,25.9,
08HB034,1,1976/04/21,23.6,
08HB034,1,1976/04/22,21.0,
08HB034,1,1976/04/23,21.4,A
08HB034,1,1976/04/24,25.9,
08HB034,1,1976/04/25,27.4,
08HB034,1,1976/04/26,26.6,
08HB034,1,1976/04/27,27.3,
08HB034,1,1976/04/28,30.6,
08HB034,1,1976/04/29,38.5,
08HB034,1,1976/04/30,56.1,
08HB034,1,1976/05/01,74.2,
08HB034,1,1976/05/02,91.5,
08HB034,1,1976/05/03,79.0,
08HB034,1,1976/05/04,65.4,
08HB034,1,1976/05/05,57.2,
08HB034,1,1976/05/06,49.8,
08HB034,1,1976/05/07,47.9,
08HB034,1,1976/05/08,58.9,
08HB034,1,1976/05/09,70.5,
08HB034,1,1976/05/10,78.7,
08HB034,1,1976/05/11,74.5,
08HB034,1,1976/05/12,58.6,
08HB034,1,1976/05/13,47.6,
08HB034,1,1976/05/14,42.5,
08HB034,1,1976/05/15,37.7,
08HB034,1,1976/05/16,37.4,
08HB034,1,1976/05/17,39.6,
08HB034,1,1976/05/18,37.1,
08HB034,1,1976/05/19,32.8,
08HB034,1,1976/05/20,28.6,
08HB034,1,1976/05/21,26.2,
08HB034,1,1976/05/22,25.4,
08HB034,1,1976/05/23,24.2,
08HB034,1,1976/05/24,25.3,
08HB034,1,1976/05/25,29.7,
08HB034,1,1976/05/26,45.9,
08HB034,1,1976/05/27,72.5,
08HB034,1,1976/05/28,62.3,
08HB034,1,1976/05/29,51.0,
08HB034,1,1976/05/30,49.3,
08HB034,1,1976/05/31,45.9,
08HB034,1,1976/06/01,39.6,
08HB034,1,1976/06/02,33.7,
08HB034,1,1976/06/03,29.2,
08HB034,1,1976/06/04,26.8,
08HB034,1,1976/06/05,25.7,
08HB034,1,1976/06/06,25.5,
08HB034,1,1976/06/07,26.9,
08HB034,1,1976/06/08,31.7,
08HB034,1,1976/06/09,35.4,
08HB034,1,1976/06/10,34.3,
08HB034,1,1976/06/11,32.6,
08HB034,1,1976/06/12,32.3,
08HB034,1,1976/06/13,29.7,
08HB034,1,1976/06/14,27.1,
08HB034,1,1976/06/15,27.3,
08HB034,1,1976/06/16,35.1,
08HB034,1,1976/06/17,38.5,
08HB034,1,1976/06/18,39.1,
08HB034,1,1976/06/19,41.1,
08HB034,1,1976/06/20,38.5,
08HB034,1,1976/06/21,32.0,
08HB034,1,1976/06/22,27.4,
08HB034,1,1976/06/23,25.0,
08HB034,1,1976/06/24,23.2,
08HB034,1,1976/06/25,21.4,
08HB034,1,1976/06/26,19.8,
08HB034,1,1976/06/27,18.3,
08HB034,1,1976/06/28,17.3,
08HB034,1,1976/06/29,17.7,
08HB034,1,1976/06/30,19.3,
08HB034,1,1976/07/01,20.7,
08HB034,1,1976/07/02,20.4,
08HB034,1,1976/07/03,19.5,
08HB034,1,1976/07/04,18.3,
08HB034,1,1976/07/05,19.5,
08HB034,1,1976/07/06,21.8,
08HB034,1,1976/07/07,22.6,
08HB034,1,1976/07/08,22.6,
08HB034,1,1976/07/09,27.6,
08HB034,1,1976/07/10,36.0,
08HB034,1,1976/07/11,32.3,
08HB034,1,1976/07/12,25.9,
08HB034,1,1976/07/13,21.8,
08HB034,1,1976/07/14,18.8,
08HB034,1,1976/07/15,16.7,
08HB034,1,1976/07/16,15.3,
08HB034,1,1976/07/17,14.9,
08HB034,1,1976/07/18,14.8,
08HB034,1,1976/07/19,13.8,
08HB034,1,1976/07/20,12.7,
08HB034,1,1976/07/21,12.3,
08HB034,1,1976/07/22,11.6,
08HB034,1,1976/07/23,11.1,
08HB034,1,1976/07/24,10.6,
08HB034,1,1976/07/25,10.3,
08HB034,1,1976/07/26,10.1,
08HB034,1,1976/07/27,9.80,
08HB034,1,1976/07/28,9.20,
08HB034,1,1976/07/29,8.64,
08HB034,1,1976/07/30,8.38,
08HB034,1,1976/07/31,8.13,
08HB034,1,1976/08/01,7.67,
08HB034,1,1976/08/02,7.22,
08HB034,1,1976/08/03,6.82,
08HB034,1,1976/08/04,6.54,
08HB034,1,1976/08/05,6.63,
08HB034,1,1976/08/06,6.63,
08HB034,1,1976/08/07,6.57,
08HB034,1,1976/08/08,6.63,
08HB034,1,1976/08/09,6.77,
08HB034,1,1976/08/10,6.48,
08HB034,1,1976/08/11,6.14,
08HB034,1,1976/08/12,5.64,
08HB034,1,1976/08/13,5.49,
08HB034,1,1976/08/14,6.57,
08HB034,1,1976/08/15,8.58,
08HB034,1,1976/08/16,8.44,
08HB034,1,1976/08/17,11.0,
08HB034,1,1976/08/18,10.6,
08HB034,1,1976/08/19,9.43,
08HB034,1,1976/08/20,9.15,
08HB034,1,1976/08/21,8.78,
08HB034,1,1976/08/22,7.99,
08HB034,1,1976/08/23,7.16,
08HB034,1,1976/08/24,6.77,
08HB034,1,1976/08/25,7.22,
08HB034,1,1976/08/26,7.56,
08HB034,1,1976/08/27,8.13,
08HB034,1,1976/08/28,11.5,
08HB034,1,1976/08/29,13.5,
08HB034,1,1976/08/30,13.5,
08HB034,1,1976/08/31,12.0,
08HB034,1,1976/09/01,10.0,
08HB034,1,1976/09/02,8.41,
08HB034,1,1976/09/03,6.99,
08HB034,1,1976/09/04,6.00,
08HB034,1,1976/09/05,8.89,
08HB034,1,1976/09/06,10.8,
08HB034,1,1976/09/07,11.8,
08HB034,1,1976/09/08,12.0,
08HB034,1,1976/09/09,10.8,
08HB034,1,1976/09/10,9.29,
08HB034,1,1976/09/11,7.84,
08HB034,1,1976/09/12,6.51,
08HB034,1,1976/09/13,5.58,
08HB034,1,1976/09/14,6.12,
08HB034,1,1976/09/15,7.45,
08HB034,1,1976/09/16,8.27,
08HB034,1,1976/09/17,8.61,
08HB034,1,1976/09/18,8.61,
08HB034,1,1976/09/19,8.30,
08HB034,1,1976/09/20,7.96,
08HB034,1,1976/09/21,7.62,
08HB034,1,1976/09/22,7.28,
08HB034,1,1976/09/23,6.71,
08HB034,1,1976/09/24,6.17,
08HB034,1,1976/09/25,5.66,
08HB034,1,1976/09/26,5.27,
08HB034,1,1976/09/27,4.93,
08HB034,1,1976/09/28,4.79,
08HB034,1,1976/09/29,4.96,
08HB034,1,1976/09/30,5.27,
08HB034,1,1976/10/01,6.00,
08HB034,1,1976/10/02,7.05,
08HB034,1,1976/10/03,7.93,
08HB034,1,1976/10/04,8.55,
08HB034,1,1976/10/05,8.98,
08HB034,1,1976/10/06,9.43,
08HB034,1,1976/10/07,9.29,
08HB034,1,1976/10/08,8.81,
08HB034,1,1976/10/09,8.55,
08HB034,1,1976/10/10,9.06,
08HB034,1,1976/10/11,9.68,
08HB034,1,1976/10/12,9.83,
08HB034,1,1976/10/13,9.51,
08HB034,1,1976/10/14,9.03,
08HB034,1,1976/10/15,8.72,
08HB034,1,1976/10/16,9.03,
08HB034,1,1976/10/17,8.81,
08HB034,1,1976/10/18,9.94,
08HB034,1,1976/10/19,14.9,
08HB034,1,1976/10/20,14.6,
08HB034,1,1976/10/21,14.5,
08HB034,1,1976/10/22,15.6,
08HB034,1,1976/10/23,14.8,
08HB034,1,1976/10/24,15.7,
08HB034,1,1976/10/25,21.8,
08HB034,1,1976/10/26,23.2,
08HB034,1,1976/10/27,24.6,
08HB034,1,1976/10/28,29.2,
08HB034,1,1976/10/29,30.3,
08HB034,1,1976/10/30,27.7,
08HB034,1,1976/10/31,54.7,
08HB034,1,1976/11/01,68.8,
08HB034,1,1976/11/02,50.4,
08HB034,1,1976/11/03,36.8,
08HB034,1,1976/11/04,29.7,
08HB034,1,1976/11/05,25.0,
08HB034,1,1976/11/06,20.9,
08HB034,1,1976/11/07,17.7,
08HB034,1,1976/11/08,15.6,
08HB034,1,1976/11/09,14.2,
08HB034,1,1976/11/10,13.2,
08HB034,1,1976/11/11,12.7,
08HB034,1,1976/11/12,11.8,
08HB034,1,1976/11/13,10.4,
08HB034,1,1976/11/14,10.3,
08HB034,1,1976/11/15,13.6,
08HB034,1,1976/11/16,21.3,
08HB034,1,1976/11/17,62.3,
08HB034,1,1976/11/18,75.3,
08HB034,1,1976/11/19,55.5,
08HB034,1,1976/11/20,42.2,
08HB034,1,1976/11/21,35.4,
08HB034,1,1976/11/22,31.4,
08HB034,1,1976/11/23,28.6,
08HB034,1,1976/11/24,27.6,
08HB034,1,1976/11/25,33.7,
08HB034,1,1976/11/26,32.3,
08HB034,1,1976/11/27,28.9,
08HB034,1,1976/11/28,25.7,
08HB034,1,1976/11/29,23.1,
08HB034,1,1976/11/30,21.9,A
08HB034,1,1976/12/01,18.6,A
08HB034,1,1976/12/02,15.9,
08HB034,1,1976/12/03,14.5,A
08HB034,1,1976/12/04,13.0,E
08HB034,1,1976/12/05,11.6,E
08HB034,1,1976/12/06,10.6,E
08HB034,1,1976/12/07,10.1,E
08HB034,1,1976/12/08,24.8,E
08HB034,1,1976/12/09,35.4,A
08HB034,1,1976/12/10,33.7,
08HB034,1,1976/12/11,33.4,
08HB034,1,1976/12/12,33.7,
08HB034,1,1976/12/13,32.6,
08HB034,1,1976/12/14,31.1,
08HB034,1,1976/12/15,53.0,
08HB034,1,1976/12/16,63.7,
08HB034,1,1976/12/17,67.1,
08HB034,1,1976/12/18,58.0,
08HB034,1,1976/12/19,43.0,
08HB034,1,1976/12/20,34.5,
08HB034,1,1976/12/21,31.7,
08HB034,1,1976/12/22,29.7,
08HB034,1,1976/12/23,27.1,
08HB034,1,1976/12/24,25.4,
08HB034,1,1976/12/25,24.2,
08HB034,1,1976/12/26,119,
08HB034,1,1976/12/27,149,
08HB034,1,1976/12/28,85.2,
08HB034,1,1976/12/29,53.8,
08HB034,1,1976/12/30,39.6,
08HB034,1,1976/12/31,31.7,
08HB034,1,1977/01/01,27.0,
08HB034,1,1977/01/02,23.7,
08HB034,1,1977/01/03,21.4,
08HB034,1,1977/01/04,20.7,E
08HB034,1,1977/01/05,18.4,E
08HB034,1,1977/01/06,17.1,E
08HB034,1,1977/01/07,15.9,E
08HB034,1,1977/01/08,14.7,E
08HB034,1,1977/01/09,13.6,E
08HB034,1,1977/01/10,13.0,E
08HB034,1,1977/01/11,12.5,E
08HB034,1,1977/01/12,11.9,E
08HB034,1,1977/01/13,11.3,E
08HB034,1,1977/01/14,10.9,E
08HB034,1,1977/01/15,10.6,
08HB034,1,1977/01/16,12.5,
08HB034,1,1977/01/17,43.0,
08HB034,1,1977/01/18,139,
08HB034,1,1977/01/19,107,
08HB034,1,1977/01/20,67.1,
08HB034,1,1977/01/21,46.4,
08HB034,1,1977/01/22,35.4,
08HB034,1,1977/01/23,28.9,
08HB034,1,1977/01/24,24.2,
08HB034,1,1977/01/25,21.0,
08HB034,1,1977/01/26,18.7,
08HB034,1,1977/01/27,17.0,
08HB034,1,1977/01/28,15.2,
08HB034,1,1977/01/29,13.9,
08HB034,1,1977/01/30,12.8,
08HB034,1,1977/01/31,13.3,
08HB034,1,1977/02/01,13.4,
08HB034,1,1977/02/02,13.1,
08HB034,1,1977/02/03,12.6,
08HB034,1,1977/02/04,12.8,
08HB034,1,1977/02/05,14.0,
08HB034,1,1977/02/06,14.8,
08HB034,1,1977/02/07,15.5,
08HB034,1,1977/02/08,15.5,
08HB034,1,1977/02/09,16.8,
08HB034,1,1977/02/10,98.5,
08HB034,1,1977/02/11,128,
08HB034,1,1977/02/12,206,
08HB034,1,1977/02/13,142,
08HB034,1,1977/02/14,81.3,
08HB034,1,1977/02/15,53.5,
08HB034,1,1977/02/16,43.0,
08HB034,1,1977/02/17,37.9,
08HB034,1,1977/02/18,38.8,
08HB034,1,1977/02/19,36.2,
08HB034,1,1977/02/20,36.8,
08HB034,1,1977/02/21,76.5,
08HB034,1,1977/02/22,104,
08HB034,1,1977/02/23,86.9,
08HB034,1,1977/02/24,59.2,
08HB034,1,1977/02/25,45.0,
08HB034,1,1977/02/26,37.1,
08HB034,1,1977/02/27,34.8,
08HB034,1,1977/02/28,34.0,
08HB034,1,1977/03/01,34.0,
08HB034,1,1977/03/02,33.7,
08HB034,1,1977/03/03,33.4,
08HB034,1,1977/03/04,30.9,
08HB034,1,1977/03/05,29.4,
08HB034,1,1977/03/06,35.4,
08HB034,1,1977/03/07,74.8,
08HB034,1,1977/03/08,127,
08HB034,1,1977/03/09,126,
08HB034,1,1977/03/10,94.6,
08HB034,1,1977/03/11,65.7,
08HB034,1,1977/03/12,53.0,
08HB034,1,1977/03/13,42.2,
08HB034,1,1977/03/14,35.1,
08HB034,1,1977/03/15,30.9,
08HB034,1,1977/03/16,27.1,
08HB034,1,1977/03/17,23.9,
08HB034,1,1977/03/18,21.6,
08HB034,1,1977/03/19,20.2,
08HB034,1,1977/03/20,18.9,
08HB034,1,1977/03/21,18.8,
08HB034,1,1977/03/22,26.2,
08HB034,1,1977/03/23,47.0,
08HB034,1,1977/03/24,52.7,
08HB034,1,1977/03/25,43.0,
08HB034,1,1977/03/26,35.1,
08HB034,1,1977/03/27,33.4,
08HB034,1,1977/03/28,30.6,
08HB034,1,1977/03/29,27.2,
08HB034,1,1977/03/30,24.6,
08HB034,1,1977/03/31,22.5,
08HB034,1,1977/04/01,21.3,E
08HB034,1,1977/04/02,20.0,E
08HB034,1,1977/04/03,21.8,E
08HB034,1,1977/04/04,27.6,E
08HB034,1,1977/04/05,33.4,E
08HB034,1,1977/04/06,37.9,E
08HB034,1,1977/04/07,49.6,
08HB034,1,1977/04/08,69.9,
08HB034,1,1977/04/09,70.2,
08HB034,1,1977/04/10,61.7,
08HB034,1,1977/04/11,51.3,
08HB034,1,1977/04/12,39.9,
08HB034,1,1977/04/13,34.8,
08HB034,1,1977/04/14,30.9,
08HB034,1,1977/04/15,30.0,
08HB034,1,1977/04/16,28.6,
08HB034,1,1977/04/17,26.9,
08HB034,1,1977/04/18,25.0,
08HB034,1,1977/04/19,22.9,
08HB034,1,1977/04/20,21.1,
08HB034,1,1977/04/21,19.6,
08HB034,1,1977/04/22,28.3,
08HB034,1,1977/04/23,48.1,
08HB034,1,1977/04/24,58.3,
08HB034,1,1977/04/25,63.1,
08HB034,1,1977/04/26,61.4,
08HB034,1,1977/04/27,54.9,
08HB034,1,1977/04/28,44.2,
08HB034,1,1977/04/29,36.0,
08HB034,1,1977/04/30,32.8,
08HB034,1,1977/05/01,30.9,
08HB034,1,1977/05/02,30.9,
08HB034,1,1977/05/03,39.9,
08HB034,1,1977/05/04,42.8,
08HB034,1,1977/05/05,35.7,
08HB034,1,1977/05/06,29.4,
08HB034,1,1977/05/07,25.0,
08HB034,1,1977/05/08,22.6,
08HB034,1,1977/05/09,21.7,
08HB034,1,1977/05/10,21.7,
08HB034,1,1977/05/11,20.5,
08HB034,1,1977/05/12,18.5,
08HB034,1,1977/05/13,17.2,
08HB034,1,1977/05/14,16.5,
08HB034,1,1977/05/15,15.7,
08HB034,1,1977/05/16,14.8,
08HB034,1,1977/05/17,14.5,
08HB034,1,1977/05/18,14.7,
08HB034,1,1977/05/19,14.4,
08HB034,1,1977/05/20,14.2,
08HB034,1,1977/05/21,16.3,
08HB034,1,1977/05/22,17.5,
08HB034,1,1977/05/23,17.4,
08HB034,1,1977/05/24,15.7,
08HB034,1,1977/05/25,14.0,
08HB034,1,1977/05/26,14.3,
08HB034,1,1977/05/27,15.8,
08HB034,1,1977/05/28,18.0,
08HB034,1,1977/05/29,18.1,
08HB034,1,1977/05/30,17.6,
08HB034,1,1977/05/31,18.1,
08HB034,1,1977/06/01,20.4,
08HB034,1,1977/06/02,21.0,
08HB034,1,1977/06/03,19.8,
08HB034,1,1977/06/04,19.7,
08HB034,1,1977/06/05,23.8,
08HB034,1,1977/06/06,24.4,
08HB034,1,1977/06/07,23.4,
08HB034,1,1977/06/08,21.0,
08HB034,1,1977/06/09,18.1,
08HB034,1,1977/06/10,15.8,
08HB034,1,1977/06/11,13.9,
08HB034,1,1977/06/12,13.0,
08HB034,1,1977/06/13,12.2,
08HB034,1,1977/06/14,11.5,
08HB034,1,1977/06/15,11.0,
08HB034,1,1977/06/16,10.5,
08HB034,1,1977/06/17,10.0,
08HB034,1,1977/06/18,9.51,
08HB034,1,1977/06/19,9.03,
08HB034,1,1977/06/20,8.41,
08HB034,1,1977/06/21,7.84,
08HB034,1,1977/06/22,7.62,
08HB034,1,1977/06/23,7.25,
08HB034,1,1977/06/24,7.08,
08HB034,1,1977/06/25,7.33,
08HB034,1,1977/06/26,6.97,
08HB034,1,1977/06/27,6.51,
08HB034,1,1977/06/28,6.06,
08HB034,1,1977/06/29,5.44,
08HB034,1,1977/06/30,4.84,
08HB034,1,1977/07/01,4.53,
08HB034,1,1977/07/02,4.30,
08HB034,1,1977/07/03,4.39,
08HB034,1,1977/07/04,4.53,
08HB034,1,1977/07/05,4.76,
08HB034,1,1977/07/06,4.76,
08HB034,1,1977/07/07,4.76,
08HB034,1,1977/07/08,4.79,
08HB034,1,1977/07/09,4.67,
08HB034,1,1977/07/10,4.56,
08HB034,1,1977/07/11,4.81,
08HB034,1,1977/07/12,4.70,
08HB034,1,1977/07/13,4.50,
08HB034,1,1977/07/14,4.45,
08HB034,1,1977/07/15,4.16,
08HB034,1,1977/07/16,3.99,
08HB034,1,1977/07/17,4.25,
08HB034,1,1977/07/18,4.33,
08HB034,1,1977/07/19,5.89,
08HB034,1,1977/07/20,5.95,
08HB034,1,1977/07/21,5.80,
08HB034,1,1977/07/22,5.41,
08HB034,1,1977/07/23,5.01,
08HB034,1,1977/07/24,4.56,
08HB034,1,1977/07/25,4.11,
08HB034,1,1977/07/26,3.82,
08HB034,1,1977/07/27,3.00,
08HB034,1,1977/07/28,3.43,
08HB034,1,1977/07/29,4.47,
08HB034,1,1977/07/30,5.66,
08HB034,1,1977/07/31,6.46,
08HB034,1,1977/08/01,6.91,
08HB034,1,1977/08/02,6.74,
08HB034,1,1977/08/03,6.54,
08HB034,1,1977/08/04,6.20,
08HB034,1,1977/08/05,5.80,
08HB034,1,1977/08/06,5.55,
08HB034,1,1977/08/07,5.35,
08HB034,1,1977/08/08,5.24,
08HB034,1,1977/08/09,5.13,
08HB034,1,1977/08/10,5.10,
08HB034,1,1977/08/11,5.01,
08HB034,1,1977/08/12,4.96,
08HB034,1,1977/08/13,4.90,
08HB034,1,1977/08/14,4.87,
08HB034,1,1977/08/15,4.90,
08HB034,1,1977/08/16,4.93,
08HB034,1,1977/08/17,4.84,
08HB034,1,1977/08/18,4.81,
08HB034,1,1977/08/19,5.24,
08HB034,1,1977/08/20,5.55,
08HB034,1,1977/08/21,5.52,
08HB034,1,1977/08/22,5.61,
08HB034,1,1977/08/23,5.83,
08HB034,1,1977/08/24,6.03,
08HB034,1,1977/08/25,7.31,
08HB034,1,1977/08/26,7.65,
08HB034,1,1977/08/27,7.22,
08HB034,1,1977/08/28,6.94,
08HB034,1,1977/08/29,6.68,
08HB034,1,1977/08/30,6.46,
08HB034,1,1977/08/31,6.09,
08HB034,1,1977/09/01,5.78,
08HB034,1,1977/09/02,5.64,
08HB034,1,1977/09/03,5.86,
08HB034,1,1977/09/04,7.93,
08HB034,1,1977/09/05,9.74,
08HB034,1,1977/09/06,8.72,
08HB034,1,1977/09/07,8.38,
08HB034,1,1977/09/08,7.84,
08HB034,1,1977/09/09,7.19,
08HB034,1,1977/09/10,6.71,
08HB034,1,1977/09/11,6.20,
08HB034,1,1977/09/12,5.78,
08HB034,1,1977/09/13,5.55,
08HB034,1,1977/09/14,5.47,
08HB034,1,1977/09/15,5.61,
08HB034,1,1977/09/16,6.26,
08HB034,1,1977/09/17,6.20,
08HB034,1,1977/09/18,6.14,
08HB034,1,1977/09/19,7.33,
08HB034,1,1977/09/20,13.6,
08HB034,1,1977/09/21,19.4,
08HB034,1,1977/09/22,19.0,
08HB034,1,1977/09/23,15.9,
08HB034,1,1977/09/24,14.1,
08HB034,1,1977/09/25,12.5,
08HB034,1,1977/09/26,10.9,
08HB034,1,1977/09/27,10.2,
08HB034,1,1977/09/28,9.32,
08HB034,1,1977/09/29,8.61,
08HB034,1,1977/09/30,7.84,
08HB034,1,1977/10/01,7.31,
08HB034,1,1977/10/02,7.05,
08HB034,1,1977/10/03,6.91,
08HB034,1,1977/10/04,6.65,
08HB034,1,1977/10/05,6.60,
08HB034,1,1977/10/06,6.57,
08HB034,1,1977/10/07,6.65,
08HB034,1,1977/10/08,6.68,
08HB034,1,1977/10/09,7.05,
08HB034,1,1977/10/10,7.22,
08HB034,1,1977/10/11,7.25,
08HB034,1,1977/10/12,7.28,
08HB034,1,1977/10/13,7.25,
08HB034,1,1977/10/14,7.33,
08HB034,1,1977/10/15,7.53,
08HB034,1,1977/10/16,7.84,
08HB034,1,1977/10/17,7.82,
08HB034,1,1977/10/18,7.82,
08HB034,1,1977/10/19,7.84,
08HB034,1,1977/10/20,7.67,
08HB034,1,1977/10/21,7.79,
08HB034,1,1977/10/22,8.75,
08HB034,1,1977/10/23,41.1,
08HB034,1,1977/10/24,72.5,
08HB034,1,1977/10/25,112,
08HB034,1,1977/10/26,114,
08HB034,1,1977/10/27,75.0,
08HB034,1,1977/10/28,76.7,
08HB034,1,1977/10/29,139,
08HB034,1,1977/10/30,118,
08HB034,1,1977/10/31,82.7,
08HB034,1,1977/11/01,160,
08HB034,1,1977/11/02,245,
08HB034,1,1977/11/03,119,
08HB034,1,1977/11/04,66.8,
08HB034,1,1977/11/05,46.4,
08HB034,1,1977/11/06,36.2,
08HB034,1,1977/11/07,39.6,
08HB034,1,1977/11/08,36.2,
08HB034,1,1977/11/09,35.4,
08HB034,1,1977/11/10,88.9,
08HB034,1,1977/11/11,106,
08HB034,1,1977/11/12,100,
08HB034,1,1977/11/13,142,
08HB034,1,1977/11/14,214,
08HB034,1,1977/11/15,145,
08HB034,1,1977/11/16,98.0,
08HB034,1,1977/11/17,68.5,
08HB034,1,1977/11/18,51.0,
08HB034,1,1977/11/19,39.4,
08HB034,1,1977/11/20,31.7,
08HB034,1,1977/11/21,26.1,
08HB034,1,1977/11/22,23.1,
08HB034,1,1977/11/23,23.0,
08HB034,1,1977/11/24,23.3,
08HB034,1,1977/11/25,34.3,
08HB034,1,1977/11/26,93.2,
08HB034,1,1977/11/27,89.2,
08HB034,1,1977/11/28,83.3,
08HB034,1,1977/11/29,124,
08HB034,1,1977/11/30,100,
08HB034,1,1977/12/01,77.0,
08HB034,1,1977/12/02,83.8,
08HB034,1,1977/12/03,110,
08HB034,1,1977/12/04,95.4,
08HB034,1,1977/12/05,68.2,
08HB034,1,1977/12/06,56.9,
08HB034,1,1977/12/07,57.2,
08HB034,1,1977/12/08,50.4,
08HB034,1,1977/12/09,43.9,
08HB034,1,1977/12/10,74.5,
08HB034,1,1977/12/11,294,
08HB034,1,1977/12/12,257,
08HB034,1,1977/12/13,195,
08HB034,1,1977/12/14,235,
08HB034,1,1977/12/15,184,
08HB034,1,1977/12/16,135,
08HB034,1,1977/12/17,98.3,
08HB034,1,1977/12/18,73.9,
08HB034,1,1977/12/19,59.7,
08HB034,1,1977/12/20,47.3,
08HB034,1,1977/12/21,36.5,
08HB034,1,1977/12/22,30.9,
08HB034,1,1977/12/23,27.1,
08HB034,1,1977/12/24,24.0,
08HB034,1,1977/12/25,21.8,
08HB034,1,1977/12/26,19.9,
08HB034,1,1977/12/27,18.3,
08HB034,1,1977/12/28,17.2,
08HB034,1,1977/12/29,17.9,
08HB034,1,1977/12/30,17.4,
08HB034,1,1977/12/31,16.3,
08HB034,1,1978/01/01,14.8,
08HB034,1,1978/01/02,14.1,
08HB034,1,1978/01/03,14.4,
08HB034,1,1978/01/04,15.2,
08HB034,1,1978/01/05,36.0,
08HB034,1,1978/01/06,53.5,
08HB034,1,1978/01/07,46.7,
08HB034,1,1978/01/08,67.1,
08HB034,1,1978/01/09,80.4,
08HB034,1,1978/01/10,85.5,
08HB034,1,1978/01/11,75.3,
08HB034,1,1978/01/12,62.9,
08HB034,1,1978/01/13,53.5,
08HB034,1,1978/01/14,54.9,
08HB034,1,1978/01/15,62.3,
08HB034,1,1978/01/16,59.5,
08HB034,1,1978/01/17,55.8,
08HB034,1,1978/01/18,50.7,
08HB034,1,1978/01/19,47.3,
08HB034,1,1978/01/20,44.7,
08HB034,1,1978/01/21,72.2,
08HB034,1,1978/01/22,83.8,
08HB034,1,1978/01/23,63.7,
08HB034,1,1978/01/24,48.4,
08HB034,1,1978/01/25,38.5,
08HB034,1,1978/01/26,33.4,
08HB034,1,1978/01/27,30.0,
08HB034,1,1978/01/28,27.5,
08HB034,1,1978/01/29,25.2,
08HB034,1,1978/01/30,22.5,
08HB034,1,1978/01/31,21.0,
08HB034,1,1978/02/01,19.9,
08HB034,1,1978/02/02,19.1,
08HB034,1,1978/02/03,23.6,
08HB034,1,1978/02/04,36.0,
08HB034,1,1978/02/05,49.0,
08HB034,1,1978/02/06,85.2,
08HB034,1,1978/02/07,121,
08HB034,1,1978/02/08,153,
08HB034,1,1978/02/09,118,
08HB034,1,1978/02/10,83.3,
08HB034,1,1978/02/11,59.7,
08HB034,1,1978/02/12,45.3,
08HB034,1,1978/02/13,36.2,
08HB034,1,1978/02/14,31.1,
08HB034,1,1978/02/15,28.2,
08HB034,1,1978/02/16,25.0,
08HB034,1,1978/02/17,22.3,
08HB034,1,1978/02/18,21.2,
08HB034,1,1978/02/19,21.4,
08HB034,1,1978/02/20,23.6,
08HB034,1,1978/02/21,27.6,
08HB034,1,1978/02/22,32.8,
08HB034,1,1978/02/23,36.5,
08HB034,1,1978/02/24,35.1,
08HB034,1,1978/02/25,30.9,
08HB034,1,1978/02/26,26.5,
08HB034,1,1978/02/27,22.8,
08HB034,1,1978/02/28,20.3,
08HB034,1,1978/03/01,18.3,
08HB034,1,1978/03/02,16.6,
08HB034,1,1978/03/03,15.3,
08HB034,1,1978/03/04,14.3,
08HB034,1,1978/03/05,13.3,
08HB034,1,1978/03/06,12.9,
08HB034,1,1978/03/07,70.8,
08HB034,1,1978/03/08,143,
08HB034,1,1978/03/09,110,
08HB034,1,1978/03/10,70.8,
08HB034,1,1978/03/11,49.8,
08HB034,1,1978/03/12,37.9,
08HB034,1,1978/03/13,32.6,
08HB034,1,1978/03/14,28.1,
08HB034,1,1978/03/15,25.1,
08HB034,1,1978/03/16,22.5,
08HB034,1,1978/03/17,21.6,
08HB034,1,1978/03/18,21.1,
08HB034,1,1978/03/19,20.6,
08HB034,1,1978/03/20,19.7,
08HB034,1,1978/03/21,19.1,
08HB034,1,1978/03/22,18.9,
08HB034,1,1978/03/23,21.2,
08HB034,1,1978/03/24,32.0,
08HB034,1,1978/03/25,99.1,
08HB034,1,1978/03/26,99.7,
08HB034,1,1978/03/27,99.1,
08HB034,1,1978/03/28,94.3,
08HB034,1,1978/03/29,71.6,
08HB034,1,1978/03/30,55.8,
08HB034,1,1978/03/31,44.7,
08HB034,1,1978/04/01,36.5,
08HB034,1,1978/04/02,31.4,
08HB034,1,1978/04/03,27.4,
08HB034,1,1978/04/04,25.1,
08HB034,1,1978/04/05,24.6,
08HB034,1,1978/04/06,25.4,
08HB034,1,1978/04/07,24.3,
08HB034,1,1978/04/08,22.6,
08HB034,1,1978/04/09,20.7,
08HB034,1,1978/04/10,19.3,
08HB034,1,1978/04/11,18.7,
08HB034,1,1978/04/12,17.4,
08HB034,1,1978/04/13,16.6,
08HB034,1,1978/04/14,17.0,
08HB034,1,1978/04/15,18.4,
08HB034,1,1978/04/16,23.4,
08HB034,1,1978/04/17,25.7,
08HB034,1,1978/04/18,26.9,
08HB034,1,1978/04/19,28.9,
08HB034,1,1978/04/20,32.6,
08HB034,1,1978/04/21,33.7,
08HB034,1,1978/04/22,32.6,
08HB034,1,1978/04/23,30.3,
08HB034,1,1978/04/24,26.8,
08HB034,1,1978/04/25,23.9,
08HB034,1,1978/04/26,22.1,
08HB034,1,1978/04/27,24.0,
08HB034,1,1978/04/28,23.9,
08HB034,1,1978/04/29,22.3,
08HB034,1,1978/04/30,20.2,
08HB034,1,1978/05/01,18.2,
08HB034,1,1978/05/02,16.6,
08HB034,1,1978/05/03,15.7,
08HB034,1,1978/05/04,14.7,
08HB034,1,1978/05/05,13.6,
08HB034,1,1978/05/06,12.6,
08HB034,1,1978/05/07,11.8,
08HB034,1,1978/05/08,11.5,
08HB034,1,1978/05/09,12.2,
08HB034,1,1978/05/10,12.9,
08HB034,1,1978/05/11,13.1,
08HB034,1,1978/05/12,13.3,
08HB034,1,1978/05/13,19.6,
08HB034,1,1978/05/14,34.5,
08HB034,1,1978/05/15,43.0,
08HB034,1,1978/05/16,39.6,
08HB034,1,1978/05/17,32.8,
08HB034,1,1978/05/18,27.2,
08HB034,1,1978/05/19,23.3,
08HB034,1,1978/05/20,22.6,A
08HB034,1,1978/05/21,19.3,E
08HB034,1,1978/05/22,17.3,E
08HB034,1,1978/05/23,15.6,E
08HB034,1,1978/05/24,13.3,E
08HB034,1,1978/05/25,13.5,E
08HB034,1,1978/05/26,13.6,E
08HB034,1,1978/05/27,15.3,E
08HB034,1,1978/05/28,19.8,E
08HB034,1,1978/05/29,25.5,E
08HB034,1,1978/05/30,22.7,E
08HB034,1,1978/05/31,20.7,E
08HB034,1,1978/06/01,19.5,E
08HB034,1,1978/06/02,19.7,E
08HB034,1,1978/06/03,19.8,E
08HB034,1,1978/06/04,17.6,E
08HB034,1,1978/06/05,15.3,E
08HB034,1,1978/06/06,12.2,A
08HB034,1,1978/06/07,11.4,
08HB034,1,1978/06/08,10.5,
08HB034,1,1978/06/09,9.85,
08HB034,1,1978/06/10,9.63,
08HB034,1,1978/06/11,9.46,
08HB034,1,1978/06/12,10.0,
08HB034,1,1978/06/13,10.2,
08HB034,1,1978/06/14,10.2,
08HB034,1,1978/06/15,9.63,
08HB034,1,1978/06/16,9.06,
08HB034,1,1978/06/17,8.41,
08HB034,1,1978/06/18,7.84,
08HB034,1,1978/06/19,7.28,
08HB034,1,1978/06/20,6.94,
08HB034,1,1978/06/21,6.57,
08HB034,1,1978/06/22,6.37,
08HB034,1,1978/06/23,6.06,
08HB034,1,1978/06/24,5.75,
08HB034,1,1978/06/25,5.52,
08HB034,1,1978/06/26,5.15,
08HB034,1,1978/06/27,4.87,
08HB034,1,1978/06/28,4.76,
08HB034,1,1978/06/29,4.64,
08HB034,1,1978/06/30,4.62,
08HB034,1,1978/07/01,4.64,
08HB034,1,1978/07/02,4.56,
08HB034,1,1978/07/03,4.47,
08HB034,1,1978/07/04,4.33,
08HB034,1,1978/07/05,4.22,
08HB034,1,1978/07/06,4.13,
08HB034,1,1978/07/07,4.05,
08HB034,1,1978/07/08,3.99,
08HB034,1,1978/07/09,4.22,
08HB034,1,1978/07/10,4.36,
08HB034,1,1978/07/11,4.39,
08HB034,1,1978/07/12,4.56,
08HB034,1,1978/07/13,4.67,
08HB034,1,1978/07/14,4.62,
08HB034,1,1978/07/15,4.59,
08HB034,1,1978/07/16,5.13,
08HB034,1,1978/07/17,5.01,
08HB034,1,1978/07/18,4.79,
08HB034,1,1978/07/19,4.62,
08HB034,1,1978/07/20,4.50,
08HB034,1,1978/07/21,4.36,
08HB034,1,1978/07/22,4.30,
08HB034,1,1978/07/23,4.28,
08HB034,1,1978/07/24,4.25,
08HB034,1,1978/07/25,4.25,
08HB034,1,1978/07/26,4.36,
08HB034,1,1978/07/27,4.70,
08HB034,1,1978/07/28,4.67,
08HB034,1,1978/07/29,4.62,
08HB034,1,1978/07/30,4.64,
08HB034,1,1978/07/31,4.62,
08HB034,1,1978/08/01,4.56,
08HB034,1,1978/08/02,4.59,
08HB034,1,1978/08/03,4.56,
08HB034,1,1978/08/04,4.53,
08HB034,1,1978/08/05,4.62,
08HB034,1,1978/08/06,4.64,
08HB034,1,1978/08/07,4.59,
08HB034,1,1978/08/08,4.47,
08HB034,1,1978/08/09,4.39,
08HB034,1,1978/08/10,4.42,
08HB034,1,1978/08/11,4.42,
08HB034,1,1978/08/12,4.87,
08HB034,1,1978/08/13,5.38,
08HB034,1,1978/08/14,5.83,
08HB034,1,1978/08/15,5.86,
08HB034,1,1978/08/16,6.06,
08HB034,1,1978/08/17,5.72,
08HB034,1,1978/08/18,5.30,
08HB034,1,1978/08/19,4.96,
08HB034,1,1978/08/20,4.84,
08HB034,1,1978/08/21,4.84,
08HB034,1,1978/08/22,4.81,
08HB034,1,1978/08/23,4.79,
08HB034,1,1978/08/24,5.58,
08HB034,1,1978/08/25,9.17,
08HB034,1,1978/08/26,26.8,
08HB034,1,1978/08/27,35.1,
08HB034,1,1978/08/28,25.2,
08HB034,1,1978/08/29,17.1,
08HB034,1,1978/08/30,12.8,
08HB034,1,1978/08/31,10.4,
08HB034,1,1978/09/01,9.46,
08HB034,1,1978/09/02,12.2,
08HB034,1,1978/09/03,16.7,
08HB034,1,1978/09/04,17.0,
08HB034,1,1978/09/05,16.0,
08HB034,1,1978/09/06,14.2,
08HB034,1,1978/09/07,12.2,
08HB034,1,1978/09/08,10.6,
08HB034,1,1978/09/09,18.8,
08HB034,1,1978/09/10,33.4,
08HB034,1,1978/09/11,36.2,
08HB034,1,1978/09/12,37.1,
08HB034,1,1978/09/13,30.3,
08HB034,1,1978/09/14,23.7,
08HB034,1,1978/09/15,18.6,
08HB034,1,1978/09/16,15.2,
08HB034,1,1978/09/17,13.5,
08HB034,1,1978/09/18,12.1,
08HB034,1,1978/09/19,10.8,
08HB034,1,1978/09/20,9.88,
08HB034,1,1978/09/21,9.54,
08HB034,1,1978/09/22,15.2,
08HB034,1,1978/09/23,29.7,
08HB034,1,1978/09/24,28.9,
08HB034,1,1978/09/25,23.3,
08HB034,1,1978/09/26,18.3,
08HB034,1,1978/09/27,15.3,
08HB034,1,1978/09/28,14.1,
08HB034,1,1978/09/29,15.0,
08HB034,1,1978/09/30,16.9,
08HB034,1,1978/10/01,17.7,
08HB034,1,1978/10/02,16.2,
08HB034,1,1978/10/03,14.4,
08HB034,1,1978/10/04,12.6,
08HB034,1,1978/10/05,11.1,
08HB034,1,1978/10/06,9.83,
08HB034,1,1978/10/07,8.83,
08HB034,1,1978/10/08,8.27,
08HB034,1,1978/10/09,7.93,
08HB034,1,1978/10/10,7.76,
08HB034,1,1978/10/11,9.40,
08HB034,1,1978/10/12,9.37,
08HB034,1,1978/10/13,9.09,
08HB034,1,1978/10/14,8.44,
08HB034,1,1978/10/15,7.76,
08HB034,1,1978/10/16,7.16,
08HB034,1,1978/10/17,6.63,
08HB034,1,1978/10/18,7.48,
08HB034,1,1978/10/19,12.3,
08HB034,1,1978/10/20,16.6,
08HB034,1,1978/10/21,18.2,
08HB034,1,1978/10/22,18.6,
08HB034,1,1978/10/23,19.1,
08HB034,1,1978/10/24,28.0,
08HB034,1,1978/10/25,28.6,
08HB034,1,1978/10/26,23.6,
08HB034,1,1978/10/27,17.9,
08HB034,1,1978/10/28,14.9,
08HB034,1,1978/10/29,13.3,
08HB034,1,1978/10/30,12.1,
08HB034,1,1978/10/31,11.1,
08HB034,1,1978/11/01,10.1,
08HB034,1,1978/11/02,9.85,
08HB034,1,1978/11/03,11.9,
08HB034,1,1978/11/04,14.5,
08HB034,1,1978/11/05,14.7,
08HB034,1,1978/11/06,16.3,
08HB034,1,1978/11/07,71.9,
08HB034,1,1978/11/08,156,
08HB034,1,1978/11/09,89.8,
08HB034,1,1978/11/10,46.4,
08HB034,1,1978/11/11,30.9,
08HB034,1,1978/11/12,23.3,
08HB034,1,1978/11/13,18.4,
08HB034,1,1978/11/14,15.4,
08HB034,1,1978/11/15,13.6,
08HB034,1,1978/11/16,12.5,
08HB034,1,1978/11/17,11.7,
08HB034,1,1978/11/18,11.4,
08HB034,1,1978/11/19,10.6,
08HB034,1,1978/11/20,9.74,
08HB034,1,1978/11/21,8.92,
08HB034,1,1978/11/22,8.38,
08HB034,1,1978/11/23,8.16,
08HB034,1,1978/11/24,7.87,
08HB034,1,1978/11/25,8.01,
08HB034,1,1978/11/26,7.93,
08HB034,1,1978/11/27,8.07,
08HB034,1,1978/11/28,10.4,
08HB034,1,1978/11/29,11.2,
08HB034,1,1978/11/30,11.7,
08HB034,1,1978/12/01,13.2,
08HB034,1,1978/12/02,13.7,
08HB034,1,1978/12/03,14.2,
08HB034,1,1978/12/04,16.7,
08HB034,1,1978/12/05,16.9,
08HB034,1,1978/12/06,15.6,
08HB034,1,1978/12/07,14.2,
08HB034,1,1978/12/08,12.8,
08HB034,1,1978/12/09,12.1,
08HB034,1,1978/12/10,12.8,
08HB034,1,1978/12/11,34.3,
08HB034,1,1978/12/12,36.2,
08HB034,1,1978/12/13,31.4,
08HB034,1,1978/12/14,37.9,
08HB034,1,1978/12/15,41.1,
08HB034,1,1978/12/16,42.5,
08HB034,1,1978/12/17,43.0,
08HB034,1,1978/12/18,37.4,
08HB034,1,1978/12/19,30.0,
08HB034,1,1978/12/20,24.7,
08HB034,1,1978/12/21,21.7,
08HB034,1,1978/12/22,24.0,
08HB034,1,1978/12/23,26.6,
08HB034,1,1978/12/24,28.2,
08HB034,1,1978/12/25,27.8,
08HB034,1,1978/12/26,24.8,
08HB034,1,1978/12/27,21.5,
08HB034,1,1978/12/28,17.8,
08HB034,1,1978/12/29,15.0,B
08HB034,1,1978/12/30,13.7,B
08HB034,1,1978/12/31,12.5,B
08HB034,1,1979/01/01,12.2,B
08HB034,1,1979/01/02,11.8,B
08HB034,1,1979/01/03,11.3,B
08HB034,1,1979/01/04,10.9,B
08HB034,1,1979/01/05,10.6,B
08HB034,1,1979/01/06,10.3,B
08HB034,1,1979/01/07,9.91,B
08HB034,1,1979/01/08,9.49,B
08HB034,1,1979/01/09,9.20,B
08HB034,1,1979/01/10,9.08,
08HB034,1,1979/01/11,8.78,
08HB034,1,1979/01/12,8.42,
08HB034,1,1979/01/13,8.12,
08HB034,1,1979/01/14,7.83,
08HB034,1,1979/01/15,7.57,
08HB034,1,1979/01/16,7.25,
08HB034,1,1979/01/17,7.12,
08HB034,1,1979/01/18,6.99,
08HB034,1,1979/01/19,7.27,
08HB034,1,1979/01/20,11.7,
08HB034,1,1979/01/21,21.3,
08HB034,1,1979/01/22,22.3,
08HB034,1,1979/01/23,21.1,
08HB034,1,1979/01/24,19.3,
08HB034,1,1979/01/25,17.4,
08HB034,1,1979/01/26,15.8,
08HB034,1,1979/01/27,14.6,
08HB034,1,1979/01/28,13.3,
08HB034,1,1979/01/29,12.2,
08HB034,1,1979/01/30,11.2,
08HB034,1,1979/01/31,10.8,
08HB034,1,1979/02/01,10.2,
08HB034,1,1979/02/02,9.60,
08HB034,1,1979/02/03,9.46,
08HB034,1,1979/02/04,9.16,
08HB034,1,1979/02/05,15.0,
08HB034,1,1979/02/06,20.6,
08HB034,1,1979/02/07,32.0,
08HB034,1,1979/02/08,36.1,
08HB034,1,1979/02/09,132,
08HB034,1,1979/02/10,119,
08HB034,1,1979/02/11,85.3,
08HB034,1,1979/02/12,68.9,
08HB034,1,1979/02/13,172,
08HB034,1,1979/02/14,153,
08HB034,1,1979/02/15,91.3,
08HB034,1,1979/02/16,60.4,
08HB034,1,1979/02/17,49.9,
08HB034,1,1979/02/18,58.7,
08HB034,1,1979/02/19,54.7,
08HB034,1,1979/02/20,45.7,
08HB034,1,1979/02/21,37.2,
08HB034,1,1979/02/22,31.3,
08HB034,1,1979/02/23,27.4,
08HB034,1,1979/02/24,27.0,
08HB034,1,1979/02/25,172,
08HB034,1,1979/02/26,251,
08HB034,1,1979/02/27,148,
08HB034,1,1979/02/28,91.5,
08HB034,1,1979/03/01,62.8,
08HB034,1,1979/03/02,48.2,
08HB034,1,1979/03/03,38.6,
08HB034,1,1979/03/04,79.1,
08HB034,1,1979/03/05,215,
08HB034,1,1979/03/06,277,
08HB034,1,1979/03/07,249,
08HB034,1,1979/03/08,144,
08HB034,1,1979/03/09,89.0,
08HB034,1,1979/03/10,62.3,
08HB034,1,1979/03/11,52.3,
08HB034,1,1979/03/12,52.5,
08HB034,1,1979/03/13,50.7,
08HB034,1,1979/03/14,45.6,
08HB034,1,1979/03/15,50.2,
08HB034,1,1979/03/16,56.8,
08HB034,1,1979/03/17,50.9,
08HB034,1,1979/03/18,42.2,
08HB034,1,1979/03/19,35.9,
08HB034,1,1979/03/20,32.8,
08HB034,1,1979/03/21,31.5,
08HB034,1,1979/03/22,31.4,
08HB034,1,1979/03/23,32.1,
08HB034,1,1979/03/24,34.8,
08HB034,1,1979/03/25,36.4,
08HB034,1,1979/03/26,34.6,
08HB034,1,1979/03/27,30.8,
08HB034,1,1979/03/28,27.0,
08HB034,1,1979/03/29,24.0,
08HB034,1,1979/03/30,21.3,
08HB034,1,1979/03/31,19.2,
08HB034,1,1979/04/01,17.6,
08HB034,1,1979/04/02,16.6,
08HB034,1,1979/04/03,15.8,
08HB034,1,1979/04/04,15.4,
08HB034,1,1979/04/05,17.6,
08HB034,1,1979/04/06,21.0,
08HB034,1,1979/04/07,23.6,
08HB034,1,1979/04/08,24.8,
08HB034,1,1979/04/09,25.7,
08HB034,1,1979/04/10,25.3,
08HB034,1,1979/04/11,23.5,
08HB034,1,1979/04/12,24.7,
08HB034,1,1979/04/13,46.9,
08HB034,1,1979/04/14,56.9,
08HB034,1,1979/04/15,49.0,
08HB034,1,1979/04/16,38.8,
08HB034,1,1979/04/17,31.9,
08HB034,1,1979/04/18,27.9,
08HB034,1,1979/04/19,25.3,
08HB034,1,1979/04/20,23.0,
08HB034,1,1979/04/21,21.2,
08HB034,1,1979/04/22,20.2,
08HB034,1,1979/04/23,20.0,
08HB034,1,1979/04/24,21.3,
08HB034,1,1979/04/25,23.5,
08HB034,1,1979/04/26,27.8,
08HB034,1,1979/04/27,33.7,
08HB034,1,1979/04/28,42.5,
08HB034,1,1979/04/29,47.9,
08HB034,1,1979/04/30,48.8,
08HB034,1,1979/05/01,47.8,
08HB034,1,1979/05/02,44.5,
08HB034,1,1979/05/03,41.3,
08HB034,1,1979/05/04,45.0,
08HB034,1,1979/05/05,61.6,
08HB034,1,1979/05/06,64.0,
08HB034,1,1979/05/07,52.1,
08HB034,1,1979/05/08,41.8,
08HB034,1,1979/05/09,34.7,
08HB034,1,1979/05/10,30.0,
08HB034,1,1979/05/11,26.6,
08HB034,1,1979/05/12,23.9,
08HB034,1,1979/05/13,22.7,
08HB034,1,1979/05/14,22.9,
08HB034,1,1979/05/15,23.9,
08HB034,1,1979/05/16,24.9,
08HB034,1,1979/05/17,24.2,
08HB034,1,1979/05/18,22.3,
08HB034,1,1979/05/19,20.7,
08HB034,1,1979/05/20,19.5,
08HB034,1,1979/05/21,19.3,
08HB034,1,1979/05/22,20.0,
08HB034,1,1979/05/23,21.2,
08HB034,1,1979/05/24,21.5,
08HB034,1,1979/05/25,19.8,E
08HB034,1,1979/05/26,18.7,E
08HB034,1,1979/05/27,17.3,E
08HB034,1,1979/05/28,16.1,E
08HB034,1,1979/05/29,15.0,E
08HB034,1,1979/05/30,14.2,E
08HB034,1,1979/05/31,13.2,
08HB034,1,1979/06/01,13.8,
08HB034,1,1979/06/02,15.6,
08HB034,1,1979/06/03,17.3,
08HB034,1,1979/06/04,17.5,
08HB034,1,1979/06/05,17.5,
08HB034,1,1979/06/06,17.6,
08HB034,1,1979/06/07,15.5,
08HB034,1,1979/06/08,13.4,
08HB034,1,1979/06/09,12.3,
08HB034,1,1979/06/10,11.5,
08HB034,1,1979/06/11,10.8,
08HB034,1,1979/06/12,9.89,
08HB034,1,1979/06/13,9.63,E
08HB034,1,1979/06/14,9.20,E
08HB034,1,1979/06/15,8.92,E
08HB034,1,1979/06/16,8.35,E
08HB034,1,1979/06/17,8.07,E
08HB034,1,1979/06/18,7.70,E
08HB034,1,1979/06/19,7.42,E
08HB034,1,1979/06/20,7.08,E
08HB034,1,1979/06/21,6.80,E
08HB034,1,1979/06/22,6.65,E
08HB034,1,1979/06/23,6.37,E
08HB034,1,1979/06/24,6.00,E
08HB034,1,1979/06/25,5.80,E
08HB034,1,1979/06/26,5.52,E
08HB034,1,1979/06/27,5.27,
08HB034,1,1979/06/28,5.51,
08HB034,1,1979/06/29,5.51,
08HB034,1,1979/06/30,5.45,
08HB034,1,1979/07/01,5.22,
08HB034,1,1979/07/02,5.02,
08HB034,1,1979/07/03,4.94,
08HB034,1,1979/07/04,11.0,
08HB034,1,1979/07/05,14.9,
08HB034,1,1979/07/06,15.6,E
08HB034,1,1979/07/07,16.4,E
08HB034,1,1979/07/08,17.3,E
08HB034,1,1979/07/09,18.4,E
08HB034,1,1979/07/10,19.3,E
08HB034,1,1979/07/11,20.2,E
08HB034,1,1979/07/12,21.1,E
08HB034,1,1979/07/13,22.4,
08HB034,1,1979/07/14,18.2,
08HB034,1,1979/07/15,14.5,
08HB034,1,1979/07/16,11.7,
08HB034,1,1979/07/17,9.71,
08HB034,1,1979/07/18,8.30,
08HB034,1,1979/07/19,7.20,
08HB034,1,1979/07/20,6.94,E
08HB034,1,1979/07/21,6.51,E
08HB034,1,1979/07/22,6.17,E
08HB034,1,1979/07/23,5.80,E
08HB034,1,1979/07/24,5.52,E
08HB034,1,1979/07/25,5.27,E
08HB034,1,1979/07/26,5.02,
08HB034,1,1979/07/27,4.82,
08HB034,1,1979/07/28,4.73,
08HB034,1,1979/07/29,5.29,
08HB034,1,1979/07/30,6.17,
08HB034,1,1979/07/31,6.70,
08HB034,1,1979/08/01,6.86,
08HB034,1,1979/08/02,6.63,
08HB034,1,1979/08/03,6.30,
08HB034,1,1979/08/04,6.02,
08HB034,1,1979/08/05,5.87,
08HB034,1,1979/08/06,5.75,
08HB034,1,1979/08/07,5.72,
08HB034,1,1979/08/08,5.50,
08HB034,1,1979/08/09,5.45,
08HB034,1,1979/08/10,5.33,
08HB034,1,1979/08/11,5.34,
08HB034,1,1979/08/12,5.31,
08HB034,1,1979/08/13,5.23,
08HB034,1,1979/08/14,5.20,
08HB034,1,1979/08/15,5.26,
08HB034,1,1979/08/16,5.34,
08HB034,1,1979/08/17,5.36,
08HB034,1,1979/08/18,5.33,
08HB034,1,1979/08/19,5.52,
08HB034,1,1979/08/20,5.71,
08HB034,1,1979/08/21,5.63,
08HB034,1,1979/08/22,5.63,
08HB034,1,1979/08/23,5.51,
08HB034,1,1979/08/24,5.46,
08HB034,1,1979/08/25,5.36,
08HB034,1,1979/08/26,4.92,
08HB034,1,1979/08/27,4.37,
08HB034,1,1979/08/28,4.07,
08HB034,1,1979/08/29,3.79,
08HB034,1,1979/08/30,3.58,
08HB034,1,1979/08/31,3.29,
08HB034,1,1979/09/01,3.41,
08HB034,1,1979/09/02,3.93,
08HB034,1,1979/09/03,7.39,
08HB034,1,1979/09/04,12.5,
08HB034,1,1979/09/05,26.5,
08HB034,1,1979/09/06,34.3,
08HB034,1,1979/09/07,32.4,
08HB034,1,1979/09/08,57.0,
08HB034,1,1979/09/09,86.6,
08HB034,1,1979/09/10,61.7,
08HB034,1,1979/09/11,38.5,
08HB034,1,1979/09/12,26.7,
08HB034,1,1979/09/13,19.8,
08HB034,1,1979/09/14,15.5,
08HB034,1,1979/09/15,13.3,
08HB034,1,1979/09/16,11.9,
08HB034,1,1979/09/17,11.1,
08HB034,1,1979/09/18,10.4,
08HB034,1,1979/09/19,9.67,
08HB034,1,1979/09/20,9.23,
08HB034,1,1979/09/21,8.93,
08HB034,1,1979/09/22,8.52,
08HB034,1,1979/09/23,8.22,
08HB034,1,1979/09/24,7.89,
08HB034,1,1979/09/25,7.60,
08HB034,1,1979/09/26,7.44,
08HB034,1,1979/09/27,7.56,
08HB034,1,1979/09/28,8.58,
08HB034,1,1979/09/29,9.14,
08HB034,1,1979/09/30,9.64,
08HB034,1,1979/10/01,10.5,
08HB034,1,1979/10/02,10.7,
08HB034,1,1979/10/03,10.1,
08HB034,1,1979/10/04,9.64,
08HB034,1,1979/10/05,9.06,
08HB034,1,1979/10/06,8.57,
08HB034,1,1979/10/07,8.15,
08HB034,1,1979/10/08,7.90,
08HB034,1,1979/10/09,7.55,
08HB034,1,1979/10/10,7.34,
08HB034,1,1979/10/11,7.24,
08HB034,1,1979/10/12,7.80,
08HB034,1,1979/10/13,8.68,
08HB034,1,1979/10/14,9.09,
08HB034,1,1979/10/15,9.06,
08HB034,1,1979/10/16,9.43,
08HB034,1,1979/10/17,9.65,
08HB034,1,1979/10/18,9.93,
08HB034,1,1979/10/19,11.1,
08HB034,1,1979/10/20,13.1,
08HB034,1,1979/10/21,13.5,
08HB034,1,1979/10/22,19.7,
08HB034,1,1979/10/23,54.8,
08HB034,1,1979/10/24,62.1,
08HB034,1,1979/10/25,187,
08HB034,1,1979/10/26,317,
08HB034,1,1979/10/27,218,
08HB034,1,1979/10/28,130,
08HB034,1,1979/10/29,79.9,
08HB034,1,1979/10/30,54.6,
08HB034,1,1979/10/31,40.2,
08HB034,1,1979/11/01,31.9,
08HB034,1,1979/11/02,27.1,
08HB034,1,1979/11/03,23.9,
08HB034,1,1979/11/04,21.6,
08HB034,1,1979/11/05,21.2,
08HB034,1,1979/11/06,20.2,
08HB034,1,1979/11/07,18.3,
08HB034,1,1979/11/08,16.7,
08HB034,1,1979/11/09,15.2,
08HB034,1,1979/11/10,14.1,
08HB034,1,1979/11/11,13.3,
08HB034,1,1979/11/12,12.4,
08HB034,1,1979/11/13,11.5,
08HB034,1,1979/11/14,10.7,
08HB034,1,1979/11/15,9.93,
08HB034,1,1979/11/16,11.2,
08HB034,1,1979/11/17,16.9,
08HB034,1,1979/11/18,25.2,
08HB034,1,1979/11/19,25.7,
08HB034,1,1979/11/20,22.7,
08HB034,1,1979/11/21,19.7,
08HB034,1,1979/11/22,44.2,
08HB034,1,1979/11/23,68.8,
08HB034,1,1979/11/24,57.7,
08HB034,1,1979/11/25,43.5,
08HB034,1,1979/11/26,33.5,
08HB034,1,1979/11/27,27.2,
08HB034,1,1979/11/28,22.5,
08HB034,1,1979/11/29,19.6,
08HB034,1,1979/11/30,18.8,
08HB034,1,1979/12/01,18.9,
08HB034,1,1979/12/02,20.8,
08HB034,1,1979/12/03,26.1,
08HB034,1,1979/12/04,157,
08HB034,1,1979/12/05,116,
08HB034,1,1979/12/06,76.8,
08HB034,1,1979/12/07,58.7,
08HB034,1,1979/12/08,47.9,
08HB034,1,1979/12/09,44.0,
08HB034,1,1979/12/10,43.7,
08HB034,1,1979/12/11,38.7,
08HB034,1,1979/12/12,35.2,
08HB034,1,1979/12/13,73.3,
08HB034,1,1979/12/14,436,
08HB034,1,1979/12/15,304,
08HB034,1,1979/12/16,139,
08HB034,1,1979/12/17,502,
08HB034,1,1979/12/18,507,
08HB034,1,1979/12/19,325,
08HB034,1,1979/12/20,200,
08HB034,1,1979/12/21,183,
08HB034,1,1979/12/22,140,
08HB034,1,1979/12/23,101,
08HB034,1,1979/12/24,86.2,
08HB034,1,1979/12/25,84.9,
08HB034,1,1979/12/26,95.0,
08HB034,1,1979/12/27,132,
08HB034,1,1979/12/28,107,
08HB034,1,1979/12/29,79.6,
08HB034,1,1979/12/30,62.5,
08HB034,1,1979/12/31,66.0,
08HB034,1,1980/01/01,137,
08HB034,1,1980/01/02,130,
08HB034,1,1980/01/03,110,
08HB034,1,1980/01/04,81.2,
08HB034,1,1980/01/05,60.3,
08HB034,1,1980/01/06,45.9,
08HB034,1,1980/01/07,37.0,
08HB034,1,1980/01/08,31.8,
08HB034,1,1980/01/09,28.3,
08HB034,1,1980/01/10,25.6,
08HB034,1,1980/01/11,24.4,
08HB034,1,1980/01/12,59.0,
08HB034,1,1980/01/13,90.2,
08HB034,1,1980/01/14,72.7,
08HB034,1,1980/01/15,80.0,
08HB034,1,1980/01/16,94.5,
08HB034,1,1980/01/17,74.2,
08HB034,1,1980/01/18,56.4,
08HB034,1,1980/01/19,44.2,
08HB034,1,1980/01/20,36.3,
08HB034,1,1980/01/21,31.0,
08HB034,1,1980/01/22,27.6,
08HB034,1,1980/01/23,25.6,
08HB034,1,1980/01/24,25.9,
08HB034,1,1980/01/25,26.1,
08HB034,1,1980/01/26,25.0,
08HB034,1,1980/01/27,22.4,
08HB034,1,1980/01/28,22.1,
08HB034,1,1980/01/29,27.9,
08HB034,1,1980/01/30,26.5,
08HB034,1,1980/01/31,17.1,
08HB034,1,1980/02/01,18.2,
08HB034,1,1980/02/02,87.2,
08HB034,1,1980/02/03,217,
08HB034,1,1980/02/04,174,
08HB034,1,1980/02/05,107,
08HB034,1,1980/02/06,95.3,
08HB034,1,1980/02/07,94.8,
08HB034,1,1980/02/08,77.2,
08HB034,1,1980/02/09,63.0,
08HB034,1,1980/02/10,54.3,
08HB034,1,1980/02/11,47.5,
08HB034,1,1980/02/12,41.5,
08HB034,1,1980/02/13,36.6,
08HB034,1,1980/02/14,32.4,
08HB034,1,1980/02/15,29.1,
08HB034,1,1980/02/16,26.5,
08HB034,1,1980/02/17,24.5,
08HB034,1,1980/02/18,38.9,
08HB034,1,1980/02/19,104,
08HB034,1,1980/02/20,103,
08HB034,1,1980/02/21,73.2,
08HB034,1,1980/02/22,54.3,
08HB034,1,1980/02/23,42.7,
08HB034,1,1980/02/24,36.9,
08HB034,1,1980/02/25,41.4,
08HB034,1,1980/02/26,204,
08HB034,1,1980/02/27,335,
08HB034,1,1980/02/28,322,
08HB034,1,1980/02/29,206,
08HB034,1,1980/03/01,125,
08HB034,1,1980/03/02,86.3,
08HB034,1,1980/03/03,67.2,
08HB034,1,1980/03/04,55.4,
08HB034,1,1980/03/05,46.7,
08HB034,1,1980/03/06,39.3,
08HB034,1,1980/03/07,33.1,
08HB034,1,1980/03/08,29.2,
08HB034,1,1980/03/09,26.0,
08HB034,1,1980/03/10,26.4,
08HB034,1,1980/03/11,34.9,
08HB034,1,1980/03/12,37.1,
08HB034,1,1980/03/13,39.8,
08HB034,1,1980/03/14,38.2,
08HB034,1,1980/03/15,35.2,
08HB034,1,1980/03/16,31.3,
08HB034,1,1980/03/17,36.6,
08HB034,1,1980/03/18,47.7,
08HB034,1,1980/03/19,45.0,
08HB034,1,1980/03/20,44.1,
08HB034,1,1980/03/21,44.3,
08HB034,1,1980/03/22,43.8,
08HB034,1,1980/03/23,44.1,
08HB034,1,1980/03/24,40.3,
08HB034,1,1980/03/25,35.8,
08HB034,1,1980/03/26,32.1,
08HB034,1,1980/03/27,29.4,
08HB034,1,1980/03/28,27.8,
08HB034,1,1980/03/29,30.0,
08HB034,1,1980/03/30,29.7,
08HB034,1,1980/03/31,27.7,
08HB034,1,1980/04/01,25.7,
08HB034,1,1980/04/02,23.7,
08HB034,1,1980/04/03,22.6,
08HB034,1,1980/04/04,21.9,
08HB034,1,1980/04/05,22.6,
08HB034,1,1980/04/06,29.8,
08HB034,1,1980/04/07,31.1,
08HB034,1,1980/04/08,30.8,
08HB034,1,1980/04/09,42.2,
08HB034,1,1980/04/10,57.7,
08HB034,1,1980/04/11,57.8,
08HB034,1,1980/04/12,47.4,
08HB034,1,1980/04/13,43.4,
08HB034,1,1980/04/14,53.6,
08HB034,1,1980/04/15,71.5,
08HB034,1,1980/04/16,66.4,
08HB034,1,1980/04/17,53.8,
08HB034,1,1980/04/18,65.3,
08HB034,1,1980/04/19,161,
08HB034,1,1980/04/20,141,
08HB034,1,1980/04/21,83.0,
08HB034,1,1980/04/22,55.6,
08HB034,1,1980/04/23,42.2,
08HB034,1,1980/04/24,35.7,
08HB034,1,1980/04/25,32.2,
08HB034,1,1980/04/26,29.5,
08HB034,1,1980/04/27,28.5,
08HB034,1,1980/04/28,29.8,
08HB034,1,1980/04/29,29.5,
08HB034,1,1980/04/30,27.1,
08HB034,1,1980/05/01,25.7,
08HB034,1,1980/05/02,27.3,
08HB034,1,1980/05/03,26.2,
08HB034,1,1980/05/04,23.7,
08HB034,1,1980/05/05,24.3,
08HB034,1,1980/05/06,26.6,
08HB034,1,1980/05/07,25.0,
08HB034,1,1980/05/08,22.5,
08HB034,1,1980/05/09,20.8,
08HB034,1,1980/05/10,19.2,
08HB034,1,1980/05/11,19.0,
08HB034,1,1980/05/12,20.9,
08HB034,1,1980/05/13,20.9,
08HB034,1,1980/05/14,19.5,
08HB034,1,1980/05/15,18.2,
08HB034,1,1980/05/16,16.1,
08HB034,1,1980/05/17,14.5,
08HB034,1,1980/05/18,13.8,
08HB034,1,1980/05/19,13.9,
08HB034,1,1980/05/20,16.7,
08HB034,1,1980/05/21,20.5,
08HB034,1,1980/05/22,20.5,
08HB034,1,1980/05/23,18.1,
08HB034,1,1980/05/24,15.5,
08HB034,1,1980/05/25,13.8,
08HB034,1,1980/05/26,12.9,
08HB034,1,1980/05/27,13.3,
08HB034,1,1980/05/28,14.2,
08HB034,1,1980/05/29,13.9,
08HB034,1,1980/05/30,13.6,
08HB034,1,1980/05/31,13.2,
08HB034,1,1980/06/01,13.0,
08HB034,1,1980/06/02,12.8,
08HB034,1,1980/06/03,12.2,
08HB034,1,1980/06/04,11.9,
08HB034,1,1980/06/05,11.7,
08HB034,1,1980/06/06,11.5,
08HB034,1,1980/06/07,11.3,
08HB034,1,1980/06/08,14.7,
08HB034,1,1980/06/09,21.8,
08HB034,1,1980/06/10,21.3,
08HB034,1,1980/06/11,21.2,
08HB034,1,1980/06/12,19.6,
08HB034,1,1980/06/13,17.8,
08HB034,1,1980/06/14,16.2,
08HB034,1,1980/06/15,14.9,
08HB034,1,1980/06/16,13.9,
08HB034,1,1980/06/17,13.3,
08HB034,1,1980/06/18,12.1,
08HB034,1,1980/06/19,11.0,
08HB034,1,1980/06/20,10.1,
08HB034,1,1980/06/21,9.54,
08HB034,1,1980/06/22,9.09,
08HB034,1,1980/06/23,8.62,
08HB034,1,1980/06/24,8.28,
08HB034,1,1980/06/25,9.77,
08HB034,1,1980/06/26,13.6,
08HB034,1,1980/06/27,14.8,
08HB034,1,1980/06/28,15.0,
08HB034,1,1980/06/29,14.0,
08HB034,1,1980/06/30,12.6,
08HB034,1,1980/07/01,11.2,
08HB034,1,1980/07/02,10.0,
08HB034,1,1980/07/03,10.2,
08HB034,1,1980/07/04,22.1,
08HB034,1,1980/07/05,25.0,
08HB034,1,1980/07/06,24.6,
08HB034,1,1980/07/07,21.6,
08HB034,1,1980/07/08,18.3,
08HB034,1,1980/07/09,15.5,
08HB034,1,1980/07/10,13.3,
08HB034,1,1980/07/11,12.3,
08HB034,1,1980/07/12,11.9,
08HB034,1,1980/07/13,11.4,
08HB034,1,1980/07/14,10.8,
08HB034,1,1980/07/15,9.96,
08HB034,1,1980/07/16,9.22,
08HB034,1,1980/07/17,8.57,
08HB034,1,1980/07/18,7.96,
08HB034,1,1980/07/19,7.54,
08HB034,1,1980/07/20,7.27,
08HB034,1,1980/07/21,6.77,
08HB034,1,1980/07/22,6.19,
08HB034,1,1980/07/23,5.97,
08HB034,1,1980/07/24,6.13,
08HB034,1,1980/07/25,6.37,
08HB034,1,1980/07/26,6.59,
08HB034,1,1980/07/27,6.87,
08HB034,1,1980/07/28,7.16,
08HB034,1,1980/07/29,7.18,
08HB034,1,1980/07/30,7.09,
08HB034,1,1980/07/31,7.20,
08HB034,1,1980/08/01,7.27,
08HB034,1,1980/08/02,7.38,
08HB034,1,1980/08/03,6.85,
08HB034,1,1980/08/04,6.34,
08HB034,1,1980/08/05,6.05,
08HB034,1,1980/08/06,5.80,
08HB034,1,1980/08/07,5.82,
08HB034,1,1980/08/08,5.61,
08HB034,1,1980/08/09,5.43,
08HB034,1,1980/08/10,5.51,
08HB034,1,1980/08/11,5.61,
08HB034,1,1980/08/12,5.66,
08HB034,1,1980/08/13,5.72,
08HB034,1,1980/08/14,5.72,
08HB034,1,1980/08/15,5.74,
08HB034,1,1980/08/16,5.87,
08HB034,1,1980/08/17,6.09,
08HB034,1,1980/08/18,6.15,
08HB034,1,1980/08/19,5.77,
08HB034,1,1980/08/20,5.59,
08HB034,1,1980/08/21,5.41,
08HB034,1,1980/08/22,5.25,
08HB034,1,1980/08/23,5.28,
08HB034,1,1980/08/24,5.21,
08HB034,1,1980/08/25,5.06,
08HB034,1,1980/08/26,5.17,
08HB034,1,1980/08/27,5.58,
08HB034,1,1980/08/28,5.64,
08HB034,1,1980/08/29,5.54,
08HB034,1,1980/08/30,5.52,
08HB034,1,1980/08/31,5.51,
08HB034,1,1980/09/01,5.63,
08HB034,1,1980/09/02,5.72,
08HB034,1,1980/09/03,5.71,
08HB034,1,1980/09/04,5.71,
08HB034,1,1980/09/05,5.69,
08HB034,1,1980/09/06,5.70,
08HB034,1,1980/09/07,6.63,
08HB034,1,1980/09/08,6.72,
08HB034,1,1980/09/09,6.61,
08HB034,1,1980/09/10,6.31,
08HB034,1,1980/09/11,6.00,
08HB034,1,1980/09/12,5.80,
08HB034,1,1980/09/13,5.62,
08HB034,1,1980/09/14,5.37,
08HB034,1,1980/09/15,5.20,
08HB034,1,1980/09/16,5.11,
08HB034,1,1980/09/17,5.65,
08HB034,1,1980/09/18,6.26,
08HB034,1,1980/09/19,7.04,
08HB034,1,1980/09/20,9.25,
08HB034,1,1980/09/21,9.89,
08HB034,1,1980/09/22,9.71,
08HB034,1,1980/09/23,9.29,
08HB034,1,1980/09/24,8.76,
08HB034,1,1980/09/25,8.26,
08HB034,1,1980/09/26,7.86,
08HB034,1,1980/09/27,7.55,
08HB034,1,1980/09/28,7.36,
08HB034,1,1980/09/29,9.33,
08HB034,1,1980/09/30,21.1,
08HB034,1,1980/10/01,22.0,
08HB034,1,1980/10/02,18.2,
08HB034,1,1980/10/03,15.0,
08HB034,1,1980/10/04,12.6,
08HB034,1,1980/10/05,11.0,
08HB034,1,1980/10/06,9.89,
08HB034,1,1980/10/07,9.19,
08HB034,1,1980/10/08,8.64,
08HB034,1,1980/10/09,8.20,
08HB034,1,1980/10/10,7.92,
08HB034,1,1980/10/11,7.77,
08HB034,1,1980/10/12,7.94,
08HB034,1,1980/10/13,8.33,
08HB034,1,1980/10/14,8.64,
08HB034,1,1980/10/15,8.70,
08HB034,1,1980/10/16,8.57,
08HB034,1,1980/10/17,8.30,
08HB034,1,1980/10/18,8.05,
08HB034,1,1980/10/19,7.87,
08HB034,1,1980/10/20,7.71,
08HB034,1,1980/10/21,7.71,
08HB034,1,1980/10/22,7.70,
08HB034,1,1980/10/23,7.57,
08HB034,1,1980/10/24,7.23,
08HB034,1,1980/10/25,8.56,
08HB034,1,1980/10/26,10.6,
08HB034,1,1980/10/27,11.0,
08HB034,1,1980/10/28,10.5,
08HB034,1,1980/10/29,9.80,
08HB034,1,1980/10/30,9.07,
08HB034,1,1980/10/31,10.1,
08HB034,1,1980/11/01,94.0,
08HB034,1,1980/11/02,124,
08HB034,1,1980/11/03,73.9,
08HB034,1,1980/11/04,83.7,
08HB034,1,1980/11/05,74.7,
08HB034,1,1980/11/06,168,
08HB034,1,1980/11/07,267,
08HB034,1,1980/11/08,201,
08HB034,1,1980/11/09,143,
08HB034,1,1980/11/10,103,
08HB034,1,1980/11/11,67.1,
08HB034,1,1980/11/12,47.2,
08HB034,1,1980/11/13,35.4,
08HB034,1,1980/11/14,28.9,
08HB034,1,1980/11/15,24.8,
08HB034,1,1980/11/16,21.8,
08HB034,1,1980/11/17,22.5,
08HB034,1,1980/11/18,29.8,
08HB034,1,1980/11/19,70.5,
08HB034,1,1980/11/20,87.1,
08HB034,1,1980/11/21,199,
08HB034,1,1980/11/22,131,
08HB034,1,1980/11/23,77.0,
08HB034,1,1980/11/24,51.8,
08HB034,1,1980/11/25,39.3,
08HB034,1,1980/11/26,32.3,
08HB034,1,1980/11/27,128,
08HB034,1,1980/11/28,132,
08HB034,1,1980/11/29,114,
08HB034,1,1980/11/30,108,
08HB034,1,1980/12/01,76.7,
08HB034,1,1980/12/02,59.6,
08HB034,1,1980/12/03,48.0,
08HB034,1,1980/12/04,39.0,
08HB034,1,1980/12/05,32.9,
08HB034,1,1980/12/06,28.8,
08HB034,1,1980/12/07,25.0,
08HB034,1,1980/12/08,22.7,
08HB034,1,1980/12/09,21.1,
08HB034,1,1980/12/10,151,
08HB034,1,1980/12/11,432,
08HB034,1,1980/12/12,259,
08HB034,1,1980/12/13,122,
08HB034,1,1980/12/14,120,
08HB034,1,1980/12/15,161,
08HB034,1,1980/12/16,124,
08HB034,1,1980/12/17,84.3,
08HB034,1,1980/12/18,60.3,
08HB034,1,1980/12/19,46.5,
08HB034,1,1980/12/20,38.2,
08HB034,1,1980/12/21,60.3,
08HB034,1,1980/12/22,102,
08HB034,1,1980/12/23,94.7,
08HB034,1,1980/12/24,94.6,
08HB034,1,1980/12/25,148,
08HB034,1,1980/12/26,586,
08HB034,1,1980/12/27,714,
08HB034,1,1980/12/28,305,
08HB034,1,1980/12/29,155,
08HB034,1,1980/12/30,108,
08HB034,1,1980/12/31,92.1,
08HB034,1,1981/01/01,69.5,
08HB034,1,1981/01/02,55.1,
08HB034,1,1981/01/03,44.2,
08HB034,1,1981/01/04,36.7,
08HB034,1,1981/01/05,31.1,
08HB034,1,1981/01/06,27.4,
08HB034,1,1981/01/07,24.7,
08HB034,1,1981/01/08,22.5,
08HB034,1,1981/01/09,24.6,
08HB034,1,1981/01/10,27.9,
08HB034,1,1981/01/11,28.0,
08HB034,1,1981/01/12,25.9,
08HB034,1,1981/01/13,23.2,
08HB034,1,1981/01/14,20.9,
08HB034,1,1981/01/15,19.1,
08HB034,1,1981/01/16,17.6,
08HB034,1,1981/01/17,15.9,
08HB034,1,1981/01/18,43.3,
08HB034,1,1981/01/19,91.6,
08HB034,1,1981/01/20,80.3,
08HB034,1,1981/01/21,148,
08HB034,1,1981/01/22,155,
08HB034,1,1981/01/23,109,
08HB034,1,1981/01/24,72.2,
08HB034,1,1981/01/25,51.2,
08HB034,1,1981/01/26,43.1,
08HB034,1,1981/01/27,37.7,
08HB034,1,1981/01/28,35.5,
08HB034,1,1981/01/29,32.3,
08HB034,1,1981/01/30,28.4,
08HB034,1,1981/01/31,25.6,
08HB034,1,1981/02/01,23.3,
08HB034,1,1981/02/02,21.3,
08HB034,1,1981/02/03,19.6,
08HB034,1,1981/02/04,18.3,
08HB034,1,1981/02/05,17.3,
08HB034,1,1981/02/06,16.0,
08HB034,1,1981/02/07,15.3,
08HB034,1,1981/02/08,14.8,
08HB034,1,1981/02/09,14.4,
08HB034,1,1981/02/10,13.3,
08HB034,1,1981/02/11,11.9,
08HB034,1,1981/02/12,11.9,
08HB034,1,1981/02/13,16.2,
08HB034,1,1981/02/14,72.8,
08HB034,1,1981/02/15,212,
08HB034,1,1981/02/16,321,
08HB034,1,1981/02/17,308,
08HB034,1,1981/02/18,259,
08HB034,1,1981/02/19,327,
08HB034,1,1981/02/20,239,
08HB034,1,1981/02/21,126,
08HB034,1,1981/02/22,82.2,
08HB034,1,1981/02/23,60.8,
08HB034,1,1981/02/24,51.2,
08HB034,1,1981/02/25,46.4,
08HB034,1,1981/02/26,44.3,
08HB034,1,1981/02/27,40.0,
08HB034,1,1981/02/28,36.1,
08HB034,1,1981/03/01,31.4,
08HB034,1,1981/03/02,27.9,
08HB034,1,1981/03/03,25.1,
08HB034,1,1981/03/04,22.8,
08HB034,1,1981/03/05,20.1,
08HB034,1,1981/03/06,18.3,
08HB034,1,1981/03/07,17.1,
08HB034,1,1981/03/08,16.1,
08HB034,1,1981/03/09,15.7,
08HB034,1,1981/03/10,15.2,
08HB034,1,1981/03/11,14.7,
08HB034,1,1981/03/12,14.2,
08HB034,1,1981/03/13,13.6,
08HB034,1,1981/03/14,13.0,
08HB034,1,1981/03/15,13.1,
08HB034,1,1981/03/16,13.7,
08HB034,1,1981/03/17,13.6,
08HB034,1,1981/03/18,12.9,
08HB034,1,1981/03/19,12.3,
08HB034,1,1981/03/20,11.8,
08HB034,1,1981/03/21,11.1,
08HB034,1,1981/03/22,11.4,
08HB034,1,1981/03/23,12.4,
08HB034,1,1981/03/24,13.4,
08HB034,1,1981/03/25,17.3,
08HB034,1,1981/03/26,21.5,
08HB034,1,1981/03/27,20.8,
08HB034,1,1981/03/28,18.8,
08HB034,1,1981/03/29,23.1,
08HB034,1,1981/03/30,28.2,
08HB034,1,1981/03/31,41.3,
08HB034,1,1981/04/01,50.9,
08HB034,1,1981/04/02,44.4,
08HB034,1,1981/04/03,36.9,
08HB034,1,1981/04/04,30.6,
08HB034,1,1981/04/05,47.1,
08HB034,1,1981/04/06,58.6,
08HB034,1,1981/04/07,48.3,
08HB034,1,1981/04/08,39.3,
08HB034,1,1981/04/09,33.6,
08HB034,1,1981/04/10,29.2,
08HB034,1,1981/04/11,29.7,
08HB034,1,1981/04/12,28.9,
08HB034,1,1981/04/13,26.8,
08HB034,1,1981/04/14,25.4,
08HB034,1,1981/04/15,26.8,
08HB034,1,1981/04/16,48.3,
08HB034,1,1981/04/17,56.2,
08HB034,1,1981/04/18,48.6,
08HB034,1,1981/04/19,41.5,
08HB034,1,1981/04/20,37.7,
08HB034,1,1981/04/21,34.2,
08HB034,1,1981/04/22,40.9,
08HB034,1,1981/04/23,69.5,
08HB034,1,1981/04/24,86.9,
08HB034,1,1981/04/25,67.8,
08HB034,1,1981/04/26,46.9,
08HB034,1,1981/04/27,35.9,
08HB034,1,1981/04/28,46.1,
08HB034,1,1981/04/29,49.8,
08HB034,1,1981/04/30,46.8,
08HB034,1,1981/05/01,43.2,
08HB034,1,1981/05/02,44.8,
08HB034,1,1981/05/03,46.1,
08HB034,1,1981/05/04,43.3,
08HB034,1,1981/05/05,38.0,
08HB034,1,1981/05/06,32.3,
08HB034,1,1981/05/07,30.5,
08HB034,1,1981/05/08,28.7,
08HB034,1,1981/05/09,26.5,
08HB034,1,1981/05/10,24.0,
08HB034,1,1981/05/11,21.8,
08HB034,1,1981/05/12,19.6,
08HB034,1,1981/05/13,18.3,
08HB034,1,1981/05/14,17.6,
08HB034,1,1981/05/15,16.5,
08HB034,1,1981/05/16,15.3,
08HB034,1,1981/05/17,14.5,
08HB034,1,1981/05/18,14.1,
08HB034,1,1981/05/19,14.5,
08HB034,1,1981/05/20,14.2,
08HB034,1,1981/05/21,14.3,
08HB034,1,1981/05/22,13.5,
08HB034,1,1981/05/23,12.8,
08HB034,1,1981/05/24,13.9,
08HB034,1,1981/05/25,19.1,
08HB034,1,1981/05/26,19.1,
08HB034,1,1981/05/27,17.6,
08HB034,1,1981/05/28,15.6,
08HB034,1,1981/05/29,14.5,
08HB034,1,1981/05/30,13.8,
08HB034,1,1981/05/31,12.7,
08HB034,1,1981/06/01,11.8,
08HB034,1,1981/06/02,11.0,
08HB034,1,1981/06/03,11.0,
08HB034,1,1981/06/04,11.2,
08HB034,1,1981/06/05,12.8,
08HB034,1,1981/06/06,16.9,
08HB034,1,1981/06/07,17.4,
08HB034,1,1981/06/08,16.6,
08HB034,1,1981/06/09,15.5,
08HB034,1,1981/06/10,15.0,
08HB034,1,1981/06/11,15.0,
08HB034,1,1981/06/12,15.2,
08HB034,1,1981/06/13,14.9,
08HB034,1,1981/06/14,14.0,
08HB034,1,1981/06/15,13.0,
08HB034,1,1981/06/16,12.4,
08HB034,1,1981/06/17,11.9,
08HB034,1,1981/06/18,13.0,
08HB034,1,1981/06/19,21.1,
08HB034,1,1981/06/20,24.6,
08HB034,1,1981/06/21,25.6,
08HB034,1,1981/06/22,25.9,
08HB034,1,1981/06/23,26.0,
08HB034,1,1981/06/24,24.9,
08HB034,1,1981/06/25,21.7,
08HB034,1,1981/06/26,18.0,
08HB034,1,1981/06/27,15.3,
08HB034,1,1981/06/28,13.8,
08HB034,1,1981/06/29,12.8,
08HB034,1,1981/06/30,11.8,
08HB034,1,1981/07/01,10.9,
08HB034,1,1981/07/02,10.1,
08HB034,1,1981/07/03,9.21,
08HB034,1,1981/07/04,8.30,
08HB034,1,1981/07/05,7.69,
08HB034,1,1981/07/06,7.18,
08HB034,1,1981/07/07,6.64,
08HB034,1,1981/07/08,6.16,
08HB034,1,1981/07/09,5.77,
08HB034,1,1981/07/10,5.73,
08HB034,1,1981/07/11,5.57,
08HB034,1,1981/07/12,5.28,
08HB034,1,1981/07/13,5.08,
08HB034,1,1981/07/14,4.84,
08HB034,1,1981/07/15,4.43,
08HB034,1,1981/07/16,4.23,
08HB034,1,1981/07/17,4.01,
08HB034,1,1981/07/18,3.87,
08HB034,1,1981/07/19,3.79,
08HB034,1,1981/07/20,3.76,
08HB034,1,1981/07/21,3.62,
08HB034,1,1981/07/22,3.47,
08HB034,1,1981/07/23,3.21,
08HB034,1,1981/07/24,3.15,
08HB034,1,1981/07/25,2.95,
08HB034,1,1981/07/26,2.88,E
08HB034,1,1981/07/27,2.90,E
08HB034,1,1981/07/28,2.92,E
08HB034,1,1981/07/29,3.07,E
08HB034,1,1981/07/30,3.17,E
08HB034,1,1981/07/31,3.18,E
08HB034,1,1981/08/01,3.21,E
08HB034,1,1981/08/02,3.33,E
08HB034,1,1981/08/03,3.44,E
08HB034,1,1981/08/04,3.47,E
08HB034,1,1981/08/05,3.47,E
08HB034,1,1981/08/06,3.47,E
08HB034,1,1981/08/07,3.49,E
08HB034,1,1981/08/08,3.50,E
08HB034,1,1981/08/09,3.51,E
08HB034,1,1981/08/10,3.70,E
08HB034,1,1981/08/11,3.75,E
08HB034,1,1981/08/12,3.86,E
08HB034,1,1981/08/13,4.03,E
08HB034,1,1981/08/14,4.05,E
08HB034,1,1981/08/15,4.07,E
08HB034,1,1981/08/16,4.19,E
08HB034,1,1981/08/17,4.25,E
08HB034,1,1981/08/18,4.39,E
08HB034,1,1981/08/19,4.45,E
08HB034,1,1981/08/20,4.50,E
08HB034,1,1981/08/21,4.50,E
08HB034,1,1981/08/22,4.54,E
08HB034,1,1981/08/23,4.62,E
08HB034,1,1981/08/24,4.70,E
08HB034,1,1981/08/25,4.76,E
08HB034,1,1981/08/26,4.70,
08HB034,1,1981/08/27,4.73,
08HB034,1,1981/08/28,4.74,
08HB034,1,1981/08/29,4.88,
08HB034,1,1981/08/30,4.98,
08HB034,1,1981/08/31,5.12,
08HB034,1,1981/09/01,6.23,
08HB034,1,1981/09/02,6.71,
08HB034,1,1981/09/03,6.33,
08HB034,1,1981/09/04,6.27,
08HB034,1,1981/09/05,6.23,
08HB034,1,1981/09/06,5.93,
08HB034,1,1981/09/07,5.66,
08HB034,1,1981/09/08,5.43,
08HB034,1,1981/09/09,5.41,
08HB034,1,1981/09/10,5.57,
08HB034,1,1981/09/11,5.80,
08HB034,1,1981/09/12,5.95,
08HB034,1,1981/09/13,5.97,
08HB034,1,1981/09/14,5.95,
08HB034,1,1981/09/15,5.98,
08HB034,1,1981/09/16,6.00,
08HB034,1,1981/09/17,5.99,
08HB034,1,1981/09/18,6.18,
08HB034,1,1981/09/19,6.36,
08HB034,1,1981/09/20,6.37,
08HB034,1,1981/09/21,14.4,
08HB034,1,1981/09/22,21.7,
08HB034,1,1981/09/23,19.2,
08HB034,1,1981/09/24,15.8,
08HB034,1,1981/09/25,13.7,
08HB034,1,1981/09/26,12.1,
08HB034,1,1981/09/27,13.9,
08HB034,1,1981/09/28,29.4,
08HB034,1,1981/09/29,30.3,
08HB034,1,1981/09/30,27.5,
08HB034,1,1981/10/01,57.5,
08HB034,1,1981/10/02,74.5,
08HB034,1,1981/10/03,48.9,
08HB034,1,1981/10/04,32.8,
08HB034,1,1981/10/05,28.4,
08HB034,1,1981/10/06,65.0,
08HB034,1,1981/10/07,98.8,
08HB034,1,1981/10/08,110,
08HB034,1,1981/10/09,84.9,
08HB034,1,1981/10/10,56.1,
08HB034,1,1981/10/11,39.0,
08HB034,1,1981/10/12,28.0,
08HB034,1,1981/10/13,21.4,
08HB034,1,1981/10/14,17.3,
08HB034,1,1981/10/15,14.8,
08HB034,1,1981/10/16,13.4,
08HB034,1,1981/10/17,12.6,
08HB034,1,1981/10/18,11.5,
08HB034,1,1981/10/19,10.6,
08HB034,1,1981/10/20,10.0,
08HB034,1,1981/10/21,9.40,
08HB034,1,1981/10/22,8.80,
08HB034,1,1981/10/23,8.35,
08HB034,1,1981/10/24,8.82,
08HB034,1,1981/10/25,8.44,
08HB034,1,1981/10/26,8.30,
08HB034,1,1981/10/27,22.8,
08HB034,1,1981/10/28,120,
08HB034,1,1981/10/29,96.7,
08HB034,1,1981/10/30,69.9,
08HB034,1,1981/10/31,383,
08HB034,1,1981/11/01,412,
08HB034,1,1981/11/02,182,
08HB034,1,1981/11/03,93.9,
08HB034,1,1981/11/04,61.2,
08HB034,1,1981/11/05,44.7,
08HB034,1,1981/11/06,34.8,
08HB034,1,1981/11/07,29.2,
08HB034,1,1981/11/08,24.8,
08HB034,1,1981/11/09,21.2,
08HB034,1,1981/11/10,19.0,
08HB034,1,1981/11/11,85.4,
08HB034,1,1981/11/12,207,
08HB034,1,1981/11/13,145,
08HB034,1,1981/11/14,138,
08HB034,1,1981/11/15,230,
08HB034,1,1981/11/16,188,
08HB034,1,1981/11/17,130,
08HB034,1,1981/11/18,101,
08HB034,1,1981/11/19,78.5,
08HB034,1,1981/11/20,90.3,
08HB034,1,1981/11/21,183,
08HB034,1,1981/11/22,203,
08HB034,1,1981/11/23,160,
08HB034,1,1981/11/24,103,
08HB034,1,1981/11/25,70.1,
08HB034,1,1981/11/26,56.0,
08HB034,1,1981/11/27,45.9,
08HB034,1,1981/11/28,38.2,
08HB034,1,1981/11/29,32.4,
08HB034,1,1981/11/30,28.4,
08HB034,1,1981/12/01,43.2,
08HB034,1,1981/12/02,87.7,
08HB034,1,1981/12/03,89.3,
08HB034,1,1981/12/04,74.1,
08HB034,1,1981/12/05,414,
08HB034,1,1981/12/06,273,
08HB034,1,1981/12/07,145,
08HB034,1,1981/12/08,95.5,
08HB034,1,1981/12/09,102,
08HB034,1,1981/12/10,158,
08HB034,1,1981/12/11,126,
08HB034,1,1981/12/12,84.3,
08HB034,1,1981/12/13,62.6,
08HB034,1,1981/12/14,54.9,
08HB034,1,1981/12/15,52.6,
08HB034,1,1981/12/16,48.3,
08HB034,1,1981/12/17,44.4,
08HB034,1,1981/12/18,48.6,
08HB034,1,1981/12/19,191,
08HB034,1,1981/12/20,194,
08HB034,1,1981/12/21,113,
08HB034,1,1981/12/22,73.0,
08HB034,1,1981/12/23,56.2,
08HB034,1,1981/12/24,48.4,
08HB034,1,1981/12/25,43.8,
08HB034,1,1981/12/26,40.3,
08HB034,1,1981/12/27,36.7,
08HB034,1,1981/12/28,34.1,
08HB034,1,1981/12/29,31.4,
08HB034,1,1981/12/30,29.2,
08HB034,1,1981/12/31,28.5,
08HB034,1,1982/01/01,25.9,
08HB034,1,1982/01/02,22.0,
08HB034,1,1982/01/03,19.4,
08HB034,1,1982/01/04,17.3,
08HB034,1,1982/01/05,15.9,
08HB034,1,1982/01/06,15.3,
08HB034,1,1982/01/07,14.9,
08HB034,1,1982/01/08,14.9,
08HB034,1,1982/01/09,16.0,
08HB034,1,1982/01/10,17.3,
08HB034,1,1982/01/11,18.2,
08HB034,1,1982/01/12,18.3,
08HB034,1,1982/01/13,18.1,
08HB034,1,1982/01/14,19.9,
08HB034,1,1982/01/15,24.2,
08HB034,1,1982/01/16,31.0,
08HB034,1,1982/01/17,46.0,
08HB034,1,1982/01/18,45.8,
08HB034,1,1982/01/19,39.2,
08HB034,1,1982/01/20,33.8,
08HB034,1,1982/01/21,29.6,
08HB034,1,1982/01/22,26.8,
08HB034,1,1982/01/23,35.8,
08HB034,1,1982/01/24,111,
08HB034,1,1982/01/25,102,
08HB034,1,1982/01/26,172,
08HB034,1,1982/01/27,129,
08HB034,1,1982/01/28,82.7,
08HB034,1,1982/01/29,60.2,
08HB034,1,1982/01/30,68.3,
08HB034,1,1982/01/31,94.5,
08HB034,1,1982/02/01,75.1,
08HB034,1,1982/02/02,57.1,
08HB034,1,1982/02/03,48.2,
08HB034,1,1982/02/04,42.5,
08HB034,1,1982/02/05,37.8,
08HB034,1,1982/02/06,33.3,
08HB034,1,1982/02/07,29.5,
08HB034,1,1982/02/08,27.0,
08HB034,1,1982/02/09,24.1,
08HB034,1,1982/02/10,22.6,
08HB034,1,1982/02/11,21.4,
08HB034,1,1982/02/12,28.2,
08HB034,1,1982/02/13,84.9,
08HB034,1,1982/02/14,118,
08HB034,1,1982/02/15,192,
08HB034,1,1982/02/16,269,
08HB034,1,1982/02/17,250,
08HB034,1,1982/02/18,160,
08HB034,1,1982/02/19,186,
08HB034,1,1982/02/20,231,
08HB034,1,1982/02/21,156,
08HB034,1,1982/02/22,94.5,
08HB034,1,1982/02/23,64.8,
08HB034,1,1982/02/24,49.7,
08HB034,1,1982/02/25,47.6,
08HB034,1,1982/02/26,47.7,
08HB034,1,1982/02/27,46.7,
08HB034,1,1982/02/28,43.8,
08HB034,1,1982/03/01,113,
08HB034,1,1982/03/02,130,
08HB034,1,1982/03/03,101,
08HB034,1,1982/03/04,80.2,
08HB034,1,1982/03/05,60.6,
08HB034,1,1982/03/06,48.5,
08HB034,1,1982/03/07,41.6,
08HB034,1,1982/03/08,36.7,
08HB034,1,1982/03/09,33.7,
08HB034,1,1982/03/10,32.7,
08HB034,1,1982/03/11,31.9,
08HB034,1,1982/03/12,29.8,
08HB034,1,1982/03/13,28.6,
08HB034,1,1982/03/14,27.1,
08HB034,1,1982/03/15,25.6,
08HB034,1,1982/03/16,23.8,
08HB034,1,1982/03/17,22.0,
08HB034,1,1982/03/18,20.3,
08HB034,1,1982/03/19,19.4,
08HB034,1,1982/03/20,18.7,
08HB034,1,1982/03/21,17.9,
08HB034,1,1982/03/22,17.6,
08HB034,1,1982/03/23,17.6,
08HB034,1,1982/03/24,18.0,
08HB034,1,1982/03/25,18.7,
08HB034,1,1982/03/26,22.0,
08HB034,1,1982/03/27,24.6,
08HB034,1,1982/03/28,26.1,
08HB034,1,1982/03/29,24.5,A
08HB034,1,1982/03/30,23.3,A
08HB034,1,1982/03/31,23.0,A
08HB034,1,1982/04/01,22.1,A
08HB034,1,1982/04/02,20.5,A
08HB034,1,1982/04/03,22.1,A
08HB034,1,1982/04/04,23.9,A
08HB034,1,1982/04/05,23.0,A
08HB034,1,1982/04/06,20.4,A
08HB034,1,1982/04/07,18.9,A
08HB034,1,1982/04/08,17.3,A
08HB034,1,1982/04/09,16.3,A
08HB034,1,1982/04/10,16.7,A
08HB034,1,1982/04/11,17.9,A
08HB034,1,1982/04/12,24.9,A
08HB034,1,1982/04/13,45.3,A
08HB034,1,1982/04/14,45.7,A
08HB034,1,1982/04/15,40.7,A
08HB034,1,1982/04/16,36.2,A
08HB034,1,1982/04/17,38.5,
08HB034,1,1982/04/18,36.9,
08HB034,1,1982/04/19,31.8,
08HB034,1,1982/04/20,27.7,
08HB034,1,1982/04/21,26.0,
08HB034,1,1982/04/22,27.7,
08HB034,1,1982/04/23,36.1,
08HB034,1,1982/04/24,37.0,
08HB034,1,1982/04/25,33.3,
08HB034,1,1982/04/26,30.2,
08HB034,1,1982/04/27,30.7,
08HB034,1,1982/04/28,33.6,
08HB034,1,1982/04/29,35.0,
08HB034,1,1982/04/30,31.3,
08HB034,1,1982/05/01,29.2,
08HB034,1,1982/05/02,31.1,
08HB034,1,1982/05/03,32.3,
08HB034,1,1982/05/04,29.8,
08HB034,1,1982/05/05,27.8,
08HB034,1,1982/05/06,29.5,
08HB034,1,1982/05/07,36.6,
08HB034,1,1982/05/08,39.8,
08HB034,1,1982/05/09,39.1,
08HB034,1,1982/05/10,38.7,
08HB034,1,1982/05/11,41.4,
08HB034,1,1982/05/12,41.0,
08HB034,1,1982/05/13,41.3,
08HB034,1,1982/05/14,39.5,
08HB034,1,1982/05/15,37.1,
08HB034,1,1982/05/16,38.1,
08HB034,1,1982/05/17,43.1,
08HB034,1,1982/05/18,41.5,
08HB034,1,1982/05/19,37.0,
08HB034,1,1982/05/20,33.7,
08HB034,1,1982/05/21,34.8,
08HB034,1,1982/05/22,40.0,
08HB034,1,1982/05/23,40.7,
08HB034,1,1982/05/24,39.8,
08HB034,1,1982/05/25,46.5,
08HB034,1,1982/05/26,46.2,
08HB034,1,1982/05/27,38.4,
08HB034,1,1982/05/28,34.3,
08HB034,1,1982/05/29,34.1,
08HB034,1,1982/05/30,35.5,
08HB034,1,1982/05/31,37.6,
08HB034,1,1982/06/01,37.8,
08HB034,1,1982/06/02,34.5,
08HB034,1,1982/06/03,30.0,
08HB034,1,1982/06/04,26.5,
08HB034,1,1982/06/05,24.3,
08HB034,1,1982/06/06,23.2,
08HB034,1,1982/06/07,22.3,
08HB034,1,1982/06/08,22.3,
08HB034,1,1982/06/09,24.8,
08HB034,1,1982/06/10,27.9,
08HB034,1,1982/06/11,31.8,
08HB034,1,1982/06/12,35.0,
08HB034,1,1982/06/13,36.2,
08HB034,1,1982/06/14,33.9,
08HB034,1,1982/06/15,30.3,
08HB034,1,1982/06/16,28.1,
08HB034,1,1982/06/17,27.4,
08HB034,1,1982/06/18,27.7,
08HB034,1,1982/06/19,28.1,
08HB034,1,1982/06/20,27.5,
08HB034,1,1982/06/21,25.5,
08HB034,1,1982/06/22,22.4,
08HB034,1,1982/06/23,19.4,
08HB034,1,1982/06/24,17.0,
08HB034,1,1982/06/25,15.5,
08HB034,1,1982/06/26,17.6,
08HB034,1,1982/06/27,20.8,
08HB034,1,1982/06/28,21.4,
08HB034,1,1982/06/29,19.1,
08HB034,1,1982/06/30,16.8,
08HB034,1,1982/07/01,15.3,
08HB034,1,1982/07/02,14.1,
08HB034,1,1982/07/03,17.6,
08HB034,1,1982/07/04,18.4,
08HB034,1,1982/07/05,16.7,
08HB034,1,1982/07/06,15.0,
08HB034,1,1982/07/07,13.7,
08HB034,1,1982/07/08,12.5,
08HB034,1,1982/07/09,11.1,
08HB034,1,1982/07/10,10.1,
08HB034,1,1982/07/11,9.52,
08HB034,1,1982/07/12,8.80,
08HB034,1,1982/07/13,8.40,
08HB034,1,1982/07/14,8.35,
08HB034,1,1982/07/15,7.84,
08HB034,1,1982/07/16,7.38,
08HB034,1,1982/07/17,6.98,
08HB034,1,1982/07/18,6.82,
08HB034,1,1982/07/19,6.43,
08HB034,1,1982/07/20,6.29,
08HB034,1,1982/07/21,6.06,
08HB034,1,1982/07/22,5.94,
08HB034,1,1982/07/23,5.92,
08HB034,1,1982/07/24,6.05,
08HB034,1,1982/07/25,6.12,
08HB034,1,1982/07/26,6.10,
08HB034,1,1982/07/27,5.72,
08HB034,1,1982/07/28,5.68,
08HB034,1,1982/07/29,5.78,
08HB034,1,1982/07/30,6.06,
08HB034,1,1982/07/31,6.37,
08HB034,1,1982/08/01,6.50,
08HB034,1,1982/08/02,6.66,
08HB034,1,1982/08/03,6.76,
08HB034,1,1982/08/04,6.41,
08HB034,1,1982/08/05,6.02,
08HB034,1,1982/08/06,6.16,
08HB034,1,1982/08/07,5.86,
08HB034,1,1982/08/08,5.68,
08HB034,1,1982/08/09,5.64,
08HB034,1,1982/08/10,5.67,
08HB034,1,1982/08/11,6.17,
08HB034,1,1982/08/12,5.98,
08HB034,1,1982/08/13,5.95,
08HB034,1,1982/08/14,5.68,
08HB034,1,1982/08/15,5.07,
08HB034,1,1982/08/16,4.52,
08HB034,1,1982/08/17,4.09,
08HB034,1,1982/08/18,3.76,
08HB034,1,1982/08/19,3.39,
08HB034,1,1982/08/20,3.20,
08HB034,1,1982/08/21,2.97,
08HB034,1,1982/08/22,2.83,
08HB034,1,1982/08/23,2.74,
08HB034,1,1982/08/24,2.64,
08HB034,1,1982/08/25,2.57,
08HB034,1,1982/08/26,2.58,
08HB034,1,1982/08/27,2.68,
08HB034,1,1982/08/28,3.35,
08HB034,1,1982/08/29,3.49,
08HB034,1,1982/08/30,3.70,
08HB034,1,1982/08/31,3.78,
08HB034,1,1982/09/01,2.91,
08HB034,1,1982/09/02,2.73,
08HB034,1,1982/09/03,2.71,
08HB034,1,1982/09/04,3.59,
08HB034,1,1982/09/05,4.56,
08HB034,1,1982/09/06,5.19,
08HB034,1,1982/09/07,5.57,
08HB034,1,1982/09/08,6.00,
08HB034,1,1982/09/09,6.47,
08HB034,1,1982/09/10,7.66,
08HB034,1,1982/09/11,8.22,
08HB034,1,1982/09/12,8.74,
08HB034,1,1982/09/13,8.53,
08HB034,1,1982/09/14,8.05,
08HB034,1,1982/09/15,7.25,
08HB034,1,1982/09/16,6.46,
08HB034,1,1982/09/17,5.90,
08HB034,1,1982/09/18,5.94,
08HB034,1,1982/09/19,6.42,
08HB034,1,1982/09/20,6.80,
08HB034,1,1982/09/21,7.18,
08HB034,1,1982/09/22,7.34,
08HB034,1,1982/09/23,7.37,
08HB034,1,1982/09/24,7.33,
08HB034,1,1982/09/25,7.40,
08HB034,1,1982/09/26,7.20,
08HB034,1,1982/09/27,6.79,
08HB034,1,1982/09/28,6.34,
08HB034,1,1982/09/29,6.00,
08HB034,1,1982/09/30,5.67,
08HB034,1,1982/10/01,6.21,
08HB034,1,1982/10/02,7.99,
08HB034,1,1982/10/03,9.75,
08HB034,1,1982/10/04,10.6,
08HB034,1,1982/10/05,10.5,
08HB034,1,1982/10/06,11.1,
08HB034,1,1982/10/07,15.7,
08HB034,1,1982/10/08,16.4,
08HB034,1,1982/10/09,14.7,
08HB034,1,1982/10/10,13.1,
08HB034,1,1982/10/11,11.7,
08HB034,1,1982/10/12,10.4,
08HB034,1,1982/10/13,9.29,
08HB034,1,1982/10/14,8.18,
08HB034,1,1982/10/15,7.31,
08HB034,1,1982/10/16,6.97,
08HB034,1,1982/10/17,7.29,
08HB034,1,1982/10/18,7.39,
08HB034,1,1982/10/19,7.20,
08HB034,1,1982/10/20,7.06,
08HB034,1,1982/10/21,7.27,
08HB034,1,1982/10/22,119,
08HB034,1,1982/10/23,168,
08HB034,1,1982/10/24,321,
08HB034,1,1982/10/25,280,
08HB034,1,1982/10/26,220,
08HB034,1,1982/10/27,174,
08HB034,1,1982/10/28,207,
08HB034,1,1982/10/29,133,
08HB034,1,1982/10/30,73.0,
08HB034,1,1982/10/31,49.5,
08HB034,1,1982/11/01,42.6,
08HB034,1,1982/11/02,36.2,
08HB034,1,1982/11/03,30.9,
08HB034,1,1982/11/04,47.5,
08HB034,1,1982/11/05,63.3,
08HB034,1,1982/11/06,63.2,
08HB034,1,1982/11/07,56.0,
08HB034,1,1982/11/08,52.9,
08HB034,1,1982/11/09,43.9,
08HB034,1,1982/11/10,36.2,
08HB034,1,1982/11/11,30.3,
08HB034,1,1982/11/12,26.6,
08HB034,1,1982/11/13,24.1,
08HB034,1,1982/11/14,21.7,
08HB034,1,1982/11/15,20.0,
08HB034,1,1982/11/16,22.7,
08HB034,1,1982/11/17,28.4,
08HB034,1,1982/11/18,29.1,
08HB034,1,1982/11/19,28.4,
08HB034,1,1982/11/20,26.3,
08HB034,1,1982/11/21,23.8,
08HB034,1,1982/11/22,21.7,
08HB034,1,1982/11/23,19.8,
08HB034,1,1982/11/24,18.1,
08HB034,1,1982/11/25,16.6,
08HB034,1,1982/11/26,16.3,
08HB034,1,1982/11/27,33.2,
08HB034,1,1982/11/28,74.4,
08HB034,1,1982/11/29,88.2,
08HB034,1,1982/11/30,83.8,
08HB034,1,1982/12/01,75.6,
08HB034,1,1982/12/02,60.5,
08HB034,1,1982/12/03,266,
08HB034,1,1982/12/04,264,
08HB034,1,1982/12/05,117,
08HB034,1,1982/12/06,67.0,
08HB034,1,1982/12/07,46.2,
08HB034,1,1982/12/08,36.3,
08HB034,1,1982/12/09,30.3,
08HB034,1,1982/12/10,26.1,
08HB034,1,1982/12/11,23.5,
08HB034,1,1982/12/12,27.0,
08HB034,1,1982/12/13,30.3,
08HB034,1,1982/12/14,35.3,
08HB034,1,1982/12/15,80.6,
08HB034,1,1982/12/16,287,
08HB034,1,1982/12/17,261,
08HB034,1,1982/12/18,177,
08HB034,1,1982/12/19,230,
08HB034,1,1982/12/20,145,
08HB034,1,1982/12/21,85.2,
08HB034,1,1982/12/22,65.9,
08HB034,1,1982/12/23,54.4,
08HB034,1,1982/12/24,45.0,
08HB034,1,1982/12/25,47.9,
08HB034,1,1982/12/26,50.1,
08HB034,1,1982/12/27,43.8,
08HB034,1,1982/12/28,36.5,
08HB034,1,1982/12/29,30.8,
08HB034,1,1982/12/30,26.9,
08HB034,1,1982/12/31,24.0,
08HB034,1,1983/01/01,21.9,
08HB034,1,1983/01/02,24.6,
08HB034,1,1983/01/03,29.9,
08HB034,1,1983/01/04,37.6,
08HB034,1,1983/01/05,49.9,
08HB034,1,1983/01/06,52.6,
08HB034,1,1983/01/07,88.7,
08HB034,1,1983/01/08,247,
08HB034,1,1983/01/09,170,
08HB034,1,1983/01/10,213,
08HB034,1,1983/01/11,184,
08HB034,1,1983/01/12,150,
08HB034,1,1983/01/13,119,
08HB034,1,1983/01/14,81.3,
08HB034,1,1983/01/15,57.6,
08HB034,1,1983/01/16,44.1,
08HB034,1,1983/01/17,38.2,
08HB034,1,1983/01/18,55.2,
08HB034,1,1983/01/19,87.8,
08HB034,1,1983/01/20,77.6,
08HB034,1,1983/01/21,57.3,
08HB034,1,1983/01/22,43.9,
08HB034,1,1983/01/23,37.4,
08HB034,1,1983/01/24,41.5,
08HB034,1,1983/01/25,70.8,
08HB034,1,1983/01/26,177,
08HB034,1,1983/01/27,196,
08HB034,1,1983/01/28,120,
08HB034,1,1983/01/29,74.7,
08HB034,1,1983/01/30,54.1,
08HB034,1,1983/01/31,42.5,
08HB034,1,1983/02/01,35.6,
08HB034,1,1983/02/02,31.0,
08HB034,1,1983/02/03,27.5,
08HB034,1,1983/02/04,25.0,
08HB034,1,1983/02/05,22.4,
08HB034,1,1983/02/06,21.1,
08HB034,1,1983/02/07,20.8,
08HB034,1,1983/02/08,19.2,
08HB034,1,1983/02/09,22.5,
08HB034,1,1983/02/10,36.7,
08HB034,1,1983/02/11,402,
08HB034,1,1983/02/12,635,
08HB034,1,1983/02/13,358,
08HB034,1,1983/02/14,204,
08HB034,1,1983/02/15,143,
08HB034,1,1983/02/16,137,
08HB034,1,1983/02/17,205,
08HB034,1,1983/02/18,250,
08HB034,1,1983/02/19,161,
08HB034,1,1983/02/20,198,
08HB034,1,1983/02/21,130,
08HB034,1,1983/02/22,117,
08HB034,1,1983/02/23,203,
08HB034,1,1983/02/24,200,
08HB034,1,1983/02/25,124,
08HB034,1,1983/02/26,81.7,
08HB034,1,1983/02/27,65.1,
08HB034,1,1983/02/28,52.8,
08HB034,1,1983/03/01,43.7,
08HB034,1,1983/03/02,37.4,
08HB034,1,1983/03/03,32.0,
08HB034,1,1983/03/04,28.1,
08HB034,1,1983/03/05,25.9,
08HB034,1,1983/03/06,24.6,
08HB034,1,1983/03/07,30.6,
08HB034,1,1983/03/08,71.0,
08HB034,1,1983/03/09,365,
08HB034,1,1983/03/10,275,
08HB034,1,1983/03/11,171,
08HB034,1,1983/03/12,110,
08HB034,1,1983/03/13,114,
08HB034,1,1983/03/14,195,
08HB034,1,1983/03/15,157,
08HB034,1,1983/03/16,94.6,
08HB034,1,1983/03/17,64.3,
08HB034,1,1983/03/18,48.4,
08HB034,1,1983/03/19,39.5,
08HB034,1,1983/03/20,33.8,
08HB034,1,1983/03/21,29.6,
08HB034,1,1983/03/22,26.8,
08HB034,1,1983/03/23,24.6,
08HB034,1,1983/03/24,21.6,
08HB034,1,1983/03/25,20.3,
08HB034,1,1983/03/26,19.4,
08HB034,1,1983/03/27,19.6,
08HB034,1,1983/03/28,19.6,
08HB034,1,1983/03/29,27.8,
08HB034,1,1983/03/30,50.8,
08HB034,1,1983/03/31,62.1,
08HB034,1,1983/04/01,54.1,
08HB034,1,1983/04/02,55.6,
08HB034,1,1983/04/03,51.5,
08HB034,1,1983/04/04,43.7,
08HB034,1,1983/04/05,36.1,
08HB034,1,1983/04/06,31.1,
08HB034,1,1983/04/07,27.9,
08HB034,1,1983/04/08,25.0,
08HB034,1,1983/04/09,23.2,
08HB034,1,1983/04/10,21.6,
08HB034,1,1983/04/11,20.3,
08HB034,1,1983/04/12,18.6,
08HB034,1,1983/04/13,16.7,
08HB034,1,1983/04/14,15.5,
08HB034,1,1983/04/15,14.7,
08HB034,1,1983/04/16,14.1,
08HB034,1,1983/04/17,13.9,
08HB034,1,1983/04/18,14.5,
08HB034,1,1983/04/19,16.1,
08HB034,1,1983/04/20,18.4,
08HB034,1,1983/04/21,19.1,
08HB034,1,1983/04/22,18.3,
08HB034,1,1983/04/23,17.3,
08HB034,1,1983/04/24,19.5,
08HB034,1,1983/04/25,23.0,
08HB034,1,1983/04/26,23.0,
08HB034,1,1983/04/27,20.9,
08HB034,1,1983/04/28,18.8,
08HB034,1,1983/04/29,18.3,
08HB034,1,1983/04/30,19.8,
08HB034,1,1983/05/01,22.6,
08HB034,1,1983/05/02,23.0,
08HB034,1,1983/05/03,21.0,
08HB034,1,1983/05/04,19.4,
08HB034,1,1983/05/05,18.1,
08HB034,1,1983/05/06,16.8,
08HB034,1,1983/05/07,17.8,
08HB034,1,1983/05/08,20.1,
08HB034,1,1983/05/09,19.9,
08HB034,1,1983/05/10,17.9,
08HB034,1,1983/05/11,16.2,
08HB034,1,1983/05/12,15.8,
08HB034,1,1983/05/13,16.2,
08HB034,1,1983/05/14,18.0,
08HB034,1,1983/05/15,19.8,
08HB034,1,1983/05/16,18.6,
08HB034,1,1983/05/17,17.6,
08HB034,1,1983/05/18,17.1,
08HB034,1,1983/05/19,17.2,
08HB034,1,1983/05/20,18.9,
08HB034,1,1983/05/21,21.5,
08HB034,1,1983/05/22,21.8,
08HB034,1,1983/05/23,22.4,
08HB034,1,1983/05/24,23.2,
08HB034,1,1983/05/25,23.6,
08HB034,1,1983/05/26,21.6,
08HB034,1,1983/05/27,19.3,
08HB034,1,1983/05/28,19.0,
08HB034,1,1983/05/29,21.5,
08HB034,1,1983/05/30,24.1,
08HB034,1,1983/05/31,21.7,
08HB034,1,1983/06/01,18.8,
08HB034,1,1983/06/02,16.8,
08HB034,1,1983/06/03,15.1,
08HB034,1,1983/06/04,13.8,
08HB034,1,1983/06/05,12.9,
08HB034,1,1983/06/06,12.4,
08HB034,1,1983/06/07,12.0,
08HB034,1,1983/06/08,12.1,
08HB034,1,1983/06/09,12.3,
08HB034,1,1983/06/10,18.5,
08HB034,1,1983/06/11,28.5,
08HB034,1,1983/06/12,27.4,
08HB034,1,1983/06/13,21.1,
08HB034,1,1983/06/14,16.9,
08HB034,1,1983/06/15,15.1,
08HB034,1,1983/06/16,13.8,
08HB034,1,1983/06/17,13.6,
08HB034,1,1983/06/18,14.5,
08HB034,1,1983/06/19,14.9,
08HB034,1,1983/06/20,14.6,
08HB034,1,1983/06/21,13.5,
08HB034,1,1983/06/22,12.4,
08HB034,1,1983/06/23,12.0,
08HB034,1,1983/06/24,12.1,
08HB034,1,1983/06/25,11.9,
08HB034,1,1983/06/26,12.2,
08HB034,1,1983/06/27,12.0,
08HB034,1,1983/06/28,11.4,
08HB034,1,1983/06/29,11.2,
08HB034,1,1983/06/30,10.5,
08HB034,1,1983/07/01,10.2,
08HB034,1,1983/07/02,10.5,
08HB034,1,1983/07/03,9.77,
08HB034,1,1983/07/04,9.23,
08HB034,1,1983/07/05,8.67,
08HB034,1,1983/07/06,8.26,
08HB034,1,1983/07/07,7.97,
08HB034,1,1983/07/08,8.00,
08HB034,1,1983/07/09,7.92,
08HB034,1,1983/07/10,7.61,
08HB034,1,1983/07/11,16.6,
08HB034,1,1983/07/12,74.6,
08HB034,1,1983/07/13,69.9,
08HB034,1,1983/07/14,49.5,
08HB034,1,1983/07/15,37.0,
08HB034,1,1983/07/16,27.7,
08HB034,1,1983/07/17,21.2,
08HB034,1,1983/07/18,16.8,
08HB034,1,1983/07/19,14.4,
08HB034,1,1983/07/20,13.1,
08HB034,1,1983/07/21,11.8,
08HB034,1,1983/07/22,10.7,
08HB034,1,1983/07/23,9.64,
08HB034,1,1983/07/24,8.84,
08HB034,1,1983/07/25,8.16,
08HB034,1,1983/07/26,7.44,
08HB034,1,1983/07/27,7.26,
08HB034,1,1983/07/28,7.96,
08HB034,1,1983/07/29,7.20,
08HB034,1,1983/07/30,6.69,
08HB034,1,1983/07/31,6.26,
08HB034,1,1983/08/01,5.88,
08HB034,1,1983/08/02,5.42,
08HB034,1,1983/08/03,5.13,
08HB034,1,1983/08/04,4.71,
08HB034,1,1983/08/05,4.51,
08HB034,1,1983/08/06,5.32,
08HB034,1,1983/08/07,5.54,
08HB034,1,1983/08/08,5.63,
08HB034,1,1983/08/09,5.72,
08HB034,1,1983/08/10,5.81,
08HB034,1,1983/08/11,5.98,
08HB034,1,1983/08/12,5.94,
08HB034,1,1983/08/13,5.45,
08HB034,1,1983/08/14,5.33,
08HB034,1,1983/08/15,5.21,
08HB034,1,1983/08/16,5.11,
08HB034,1,1983/08/17,5.08,
08HB034,1,1983/08/18,5.02,
08HB034,1,1983/08/19,4.88,
08HB034,1,1983/08/20,5.03,
08HB034,1,1983/08/21,5.23,
08HB034,1,1983/08/22,5.32,
08HB034,1,1983/08/23,5.42,
08HB034,1,1983/08/24,5.55,
08HB034,1,1983/08/25,5.67,
08HB034,1,1983/08/26,5.89,
08HB034,1,1983/08/27,5.94,
08HB034,1,1983/08/28,6.05,
08HB034,1,1983/08/29,7.00,
08HB034,1,1983/08/30,8.26,
08HB034,1,1983/08/31,8.25,
08HB034,1,1983/09/01,9.77,
08HB034,1,1983/09/02,11.3,
08HB034,1,1983/09/03,9.84,
08HB034,1,1983/09/04,9.17,
08HB034,1,1983/09/05,8.72,
08HB034,1,1983/09/06,8.58,
08HB034,1,1983/09/07,8.29,
08HB034,1,1983/09/08,7.77,
08HB034,1,1983/09/09,7.35,
08HB034,1,1983/09/10,8.29,
08HB034,1,1983/09/11,10.2,
08HB034,1,1983/09/12,9.78,
08HB034,1,1983/09/13,9.54,
08HB034,1,1983/09/14,9.15,
08HB034,1,1983/09/15,8.43,
08HB034,1,1983/09/16,7.87,
08HB034,1,1983/09/17,7.22,
08HB034,1,1983/09/18,7.47,
08HB034,1,1983/09/19,7.63,
08HB034,1,1983/09/20,7.11,
08HB034,1,1983/09/21,6.75,
08HB034,1,1983/09/22,6.51,
08HB034,1,1983/09/23,6.24,
08HB034,1,1983/09/24,6.08,
08HB034,1,1983/09/25,5.97,
08HB034,1,1983/09/26,5.82,
08HB034,1,1983/09/27,5.68,
08HB034,1,1983/09/28,5.59,
08HB034,1,1983/09/29,5.49,
08HB034,1,1983/09/30,5.40,
08HB034,1,1983/10/01,5.29,
08HB034,1,1983/10/02,5.40,
08HB034,1,1983/10/03,5.69,
08HB034,1,1983/10/04,6.02,
08HB034,1,1983/10/05,6.34,
08HB034,1,1983/10/06,7.59,
08HB034,1,1983/10/07,9.39,
08HB034,1,1983/10/08,10.4,
08HB034,1,1983/10/09,10.2,
08HB034,1,1983/10/10,9.55,
08HB034,1,1983/10/11,9.03,
08HB034,1,1983/10/12,8.70,
08HB034,1,1983/10/13,8.51,
08HB034,1,1983/10/14,8.41,
08HB034,1,1983/10/15,8.15,
08HB034,1,1983/10/16,8.15,
08HB034,1,1983/10/17,8.37,
08HB034,1,1983/10/18,8.58,
08HB034,1,1983/10/19,8.69,
08HB034,1,1983/10/20,9.71,
08HB034,1,1983/10/21,12.6,
08HB034,1,1983/10/22,38.8,
08HB034,1,1983/10/23,42.4,
08HB034,1,1983/10/24,32.3,
08HB034,1,1983/10/25,25.5,
08HB034,1,1983/10/26,20.9,
08HB034,1,1983/10/27,20.3,
08HB034,1,1983/10/28,21.2,
08HB034,1,1983/10/29,19.0,
08HB034,1,1983/10/30,20.9,
08HB034,1,1983/10/31,27.2,
08HB034,1,1983/11/01,26.3,
08HB034,1,1983/11/02,41.0,
08HB034,1,1983/11/03,97.0,
08HB034,1,1983/11/04,115,
08HB034,1,1983/11/05,92.5,
08HB034,1,1983/11/06,103,
08HB034,1,1983/11/07,95.7,
08HB034,1,1983/11/08,68.1,
08HB034,1,1983/11/09,55.4,
08HB034,1,1983/11/10,80.7,
08HB034,1,1983/11/11,240,
08HB034,1,1983/11/12,232,
08HB034,1,1983/11/13,176,
08HB034,1,1983/11/14,163,
08HB034,1,1983/11/15,638,
08HB034,1,1983/11/16,627,
08HB034,1,1983/11/17,366,
08HB034,1,1983/11/18,265,
08HB034,1,1983/11/19,163,
08HB034,1,1983/11/20,131,
08HB034,1,1983/11/21,88.3,
08HB034,1,1983/11/22,64.9,
08HB034,1,1983/11/23,52.4,
08HB034,1,1983/11/24,73.0,
08HB034,1,1983/11/25,77.8,
08HB034,1,1983/11/26,67.7,
08HB034,1,1983/11/27,82.5,
08HB034,1,1983/11/28,72.4,
08HB034,1,1983/11/29,57.9,
08HB034,1,1983/11/30,45.9,
08HB034,1,1983/12/01,37.4,
08HB034,1,1983/12/02,31.2,
08HB034,1,1983/12/03,26.9,
08HB034,1,1983/12/04,24.2,
08HB034,1,1983/12/05,21.7,
08HB034,1,1983/12/06,19.6,
08HB034,1,1983/12/07,18.1,
08HB034,1,1983/12/08,24.6,
08HB034,1,1983/12/09,36.7,
08HB034,1,1983/12/10,37.1,
08HB034,1,1983/12/11,41.2,
08HB034,1,1983/12/12,43.5,
08HB034,1,1983/12/13,61.4,
08HB034,1,1983/12/14,65.8,
08HB034,1,1983/12/15,56.8,
08HB034,1,1983/12/16,45.5,
08HB034,1,1983/12/17,36.7,
08HB034,1,1983/12/18,30.2,
08HB034,1,1983/12/19,26.2,
08HB034,1,1983/12/20,22.6,
08HB034,1,1983/12/21,19.0,
08HB034,1,1983/12/22,18.5,B
08HB034,1,1983/12/23,18.0,B
08HB034,1,1983/12/24,16.5,B
08HB034,1,1983/12/25,15.0,B
08HB034,1,1983/12/26,14.5,
08HB034,1,1983/12/27,14.1,
08HB034,1,1983/12/28,13.5,
08HB034,1,1983/12/29,13.2,
08HB034,1,1983/12/30,14.8,
08HB034,1,1983/12/31,27.1,
08HB034,1,1984/01/01,37.2,
08HB034,1,1984/01/02,73.9,
08HB034,1,1984/01/03,152,
08HB034,1,1984/01/04,473,
08HB034,1,1984/01/05,346,
08HB034,1,1984/01/06,155,
08HB034,1,1984/01/07,98.5,
08HB034,1,1984/01/08,102,
08HB034,1,1984/01/09,99.7,
08HB034,1,1984/01/10,102,
08HB034,1,1984/01/11,91.8,
08HB034,1,1984/01/12,69.1,
08HB034,1,1984/01/13,53.1,
08HB034,1,1984/01/14,41.5,
08HB034,1,1984/01/15,33.9,
08HB034,1,1984/01/16,28.5,
08HB034,1,1984/01/17,25.0,
08HB034,1,1984/01/18,21.7,
08HB034,1,1984/01/19,19.7,
08HB034,1,1984/01/20,18.3,
08HB034,1,1984/01/21,17.3,
08HB034,1,1984/01/22,24.0,
08HB034,1,1984/01/23,27.1,
08HB034,1,1984/01/24,36.7,
08HB034,1,1984/01/25,73.3,
08HB034,1,1984/01/26,78.8,
08HB034,1,1984/01/27,64.1,
08HB034,1,1984/01/28,62.0,
08HB034,1,1984/01/29,62.4,
08HB034,1,1984/01/30,51.5,
08HB034,1,1984/01/31,41.5,
08HB034,1,1984/02/01,33.7,
08HB034,1,1984/02/02,27.9,
08HB034,1,1984/02/03,24.7,
08HB034,1,1984/02/04,21.9,
08HB034,1,1984/02/05,20.2,
08HB034,1,1984/02/06,19.5,
08HB034,1,1984/02/07,19.5,
08HB034,1,1984/02/08,36.9,
08HB034,1,1984/02/09,77.6,
08HB034,1,1984/02/10,99.0,
08HB034,1,1984/02/11,89.5,
08HB034,1,1984/02/12,119,
08HB034,1,1984/02/13,131,
08HB034,1,1984/02/14,90.7,
08HB034,1,1984/02/15,68.1,
08HB034,1,1984/02/16,52.1,
08HB034,1,1984/02/17,41.5,
08HB034,1,1984/02/18,35.5,
08HB034,1,1984/02/19,41.3,
08HB034,1,1984/02/20,204,
08HB034,1,1984/02/21,178,
08HB034,1,1984/02/22,97.5,
08HB034,1,1984/02/23,67.7,
08HB034,1,1984/02/24,57.7,
08HB034,1,1984/02/25,48.7,
08HB034,1,1984/02/26,41.5,
08HB034,1,1984/02/27,44.5,
08HB034,1,1984/02/28,52.9,
08HB034,1,1984/02/29,62.2,
08HB034,1,1984/03/01,64.9,
08HB034,1,1984/03/02,61.0,
08HB034,1,1984/03/03,51.9,
08HB034,1,1984/03/04,43.4,
08HB034,1,1984/03/05,37.2,
08HB034,1,1984/03/06,33.7,
08HB034,1,1984/03/07,34.1,
08HB034,1,1984/03/08,36.6,
08HB034,1,1984/03/09,39.8,
08HB034,1,1984/03/10,44.4,
08HB034,1,1984/03/11,47.7,
08HB034,1,1984/03/12,47.6,
08HB034,1,1984/03/13,45.9,
08HB034,1,1984/03/14,43.0,
08HB034,1,1984/03/15,39.3,
08HB034,1,1984/03/16,38.0,
08HB034,1,1984/03/17,41.5,
08HB034,1,1984/03/18,54.8,
08HB034,1,1984/03/19,64.1,
08HB034,1,1984/03/20,106,
08HB034,1,1984/03/21,167,
08HB034,1,1984/03/22,120,
08HB034,1,1984/03/23,97.8,
08HB034,1,1984/03/24,81.7,
08HB034,1,1984/03/25,64.1,
08HB034,1,1984/03/26,52.3,
08HB034,1,1984/03/27,43.0,
08HB034,1,1984/03/28,38.1,
08HB034,1,1984/03/29,33.1,
08HB034,1,1984/03/30,29.0,
08HB034,1,1984/03/31,26.2,
08HB034,1,1984/04/01,24.1,
08HB034,1,1984/04/02,22.3,
08HB034,1,1984/04/03,21.6,
08HB034,1,1984/04/04,21.8,
08HB034,1,1984/04/05,19.2,
08HB034,1,1984/04/06,16.2,
08HB034,1,1984/04/07,16.0,
08HB034,1,1984/04/08,17.1,
08HB034,1,1984/04/09,19.1,
08HB034,1,1984/04/10,26.6,
08HB034,1,1984/04/11,33.5,
08HB034,1,1984/04/12,56.4,
08HB034,1,1984/04/13,67.9,
08HB034,1,1984/04/14,68.0,
08HB034,1,1984/04/15,80.4,
08HB034,1,1984/04/16,84.9,
08HB034,1,1984/04/17,64.4,
08HB034,1,1984/04/18,48.2,
08HB034,1,1984/04/19,39.6,
08HB034,1,1984/04/20,33.5,
08HB034,1,1984/04/21,31.3,
08HB034,1,1984/04/22,33.9,
08HB034,1,1984/04/23,36.8,
08HB034,1,1984/04/24,33.2,
08HB034,1,1984/04/25,27.9,
08HB034,1,1984/04/26,23.5,
08HB034,1,1984/04/27,20.6,
08HB034,1,1984/04/28,18.8,
08HB034,1,1984/04/29,17.7,
08HB034,1,1984/04/30,18.3,
08HB034,1,1984/05/01,22.4,
08HB034,1,1984/05/02,32.1,
08HB034,1,1984/05/03,32.1,
08HB034,1,1984/05/04,28.6,
08HB034,1,1984/05/05,25.7,
08HB034,1,1984/05/06,22.8,
08HB034,1,1984/05/07,20.4,
08HB034,1,1984/05/08,24.2,
08HB034,1,1984/05/09,30.6,
08HB034,1,1984/05/10,33.8,
08HB034,1,1984/05/11,42.8,
08HB034,1,1984/05/12,57.6,
08HB034,1,1984/05/13,53.9,
08HB034,1,1984/05/14,48.4,
08HB034,1,1984/05/15,45.5,
08HB034,1,1984/05/16,40.7,
08HB034,1,1984/05/17,34.4,
08HB034,1,1984/05/18,30.2,
08HB034,1,1984/05/19,57.1,
08HB034,1,1984/05/20,97.7,
08HB034,1,1984/05/21,73.6,
08HB034,1,1984/05/22,55.0,
08HB034,1,1984/05/23,55.2,
08HB034,1,1984/05/24,58.5,
08HB034,1,1984/05/25,52.7,
08HB034,1,1984/05/26,75.0,
08HB034,1,1984/05/27,68.7,
08HB034,1,1984/05/28,57.3,
08HB034,1,1984/05/29,52.3,
08HB034,1,1984/05/30,48.8,
08HB034,1,1984/05/31,40.1,
08HB034,1,1984/06/01,31.9,
08HB034,1,1984/06/02,26.8,
08HB034,1,1984/06/03,23.9,
08HB034,1,1984/06/04,24.3,
08HB034,1,1984/06/05,24.3,
08HB034,1,1984/06/06,24.1,
08HB034,1,1984/06/07,23.0,
08HB034,1,1984/06/08,22.1,
08HB034,1,1984/06/09,20.5,
08HB034,1,1984/06/10,19.1,
08HB034,1,1984/06/11,18.2,
08HB034,1,1984/06/12,18.6,
08HB034,1,1984/06/13,20.4,
08HB034,1,1984/06/14,22.9,
08HB034,1,1984/06/15,24.5,
08HB034,1,1984/06/16,22.6,
08HB034,1,1984/06/17,19.0,
08HB034,1,1984/06/18,16.7,
08HB034,1,1984/06/19,15.3,
08HB034,1,1984/06/20,15.5,
08HB034,1,1984/06/21,15.6,
08HB034,1,1984/06/22,15.8,
08HB034,1,1984/06/23,15.5,
08HB034,1,1984/06/24,15.5,
08HB034,1,1984/06/25,15.1,
08HB034,1,1984/06/26,14.9,
08HB034,1,1984/06/27,15.4,
08HB034,1,1984/06/28,16.1,
08HB034,1,1984/06/29,17.8,
08HB034,1,1984/06/30,16.6,
08HB034,1,1984/07/01,15.3,
08HB034,1,1984/07/02,15.0,
08HB034,1,1984/07/03,14.6,
08HB034,1,1984/07/04,14.2,
08HB034,1,1984/07/05,13.8,
08HB034,1,1984/07/06,13.0,
08HB034,1,1984/07/07,12.1,
08HB034,1,1984/07/08,11.2,
08HB034,1,1984/07/09,10.2,
08HB034,1,1984/07/10,9.71,
08HB034,1,1984/07/11,9.32,
08HB034,1,1984/07/12,9.08,
08HB034,1,1984/07/13,8.54,
08HB034,1,1984/07/14,8.13,
08HB034,1,1984/07/15,7.65,
08HB034,1,1984/07/16,7.36,
08HB034,1,1984/07/17,7.20,
08HB034,1,1984/07/18,6.81,
08HB034,1,1984/07/19,6.74,
08HB034,1,1984/07/20,6.72,
08HB034,1,1984/07/21,6.64,
08HB034,1,1984/07/22,5.86,
08HB034,1,1984/07/23,5.38,
08HB034,1,1984/07/24,5.06,
08HB034,1,1984/07/25,5.04,
08HB034,1,1984/07/26,5.31,
08HB034,1,1984/07/27,5.18,
08HB034,1,1984/07/28,5.13,
08HB034,1,1984/07/29,5.16,
08HB034,1,1984/07/30,5.31,
08HB034,1,1984/07/31,5.40,
08HB034,1,1984/08/01,5.49,
08HB034,1,1984/08/02,5.44,
08HB034,1,1984/08/03,5.31,
08HB034,1,1984/08/04,5.10,
08HB034,1,1984/08/05,5.05,
08HB034,1,1984/08/06,5.25,
08HB034,1,1984/08/07,5.18,
08HB034,1,1984/08/08,5.14,
08HB034,1,1984/08/09,4.98,
08HB034,1,1984/08/10,4.78,
08HB034,1,1984/08/11,4.80,
08HB034,1,1984/08/12,5.02,
08HB034,1,1984/08/13,5.10,
08HB034,1,1984/08/14,5.25,
08HB034,1,1984/08/15,5.34,
08HB034,1,1984/08/16,5.35,
08HB034,1,1984/08/17,5.31,
08HB034,1,1984/08/18,5.33,
08HB034,1,1984/08/19,5.31,
08HB034,1,1984/08/20,5.19,
08HB034,1,1984/08/21,5.07,
08HB034,1,1984/08/22,5.01,
08HB034,1,1984/08/23,5.01,
08HB034,1,1984/08/24,5.06,
08HB034,1,1984/08/25,5.12,
08HB034,1,1984/08/26,5.15,
08HB034,1,1984/08/27,5.15,
08HB034,1,1984/08/28,5.11,
08HB034,1,1984/08/29,5.14,
08HB034,1,1984/08/30,5.16,
08HB034,1,1984/08/31,5.15,
08HB034,1,1984/09/01,4.64,
08HB034,1,1984/09/02,4.80,
08HB034,1,1984/09/03,5.01,
08HB034,1,1984/09/04,5.22,
08HB034,1,1984/09/05,5.76,
08HB034,1,1984/09/06,6.23,
08HB034,1,1984/09/07,6.20,
08HB034,1,1984/09/08,6.21,
08HB034,1,1984/09/09,6.24,
08HB034,1,1984/09/10,5.97,
08HB034,1,1984/09/11,5.88,
08HB034,1,1984/09/12,5.52,
08HB034,1,1984/09/13,5.30,
08HB034,1,1984/09/14,5.05,
08HB034,1,1984/09/15,4.96,
08HB034,1,1984/09/16,5.39,
08HB034,1,1984/09/17,8.86,
08HB034,1,1984/09/18,12.1,
08HB034,1,1984/09/19,12.4,
08HB034,1,1984/09/20,10.9,
08HB034,1,1984/09/21,8.96,
08HB034,1,1984/09/22,7.58,
08HB034,1,1984/09/23,6.63,
08HB034,1,1984/09/24,5.82,
08HB034,1,1984/09/25,5.13,
08HB034,1,1984/09/26,4.85,
08HB034,1,1984/09/27,4.58,
08HB034,1,1984/09/28,4.52,
08HB034,1,1984/09/29,4.49,
08HB034,1,1984/09/30,4.67,
08HB034,1,1984/10/01,4.88,
08HB034,1,1984/10/02,5.09,
08HB034,1,1984/10/03,5.50,
08HB034,1,1984/10/04,7.60,
08HB034,1,1984/10/05,10.7,
08HB034,1,1984/10/06,10.5,
08HB034,1,1984/10/07,25.0,
08HB034,1,1984/10/08,167,
08HB034,1,1984/10/09,194,
08HB034,1,1984/10/10,216,
08HB034,1,1984/10/11,124,
08HB034,1,1984/10/12,86.9,
08HB034,1,1984/10/13,134,
08HB034,1,1984/10/14,104,
08HB034,1,1984/10/15,64.0,
08HB034,1,1984/10/16,43.9,
08HB034,1,1984/10/17,32.3,
08HB034,1,1984/10/18,25.0,
08HB034,1,1984/10/19,20.6,
08HB034,1,1984/10/20,18.3,
08HB034,1,1984/10/21,16.4,
08HB034,1,1984/10/22,15.1,
08HB034,1,1984/10/23,14.5,
08HB034,1,1984/10/24,14.2,
08HB034,1,1984/10/25,16.0,
08HB034,1,1984/10/26,18.0,
08HB034,1,1984/10/27,18.7,
08HB034,1,1984/10/28,18.1,
08HB034,1,1984/10/29,16.7,
08HB034,1,1984/10/30,16.3,
08HB034,1,1984/10/31,15.4,
08HB034,1,1984/11/01,15.7,
08HB034,1,1984/11/02,52.6,
08HB034,1,1984/11/03,210,
08HB034,1,1984/11/04,228,
08HB034,1,1984/11/05,162,
08HB034,1,1984/11/06,110,
08HB034,1,1984/11/07,128,
08HB034,1,1984/11/08,97.0,
08HB034,1,1984/11/09,68.9,
08HB034,1,1984/11/10,58.9,
08HB034,1,1984/11/11,61.9,
08HB034,1,1984/11/12,83.5,
08HB034,1,1984/11/13,147,
08HB034,1,1984/11/14,105,
08HB034,1,1984/11/15,70.4,
08HB034,1,1984/11/16,50.0,
08HB034,1,1984/11/17,39.6,
08HB034,1,1984/11/18,40.8,
08HB034,1,1984/11/19,53.1,
08HB034,1,1984/11/20,71.9,
08HB034,1,1984/11/21,60.6,
08HB034,1,1984/11/22,46.4,
08HB034,1,1984/11/23,83.4,
08HB034,1,1984/11/24,103,
08HB034,1,1984/11/25,74.4,
08HB034,1,1984/11/26,53.6,
08HB034,1,1984/11/27,46.1,
08HB034,1,1984/11/28,46.7,
08HB034,1,1984/11/29,46.7,
08HB034,1,1984/11/30,45.4,
08HB034,1,1984/12/01,38.2,
08HB034,1,1984/12/02,32.1,
08HB034,1,1984/12/03,28.0,
08HB034,1,1984/12/04,24.4,
08HB034,1,1984/12/05,21.6,
08HB034,1,1984/12/06,19.7,
08HB034,1,1984/12/07,74.1,
08HB034,1,1984/12/08,173,
08HB034,1,1984/12/09,112,
08HB034,1,1984/12/10,72.0,
08HB034,1,1984/12/11,52.2,
08HB034,1,1984/12/12,41.5,
08HB034,1,1984/12/13,34.3,
08HB034,1,1984/12/14,131,
08HB034,1,1984/12/15,167,
08HB034,1,1984/12/16,94.2,
08HB034,1,1984/12/17,60.1,
08HB034,1,1984/12/18,43.0,
08HB034,1,1984/12/19,33.9,
08HB034,1,1984/12/20,28.1,
08HB034,1,1984/12/21,24.5,
08HB034,1,1984/12/22,21.8,
08HB034,1,1984/12/23,19.7,
08HB034,1,1984/12/24,18.0,
08HB034,1,1984/12/25,15.9,
08HB034,1,1984/12/26,15.1,
08HB034,1,1984/12/27,14.4,
08HB034,1,1984/12/28,13.7,
08HB034,1,1984/12/29,13.4,
08HB034,1,1984/12/30,12.9,
08HB034,1,1984/12/31,12.1,
08HB034,1,1985/01/01,11.7,
08HB034,1,1985/01/02,11.2,
08HB034,1,1985/01/03,10.2,
08HB034,1,1985/01/04,9.86,
08HB034,1,1985/01/05,9.94,
08HB034,1,1985/01/06,9.86,
08HB034,1,1985/01/07,9.73,
08HB034,1,1985/01/08,9.71,
08HB034,1,1985/01/09,9.78,
08HB034,1,1985/01/10,9.63,
08HB034,1,1985/01/11,9.60,
08HB034,1,1985/01/12,9.45,
08HB034,1,1985/01/13,9.37,
08HB034,1,1985/01/14,9.74,
08HB034,1,1985/01/15,12.5,
08HB034,1,1985/01/16,14.1,
08HB034,1,1985/01/17,15.9,
08HB034,1,1985/01/18,22.1,
08HB034,1,1985/01/19,31.4,
08HB034,1,1985/01/20,39.3,
08HB034,1,1985/01/21,38.6,
08HB034,1,1985/01/22,29.9,
08HB034,1,1985/01/23,25.4,
08HB034,1,1985/01/24,21.3,
08HB034,1,1985/01/25,18.8,
08HB034,1,1985/01/26,16.7,
08HB034,1,1985/01/27,15.5,
08HB034,1,1985/01/28,14.4,
08HB034,1,1985/01/29,13.7,
08HB034,1,1985/01/30,13.1,
08HB034,1,1985/01/31,12.5,
08HB034,1,1985/02/01,12.0,
08HB034,1,1985/02/02,11.5,
08HB034,1,1985/02/03,10.7,
08HB034,1,1985/02/04,9.99,
08HB034,1,1985/02/05,9.72,
08HB034,1,1985/02/06,9.58,
08HB034,1,1985/02/07,9.63,
08HB034,1,1985/02/08,9.53,
08HB034,1,1985/02/09,9.45,
08HB034,1,1985/02/10,9.45,
08HB034,1,1985/02/11,12.2,
08HB034,1,1985/02/12,18.2,
08HB034,1,1985/02/13,18.6,
08HB034,1,1985/02/14,22.9,
08HB034,1,1985/02/15,39.8,
08HB034,1,1985/02/16,40.4,
08HB034,1,1985/02/17,34.0,
08HB034,1,1985/02/18,27.7,
08HB034,1,1985/02/19,25.0,
08HB034,1,1985/02/20,23.7,
08HB034,1,1985/02/21,22.2,
08HB034,1,1985/02/22,22.4,
08HB034,1,1985/02/23,25.8,
08HB034,1,1985/02/24,42.5,
08HB034,1,1985/02/25,47.1,
08HB034,1,1985/02/26,41.2,
08HB034,1,1985/02/27,33.8,
08HB034,1,1985/02/28,29.7,
08HB034,1,1985/03/01,27.8,
08HB034,1,1985/03/02,25.4,
08HB034,1,1985/03/03,23.0,
08HB034,1,1985/03/04,22.2,
08HB034,1,1985/03/05,20.9,
08HB034,1,1985/03/06,20.2,
08HB034,1,1985/03/07,18.7,
08HB034,1,1985/03/08,17.5,
08HB034,1,1985/03/09,16.4,
08HB034,1,1985/03/10,15.5,
08HB034,1,1985/03/11,14.8,
08HB034,1,1985/03/12,14.2,
08HB034,1,1985/03/13,13.7,
08HB034,1,1985/03/14,13.4,
08HB034,1,1985/03/15,13.7,
08HB034,1,1985/03/16,13.8,
08HB034,1,1985/03/17,14.2,
08HB034,1,1985/03/18,15.0,
08HB034,1,1985/03/19,15.5,
08HB034,1,1985/03/20,16.9,
08HB034,1,1985/03/21,18.5,
08HB034,1,1985/03/22,19.4,
08HB034,1,1985/03/23,22.4,
08HB034,1,1985/03/24,25.1,
08HB034,1,1985/03/25,23.9,
08HB034,1,1985/03/26,22.6,
08HB034,1,1985/03/27,21.9,
08HB034,1,1985/03/28,21.0,
08HB034,1,1985/03/29,20.0,
08HB034,1,1985/03/30,21.4,
08HB034,1,1985/03/31,28.8,
08HB034,1,1985/04/01,53.3,
08HB034,1,1985/04/02,90.2,
08HB034,1,1985/04/03,93.0,
08HB034,1,1985/04/04,66.9,
08HB034,1,1985/04/05,49.3,
08HB034,1,1985/04/06,41.9,
08HB034,1,1985/04/07,40.2,
08HB034,1,1985/04/08,44.0,
08HB034,1,1985/04/09,52.9,
08HB034,1,1985/04/10,62.0,
08HB034,1,1985/04/11,80.3,
08HB034,1,1985/04/12,107,
08HB034,1,1985/04/13,90.8,
08HB034,1,1985/04/14,77.6,
08HB034,1,1985/04/15,62.4,
08HB034,1,1985/04/16,51.0,
08HB034,1,1985/04/17,43.3,
08HB034,1,1985/04/18,37.5,
08HB034,1,1985/04/19,31.5,
08HB034,1,1985/04/20,26.2,
08HB034,1,1985/04/21,22.4,
08HB034,1,1985/04/22,19.5,
08HB034,1,1985/04/23,20.3,
08HB034,1,1985/04/24,19.8,
08HB034,1,1985/04/25,19.4,
08HB034,1,1985/04/26,21.3,
08HB034,1,1985/04/27,39.0,
08HB034,1,1985/04/28,47.1,
08HB034,1,1985/04/29,42.2,
08HB034,1,1985/04/30,34.1,
08HB034,1,1985/05/01,28.3,
08HB034,1,1985/05/02,26.4,
08HB034,1,1985/05/03,33.5,
08HB034,1,1985/05/04,39.5,
08HB034,1,1985/05/05,37.6,
08HB034,1,1985/05/06,33.2,
08HB034,1,1985/05/07,30.4,
08HB034,1,1985/05/08,27.3,
08HB034,1,1985/05/09,25.3,
08HB034,1,1985/05/10,22.9,
08HB034,1,1985/05/11,21.2,
08HB034,1,1985/05/12,19.2,
08HB034,1,1985/05/13,19.4,
08HB034,1,1985/05/14,21.7,
08HB034,1,1985/05/15,22.3,
08HB034,1,1985/05/16,24.9,
08HB034,1,1985/05/17,35.1,
08HB034,1,1985/05/18,45.6,
08HB034,1,1985/05/19,46.3,
08HB034,1,1985/05/20,39.8,
08HB034,1,1985/05/21,33.9,
08HB034,1,1985/05/22,31.3,
08HB034,1,1985/05/23,32.1,
08HB034,1,1985/05/24,32.3,
08HB034,1,1985/05/25,30.0,
08HB034,1,1985/05/26,26.8,
08HB034,1,1985/05/27,25.1,
08HB034,1,1985/05/28,23.1,
08HB034,1,1985/05/29,21.6,
08HB034,1,1985/05/30,19.8,
08HB034,1,1985/05/31,18.1,
08HB034,1,1985/06/01,17.8,
08HB034,1,1985/06/02,17.7,
08HB034,1,1985/06/03,16.7,
08HB034,1,1985/06/04,16.1,
08HB034,1,1985/06/05,15.7,
08HB034,1,1985/06/06,14.9,
08HB034,1,1985/06/07,14.7,
08HB034,1,1985/06/08,14.0,
08HB034,1,1985/06/09,12.9,
08HB034,1,1985/06/10,11.9,
08HB034,1,1985/06/11,11.5,
08HB034,1,1985/06/12,11.7,
08HB034,1,1985/06/13,11.4,
08HB034,1,1985/06/14,11.8,
08HB034,1,1985/06/15,12.9,
08HB034,1,1985/06/16,12.5,
08HB034,1,1985/06/17,11.7,
08HB034,1,1985/06/18,11.0,
08HB034,1,1985/06/19,10.7,
08HB034,1,1985/06/20,10.3,
08HB034,1,1985/06/21,9.68,
08HB034,1,1985/06/22,9.02,
08HB034,1,1985/06/23,8.35,
08HB034,1,1985/06/24,7.91,
08HB034,1,1985/06/25,7.09,
08HB034,1,1985/06/26,6.61,
08HB034,1,1985/06/27,6.24,
08HB034,1,1985/06/28,5.89,
08HB034,1,1985/06/29,5.65,
08HB034,1,1985/06/30,5.51,
08HB034,1,1985/07/01,5.14,
08HB034,1,1985/07/02,4.79,
08HB034,1,1985/07/03,4.46,
08HB034,1,1985/07/04,4.17,
08HB034,1,1985/07/05,4.20,
08HB034,1,1985/07/06,4.47,
08HB034,1,1985/07/07,4.50,
08HB034,1,1985/07/08,4.53,
08HB034,1,1985/07/09,4.44,
08HB034,1,1985/07/10,4.44,
08HB034,1,1985/07/11,4.34,
08HB034,1,1985/07/12,4.22,
08HB034,1,1985/07/13,4.41,
08HB034,1,1985/07/14,4.52,
08HB034,1,1985/07/15,4.45,
08HB034,1,1985/07/16,4.19,
08HB034,1,1985/07/17,4.19,
08HB034,1,1985/07/18,4.28,
08HB034,1,1985/07/19,4.20,
08HB034,1,1985/07/20,4.19,
08HB034,1,1985/07/21,4.26,
08HB034,1,1985/07/22,4.29,
08HB034,1,1985/07/23,4.34,
08HB034,1,1985/07/24,4.40,
08HB034,1,1985/07/25,4.42,
08HB034,1,1985/07/26,4.50,
08HB034,1,1985/07/27,4.45,
08HB034,1,1985/07/28,4.43,
08HB034,1,1985/07/29,4.47,
08HB034,1,1985/07/30,4.43,
08HB034,1,1985/07/31,4.51,
08HB034,1,1985/08/01,4.78,
08HB034,1,1985/08/02,4.88,
08HB034,1,1985/08/03,4.81,
08HB034,1,1985/08/04,4.76,
08HB034,1,1985/08/05,4.53,
08HB034,1,1985/08/06,4.41,
08HB034,1,1985/08/07,4.76,
08HB034,1,1985/08/08,4.80,
08HB034,1,1985/08/09,4.47,
08HB034,1,1985/08/10,4.72,
08HB034,1,1985/08/11,4.51,
08HB034,1,1985/08/12,4.37,
08HB034,1,1985/08/13,4.23,
08HB034,1,1985/08/14,4.23,
08HB034,1,1985/08/15,4.22,
08HB034,1,1985/08/16,4.18,
08HB034,1,1985/08/17,4.22,
08HB034,1,1985/08/18,4.30,
08HB034,1,1985/08/19,4.41,
08HB034,1,1985/08/20,4.54,
08HB034,1,1985/08/21,4.55,
08HB034,1,1985/08/22,4.58,
08HB034,1,1985/08/23,4.52,
08HB034,1,1985/08/24,4.55,
08HB034,1,1985/08/25,4.51,
08HB034,1,1985/08/26,4.46,
08HB034,1,1985/08/27,4.34,
08HB034,1,1985/08/28,4.05,
08HB034,1,1985/08/29,3.75,
08HB034,1,1985/08/30,3.62,
08HB034,1,1985/08/31,3.53,
08HB034,1,1985/09/01,3.62,
08HB034,1,1985/09/02,3.86,
08HB034,1,1985/09/03,4.07,
08HB034,1,1985/09/04,4.41,
08HB034,1,1985/09/05,4.76,
08HB034,1,1985/09/06,5.20,
08HB034,1,1985/09/07,5.37,
08HB034,1,1985/09/08,5.24,
08HB034,1,1985/09/09,4.98,
08HB034,1,1985/09/10,4.74,
08HB034,1,1985/09/11,4.53,
08HB034,1,1985/09/12,4.50,
08HB034,1,1985/09/13,4.82,
08HB034,1,1985/09/14,6.34,
08HB034,1,1985/09/15,8.18,
08HB034,1,1985/09/16,7.97,
08HB034,1,1985/09/17,7.45,
08HB034,1,1985/09/18,6.89,
08HB034,1,1985/09/19,6.73,
08HB034,1,1985/09/20,6.38,
08HB034,1,1985/09/21,6.07,
08HB034,1,1985/09/22,5.81,
08HB034,1,1985/09/23,5.54,
08HB034,1,1985/09/24,5.39,
08HB034,1,1985/09/25,5.23,
08HB034,1,1985/09/26,5.12,
08HB034,1,1985/09/27,4.92,
08HB034,1,1985/09/28,4.80,
08HB034,1,1985/09/29,4.73,
08HB034,1,1985/09/30,4.70,
08HB034,1,1985/10/01,5.02,
08HB034,1,1985/10/02,5.14,
08HB034,1,1985/10/03,5.26,
08HB034,1,1985/10/04,5.19,
08HB034,1,1985/10/05,5.20,
08HB034,1,1985/10/06,5.08,
08HB034,1,1985/10/07,4.94,
08HB034,1,1985/10/08,4.78,
08HB034,1,1985/10/09,5.22,
08HB034,1,1985/10/10,4.70,
08HB034,1,1985/10/11,7.73,
08HB034,1,1985/10/12,8.17,
08HB034,1,1985/10/13,7.99,
08HB034,1,1985/10/14,8.67,
08HB034,1,1985/10/15,9.97,
08HB034,1,1985/10/16,15.0,
08HB034,1,1985/10/17,19.1,
08HB034,1,1985/10/18,21.8,
08HB034,1,1985/10/19,57.5,
08HB034,1,1985/10/20,72.3,
08HB034,1,1985/10/21,83.4,
08HB034,1,1985/10/22,130,
08HB034,1,1985/10/23,86.8,
08HB034,1,1985/10/24,57.5,
08HB034,1,1985/10/25,50.1,
08HB034,1,1985/10/26,42.5,
08HB034,1,1985/10/27,52.3,
08HB034,1,1985/10/28,54.2,
08HB034,1,1985/10/29,43.4,
08HB034,1,1985/10/30,39.8,
08HB034,1,1985/10/31,35.8,
08HB034,1,1985/11/01,48.5,
08HB034,1,1985/11/02,82.4,
08HB034,1,1985/11/03,65.9,
08HB034,1,1985/11/04,50.1,
08HB034,1,1985/11/05,38.7,
08HB034,1,1985/11/06,34.2,
08HB034,1,1985/11/07,32.0,
08HB034,1,1985/11/08,29.1,
08HB034,1,1985/11/09,26.5,
08HB034,1,1985/11/10,23.8,
08HB034,1,1985/11/11,20.4,
08HB034,1,1985/11/12,18.0,
08HB034,1,1985/11/13,16.1,
08HB034,1,1985/11/14,15.1,
08HB034,1,1985/11/15,15.5,
08HB034,1,1985/11/16,19.5,
08HB034,1,1985/11/17,19.2,
08HB034,1,1985/11/18,18.2,
08HB034,1,1985/11/19,17.1,
08HB034,1,1985/11/20,15.9,
08HB034,1,1985/11/21,15.2,
08HB034,1,1985/11/22,14.2,
08HB034,1,1985/11/23,13.5,B
08HB034,1,1985/11/24,13.0,B
08HB034,1,1985/11/25,12.3,B
08HB034,1,1985/11/26,11.8,B
08HB034,1,1985/11/27,11.3,B
08HB034,1,1985/11/28,10.7,B
08HB034,1,1985/11/29,10.1,B
08HB034,1,1985/11/30,9.90,B
08HB034,1,1985/12/01,9.80,B
08HB034,1,1985/12/02,9.60,B
08HB034,1,1985/12/03,9.50,B
08HB034,1,1985/12/04,15.5,
08HB034,1,1985/12/05,59.9,
08HB034,1,1985/12/06,86.0,
08HB034,1,1985/12/07,72.5,
08HB034,1,1985/12/08,57.4,
08HB034,1,1985/12/09,44.8,
08HB034,1,1985/12/10,35.3,
08HB034,1,1985/12/11,28.1,
08HB034,1,1985/12/12,23.9,
08HB034,1,1985/12/13,20.4,
08HB034,1,1985/12/14,18.2,
08HB034,1,1985/12/15,16.6,
08HB034,1,1985/12/16,15.4,
08HB034,1,1985/12/17,14.7,
08HB034,1,1985/12/18,14.3,
08HB034,1,1985/12/19,14.3,
08HB034,1,1985/12/20,14.5,
08HB034,1,1985/12/21,14.8,
08HB034,1,1985/12/22,14.7,
08HB034,1,1985/12/23,14.6,
08HB034,1,1985/12/24,14.0,
08HB034,1,1985/12/25,14.0,
08HB034,1,1985/12/26,13.8,
08HB034,1,1985/12/27,13.4,
08HB034,1,1985/12/28,12.9,
08HB034,1,1985/12/29,12.3,
08HB034,1,1985/12/30,11.8,
08HB034,1,1985/12/31,10.9,
08HB034,1,1986/01/01,11.3,
08HB034,1,1986/01/02,11.3,
08HB034,1,1986/01/03,11.1,
08HB034,1,1986/01/04,10.6,
08HB034,1,1986/01/05,12.2,
08HB034,1,1986/01/06,23.2,
08HB034,1,1986/01/07,22.8,
08HB034,1,1986/01/08,111,
08HB034,1,1986/01/09,127,
08HB034,1,1986/01/10,183,
08HB034,1,1986/01/11,229,
08HB034,1,1986/01/12,122,
08HB034,1,1986/01/13,71.5,
08HB034,1,1986/01/14,77.8,
08HB034,1,1986/01/15,76.4,
08HB034,1,1986/01/16,86.3,
08HB034,1,1986/01/17,127,
08HB034,1,1986/01/18,424,
08HB034,1,1986/01/19,573,
08HB034,1,1986/01/20,228,
08HB034,1,1986/01/21,110,
08HB034,1,1986/01/22,81.2,
08HB034,1,1986/01/23,92.2,
08HB034,1,1986/01/24,94.2,
08HB034,1,1986/01/25,71.8,
08HB034,1,1986/01/26,54.2,
08HB034,1,1986/01/27,47.5,
08HB034,1,1986/01/28,51.5,
08HB034,1,1986/01/29,49.2,
08HB034,1,1986/01/30,49.1,
08HB034,1,1986/01/31,57.8,
08HB034,1,1986/02/01,81.0,
08HB034,1,1986/02/02,106,
08HB034,1,1986/02/03,82.1,
08HB034,1,1986/02/04,62.6,
08HB034,1,1986/02/05,55.7,
08HB034,1,1986/02/06,46.2,
08HB034,1,1986/02/07,38.8,
08HB034,1,1986/02/08,32.8,
08HB034,1,1986/02/09,28.2,
08HB034,1,1986/02/10,24.9,
08HB034,1,1986/02/11,21.2,
08HB034,1,1986/02/12,19.3,
08HB034,1,1986/02/13,17.0,
08HB034,1,1986/02/14,15.4,
08HB034,1,1986/02/15,14.4,B
08HB034,1,1986/02/16,13.7,B
08HB034,1,1986/02/17,12.8,B
08HB034,1,1986/02/18,12.1,B
08HB034,1,1986/02/19,11.8,B
08HB034,1,1986/02/20,11.1,B
08HB034,1,1986/02/21,10.8,B
08HB034,1,1986/02/22,10.9,
08HB034,1,1986/02/23,14.3,
08HB034,1,1986/02/24,346,
08HB034,1,1986/02/25,595,
08HB034,1,1986/02/26,286,
08HB034,1,1986/02/27,146,
08HB034,1,1986/02/28,96.4,
08HB034,1,1986/03/01,73.6,
08HB034,1,1986/03/02,56.9,
08HB034,1,1986/03/03,47.1,
08HB034,1,1986/03/04,44.7,
08HB034,1,1986/03/05,40.7,
08HB034,1,1986/03/06,35.9,
08HB034,1,1986/03/07,74.5,
08HB034,1,1986/03/08,122,
08HB034,1,1986/03/09,91.9,
08HB034,1,1986/03/10,65.4,
08HB034,1,1986/03/11,53.0,
08HB034,1,1986/03/12,53.6,
08HB034,1,1986/03/13,53.3,
08HB034,1,1986/03/14,48.2,
08HB034,1,1986/03/15,41.0,
08HB034,1,1986/03/16,33.9,
08HB034,1,1986/03/17,28.5,
08HB034,1,1986/03/18,25.2,
08HB034,1,1986/03/19,22.5,
08HB034,1,1986/03/20,19.8,
08HB034,1,1986/03/21,23.1,
08HB034,1,1986/03/22,30.5,
08HB034,1,1986/03/23,32.1,
08HB034,1,1986/03/24,38.9,
08HB034,1,1986/03/25,45.3,
08HB034,1,1986/03/26,110,
08HB034,1,1986/03/27,275,
08HB034,1,1986/03/28,210,
08HB034,1,1986/03/29,109,
08HB034,1,1986/03/30,68.5,
08HB034,1,1986/03/31,50.9,
08HB034,1,1986/04/01,40.8,
08HB034,1,1986/04/02,33.0,
08HB034,1,1986/04/03,27.2,
08HB034,1,1986/04/04,24.1,
08HB034,1,1986/04/05,20.8,
08HB034,1,1986/04/06,18.7,
08HB034,1,1986/04/07,16.8,
08HB034,1,1986/04/08,16.5,
08HB034,1,1986/04/09,16.4,
08HB034,1,1986/04/10,15.7,
08HB034,1,1986/04/11,15.1,
08HB034,1,1986/04/12,14.9,
08HB034,1,1986/04/13,14.4,
08HB034,1,1986/04/14,13.6,
08HB034,1,1986/04/15,13.3,
08HB034,1,1986/04/16,13.5,
08HB034,1,1986/04/17,13.8,
08HB034,1,1986/04/18,13.5,
08HB034,1,1986/04/19,13.5,
08HB034,1,1986/04/20,16.8,
08HB034,1,1986/04/21,23.6,
08HB034,1,1986/04/22,25.1,
08HB034,1,1986/04/23,22.3,
08HB034,1,1986/04/24,19.0,
08HB034,1,1986/04/25,17.9,
08HB034,1,1986/04/26,17.4,
08HB034,1,1986/04/27,22.3,
08HB034,1,1986/04/28,24.9,
08HB034,1,1986/04/29,24.8,
08HB034,1,1986/04/30,23.5,
08HB034,1,1986/05/01,21.7,
08HB034,1,1986/05/02,25.5,
08HB034,1,1986/05/03,30.9,
08HB034,1,1986/05/04,32.8,
08HB034,1,1986/05/05,30.6,
08HB034,1,1986/05/06,28.4,
08HB034,1,1986/05/07,25.6,
08HB034,1,1986/05/08,23.2,
08HB034,1,1986/05/09,21.1,
08HB034,1,1986/05/10,19.9,
08HB034,1,1986/05/11,18.9,
08HB034,1,1986/05/12,21.6,
08HB034,1,1986/05/13,73.8,
08HB034,1,1986/05/14,72.1,
08HB034,1,1986/05/15,52.3,
08HB034,1,1986/05/16,38.9,
08HB034,1,1986/05/17,31.2,
08HB034,1,1986/05/18,34.5,
08HB034,1,1986/05/19,43.9,
08HB034,1,1986/05/20,61.2,
08HB034,1,1986/05/21,55.3,
08HB034,1,1986/05/22,41.9,
08HB034,1,1986/05/23,31.7,
08HB034,1,1986/05/24,31.0,
08HB034,1,1986/05/25,84.3,
08HB034,1,1986/05/26,108,
08HB034,1,1986/05/27,76.9,
08HB034,1,1986/05/28,53.4,
08HB034,1,1986/05/29,41.0,
08HB034,1,1986/05/30,33.5,
08HB034,1,1986/05/31,29.1,
08HB034,1,1986/06/01,26.0,
08HB034,1,1986/06/02,22.7,
08HB034,1,1986/06/03,19.5,
08HB034,1,1986/06/04,17.3,
08HB034,1,1986/06/05,15.4,
08HB034,1,1986/06/06,14.4,
08HB034,1,1986/06/07,13.5,
08HB034,1,1986/06/08,12.4,
08HB034,1,1986/06/09,11.5,
08HB034,1,1986/06/10,10.9,
08HB034,1,1986/06/11,10.4,
08HB034,1,1986/06/12,9.72,
08HB034,1,1986/06/13,9.14,
08HB034,1,1986/06/14,8.97,
08HB034,1,1986/06/15,9.41,
08HB034,1,1986/06/16,11.1,
08HB034,1,1986/06/17,12.0,
08HB034,1,1986/06/18,13.0,
08HB034,1,1986/06/19,13.0,
08HB034,1,1986/06/20,13.0,
08HB034,1,1986/06/21,12.9,
08HB034,1,1986/06/22,12.3,
08HB034,1,1986/06/23,11.6,
08HB034,1,1986/06/24,10.6,
08HB034,1,1986/06/25,9.61,
08HB034,1,1986/06/26,8.70,
08HB034,1,1986/06/27,7.98,
08HB034,1,1986/06/28,7.40,
08HB034,1,1986/06/29,7.34,
08HB034,1,1986/06/30,6.77,
08HB034,1,1986/07/01,6.73,
08HB034,1,1986/07/02,7.73,
08HB034,1,1986/07/03,7.66,
08HB034,1,1986/07/04,7.75,
08HB034,1,1986/07/05,7.78,
08HB034,1,1986/07/06,7.47,
08HB034,1,1986/07/07,6.99,
08HB034,1,1986/07/08,6.48,
08HB034,1,1986/07/09,6.04,
08HB034,1,1986/07/10,5.94,
08HB034,1,1986/07/11,5.94,
08HB034,1,1986/07/12,5.99,
08HB034,1,1986/07/13,6.11,
08HB034,1,1986/07/14,6.25,
08HB034,1,1986/07/15,6.19,
08HB034,1,1986/07/16,5.90,
08HB034,1,1986/07/17,5.56,
08HB034,1,1986/07/18,5.29,
08HB034,1,1986/07/19,5.00,
08HB034,1,1986/07/20,4.69,
08HB034,1,1986/07/21,4.34,
08HB034,1,1986/07/22,4.23,
08HB034,1,1986/07/23,4.35,
08HB034,1,1986/07/24,4.33,
08HB034,1,1986/07/25,4.24,
08HB034,1,1986/07/26,4.61,
08HB034,1,1986/07/27,4.86,
08HB034,1,1986/07/28,5.13,
08HB034,1,1986/07/29,5.21,
08HB034,1,1986/07/30,5.26,
08HB034,1,1986/07/31,5.22,
08HB034,1,1986/08/01,5.12,
08HB034,1,1986/08/02,4.89,
08HB034,1,1986/08/03,4.55,
08HB034,1,1986/08/04,4.31,
08HB034,1,1986/08/05,4.02,
08HB034,1,1986/08/06,3.89,
08HB034,1,1986/08/07,3.89,
08HB034,1,1986/08/08,3.97,
08HB034,1,1986/08/09,4.10,
08HB034,1,1986/08/10,4.18,
08HB034,1,1986/08/11,4.43,
08HB034,1,1986/08/12,4.71,
08HB034,1,1986/08/13,5.30,
08HB034,1,1986/08/14,5.36,
08HB034,1,1986/08/15,5.14,
08HB034,1,1986/08/16,4.39,
08HB034,1,1986/08/17,4.21,
08HB034,1,1986/08/18,4.16,
08HB034,1,1986/08/19,4.10,
08HB034,1,1986/08/20,4.11,
08HB034,1,1986/08/21,4.11,
08HB034,1,1986/08/22,4.08,
08HB034,1,1986/08/23,4.16,
08HB034,1,1986/08/24,4.31,
08HB034,1,1986/08/25,4.47,
08HB034,1,1986/08/26,4.80,
08HB034,1,1986/08/27,5.00,
08HB034,1,1986/08/28,5.63,
08HB034,1,1986/08/29,5.97,
08HB034,1,1986/08/30,5.87,
08HB034,1,1986/08/31,5.82,
08HB034,1,1986/09/01,5.73,
08HB034,1,1986/09/02,5.54,
08HB034,1,1986/09/03,4.80,
08HB034,1,1986/09/04,4.63,
08HB034,1,1986/09/05,4.59,
08HB034,1,1986/09/06,4.45,
08HB034,1,1986/09/07,4.44,
08HB034,1,1986/09/08,4.67,
08HB034,1,1986/09/09,4.91,
08HB034,1,1986/09/10,5.01,
08HB034,1,1986/09/11,4.97,
08HB034,1,1986/09/12,4.93,
08HB034,1,1986/09/13,4.71,
08HB034,1,1986/09/14,4.67,
08HB034,1,1986/09/15,4.29,
08HB034,1,1986/09/16,4.14,
08HB034,1,1986/09/17,3.47,
08HB034,1,1986/09/18,3.22,
08HB034,1,1986/09/19,3.17,
08HB034,1,1986/09/20,3.25,
08HB034,1,1986/09/21,3.50,
08HB034,1,1986/09/22,3.93,
08HB034,1,1986/09/23,4.69,
08HB034,1,1986/09/24,6.07,
08HB034,1,1986/09/25,6.06,
08HB034,1,1986/09/26,5.87,
08HB034,1,1986/09/27,5.56,
08HB034,1,1986/09/28,5.42,
08HB034,1,1986/09/29,5.15,
08HB034,1,1986/09/30,5.21,
08HB034,1,1986/10/01,4.95,
08HB034,1,1986/10/02,4.46,
08HB034,1,1986/10/03,4.22,
08HB034,1,1986/10/04,4.15,
08HB034,1,1986/10/05,4.31,
08HB034,1,1986/10/06,4.43,
08HB034,1,1986/10/07,4.75,
08HB034,1,1986/10/08,4.92,
08HB034,1,1986/10/09,5.26,
08HB034,1,1986/10/10,6.84,
08HB034,1,1986/10/11,8.35,
08HB034,1,1986/10/12,7.73,
08HB034,1,1986/10/13,6.85,
08HB034,1,1986/10/14,6.37,
08HB034,1,1986/10/15,5.70,
08HB034,1,1986/10/16,5.49,
08HB034,1,1986/10/17,5.32,
08HB034,1,1986/10/18,5.08,
08HB034,1,1986/10/19,4.90,
08HB034,1,1986/10/20,4.58,
08HB034,1,1986/10/21,4.49,
08HB034,1,1986/10/22,4.29,
08HB034,1,1986/10/23,4.13,
08HB034,1,1986/10/24,4.03,
08HB034,1,1986/10/25,4.18,
08HB034,1,1986/10/26,5.19,
08HB034,1,1986/10/27,10.2,
08HB034,1,1986/10/28,18.0,
08HB034,1,1986/10/29,20.4,
08HB034,1,1986/10/30,23.0,
08HB034,1,1986/10/31,27.9,
08HB034,1,1986/11/01,21.8,
08HB034,1,1986/11/02,15.9,
08HB034,1,1986/11/03,12.9,
08HB034,1,1986/11/04,11.0,
08HB034,1,1986/11/05,9.65,
08HB034,1,1986/11/06,8.41,
08HB034,1,1986/11/07,7.52,
08HB034,1,1986/11/08,6.26,
08HB034,1,1986/11/09,5.61,
08HB034,1,1986/11/10,5.11,
08HB034,1,1986/11/11,5.02,
08HB034,1,1986/11/12,5.03,
08HB034,1,1986/11/13,5.34,
08HB034,1,1986/11/14,6.20,
08HB034,1,1986/11/15,6.54,
08HB034,1,1986/11/16,6.80,
08HB034,1,1986/11/17,7.58,
08HB034,1,1986/11/18,25.9,
08HB034,1,1986/11/19,85.8,
08HB034,1,1986/11/20,266,
08HB034,1,1986/11/21,188,
08HB034,1,1986/11/22,97.0,
08HB034,1,1986/11/23,181,
08HB034,1,1986/11/24,181,
08HB034,1,1986/11/25,105,
08HB034,1,1986/11/26,126,
08HB034,1,1986/11/27,104,
08HB034,1,1986/11/28,79.7,
08HB034,1,1986/11/29,59.0,
08HB034,1,1986/11/30,49.3,
08HB034,1,1986/12/01,93.9,
08HB034,1,1986/12/02,85.5,
08HB034,1,1986/12/03,59.7,
08HB034,1,1986/12/04,43.8,
08HB034,1,1986/12/05,35.0,
08HB034,1,1986/12/06,26.4,
08HB034,1,1986/12/07,22.3,
08HB034,1,1986/12/08,19.3,
08HB034,1,1986/12/09,17.4,
08HB034,1,1986/12/10,16.0,
08HB034,1,1986/12/11,14.2,
08HB034,1,1986/12/12,13.6,
08HB034,1,1986/12/13,12.9,
08HB034,1,1986/12/14,26.9,
08HB034,1,1986/12/15,64.7,
08HB034,1,1986/12/16,51.4,
08HB034,1,1986/12/17,40.5,
08HB034,1,1986/12/18,31.6,
08HB034,1,1986/12/19,26.1,
08HB034,1,1986/12/20,23.1,
08HB034,1,1986/12/21,100,
08HB034,1,1986/12/22,322,
08HB034,1,1986/12/23,233,
08HB034,1,1986/12/24,186,
08HB034,1,1986/12/25,128,
08HB034,1,1986/12/26,95.3,
08HB034,1,1986/12/27,97.0,
08HB034,1,1986/12/28,105,
08HB034,1,1986/12/29,177,
08HB034,1,1986/12/30,140,
08HB034,1,1986/12/31,86.7,
08HB034,1,1987/01/01,82.4,
08HB034,1,1987/01/02,88.1,
08HB034,1,1987/01/03,178,
08HB034,1,1987/01/04,165,
08HB034,1,1987/01/05,105,
08HB034,1,1987/01/06,70.6,
08HB034,1,1987/01/07,53.8,
08HB034,1,1987/01/08,43.3,
08HB034,1,1987/01/09,34.3,
08HB034,1,1987/01/10,49.7,
08HB034,1,1987/01/11,214,
08HB034,1,1987/01/12,324,
08HB034,1,1987/01/13,183,
08HB034,1,1987/01/14,98.3,
08HB034,1,1987/01/15,65.4,
08HB034,1,1987/01/16,49.1,
08HB034,1,1987/01/17,39.7,
08HB034,1,1987/01/18,34.7,
08HB034,1,1987/01/19,30.7,
08HB034,1,1987/01/20,27.3,
08HB034,1,1987/01/21,25.0,
08HB034,1,1987/01/22,23.3,
08HB034,1,1987/01/23,22.6,
08HB034,1,1987/01/24,26.8,
08HB034,1,1987/01/25,36.6,
08HB034,1,1987/01/26,42.0,
08HB034,1,1987/01/27,46.8,
08HB034,1,1987/01/28,152,
08HB034,1,1987/01/29,198,
08HB034,1,1987/01/30,168,
08HB034,1,1987/01/31,120,
08HB034,1,1987/02/01,89.1,
08HB034,1,1987/02/02,68.2,
08HB034,1,1987/02/03,56.4,
08HB034,1,1987/02/04,100,
08HB034,1,1987/02/05,159,
08HB034,1,1987/02/06,134,
08HB034,1,1987/02/07,95.1,
08HB034,1,1987/02/08,71.8,
08HB034,1,1987/02/09,60.5,
08HB034,1,1987/02/10,74.0,
08HB034,1,1987/02/11,153,
08HB034,1,1987/02/12,150,
08HB034,1,1987/02/13,124,
08HB034,1,1987/02/14,127,
08HB034,1,1987/02/15,96.9,
08HB034,1,1987/02/16,74.1,
08HB034,1,1987/02/17,63.7,
08HB034,1,1987/02/18,54.6,
08HB034,1,1987/02/19,45.0,
08HB034,1,1987/02/20,40.0,
08HB034,1,1987/02/21,35.6,
08HB034,1,1987/02/22,32.8,
08HB034,1,1987/02/23,29.2,
08HB034,1,1987/02/24,24.3,
08HB034,1,1987/02/25,21.5,
08HB034,1,1987/02/26,18.4,
08HB034,1,1987/02/27,16.9,
08HB034,1,1987/02/28,15.7,
08HB034,1,1987/03/01,15.0,
08HB034,1,1987/03/02,15.7,
08HB034,1,1987/03/03,66.3,
08HB034,1,1987/03/04,325,
08HB034,1,1987/03/05,440,
08HB034,1,1987/03/06,290,
08HB034,1,1987/03/07,147,
08HB034,1,1987/03/08,85.9,
08HB034,1,1987/03/09,61.9,
08HB034,1,1987/03/10,55.2,
08HB034,1,1987/03/11,62.0,
08HB034,1,1987/03/12,75.5,
08HB034,1,1987/03/13,90.5,
08HB034,1,1987/03/14,90.3,
08HB034,1,1987/03/15,71.1,
08HB034,1,1987/03/16,56.4,
08HB034,1,1987/03/17,53.6,
08HB034,1,1987/03/18,51.5,
08HB034,1,1987/03/19,44.7,
08HB034,1,1987/03/20,37.9,
08HB034,1,1987/03/21,32.2,
08HB034,1,1987/03/22,27.4,
08HB034,1,1987/03/23,24.0,
08HB034,1,1987/03/24,20.9,
08HB034,1,1987/03/25,19.6,
08HB034,1,1987/03/26,18.8,
08HB034,1,1987/03/27,17.3,
08HB034,1,1987/03/28,16.0,
08HB034,1,1987/03/29,15.0,
08HB034,1,1987/03/30,14.1,
08HB034,1,1987/03/31,13.3,
08HB034,1,1987/04/01,13.1,
08HB034,1,1987/04/02,13.6,
08HB034,1,1987/04/03,16.5,
08HB034,1,1987/04/04,19.2,
08HB034,1,1987/04/05,19.8,
08HB034,1,1987/04/06,19.3,
08HB034,1,1987/04/07,21.1,
08HB034,1,1987/04/08,30.3,
08HB034,1,1987/04/09,35.8,
08HB034,1,1987/04/10,46.3,
08HB034,1,1987/04/11,48.6,
08HB034,1,1987/04/12,40.4,
08HB034,1,1987/04/13,32.9,
08HB034,1,1987/04/14,38.4,
08HB034,1,1987/04/15,45.0,
08HB034,1,1987/04/16,80.4,
08HB034,1,1987/04/17,91.0,
08HB034,1,1987/04/18,63.3,
08HB034,1,1987/04/19,43.2,
08HB034,1,1987/04/20,32.7,
08HB034,1,1987/04/21,26.4,
08HB034,1,1987/04/22,22.2,
08HB034,1,1987/04/23,19.8,
08HB034,1,1987/04/24,17.4,
08HB034,1,1987/04/25,15.9,
08HB034,1,1987/04/26,15.1,
08HB034,1,1987/04/27,14.7,
08HB034,1,1987/04/28,18.4,
08HB034,1,1987/04/29,22.4,
08HB034,1,1987/04/30,26.9,
08HB034,1,1987/05/01,30.5,
08HB034,1,1987/05/02,29.0,
08HB034,1,1987/05/03,27.5,
08HB034,1,1987/05/04,37.5,
08HB034,1,1987/05/05,46.2,
08HB034,1,1987/05/06,40.4,
08HB034,1,1987/05/07,34.6,
08HB034,1,1987/05/08,34.0,
08HB034,1,1987/05/09,33.5,
08HB034,1,1987/05/10,30.4,
08HB034,1,1987/05/11,26.8,
08HB034,1,1987/05/12,28.7,
08HB034,1,1987/05/13,26.9,
08HB034,1,1987/05/14,27.4,
08HB034,1,1987/05/15,28.8,
08HB034,1,1987/05/16,25.7,
08HB034,1,1987/05/17,21.1,
08HB034,1,1987/05/18,18.6,
08HB034,1,1987/05/19,16.1,
08HB034,1,1987/05/20,13.8,
08HB034,1,1987/05/21,13.0,
08HB034,1,1987/05/22,12.5,
08HB034,1,1987/05/23,12.1,
08HB034,1,1987/05/24,11.8,
08HB034,1,1987/05/25,11.6,
08HB034,1,1987/05/26,11.7,
08HB034,1,1987/05/27,12.0,
08HB034,1,1987/05/28,12.5,
08HB034,1,1987/05/29,13.3,
08HB034,1,1987/05/30,50.3,
08HB034,1,1987/05/31,78.1,
08HB034,1,1987/06/01,65.9,
08HB034,1,1987/06/02,48.8,
08HB034,1,1987/06/03,35.0,
08HB034,1,1987/06/04,27.3,
08HB034,1,1987/06/05,23.5,
08HB034,1,1987/06/06,20.2,
08HB034,1,1987/06/07,17.7,
08HB034,1,1987/06/08,16.1,
08HB034,1,1987/06/09,15.1,
08HB034,1,1987/06/10,13.7,
08HB034,1,1987/06/11,12.1,
08HB034,1,1987/06/12,13.0,
08HB034,1,1987/06/13,30.0,
08HB034,1,1987/06/14,37.7,
08HB034,1,1987/06/15,29.1,
08HB034,1,1987/06/16,21.9,
08HB034,1,1987/06/17,18.6,
08HB034,1,1987/06/18,14.9,
08HB034,1,1987/06/19,12.2,
08HB034,1,1987/06/20,11.7,
08HB034,1,1987/06/21,12.7,
08HB034,1,1987/06/22,13.7,
08HB034,1,1987/06/23,15.1,
08HB034,1,1987/06/24,14.4,
08HB034,1,1987/06/25,12.9,
08HB034,1,1987/06/26,11.8,
08HB034,1,1987/06/27,10.8,
08HB034,1,1987/06/28,10.1,
08HB034,1,1987/06/29,9.33,
08HB034,1,1987/06/30,8.68,
08HB034,1,1987/07/01,8.01,
08HB034,1,1987/07/02,7.47,
08HB034,1,1987/07/03,6.91,
08HB034,1,1987/07/04,6.42,
08HB034,1,1987/07/05,6.34,
08HB034,1,1987/07/06,5.84,
08HB034,1,1987/07/07,5.63,
08HB034,1,1987/07/08,5.70,
08HB034,1,1987/07/09,5.58,
08HB034,1,1987/07/10,5.36,
08HB034,1,1987/07/11,5.15,
08HB034,1,1987/07/12,4.92,
08HB034,1,1987/07/13,4.60,
08HB034,1,1987/07/14,4.44,
08HB034,1,1987/07/15,4.53,
08HB034,1,1987/07/16,4.90,
08HB034,1,1987/07/17,5.11,
08HB034,1,1987/07/18,5.38,
08HB034,1,1987/07/19,5.57,
08HB034,1,1987/07/20,5.57,
08HB034,1,1987/07/21,5.55,
08HB034,1,1987/07/22,5.40,
08HB034,1,1987/07/23,5.25,
08HB034,1,1987/07/24,5.04,
08HB034,1,1987/07/25,5.28,
08HB034,1,1987/07/26,5.23,
08HB034,1,1987/07/27,4.98,
08HB034,1,1987/07/28,4.57,
08HB034,1,1987/07/29,4.30,
08HB034,1,1987/07/30,4.25,
08HB034,1,1987/07/31,4.46,
08HB034,1,1987/08/01,4.54,
08HB034,1,1987/08/02,4.68,
08HB034,1,1987/08/03,4.69,
08HB034,1,1987/08/04,4.71,
08HB034,1,1987/08/05,5.04,
08HB034,1,1987/08/06,5.20,
08HB034,1,1987/08/07,5.18,
08HB034,1,1987/08/08,5.13,
08HB034,1,1987/08/09,4.88,
08HB034,1,1987/08/10,4.65,
08HB034,1,1987/08/11,4.64,
08HB034,1,1987/08/12,4.62,
08HB034,1,1987/08/13,4.86,
08HB034,1,1987/08/14,5.15,
08HB034,1,1987/08/15,5.16,
08HB034,1,1987/08/16,5.01,
08HB034,1,1987/08/17,4.81,
08HB034,1,1987/08/18,4.82,
08HB034,1,1987/08/19,4.76,
08HB034,1,1987/08/20,4.46,
08HB034,1,1987/08/21,3.95,
08HB034,1,1987/08/22,4.06,
08HB034,1,1987/08/23,4.15,
08HB034,1,1987/08/24,4.32,
08HB034,1,1987/08/25,4.55,
08HB034,1,1987/08/26,4.84,
08HB034,1,1987/08/27,4.95,
08HB034,1,1987/08/28,4.57,
08HB034,1,1987/08/29,4.39,
08HB034,1,1987/08/30,4.44,
08HB034,1,1987/08/31,4.76,
08HB034,1,1987/09/01,4.93,
08HB034,1,1987/09/02,5.27,
08HB034,1,1987/09/03,5.66,
08HB034,1,1987/09/04,5.77,
08HB034,1,1987/09/05,5.73,
08HB034,1,1987/09/06,5.60,
08HB034,1,1987/09/07,5.45,
08HB034,1,1987/09/08,5.38,
08HB034,1,1987/09/09,5.40,
08HB034,1,1987/09/10,5.23,
08HB034,1,1987/09/11,5.20,
08HB034,1,1987/09/12,5.51,
08HB034,1,1987/09/13,5.55,
08HB034,1,1987/09/14,5.52,
08HB034,1,1987/09/15,5.45,
08HB034,1,1987/09/16,5.43,
08HB034,1,1987/09/17,5.25,
08HB034,1,1987/09/18,5.05,
08HB034,1,1987/09/19,4.87,
08HB034,1,1987/09/20,4.75,
08HB034,1,1987/09/21,4.49,
08HB034,1,1987/09/22,4.41,
08HB034,1,1987/09/23,4.30,
08HB034,1,1987/09/24,4.26,
08HB034,1,1987/09/25,4.45,
08HB034,1,1987/09/26,4.41,
08HB034,1,1987/09/27,4.21,
08HB034,1,1987/09/28,3.97,
08HB034,1,1987/09/29,3.76,
08HB034,1,1987/09/30,3.55,
08HB034,1,1987/10/01,3.37,
08HB034,1,1987/10/02,3.42,
08HB034,1,1987/10/03,3.60,
08HB034,1,1987/10/04,3.73,
08HB034,1,1987/10/05,3.88,
08HB034,1,1987/10/06,4.04,
08HB034,1,1987/10/07,4.26,
08HB034,1,1987/10/08,4.55,
08HB034,1,1987/10/09,4.80,
08HB034,1,1987/10/10,4.97,
08HB034,1,1987/10/11,5.09,
08HB034,1,1987/10/12,5.20,
08HB034,1,1987/10/13,5.15,
08HB034,1,1987/10/14,5.23,
08HB034,1,1987/10/15,5.24,
08HB034,1,1987/10/16,5.26,
08HB034,1,1987/10/17,5.30,
08HB034,1,1987/10/18,5.25,
08HB034,1,1987/10/19,5.20,
08HB034,1,1987/10/20,5.11,
08HB034,1,1987/10/21,5.13,
08HB034,1,1987/10/22,4.99,
08HB034,1,1987/10/23,4.85,
08HB034,1,1987/10/24,4.79,
08HB034,1,1987/10/25,4.76,
08HB034,1,1987/10/26,4.67,
08HB034,1,1987/10/27,4.58,
08HB034,1,1987/10/28,4.45,
08HB034,1,1987/10/29,4.44,
08HB034,1,1987/10/30,4.30,
08HB034,1,1987/10/31,4.64,
08HB034,1,1987/11/01,5.34,
08HB034,1,1987/11/02,5.19,
08HB034,1,1987/11/03,5.08,
08HB034,1,1987/11/04,4.98,
08HB034,1,1987/11/05,4.81,
08HB034,1,1987/11/06,4.63,
08HB034,1,1987/11/07,4.50,
08HB034,1,1987/11/08,4.41,
08HB034,1,1987/11/09,4.49,
08HB034,1,1987/11/10,5.61,
08HB034,1,1987/11/11,16.1,
08HB034,1,1987/11/12,21.6,
08HB034,1,1987/11/13,23.5,
08HB034,1,1987/11/14,23.1,
08HB034,1,1987/11/15,18.4,
08HB034,1,1987/11/16,14.9,
08HB034,1,1987/11/17,11.8,
08HB034,1,1987/11/18,9.95,
08HB034,1,1987/11/19,8.82,
08HB034,1,1987/11/20,9.38,
08HB034,1,1987/11/21,11.4,
08HB034,1,1987/11/22,30.7,
08HB034,1,1987/11/23,37.7,
08HB034,1,1987/11/24,125,
08HB034,1,1987/11/25,100,
08HB034,1,1987/11/26,54.5,
08HB034,1,1987/11/27,35.6,
08HB034,1,1987/11/28,25.4,
08HB034,1,1987/11/29,20.2,
08HB034,1,1987/11/30,19.7,
08HB034,1,1987/12/01,95.8,
08HB034,1,1987/12/02,126,
08HB034,1,1987/12/03,143,
08HB034,1,1987/12/04,116,
08HB034,1,1987/12/05,84.7,
08HB034,1,1987/12/06,190,
08HB034,1,1987/12/07,170,
08HB034,1,1987/12/08,116,
08HB034,1,1987/12/09,154,
08HB034,1,1987/12/10,247,
08HB034,1,1987/12/11,141,
08HB034,1,1987/12/12,79.2,
08HB034,1,1987/12/13,53.5,
08HB034,1,1987/12/14,41.6,
08HB034,1,1987/12/15,34.1,
08HB034,1,1987/12/16,28.6,
08HB034,1,1987/12/17,24.9,
08HB034,1,1987/12/18,22.4,
08HB034,1,1987/12/19,20.5,
08HB034,1,1987/12/20,19.4,
08HB034,1,1987/12/21,18.4,
08HB034,1,1987/12/22,17.2,
08HB034,1,1987/12/23,16.3,
08HB034,1,1987/12/24,15.0,
08HB034,1,1987/12/25,12.7,
08HB034,1,1987/12/26,12.2,
08HB034,1,1987/12/27,11.8,
08HB034,1,1987/12/28,11.6,
08HB034,1,1987/12/29,11.7,
08HB034,1,1987/12/30,11.4,
08HB034,1,1987/12/31,11.1,
08HB034,1,1988/01/01,10.1,
08HB034,1,1988/01/02,9.51,
08HB034,1,1988/01/03,9.12,
08HB034,1,1988/01/04,9.23,
08HB034,1,1988/01/05,8.95,
08HB034,1,1988/01/06,8.67,
08HB034,1,1988/01/07,8.52,
08HB034,1,1988/01/08,8.40,
08HB034,1,1988/01/09,8.80,
08HB034,1,1988/01/10,10.3,
08HB034,1,1988/01/11,10.6,
08HB034,1,1988/01/12,10.5,
08HB034,1,1988/01/13,11.8,
08HB034,1,1988/01/14,164,
08HB034,1,1988/01/15,252,
08HB034,1,1988/01/16,129,
08HB034,1,1988/01/17,75.0,
08HB034,1,1988/01/18,53.7,
08HB034,1,1988/01/19,42.0,
08HB034,1,1988/01/20,42.0,
08HB034,1,1988/01/21,41.7,
08HB034,1,1988/01/22,40.7,
08HB034,1,1988/01/23,41.4,
08HB034,1,1988/01/24,38.3,
08HB034,1,1988/01/25,33.8,
08HB034,1,1988/01/26,26.7,
08HB034,1,1988/01/27,23.8,
08HB034,1,1988/01/28,48.0,
08HB034,1,1988/01/29,87.1,
08HB034,1,1988/01/30,75.0,
08HB034,1,1988/01/31,54.5,
08HB034,1,1988/02/01,40.6,
08HB034,1,1988/02/02,32.8,
08HB034,1,1988/02/03,27.5,
08HB034,1,1988/02/04,23.7,
08HB034,1,1988/02/05,21.3,
08HB034,1,1988/02/06,19.8,
08HB034,1,1988/02/07,19.6,
08HB034,1,1988/02/08,20.4,
08HB034,1,1988/02/09,24.0,
08HB034,1,1988/02/10,29.6,
08HB034,1,1988/02/11,43.8,
08HB034,1,1988/02/12,93.7,
08HB034,1,1988/02/13,122,
08HB034,1,1988/02/14,91.1,
08HB034,1,1988/02/15,99.0,
08HB034,1,1988/02/16,75.8,
08HB034,1,1988/02/17,59.5,
08HB034,1,1988/02/18,50.9,
08HB034,1,1988/02/19,42.4,
08HB034,1,1988/02/20,36.1,
08HB034,1,1988/02/21,32.6,
08HB034,1,1988/02/22,29.6,
08HB034,1,1988/02/23,26.2,
08HB034,1,1988/02/24,21.0,
08HB034,1,1988/02/25,19.3,
08HB034,1,1988/02/26,18.4,
08HB034,1,1988/02/27,18.8,
08HB034,1,1988/02/28,20.5,
08HB034,1,1988/02/29,23.4,
08HB034,1,1988/03/01,26.7,
08HB034,1,1988/03/02,27.8,
08HB034,1,1988/03/03,31.2,
08HB034,1,1988/03/04,31.3,
08HB034,1,1988/03/05,33.1,
08HB034,1,1988/03/06,43.8,
08HB034,1,1988/03/07,44.9,
08HB034,1,1988/03/08,44.1,
08HB034,1,1988/03/09,48.2,
08HB034,1,1988/03/10,42.3,
08HB034,1,1988/03/11,36.0,
08HB034,1,1988/03/12,30.3,
08HB034,1,1988/03/13,26.6,
08HB034,1,1988/03/14,24.0,
08HB034,1,1988/03/15,22.0,
08HB034,1,1988/03/16,19.8,
08HB034,1,1988/03/17,18.7,
08HB034,1,1988/03/18,17.6,
08HB034,1,1988/03/19,17.8,
08HB034,1,1988/03/20,31.3,
08HB034,1,1988/03/21,54.2,
08HB034,1,1988/03/22,57.4,
08HB034,1,1988/03/23,107,
08HB034,1,1988/03/24,102,
08HB034,1,1988/03/25,79.6,
08HB034,1,1988/03/26,80.5,
08HB034,1,1988/03/27,66.3,
08HB034,1,1988/03/28,52.9,
08HB034,1,1988/03/29,40.6,
08HB034,1,1988/03/30,33.7,
08HB034,1,1988/03/31,28.4,
08HB034,1,1988/04/01,27.8,
08HB034,1,1988/04/02,38.2,
08HB034,1,1988/04/03,129,
08HB034,1,1988/04/04,101,
08HB034,1,1988/04/05,74.4,
08HB034,1,1988/04/06,102,
08HB034,1,1988/04/07,94.1,
08HB034,1,1988/04/08,69.0,
08HB034,1,1988/04/09,52.3,
08HB034,1,1988/04/10,43.2,
08HB034,1,1988/04/11,39.9,
08HB034,1,1988/04/12,37.4,
08HB034,1,1988/04/13,42.3,
08HB034,1,1988/04/14,55.0,
08HB034,1,1988/04/15,65.7,
08HB034,1,1988/04/16,69.7,
08HB034,1,1988/04/17,63.2,
08HB034,1,1988/04/18,54.6,
08HB034,1,1988/04/19,43.9,
08HB034,1,1988/04/20,39.3,
08HB034,1,1988/04/21,39.4,
08HB034,1,1988/04/22,39.9,
08HB034,1,1988/04/23,37.1,
08HB034,1,1988/04/24,31.7,
08HB034,1,1988/04/25,26.6,
08HB034,1,1988/04/26,22.9,
08HB034,1,1988/04/27,21.4,
08HB034,1,1988/04/28,27.2,
08HB034,1,1988/04/29,57.4,
08HB034,1,1988/04/30,58.1,
08HB034,1,1988/05/01,43.8,
08HB034,1,1988/05/02,36.5,
08HB034,1,1988/05/03,33.5,
08HB034,1,1988/05/04,31.0,
08HB034,1,1988/05/05,28.0,
08HB034,1,1988/05/06,26.2,
08HB034,1,1988/05/07,25.0,
08HB034,1,1988/05/08,24.7,
08HB034,1,1988/05/09,27.8,
08HB034,1,1988/05/10,29.6,
08HB034,1,1988/05/11,33.6,
08HB034,1,1988/05/12,43.3,
08HB034,1,1988/05/13,58.2,
08HB034,1,1988/05/14,58.3,
08HB034,1,1988/05/15,48.2,
08HB034,1,1988/05/16,43.2,
08HB034,1,1988/05/17,55.7,
08HB034,1,1988/05/18,61.3,
08HB034,1,1988/05/19,51.1,
08HB034,1,1988/05/20,40.5,
08HB034,1,1988/05/21,33.3,
08HB034,1,1988/05/22,33.7,
08HB034,1,1988/05/23,35.6,
08HB034,1,1988/05/24,31.5,
08HB034,1,1988/05/25,26.4,
08HB034,1,1988/05/26,23.4,
08HB034,1,1988/05/27,30.1,
08HB034,1,1988/05/28,76.2,
08HB034,1,1988/05/29,71.9,
08HB034,1,1988/05/30,48.4,
08HB034,1,1988/05/31,36.4,
08HB034,1,1988/06/01,33.3,
08HB034,1,1988/06/02,39.0,
08HB034,1,1988/06/03,84.9,
08HB034,1,1988/06/04,77.4,
08HB034,1,1988/06/05,57.6,
08HB034,1,1988/06/06,42.8,
08HB034,1,1988/06/07,33.9,
08HB034,1,1988/06/08,29.3,
08HB034,1,1988/06/09,24.8,
08HB034,1,1988/06/10,22.9,
08HB034,1,1988/06/11,21.9,
08HB034,1,1988/06/12,19.4,
08HB034,1,1988/06/13,18.1,
08HB034,1,1988/06/14,17.9,
08HB034,1,1988/06/15,19.6,
08HB034,1,1988/06/16,20.8,
08HB034,1,1988/06/17,20.3,
08HB034,1,1988/06/18,19.8,
08HB034,1,1988/06/19,18.9,
08HB034,1,1988/06/20,17.0,
08HB034,1,1988/06/21,15.5,
08HB034,1,1988/06/22,15.8,
08HB034,1,1988/06/23,15.5,
08HB034,1,1988/06/24,13.9,
08HB034,1,1988/06/25,12.6,
08HB034,1,1988/06/26,11.8,
08HB034,1,1988/06/27,11.2,
08HB034,1,1988/06/28,10.8,
08HB034,1,1988/06/29,10.2,
08HB034,1,1988/06/30,9.41,
08HB034,1,1988/07/01,9.16,
08HB034,1,1988/07/02,10.3,
08HB034,1,1988/07/03,10.5,
08HB034,1,1988/07/04,10.1,
08HB034,1,1988/07/05,10.6,
08HB034,1,1988/07/06,10.8,
08HB034,1,1988/07/07,10.2,
08HB034,1,1988/07/08,9.54,
08HB034,1,1988/07/09,9.11,
08HB034,1,1988/07/10,8.77,
08HB034,1,1988/07/11,8.53,
08HB034,1,1988/07/12,8.37,
08HB034,1,1988/07/13,9.45,
08HB034,1,1988/07/14,9.74,
08HB034,1,1988/07/15,9.45,
08HB034,1,1988/07/16,8.81,
08HB034,1,1988/07/17,7.91,
08HB034,1,1988/07/18,7.08,
08HB034,1,1988/07/19,6.38,
08HB034,1,1988/07/20,6.05,
08HB034,1,1988/07/21,5.92,
08HB034,1,1988/07/22,5.50,
08HB034,1,1988/07/23,5.27,
08HB034,1,1988/07/24,5.15,
08HB034,1,1988/07/25,4.90,
08HB034,1,1988/07/26,4.71,
08HB034,1,1988/07/27,4.65,
08HB034,1,1988/07/28,4.75,
08HB034,1,1988/07/29,4.89,
08HB034,1,1988/07/30,4.82,
08HB034,1,1988/07/31,4.84,
08HB034,1,1988/08/01,4.82,
08HB034,1,1988/08/02,4.76,
08HB034,1,1988/08/03,4.69,
08HB034,1,1988/08/04,4.66,
08HB034,1,1988/08/05,4.70,
08HB034,1,1988/08/06,4.77,
08HB034,1,1988/08/07,5.01,
08HB034,1,1988/08/08,4.68,
08HB034,1,1988/08/09,4.67,
08HB034,1,1988/08/10,4.79,
08HB034,1,1988/08/11,5.00,
08HB034,1,1988/08/12,5.15,
08HB034,1,1988/08/13,5.26,
08HB034,1,1988/08/14,5.02,
08HB034,1,1988/08/15,4.97,
08HB034,1,1988/08/16,6.01,
08HB034,1,1988/08/17,6.08,
08HB034,1,1988/08/18,5.74,
08HB034,1,1988/08/19,5.58,
08HB034,1,1988/08/20,5.31,
08HB034,1,1988/08/21,5.15,
08HB034,1,1988/08/22,4.98,
08HB034,1,1988/08/23,4.81,
08HB034,1,1988/08/24,4.63,
08HB034,1,1988/08/25,4.29,
08HB034,1,1988/08/26,4.03,
08HB034,1,1988/08/27,3.39,
08HB034,1,1988/08/28,3.15,
08HB034,1,1988/08/29,2.81,
08HB034,1,1988/08/30,2.59,
08HB034,1,1988/08/31,2.51,
08HB034,1,1988/09/01,2.99,
08HB034,1,1988/09/02,3.27,
08HB034,1,1988/09/03,3.45,
08HB034,1,1988/09/04,3.94,
08HB034,1,1988/09/05,4.15,
08HB034,1,1988/09/06,4.46,
08HB034,1,1988/09/07,4.69,
08HB034,1,1988/09/08,4.91,
08HB034,1,1988/09/09,5.10,
08HB034,1,1988/09/10,5.30,
08HB034,1,1988/09/11,5.34,
08HB034,1,1988/09/12,5.41,
08HB034,1,1988/09/13,5.48,
08HB034,1,1988/09/14,5.54,
08HB034,1,1988/09/15,5.65,
08HB034,1,1988/09/16,5.70,
08HB034,1,1988/09/17,5.64,
08HB034,1,1988/09/18,5.73,
08HB034,1,1988/09/19,6.20,
08HB034,1,1988/09/20,6.23,
08HB034,1,1988/09/21,6.22,
08HB034,1,1988/09/22,6.12,
08HB034,1,1988/09/23,6.63,
08HB034,1,1988/09/24,6.86,
08HB034,1,1988/09/25,8.30,
08HB034,1,1988/09/26,8.62,
08HB034,1,1988/09/27,10.2,
08HB034,1,1988/09/28,10.6,
08HB034,1,1988/09/29,10.9,
08HB034,1,1988/09/30,10.7,
08HB034,1,1988/10/01,9.87,
08HB034,1,1988/10/02,8.88,
08HB034,1,1988/10/03,8.10,
08HB034,1,1988/10/04,7.50,
08HB034,1,1988/10/05,7.20,
08HB034,1,1988/10/06,6.94,
08HB034,1,1988/10/07,6.65,
08HB034,1,1988/10/08,6.46,
08HB034,1,1988/10/09,6.33,
08HB034,1,1988/10/10,6.19,
08HB034,1,1988/10/11,6.02,
08HB034,1,1988/10/12,5.94,
08HB034,1,1988/10/13,6.17,
08HB034,1,1988/10/14,6.51,
08HB034,1,1988/10/15,8.59,
08HB034,1,1988/10/16,13.1,
08HB034,1,1988/10/17,14.1,
08HB034,1,1988/10/18,13.4,
08HB034,1,1988/10/19,13.0,
08HB034,1,1988/10/20,12.3,
08HB034,1,1988/10/21,11.8,
08HB034,1,1988/10/22,11.7,
08HB034,1,1988/10/23,11.5,
08HB034,1,1988/10/24,11.0,
08HB034,1,1988/10/25,10.5,
08HB034,1,1988/10/26,10.0,
08HB034,1,1988/10/27,9.52,
08HB034,1,1988/10/28,9.06,
08HB034,1,1988/10/29,8.72,
08HB034,1,1988/10/30,9.14,
08HB034,1,1988/10/31,11.7,
08HB034,1,1988/11/01,24.8,
08HB034,1,1988/11/02,52.8,
08HB034,1,1988/11/03,124,
08HB034,1,1988/11/04,119,
08HB034,1,1988/11/05,210,
08HB034,1,1988/11/06,275,
08HB034,1,1988/11/07,119,
08HB034,1,1988/11/08,70.4,
08HB034,1,1988/11/09,51.9,
08HB034,1,1988/11/10,52.5,
08HB034,1,1988/11/11,57.7,
08HB034,1,1988/11/12,83.8,
08HB034,1,1988/11/13,68.2,
08HB034,1,1988/11/14,51.0,
08HB034,1,1988/11/15,38.8,
08HB034,1,1988/11/16,31.2,
08HB034,1,1988/11/17,26.2,
08HB034,1,1988/11/18,22.2,
08HB034,1,1988/11/19,28.5,
08HB034,1,1988/11/20,60.1,
08HB034,1,1988/11/21,85.3,
08HB034,1,1988/11/22,127,
08HB034,1,1988/11/23,166,
08HB034,1,1988/11/24,108,
08HB034,1,1988/11/25,70.7,
08HB034,1,1988/11/26,49.9,
08HB034,1,1988/11/27,44.6,
08HB034,1,1988/11/28,55.6,
08HB034,1,1988/11/29,53.5,
08HB034,1,1988/11/30,47.3,
08HB034,1,1988/12/01,42.2,
08HB034,1,1988/12/02,52.8,
08HB034,1,1988/12/03,51.1,
08HB034,1,1988/12/04,42.7,
08HB034,1,1988/12/05,43.5,
08HB034,1,1988/12/06,60.9,
08HB034,1,1988/12/07,69.8,
08HB034,1,1988/12/08,60.2,
08HB034,1,1988/12/09,49.6,
08HB034,1,1988/12/10,41.4,
08HB034,1,1988/12/11,37.1,
08HB034,1,1988/12/12,47.5,
08HB034,1,1988/12/13,123,
08HB034,1,1988/12/14,96.8,
08HB034,1,1988/12/15,63.9,
08HB034,1,1988/12/16,46.0,
08HB034,1,1988/12/17,36.5,
08HB034,1,1988/12/18,30.9,
08HB034,1,1988/12/19,27.6,
08HB034,1,1988/12/20,25.5,
08HB034,1,1988/12/21,24.1,
08HB034,1,1988/12/22,22.1,
08HB034,1,1988/12/23,21.0,
08HB034,1,1988/12/24,19.7,
08HB034,1,1988/12/25,18.4,
08HB034,1,1988/12/26,16.9,
08HB034,1,1988/12/27,16.0,
08HB034,1,1988/12/28,15.2,
08HB034,1,1988/12/29,14.1,
08HB034,1,1988/12/30,44.8,
08HB034,1,1988/12/31,68.9,
08HB034,1,1989/01/01,57.6,
08HB034,1,1989/01/02,44.2,
08HB034,1,1989/01/03,74.8,
08HB034,1,1989/01/04,134,
08HB034,1,1989/01/05,91.6,
08HB034,1,1989/01/06,60.6,
08HB034,1,1989/01/07,43.5,
08HB034,1,1989/01/08,34.7,
08HB034,1,1989/01/09,29.3,
08HB034,1,1989/01/10,25.4,
08HB034,1,1989/01/11,22.0,
08HB034,1,1989/01/12,21.4,
08HB034,1,1989/01/13,39.9,
08HB034,1,1989/01/14,41.5,
08HB034,1,1989/01/15,36.8,
08HB034,1,1989/01/16,52.2,
08HB034,1,1989/01/17,134,
08HB034,1,1989/01/18,127,
08HB034,1,1989/01/19,89.7,
08HB034,1,1989/01/20,63.8,
08HB034,1,1989/01/21,51.5,
08HB034,1,1989/01/22,42.3,
08HB034,1,1989/01/23,35.3,
08HB034,1,1989/01/24,29.9,
08HB034,1,1989/01/25,25.5,
08HB034,1,1989/01/26,22.7,
08HB034,1,1989/01/27,22.5,
08HB034,1,1989/01/28,21.7,
08HB034,1,1989/01/29,21.0,
08HB034,1,1989/01/30,60.9,
08HB034,1,1989/01/31,136,
08HB034,1,1989/02/01,89.6,
08HB034,1,1989/02/02,55.2,
08HB034,1,1989/02/03,38.2,
08HB034,1,1989/02/04,29.0,B
08HB034,1,1989/02/05,23.0,B
08HB034,1,1989/02/06,19.4,B
08HB034,1,1989/02/07,17.4,B
08HB034,1,1989/02/08,15.9,B
08HB034,1,1989/02/09,14.8,B
08HB034,1,1989/02/10,13.8,B
08HB034,1,1989/02/11,12.9,B
08HB034,1,1989/02/12,12.4,B
08HB034,1,1989/02/13,11.9,B
08HB034,1,1989/02/14,11.3,B
08HB034,1,1989/02/15,10.8,B
08HB034,1,1989/02/16,10.8,
08HB034,1,1989/02/17,10.7,
08HB034,1,1989/02/18,10.7,
08HB034,1,1989/02/19,10.6,
08HB034,1,1989/02/20,10.4,
08HB034,1,1989/02/21,10.5,
08HB034,1,1989/02/22,37.7,
08HB034,1,1989/02/23,87.3,
08HB034,1,1989/02/24,83.2,
08HB034,1,1989/02/25,60.5,
08HB034,1,1989/02/26,44.4,
08HB034,1,1989/02/27,35.3,
08HB034,1,1989/02/28,30.0,
08HB034,1,1989/03/01,26.3,
08HB034,1,1989/03/02,22.9,
08HB034,1,1989/03/03,19.9,
08HB034,1,1989/03/04,18.2,
08HB034,1,1989/03/05,20.7,
08HB034,1,1989/03/06,32.3,
08HB034,1,1989/03/07,34.4,
08HB034,1,1989/03/08,33.3,
08HB034,1,1989/03/09,36.1,
08HB034,1,1989/03/10,60.4,
08HB034,1,1989/03/11,91.5,
08HB034,1,1989/03/12,124,
08HB034,1,1989/03/13,101,
08HB034,1,1989/03/14,73.4,
08HB034,1,1989/03/15,55.9,
08HB034,1,1989/03/16,46.0,
08HB034,1,1989/03/17,40.4,
08HB034,1,1989/03/18,36.5,
08HB034,1,1989/03/19,34.0,
08HB034,1,1989/03/20,31.4,
08HB034,1,1989/03/21,33.8,
08HB034,1,1989/03/22,39.9,
08HB034,1,1989/03/23,40.3,
08HB034,1,1989/03/24,37.2,
08HB034,1,1989/03/25,34.6,
08HB034,1,1989/03/26,32.8,
08HB034,1,1989/03/27,40.9,
08HB034,1,1989/03/28,54.0,
08HB034,1,1989/03/29,51.5,
08HB034,1,1989/03/30,43.4,
08HB034,1,1989/03/31,41.3,
08HB034,1,1989/04/01,41.1,
08HB034,1,1989/04/02,43.8,
08HB034,1,1989/04/03,42.3,
08HB034,1,1989/04/04,43.6,
08HB034,1,1989/04/05,56.9,
08HB034,1,1989/04/06,86.5,
08HB034,1,1989/04/07,127,
08HB034,1,1989/04/08,92.5,
08HB034,1,1989/04/09,68.7,
08HB034,1,1989/04/10,55.5,
08HB034,1,1989/04/11,49.8,
08HB034,1,1989/04/12,51.1,
08HB034,1,1989/04/13,53.2,
08HB034,1,1989/04/14,61.9,
08HB034,1,1989/04/15,71.3,
08HB034,1,1989/04/16,64.1,
08HB034,1,1989/04/17,50.8,
08HB034,1,1989/04/18,42.7,
08HB034,1,1989/04/19,44.8,
08HB034,1,1989/04/20,68.5,
08HB034,1,1989/04/21,82.6,
08HB034,1,1989/04/22,62.3,
08HB034,1,1989/04/23,47.9,
08HB034,1,1989/04/24,39.4,
08HB034,1,1989/04/25,35.0,
08HB034,1,1989/04/26,36.0,
08HB034,1,1989/04/27,39.6,
08HB034,1,1989/04/28,38.4,
08HB034,1,1989/04/29,37.7,
08HB034,1,1989/04/30,40.3,
08HB034,1,1989/05/01,43.9,
08HB034,1,1989/05/02,43.5,
08HB034,1,1989/05/03,40.1,
08HB034,1,1989/05/04,39.3,
08HB034,1,1989/05/05,40.0,
08HB034,1,1989/05/06,42.7,
08HB034,1,1989/05/07,42.7,
08HB034,1,1989/05/08,40.0,
08HB034,1,1989/05/09,35.7,
08HB034,1,1989/05/10,30.5,
08HB034,1,1989/05/11,24.7,
08HB034,1,1989/05/12,20.6,
08HB034,1,1989/05/13,18.2,
08HB034,1,1989/05/14,16.6,
08HB034,1,1989/05/15,16.1,
08HB034,1,1989/05/16,17.1,
08HB034,1,1989/05/17,18.6,
08HB034,1,1989/05/18,18.7,
08HB034,1,1989/05/19,16.6,
08HB034,1,1989/05/20,15.1,
08HB034,1,1989/05/21,13.8,
08HB034,1,1989/05/22,13.0,
08HB034,1,1989/05/23,12.8,
08HB034,1,1989/05/24,12.4,
08HB034,1,1989/05/25,10.8,
08HB034,1,1989/05/26,10.4,
08HB034,1,1989/05/27,12.0,
08HB034,1,1989/05/28,12.9,
08HB034,1,1989/05/29,13.6,
08HB034,1,1989/05/30,13.9,
08HB034,1,1989/05/31,14.4,
08HB034,1,1989/06/01,15.6,
08HB034,1,1989/06/02,16.3,
08HB034,1,1989/06/03,16.7,
08HB034,1,1989/06/04,16.3,
08HB034,1,1989/06/05,16.0,
08HB034,1,1989/06/06,15.4,
08HB034,1,1989/06/07,14.1,
08HB034,1,1989/06/08,13.1,
08HB034,1,1989/06/09,12.2,
08HB034,1,1989/06/10,11.1,
08HB034,1,1989/06/11,10.2,
08HB034,1,1989/06/12,9.74,
08HB034,1,1989/06/13,9.04,
08HB034,1,1989/06/14,9.30,
08HB034,1,1989/06/15,9.13,
08HB034,1,1989/06/16,8.59,
08HB034,1,1989/06/17,8.24,
08HB034,1,1989/06/18,8.05,
08HB034,1,1989/06/19,7.71,
08HB034,1,1989/06/20,7.75,
08HB034,1,1989/06/21,7.73,
08HB034,1,1989/06/22,7.29,
08HB034,1,1989/06/23,6.82,
08HB034,1,1989/06/24,6.37,
08HB034,1,1989/06/25,6.00,
08HB034,1,1989/06/26,5.85,
08HB034,1,1989/06/27,5.75,
08HB034,1,1989/06/28,5.69,
08HB034,1,1989/06/29,5.55,
08HB034,1,1989/06/30,5.65,
08HB034,1,1989/07/01,6.80,
08HB034,1,1989/07/02,9.57,
08HB034,1,1989/07/03,11.8,
08HB034,1,1989/07/04,12.3,
08HB034,1,1989/07/05,11.4,
08HB034,1,1989/07/06,10.1,
08HB034,1,1989/07/07,8.89,
08HB034,1,1989/07/08,7.85,
08HB034,1,1989/07/09,6.80,
08HB034,1,1989/07/10,6.03,
08HB034,1,1989/07/11,5.81,
08HB034,1,1989/07/12,5.54,
08HB034,1,1989/07/13,5.35,
08HB034,1,1989/07/14,5.09,
08HB034,1,1989/07/15,4.94,
08HB034,1,1989/07/16,4.99,
08HB034,1,1989/07/17,5.41,
08HB034,1,1989/07/18,5.38,
08HB034,1,1989/07/19,5.24,
08HB034,1,1989/07/20,5.11,
08HB034,1,1989/07/21,4.96,
08HB034,1,1989/07/22,4.85,
08HB034,1,1989/07/23,4.86,
08HB034,1,1989/07/24,4.78,
08HB034,1,1989/07/25,4.49,
08HB034,1,1989/07/26,4.44,
08HB034,1,1989/07/27,4.40,
08HB034,1,1989/07/28,4.22,
08HB034,1,1989/07/29,3.89,
08HB034,1,1989/07/30,4.34,
08HB034,1,1989/07/31,4.74,
08HB034,1,1989/08/01,5.25,
08HB034,1,1989/08/02,5.35,
08HB034,1,1989/08/03,5.07,
08HB034,1,1989/08/04,4.82,
08HB034,1,1989/08/05,4.67,
08HB034,1,1989/08/06,4.65,
08HB034,1,1989/08/07,4.59,
08HB034,1,1989/08/08,4.48,
08HB034,1,1989/08/09,4.44,
08HB034,1,1989/08/10,4.56,
08HB034,1,1989/08/11,4.77,
08HB034,1,1989/08/12,4.71,
08HB034,1,1989/08/13,4.70,
08HB034,1,1989/08/14,5.02,
08HB034,1,1989/08/15,5.21,
08HB034,1,1989/08/16,5.09,
08HB034,1,1989/08/17,5.19,
08HB034,1,1989/08/18,5.11,
08HB034,1,1989/08/19,4.85,
08HB034,1,1989/08/20,4.92,
08HB034,1,1989/08/21,5.18,
08HB034,1,1989/08/22,5.23,
08HB034,1,1989/08/23,5.26,
08HB034,1,1989/08/24,5.12,
08HB034,1,1989/08/25,5.02,
08HB034,1,1989/08/26,4.97,
08HB034,1,1989/08/27,4.92,
08HB034,1,1989/08/28,4.80,
08HB034,1,1989/08/29,4.69,
08HB034,1,1989/08/30,4.84,
08HB034,1,1989/08/31,4.79,
08HB034,1,1989/09/01,4.77,
08HB034,1,1989/09/02,4.77,
08HB034,1,1989/09/03,4.70,
08HB034,1,1989/09/04,4.67,
08HB034,1,1989/09/05,4.61,
08HB034,1,1989/09/06,4.43,
08HB034,1,1989/09/07,3.93,
08HB034,1,1989/09/08,3.88,
08HB034,1,1989/09/09,3.98,
08HB034,1,1989/09/10,4.09,
08HB034,1,1989/09/11,4.22,
08HB034,1,1989/09/12,4.49,
08HB034,1,1989/09/13,4.74,
08HB034,1,1989/09/14,4.75,
08HB034,1,1989/09/15,4.75,
08HB034,1,1989/09/16,4.92,
08HB034,1,1989/09/17,5.01,
08HB034,1,1989/09/18,5.00,
08HB034,1,1989/09/19,4.96,
08HB034,1,1989/09/20,4.91,
08HB034,1,1989/09/21,4.81,
08HB034,1,1989/09/22,4.74,
08HB034,1,1989/09/23,4.67,
08HB034,1,1989/09/24,4.63,
08HB034,1,1989/09/25,4.52,
08HB034,1,1989/09/26,4.92,
08HB034,1,1989/09/27,7.93,
08HB034,1,1989/09/28,8.88,
08HB034,1,1989/09/29,9.20,
08HB034,1,1989/09/30,6.87,
08HB034,1,1989/10/01,5.95,
08HB034,1,1989/10/02,5.61,
08HB034,1,1989/10/03,5.36,
08HB034,1,1989/10/04,5.20,
08HB034,1,1989/10/05,5.28,
08HB034,1,1989/10/06,5.18,
08HB034,1,1989/10/07,5.13,
08HB034,1,1989/10/08,5.08,
08HB034,1,1989/10/09,5.14,
08HB034,1,1989/10/10,5.17,
08HB034,1,1989/10/11,5.74,
08HB034,1,1989/10/12,12.2,
08HB034,1,1989/10/13,14.4,
08HB034,1,1989/10/14,15.0,
08HB034,1,1989/10/15,14.5,
08HB034,1,1989/10/16,14.0,
08HB034,1,1989/10/17,11.5,
08HB034,1,1989/10/18,9.18,
08HB034,1,1989/10/19,8.38,
08HB034,1,1989/10/20,8.67,
08HB034,1,1989/10/21,20.5,
08HB034,1,1989/10/22,55.9,
08HB034,1,1989/10/23,95.8,
08HB034,1,1989/10/24,90.6,
08HB034,1,1989/10/25,66.7,
08HB034,1,1989/10/26,77.2,
08HB034,1,1989/10/27,71.6,
08HB034,1,1989/10/28,49.3,
08HB034,1,1989/10/29,34.2,
08HB034,1,1989/10/30,23.0,
08HB034,1,1989/10/31,16.4,
08HB034,1,1989/11/01,13.5,
08HB034,1,1989/11/02,12.0,
08HB034,1,1989/11/03,12.0,
08HB034,1,1989/11/04,15.1,
08HB034,1,1989/11/05,18.1,
08HB034,1,1989/11/06,18.4,
08HB034,1,1989/11/07,19.3,
08HB034,1,1989/11/08,24.9,
08HB034,1,1989/11/09,76.3,
08HB034,1,1989/11/10,208,
08HB034,1,1989/11/11,113,
08HB034,1,1989/11/12,61.6,
08HB034,1,1989/11/13,39.1,
08HB034,1,1989/11/14,29.0,
08HB034,1,1989/11/15,22.9,
08HB034,1,1989/11/16,20.1,
08HB034,1,1989/11/17,20.3,
08HB034,1,1989/11/18,19.9,
08HB034,1,1989/11/19,20.4,
08HB034,1,1989/11/20,27.2,
08HB034,1,1989/11/21,40.7,
08HB034,1,1989/11/22,39.5,
08HB034,1,1989/11/23,36.8,
08HB034,1,1989/11/24,38.3,
08HB034,1,1989/11/25,36.3,
08HB034,1,1989/11/26,33.2,
08HB034,1,1989/11/27,28.7,
08HB034,1,1989/11/28,26.6,
08HB034,1,1989/11/29,25.5,
08HB034,1,1989/11/30,23.8,
08HB034,1,1989/12/01,21.9,
08HB034,1,1989/12/02,33.4,
08HB034,1,1989/12/03,114,
08HB034,1,1989/12/04,331,
08HB034,1,1989/12/05,169,
08HB034,1,1989/12/06,88.4,
08HB034,1,1989/12/07,71.0,
08HB034,1,1989/12/08,106,
08HB034,1,1989/12/09,83.2,
08HB034,1,1989/12/10,59.0,
08HB034,1,1989/12/11,43.4,
08HB034,1,1989/12/12,34.3,
08HB034,1,1989/12/13,28.3,
08HB034,1,1989/12/14,23.9,
08HB034,1,1989/12/15,20.8,
08HB034,1,1989/12/16,18.9,
08HB034,1,1989/12/17,17.3,
08HB034,1,1989/12/18,15.7,
08HB034,1,1989/12/19,14.8,
08HB034,1,1989/12/20,13.8,
08HB034,1,1989/12/21,13.5,
08HB034,1,1989/12/22,13.5,
08HB034,1,1989/12/23,13.2,
08HB034,1,1989/12/24,13.3,
08HB034,1,1989/12/25,13.0,
08HB034,1,1989/12/26,12.7,
08HB034,1,1989/12/27,12.6,
08HB034,1,1989/12/28,12.2,
08HB034,1,1989/12/29,11.8,
08HB034,1,1989/12/30,11.6,
08HB034,1,1989/12/31,12.3,
08HB034,1,1990/01/01,19.6,
08HB034,1,1990/01/02,21.3,
08HB034,1,1990/01/03,21.9,
08HB034,1,1990/01/04,25.5,
08HB034,1,1990/01/05,50.0,
08HB034,1,1990/01/06,134,
08HB034,1,1990/01/07,221,
08HB034,1,1990/01/08,182,
08HB034,1,1990/01/09,139,
08HB034,1,1990/01/10,114,
08HB034,1,1990/01/11,78.1,
08HB034,1,1990/01/12,58.2,
08HB034,1,1990/01/13,49.7,
08HB034,1,1990/01/14,51.1,
08HB034,1,1990/01/15,49.5,
08HB034,1,1990/01/16,44.6,
08HB034,1,1990/01/17,39.0,
08HB034,1,1990/01/18,33.3,
08HB034,1,1990/01/19,29.0,
08HB034,1,1990/01/20,25.4,
08HB034,1,1990/01/21,22.9,
08HB034,1,1990/01/22,25.4,
08HB034,1,1990/01/23,29.9,
08HB034,1,1990/01/24,29.5,
08HB034,1,1990/01/25,49.4,
08HB034,1,1990/01/26,62.4,
08HB034,1,1990/01/27,54.0,
08HB034,1,1990/01/28,51.2,
08HB034,1,1990/01/29,57.0,
08HB034,1,1990/01/30,50.9,
08HB034,1,1990/01/31,40.8,
08HB034,1,1990/02/01,35.2,
08HB034,1,1990/02/02,34.6,
08HB034,1,1990/02/03,172,
08HB034,1,1990/02/04,131,
08HB034,1,1990/02/05,98.0,
08HB034,1,1990/02/06,73.7,
08HB034,1,1990/02/07,55.4,
08HB034,1,1990/02/08,42.3,
08HB034,1,1990/02/09,35.9,
08HB034,1,1990/02/10,42.7,
08HB034,1,1990/02/11,104,
08HB034,1,1990/02/12,104,
08HB034,1,1990/02/13,71.1,
08HB034,1,1990/02/14,50.3,
08HB034,1,1990/02/15,40.1,
08HB034,1,1990/02/16,34.2,
08HB034,1,1990/02/17,28.2,
08HB034,1,1990/02/18,23.7,
08HB034,1,1990/02/19,21.0,
08HB034,1,1990/02/20,20.1,
08HB034,1,1990/02/21,19.5,
08HB034,1,1990/02/22,18.6,
08HB034,1,1990/02/23,18.5,
08HB034,1,1990/02/24,19.2,
08HB034,1,1990/02/25,24.0,
08HB034,1,1990/02/26,28.1,
08HB034,1,1990/02/27,28.9,
08HB034,1,1990/02/28,27.8,
08HB034,1,1990/03/01,27.2,
08HB034,1,1990/03/02,26.4,
08HB034,1,1990/03/03,25.7,
08HB034,1,1990/03/04,27.2,
08HB034,1,1990/03/05,30.6,
08HB034,1,1990/03/06,34.0,
08HB034,1,1990/03/07,43.3,
08HB034,1,1990/03/08,42.8,
08HB034,1,1990/03/09,40.3,
08HB034,1,1990/03/10,50.9,
08HB034,1,1990/03/11,44.3,
08HB034,1,1990/03/12,37.3,
08HB034,1,1990/03/13,32.5,
08HB034,1,1990/03/14,31.9,
08HB034,1,1990/03/15,30.8,
08HB034,1,1990/03/16,29.5,
08HB034,1,1990/03/17,33.3,
08HB034,1,1990/03/18,55.7,
08HB034,1,1990/03/19,64.6,
08HB034,1,1990/03/20,67.1,
08HB034,1,1990/03/21,71.6,
08HB034,1,1990/03/22,65.8,
08HB034,1,1990/03/23,56.8,
08HB034,1,1990/03/24,46.2,
08HB034,1,1990/03/25,39.0,
08HB034,1,1990/03/26,33.4,
08HB034,1,1990/03/27,30.6,
08HB034,1,1990/03/28,30.2,
08HB034,1,1990/03/29,33.6,
08HB034,1,1990/03/30,38.8,
08HB034,1,1990/03/31,44.6,
08HB034,1,1990/04/01,50.1,
08HB034,1,1990/04/02,53.0,
08HB034,1,1990/04/03,50.4,
08HB034,1,1990/04/04,44.6,
08HB034,1,1990/04/05,41.2,
08HB034,1,1990/04/06,39.0,
08HB034,1,1990/04/07,37.9,
08HB034,1,1990/04/08,38.8,
08HB034,1,1990/04/09,35.9,
08HB034,1,1990/04/10,29.5,
08HB034,1,1990/04/11,28.0,
08HB034,1,1990/04/12,31.4,
08HB034,1,1990/04/13,32.2,
08HB034,1,1990/04/14,34.2,
08HB034,1,1990/04/15,35.3,
08HB034,1,1990/04/16,41.0,
08HB034,1,1990/04/17,53.3,
08HB034,1,1990/04/18,49.3,
08HB034,1,1990/04/19,42.0,
08HB034,1,1990/04/20,40.9,
08HB034,1,1990/04/21,38.9,
08HB034,1,1990/04/22,34.8,
08HB034,1,1990/04/23,39.3,
08HB034,1,1990/04/24,41.4,
08HB034,1,1990/04/25,39.0,
08HB034,1,1990/04/26,36.6,
08HB034,1,1990/04/27,33.2,
08HB034,1,1990/04/28,29.0,
08HB034,1,1990/04/29,25.5,
08HB034,1,1990/04/30,21.6,
08HB034,1,1990/05/01,19.0,
08HB034,1,1990/05/02,20.0,
08HB034,1,1990/05/03,21.5,
08HB034,1,1990/05/04,23.8,
08HB034,1,1990/05/05,28.3,
08HB034,1,1990/05/06,29.7,
08HB034,1,1990/05/07,25.4,
08HB034,1,1990/05/08,20.6,
08HB034,1,1990/05/09,17.5,
08HB034,1,1990/05/10,15.5,
08HB034,1,1990/05/11,15.5,
08HB034,1,1990/05/12,15.7,
08HB034,1,1990/05/13,15.8,
08HB034,1,1990/05/14,15.1,
08HB034,1,1990/05/15,14.5,
08HB034,1,1990/05/16,14.1,
08HB034,1,1990/05/17,13.9,
08HB034,1,1990/05/18,14.2,
08HB034,1,1990/05/19,13.9,
08HB034,1,1990/05/20,13.2,
08HB034,1,1990/05/21,13.0,
08HB034,1,1990/05/22,16.0,
08HB034,1,1990/05/23,18.5,
08HB034,1,1990/05/24,18.7,
08HB034,1,1990/05/25,16.3,
08HB034,1,1990/05/26,14.5,
08HB034,1,1990/05/27,13.5,
08HB034,1,1990/05/28,15.2,
08HB034,1,1990/05/29,14.9,
08HB034,1,1990/05/30,14.5,
08HB034,1,1990/05/31,15.1,
08HB034,1,1990/06/01,19.0,
08HB034,1,1990/06/02,20.0,
08HB034,1,1990/06/03,44.6,
08HB034,1,1990/06/04,69.7,
08HB034,1,1990/06/05,56.9,
08HB034,1,1990/06/06,40.5,
08HB034,1,1990/06/07,34.3,
08HB034,1,1990/06/08,32.4,
08HB034,1,1990/06/09,32.9,
08HB034,1,1990/06/10,34.0,
08HB034,1,1990/06/11,35.1,
08HB034,1,1990/06/12,33.4,
08HB034,1,1990/06/13,29.5,
08HB034,1,1990/06/14,25.2,
08HB034,1,1990/06/15,21.9,
08HB034,1,1990/06/16,19.2,
08HB034,1,1990/06/17,17.2,
08HB034,1,1990/06/18,15.3,
08HB034,1,1990/06/19,14.0,
08HB034,1,1990/06/20,12.9,
08HB034,1,1990/06/21,11.9,
08HB034,1,1990/06/22,11.0,
08HB034,1,1990/06/23,10.6,
08HB034,1,1990/06/24,9.71,
08HB034,1,1990/06/25,9.22,
08HB034,1,1990/06/26,8.71,
08HB034,1,1990/06/27,7.84,
08HB034,1,1990/06/28,7.55,
08HB034,1,1990/06/29,7.94,
08HB034,1,1990/06/30,8.92,
08HB034,1,1990/07/01,9.83,
08HB034,1,1990/07/02,9.97,
08HB034,1,1990/07/03,9.28,
08HB034,1,1990/07/04,8.53,
08HB034,1,1990/07/05,8.62,
08HB034,1,1990/07/06,8.27,
08HB034,1,1990/07/07,7.79,
08HB034,1,1990/07/08,6.62,
08HB034,1,1990/07/09,6.28,
08HB034,1,1990/07/10,5.41,
08HB034,1,1990/07/11,4.15,
08HB034,1,1990/07/12,3.95,
08HB034,1,1990/07/13,3.81,
08HB034,1,1990/07/14,3.62,
08HB034,1,1990/07/15,3.52,
08HB034,1,1990/07/16,3.55,
08HB034,1,1990/07/17,3.93,
08HB034,1,1990/07/18,4.09,
08HB034,1,1990/07/19,4.11,
08HB034,1,1990/07/20,4.24,
08HB034,1,1990/07/21,4.30,
08HB034,1,1990/07/22,4.15,
08HB034,1,1990/07/23,4.13,
08HB034,1,1990/07/24,4.23,
08HB034,1,1990/07/25,4.38,
08HB034,1,1990/07/26,4.23,
08HB034,1,1990/07/27,4.19,
08HB034,1,1990/07/28,4.21,
08HB034,1,1990/07/29,4.20,
08HB034,1,1990/07/30,4.12,
08HB034,1,1990/07/31,4.48,
08HB034,1,1990/08/01,4.78,
08HB034,1,1990/08/02,5.24,
08HB034,1,1990/08/03,4.76,
08HB034,1,1990/08/04,4.04,
08HB034,1,1990/08/05,3.84,
08HB034,1,1990/08/06,3.81,
08HB034,1,1990/08/07,3.71,
08HB034,1,1990/08/08,3.75,
08HB034,1,1990/08/09,3.73,
08HB034,1,1990/08/10,3.82,
08HB034,1,1990/08/11,3.96,
08HB034,1,1990/08/12,4.16,
08HB034,1,1990/08/13,4.18,
08HB034,1,1990/08/14,4.23,
08HB034,1,1990/08/15,4.27,
08HB034,1,1990/08/16,4.51,
08HB034,1,1990/08/17,4.65,
08HB034,1,1990/08/18,4.64,
08HB034,1,1990/08/19,4.64,
08HB034,1,1990/08/20,4.40,
08HB034,1,1990/08/21,4.25,
08HB034,1,1990/08/22,4.17,
08HB034,1,1990/08/23,3.66,
08HB034,1,1990/08/24,3.40,
08HB034,1,1990/08/25,3.12,
08HB034,1,1990/08/26,2.89,
08HB034,1,1990/08/27,2.66,
08HB034,1,1990/08/28,2.46,
08HB034,1,1990/08/29,2.41,
08HB034,1,1990/08/30,2.51,
08HB034,1,1990/08/31,2.85,
08HB034,1,1990/09/01,3.02,
08HB034,1,1990/09/02,2.84,
08HB034,1,1990/09/03,2.70,
08HB034,1,1990/09/04,2.54,
08HB034,1,1990/09/05,2.44,
08HB034,1,1990/09/06,2.37,
08HB034,1,1990/09/07,2.32,
08HB034,1,1990/09/08,2.41,
08HB034,1,1990/09/09,2.49,
08HB034,1,1990/09/10,2.73,
08HB034,1,1990/09/11,3.63,
08HB034,1,1990/09/12,3.94,
08HB034,1,1990/09/13,4.45,
08HB034,1,1990/09/14,4.75,
08HB034,1,1990/09/15,4.23,
08HB034,1,1990/09/16,4.58,
08HB034,1,1990/09/17,4.76,
08HB034,1,1990/09/18,4.78,
08HB034,1,1990/09/19,4.55,
08HB034,1,1990/09/20,4.19,
08HB034,1,1990/09/21,4.06,
08HB034,1,1990/09/22,3.90,
08HB034,1,1990/09/23,3.82,
08HB034,1,1990/09/24,3.81,
08HB034,1,1990/09/25,3.68,
08HB034,1,1990/09/26,3.71,
08HB034,1,1990/09/27,3.66,
08HB034,1,1990/09/28,3.76,
08HB034,1,1990/09/29,3.75,
08HB034,1,1990/09/30,3.70,
08HB034,1,1990/10/01,3.81,
08HB034,1,1990/10/02,4.51,
08HB034,1,1990/10/03,9.40,
08HB034,1,1990/10/04,21.8,
08HB034,1,1990/10/05,28.1,
08HB034,1,1990/10/06,21.5,
08HB034,1,1990/10/07,15.8,
08HB034,1,1990/10/08,12.3,
08HB034,1,1990/10/09,10.7,
08HB034,1,1990/10/10,11.3,
08HB034,1,1990/10/11,11.5,
08HB034,1,1990/10/12,16.5,
08HB034,1,1990/10/13,18.3,
08HB034,1,1990/10/14,16.7,
08HB034,1,1990/10/15,15.2,
08HB034,1,1990/10/16,13.3,
08HB034,1,1990/10/17,12.2,
08HB034,1,1990/10/18,16.7,
08HB034,1,1990/10/19,19.1,
08HB034,1,1990/10/20,18.0,
08HB034,1,1990/10/21,25.1,
08HB034,1,1990/10/22,28.5,
08HB034,1,1990/10/23,24.0,
08HB034,1,1990/10/24,20.5,
08HB034,1,1990/10/25,103,
08HB034,1,1990/10/26,165,
08HB034,1,1990/10/27,91.2,
08HB034,1,1990/10/28,87.7,
08HB034,1,1990/10/29,84.3,
08HB034,1,1990/10/30,100,
08HB034,1,1990/10/31,78.7,
08HB034,1,1990/11/01,54.0,
08HB034,1,1990/11/02,38.3,
08HB034,1,1990/11/03,32.6,
08HB034,1,1990/11/04,33.8,
08HB034,1,1990/11/05,32.2,
08HB034,1,1990/11/06,28.0,
08HB034,1,1990/11/07,26.9,
08HB034,1,1990/11/08,27.8,
08HB034,1,1990/11/09,107,
08HB034,1,1990/11/10,338,
08HB034,1,1990/11/11,590,
08HB034,1,1990/11/12,332,
08HB034,1,1990/11/13,304,
08HB034,1,1990/11/14,188,
08HB034,1,1990/11/15,124,
08HB034,1,1990/11/16,116,
08HB034,1,1990/11/17,141,
08HB034,1,1990/11/18,105,
08HB034,1,1990/11/19,71.3,
08HB034,1,1990/11/20,54.1,
08HB034,1,1990/11/21,43.2,
08HB034,1,1990/11/22,74.3,
08HB034,1,1990/11/23,505,
08HB034,1,1990/11/24,523,
08HB034,1,1990/11/25,194,
08HB034,1,1990/11/26,102,
08HB034,1,1990/11/27,69.2,
08HB034,1,1990/11/28,55.2,
08HB034,1,1990/11/29,239,
08HB034,1,1990/11/30,197,
08HB034,1,1990/12/01,108,
08HB034,1,1990/12/02,72.6,
08HB034,1,1990/12/03,189,
08HB034,1,1990/12/04,649,
08HB034,1,1990/12/05,273,
08HB034,1,1990/12/06,129,
08HB034,1,1990/12/07,84.5,
08HB034,1,1990/12/08,94.8,
08HB034,1,1990/12/09,123,
08HB034,1,1990/12/10,104,
08HB034,1,1990/12/11,78.4,
08HB034,1,1990/12/12,61.3,
08HB034,1,1990/12/13,48.8,
08HB034,1,1990/12/14,41.0,
08HB034,1,1990/12/15,49.1,
08HB034,1,1990/12/16,46.7,
08HB034,1,1990/12/17,41.5,
08HB034,1,1990/12/18,43.5,
08HB034,1,1990/12/19,41.4,
08HB034,1,1990/12/20,35.0,
08HB034,1,1990/12/21,29.0,
08HB034,1,1990/12/22,26.0,
08HB034,1,1990/12/23,23.2,
08HB034,1,1990/12/24,21.0,
08HB034,1,1990/12/25,19.4,
08HB034,1,1990/12/26,18.0,
08HB034,1,1990/12/27,17.1,
08HB034,1,1990/12/28,16.3,
08HB034,1,1990/12/29,14.7,
08HB034,1,1990/12/30,14.3,
08HB034,1,1990/12/31,14.3,
08HB034,1,1991/01/01,15.2,
08HB034,1,1991/01/02,15.6,
08HB034,1,1991/01/03,15.5,
08HB034,1,1991/01/04,14.6,
08HB034,1,1991/01/05,13.0,
08HB034,1,1991/01/06,12.4,
08HB034,1,1991/01/07,12.2,
08HB034,1,1991/01/08,11.9,
08HB034,1,1991/01/09,11.8,
08HB034,1,1991/01/10,11.6,
08HB034,1,1991/01/11,33.4,
08HB034,1,1991/01/12,174,
08HB034,1,1991/01/13,327,
08HB034,1,1991/01/14,223,
08HB034,1,1991/01/15,165,
08HB034,1,1991/01/16,114,
08HB034,1,1991/01/17,81.1,
08HB034,1,1991/01/18,78.0,
08HB034,1,1991/01/19,75.3,
08HB034,1,1991/01/20,60.9,
08HB034,1,1991/01/21,44.5,
08HB034,1,1991/01/22,38.2,
08HB034,1,1991/01/23,33.0,
08HB034,1,1991/01/24,28.2,
08HB034,1,1991/01/25,24.2,
08HB034,1,1991/01/26,20.9,
08HB034,1,1991/01/27,18.9,
08HB034,1,1991/01/28,17.6,
08HB034,1,1991/01/29,15.7,
08HB034,1,1991/01/30,15.1,
08HB034,1,1991/01/31,15.3,
08HB034,1,1991/02/01,167,
08HB034,1,1991/02/02,725,
08HB034,1,1991/02/03,410,
08HB034,1,1991/02/04,421,
08HB034,1,1991/02/05,428,
08HB034,1,1991/02/06,199,
08HB034,1,1991/02/07,116,
08HB034,1,1991/02/08,117,
08HB034,1,1991/02/09,120,
08HB034,1,1991/02/10,97.7,
08HB034,1,1991/02/11,75.0,
08HB034,1,1991/02/12,65.8,
08HB034,1,1991/02/13,60.8,
08HB034,1,1991/02/14,59.6,
08HB034,1,1991/02/15,70.3,
08HB034,1,1991/02/16,68.3,
08HB034,1,1991/02/17,57.3,
08HB034,1,1991/02/18,45.1,
08HB034,1,1991/02/19,90.1,
08HB034,1,1991/02/20,113,
08HB034,1,1991/02/21,91.3,
08HB034,1,1991/02/22,66.9,
08HB034,1,1991/02/23,49.4,
08HB034,1,1991/02/24,38.3,
08HB034,1,1991/02/25,31.5,
08HB034,1,1991/02/26,26.9,
08HB034,1,1991/02/27,24.0,
08HB034,1,1991/02/28,21.6,
08HB034,1,1991/03/01,20.7,
08HB034,1,1991/03/02,20.7,
08HB034,1,1991/03/03,24.0,
08HB034,1,1991/03/04,27.1,
08HB034,1,1991/03/05,25.8,
08HB034,1,1991/03/06,24.3,
08HB034,1,1991/03/07,22.3,
08HB034,1,1991/03/08,21.0,
08HB034,1,1991/03/09,21.0,
08HB034,1,1991/03/10,21.0,
08HB034,1,1991/03/11,20.5,
08HB034,1,1991/03/12,20.3,
08HB034,1,1991/03/13,20.1,
08HB034,1,1991/03/14,19.3,
08HB034,1,1991/03/15,18.5,
08HB034,1,1991/03/16,17.3,
08HB034,1,1991/03/17,16.6,
08HB034,1,1991/03/18,16.0,
08HB034,1,1991/03/19,16.2,
08HB034,1,1991/03/20,17.0,
08HB034,1,1991/03/21,17.5,
08HB034,1,1991/03/22,17.6,
08HB034,1,1991/03/23,18.1,
08HB034,1,1991/03/24,17.7,
08HB034,1,1991/03/25,16.7,
08HB034,1,1991/03/26,15.5,
08HB034,1,1991/03/27,14.7,
08HB034,1,1991/03/28,13.7,
08HB034,1,1991/03/29,12.8,
08HB034,1,1991/03/30,12.1,
08HB034,1,1991/03/31,12.4,
08HB034,1,1991/04/01,15.2,
08HB034,1,1991/04/02,17.8,
08HB034,1,1991/04/03,24.8,
08HB034,1,1991/04/04,95.9,
08HB034,1,1991/04/05,116,
08HB034,1,1991/04/06,104,
08HB034,1,1991/04/07,76.9,
08HB034,1,1991/04/08,55.7,
08HB034,1,1991/04/09,42.2,
08HB034,1,1991/04/10,35.0,
08HB034,1,1991/04/11,30.9,
08HB034,1,1991/04/12,26.1,
08HB034,1,1991/04/13,23.9,
08HB034,1,1991/04/14,22.6,
08HB034,1,1991/04/15,21.7,
08HB034,1,1991/04/16,21.4,
08HB034,1,1991/04/17,22.0,
08HB034,1,1991/04/18,23.2,
08HB034,1,1991/04/19,24.9,
08HB034,1,1991/04/20,26.6,
08HB034,1,1991/04/21,27.4,
08HB034,1,1991/04/22,29.3,
08HB034,1,1991/04/23,29.1,
08HB034,1,1991/04/24,30.5,
08HB034,1,1991/04/25,28.3,
08HB034,1,1991/04/26,23.3,
08HB034,1,1991/04/27,19.5,
08HB034,1,1991/04/28,17.8,
08HB034,1,1991/04/29,16.4,
08HB034,1,1991/04/30,14.9,
08HB034,1,1991/05/01,13.8,
08HB034,1,1991/05/02,13.4,
08HB034,1,1991/05/03,13.7,
08HB034,1,1991/05/04,14.9,
08HB034,1,1991/05/05,15.8,
08HB034,1,1991/05/06,19.8,
08HB034,1,1991/05/07,25.2,
08HB034,1,1991/05/08,35.4,
08HB034,1,1991/05/09,33.4,
08HB034,1,1991/05/10,25.2,
08HB034,1,1991/05/11,19.3,
08HB034,1,1991/05/12,18.0,
08HB034,1,1991/05/13,16.7,
08HB034,1,1991/05/14,16.3,
08HB034,1,1991/05/15,15.1,
08HB034,1,1991/05/16,13.7,
08HB034,1,1991/05/17,12.5,
08HB034,1,1991/05/18,12.2,
08HB034,1,1991/05/19,12.4,
08HB034,1,1991/05/20,12.9,
08HB034,1,1991/05/21,12.6,
08HB034,1,1991/05/22,12.1,
08HB034,1,1991/05/23,11.2,
08HB034,1,1991/05/24,10.9,
08HB034,1,1991/05/25,10.9,
08HB034,1,1991/05/26,10.4,
08HB034,1,1991/05/27,9.82,
08HB034,1,1991/05/28,9.39,
08HB034,1,1991/05/29,9.10,
08HB034,1,1991/05/30,9.20,
08HB034,1,1991/05/31,9.08,
08HB034,1,1991/06/01,8.65,
08HB034,1,1991/06/02,8.46,
08HB034,1,1991/06/03,8.08,
08HB034,1,1991/06/04,7.85,
08HB034,1,1991/06/05,6.99,
08HB034,1,1991/06/06,6.28,
08HB034,1,1991/06/07,6.46,
08HB034,1,1991/06/08,6.30,
08HB034,1,1991/06/09,6.04,
08HB034,1,1991/06/10,6.02,
08HB034,1,1991/06/11,6.45,
08HB034,1,1991/06/12,6.12,
08HB034,1,1991/06/13,6.00,
08HB034,1,1991/06/14,5.86,
08HB034,1,1991/06/15,5.88,
08HB034,1,1991/06/16,6.33,
08HB034,1,1991/06/17,6.17,
08HB034,1,1991/06/18,5.80,
08HB034,1,1991/06/19,5.40,
08HB034,1,1991/06/20,5.17,
08HB034,1,1991/06/21,5.37,
08HB034,1,1991/06/22,5.48,
08HB034,1,1991/06/23,5.49,
08HB034,1,1991/06/24,5.24,
08HB034,1,1991/06/25,5.06,
08HB034,1,1991/06/26,5.01,
08HB034,1,1991/06/27,4.72,
08HB034,1,1991/06/28,4.30,
08HB034,1,1991/06/29,4.06,
08HB034,1,1991/06/30,4.01,
08HB034,1,1991/07/01,3.85,
08HB034,1,1991/07/02,3.58,
08HB034,1,1991/07/03,3.40,
08HB034,1,1991/07/04,3.17,
08HB034,1,1991/07/05,2.96,
08HB034,1,1991/07/06,2.83,
08HB034,1,1991/07/07,2.75,
08HB034,1,1991/07/08,2.85,
08HB034,1,1991/07/09,3.11,
08HB034,1,1991/07/10,3.70,
08HB034,1,1991/07/11,4.08,
08HB034,1,1991/07/12,4.82,
08HB034,1,1991/07/13,5.11,
08HB034,1,1991/07/14,4.89,
08HB034,1,1991/07/15,5.02,
08HB034,1,1991/07/16,5.52,
08HB034,1,1991/07/17,5.36,
08HB034,1,1991/07/18,4.91,
08HB034,1,1991/07/19,4.58,
08HB034,1,1991/07/20,4.23,
08HB034,1,1991/07/21,4.15,
08HB034,1,1991/07/22,4.07,
08HB034,1,1991/07/23,3.83,
08HB034,1,1991/07/24,3.82,
08HB034,1,1991/07/25,4.09,
08HB034,1,1991/07/26,4.00,
08HB034,1,1991/07/27,4.05,
08HB034,1,1991/07/28,4.05,
08HB034,1,1991/07/29,3.93,
08HB034,1,1991/07/30,3.79,
08HB034,1,1991/07/31,3.79,
08HB034,1,1991/08/01,3.79,
08HB034,1,1991/08/02,3.85,
08HB034,1,1991/08/03,3.76,
08HB034,1,1991/08/04,3.82,
08HB034,1,1991/08/05,3.99,
08HB034,1,1991/08/06,4.03,
08HB034,1,1991/08/07,4.23,
08HB034,1,1991/08/08,7.58,
08HB034,1,1991/08/09,17.0,
08HB034,1,1991/08/10,18.9,
08HB034,1,1991/08/11,15.0,
08HB034,1,1991/08/12,11.6,
08HB034,1,1991/08/13,9.51,
08HB034,1,1991/08/14,8.06,
08HB034,1,1991/08/15,6.80,
08HB034,1,1991/08/16,5.87,
08HB034,1,1991/08/17,5.54,
08HB034,1,1991/08/18,5.34,
08HB034,1,1991/08/19,5.02,
08HB034,1,1991/08/20,4.80,
08HB034,1,1991/08/21,4.68,
08HB034,1,1991/08/22,5.31,
08HB034,1,1991/08/23,5.12,
08HB034,1,1991/08/24,5.09,
08HB034,1,1991/08/25,4.99,
08HB034,1,1991/08/26,4.93,
08HB034,1,1991/08/27,6.48,
08HB034,1,1991/08/28,8.63,
08HB034,1,1991/08/29,62.7,
08HB034,1,1991/08/30,317,
08HB034,1,1991/08/31,192,
08HB034,1,1991/09/01,91.6,
08HB034,1,1991/09/02,52.5,
08HB034,1,1991/09/03,33.5,
08HB034,1,1991/09/04,22.8,
08HB034,1,1991/09/05,17.6,
08HB034,1,1991/09/06,14.4,
08HB034,1,1991/09/07,12.5,
08HB034,1,1991/09/08,11.4,
08HB034,1,1991/09/09,10.5,
08HB034,1,1991/09/10,9.71,
08HB034,1,1991/09/11,8.97,
08HB034,1,1991/09/12,8.23,
08HB034,1,1991/09/13,7.84,
08HB034,1,1991/09/14,7.41,
08HB034,1,1991/09/15,6.90,
08HB034,1,1991/09/16,6.32,
08HB034,1,1991/09/17,6.01,
08HB034,1,1991/09/18,5.73,
08HB034,1,1991/09/19,5.50,
08HB034,1,1991/09/20,5.33,
08HB034,1,1991/09/21,4.98,
08HB034,1,1991/09/22,5.05,
08HB034,1,1991/09/23,5.03,
08HB034,1,1991/09/24,4.57,
08HB034,1,1991/09/25,4.46,
08HB034,1,1991/09/26,4.55,
08HB034,1,1991/09/27,4.65,
08HB034,1,1991/09/28,4.81,
08HB034,1,1991/09/29,4.83,
08HB034,1,1991/09/30,4.72,
08HB034,1,1991/10/01,4.72,
08HB034,1,1991/10/02,4.67,
08HB034,1,1991/10/03,4.61,
08HB034,1,1991/10/04,4.55,
08HB034,1,1991/10/05,4.82,
08HB034,1,1991/10/06,6.93,
08HB034,1,1991/10/07,9.98,
08HB034,1,1991/10/08,13.1,
08HB034,1,1991/10/09,12.7,
08HB034,1,1991/10/10,10.6,
08HB034,1,1991/10/11,7.34,
08HB034,1,1991/10/12,6.44,
08HB034,1,1991/10/13,5.77,
08HB034,1,1991/10/14,5.47,
08HB034,1,1991/10/15,5.13,
08HB034,1,1991/10/16,5.26,
08HB034,1,1991/10/17,5.12,
08HB034,1,1991/10/18,5.00,
08HB034,1,1991/10/19,5.04,
08HB034,1,1991/10/20,4.92,
08HB034,1,1991/10/21,4.75,
08HB034,1,1991/10/22,4.90,
08HB034,1,1991/10/23,5.02,
08HB034,1,1991/10/24,5.04,
08HB034,1,1991/10/25,4.81,
08HB034,1,1991/10/26,4.80,
08HB034,1,1991/10/27,4.83,
08HB034,1,1991/10/28,4.76,
08HB034,1,1991/10/29,4.67,
08HB034,1,1991/10/30,4.63,
08HB034,1,1991/10/31,4.61,
08HB034,1,1991/11/01,4.61,
08HB034,1,1991/11/02,4.59,
08HB034,1,1991/11/03,4.56,
08HB034,1,1991/11/04,5.54,
08HB034,1,1991/11/05,8.67,
08HB034,1,1991/11/06,9.39,
08HB034,1,1991/11/07,9.71,
08HB034,1,1991/11/08,12.4,
08HB034,1,1991/11/09,13.4,
08HB034,1,1991/11/10,14.8,
08HB034,1,1991/11/11,33.1,
08HB034,1,1991/11/12,76.4,
08HB034,1,1991/11/13,83.1,
08HB034,1,1991/11/14,59.7,
08HB034,1,1991/11/15,38.4,
08HB034,1,1991/11/16,40.3,
08HB034,1,1991/11/17,148,
08HB034,1,1991/11/18,130,
08HB034,1,1991/11/19,267,
08HB034,1,1991/11/20,345,
08HB034,1,1991/11/21,167,
08HB034,1,1991/11/22,89.9,
08HB034,1,1991/11/23,59.0,
08HB034,1,1991/11/24,54.7,
08HB034,1,1991/11/25,97.5,
08HB034,1,1991/11/26,84.6,
08HB034,1,1991/11/27,62.4,
08HB034,1,1991/11/28,45.3,
08HB034,1,1991/11/29,35.2,
08HB034,1,1991/11/30,28.3,
08HB034,1,1991/12/01,23.9,
08HB034,1,1991/12/02,20.9,
08HB034,1,1991/12/03,19.4,
08HB034,1,1991/12/04,20.5,
08HB034,1,1991/12/05,65.5,
08HB034,1,1991/12/06,180,
08HB034,1,1991/12/07,151,
08HB034,1,1991/12/08,96.2,
08HB034,1,1991/12/09,153,
08HB034,1,1991/12/10,129,
08HB034,1,1991/12/11,148,
08HB034,1,1991/12/12,138,
08HB034,1,1991/12/13,106,
08HB034,1,1991/12/14,73.8,
08HB034,1,1991/12/15,52.6,
08HB034,1,1991/12/16,39.2,
08HB034,1,1991/12/17,31.7,
08HB034,1,1991/12/18,28.1,
08HB034,1,1991/12/19,26.7,
08HB034,1,1991/12/20,24.8,
08HB034,1,1991/12/21,26.9,
08HB034,1,1991/12/22,27.6,
08HB034,1,1991/12/23,26.8,
08HB034,1,1991/12/24,25.2,
08HB034,1,1991/12/25,25.9,
08HB034,1,1991/12/26,89.6,
08HB034,1,1991/12/27,188,
08HB034,1,1991/12/28,145,
08HB034,1,1991/12/29,92.8,
08HB034,1,1991/12/30,65.9,
08HB034,1,1991/12/31,50.2,
08HB034,1,1992/01/01,81.5,
08HB034,1,1992/01/02,229,
08HB034,1,1992/01/03,156,
08HB034,1,1992/01/04,131,
08HB034,1,1992/01/05,95.1,
08HB034,1,1992/01/06,69.0,
08HB034,1,1992/01/07,51.0,
08HB034,1,1992/01/08,39.3,
08HB034,1,1992/01/09,36.5,
08HB034,1,1992/01/10,105,
08HB034,1,1992/01/11,166,
08HB034,1,1992/01/12,112,
08HB034,1,1992/01/13,73.6,
08HB034,1,1992/01/14,53.2,
08HB034,1,1992/01/15,43.6,
08HB034,1,1992/01/16,59.5,
08HB034,1,1992/01/17,59.1,
08HB034,1,1992/01/18,47.1,
08HB034,1,1992/01/19,37.8,
08HB034,1,1992/01/20,34.6,
08HB034,1,1992/01/21,72.8,
08HB034,1,1992/01/22,80.6,
08HB034,1,1992/01/23,259,
08HB034,1,1992/01/24,446,
08HB034,1,1992/01/25,219,
08HB034,1,1992/01/26,162,
08HB034,1,1992/01/27,217,
08HB034,1,1992/01/28,315,
08HB034,1,1992/01/29,342,
08HB034,1,1992/01/30,664,A
08HB034,1,1992/01/31,467,A
08HB034,1,1992/02/01,357,
08HB034,1,1992/02/02,238,
08HB034,1,1992/02/03,323,
08HB034,1,1992/02/04,223,
08HB034,1,1992/02/05,122,
08HB034,1,1992/02/06,78.2,
08HB034,1,1992/02/07,57.1,
08HB034,1,1992/02/08,44.0,
08HB034,1,1992/02/09,36.4,
08HB034,1,1992/02/10,31.2,
08HB034,1,1992/02/11,26.7,
08HB034,1,1992/02/12,24.3,
08HB034,1,1992/02/13,24.2,
08HB034,1,1992/02/14,26.3,
08HB034,1,1992/02/15,26.9,
08HB034,1,1992/02/16,25.6,
08HB034,1,1992/02/17,24.6,
08HB034,1,1992/02/18,25.0,
08HB034,1,1992/02/19,24.5,
08HB034,1,1992/02/20,24.2,
08HB034,1,1992/02/21,39.6,
08HB034,1,1992/02/22,123,
08HB034,1,1992/02/23,109,
08HB034,1,1992/02/24,84.8,
08HB034,1,1992/02/25,73.7,
08HB034,1,1992/02/26,73.9,
08HB034,1,1992/02/27,70.6,
08HB034,1,1992/02/28,61.6,
08HB034,1,1992/02/29,52.0,
08HB034,1,1992/03/01,44.0,
08HB034,1,1992/03/02,43.5,
08HB034,1,1992/03/03,42.6,
08HB034,1,1992/03/04,39.2,
08HB034,1,1992/03/05,39.9,
08HB034,1,1992/03/06,39.5,
08HB034,1,1992/03/07,35.7,
08HB034,1,1992/03/08,31.4,
08HB034,1,1992/03/09,27.2,
08HB034,1,1992/03/10,24.2,
08HB034,1,1992/03/11,21.6,
08HB034,1,1992/03/12,19.2,
08HB034,1,1992/03/13,16.9,
08HB034,1,1992/03/14,15.9,
08HB034,1,1992/03/15,15.3,
08HB034,1,1992/03/16,15.1,
08HB034,1,1992/03/17,14.8,
08HB034,1,1992/03/18,13.8,
08HB034,1,1992/03/19,12.9,
08HB034,1,1992/03/20,12.0,
08HB034,1,1992/03/21,10.7,
08HB034,1,1992/03/22,9.88,
08HB034,1,1992/03/23,9.40,
08HB034,1,1992/03/24,8.93,
08HB034,1,1992/03/25,8.60,
08HB034,1,1992/03/26,8.39,
08HB034,1,1992/03/27,8.09,
08HB034,1,1992/03/28,7.77,
08HB034,1,1992/03/29,7.28,
08HB034,1,1992/03/30,6.97,
08HB034,1,1992/03/31,6.64,
08HB034,1,1992/04/01,6.36,
08HB034,1,1992/04/02,6.37,
08HB034,1,1992/04/03,6.65,
08HB034,1,1992/04/04,6.60,
08HB034,1,1992/04/05,6.80,
08HB034,1,1992/04/06,7.11,
08HB034,1,1992/04/07,7.09,
08HB034,1,1992/04/08,6.82,
08HB034,1,1992/04/09,6.34,
08HB034,1,1992/04/10,5.96,
08HB034,1,1992/04/11,5.72,
08HB034,1,1992/04/12,6.01,
08HB034,1,1992/04/13,7.48,
08HB034,1,1992/04/14,10.7,
08HB034,1,1992/04/15,15.8,
08HB034,1,1992/04/16,41.2,
08HB034,1,1992/04/17,72.6,
08HB034,1,1992/04/18,58.5,
08HB034,1,1992/04/19,38.0,
08HB034,1,1992/04/20,27.7,
08HB034,1,1992/04/21,23.1,
08HB034,1,1992/04/22,22.4,
08HB034,1,1992/04/23,21.2,
08HB034,1,1992/04/24,19.8,
08HB034,1,1992/04/25,18.4,
08HB034,1,1992/04/26,19.9,
08HB034,1,1992/04/27,38.6,
08HB034,1,1992/04/28,41.1,
08HB034,1,1992/04/29,73.5,
08HB034,1,1992/04/30,108,
08HB034,1,1992/05/01,71.4,
08HB034,1,1992/05/02,48.4,
08HB034,1,1992/05/03,33.5,
08HB034,1,1992/05/04,25.0,
08HB034,1,1992/05/05,21.1,
08HB034,1,1992/05/06,18.8,
08HB034,1,1992/05/07,16.9,
08HB034,1,1992/05/08,15.0,
08HB034,1,1992/05/09,13.7,
08HB034,1,1992/05/10,12.9,
08HB034,1,1992/05/11,12.0,
08HB034,1,1992/05/12,10.9,
08HB034,1,1992/05/13,10.3,
08HB034,1,1992/05/14,9.24,
08HB034,1,1992/05/15,8.55,
08HB034,1,1992/05/16,7.98,
08HB034,1,1992/05/17,7.20,
08HB034,1,1992/05/18,6.66,
08HB034,1,1992/05/19,6.55,
08HB034,1,1992/05/20,5.98,
08HB034,1,1992/05/21,5.68,
08HB034,1,1992/05/22,5.34,
08HB034,1,1992/05/23,5.01,
08HB034,1,1992/05/24,4.76,
08HB034,1,1992/05/25,4.50,
08HB034,1,1992/05/26,4.55,
08HB034,1,1992/05/27,4.14,
08HB034,1,1992/05/28,4.08,
08HB034,1,1992/05/29,3.97,
08HB034,1,1992/05/30,3.84,
08HB034,1,1992/05/31,3.82,
08HB034,1,1992/06/01,3.88,
08HB034,1,1992/06/02,3.84,
08HB034,1,1992/06/03,3.73,
08HB034,1,1992/06/04,3.72,
08HB034,1,1992/06/05,3.68,
08HB034,1,1992/06/06,3.88,
08HB034,1,1992/06/07,3.80,
08HB034,1,1992/06/08,3.82,
08HB034,1,1992/06/09,4.10,
08HB034,1,1992/06/10,4.76,
08HB034,1,1992/06/11,4.69,
08HB034,1,1992/06/12,4.48,
08HB034,1,1992/06/13,4.62,
08HB034,1,1992/06/14,4.79,
08HB034,1,1992/06/15,4.23,
08HB034,1,1992/06/16,3.57,
08HB034,1,1992/06/17,3.32,
08HB034,1,1992/06/18,2.95,
08HB034,1,1992/06/19,2.66,
08HB034,1,1992/06/20,2.44,
08HB034,1,1992/06/21,2.43,
08HB034,1,1992/06/22,2.40,
08HB034,1,1992/06/23,2.34,
08HB034,1,1992/06/24,2.29,
08HB034,1,1992/06/25,2.28,
08HB034,1,1992/06/26,2.32,
08HB034,1,1992/06/27,2.34,
08HB034,1,1992/06/28,2.27,
08HB034,1,1992/06/29,2.59,
08HB034,1,1992/06/30,2.80,
08HB034,1,1992/07/01,2.69,
08HB034,1,1992/07/02,2.59,
08HB034,1,1992/07/03,2.56,
08HB034,1,1992/07/04,2.48,
08HB034,1,1992/07/05,2.86,
08HB034,1,1992/07/06,3.83,
08HB034,1,1992/07/07,3.23,
08HB034,1,1992/07/08,3.01,
08HB034,1,1992/07/09,2.89,
08HB034,1,1992/07/10,2.78,
08HB034,1,1992/07/11,3.97,
08HB034,1,1992/07/12,3.51,
08HB034,1,1992/07/13,3.09,
08HB034,1,1992/07/14,2.77,
08HB034,1,1992/07/15,2.45,
08HB034,1,1992/07/16,2.26,
08HB034,1,1992/07/17,2.21,
08HB034,1,1992/07/18,2.21,
08HB034,1,1992/07/19,2.10,
08HB034,1,1992/07/20,2.19,
08HB034,1,1992/07/21,2.72,
08HB034,1,1992/07/22,2.33,
08HB034,1,1992/07/23,2.94,
08HB034,1,1992/07/24,3.34,
08HB034,1,1992/07/25,3.09,
08HB034,1,1992/07/26,3.27,
08HB034,1,1992/07/27,3.58,
08HB034,1,1992/07/28,4.06,
08HB034,1,1992/07/29,4.17,
08HB034,1,1992/07/30,4.10,
08HB034,1,1992/07/31,4.03,
08HB034,1,1992/08/01,4.15,
08HB034,1,1992/08/02,4.18,
08HB034,1,1992/08/03,4.00,
08HB034,1,1992/08/04,3.97,
08HB034,1,1992/08/05,3.93,
08HB034,1,1992/08/06,3.96,
08HB034,1,1992/08/07,4.14,
08HB034,1,1992/08/08,4.10,
08HB034,1,1992/08/09,4.76,
08HB034,1,1992/08/10,5.10,
08HB034,1,1992/08/11,4.88,
08HB034,1,1992/08/12,4.55,
08HB034,1,1992/08/13,4.52,
08HB034,1,1992/08/14,4.37,
08HB034,1,1992/08/15,4.32,
08HB034,1,1992/08/16,4.13,
08HB034,1,1992/08/17,4.10,A
08HB034,1,1992/08/18,3.98,E
08HB034,1,1992/08/19,3.85,E
08HB034,1,1992/08/20,3.79,A
08HB034,1,1992/08/21,3.87,
08HB034,1,1992/08/22,3.98,
08HB034,1,1992/08/23,3.99,
08HB034,1,1992/08/24,3.79,
08HB034,1,1992/08/25,3.61,
08HB034,1,1992/08/26,3.70,
08HB034,1,1992/08/27,3.80,
08HB034,1,1992/08/28,3.72,
08HB034,1,1992/08/29,3.73,
08HB034,1,1992/08/30,3.82,
08HB034,1,1992/08/31,4.21,
08HB034,1,1992/09/01,4.03,
08HB034,1,1992/09/02,3.94,
08HB034,1,1992/09/03,3.92,
08HB034,1,1992/09/04,3.93,
08HB034,1,1992/09/05,3.98,
08HB034,1,1992/09/06,3.88,
08HB034,1,1992/09/07,3.84,
08HB034,1,1992/09/08,4.30,
08HB034,1,1992/09/09,4.97,
08HB034,1,1992/09/10,4.80,
08HB034,1,1992/09/11,4.54,
08HB034,1,1992/09/12,4.43,
08HB034,1,1992/09/13,4.29,
08HB034,1,1992/09/14,4.07,
08HB034,1,1992/09/15,3.82,
08HB034,1,1992/09/16,3.56,
08HB034,1,1992/09/17,3.40,
08HB034,1,1992/09/18,3.43,
08HB034,1,1992/09/19,3.41,
08HB034,1,1992/09/20,3.41,
08HB034,1,1992/09/21,3.43,
08HB034,1,1992/09/22,3.44,
08HB034,1,1992/09/23,3.57,
08HB034,1,1992/09/24,5.49,
08HB034,1,1992/09/25,8.17,
08HB034,1,1992/09/26,9.02,
08HB034,1,1992/09/27,10.6,
08HB034,1,1992/09/28,10.3,
08HB034,1,1992/09/29,9.12,
08HB034,1,1992/09/30,7.94,
08HB034,1,1992/10/01,6.74,
08HB034,1,1992/10/02,5.75,
08HB034,1,1992/10/03,5.75,
08HB034,1,1992/10/04,7.88,
08HB034,1,1992/10/05,12.0,
08HB034,1,1992/10/06,13.4,
08HB034,1,1992/10/07,13.9,
08HB034,1,1992/10/08,12.3,
08HB034,1,1992/10/09,7.85,
08HB034,1,1992/10/10,5.90,
08HB034,1,1992/10/11,4.99,
08HB034,1,1992/10/12,4.43,
08HB034,1,1992/10/13,4.00,
08HB034,1,1992/10/14,3.65,
08HB034,1,1992/10/15,3.53,
08HB034,1,1992/10/16,3.37,
08HB034,1,1992/10/17,3.37,
08HB034,1,1992/10/18,4.12,
08HB034,1,1992/10/19,8.52,
08HB034,1,1992/10/20,32.2,
08HB034,1,1992/10/21,58.4,
08HB034,1,1992/10/22,50.2,
08HB034,1,1992/10/23,79.8,
08HB034,1,1992/10/24,70.2,
08HB034,1,1992/10/25,51.3,
08HB034,1,1992/10/26,33.0,
08HB034,1,1992/10/27,23.4,
08HB034,1,1992/10/28,18.6,
08HB034,1,1992/10/29,17.1,
08HB034,1,1992/10/30,18.7,
08HB034,1,1992/10/31,46.1,
08HB034,1,1992/11/01,91.0,
08HB034,1,1992/11/02,79.1,
08HB034,1,1992/11/03,53.9,
08HB034,1,1992/11/04,48.4,
08HB034,1,1992/11/05,45.7,
08HB034,1,1992/11/06,37.6,
08HB034,1,1992/11/07,60.9,
08HB034,1,1992/11/08,58.9,
08HB034,1,1992/11/09,43.1,
08HB034,1,1992/11/10,31.7,
08HB034,1,1992/11/11,25.8,
08HB034,1,1992/11/12,23.1,
08HB034,1,1992/11/13,20.9,
08HB034,1,1992/11/14,18.8,
08HB034,1,1992/11/15,17.1,
08HB034,1,1992/11/16,15.7,
08HB034,1,1992/11/17,14.6,
08HB034,1,1992/11/18,14.0,
08HB034,1,1992/11/19,23.7,
08HB034,1,1992/11/20,25.2,
08HB034,1,1992/11/21,41.2,
08HB034,1,1992/11/22,64.5,
08HB034,1,1992/11/23,55.4,
08HB034,1,1992/11/24,41.1,
08HB034,1,1992/11/25,30.7,
08HB034,1,1992/11/26,24.2,
08HB034,1,1992/11/27,50.1,
08HB034,1,1992/11/28,65.1,
08HB034,1,1992/11/29,51.3,
08HB034,1,1992/11/30,59.6,
08HB034,1,1992/12/01,60.2,
08HB034,1,1992/12/02,45.8,
08HB034,1,1992/12/03,34.8,
08HB034,1,1992/12/04,27.1,
08HB034,1,1992/12/05,22.4,
08HB034,1,1992/12/06,19.9,
08HB034,1,1992/12/07,18.3,
08HB034,1,1992/12/08,19.0,
08HB034,1,1992/12/09,20.4,
08HB034,1,1992/12/10,19.8,
08HB034,1,1992/12/11,18.8,
08HB034,1,1992/12/12,17.5,
08HB034,1,1992/12/13,16.6,
08HB034,1,1992/12/14,28.1,
08HB034,1,1992/12/15,32.5,
08HB034,1,1992/12/16,30.6,
08HB034,1,1992/12/17,26.9,
08HB034,1,1992/12/18,22.7,
08HB034,1,1992/12/19,20.7,
08HB034,1,1992/12/20,19.8,
08HB034,1,1992/12/21,18.5,
08HB034,1,1992/12/22,17.8,
08HB034,1,1992/12/23,18.0,
08HB034,1,1992/12/24,20.3,
08HB034,1,1992/12/25,22.4,
08HB034,1,1992/12/26,22.7,
08HB034,1,1992/12/27,21.7,
08HB034,1,1992/12/28,20.9,
08HB034,1,1992/12/29,19.4,
08HB034,1,1992/12/30,17.8,
08HB034,1,1992/12/31,16.8,
08HB034,1,1993/01/01,15.5,
08HB034,1,1993/01/02,15.0,
08HB034,1,1993/01/03,14.1,
08HB034,1,1993/01/04,13.7,
08HB034,1,1993/01/05,13.0,
08HB034,1,1993/01/06,11.7,
08HB034,1,1993/01/07,11.2,B
08HB034,1,1993/01/08,10.6,B
08HB034,1,1993/01/09,10.2,B
08HB034,1,1993/01/10,9.70,B
08HB034,1,1993/01/11,9.20,B
08HB034,1,1993/01/12,8.90,B
08HB034,1,1993/01/13,8.40,B
08HB034,1,1993/01/14,8.00,B
08HB034,1,1993/01/15,7.60,B
08HB034,1,1993/01/16,7.30,B
08HB034,1,1993/01/17,7.00,B
08HB034,1,1993/01/18,6.70,B
08HB034,1,1993/01/19,6.30,B
08HB034,1,1993/01/20,8.78,
08HB034,1,1993/01/21,10.8,
08HB034,1,1993/01/22,11.9,
08HB034,1,1993/01/23,10.9,
08HB034,1,1993/01/24,13.1,
08HB034,1,1993/01/25,103,
08HB034,1,1993/01/26,131,
08HB034,1,1993/01/27,178,
08HB034,1,1993/01/28,135,
08HB034,1,1993/01/29,96.7,
08HB034,1,1993/01/30,74.5,
08HB034,1,1993/01/31,60.7,
08HB034,1,1993/02/01,51.9,
08HB034,1,1993/02/02,44.4,
08HB034,1,1993/02/03,40.9,
08HB034,1,1993/02/04,38.1,
08HB034,1,1993/02/05,40.9,
08HB034,1,1993/02/06,60.7,
08HB034,1,1993/02/07,69.4,
08HB034,1,1993/02/08,63.5,
08HB034,1,1993/02/09,54.3,
08HB034,1,1993/02/10,51.4,
08HB034,1,1993/02/11,47.8,
08HB034,1,1993/02/12,41.2,
08HB034,1,1993/02/13,34.1,
08HB034,1,1993/02/14,29.0,
08HB034,1,1993/02/15,25.4,
08HB034,1,1993/02/16,22.3,
08HB034,1,1993/02/17,19.6,B
08HB034,1,1993/02/18,16.7,B
08HB034,1,1993/02/19,15.3,B
08HB034,1,1993/02/20,14.3,B
08HB034,1,1993/02/21,14.0,B
08HB034,1,1993/02/22,13.0,B
08HB034,1,1993/02/23,11.6,B
08HB034,1,1993/02/24,9.90,B
08HB034,1,1993/02/25,9.40,B
08HB034,1,1993/02/26,9.10,B
08HB034,1,1993/02/27,8.90,
08HB034,1,1993/02/28,8.94,
08HB034,1,1993/03/01,8.86,
08HB034,1,1993/03/02,9.10,
08HB034,1,1993/03/03,11.2,
08HB034,1,1993/03/04,92.7,
08HB034,1,1993/03/05,151,
08HB034,1,1993/03/06,141,
08HB034,1,1993/03/07,114,
08HB034,1,1993/03/08,80.4,
08HB034,1,1993/03/09,57.8,
08HB034,1,1993/03/10,42.3,
08HB034,1,1993/03/11,32.4,
08HB034,1,1993/03/12,24.9,
08HB034,1,1993/03/13,21.1,
08HB034,1,1993/03/14,19.8,
08HB034,1,1993/03/15,20.4,
08HB034,1,1993/03/16,19.7,
08HB034,1,1993/03/17,23.1,
08HB034,1,1993/03/18,36.0,
08HB034,1,1993/03/19,35.0,
08HB034,1,1993/03/20,42.4,
08HB034,1,1993/03/21,82.9,
08HB034,1,1993/03/22,241,
08HB034,1,1993/03/23,301,
08HB034,1,1993/03/24,164,
08HB034,1,1993/03/25,92.4,
08HB034,1,1993/03/26,58.1,
08HB034,1,1993/03/27,43.5,
08HB034,1,1993/03/28,34.8,
08HB034,1,1993/03/29,29.7,
08HB034,1,1993/03/30,26.4,
08HB034,1,1993/03/31,24.3,
08HB034,1,1993/04/01,23.1,
08HB034,1,1993/04/02,22.5,
08HB034,1,1993/04/03,24.2,
08HB034,1,1993/04/04,26.3,
08HB034,1,1993/04/05,25.7,
08HB034,1,1993/04/06,24.7,
08HB034,1,1993/04/07,26.0,
08HB034,1,1993/04/08,41.8,
08HB034,1,1993/04/09,76.4,
08HB034,1,1993/04/10,77.7,
08HB034,1,1993/04/11,60.8,
08HB034,1,1993/04/12,46.0,
08HB034,1,1993/04/13,36.8,
08HB034,1,1993/04/14,31.6,
08HB034,1,1993/04/15,27.9,
08HB034,1,1993/04/16,27.3,
08HB034,1,1993/04/17,37.0,
08HB034,1,1993/04/18,54.1,
08HB034,1,1993/04/19,53.9,
08HB034,1,1993/04/20,45.4,
08HB034,1,1993/04/21,37.4,
08HB034,1,1993/04/22,35.1,
08HB034,1,1993/04/23,37.8,
08HB034,1,1993/04/24,39.5,
08HB034,1,1993/04/25,56.8,
08HB034,1,1993/04/26,160,
08HB034,1,1993/04/27,144,
08HB034,1,1993/04/28,96.6,
08HB034,1,1993/04/29,68.2,
08HB034,1,1993/04/30,50.8,
08HB034,1,1993/05/01,40.2,
08HB034,1,1993/05/02,40.3,
08HB034,1,1993/05/03,41.5,
08HB034,1,1993/05/04,41.4,
08HB034,1,1993/05/05,37.7,
08HB034,1,1993/05/06,41.7,
08HB034,1,1993/05/07,42.1,
08HB034,1,1993/05/08,42.0,
08HB034,1,1993/05/09,38.2,
08HB034,1,1993/05/10,37.9,
08HB034,1,1993/05/11,47.3,
08HB034,1,1993/05/12,50.6,
08HB034,1,1993/05/13,50.7,
08HB034,1,1993/05/14,44.0,
08HB034,1,1993/05/15,36.4,
08HB034,1,1993/05/16,29.9,
08HB034,1,1993/05/17,26.1,
08HB034,1,1993/05/18,24.7,
08HB034,1,1993/05/19,25.0,
08HB034,1,1993/05/20,28.8,
08HB034,1,1993/05/21,35.9,
08HB034,1,1993/05/22,47.9,
08HB034,1,1993/05/23,46.3,
08HB034,1,1993/05/24,37.0,
08HB034,1,1993/05/25,29.9,
08HB034,1,1993/05/26,25.3,
08HB034,1,1993/05/27,21.9,
08HB034,1,1993/05/28,20.2,
08HB034,1,1993/05/29,21.8,
08HB034,1,1993/05/30,21.6,
08HB034,1,1993/05/31,23.7,
08HB034,1,1993/06/01,27.6,
08HB034,1,1993/06/02,30.4,
08HB034,1,1993/06/03,28.0,
08HB034,1,1993/06/04,24.9,
08HB034,1,1993/06/05,22.4,
08HB034,1,1993/06/06,20.0,
08HB034,1,1993/06/07,17.4,
08HB034,1,1993/06/08,15.4,
08HB034,1,1993/06/09,20.0,
08HB034,1,1993/06/10,40.1,
08HB034,1,1993/06/11,36.5,
08HB034,1,1993/06/12,31.6,
08HB034,1,1993/06/13,25.9,
08HB034,1,1993/06/14,22.3,
08HB034,1,1993/06/15,21.7,
08HB034,1,1993/06/16,21.1,
08HB034,1,1993/06/17,19.1,
08HB034,1,1993/06/18,16.8,
08HB034,1,1993/06/19,14.8,
08HB034,1,1993/06/20,13.1,
08HB034,1,1993/06/21,11.8,
08HB034,1,1993/06/22,10.3,A
08HB034,1,1993/06/23,8.67,A
08HB034,1,1993/06/24,7.55,A
08HB034,1,1993/06/25,7.16,A
08HB034,1,1993/06/26,6.79,A
08HB034,1,1993/06/27,6.42,A
08HB034,1,1993/06/28,6.05,A
08HB034,1,1993/06/29,6.20,A
08HB034,1,1993/06/30,6.20,A
08HB034,1,1993/07/01,5.69,
08HB034,1,1993/07/02,5.52,
08HB034,1,1993/07/03,5.21,
08HB034,1,1993/07/04,5.10,
08HB034,1,1993/07/05,4.84,
08HB034,1,1993/07/06,4.11,
08HB034,1,1993/07/07,4.28,
08HB034,1,1993/07/08,3.87,
08HB034,1,1993/07/09,3.61,
08HB034,1,1993/07/10,3.49,
08HB034,1,1993/07/11,3.52,
08HB034,1,1993/07/12,3.37,
08HB034,1,1993/07/13,3.36,
08HB034,1,1993/07/14,3.63,
08HB034,1,1993/07/15,3.62,
08HB034,1,1993/07/16,3.81,
08HB034,1,1993/07/17,3.92,
08HB034,1,1993/07/18,4.07,
08HB034,1,1993/07/19,3.91,
08HB034,1,1993/07/20,4.02,
08HB034,1,1993/07/21,4.28,
08HB034,1,1993/07/22,4.11,
08HB034,1,1993/07/23,4.23,
08HB034,1,1993/07/24,3.91,
08HB034,1,1993/07/25,3.72,
08HB034,1,1993/07/26,3.46,
08HB034,1,1993/07/27,3.32,
08HB034,1,1993/07/28,3.52,
08HB034,1,1993/07/29,3.48,
08HB034,1,1993/07/30,3.59,
08HB034,1,1993/07/31,3.71,
08HB034,1,1993/08/01,3.69,
08HB034,1,1993/08/02,3.64,
08HB034,1,1993/08/03,3.45,
08HB034,1,1993/08/04,3.26,
08HB034,1,1993/08/05,3.09,
08HB034,1,1993/08/06,3.14,
08HB034,1,1993/08/07,3.17,
08HB034,1,1993/08/08,3.22,
08HB034,1,1993/08/09,3.52,
08HB034,1,1993/08/10,3.86,
08HB034,1,1993/08/11,3.80,
08HB034,1,1993/08/12,3.54,
08HB034,1,1993/08/13,3.25,
08HB034,1,1993/08/14,3.23,
08HB034,1,1993/08/15,3.60,
08HB034,1,1993/08/16,3.93,
08HB034,1,1993/08/17,3.48,
08HB034,1,1993/08/18,3.23,
08HB034,1,1993/08/19,3.06,
08HB034,1,1993/08/20,2.94,
08HB034,1,1993/08/21,3.40,
08HB034,1,1993/08/22,3.74,
08HB034,1,1993/08/23,4.30,
08HB034,1,1993/08/24,4.39,
08HB034,1,1993/08/25,4.41,
08HB034,1,1993/08/26,4.44,
08HB034,1,1993/08/27,4.25,
08HB034,1,1993/08/28,4.09,
08HB034,1,1993/08/29,3.92,
08HB034,1,1993/08/30,3.83,
08HB034,1,1993/08/31,3.62,
08HB034,1,1993/09/01,3.49,
08HB034,1,1993/09/02,3.40,
08HB034,1,1993/09/03,3.44,
08HB034,1,1993/09/04,3.53,
08HB034,1,1993/09/05,3.56,
08HB034,1,1993/09/06,3.62,
08HB034,1,1993/09/07,3.51,
08HB034,1,1993/09/08,3.53,
08HB034,1,1993/09/09,3.50,
08HB034,1,1993/09/10,3.42,
08HB034,1,1993/09/11,3.51,
08HB034,1,1993/09/12,3.61,
08HB034,1,1993/09/13,3.48,
08HB034,1,1993/09/14,3.50,
08HB034,1,1993/09/15,3.52,
08HB034,1,1993/09/16,3.58,
08HB034,1,1993/09/17,4.09,
08HB034,1,1993/09/18,4.00,
08HB034,1,1993/09/19,4.05,
08HB034,1,1993/09/20,4.11,
08HB034,1,1993/09/21,4.06,
08HB034,1,1993/09/22,3.82,
08HB034,1,1993/09/23,6.35,
08HB034,1,1993/09/24,11.7,
08HB034,1,1993/09/25,12.0,
08HB034,1,1993/09/26,9.96,
08HB034,1,1993/09/27,7.89,
08HB034,1,1993/09/28,4.84,
08HB034,1,1993/09/29,4.01,
08HB034,1,1993/09/30,3.56,
08HB034,1,1993/10/01,3.35,
08HB034,1,1993/10/02,3.16,
08HB034,1,1993/10/03,3.04,
08HB034,1,1993/10/04,2.91,
08HB034,1,1993/10/05,2.90,
08HB034,1,1993/10/06,2.98,
08HB034,1,1993/10/07,3.15,
08HB034,1,1993/10/08,3.30,
08HB034,1,1993/10/09,3.38,
08HB034,1,1993/10/10,3.32,
08HB034,1,1993/10/11,3.34,
08HB034,1,1993/10/12,3.80,
08HB034,1,1993/10/13,7.02,
08HB034,1,1993/10/14,12.5,
08HB034,1,1993/10/15,14.5,
08HB034,1,1993/10/16,12.8,
08HB034,1,1993/10/17,8.17,
08HB034,1,1993/10/18,6.25,
08HB034,1,1993/10/19,5.58,
08HB034,1,1993/10/20,5.19,
08HB034,1,1993/10/21,4.93,
08HB034,1,1993/10/22,5.23,
08HB034,1,1993/10/23,9.74,
08HB034,1,1993/10/24,25.1,
08HB034,1,1993/10/25,24.2,
08HB034,1,1993/10/26,17.8,
08HB034,1,1993/10/27,12.9,
08HB034,1,1993/10/28,9.87,
08HB034,1,1993/10/29,8.07,
08HB034,1,1993/10/30,6.77,
08HB034,1,1993/10/31,5.81,
08HB034,1,1993/11/01,5.23,
08HB034,1,1993/11/02,4.76,
08HB034,1,1993/11/03,9.92,
08HB034,1,1993/11/04,12.0,
08HB034,1,1993/11/05,12.5,
08HB034,1,1993/11/06,11.5,
08HB034,1,1993/11/07,10.0,
08HB034,1,1993/11/08,8.60,
08HB034,1,1993/11/09,8.34,
08HB034,1,1993/11/10,7.62,
08HB034,1,1993/11/11,6.93,
08HB034,1,1993/11/12,6.39,
08HB034,1,1993/11/13,4.91,
08HB034,1,1993/11/14,4.35,
08HB034,1,1993/11/15,5.09,
08HB034,1,1993/11/16,9.55,
08HB034,1,1993/11/17,11.5,
08HB034,1,1993/11/18,10.9,
08HB034,1,1993/11/19,9.83,
08HB034,1,1993/11/20,9.84,
08HB034,1,1993/11/21,22.3,
08HB034,1,1993/11/22,26.2,
08HB034,1,1993/11/23,22.3,
08HB034,1,1993/11/24,17.3,
08HB034,1,1993/11/25,14.3,
08HB034,1,1993/11/26,12.0,
08HB034,1,1993/11/27,11.1,
08HB034,1,1993/11/28,11.5,
08HB034,1,1993/11/29,24.1,
08HB034,1,1993/11/30,36.7,
08HB034,1,1993/12/01,38.9,
08HB034,1,1993/12/02,43.0,
08HB034,1,1993/12/03,72.9,
08HB034,1,1993/12/04,182,
08HB034,1,1993/12/05,101,
08HB034,1,1993/12/06,54.5,
08HB034,1,1993/12/07,39.5,
08HB034,1,1993/12/08,35.1,
08HB034,1,1993/12/09,67.6,
08HB034,1,1993/12/10,413,
08HB034,1,1993/12/11,261,
08HB034,1,1993/12/12,139,
08HB034,1,1993/12/13,191,
08HB034,1,1993/12/14,200,
08HB034,1,1993/12/15,118,
08HB034,1,1993/12/16,74.8,
08HB034,1,1993/12/17,52.7,
08HB034,1,1993/12/18,40.1,
08HB034,1,1993/12/19,33.0,
08HB034,1,1993/12/20,28.6,
08HB034,1,1993/12/21,25.4,
08HB034,1,1993/12/22,23.0,
08HB034,1,1993/12/23,20.9,
08HB034,1,1993/12/24,19.0,
08HB034,1,1993/12/25,18.0,
08HB034,1,1993/12/26,17.6,
08HB034,1,1993/12/27,16.0,
08HB034,1,1993/12/28,15.2,
08HB034,1,1993/12/29,14.6,
08HB034,1,1993/12/30,18.2,
08HB034,1,1993/12/31,26.5,
08HB034,1,1994/01/01,57.2,
08HB034,1,1994/01/02,80.5,
08HB034,1,1994/01/03,96.1,
08HB034,1,1994/01/04,271,
08HB034,1,1994/01/05,224,
08HB034,1,1994/01/06,117,
08HB034,1,1994/01/07,72.1,
08HB034,1,1994/01/08,55.6,
08HB034,1,1994/01/09,53.9,
08HB034,1,1994/01/10,56.1,
08HB034,1,1994/01/11,65.1,
08HB034,1,1994/01/12,61.9,
08HB034,1,1994/01/13,58.7,
08HB034,1,1994/01/14,54.7,
08HB034,1,1994/01/15,46.1,
08HB034,1,1994/01/16,38.4,
08HB034,1,1994/01/17,32.7,
08HB034,1,1994/01/18,28.7,
08HB034,1,1994/01/19,25.6,
08HB034,1,1994/01/20,23.2,
08HB034,1,1994/01/21,21.7,
08HB034,1,1994/01/22,33.3,
08HB034,1,1994/01/23,97.2,
08HB034,1,1994/01/24,120,
08HB034,1,1994/01/25,84.8,
08HB034,1,1994/01/26,59.0,
08HB034,1,1994/01/27,43.7,
08HB034,1,1994/01/28,35.2,
08HB034,1,1994/01/29,30.1,
08HB034,1,1994/01/30,26.3,
08HB034,1,1994/01/31,23.6,
08HB034,1,1994/02/01,21.5,
08HB034,1,1994/02/02,19.6,
08HB034,1,1994/02/03,17.7,
08HB034,1,1994/02/04,17.3,
08HB034,1,1994/02/05,17.3,
08HB034,1,1994/02/06,17.3,
08HB034,1,1994/02/07,17.2,
08HB034,1,1994/02/08,17.3,
08HB034,1,1994/02/09,17.2,
08HB034,1,1994/02/10,17.1,
08HB034,1,1994/02/11,17.3,
08HB034,1,1994/02/12,18.1,
08HB034,1,1994/02/13,51.5,
08HB034,1,1994/02/14,68.5,
08HB034,1,1994/02/15,134,
08HB034,1,1994/02/16,181,
08HB034,1,1994/02/17,181,
08HB034,1,1994/02/18,119,
08HB034,1,1994/02/19,76.9,
08HB034,1,1994/02/20,55.8,
08HB034,1,1994/02/21,46.2,
08HB034,1,1994/02/22,39.3,
08HB034,1,1994/02/23,35.4,
08HB034,1,1994/02/24,31.3,
08HB034,1,1994/02/25,28.8,
08HB034,1,1994/02/26,26.6,
08HB034,1,1994/02/27,29.3,
08HB034,1,1994/02/28,170,
08HB034,1,1994/03/01,473,
08HB034,1,1994/03/02,653,
08HB034,1,1994/03/03,379,
08HB034,1,1994/03/04,212,
08HB034,1,1994/03/05,144,
08HB034,1,1994/03/06,92.2,
08HB034,1,1994/03/07,63.3,
08HB034,1,1994/03/08,47.9,
08HB034,1,1994/03/09,38.0,
08HB034,1,1994/03/10,31.7,
08HB034,1,1994/03/11,29.3,
08HB034,1,1994/03/12,28.7,
08HB034,1,1994/03/13,28.1,
08HB034,1,1994/03/14,29.2,
08HB034,1,1994/03/15,29.9,
08HB034,1,1994/03/16,32.5,
08HB034,1,1994/03/17,39.3,
08HB034,1,1994/03/18,58.9,
08HB034,1,1994/03/19,53.5,
08HB034,1,1994/03/20,44.5,
08HB034,1,1994/03/21,56.9,
08HB034,1,1994/03/22,54.8,
08HB034,1,1994/03/23,45.2,
08HB034,1,1994/03/24,37.0,
08HB034,1,1994/03/25,31.7,
08HB034,1,1994/03/26,28.6,
08HB034,1,1994/03/27,29.7,
08HB034,1,1994/03/28,36.4,
08HB034,1,1994/03/29,47.5,
08HB034,1,1994/03/30,52.9,
08HB034,1,1994/03/31,52.6,
08HB034,1,1994/04/01,51.2,
08HB034,1,1994/04/02,48.9,
08HB034,1,1994/04/03,47.4,
08HB034,1,1994/04/04,44.0,
08HB034,1,1994/04/05,38.0,
08HB034,1,1994/04/06,34.7,
08HB034,1,1994/04/07,32.9,
08HB034,1,1994/04/08,42.9,
08HB034,1,1994/04/09,64.0,
08HB034,1,1994/04/10,58.1,
08HB034,1,1994/04/11,47.9,
08HB034,1,1994/04/12,43.6,
08HB034,1,1994/04/13,39.4,
08HB034,1,1994/04/14,35.8,
08HB034,1,1994/04/15,33.0,
08HB034,1,1994/04/16,32.6,
08HB034,1,1994/04/17,34.0,
08HB034,1,1994/04/18,37.3,
08HB034,1,1994/04/19,42.7,
08HB034,1,1994/04/20,43.0,
08HB034,1,1994/04/21,39.0,
08HB034,1,1994/04/22,36.0,
08HB034,1,1994/04/23,32.0,
08HB034,1,1994/04/24,28.7,
08HB034,1,1994/04/25,26.1,
08HB034,1,1994/04/26,22.6,
08HB034,1,1994/04/27,21.6,
08HB034,1,1994/04/28,21.5,
08HB034,1,1994/04/29,22.3,
08HB034,1,1994/04/30,22.0,
08HB034,1,1994/05/01,20.3,
08HB034,1,1994/05/02,18.5,
08HB034,1,1994/05/03,17.0,
08HB034,1,1994/05/04,18.7,
08HB034,1,1994/05/05,21.7,
08HB034,1,1994/05/06,22.3,
08HB034,1,1994/05/07,23.4,
08HB034,1,1994/05/08,24.7,
08HB034,1,1994/05/09,24.3,
08HB034,1,1994/05/10,22.4,
08HB034,1,1994/05/11,20.5,
08HB034,1,1994/05/12,18.0,
08HB034,1,1994/05/13,16.1,
08HB034,1,1994/05/14,14.0,
08HB034,1,1994/05/15,12.9,
08HB034,1,1994/05/16,12.1,
08HB034,1,1994/05/17,11.4,
08HB034,1,1994/05/18,10.7,
08HB034,1,1994/05/19,10.5,
08HB034,1,1994/05/20,10.5,
08HB034,1,1994/05/21,10.2,
08HB034,1,1994/05/22,9.87,
08HB034,1,1994/05/23,9.41,
08HB034,1,1994/05/24,9.00,
08HB034,1,1994/05/25,8.89,
08HB034,1,1994/05/26,8.57,
08HB034,1,1994/05/27,7.98,
08HB034,1,1994/05/28,7.57,
08HB034,1,1994/05/29,9.99,
08HB034,1,1994/05/30,18.1,
08HB034,1,1994/05/31,20.5,
08HB034,1,1994/06/01,18.3,
08HB034,1,1994/06/02,15.4,
08HB034,1,1994/06/03,12.6,
08HB034,1,1994/06/04,11.1,
08HB034,1,1994/06/05,10.2,
08HB034,1,1994/06/06,9.82,
08HB034,1,1994/06/07,10.8,
08HB034,1,1994/06/08,9.15,
08HB034,1,1994/06/09,7.95,
08HB034,1,1994/06/10,7.36,
08HB034,1,1994/06/11,7.27,
08HB034,1,1994/06/12,7.51,
08HB034,1,1994/06/13,14.4,
08HB034,1,1994/06/14,34.5,
08HB034,1,1994/06/15,44.0,
08HB034,1,1994/06/16,34.1,
08HB034,1,1994/06/17,23.5,
08HB034,1,1994/06/18,19.8,
08HB034,1,1994/06/19,18.4,
08HB034,1,1994/06/20,16.2,
08HB034,1,1994/06/21,13.9,
08HB034,1,1994/06/22,12.2,
08HB034,1,1994/06/23,11.1,
08HB034,1,1994/06/24,10.2,
08HB034,1,1994/06/25,9.24,
08HB034,1,1994/06/26,8.45,
08HB034,1,1994/06/27,7.53,
08HB034,1,1994/06/28,6.88,
08HB034,1,1994/06/29,6.40,
08HB034,1,1994/06/30,5.99,
08HB034,1,1994/07/01,5.98,
08HB034,1,1994/07/02,6.18,
08HB034,1,1994/07/03,5.97,
08HB034,1,1994/07/04,5.86,
08HB034,1,1994/07/05,5.86,
08HB034,1,1994/07/06,5.54,
08HB034,1,1994/07/07,5.28,
08HB034,1,1994/07/08,5.25,
08HB034,1,1994/07/09,4.29,
08HB034,1,1994/07/10,4.36,
08HB034,1,1994/07/11,3.95,
08HB034,1,1994/07/12,3.72,
08HB034,1,1994/07/13,3.58,
08HB034,1,1994/07/14,3.58,
08HB034,1,1994/07/15,3.57,
08HB034,1,1994/07/16,3.59,
08HB034,1,1994/07/17,3.64,
08HB034,1,1994/07/18,3.83,
08HB034,1,1994/07/19,3.70,
08HB034,1,1994/07/20,3.70,
08HB034,1,1994/07/21,3.79,
08HB034,1,1994/07/22,3.94,
08HB034,1,1994/07/23,3.98,
08HB034,1,1994/07/24,4.09,
08HB034,1,1994/07/25,4.08,
08HB034,1,1994/07/26,4.06,
08HB034,1,1994/07/27,4.05,
08HB034,1,1994/07/28,4.01,
08HB034,1,1994/07/29,4.03,
08HB034,1,1994/07/30,3.96,
08HB034,1,1994/07/31,3.93,
08HB034,1,1994/08/01,3.94,
08HB034,1,1994/08/02,3.85,
08HB034,1,1994/08/03,3.86,
08HB034,1,1994/08/04,4.07,
08HB034,1,1994/08/05,4.04,
08HB034,1,1994/08/06,4.01,
08HB034,1,1994/08/07,4.18,
08HB034,1,1994/08/08,4.53,
08HB034,1,1994/08/09,4.53,
08HB034,1,1994/08/10,4.54,
08HB034,1,1994/08/11,4.34,
08HB034,1,1994/08/12,4.16,
08HB034,1,1994/08/13,4.04,
08HB034,1,1994/08/14,4.01,
08HB034,1,1994/08/15,3.94,
08HB034,1,1994/08/16,4.38,
08HB034,1,1994/08/17,4.39,
08HB034,1,1994/08/18,4.04,
08HB034,1,1994/08/19,3.97,
08HB034,1,1994/08/20,3.92,
08HB034,1,1994/08/21,3.95,
08HB034,1,1994/08/22,3.98,
08HB034,1,1994/08/23,4.05,
08HB034,1,1994/08/24,4.29,
08HB034,1,1994/08/25,4.12,
08HB034,1,1994/08/26,3.99,
08HB034,1,1994/08/27,3.92,
08HB034,1,1994/08/28,4.01,
08HB034,1,1994/08/29,4.16,
08HB034,1,1994/08/30,4.03,
08HB034,1,1994/08/31,4.13,
08HB034,1,1994/09/01,4.17,
08HB034,1,1994/09/02,4.11,
08HB034,1,1994/09/03,4.30,
08HB034,1,1994/09/04,4.46,
08HB034,1,1994/09/05,4.43,
08HB034,1,1994/09/06,4.31,
08HB034,1,1994/09/07,4.37,
08HB034,1,1994/09/08,4.97,
08HB034,1,1994/09/09,5.51,
08HB034,1,1994/09/10,5.82,
08HB034,1,1994/09/11,5.87,
08HB034,1,1994/09/12,5.59,
08HB034,1,1994/09/13,5.23,
08HB034,1,1994/09/14,5.23,
08HB034,1,1994/09/15,5.26,
08HB034,1,1994/09/16,5.50,
08HB034,1,1994/09/17,5.25,
08HB034,1,1994/09/18,5.21,
08HB034,1,1994/09/19,5.07,
08HB034,1,1994/09/20,5.11,
08HB034,1,1994/09/21,4.86,
08HB034,1,1994/09/22,4.75,
08HB034,1,1994/09/23,4.80,
08HB034,1,1994/09/24,4.82,
08HB034,1,1994/09/25,7.03,
08HB034,1,1994/09/26,9.67,
08HB034,1,1994/09/27,12.9,
08HB034,1,1994/09/28,12.5,
08HB034,1,1994/09/29,10.3,
08HB034,1,1994/09/30,8.72,
08HB034,1,1994/10/01,6.02,
08HB034,1,1994/10/02,5.71,
08HB034,1,1994/10/03,5.47,
08HB034,1,1994/10/04,5.35,
08HB034,1,1994/10/05,5.15,
08HB034,1,1994/10/06,5.09,
08HB034,1,1994/10/07,4.89,
08HB034,1,1994/10/08,4.88,
08HB034,1,1994/10/09,4.79,
08HB034,1,1994/10/10,4.80,
08HB034,1,1994/10/11,4.78,
08HB034,1,1994/10/12,6.25,
08HB034,1,1994/10/13,6.44,
08HB034,1,1994/10/14,6.69,
08HB034,1,1994/10/15,5.23,
08HB034,1,1994/10/16,5.13,
08HB034,1,1994/10/17,5.08,
08HB034,1,1994/10/18,4.98,
08HB034,1,1994/10/19,5.01,
08HB034,1,1994/10/20,5.19,
08HB034,1,1994/10/21,11.1,
08HB034,1,1994/10/22,14.2,
08HB034,1,1994/10/23,16.6,
08HB034,1,1994/10/24,17.3,
08HB034,1,1994/10/25,17.1,
08HB034,1,1994/10/26,39.9,
08HB034,1,1994/10/27,68.6,
08HB034,1,1994/10/28,56.1,
08HB034,1,1994/10/29,39.2,
08HB034,1,1994/10/30,34.8,
08HB034,1,1994/10/31,49.3,
08HB034,1,1994/11/01,60.9,
08HB034,1,1994/11/02,48.1,
08HB034,1,1994/11/03,35.0,
08HB034,1,1994/11/04,30.6,
08HB034,1,1994/11/05,25.8,
08HB034,1,1994/11/06,22.0,
08HB034,1,1994/11/07,19.6,
08HB034,1,1994/11/08,19.3,
08HB034,1,1994/11/09,38.4,
08HB034,1,1994/11/10,43.6,
08HB034,1,1994/11/11,36.6,
08HB034,1,1994/11/12,35.0,
08HB034,1,1994/11/13,30.2,
08HB034,1,1994/11/14,45.9,
08HB034,1,1994/11/15,72.4,
08HB034,1,1994/11/16,60.8,
08HB034,1,1994/11/17,42.4,
08HB034,1,1994/11/18,30.7,
08HB034,1,1994/11/19,31.2,
08HB034,1,1994/11/20,50.8,
08HB034,1,1994/11/21,43.9,
08HB034,1,1994/11/22,34.4,
08HB034,1,1994/11/23,29.8,
08HB034,1,1994/11/24,25.1,
08HB034,1,1994/11/25,23.7,
08HB034,1,1994/11/26,21.6,
08HB034,1,1994/11/27,20.4,
08HB034,1,1994/11/28,18.6,
08HB034,1,1994/11/29,19.5,
08HB034,1,1994/11/30,127,
08HB034,1,1994/12/01,196,
08HB034,1,1994/12/02,110,
08HB034,1,1994/12/03,64.9,
08HB034,1,1994/12/04,42.8,
08HB034,1,1994/12/05,32.2,
08HB034,1,1994/12/06,27.0,
08HB034,1,1994/12/07,23.3,
08HB034,1,1994/12/08,23.2,
08HB034,1,1994/12/09,27.4,
08HB034,1,1994/12/10,26.1,
08HB034,1,1994/12/11,25.8,
08HB034,1,1994/12/12,25.5,
08HB034,1,1994/12/13,24.4,
08HB034,1,1994/12/14,22.6,
08HB034,1,1994/12/15,21.6,
08HB034,1,1994/12/16,30.9,
08HB034,1,1994/12/17,95.8,
08HB034,1,1994/12/18,269,
08HB034,1,1994/12/19,394,
08HB034,1,1994/12/20,543,
08HB034,1,1994/12/21,267,
08HB034,1,1994/12/22,144,
08HB034,1,1994/12/23,97.1,
08HB034,1,1994/12/24,73.3,
08HB034,1,1994/12/25,62.9,
08HB034,1,1994/12/26,174,
08HB034,1,1994/12/27,251,
08HB034,1,1994/12/28,254,
08HB034,1,1994/12/29,152,
08HB034,1,1994/12/30,90.4,
08HB034,1,1994/12/31,61.6,
08HB034,1,1995/01/01,45.7,
08HB034,1,1995/01/02,36.0,
08HB034,1,1995/01/03,30.1,
08HB034,1,1995/01/04,26.1,
08HB034,1,1995/01/05,23.4,
08HB034,1,1995/01/06,21.3,
08HB034,1,1995/01/07,19.7,
08HB034,1,1995/01/08,23.6,
08HB034,1,1995/01/09,48.4,
08HB034,1,1995/01/10,105,
08HB034,1,1995/01/11,143,
08HB034,1,1995/01/12,127,
08HB034,1,1995/01/13,107,
08HB034,1,1995/01/14,117,
08HB034,1,1995/01/15,115,
08HB034,1,1995/01/16,87.3,
08HB034,1,1995/01/17,65.5,
08HB034,1,1995/01/18,103,
08HB034,1,1995/01/19,178,
08HB034,1,1995/01/20,124,
08HB034,1,1995/01/21,81.4,
08HB034,1,1995/01/22,57.8,
08HB034,1,1995/01/23,43.7,
08HB034,1,1995/01/24,35.7,
08HB034,1,1995/01/25,30.7,
08HB034,1,1995/01/26,27.9,
08HB034,1,1995/01/27,26.0,
08HB034,1,1995/01/28,25.3,
08HB034,1,1995/01/29,171,
08HB034,1,1995/01/30,275,
08HB034,1,1995/01/31,289,
08HB034,1,1995/02/01,367,
08HB034,1,1995/02/02,224,
08HB034,1,1995/02/03,130,
08HB034,1,1995/02/04,97.3,
08HB034,1,1995/02/05,76.5,
08HB034,1,1995/02/06,75.6,
08HB034,1,1995/02/07,68.9,
08HB034,1,1995/02/08,56.1,
08HB034,1,1995/02/09,44.5,
08HB034,1,1995/02/10,37.1,
08HB034,1,1995/02/11,32.2,
08HB034,1,1995/02/12,29.4,
08HB034,1,1995/02/13,26.3,
08HB034,1,1995/02/14,23.5,
08HB034,1,1995/02/15,23.1,
08HB034,1,1995/02/16,21.8,
08HB034,1,1995/02/17,30.8,
08HB034,1,1995/02/18,81.1,
08HB034,1,1995/02/19,278,
08HB034,1,1995/02/20,328,
08HB034,1,1995/02/21,284,
08HB034,1,1995/02/22,144,
08HB034,1,1995/02/23,85.5,
08HB034,1,1995/02/24,61.1,
08HB034,1,1995/02/25,55.3,
08HB034,1,1995/02/26,49.9,
08HB034,1,1995/02/27,41.8,
08HB034,1,1995/02/28,34.9,
08HB034,1,1995/03/01,30.0,
08HB034,1,1995/03/02,25.8,
08HB034,1,1995/03/03,23.1,
08HB034,1,1995/03/04,21.4,
08HB034,1,1995/03/05,20.0,
08HB034,1,1995/03/06,18.4,
08HB034,1,1995/03/07,17.0,
08HB034,1,1995/03/08,17.5,
08HB034,1,1995/03/09,51.6,
08HB034,1,1995/03/10,233,
08HB034,1,1995/03/11,205,
08HB034,1,1995/03/12,153,
08HB034,1,1995/03/13,119,
08HB034,1,1995/03/14,183,
08HB034,1,1995/03/15,184,
08HB034,1,1995/03/16,123,
08HB034,1,1995/03/17,80.8,
08HB034,1,1995/03/18,63.3,
08HB034,1,1995/03/19,59.0,
08HB034,1,1995/03/20,66.3,
08HB034,1,1995/03/21,86.1,
08HB034,1,1995/03/22,86.6,
08HB034,1,1995/03/23,72.0,
08HB034,1,1995/03/24,55.9,
08HB034,1,1995/03/25,44.5,
08HB034,1,1995/03/26,37.1,
08HB034,1,1995/03/27,32.6,
08HB034,1,1995/03/28,28.8,
08HB034,1,1995/03/29,28.4,
08HB034,1,1995/03/30,29.1,
08HB034,1,1995/03/31,29.9,
08HB034,1,1995/04/01,30.4,
08HB034,1,1995/04/02,29.3,
08HB034,1,1995/04/03,27.8,
08HB034,1,1995/04/04,27.0,
08HB034,1,1995/04/05,24.7,
08HB034,1,1995/04/06,24.1,
08HB034,1,1995/04/07,41.0,
08HB034,1,1995/04/08,61.9,
08HB034,1,1995/04/09,53.3,
08HB034,1,1995/04/10,43.3,
08HB034,1,1995/04/11,37.5,
08HB034,1,1995/04/12,33.5,
08HB034,1,1995/04/13,31.8,
08HB034,1,1995/04/14,28.4,
08HB034,1,1995/04/15,25.7,
08HB034,1,1995/04/16,23.3,
08HB034,1,1995/04/17,21.4,
08HB034,1,1995/04/18,20.3,
08HB034,1,1995/04/19,19.2,
08HB034,1,1995/04/20,18.3,
08HB034,1,1995/04/21,17.3,
08HB034,1,1995/04/22,15.7,
08HB034,1,1995/04/23,15.0,
08HB034,1,1995/04/24,15.5,
08HB034,1,1995/04/25,17.1,
08HB034,1,1995/04/26,18.8,
08HB034,1,1995/04/27,20.3,
08HB034,1,1995/04/28,22.3,
08HB034,1,1995/04/29,24.2,
08HB034,1,1995/04/30,25.7,
08HB034,1,1995/05/01,25.1,
08HB034,1,1995/05/02,24.2,
08HB034,1,1995/05/03,23.9,
08HB034,1,1995/05/04,22.4,
08HB034,1,1995/05/05,20.5,
08HB034,1,1995/05/06,19.1,
08HB034,1,1995/05/07,19.0,
08HB034,1,1995/05/08,19.8,
08HB034,1,1995/05/09,22.0,
08HB034,1,1995/05/10,25.0,
08HB034,1,1995/05/11,25.5,
08HB034,1,1995/05/12,24.1,
08HB034,1,1995/05/13,20.7,
08HB034,1,1995/05/14,19.5,
08HB034,1,1995/05/15,21.2,
08HB034,1,1995/05/16,22.5,
08HB034,1,1995/05/17,22.3,
08HB034,1,1995/05/18,19.3,
08HB034,1,1995/05/19,17.0,
08HB034,1,1995/05/20,15.1,
08HB034,1,1995/05/21,14.0,
08HB034,1,1995/05/22,13.3,
08HB034,1,1995/05/23,12.9,
08HB034,1,1995/05/24,12.9,
08HB034,1,1995/05/25,13.1,
08HB034,1,1995/05/26,13.5,
08HB034,1,1995/05/27,13.8,
08HB034,1,1995/05/28,13.4,
08HB034,1,1995/05/29,12.9,
08HB034,1,1995/05/30,12.4,
08HB034,1,1995/05/31,11.9,
08HB034,1,1995/06/01,11.0,
08HB034,1,1995/06/02,10.3,
08HB034,1,1995/06/03,9.85,
08HB034,1,1995/06/04,10.0,A
08HB034,1,1995/06/05,9.30,A
08HB034,1,1995/06/06,8.31,
08HB034,1,1995/06/07,7.20,
08HB034,1,1995/06/08,6.85,
08HB034,1,1995/06/09,6.58,
08HB034,1,1995/06/10,7.05,
08HB034,1,1995/06/11,10.2,
08HB034,1,1995/06/12,10.3,
08HB034,1,1995/06/13,11.7,
08HB034,1,1995/06/14,13.9,
08HB034,1,1995/06/15,12.5,
08HB034,1,1995/06/16,11.0,
08HB034,1,1995/06/17,10.0,
08HB034,1,1995/06/18,10.3,
08HB034,1,1995/06/19,9.77,
08HB034,1,1995/06/20,9.16,
08HB034,1,1995/06/21,7.77,
08HB034,1,1995/06/22,6.97,
08HB034,1,1995/06/23,6.37,
08HB034,1,1995/06/24,5.95,
08HB034,1,1995/06/25,5.59,
08HB034,1,1995/06/26,5.21,
08HB034,1,1995/06/27,4.66,
08HB034,1,1995/06/28,4.39,
08HB034,1,1995/06/29,4.18,
08HB034,1,1995/06/30,3.95,
08HB034,1,1995/07/01,3.90,
08HB034,1,1995/07/02,4.02,
08HB034,1,1995/07/03,4.03,
08HB034,1,1995/07/04,3.95,
08HB034,1,1995/07/05,3.87,
08HB034,1,1995/07/06,3.76,
08HB034,1,1995/07/07,3.67,
08HB034,1,1995/07/08,3.76,
08HB034,1,1995/07/09,3.93,
08HB034,1,1995/07/10,4.55,
08HB034,1,1995/07/11,4.43,
08HB034,1,1995/07/12,4.54,
08HB034,1,1995/07/13,4.29,
08HB034,1,1995/07/14,4.22,
08HB034,1,1995/07/15,4.35,
08HB034,1,1995/07/16,4.10,
08HB034,1,1995/07/17,3.96,
08HB034,1,1995/07/18,3.83,
08HB034,1,1995/07/19,3.72,
08HB034,1,1995/07/20,3.71,
08HB034,1,1995/07/21,3.89,
08HB034,1,1995/07/22,4.11,
08HB034,1,1995/07/23,4.11,
08HB034,1,1995/07/24,4.07,
08HB034,1,1995/07/25,3.95,
08HB034,1,1995/07/26,4.34,
08HB034,1,1995/07/27,4.45,
08HB034,1,1995/07/28,4.43,
08HB034,1,1995/07/29,4.31,
08HB034,1,1995/07/30,4.18,
08HB034,1,1995/07/31,4.02,
08HB034,1,1995/08/01,3.98,
08HB034,1,1995/08/02,3.99,
08HB034,1,1995/08/03,3.86,
08HB034,1,1995/08/04,3.82,
08HB034,1,1995/08/05,3.88,
08HB034,1,1995/08/06,4.41,
08HB034,1,1995/08/07,6.07,
08HB034,1,1995/08/08,5.87,
08HB034,1,1995/08/09,5.12,
08HB034,1,1995/08/10,4.74,
08HB034,1,1995/08/11,4.52,
08HB034,1,1995/08/12,4.25,
08HB034,1,1995/08/13,4.03,
08HB034,1,1995/08/14,3.95,
08HB034,1,1995/08/15,4.05,
08HB034,1,1995/08/16,4.67,
08HB034,1,1995/08/17,4.82,
08HB034,1,1995/08/18,4.62,
08HB034,1,1995/08/19,4.69,
08HB034,1,1995/08/20,5.18,
08HB034,1,1995/08/21,5.09,
08HB034,1,1995/08/22,4.95,
08HB034,1,1995/08/23,4.61,
08HB034,1,1995/08/24,4.36,
08HB034,1,1995/08/25,4.17,
08HB034,1,1995/08/26,4.68,
08HB034,1,1995/08/27,4.19,
08HB034,1,1995/08/28,3.93,
08HB034,1,1995/08/29,4.33,
08HB034,1,1995/08/30,4.42,
08HB034,1,1995/08/31,4.39,
08HB034,1,1995/09/01,4.20,
08HB034,1,1995/09/02,4.18,
08HB034,1,1995/09/03,3.80,
08HB034,1,1995/09/04,4.07,
08HB034,1,1995/09/05,4.33,
08HB034,1,1995/09/06,4.24,
08HB034,1,1995/09/07,4.28,
08HB034,1,1995/09/08,4.12,
08HB034,1,1995/09/09,3.65,
08HB034,1,1995/09/10,3.73,
08HB034,1,1995/09/11,3.67,
08HB034,1,1995/09/12,4.12,
08HB034,1,1995/09/13,3.61,
08HB034,1,1995/09/14,4.31,
08HB034,1,1995/09/15,4.27,
08HB034,1,1995/09/16,4.44,
08HB034,1,1995/09/17,4.39,
08HB034,1,1995/09/18,4.50,
08HB034,1,1995/09/19,4.48,
08HB034,1,1995/09/20,4.53,
08HB034,1,1995/09/21,4.47,
08HB034,1,1995/09/22,4.44,
08HB034,1,1995/09/23,4.43,
08HB034,1,1995/09/24,5.07,
08HB034,1,1995/09/25,8.22,
08HB034,1,1995/09/26,10.8,
08HB034,1,1995/09/27,9.20,
08HB034,1,1995/09/28,6.59,
08HB034,1,1995/09/29,5.67,
08HB034,1,1995/09/30,5.07,
08HB034,1,1995/10/01,4.80,
08HB034,1,1995/10/02,4.93,
08HB034,1,1995/10/03,5.65,
08HB034,1,1995/10/04,5.52,
08HB034,1,1995/10/05,5.37,
08HB034,1,1995/10/06,5.28,
08HB034,1,1995/10/07,5.31,
08HB034,1,1995/10/08,5.93,
08HB034,1,1995/10/09,6.97,
08HB034,1,1995/10/10,29.2,
08HB034,1,1995/10/11,37.9,
08HB034,1,1995/10/12,32.7,
08HB034,1,1995/10/13,24.2,
08HB034,1,1995/10/14,29.7,
08HB034,1,1995/10/15,32.9,
08HB034,1,1995/10/16,38.3,
08HB034,1,1995/10/17,54.8,
08HB034,1,1995/10/18,64.7,
08HB034,1,1995/10/19,44.1,
08HB034,1,1995/10/20,31.6,
08HB034,1,1995/10/21,27.5,
08HB034,1,1995/10/22,23.9,
08HB034,1,1995/10/23,20.5,
08HB034,1,1995/10/24,18.3,
08HB034,1,1995/10/25,26.9,
08HB034,1,1995/10/26,92.0,
08HB034,1,1995/10/27,68.1,
08HB034,1,1995/10/28,43.4,
08HB034,1,1995/10/29,30.1,
08HB034,1,1995/10/30,22.8,
08HB034,1,1995/10/31,18.6,
08HB034,1,1995/11/01,16.0,
08HB034,1,1995/11/02,14.1,
08HB034,1,1995/11/03,12.7,
08HB034,1,1995/11/04,12.2,
08HB034,1,1995/11/05,11.1,
08HB034,1,1995/11/06,10.6,
08HB034,1,1995/11/07,19.8,
08HB034,1,1995/11/08,312,
08HB034,1,1995/11/09,243,
08HB034,1,1995/11/10,101,
08HB034,1,1995/11/11,113,
08HB034,1,1995/11/12,101,
08HB034,1,1995/11/13,84.7,
08HB034,1,1995/11/14,144,
08HB034,1,1995/11/15,133,
08HB034,1,1995/11/16,101,
08HB034,1,1995/11/17,185,
08HB034,1,1995/11/18,404,
08HB034,1,1995/11/19,201,
08HB034,1,1995/11/20,99.9,
08HB034,1,1995/11/21,63.7,
08HB034,1,1995/11/22,50.8,
08HB034,1,1995/11/23,116,
08HB034,1,1995/11/24,235,
08HB034,1,1995/11/25,253,
08HB034,1,1995/11/26,188,
08HB034,1,1995/11/27,116,
08HB034,1,1995/11/28,110,
08HB034,1,1995/11/29,252,
08HB034,1,1995/11/30,272,
08HB034,1,1995/12/01,164,
08HB034,1,1995/12/02,106,
08HB034,1,1995/12/03,81.3,
08HB034,1,1995/12/04,91.1,
08HB034,1,1995/12/05,72.2,
08HB034,1,1995/12/06,53.3,
08HB034,1,1995/12/07,40.7,
08HB034,1,1995/12/08,33.2,
08HB034,1,1995/12/09,29.0,
08HB034,1,1995/12/10,135,
08HB034,1,1995/12/11,337,
08HB034,1,1995/12/12,297,
08HB034,1,1995/12/13,298,
08HB034,1,1995/12/14,255,
08HB034,1,1995/12/15,249,
08HB034,1,1995/12/16,177,
08HB034,1,1995/12/17,113,
08HB034,1,1995/12/18,172,
08HB034,1,1995/12/19,171,
08HB034,1,1995/12/20,110,
08HB034,1,1995/12/21,74.1,
08HB034,1,1995/12/22,54.7,
08HB034,1,1995/12/23,42.7,
08HB034,1,1995/12/24,35.3,
08HB034,1,1995/12/25,30.2,
08HB034,1,1995/12/26,26.5,
08HB034,1,1995/12/27,24.5,
08HB034,1,1995/12/28,23.3,
08HB034,1,1995/12/29,32.1,
08HB034,1,1995/12/30,48.4,
08HB034,1,1995/12/31,64.9,
08HB034,1,1996/01/01,62.1,
08HB034,1,1996/01/02,58.2,
08HB034,1,1996/01/03,76.2,
08HB034,1,1996/01/04,69.4,
08HB034,1,1996/01/05,52.4,
08HB034,1,1996/01/06,61.4,
08HB034,1,1996/01/07,182,
08HB034,1,1996/01/08,182,
08HB034,1,1996/01/09,257,
08HB034,1,1996/01/10,196,
08HB034,1,1996/01/11,198,
08HB034,1,1996/01/12,159,
08HB034,1,1996/01/13,105,
08HB034,1,1996/01/14,120,
08HB034,1,1996/01/15,262,
08HB034,1,1996/01/16,237,
08HB034,1,1996/01/17,125,
08HB034,1,1996/01/18,77.0,
08HB034,1,1996/01/19,54.9,
08HB034,1,1996/01/20,42.5,
08HB034,1,1996/01/21,35.6,
08HB034,1,1996/01/22,30.6,
08HB034,1,1996/01/23,27.5,
08HB034,1,1996/01/24,25.1,
08HB034,1,1996/01/25,22.7,
08HB034,1,1996/01/26,20.7,
08HB034,1,1996/01/27,19.0,
08HB034,1,1996/01/28,17.8,
08HB034,1,1996/01/29,16.6,
08HB034,1,1996/01/30,14.4,B
08HB034,1,1996/01/31,13.5,B
08HB034,1,1996/02/01,12.4,B
08HB034,1,1996/02/02,12.0,B
08HB034,1,1996/02/03,11.8,B
08HB034,1,1996/02/04,12.0,B
08HB034,1,1996/02/05,30.0,B
08HB034,1,1996/02/06,172,
08HB034,1,1996/02/07,203,
08HB034,1,1996/02/08,175,
08HB034,1,1996/02/09,132,
08HB034,1,1996/02/10,86.8,
08HB034,1,1996/02/11,60.5,
08HB034,1,1996/02/12,45.1,
08HB034,1,1996/02/13,36.5,
08HB034,1,1996/02/14,32.5,
08HB034,1,1996/02/15,30.2,
08HB034,1,1996/02/16,28.7,
08HB034,1,1996/02/17,33.7,
08HB034,1,1996/02/18,150,
08HB034,1,1996/02/19,258,
08HB034,1,1996/02/20,153,
08HB034,1,1996/02/21,124,
08HB034,1,1996/02/22,90.1,
08HB034,1,1996/02/23,66.4,
08HB034,1,1996/02/24,49.8,
08HB034,1,1996/02/25,39.7,
08HB034,1,1996/02/26,33.3,
08HB034,1,1996/02/27,29.3,
08HB034,1,1996/02/28,26.0,
08HB034,1,1996/02/29,23.3,
08HB034,1,1996/03/01,21.5,
08HB034,1,1996/03/02,20.2,
08HB034,1,1996/03/03,19.6,
08HB034,1,1996/03/04,22.0,
08HB034,1,1996/03/05,21.5,
08HB034,1,1996/03/06,20.5,
08HB034,1,1996/03/07,21.1,
08HB034,1,1996/03/08,23.5,
08HB034,1,1996/03/09,39.5,
08HB034,1,1996/03/10,69.2,
08HB034,1,1996/03/11,89.0,
08HB034,1,1996/03/12,83.8,
08HB034,1,1996/03/13,64.2,
08HB034,1,1996/03/14,48.9,
08HB034,1,1996/03/15,41.6,
08HB034,1,1996/03/16,36.8,
08HB034,1,1996/03/17,32.6,
08HB034,1,1996/03/18,28.8,
08HB034,1,1996/03/19,26.6,
08HB034,1,1996/03/20,31.6,
08HB034,1,1996/03/21,36.1,
08HB034,1,1996/03/22,34.8,
08HB034,1,1996/03/23,30.7,
08HB034,1,1996/03/24,26.8,
08HB034,1,1996/03/25,23.5,
08HB034,1,1996/03/26,20.8,
08HB034,1,1996/03/27,18.5,
08HB034,1,1996/03/28,16.8,
08HB034,1,1996/03/29,15.1,
08HB034,1,1996/03/30,14.0,
08HB034,1,1996/03/31,13.1,
08HB034,1,1996/04/01,14.1,
08HB034,1,1996/04/02,15.1,
08HB034,1,1996/04/03,15.0,
08HB034,1,1996/04/04,15.3,
08HB034,1,1996/04/05,15.8,
08HB034,1,1996/04/06,41.4,
08HB034,1,1996/04/07,74.0,
08HB034,1,1996/04/08,70.5,
08HB034,1,1996/04/09,54.8,
08HB034,1,1996/04/10,43.2,
08HB034,1,1996/04/11,36.8,
08HB034,1,1996/04/12,33.7,
08HB034,1,1996/04/13,34.0,
08HB034,1,1996/04/14,31.9,
08HB034,1,1996/04/15,34.1,
08HB034,1,1996/04/16,53.9,
08HB034,1,1996/04/17,81.8,
08HB034,1,1996/04/18,81.5,
08HB034,1,1996/04/19,65.1,
08HB034,1,1996/04/20,52.3,
08HB034,1,1996/04/21,42.2,
08HB034,1,1996/04/22,35.1,
08HB034,1,1996/04/23,51.7,
08HB034,1,1996/04/24,115,
08HB034,1,1996/04/25,117,
08HB034,1,1996/04/26,110,
08HB034,1,1996/04/27,94.0,
08HB034,1,1996/04/28,71.5,
08HB034,1,1996/04/29,54.9,
08HB034,1,1996/04/30,41.4,
08HB034,1,1996/05/01,35.2,
08HB034,1,1996/05/02,29.8,
08HB034,1,1996/05/03,25.3,
08HB034,1,1996/05/04,22.5,
08HB034,1,1996/05/05,20.4,
08HB034,1,1996/05/06,18.1,
08HB034,1,1996/05/07,16.7,
08HB034,1,1996/05/08,16.2,
08HB034,1,1996/05/09,15.0,
08HB034,1,1996/05/10,14.1,
08HB034,1,1996/05/11,13.3,
08HB034,1,1996/05/12,13.0,
08HB034,1,1996/05/13,16.7,
08HB034,1,1996/05/14,19.6,
08HB034,1,1996/05/15,20.3,
08HB034,1,1996/05/16,18.7,
08HB034,1,1996/05/17,18.1,
08HB034,1,1996/05/18,26.5,
08HB034,1,1996/05/19,32.2,
08HB034,1,1996/05/20,35.0,
08HB034,1,1996/05/21,34.9,
08HB034,1,1996/05/22,34.1,
08HB034,1,1996/05/23,33.6,
08HB034,1,1996/05/24,30.3,
08HB034,1,1996/05/25,26.1,
08HB034,1,1996/05/26,23.3,
08HB034,1,1996/05/27,20.8,
08HB034,1,1996/05/28,19.4,
08HB034,1,1996/05/29,18.7,
08HB034,1,1996/05/30,17.2,
08HB034,1,1996/05/31,15.1,
08HB034,1,1996/06/01,13.5,
08HB034,1,1996/06/02,13.6,
08HB034,1,1996/06/03,13.5,
08HB034,1,1996/06/04,13.6,
08HB034,1,1996/06/05,13.0,
08HB034,1,1996/06/06,12.4,
08HB034,1,1996/06/07,11.8,
08HB034,1,1996/06/08,10.6,
08HB034,1,1996/06/09,10.0,
08HB034,1,1996/06/10,9.61,
08HB034,1,1996/06/11,9.61,
08HB034,1,1996/06/12,10.1,
08HB034,1,1996/06/13,10.1,
08HB034,1,1996/06/14,9.45,
08HB034,1,1996/06/15,8.84,
08HB034,1,1996/06/16,7.96,
08HB034,1,1996/06/17,7.29,
08HB034,1,1996/06/18,6.63,
08HB034,1,1996/06/19,5.94,
08HB034,1,1996/06/20,5.53,
08HB034,1,1996/06/21,5.27,
08HB034,1,1996/06/22,5.17,
08HB034,1,1996/06/23,5.24,
08HB034,1,1996/06/24,5.62,
08HB034,1,1996/06/25,5.63,
08HB034,1,1996/06/26,5.52,
08HB034,1,1996/06/27,5.33,
08HB034,1,1996/06/28,5.02,
08HB034,1,1996/06/29,4.75,
08HB034,1,1996/06/30,4.50,
08HB034,1,1996/07/01,4.31,
08HB034,1,1996/07/02,4.05,
08HB034,1,1996/07/03,4.08,
08HB034,1,1996/07/04,4.03,
08HB034,1,1996/07/05,4.11,
08HB034,1,1996/07/06,4.13,
08HB034,1,1996/07/07,4.26,
08HB034,1,1996/07/08,4.36,
08HB034,1,1996/07/09,4.68,
08HB034,1,1996/07/10,4.80,
08HB034,1,1996/07/11,4.77,
08HB034,1,1996/07/12,4.62,
08HB034,1,1996/07/13,4.49,
08HB034,1,1996/07/14,4.34,
08HB034,1,1996/07/15,4.25,
08HB034,1,1996/07/16,4.11,
08HB034,1,1996/07/17,4.29,
08HB034,1,1996/07/18,4.44,
08HB034,1,1996/07/19,4.36,
08HB034,1,1996/07/20,4.28,
08HB034,1,1996/07/21,4.28,
08HB034,1,1996/07/22,4.18,
08HB034,1,1996/07/23,4.02,
08HB034,1,1996/07/24,3.92,
08HB034,1,1996/07/25,3.92,
08HB034,1,1996/07/26,3.92,
08HB034,1,1996/07/27,3.85,
08HB034,1,1996/07/28,3.89,
08HB034,1,1996/07/29,3.98,
08HB034,1,1996/07/30,3.93,
08HB034,1,1996/07/31,3.99,
08HB034,1,1996/08/01,4.05,
08HB034,1,1996/08/02,4.18,
08HB034,1,1996/08/03,4.15,
08HB034,1,1996/08/04,4.12,
08HB034,1,1996/08/05,4.16,
08HB034,1,1996/08/06,4.06,
08HB034,1,1996/08/07,3.94,
08HB034,1,1996/08/08,4.10,
08HB034,1,1996/08/09,4.26,
08HB034,1,1996/08/10,4.31,
08HB034,1,1996/08/11,4.37,
08HB034,1,1996/08/12,4.32,
08HB034,1,1996/08/13,4.43,
08HB034,1,1996/08/14,4.80,
08HB034,1,1996/08/15,4.68,
08HB034,1,1996/08/16,4.46,
08HB034,1,1996/08/17,4.32,
08HB034,1,1996/08/18,4.32,
08HB034,1,1996/08/19,4.28,
08HB034,1,1996/08/20,4.33,
08HB034,1,1996/08/21,4.25,
08HB034,1,1996/08/22,4.29,
08HB034,1,1996/08/23,4.28,
08HB034,1,1996/08/24,4.35,
08HB034,1,1996/08/25,4.24,
08HB034,1,1996/08/26,4.23,
08HB034,1,1996/08/27,4.29,
08HB034,1,1996/08/28,4.19,
08HB034,1,1996/08/29,4.71,
08HB034,1,1996/08/30,4.87,
08HB034,1,1996/08/31,4.46,
08HB034,1,1996/09/01,4.34,
08HB034,1,1996/09/02,4.33,
08HB034,1,1996/09/03,4.50,
08HB034,1,1996/09/04,4.74,
08HB034,1,1996/09/05,4.69,
08HB034,1,1996/09/06,4.65,
08HB034,1,1996/09/07,4.53,
08HB034,1,1996/09/08,4.58,
08HB034,1,1996/09/09,4.53,
08HB034,1,1996/09/10,4.37,
08HB034,1,1996/09/11,4.24,
08HB034,1,1996/09/12,4.19,
08HB034,1,1996/09/13,4.13,
08HB034,1,1996/09/14,4.21,
08HB034,1,1996/09/15,4.65,
08HB034,1,1996/09/16,5.04,
08HB034,1,1996/09/17,5.21,
08HB034,1,1996/09/18,5.11,
08HB034,1,1996/09/19,5.06,
08HB034,1,1996/09/20,4.82,
08HB034,1,1996/09/21,4.54,
08HB034,1,1996/09/22,4.27,
08HB034,1,1996/09/23,4.12,
08HB034,1,1996/09/24,4.64,
08HB034,1,1996/09/25,7.08,
08HB034,1,1996/09/26,8.56,
08HB034,1,1996/09/27,5.86,
08HB034,1,1996/09/28,5.21,
08HB034,1,1996/09/29,4.78,
08HB034,1,1996/09/30,4.46,
08HB034,1,1996/10/01,4.21,
08HB034,1,1996/10/02,4.13,
08HB034,1,1996/10/03,4.19,
08HB034,1,1996/10/04,8.26,
08HB034,1,1996/10/05,13.5,
08HB034,1,1996/10/06,13.7,
08HB034,1,1996/10/07,11.7,
08HB034,1,1996/10/08,9.63,
08HB034,1,1996/10/09,9.23,
08HB034,1,1996/10/10,11.7,
08HB034,1,1996/10/11,14.4,
08HB034,1,1996/10/12,11.6,
08HB034,1,1996/10/13,14.2,
08HB034,1,1996/10/14,23.2,
08HB034,1,1996/10/15,31.5,
08HB034,1,1996/10/16,28.1,
08HB034,1,1996/10/17,24.5,
08HB034,1,1996/10/18,37.6,
08HB034,1,1996/10/19,42.9,
08HB034,1,1996/10/20,33.6,
08HB034,1,1996/10/21,33.2,
08HB034,1,1996/10/22,62.9,
08HB034,1,1996/10/23,54.8,
08HB034,1,1996/10/24,73.5,
08HB034,1,1996/10/25,63.0,
08HB034,1,1996/10/26,44.4,
08HB034,1,1996/10/27,32.6,
08HB034,1,1996/10/28,41.8,
08HB034,1,1996/10/29,59.9,
08HB034,1,1996/10/30,47.9,
08HB034,1,1996/10/31,35.3,
08HB034,1,1996/11/01,27.2,
08HB034,1,1996/11/02,22.3,
08HB034,1,1996/11/03,19.6,
08HB034,1,1996/11/04,18.7,
08HB034,1,1996/11/05,17.7,
08HB034,1,1996/11/06,18.2,
08HB034,1,1996/11/07,19.5,
08HB034,1,1996/11/08,52.5,
08HB034,1,1996/11/09,99.3,
08HB034,1,1996/11/10,73.0,
08HB034,1,1996/11/11,47.9,
08HB034,1,1996/11/12,42.0,
08HB034,1,1996/11/13,59.8,
08HB034,1,1996/11/14,52.2,
08HB034,1,1996/11/15,39.2,
08HB034,1,1996/11/16,32.6,
08HB034,1,1996/11/17,27.7,
08HB034,1,1996/11/18,24.2,
08HB034,1,1996/11/19,21.3,
08HB034,1,1996/11/20,19.3,
08HB034,1,1996/11/21,17.7,
08HB034,1,1996/11/22,16.0,
08HB034,1,1996/11/23,14.8,
08HB034,1,1996/11/24,14.1,
08HB034,1,1996/11/25,14.0,
08HB034,1,1996/11/26,15.0,
08HB034,1,1996/11/27,27.8,
08HB034,1,1996/11/28,70.2,
08HB034,1,1996/11/29,64.5,
08HB034,1,1996/11/30,59.6,
08HB034,1,1996/12/01,133,
08HB034,1,1996/12/02,108,
08HB034,1,1996/12/03,70.8,
08HB034,1,1996/12/04,52.3,
08HB034,1,1996/12/05,50.6,
08HB034,1,1996/12/06,47.8,
08HB034,1,1996/12/07,49.3,
08HB034,1,1996/12/08,52.1,
08HB034,1,1996/12/09,51.7,
08HB034,1,1996/12/10,50.7,
08HB034,1,1996/12/11,50.3,
08HB034,1,1996/12/12,43.4,
08HB034,1,1996/12/13,40.9,
08HB034,1,1996/12/14,38.1,
08HB034,1,1996/12/15,33.7,
08HB034,1,1996/12/16,30.2,
08HB034,1,1996/12/17,27.1,
08HB034,1,1996/12/18,25.0,
08HB034,1,1996/12/19,23.6,
08HB034,1,1996/12/20,22.9,
08HB034,1,1996/12/21,24.9,
08HB034,1,1996/12/22,25.2,
08HB034,1,1996/12/23,23.6,
08HB034,1,1996/12/24,21.6,
08HB034,1,1996/12/25,20.0,
08HB034,1,1996/12/26,18.3,
08HB034,1,1996/12/27,17.5,
08HB034,1,1996/12/28,16.6,
08HB034,1,1996/12/29,16.9,
08HB034,1,1996/12/30,17.9,
08HB034,1,1996/12/31,32.6,
08HB034,1,1997/01/01,280,
08HB034,1,1997/01/02,374,
08HB034,1,1997/01/03,249,
08HB034,1,1997/01/04,132,
08HB034,1,1997/01/05,79.4,
08HB034,1,1997/01/06,63.5,
08HB034,1,1997/01/07,75.0,
08HB034,1,1997/01/08,81.2,
08HB034,1,1997/01/09,75.1,
08HB034,1,1997/01/10,68.3,
08HB034,1,1997/01/11,60.8,
08HB034,1,1997/01/12,53.1,
08HB034,1,1997/01/13,44.8,
08HB034,1,1997/01/14,38.2,
08HB034,1,1997/01/15,33.2,
08HB034,1,1997/01/16,29.8,
08HB034,1,1997/01/17,42.2,
08HB034,1,1997/01/18,83.8,
08HB034,1,1997/01/19,256,
08HB034,1,1997/01/20,271,
08HB034,1,1997/01/21,162,
08HB034,1,1997/01/22,106,
08HB034,1,1997/01/23,75.9,
08HB034,1,1997/01/24,56.8,
08HB034,1,1997/01/25,45.0,
08HB034,1,1997/01/26,36.6,
08HB034,1,1997/01/27,31.3,
08HB034,1,1997/01/28,29.0,
08HB034,1,1997/01/29,30.8,
08HB034,1,1997/01/30,292,
08HB034,1,1997/01/31,260,
08HB034,1,1997/02/01,132,
08HB034,1,1997/02/02,85.5,
08HB034,1,1997/02/03,64.1,
08HB034,1,1997/02/04,50.3,
08HB034,1,1997/02/05,40.8,
08HB034,1,1997/02/06,34.6,
08HB034,1,1997/02/07,30.7,
08HB034,1,1997/02/08,27.6,
08HB034,1,1997/02/09,25.2,
08HB034,1,1997/02/10,23.4,
08HB034,1,1997/02/11,22.5,
08HB034,1,1997/02/12,22.7,
08HB034,1,1997/02/13,22.5,
08HB034,1,1997/02/14,22.8,
08HB034,1,1997/02/15,27.4,
08HB034,1,1997/02/16,39.1,
08HB034,1,1997/02/17,46.6,
08HB034,1,1997/02/18,50.4,
08HB034,1,1997/02/19,57.3,
08HB034,1,1997/02/20,55.0,
08HB034,1,1997/02/21,46.8,
08HB034,1,1997/02/22,39.1,
08HB034,1,1997/02/23,33.5,
08HB034,1,1997/02/24,30.1,
08HB034,1,1997/02/25,28.2,
08HB034,1,1997/02/26,27.6,
08HB034,1,1997/02/27,27.2,
08HB034,1,1997/02/28,25.8,
08HB034,1,1997/03/01,27.2,
08HB034,1,1997/03/02,41.7,
08HB034,1,1997/03/03,45.7,
08HB034,1,1997/03/04,41.0,
08HB034,1,1997/03/05,35.2,
08HB034,1,1997/03/06,33.7,
08HB034,1,1997/03/07,37.5,
08HB034,1,1997/03/08,39.2,
08HB034,1,1997/03/09,42.4,
08HB034,1,1997/03/10,56.7,
08HB034,1,1997/03/11,53.3,
08HB034,1,1997/03/12,43.3,
08HB034,1,1997/03/13,36.0,
08HB034,1,1997/03/14,30.9,
08HB034,1,1997/03/15,28.4,
08HB034,1,1997/03/16,26.3,
08HB034,1,1997/03/17,31.4,
08HB034,1,1997/03/18,450,
08HB034,1,1997/03/19,728,
08HB034,1,1997/03/20,371,
08HB034,1,1997/03/21,174,
08HB034,1,1997/03/22,103,
08HB034,1,1997/03/23,72.9,
08HB034,1,1997/03/24,56.8,
08HB034,1,1997/03/25,48.1,
08HB034,1,1997/03/26,53.4,
08HB034,1,1997/03/27,58.7,
08HB034,1,1997/03/28,55.7,
08HB034,1,1997/03/29,50.1,
08HB034,1,1997/03/30,51.0,
08HB034,1,1997/03/31,50.4,
08HB034,1,1997/04/01,45.0,
08HB034,1,1997/04/02,39.3,
08HB034,1,1997/04/03,35.8,
08HB034,1,1997/04/04,32.7,
08HB034,1,1997/04/05,29.8,
08HB034,1,1997/04/06,28.0,
08HB034,1,1997/04/07,26.6,
08HB034,1,1997/04/08,25.0,
08HB034,1,1997/04/09,24.3,
08HB034,1,1997/04/10,24.5,
08HB034,1,1997/04/11,24.7,
08HB034,1,1997/04/12,25.1,
08HB034,1,1997/04/13,27.4,
08HB034,1,1997/04/14,30.7,
08HB034,1,1997/04/15,37.5,
08HB034,1,1997/04/16,210,
08HB034,1,1997/04/17,241,
08HB034,1,1997/04/18,131,
08HB034,1,1997/04/19,81.5,
08HB034,1,1997/04/20,91.5,
08HB034,1,1997/04/21,87.8,
08HB034,1,1997/04/22,68.6,
08HB034,1,1997/04/23,67.7,
08HB034,1,1997/04/24,68.5,
08HB034,1,1997/04/25,62.0,
08HB034,1,1997/04/26,62.1,
08HB034,1,1997/04/27,72.4,
08HB034,1,1997/04/28,64.7,
08HB034,1,1997/04/29,58.3,
08HB034,1,1997/04/30,54.7,
08HB034,1,1997/05/01,53.2,
08HB034,1,1997/05/02,47.5,
08HB034,1,1997/05/03,47.3,
08HB034,1,1997/05/04,57.5,
08HB034,1,1997/05/05,133,
08HB034,1,1997/05/06,199,
08HB034,1,1997/05/07,163,
08HB034,1,1997/05/08,100,
08HB034,1,1997/05/09,72.5,
08HB034,1,1997/05/10,64.4,
08HB034,1,1997/05/11,60.0,
08HB034,1,1997/05/12,61.7,
08HB034,1,1997/05/13,64.8,
08HB034,1,1997/05/14,66.8,
08HB034,1,1997/05/15,65.0,
08HB034,1,1997/05/16,57.6,
08HB034,1,1997/05/17,49.0,
08HB034,1,1997/05/18,40.9,
08HB034,1,1997/05/19,35.0,
08HB034,1,1997/05/20,32.1,
08HB034,1,1997/05/21,29.4,
08HB034,1,1997/05/22,29.8,
08HB034,1,1997/05/23,28.9,
08HB034,1,1997/05/24,27.1,
08HB034,1,1997/05/25,25.4,
08HB034,1,1997/05/26,25.4,
08HB034,1,1997/05/27,25.9,
08HB034,1,1997/05/28,28.2,
08HB034,1,1997/05/29,37.5,
08HB034,1,1997/05/30,39.6,
08HB034,1,1997/05/31,58.8,
08HB034,1,1997/06/01,71.3,
08HB034,1,1997/06/02,68.3,
08HB034,1,1997/06/03,64.4,
08HB034,1,1997/06/04,80.8,
08HB034,1,1997/06/05,69.3,
08HB034,1,1997/06/06,48.4,
08HB034,1,1997/06/07,37.0,
08HB034,1,1997/06/08,31.2,
08HB034,1,1997/06/09,27.1,
08HB034,1,1997/06/10,23.1,
08HB034,1,1997/06/11,22.1,
08HB034,1,1997/06/12,21.4,
08HB034,1,1997/06/13,20.1,
08HB034,1,1997/06/14,19.5,
08HB034,1,1997/06/15,19.2,
08HB034,1,1997/06/16,20.1,
08HB034,1,1997/06/17,37.6,
08HB034,1,1997/06/18,55.5,
08HB034,1,1997/06/19,47.2,
08HB034,1,1997/06/20,34.4,
08HB034,1,1997/06/21,29.7,
08HB034,1,1997/06/22,27.5,
08HB034,1,1997/06/23,25.4,
08HB034,1,1997/06/24,23.2,
08HB034,1,1997/06/25,21.5,
08HB034,1,1997/06/26,19.9,
08HB034,1,1997/06/27,30.5,
08HB034,1,1997/06/28,37.4,
08HB034,1,1997/06/29,33.7,
08HB034,1,1997/06/30,29.1,
08HB034,1,1997/07/01,25.8,
08HB034,1,1997/07/02,23.0,
08HB034,1,1997/07/03,19.4,
08HB034,1,1997/07/04,17.9,
08HB034,1,1997/07/05,16.6,
08HB034,1,1997/07/06,16.5,
08HB034,1,1997/07/07,16.2,
08HB034,1,1997/07/08,55.1,
08HB034,1,1997/07/09,103,
08HB034,1,1997/07/10,67.0,
08HB034,1,1997/07/11,43.5,
08HB034,1,1997/07/12,31.3,
08HB034,1,1997/07/13,25.5,
08HB034,1,1997/07/14,21.5,
08HB034,1,1997/07/15,17.8,
08HB034,1,1997/07/16,15.6,
08HB034,1,1997/07/17,13.6,
08HB034,1,1997/07/18,12.0,
08HB034,1,1997/07/19,10.9,
08HB034,1,1997/07/20,9.86,
08HB034,1,1997/07/21,9.38,
08HB034,1,1997/07/22,9.77,
08HB034,1,1997/07/23,8.58,
08HB034,1,1997/07/24,7.57,
08HB034,1,1997/07/25,6.87,
08HB034,1,1997/07/26,6.07,
08HB034,1,1997/07/27,5.68,
08HB034,1,1997/07/28,5.32,
08HB034,1,1997/07/29,5.03,
08HB034,1,1997/07/30,4.85,
08HB034,1,1997/07/31,5.09,
08HB034,1,1997/08/01,4.55,
08HB034,1,1997/08/02,4.13,
08HB034,1,1997/08/03,3.97,
08HB034,1,1997/08/04,3.74,
08HB034,1,1997/08/05,3.64,
08HB034,1,1997/08/06,4.14,
08HB034,1,1997/08/07,4.61,
08HB034,1,1997/08/08,4.61,
08HB034,1,1997/08/09,4.64,
08HB034,1,1997/08/10,4.66,
08HB034,1,1997/08/11,4.63,
08HB034,1,1997/08/12,4.51,
08HB034,1,1997/08/13,4.05,
08HB034,1,1997/08/14,3.98,
08HB034,1,1997/08/15,4.40,
08HB034,1,1997/08/16,4.40,
08HB034,1,1997/08/17,4.44,
08HB034,1,1997/08/18,4.39,
08HB034,1,1997/08/19,4.34,
08HB034,1,1997/08/20,4.67,
08HB034,1,1997/08/21,5.07,
08HB034,1,1997/08/22,4.70,
08HB034,1,1997/08/23,4.92,
08HB034,1,1997/08/24,5.06,
08HB034,1,1997/08/25,5.48,
08HB034,1,1997/08/26,10.8,
08HB034,1,1997/08/27,20.6,
08HB034,1,1997/08/28,24.5,
08HB034,1,1997/08/29,22.2,
08HB034,1,1997/08/30,18.3,
08HB034,1,1997/08/31,14.8,
08HB034,1,1997/09/01,11.9,
08HB034,1,1997/09/02,9.79,
08HB034,1,1997/09/03,8.25,
08HB034,1,1997/09/04,7.50,
08HB034,1,1997/09/05,6.89,
08HB034,1,1997/09/06,6.39,
08HB034,1,1997/09/07,5.83,
08HB034,1,1997/09/08,5.53,
08HB034,1,1997/09/09,5.25,
08HB034,1,1997/09/10,4.99,
08HB034,1,1997/09/11,4.82,
08HB034,1,1997/09/12,5.45,
08HB034,1,1997/09/13,5.98,
08HB034,1,1997/09/14,7.43,
08HB034,1,1997/09/15,11.9,
08HB034,1,1997/09/16,13.4,
08HB034,1,1997/09/17,30.6,
08HB034,1,1997/09/18,41.4,
08HB034,1,1997/09/19,38.9,
08HB034,1,1997/09/20,30.9,
08HB034,1,1997/09/21,23.3,
08HB034,1,1997/09/22,19.0,
08HB034,1,1997/09/23,16.2,
08HB034,1,1997/09/24,14.7,
08HB034,1,1997/09/25,14.3,
08HB034,1,1997/09/26,18.5,
08HB034,1,1997/09/27,55.2,
08HB034,1,1997/09/28,82.8,
08HB034,1,1997/09/29,78.5,
08HB034,1,1997/09/30,64.2,
08HB034,1,1997/10/01,101,
08HB034,1,1997/10/02,194,
08HB034,1,1997/10/03,180,
08HB034,1,1997/10/04,212,
08HB034,1,1997/10/05,189,
08HB034,1,1997/10/06,108,
08HB034,1,1997/10/07,68.3,
08HB034,1,1997/10/08,63.5,
08HB034,1,1997/10/09,70.4,
08HB034,1,1997/10/10,123,
08HB034,1,1997/10/11,108,
08HB034,1,1997/10/12,74.2,
08HB034,1,1997/10/13,54.7,
08HB034,1,1997/10/14,50.2,
08HB034,1,1997/10/15,52.6,
08HB034,1,1997/10/16,56.2,
08HB034,1,1997/10/17,53.9,
08HB034,1,1997/10/18,46.5,
08HB034,1,1997/10/19,39.1,
08HB034,1,1997/10/20,32.8,
08HB034,1,1997/10/21,28.4,
08HB034,1,1997/10/22,25.4,
08HB034,1,1997/10/23,23.0,
08HB034,1,1997/10/24,20.9,
08HB034,1,1997/10/25,19.3,
08HB034,1,1997/10/26,18.4,
08HB034,1,1997/10/27,18.4,
08HB034,1,1997/10/28,18.9,
08HB034,1,1997/10/29,55.2,
08HB034,1,1997/10/30,240,
08HB034,1,1997/10/31,272,
08HB034,1,1997/11/01,163,
08HB034,1,1997/11/02,96.9,
08HB034,1,1997/11/03,92.7,
08HB034,1,1997/11/04,134,
08HB034,1,1997/11/05,98.9,
08HB034,1,1997/11/06,88.7,
08HB034,1,1997/11/07,78.2,
08HB034,1,1997/11/08,61.9,
08HB034,1,1997/11/09,48.0,
08HB034,1,1997/11/10,38.7,
08HB034,1,1997/11/11,32.6,
08HB034,1,1997/11/12,28.5,
08HB034,1,1997/11/13,25.5,
08HB034,1,1997/11/14,23.1,
08HB034,1,1997/11/15,21.2,
08HB034,1,1997/11/16,19.6,
08HB034,1,1997/11/17,18.5,
08HB034,1,1997/11/18,18.6,
08HB034,1,1997/11/19,19.4,
08HB034,1,1997/11/20,23.0,
08HB034,1,1997/11/21,25.7,
08HB034,1,1997/11/22,26.3,
08HB034,1,1997/11/23,56.5,
08HB034,1,1997/11/24,152,
08HB034,1,1997/11/25,140,
08HB034,1,1997/11/26,87.9,
08HB034,1,1997/11/27,66.6,
08HB034,1,1997/11/28,233,
08HB034,1,1997/11/29,301,
08HB034,1,1997/11/30,244,
08HB034,1,1997/12/01,150,
08HB034,1,1997/12/02,92.2,
08HB034,1,1997/12/03,63.6,
08HB034,1,1997/12/04,47.5,
08HB034,1,1997/12/05,38.2,
08HB034,1,1997/12/06,32.7,
08HB034,1,1997/12/07,29.2,
08HB034,1,1997/12/08,27.0,
08HB034,1,1997/12/09,24.8,
08HB034,1,1997/12/10,23.8,
08HB034,1,1997/12/11,23.4,
08HB034,1,1997/12/12,22.7,
08HB034,1,1997/12/13,21.8,
08HB034,1,1997/12/14,29.5,
08HB034,1,1997/12/15,54.0,
08HB034,1,1997/12/16,146,
08HB034,1,1997/12/17,259,
08HB034,1,1997/12/18,147,
08HB034,1,1997/12/19,91.5,
08HB034,1,1997/12/20,107,
08HB034,1,1997/12/21,103,
08HB034,1,1997/12/22,75.7,
08HB034,1,1997/12/23,62.2,
08HB034,1,1997/12/24,50.9,
08HB034,1,1997/12/25,42.3,
08HB034,1,1997/12/26,37.4,
08HB034,1,1997/12/27,38.2,
08HB034,1,1997/12/28,39.6,
08HB034,1,1997/12/29,66.0,
08HB034,1,1997/12/30,92.3,
08HB034,1,1997/12/31,80.3,
08HB034,1,1998/01/01,65.6,
08HB034,1,1998/01/02,57.2,
08HB034,1,1998/01/03,46.0,
08HB034,1,1998/01/04,37.7,
08HB034,1,1998/01/05,33.6,
08HB034,1,1998/01/06,30.5,
08HB034,1,1998/01/07,27.8,
08HB034,1,1998/01/08,25.3,
08HB034,1,1998/01/09,23.1,
08HB034,1,1998/01/10,21.5,
08HB034,1,1998/01/11,19.2,
08HB034,1,1998/01/12,18.0,
08HB034,1,1998/01/13,18.9,
08HB034,1,1998/01/14,44.4,
08HB034,1,1998/01/15,131,
08HB034,1,1998/01/16,137,
08HB034,1,1998/01/17,135,
08HB034,1,1998/01/18,139,
08HB034,1,1998/01/19,180,
08HB034,1,1998/01/20,130,
08HB034,1,1998/01/21,91.8,
08HB034,1,1998/01/22,77.1,
08HB034,1,1998/01/23,185,
08HB034,1,1998/01/24,453,
08HB034,1,1998/01/25,333,
08HB034,1,1998/01/26,317,
08HB034,1,1998/01/27,229,
08HB034,1,1998/01/28,151,
08HB034,1,1998/01/29,150,
08HB034,1,1998/01/30,138,
08HB034,1,1998/01/31,104,
08HB034,1,1998/02/01,76.1,
08HB034,1,1998/02/02,59.2,
08HB034,1,1998/02/03,49.5,
08HB034,1,1998/02/04,43.2,
08HB034,1,1998/02/05,40.1,
08HB034,1,1998/02/06,40.6,
08HB034,1,1998/02/07,45.0,
08HB034,1,1998/02/08,54.5,
08HB034,1,1998/02/09,58.1,
08HB034,1,1998/02/10,53.5,
08HB034,1,1998/02/11,50.2,
08HB034,1,1998/02/12,96.0,
08HB034,1,1998/02/13,227,
08HB034,1,1998/02/14,181,
08HB034,1,1998/02/15,119,
08HB034,1,1998/02/16,82.2,
08HB034,1,1998/02/17,62.3,
08HB034,1,1998/02/18,57.9,
08HB034,1,1998/02/19,121,
08HB034,1,1998/02/20,119,
08HB034,1,1998/02/21,121,
08HB034,1,1998/02/22,128,
08HB034,1,1998/02/23,103,
08HB034,1,1998/02/24,76.7,
08HB034,1,1998/02/25,59.0,
08HB034,1,1998/02/26,47.0,
08HB034,1,1998/02/27,40.0,
08HB034,1,1998/02/28,36.2,
08HB034,1,1998/03/01,41.0,
08HB034,1,1998/03/02,39.9,
08HB034,1,1998/03/03,36.8,
08HB034,1,1998/03/04,33.2,
08HB034,1,1998/03/05,30.3,
08HB034,1,1998/03/06,28.1,
08HB034,1,1998/03/07,25.8,
08HB034,1,1998/03/08,24.7,
08HB034,1,1998/03/09,25.1,
08HB034,1,1998/03/10,26.8,
08HB034,1,1998/03/11,33.3,
08HB034,1,1998/03/12,52.8,
08HB034,1,1998/03/13,80.4,
08HB034,1,1998/03/14,83.5,
08HB034,1,1998/03/15,72.1,
08HB034,1,1998/03/16,62.4,
08HB034,1,1998/03/17,51.6,
08HB034,1,1998/03/18,42.0,
08HB034,1,1998/03/19,34.9,
08HB034,1,1998/03/20,30.9,
08HB034,1,1998/03/21,29.6,
08HB034,1,1998/03/22,41.9,
08HB034,1,1998/03/23,59.7,
08HB034,1,1998/03/24,115,
08HB034,1,1998/03/25,106,
08HB034,1,1998/03/26,74.2,
08HB034,1,1998/03/27,53.8,
08HB034,1,1998/03/28,41.9,
08HB034,1,1998/03/29,34.2,
08HB034,1,1998/03/30,29.6,
08HB034,1,1998/03/31,26.5,
08HB034,1,1998/04/01,23.8,
08HB034,1,1998/04/02,21.5,
08HB034,1,1998/04/03,19.4,
08HB034,1,1998/04/04,18.0,
08HB034,1,1998/04/05,16.8,
08HB034,1,1998/04/06,15.8,
08HB034,1,1998/04/07,15.2,
08HB034,1,1998/04/08,14.1,
08HB034,1,1998/04/09,13.4,
08HB034,1,1998/04/10,12.9,
08HB034,1,1998/04/11,13.6,
08HB034,1,1998/04/12,13.6,
08HB034,1,1998/04/13,13.3,
08HB034,1,1998/04/14,12.8,
08HB034,1,1998/04/15,12.0,
08HB034,1,1998/04/16,11.4,
08HB034,1,1998/04/17,10.9,
08HB034,1,1998/04/18,10.8,
08HB034,1,1998/04/19,11.8,
08HB034,1,1998/04/20,12.1,
08HB034,1,1998/04/21,13.0,
08HB034,1,1998/04/22,13.1,
08HB034,1,1998/04/23,14.9,
08HB034,1,1998/04/24,17.5,
08HB034,1,1998/04/25,17.7,
08HB034,1,1998/04/26,16.4,
08HB034,1,1998/04/27,15.7,
08HB034,1,1998/04/28,16.6,
08HB034,1,1998/04/29,19.8,
08HB034,1,1998/04/30,23.8,
08HB034,1,1998/05/01,29.2,
08HB034,1,1998/05/02,34.5,
08HB034,1,1998/05/03,35.2,
08HB034,1,1998/05/04,34.7,
08HB034,1,1998/05/05,35.4,
08HB034,1,1998/05/06,33.3,
08HB034,1,1998/05/07,31.1,
08HB034,1,1998/05/08,27.7,
08HB034,1,1998/05/09,23.9,
08HB034,1,1998/05/10,20.8,
08HB034,1,1998/05/11,19.0,
08HB034,1,1998/05/12,16.7,
08HB034,1,1998/05/13,16.0,
08HB034,1,1998/05/14,15.7,
08HB034,1,1998/05/15,15.5,
08HB034,1,1998/05/16,13.9,
08HB034,1,1998/05/17,12.7,
08HB034,1,1998/05/18,11.5,
08HB034,1,1998/05/19,11.1,
08HB034,1,1998/05/20,10.5,
08HB034,1,1998/05/21,10.5,
08HB034,1,1998/05/22,10.9,
08HB034,1,1998/05/23,10.9,
08HB034,1,1998/05/24,12.2,
08HB034,1,1998/05/25,14.5,
08HB034,1,1998/05/26,16.0,
08HB034,1,1998/05/27,19.9,
08HB034,1,1998/05/28,22.1,
08HB034,1,1998/05/29,19.6,
08HB034,1,1998/05/30,17.5,
08HB034,1,1998/05/31,16.3,
08HB034,1,1998/06/01,15.6,
08HB034,1,1998/06/02,14.2,
08HB034,1,1998/06/03,13.1,
08HB034,1,1998/06/04,12.3,
08HB034,1,1998/06/05,11.8,
08HB034,1,1998/06/06,10.1,
08HB034,1,1998/06/07,9.95,
08HB034,1,1998/06/08,9.62,
08HB034,1,1998/06/09,9.58,
08HB034,1,1998/06/10,12.0,
08HB034,1,1998/06/11,11.7,
08HB034,1,1998/06/12,9.29,
08HB034,1,1998/06/13,8.42,
08HB034,1,1998/06/14,7.77,
08HB034,1,1998/06/15,7.40,
08HB034,1,1998/06/16,6.78,
08HB034,1,1998/06/17,6.26,
08HB034,1,1998/06/18,5.99,
08HB034,1,1998/06/19,5.65,
08HB034,1,1998/06/20,5.25,
08HB034,1,1998/06/21,5.06,
08HB034,1,1998/06/22,4.75,
08HB034,1,1998/06/23,4.63,
08HB034,1,1998/06/24,5.19,
08HB034,1,1998/06/25,5.35,
08HB034,1,1998/06/26,5.32,
08HB034,1,1998/06/27,5.29,
08HB034,1,1998/06/28,5.07,
08HB034,1,1998/06/29,4.76,
08HB034,1,1998/06/30,4.60,
08HB034,1,1998/07/01,4.25,
08HB034,1,1998/07/02,4.22,
08HB034,1,1998/07/03,4.25,
08HB034,1,1998/07/04,4.97,
08HB034,1,1998/07/05,5.38,
08HB034,1,1998/07/06,5.12,
08HB034,1,1998/07/07,4.62,
08HB034,1,1998/07/08,4.25,
08HB034,1,1998/07/09,3.91,
08HB034,1,1998/07/10,3.65,
08HB034,1,1998/07/11,3.60,
08HB034,1,1998/07/12,3.72,
08HB034,1,1998/07/13,4.02,
08HB034,1,1998/07/14,4.40,
08HB034,1,1998/07/15,6.80,
08HB034,1,1998/07/16,7.54,
08HB034,1,1998/07/17,7.85,
08HB034,1,1998/07/18,7.25,
08HB034,1,1998/07/19,6.59,
08HB034,1,1998/07/20,5.63,
08HB034,1,1998/07/21,4.93,
08HB034,1,1998/07/22,4.36,
08HB034,1,1998/07/23,4.16,
08HB034,1,1998/07/24,4.27,
08HB034,1,1998/07/25,4.16,
08HB034,1,1998/07/26,4.06,
08HB034,1,1998/07/27,3.95,
08HB034,1,1998/07/28,3.85,
08HB034,1,1998/07/29,3.82,
08HB034,1,1998/07/30,3.80,
08HB034,1,1998/07/31,3.58,
08HB034,1,1998/08/01,3.72,
08HB034,1,1998/08/02,3.82,
08HB034,1,1998/08/03,3.80,
08HB034,1,1998/08/04,3.86,
08HB034,1,1998/08/05,4.84,
08HB034,1,1998/08/06,4.50,
08HB034,1,1998/08/07,4.35,
08HB034,1,1998/08/08,4.59,
08HB034,1,1998/08/09,4.57,
08HB034,1,1998/08/10,4.57,
08HB034,1,1998/08/11,4.60,
08HB034,1,1998/08/12,4.51,
08HB034,1,1998/08/13,4.39,
08HB034,1,1998/08/14,4.27,
08HB034,1,1998/08/15,4.32,
08HB034,1,1998/08/16,4.29,
08HB034,1,1998/08/17,4.47,
08HB034,1,1998/08/18,4.21,
08HB034,1,1998/08/19,4.14,
08HB034,1,1998/08/20,4.18,
08HB034,1,1998/08/21,4.05,
08HB034,1,1998/08/22,4.16,
08HB034,1,1998/08/23,4.16,
08HB034,1,1998/08/24,4.12,
08HB034,1,1998/08/25,4.06,
08HB034,1,1998/08/26,4.07,
08HB034,1,1998/08/27,4.03,
08HB034,1,1998/08/28,4.06,
08HB034,1,1998/08/29,4.04,
08HB034,1,1998/08/30,4.03,
08HB034,1,1998/08/31,3.98,
08HB034,1,1998/09/01,4.16,
08HB034,1,1998/09/02,4.10,
08HB034,1,1998/09/03,4.08,
08HB034,1,1998/09/04,4.00,
08HB034,1,1998/09/05,4.05,
08HB034,1,1998/09/06,4.09,
08HB034,1,1998/09/07,4.17,
08HB034,1,1998/09/08,4.33,
08HB034,1,1998/09/09,4.23,
08HB034,1,1998/09/10,4.19,
08HB034,1,1998/09/11,4.21,
08HB034,1,1998/09/12,4.14,
08HB034,1,1998/09/13,4.11,
08HB034,1,1998/09/14,4.07,
08HB034,1,1998/09/15,4.00,
08HB034,1,1998/09/16,3.93,
08HB034,1,1998/09/17,4.00,
08HB034,1,1998/09/18,4.20,
08HB034,1,1998/09/19,4.28,
08HB034,1,1998/09/20,4.19,
08HB034,1,1998/09/21,4.14,
08HB034,1,1998/09/22,4.08,
08HB034,1,1998/09/23,3.92,
08HB034,1,1998/09/24,3.87,
08HB034,1,1998/09/25,4.71,
08HB034,1,1998/09/26,7.67,
08HB034,1,1998/09/27,10.9,
08HB034,1,1998/09/28,12.8,
08HB034,1,1998/09/29,11.8,
08HB034,1,1998/09/30,8.69,
08HB034,1,1998/10/01,7.04,
08HB034,1,1998/10/02,6.21,
08HB034,1,1998/10/03,5.93,
08HB034,1,1998/10/04,6.58,
08HB034,1,1998/10/05,5.66,
08HB034,1,1998/10/06,5.37,
08HB034,1,1998/10/07,4.97,
08HB034,1,1998/10/08,4.68,
08HB034,1,1998/10/09,6.33,
08HB034,1,1998/10/10,6.90,
08HB034,1,1998/10/11,6.89,
08HB034,1,1998/10/12,13.6,
08HB034,1,1998/10/13,30.9,
08HB034,1,1998/10/14,32.5,
08HB034,1,1998/10/15,25.5,
08HB034,1,1998/10/16,18.8,
08HB034,1,1998/10/17,16.6,
08HB034,1,1998/10/18,19.6,
08HB034,1,1998/10/19,18.1,
08HB034,1,1998/10/20,14.6,
08HB034,1,1998/10/21,11.5,
08HB034,1,1998/10/22,9.34,
08HB034,1,1998/10/23,8.01,
08HB034,1,1998/10/24,7.04,
08HB034,1,1998/10/25,6.33,
08HB034,1,1998/10/26,5.72,
08HB034,1,1998/10/27,5.41,
08HB034,1,1998/10/28,5.21,
08HB034,1,1998/10/29,4.92,
08HB034,1,1998/10/30,4.69,
08HB034,1,1998/10/31,4.68,
08HB034,1,1998/11/01,5.50,
08HB034,1,1998/11/02,7.41,
08HB034,1,1998/11/03,10.8,
08HB034,1,1998/11/04,13.1,
08HB034,1,1998/11/05,18.3,
08HB034,1,1998/11/06,18.8,
08HB034,1,1998/11/07,16.8,
08HB034,1,1998/11/08,14.1,
08HB034,1,1998/11/09,11.9,
08HB034,1,1998/11/10,10.3,
08HB034,1,1998/11/11,9.21,
08HB034,1,1998/11/12,11.3,
08HB034,1,1998/11/13,142,
08HB034,1,1998/11/14,139,
08HB034,1,1998/11/15,322,
08HB034,1,1998/11/16,310,
08HB034,1,1998/11/17,182,
08HB034,1,1998/11/18,101,
08HB034,1,1998/11/19,65.9,
08HB034,1,1998/11/20,140,
08HB034,1,1998/11/21,255,
08HB034,1,1998/11/22,196,
08HB034,1,1998/11/23,130,
08HB034,1,1998/11/24,179,
08HB034,1,1998/11/25,287,
08HB034,1,1998/11/26,289,
08HB034,1,1998/11/27,204,
08HB034,1,1998/11/28,131,
08HB034,1,1998/11/29,88.6,
08HB034,1,1998/11/30,70.6,
08HB034,1,1998/12/01,70.4,
08HB034,1,1998/12/02,84.7,
08HB034,1,1998/12/03,71.4,
08HB034,1,1998/12/04,56.7,
08HB034,1,1998/12/05,48.2,
08HB034,1,1998/12/06,43.6,
08HB034,1,1998/12/07,46.9,
08HB034,1,1998/12/08,53.8,
08HB034,1,1998/12/09,48.8,
08HB034,1,1998/12/10,74.1,
08HB034,1,1998/12/11,103,
08HB034,1,1998/12/12,232,
08HB034,1,1998/12/13,628,
08HB034,1,1998/12/14,302,
08HB034,1,1998/12/15,158,
08HB034,1,1998/12/16,115,
08HB034,1,1998/12/17,105,
08HB034,1,1998/12/18,95.2,
08HB034,1,1998/12/19,72.5,
08HB034,1,1998/12/20,53.7,
08HB034,1,1998/12/21,42.4,
08HB034,1,1998/12/22,34.7,
08HB034,1,1998/12/23,30.5,
08HB034,1,1998/12/24,27.9,
08HB034,1,1998/12/25,27.8,
08HB034,1,1998/12/26,29.4,
08HB034,1,1998/12/27,30.5,
08HB034,1,1998/12/28,63.2,
08HB034,1,1998/12/29,164,
08HB034,1,1998/12/30,204,
08HB034,1,1998/12/31,150,
08HB034,1,1999/01/01,121,
08HB034,1,1999/01/02,85.4,
08HB034,1,1999/01/03,62.0,
08HB034,1,1999/01/04,47.6,
08HB034,1,1999/01/05,39.3,
08HB034,1,1999/01/06,34.2,
08HB034,1,1999/01/07,31.3,
08HB034,1,1999/01/08,29.5,
08HB034,1,1999/01/09,35.1,
08HB034,1,1999/01/10,45.9,
08HB034,1,1999/01/11,72.8,
08HB034,1,1999/01/12,79.0,
08HB034,1,1999/01/13,73.1,
08HB034,1,1999/01/14,297,
08HB034,1,1999/01/15,284,
08HB034,1,1999/01/16,156,
08HB034,1,1999/01/17,107,
08HB034,1,1999/01/18,128,
08HB034,1,1999/01/19,185,
08HB034,1,1999/01/20,151,
08HB034,1,1999/01/21,117,
08HB034,1,1999/01/22,92.7,
08HB034,1,1999/01/23,74.9,
08HB034,1,1999/01/24,59.1,
08HB034,1,1999/01/25,47.8,
08HB034,1,1999/01/26,40.5,
08HB034,1,1999/01/27,36.3,
08HB034,1,1999/01/28,41.7,
08HB034,1,1999/01/29,270,
08HB034,1,1999/01/30,255,
08HB034,1,1999/01/31,136,
08HB034,1,1999/02/01,94.1,
08HB034,1,1999/02/02,143,
08HB034,1,1999/02/03,158,
08HB034,1,1999/02/04,117,
08HB034,1,1999/02/05,91.3,
08HB034,1,1999/02/06,103,
08HB034,1,1999/02/07,99.5,
08HB034,1,1999/02/08,79.7,
08HB034,1,1999/02/09,62.0,
08HB034,1,1999/02/10,48.9,
08HB034,1,1999/02/11,41.8,
08HB034,1,1999/02/12,42.6,
08HB034,1,1999/02/13,71.6,
08HB034,1,1999/02/14,73.1,
08HB034,1,1999/02/15,61.6,
08HB034,1,1999/02/16,78.7,
08HB034,1,1999/02/17,106,
08HB034,1,1999/02/18,92.0,
08HB034,1,1999/02/19,71.2,
08HB034,1,1999/02/20,56.0,
08HB034,1,1999/02/21,51.1,
08HB034,1,1999/02/22,79.5,
08HB034,1,1999/02/23,100,
08HB034,1,1999/02/24,178,
08HB034,1,1999/02/25,199,
08HB034,1,1999/02/26,149,
08HB034,1,1999/02/27,106,
08HB034,1,1999/02/28,105,
08HB034,1,1999/03/01,115,
08HB034,1,1999/03/02,100,
08HB034,1,1999/03/03,97.3,
08HB034,1,1999/03/04,94.5,
08HB034,1,1999/03/05,74.8,
08HB034,1,1999/03/06,58.5,
08HB034,1,1999/03/07,47.2,
08HB034,1,1999/03/08,40.5,
08HB034,1,1999/03/09,36.1,
08HB034,1,1999/03/10,32.9,
08HB034,1,1999/03/11,31.0,
08HB034,1,1999/03/12,30.7,
08HB034,1,1999/03/13,52.3,
08HB034,1,1999/03/14,75.7,
08HB034,1,1999/03/15,68.3,
08HB034,1,1999/03/16,57.2,
08HB034,1,1999/03/17,47.0,
08HB034,1,1999/03/18,40.7,
08HB034,1,1999/03/19,36.6,
08HB034,1,1999/03/20,35.5,
08HB034,1,1999/03/21,42.3,
08HB034,1,1999/03/22,63.4,
08HB034,1,1999/03/23,86.6,
08HB034,1,1999/03/24,92.7,
08HB034,1,1999/03/25,92.1,
08HB034,1,1999/03/26,79.4,
08HB034,1,1999/03/27,64.0,
08HB034,1,1999/03/28,51.7,
08HB034,1,1999/03/29,50.0,
08HB034,1,1999/03/30,53.4,
08HB034,1,1999/03/31,46.2,
08HB034,1,1999/04/01,39.5,
08HB034,1,1999/04/02,34.7,
08HB034,1,1999/04/03,31.8,
08HB034,1,1999/04/04,29.2,
08HB034,1,1999/04/05,27.2,
08HB034,1,1999/04/06,26.0,
08HB034,1,1999/04/07,25.9,
08HB034,1,1999/04/08,29.0,
08HB034,1,1999/04/09,30.4,
08HB034,1,1999/04/10,30.4,
08HB034,1,1999/04/11,28.6,
08HB034,1,1999/04/12,29.6,
08HB034,1,1999/04/13,33.2,
08HB034,1,1999/04/14,34.2,
08HB034,1,1999/04/15,34.7,
08HB034,1,1999/04/16,40.5,
08HB034,1,1999/04/17,56.4,
08HB034,1,1999/04/18,73.6,
08HB034,1,1999/04/19,80.1,
08HB034,1,1999/04/20,80.9,
08HB034,1,1999/04/21,72.5,
08HB034,1,1999/04/22,63.0,
08HB034,1,1999/04/23,60.6,
08HB034,1,1999/04/24,73.2,
08HB034,1,1999/04/25,97.7,
08HB034,1,1999/04/26,95.1,
08HB034,1,1999/04/27,73.6,
08HB034,1,1999/04/28,56.1,
08HB034,1,1999/04/29,47.0,
08HB034,1,1999/04/30,47.6,
08HB034,1,1999/05/01,53.2,
08HB034,1,1999/05/02,60.3,
08HB034,1,1999/05/03,59.4,
08HB034,1,1999/05/04,51.6,
08HB034,1,1999/05/05,43.7,
08HB034,1,1999/05/06,39.1,
08HB034,1,1999/05/07,45.2,
08HB034,1,1999/05/08,45.5,
08HB034,1,1999/05/09,41.0,
08HB034,1,1999/05/10,35.7,
08HB034,1,1999/05/11,33.4,
08HB034,1,1999/05/12,35.8,
08HB034,1,1999/05/13,38.6,
08HB034,1,1999/05/14,39.6,
08HB034,1,1999/05/15,38.6,
08HB034,1,1999/05/16,42.4,
08HB034,1,1999/05/17,48.6,
08HB034,1,1999/05/18,58.3,
08HB034,1,1999/05/19,64.1,
08HB034,1,1999/05/20,59.5,
08HB034,1,1999/05/21,55.6,
08HB034,1,1999/05/22,55.2,
08HB034,1,1999/05/23,71.8,
08HB034,1,1999/05/24,111,
08HB034,1,1999/05/25,131,
08HB034,1,1999/05/26,103,
08HB034,1,1999/05/27,80.1,
08HB034,1,1999/05/28,70.9,
08HB034,1,1999/05/29,66.8,
08HB034,1,1999/05/30,64.2,
08HB034,1,1999/05/31,69.1,
08HB034,1,1999/06/01,82.4,
08HB034,1,1999/06/02,71.1,
08HB034,1,1999/06/03,60.6,
08HB034,1,1999/06/04,66.8,
08HB034,1,1999/06/05,81.8,
08HB034,1,1999/06/06,79.5,
08HB034,1,1999/06/07,62.7,
08HB034,1,1999/06/08,49.7,
08HB034,1,1999/06/09,43.3,
08HB034,1,1999/06/10,39.2,
08HB034,1,1999/06/11,38.4,
08HB034,1,1999/06/12,46.5,
08HB034,1,1999/06/13,64.0,
08HB034,1,1999/06/14,77.5,
08HB034,1,1999/06/15,90.9,
08HB034,1,1999/06/16,89.3,
08HB034,1,1999/06/17,76.8,A
08HB034,1,1999/06/18,68.2,A
08HB034,1,1999/06/19,59.8,A
08HB034,1,1999/06/20,49.9,
08HB034,1,1999/06/21,45.6,
08HB034,1,1999/06/22,44.7,
08HB034,1,1999/06/23,43.7,
08HB034,1,1999/06/24,46.7,
08HB034,1,1999/06/25,47.6,
08HB034,1,1999/06/26,43.8,
08HB034,1,1999/06/27,38.5,
08HB034,1,1999/06/28,35.3,
08HB034,1,1999/06/29,34.5,
08HB034,1,1999/06/30,35.2,
08HB034,1,1999/07/01,36.6,
08HB034,1,1999/07/02,35.8,
08HB034,1,1999/07/03,36.5,
08HB034,1,1999/07/04,37.1,
08HB034,1,1999/07/05,34.4,
08HB034,1,1999/07/06,33.6,
08HB034,1,1999/07/07,36.8,
08HB034,1,1999/07/08,36.9,
08HB034,1,1999/07/09,35.0,
08HB034,1,1999/07/10,36.3,
08HB034,1,1999/07/11,36.9,
08HB034,1,1999/07/12,36.0,
08HB034,1,1999/07/13,35.1,
08HB034,1,1999/07/14,33.1,
08HB034,1,1999/07/15,29.8,
08HB034,1,1999/07/16,28.7,
08HB034,1,1999/07/17,28.8,
08HB034,1,1999/07/18,28.4,
08HB034,1,1999/07/19,27.8,
08HB034,1,1999/07/20,27.5,
08HB034,1,1999/07/21,26.5,
08HB034,1,1999/07/22,24.5,
08HB034,1,1999/07/23,23.1,
08HB034,1,1999/07/24,21.6,
08HB034,1,1999/07/25,20.2,
08HB034,1,1999/07/26,18.4,
08HB034,1,1999/07/27,17.2,
08HB034,1,1999/07/28,17.5,
08HB034,1,1999/07/29,18.0,
08HB034,1,1999/07/30,17.6,
08HB034,1,1999/07/31,16.0,
08HB034,1,1999/08/01,14.5,
08HB034,1,1999/08/02,13.6,
08HB034,1,1999/08/03,13.6,
08HB034,1,1999/08/04,14.7,
08HB034,1,1999/08/05,14.9,
08HB034,1,1999/08/06,14.6,
08HB034,1,1999/08/07,14.3,
08HB034,1,1999/08/08,13.7,
08HB034,1,1999/08/09,12.7,
08HB034,1,1999/08/10,11.9,
08HB034,1,1999/08/11,10.9,
08HB034,1,1999/08/12,9.38,
08HB034,1,1999/08/13,8.78,
08HB034,1,1999/08/14,8.22,
08HB034,1,1999/08/15,7.99,
08HB034,1,1999/08/16,8.21,
08HB034,1,1999/08/17,8.18,
08HB034,1,1999/08/18,7.85,
08HB034,1,1999/08/19,7.54,
08HB034,1,1999/08/20,7.07,
08HB034,1,1999/08/21,6.83,
08HB034,1,1999/08/22,6.51,
08HB034,1,1999/08/23,6.13,
08HB034,1,1999/08/24,5.88,
08HB034,1,1999/08/25,6.24,
08HB034,1,1999/08/26,6.74,
08HB034,1,1999/08/27,7.33,
08HB034,1,1999/08/28,7.20,
08HB034,1,1999/08/29,6.93,
08HB034,1,1999/08/30,6.48,
08HB034,1,1999/08/31,5.97,
08HB034,1,1999/09/01,5.50,
08HB034,1,1999/09/02,5.10,
08HB034,1,1999/09/03,5.73,
08HB034,1,1999/09/04,5.62,
08HB034,1,1999/09/05,5.59,
08HB034,1,1999/09/06,6.27,
08HB034,1,1999/09/07,6.63,
08HB034,1,1999/09/08,6.99,
08HB034,1,1999/09/09,6.84,
08HB034,1,1999/09/10,5.61,
08HB034,1,1999/09/11,5.11,
08HB034,1,1999/09/12,4.71,
08HB034,1,1999/09/13,4.32,
08HB034,1,1999/09/14,3.99,
08HB034,1,1999/09/15,4.10,
08HB034,1,1999/09/16,4.53,
08HB034,1,1999/09/17,4.88,
08HB034,1,1999/09/18,5.02,
08HB034,1,1999/09/19,5.08,
08HB034,1,1999/09/20,5.18,
08HB034,1,1999/09/21,5.20,
08HB034,1,1999/09/22,5.29,
08HB034,1,1999/09/23,5.36,
08HB034,1,1999/09/24,5.38,
08HB034,1,1999/09/25,6.00,
08HB034,1,1999/09/26,6.27,
08HB034,1,1999/09/27,6.19,
08HB034,1,1999/09/28,5.98,
08HB034,1,1999/09/29,5.81,
08HB034,1,1999/09/30,5.56,
08HB034,1,1999/10/01,5.31,
08HB034,1,1999/10/02,5.78,
08HB034,1,1999/10/03,8.78,
08HB034,1,1999/10/04,11.9,
08HB034,1,1999/10/05,13.4,
08HB034,1,1999/10/06,12.4,
08HB034,1,1999/10/07,9.77,
08HB034,1,1999/10/08,9.51,
08HB034,1,1999/10/09,8.78,
08HB034,1,1999/10/10,8.16,
08HB034,1,1999/10/11,7.51,
08HB034,1,1999/10/12,7.06,
08HB034,1,1999/10/13,10.8,
08HB034,1,1999/10/14,13.8,
08HB034,1,1999/10/15,13.2,
08HB034,1,1999/10/16,11.1,
08HB034,1,1999/10/17,9.59,
08HB034,1,1999/10/18,8.49,
08HB034,1,1999/10/19,7.64,
08HB034,1,1999/10/20,7.16,
08HB034,1,1999/10/21,6.78,
08HB034,1,1999/10/22,6.57,
08HB034,1,1999/10/23,6.43,
08HB034,1,1999/10/24,6.71,
08HB034,1,1999/10/25,6.90,
08HB034,1,1999/10/26,7.10,
08HB034,1,1999/10/27,7.53,
08HB034,1,1999/10/28,28.5,
08HB034,1,1999/10/29,46.0,
08HB034,1,1999/10/30,109,
08HB034,1,1999/10/31,123,
08HB034,1,1999/11/01,70.8,
08HB034,1,1999/11/02,42.3,
08HB034,1,1999/11/03,30.8,
08HB034,1,1999/11/04,39.5,
08HB034,1,1999/11/05,35.5,
08HB034,1,1999/11/06,90.4,
08HB034,1,1999/11/07,209,
08HB034,1,1999/11/08,214,
08HB034,1,1999/11/09,257,
08HB034,1,1999/11/10,288,
08HB034,1,1999/11/11,265,
08HB034,1,1999/11/12,252,
08HB034,1,1999/11/13,142,
08HB034,1,1999/11/14,95.3,
08HB034,1,1999/11/15,73.9,
08HB034,1,1999/11/16,73.8,
08HB034,1,1999/11/17,79.1,
08HB034,1,1999/11/18,64.7,
08HB034,1,1999/11/19,55.1,
08HB034,1,1999/11/20,91.5,
08HB034,1,1999/11/21,89.8,
08HB034,1,1999/11/22,66.8,
08HB034,1,1999/11/23,53.5,
08HB034,1,1999/11/24,62.7,
08HB034,1,1999/11/25,88.2,
08HB034,1,1999/11/26,73.6,
08HB034,1,1999/11/27,55.2,
08HB034,1,1999/11/28,51.9,
08HB034,1,1999/11/29,54.3,
08HB034,1,1999/11/30,78.6,
08HB034,1,1999/12/01,81.0,
08HB034,1,1999/12/02,164,
08HB034,1,1999/12/03,150,
08HB034,1,1999/12/04,97.4,
08HB034,1,1999/12/05,73.6,
08HB034,1,1999/12/06,117,
08HB034,1,1999/12/07,110,
08HB034,1,1999/12/08,81.0,
08HB034,1,1999/12/09,87.8,
08HB034,1,1999/12/10,73.6,
08HB034,1,1999/12/11,62.3,
08HB034,1,1999/12/12,121,
08HB034,1,1999/12/13,158,
08HB034,1,1999/12/14,105,
08HB034,1,1999/12/15,158,
08HB034,1,1999/12/16,229,
08HB034,1,1999/12/17,166,
08HB034,1,1999/12/18,170,
08HB034,1,1999/12/19,122,
08HB034,1,1999/12/20,81.9,
08HB034,1,1999/12/21,59.6,
08HB034,1,1999/12/22,47.1,
08HB034,1,1999/12/23,40.7,
08HB034,1,1999/12/24,36.6,
08HB034,1,1999/12/25,33.3,
08HB034,1,1999/12/26,30.7,
08HB034,1,1999/12/27,30.1,
08HB034,1,1999/12/28,30.0,
08HB034,1,1999/12/29,29.0,
08HB034,1,1999/12/30,26.7,
08HB034,1,1999/12/31,24.4,
08HB034,1,2000/01/01,23.5,
08HB034,1,2000/01/02,21.9,
08HB034,1,2000/01/03,20.9,
08HB034,1,2000/01/04,27.6,
08HB034,1,2000/01/05,32.5,
08HB034,1,2000/01/06,32.8,
08HB034,1,2000/01/07,30.9,
08HB034,1,2000/01/08,40.0,
08HB034,1,2000/01/09,48.1,
08HB034,1,2000/01/10,43.7,
08HB034,1,2000/01/11,36.6,
08HB034,1,2000/01/12,31.6,
08HB034,1,2000/01/13,28.5,
08HB034,1,2000/01/14,27.4,
08HB034,1,2000/01/15,26.8,
08HB034,1,2000/01/16,26.7,
08HB034,1,2000/01/17,35.1,
08HB034,1,2000/01/18,34.4,
08HB034,1,2000/01/19,30.9,
08HB034,1,2000/01/20,28.0,
08HB034,1,2000/01/21,26.4,
08HB034,1,2000/01/22,24.7,
08HB034,1,2000/01/23,23.2,
08HB034,1,2000/01/24,22.0,
08HB034,1,2000/01/25,21.1,
08HB034,1,2000/01/26,20.1,
08HB034,1,2000/01/27,19.0,
08HB034,1,2000/01/28,18.1,
08HB034,1,2000/01/29,17.3,
08HB034,1,2000/01/30,16.6,
08HB034,1,2000/01/31,17.1,
08HB034,1,2000/02/01,44.5,
08HB034,1,2000/02/02,83.8,
08HB034,1,2000/02/03,73.2,
08HB034,1,2000/02/04,54.8,
08HB034,1,2000/02/05,42.7,
08HB034,1,2000/02/06,35.8,
08HB034,1,2000/02/07,37.2,
08HB034,1,2000/02/08,62.6,
08HB034,1,2000/02/09,91.9,
08HB034,1,2000/02/10,82.9,
08HB034,1,2000/02/11,63.9,
08HB034,1,2000/02/12,49.3,
08HB034,1,2000/02/13,39.8,
08HB034,1,2000/02/14,33.3,
08HB034,1,2000/02/15,28.8,
08HB034,1,2000/02/16,25.7,
08HB034,1,2000/02/17,23.2,
08HB034,1,2000/02/18,21.3,
08HB034,1,2000/02/19,19.9,
08HB034,1,2000/02/20,18.7,
08HB034,1,2000/02/21,17.9,
08HB034,1,2000/02/22,27.9,
08HB034,1,2000/02/23,48.0,
08HB034,1,2000/02/24,47.5,
08HB034,1,2000/02/25,41.2,
08HB034,1,2000/02/26,36.6,
08HB034,1,2000/02/27,37.1,
08HB034,1,2000/02/28,37.4,
08HB034,1,2000/02/29,48.7,
08HB034,1,2000/03/01,52.5,
08HB034,1,2000/03/02,67.8,
08HB034,1,2000/03/03,64.9,
08HB034,1,2000/03/04,62.6,
08HB034,1,2000/03/05,53.1,
08HB034,1,2000/03/06,43.1,
08HB034,1,2000/03/07,35.6,
08HB034,1,2000/03/08,30.1,
08HB034,1,2000/03/09,26.9,
08HB034,1,2000/03/10,25.1,
08HB034,1,2000/03/11,25.3,
08HB034,1,2000/03/12,27.6,
08HB034,1,2000/03/13,30.1,
08HB034,1,2000/03/14,44.6,
08HB034,1,2000/03/15,45.5,
08HB034,1,2000/03/16,45.7,
08HB034,1,2000/03/17,45.3,
08HB034,1,2000/03/18,51.2,
08HB034,1,2000/03/19,62.1,
08HB034,1,2000/03/20,55.2,
08HB034,1,2000/03/21,45.5,
08HB034,1,2000/03/22,49.3,
08HB034,1,2000/03/23,61.7,
08HB034,1,2000/03/24,56.2,
08HB034,1,2000/03/25,46.1,
08HB034,1,2000/03/26,38.2,
08HB034,1,2000/03/27,34.6,
08HB034,1,2000/03/28,37.3,
08HB034,1,2000/03/29,36.3,
08HB034,1,2000/03/30,32.4,
08HB034,1,2000/03/31,29.3,
08HB034,1,2000/04/01,30.4,
08HB034,1,2000/04/02,39.9,
08HB034,1,2000/04/03,51.4,
08HB034,1,2000/04/04,63.9,
08HB034,1,2000/04/05,57.2,
08HB034,1,2000/04/06,45.1,
08HB034,1,2000/04/07,35.8,
08HB034,1,2000/04/08,30.4,
08HB034,1,2000/04/09,29.4,
08HB034,1,2000/04/10,33.7,
08HB034,1,2000/04/11,39.4,
08HB034,1,2000/04/12,46.0,
08HB034,1,2000/04/13,53.3,
08HB034,1,2000/04/14,55.1,
08HB034,1,2000/04/15,50.0,
08HB034,1,2000/04/16,41.5,
08HB034,1,2000/04/17,34.5,
08HB034,1,2000/04/18,30.1,
08HB034,1,2000/04/19,27.6,
08HB034,1,2000/04/20,25.3,
08HB034,1,2000/04/21,25.9,
08HB034,1,2000/04/22,33.0,
08HB034,1,2000/04/23,37.6,
08HB034,1,2000/04/24,34.1,
08HB034,1,2000/04/25,29.4,
08HB034,1,2000/04/26,29.9,
08HB034,1,2000/04/27,30.2,
08HB034,1,2000/04/28,35.7,
08HB034,1,2000/04/29,46.5,
08HB034,1,2000/04/30,47.2,
08HB034,1,2000/05/01,62.6,
08HB034,1,2000/05/02,68.4,
08HB034,1,2000/05/03,63.0,
08HB034,1,2000/05/04,66.7,
08HB034,1,2000/05/05,66.8,
08HB034,1,2000/05/06,49.6,
08HB034,1,2000/05/07,39.5,
08HB034,1,2000/05/08,32.0,
08HB034,1,2000/05/09,26.6,
08HB034,1,2000/05/10,24.6,
08HB034,1,2000/05/11,24.0,
08HB034,1,2000/05/12,23.3,
08HB034,1,2000/05/13,22.4,
08HB034,1,2000/05/14,22.2,
08HB034,1,2000/05/15,24.2,
08HB034,1,2000/05/16,29.3,
08HB034,1,2000/05/17,33.8,
08HB034,1,2000/05/18,32.9,
08HB034,1,2000/05/19,37.3,
08HB034,1,2000/05/20,41.7,
08HB034,1,2000/05/21,38.0,
08HB034,1,2000/05/22,42.6,
08HB034,1,2000/05/23,36.5,
08HB034,1,2000/05/24,27.7,
08HB034,1,2000/05/25,23.9,
08HB034,1,2000/05/26,22.5,
08HB034,1,2000/05/27,28.4,
08HB034,1,2000/05/28,45.2,
08HB034,1,2000/05/29,48.0,
08HB034,1,2000/05/30,40.8,
08HB034,1,2000/05/31,33.6,
08HB034,1,2000/06/01,28.4,
08HB034,1,2000/06/02,26.4,
08HB034,1,2000/06/03,25.4,
08HB034,1,2000/06/04,26.8,
08HB034,1,2000/06/05,33.0,
08HB034,1,2000/06/06,35.6,
08HB034,1,2000/06/07,33.7,
08HB034,1,2000/06/08,27.7,
08HB034,1,2000/06/09,25.3,
08HB034,1,2000/06/10,23.6,
08HB034,1,2000/06/11,23.0,
08HB034,1,2000/06/12,71.1,
08HB034,1,2000/06/13,82.5,
08HB034,1,2000/06/14,60.9,
08HB034,1,2000/06/15,48.0,
08HB034,1,2000/06/16,36.0,
08HB034,1,2000/06/17,31.2,
08HB034,1,2000/06/18,29.2,
08HB034,1,2000/06/19,26.7,
08HB034,1,2000/06/20,23.6,
08HB034,1,2000/06/21,20.2,
08HB034,1,2000/06/22,18.5,
08HB034,1,2000/06/23,17.0,
08HB034,1,2000/06/24,16.1,
08HB034,1,2000/06/25,14.7,
08HB034,1,2000/06/26,13.9,
08HB034,1,2000/06/27,14.6,
08HB034,1,2000/06/28,13.7,
08HB034,1,2000/06/29,13.0,
08HB034,1,2000/06/30,11.8,
08HB034,1,2000/07/01,10.6,
08HB034,1,2000/07/02,9.39,
08HB034,1,2000/07/03,9.09,
08HB034,1,2000/07/04,8.32,
08HB034,1,2000/07/05,8.59,
08HB034,1,2000/07/06,8.23,
08HB034,1,2000/07/07,7.69,
08HB034,1,2000/07/08,7.32,
08HB034,1,2000/07/09,7.53,
08HB034,1,2000/07/10,7.38,
08HB034,1,2000/07/11,8.07,
08HB034,1,2000/07/12,7.65,
08HB034,1,2000/07/13,7.30,
08HB034,1,2000/07/14,5.90,
08HB034,1,2000/07/15,5.81,
08HB034,1,2000/07/16,5.54,
08HB034,1,2000/07/17,4.73,
08HB034,1,2000/07/18,5.30,
08HB034,1,2000/07/19,5.54,
08HB034,1,2000/07/20,5.42,
08HB034,1,2000/07/21,5.37,
08HB034,1,2000/07/22,5.12,
08HB034,1,2000/07/23,5.08,
08HB034,1,2000/07/24,4.66,
08HB034,1,2000/07/25,4.55,
08HB034,1,2000/07/26,4.23,
08HB034,1,2000/07/27,4.26,
08HB034,1,2000/07/28,8.82,
08HB034,1,2000/07/29,13.2,
08HB034,1,2000/07/30,14.1,
08HB034,1,2000/07/31,11.5,
08HB034,1,2000/08/01,8.91,
08HB034,1,2000/08/02,7.50,
08HB034,1,2000/08/03,6.72,
08HB034,1,2000/08/04,5.96,
08HB034,1,2000/08/05,5.45,
08HB034,1,2000/08/06,5.09,
08HB034,1,2000/08/07,4.79,
08HB034,1,2000/08/08,4.62,
08HB034,1,2000/08/09,4.33,
08HB034,1,2000/08/10,4.34,
08HB034,1,2000/08/11,4.39,
08HB034,1,2000/08/12,4.43,
08HB034,1,2000/08/13,4.40,
08HB034,1,2000/08/14,4.36,
08HB034,1,2000/08/15,4.62,
08HB034,1,2000/08/16,4.60,
08HB034,1,2000/08/17,4.58,
08HB034,1,2000/08/18,4.58,
08HB034,1,2000/08/19,4.66,
08HB034,1,2000/08/20,4.84,
08HB034,1,2000/08/21,4.89,
08HB034,1,2000/08/22,4.84,
08HB034,1,2000/08/23,4.71,
08HB034,1,2000/08/24,4.54,
08HB034,1,2000/08/25,4.42,
08HB034,1,2000/08/26,4.10,
08HB034,1,2000/08/27,4.00,
08HB034,1,2000/08/28,3.69,
08HB034,1,2000/08/29,3.58,
08HB034,1,2000/08/30,3.75,
08HB034,1,2000/08/31,3.87,
08HB034,1,2000/09/01,4.08,
08HB034,1,2000/09/02,4.17,
08HB034,1,2000/09/03,4.24,
08HB034,1,2000/09/04,4.26,
08HB034,1,2000/09/05,4.25,
08HB034,1,2000/09/06,4.27,
08HB034,1,2000/09/07,4.25,
08HB034,1,2000/09/08,4.63,
08HB034,1,2000/09/09,4.85,
08HB034,1,2000/09/10,5.31,
08HB034,1,2000/09/11,5.92,
08HB034,1,2000/09/12,6.29,
08HB034,1,2000/09/13,5.95,
08HB034,1,2000/09/14,5.44,
08HB034,1,2000/09/15,4.91,
08HB034,1,2000/09/16,4.64,
08HB034,1,2000/09/17,4.47,
08HB034,1,2000/09/18,4.29,
08HB034,1,2000/09/19,4.27,
08HB034,1,2000/09/20,4.31,
08HB034,1,2000/09/21,4.39,
08HB034,1,2000/09/22,4.35,
08HB034,1,2000/09/23,4.39,
08HB034,1,2000/09/24,4.39,
08HB034,1,2000/09/25,4.38,
08HB034,1,2000/09/26,4.89,
08HB034,1,2000/09/27,7.89,
08HB034,1,2000/09/28,10.8,
08HB034,1,2000/09/29,12.0,
08HB034,1,2000/09/30,11.8,
08HB034,1,2000/10/01,9.92,
08HB034,1,2000/10/02,8.35,
08HB034,1,2000/10/03,7.14,
08HB034,1,2000/10/04,6.36,
08HB034,1,2000/10/05,5.91,
08HB034,1,2000/10/06,5.60,
08HB034,1,2000/10/07,5.37,
08HB034,1,2000/10/08,5.24,
08HB034,1,2000/10/09,5.33,
08HB034,1,2000/10/10,5.29,
08HB034,1,2000/10/11,4.93,
08HB034,1,2000/10/12,4.81,
08HB034,1,2000/10/13,4.77,
08HB034,1,2000/10/14,4.75,
08HB034,1,2000/10/15,4.70,
08HB034,1,2000/10/16,5.83,
08HB034,1,2000/10/17,26.7,
08HB034,1,2000/10/18,79.1,
08HB034,1,2000/10/19,69.6,
08HB034,1,2000/10/20,160,
08HB034,1,2000/10/21,121,
08HB034,1,2000/10/22,61.5,
08HB034,1,2000/10/23,37.4,
08HB034,1,2000/10/24,27.4,
08HB034,1,2000/10/25,22.1,
08HB034,1,2000/10/26,18.3,
08HB034,1,2000/10/27,15.6,
08HB034,1,2000/10/28,20.5,
08HB034,1,2000/10/29,27.6,
08HB034,1,2000/10/30,30.1,
08HB034,1,2000/10/31,27.2,
08HB034,1,2000/11/01,23.4,
08HB034,1,2000/11/02,20.0,
08HB034,1,2000/11/03,17.3,
08HB034,1,2000/11/04,24.8,
08HB034,1,2000/11/05,30.4,
08HB034,1,2000/11/06,29.9,
08HB034,1,2000/11/07,26.1,
08HB034,1,2000/11/08,23.8,
08HB034,1,2000/11/09,22.0,
08HB034,1,2000/11/10,19.6,
08HB034,1,2000/11/11,17.4,
08HB034,1,2000/11/12,15.8,
08HB034,1,2000/11/13,14.8,
08HB034,1,2000/11/14,13.4,
08HB034,1,2000/11/15,12.4,
08HB034,1,2000/11/16,11.5,
08HB034,1,2000/11/17,10.7,
08HB034,1,2000/11/18,10.0,
08HB034,1,2000/11/19,9.48,
08HB034,1,2000/11/20,9.05,
08HB034,1,2000/11/21,8.76,
08HB034,1,2000/11/22,8.42,
08HB034,1,2000/11/23,9.19,
08HB034,1,2000/11/24,11.2,
08HB034,1,2000/11/25,17.9,
08HB034,1,2000/11/26,56.5,
08HB034,1,2000/11/27,78.5,
08HB034,1,2000/11/28,57.4,
08HB034,1,2000/11/29,42.5,
08HB034,1,2000/11/30,61.9,
08HB034,1,2000/12/01,85.7,
08HB034,1,2000/12/02,155,
08HB034,1,2000/12/03,122,
08HB034,1,2000/12/04,76.6,
08HB034,1,2000/12/05,51.3,
08HB034,1,2000/12/06,38.8,
08HB034,1,2000/12/07,32.8,
08HB034,1,2000/12/08,29.0,
08HB034,1,2000/12/09,25.9,
08HB034,1,2000/12/10,23.2,
08HB034,1,2000/12/11,20.7,
08HB034,1,2000/12/12,18.6,
08HB034,1,2000/12/13,16.7,
08HB034,1,2000/12/14,15.8,
08HB034,1,2000/12/15,15.0,
08HB034,1,2000/12/16,30.8,
08HB034,1,2000/12/17,72.0,
08HB034,1,2000/12/18,63.1,
08HB034,1,2000/12/19,47.2,
08HB034,1,2000/12/20,36.4,
08HB034,1,2000/12/21,30.5,
08HB034,1,2000/12/22,28.9,
08HB034,1,2000/12/23,29.8,
08HB034,1,2000/12/24,34.8,
08HB034,1,2000/12/25,41.5,
08HB034,1,2000/12/26,56.9,
08HB034,1,2000/12/27,102,
08HB034,1,2000/12/28,88.7,
08HB034,1,2000/12/29,64.3,
08HB034,1,2000/12/30,48.1,
08HB034,1,2000/12/31,41.5,
08HB034,1,2001/01/01,41.7,
08HB034,1,2001/01/02,42.5,
08HB034,1,2001/01/03,45.9,
08HB034,1,2001/01/04,63.5,
08HB034,1,2001/01/05,283,
08HB034,1,2001/01/06,209,
08HB034,1,2001/01/07,112,
08HB034,1,2001/01/08,74.1,
08HB034,1,2001/01/09,64.3,
08HB034,1,2001/01/10,64.1,
08HB034,1,2001/01/11,59.2,
08HB034,1,2001/01/12,48.6,
08HB034,1,2001/01/13,40.0,
08HB034,1,2001/01/14,33.6,
08HB034,1,2001/01/15,29.1,
08HB034,1,2001/01/16,26.0,
08HB034,1,2001/01/17,23.6,
08HB034,1,2001/01/18,22.4,
08HB034,1,2001/01/19,25.2,
08HB034,1,2001/01/20,29.4,
08HB034,1,2001/01/21,40.3,
08HB034,1,2001/01/22,43.4,
08HB034,1,2001/01/23,39.1,
08HB034,1,2001/01/24,34.7,
08HB034,1,2001/01/25,31.4,
08HB034,1,2001/01/26,28.5,
08HB034,1,2001/01/27,26.0,
08HB034,1,2001/01/28,24.2,
08HB034,1,2001/01/29,25.6,
08HB034,1,2001/01/30,24.8,
08HB034,1,2001/01/31,24.8,
08HB034,1,2001/02/01,26.6,
08HB034,1,2001/02/02,41.9,
08HB034,1,2001/02/03,64.3,
08HB034,1,2001/02/04,58.2,
08HB034,1,2001/02/05,54.2,
08HB034,1,2001/02/06,49.2,
08HB034,1,2001/02/07,40.4,
08HB034,1,2001/02/08,33.6,
08HB034,1,2001/02/09,29.4,
08HB034,1,2001/02/10,26.4,
08HB034,1,2001/02/11,23.9,
08HB034,1,2001/02/12,21.6,
08HB034,1,2001/02/13,19.7,
08HB034,1,2001/02/14,18.1,
08HB034,1,2001/02/15,16.8,
08HB034,1,2001/02/16,15.9,
08HB034,1,2001/02/17,14.9,
08HB034,1,2001/02/18,14.9,
08HB034,1,2001/02/19,14.8,
08HB034,1,2001/02/20,14.2,
08HB034,1,2001/02/21,13.5,
08HB034,1,2001/02/22,12.8,
08HB034,1,2001/02/23,12.6,
08HB034,1,2001/02/24,12.5,
08HB034,1,2001/02/25,12.2,
08HB034,1,2001/02/26,11.8,
08HB034,1,2001/02/27,11.2,
08HB034,1,2001/02/28,10.9,
08HB034,1,2001/03/01,10.1,
08HB034,1,2001/03/02,11.2,
08HB034,1,2001/03/03,11.4,
08HB034,1,2001/03/04,11.1,
08HB034,1,2001/03/05,10.4,
08HB034,1,2001/03/06,10.3,
08HB034,1,2001/03/07,9.65,
08HB034,1,2001/03/08,11.1,
08HB034,1,2001/03/09,14.8,
08HB034,1,2001/03/10,16.7,
08HB034,1,2001/03/11,16.7,
08HB034,1,2001/03/12,15.7,
08HB034,1,2001/03/13,16.2,
08HB034,1,2001/03/14,18.6,
08HB034,1,2001/03/15,20.0,
08HB034,1,2001/03/16,20.8,
08HB034,1,2001/03/17,19.8,
08HB034,1,2001/03/18,33.5,
08HB034,1,2001/03/19,120,
08HB034,1,2001/03/20,109,
08HB034,1,2001/03/21,80.4,
08HB034,1,2001/03/22,58.7,
08HB034,1,2001/03/23,43.3,
08HB034,1,2001/03/24,34.6,
08HB034,1,2001/03/25,39.4,
08HB034,1,2001/03/26,63.1,
08HB034,1,2001/03/27,62.6,
08HB034,1,2001/03/28,51.8,
08HB034,1,2001/03/29,43.0,
08HB034,1,2001/03/30,37.9,
08HB034,1,2001/03/31,35.5,
08HB034,1,2001/04/01,37.7,
08HB034,1,2001/04/02,36.8,
08HB034,1,2001/04/03,32.8,
08HB034,1,2001/04/04,28.4,
08HB034,1,2001/04/05,25.4,
08HB034,1,2001/04/06,23.7,
08HB034,1,2001/04/07,22.4,
08HB034,1,2001/04/08,21.0,
08HB034,1,2001/04/09,19.4,
08HB034,1,2001/04/10,18.4,
08HB034,1,2001/04/11,17.3,
08HB034,1,2001/04/12,15.7,
08HB034,1,2001/04/13,15.8,
08HB034,1,2001/04/14,15.1,
08HB034,1,2001/04/15,14.1,
08HB034,1,2001/04/16,13.5,
08HB034,1,2001/04/17,16.8,
08HB034,1,2001/04/18,32.2,
08HB034,1,2001/04/19,40.7,
08HB034,1,2001/04/20,38.2,
08HB034,1,2001/04/21,32.0,
08HB034,1,2001/04/22,28.4,
08HB034,1,2001/04/23,31.6,
08HB034,1,2001/04/24,44.9,
08HB034,1,2001/04/25,80.3,
08HB034,1,2001/04/26,77.5,
08HB034,1,2001/04/27,62.3,
08HB034,1,2001/04/28,51.9,
08HB034,1,2001/04/29,44.7,
08HB034,1,2001/04/30,53.9,
08HB034,1,2001/05/01,79.0,
08HB034,1,2001/05/02,66.6,
08HB034,1,2001/05/03,47.9,
08HB034,1,2001/05/04,37.9,
08HB034,1,2001/05/05,35.7,
08HB034,1,2001/05/06,33.1,
08HB034,1,2001/05/07,29.7,
08HB034,1,2001/05/08,26.9,
08HB034,1,2001/05/09,24.6,
08HB034,1,2001/05/10,22.2,
08HB034,1,2001/05/11,21.5,
08HB034,1,2001/05/12,22.6,
08HB034,1,2001/05/13,23.7,
08HB034,1,2001/05/14,27.3,
08HB034,1,2001/05/15,37.2,
08HB034,1,2001/05/16,43.8,
08HB034,1,2001/05/17,41.1,
08HB034,1,2001/05/18,34.4,
08HB034,1,2001/05/19,29.5,
08HB034,1,2001/05/20,26.1,
08HB034,1,2001/05/21,23.3,
08HB034,1,2001/05/22,24.3,
08HB034,1,2001/05/23,28.5,
08HB034,1,2001/05/24,30.7,
08HB034,1,2001/05/25,27.1,
08HB034,1,2001/05/26,25.2,
08HB034,1,2001/05/27,23.0,
08HB034,1,2001/05/28,21.8,
08HB034,1,2001/05/29,21.9,
08HB034,1,2001/05/30,18.9,
08HB034,1,2001/05/31,18.1,
08HB034,1,2001/06/01,18.1,
08HB034,1,2001/06/02,19.0,
08HB034,1,2001/06/03,19.1,
08HB034,1,2001/06/04,17.1,
08HB034,1,2001/06/05,15.0,
08HB034,1,2001/06/06,14.6,
08HB034,1,2001/06/07,13.5,
08HB034,1,2001/06/08,12.5,
08HB034,1,2001/06/09,12.5,
08HB034,1,2001/06/10,12.2,
08HB034,1,2001/06/11,12.5,
08HB034,1,2001/06/12,12.4,
08HB034,1,2001/06/13,11.2,
08HB034,1,2001/06/14,10.5,
08HB034,1,2001/06/15,9.83,
08HB034,1,2001/06/16,9.59,
08HB034,1,2001/06/17,9.16,
08HB034,1,2001/06/18,8.47,
08HB034,1,2001/06/19,7.59,
08HB034,1,2001/06/20,7.26,
08HB034,1,2001/06/21,7.09,
08HB034,1,2001/06/22,6.93,
08HB034,1,2001/06/23,6.60,
08HB034,1,2001/06/24,6.39,
08HB034,1,2001/06/25,6.15,
08HB034,1,2001/06/26,5.78,
08HB034,1,2001/06/27,6.14,
08HB034,1,2001/06/28,7.34,
08HB034,1,2001/06/29,7.19,
08HB034,1,2001/06/30,7.08,
08HB034,1,2001/07/01,6.52,
08HB034,1,2001/07/02,6.13,
08HB034,1,2001/07/03,5.54,
08HB034,1,2001/07/04,5.28,
08HB034,1,2001/07/05,5.07,
08HB034,1,2001/07/06,4.84,
08HB034,1,2001/07/07,4.59,
08HB034,1,2001/07/08,4.42,
08HB034,1,2001/07/09,4.13,
08HB034,1,2001/07/10,4.03,
08HB034,1,2001/07/11,4.18,
08HB034,1,2001/07/12,4.30,
08HB034,1,2001/07/13,4.33,
08HB034,1,2001/07/14,4.35,
08HB034,1,2001/07/15,4.50,
08HB034,1,2001/07/16,4.65,
08HB034,1,2001/07/17,4.57,
08HB034,1,2001/07/18,4.43,
08HB034,1,2001/07/19,4.30,
08HB034,1,2001/07/20,4.21,
08HB034,1,2001/07/21,4.10,
08HB034,1,2001/07/22,4.04,
08HB034,1,2001/07/23,3.97,
08HB034,1,2001/07/24,4.03,
08HB034,1,2001/07/25,4.05,
08HB034,1,2001/07/26,4.07,
08HB034,1,2001/07/27,3.90,
08HB034,1,2001/07/28,4.35,
08HB034,1,2001/07/29,4.37,
08HB034,1,2001/07/30,4.33,
08HB034,1,2001/07/31,4.27,
08HB034,1,2001/08/01,4.32,
08HB034,1,2001/08/02,4.55,
08HB034,1,2001/08/03,6.63,
08HB034,1,2001/08/04,7.70,
08HB034,1,2001/08/05,7.96,
08HB034,1,2001/08/06,11.7,
08HB034,1,2001/08/07,12.2,
08HB034,1,2001/08/08,10.9,
08HB034,1,2001/08/09,9.23,
08HB034,1,2001/08/10,7.62,
08HB034,1,2001/08/11,6.74,
08HB034,1,2001/08/12,6.18,
08HB034,1,2001/08/13,5.70,
08HB034,1,2001/08/14,5.41,
08HB034,1,2001/08/15,5.40,
08HB034,1,2001/08/16,5.21,
08HB034,1,2001/08/17,4.96,
08HB034,1,2001/08/18,4.97,
08HB034,1,2001/08/19,4.85,
08HB034,1,2001/08/20,4.74,
08HB034,1,2001/08/21,5.04,
08HB034,1,2001/08/22,14.2,
08HB034,1,2001/08/23,20.4,
08HB034,1,2001/08/24,28.9,
08HB034,1,2001/08/25,34.0,
08HB034,1,2001/08/26,26.3,
08HB034,1,2001/08/27,19.6,
08HB034,1,2001/08/28,15.2,
08HB034,1,2001/08/29,12.1,
08HB034,1,2001/08/30,9.84,
08HB034,1,2001/08/31,7.33,
08HB034,1,2001/09/01,7.00,
08HB034,1,2001/09/02,7.53,
08HB034,1,2001/09/03,8.39,
08HB034,1,2001/09/04,8.25,
08HB034,1,2001/09/05,8.09,
08HB034,1,2001/09/06,7.95,
08HB034,1,2001/09/07,6.89,
08HB034,1,2001/09/08,6.42,
08HB034,1,2001/09/09,6.07,
08HB034,1,2001/09/10,5.69,
08HB034,1,2001/09/11,5.40,
08HB034,1,2001/09/12,4.26,
08HB034,1,2001/09/13,5.08,
08HB034,1,2001/09/14,4.10,
08HB034,1,2001/09/15,4.83,
08HB034,1,2001/09/16,5.45,
08HB034,1,2001/09/17,5.48,
08HB034,1,2001/09/18,5.56,
08HB034,1,2001/09/19,5.49,
08HB034,1,2001/09/20,5.44,
08HB034,1,2001/09/21,5.44,
08HB034,1,2001/09/22,5.43,
08HB034,1,2001/09/23,5.42,
08HB034,1,2001/09/24,5.37,
08HB034,1,2001/09/25,6.72,
08HB034,1,2001/09/26,11.6,
08HB034,1,2001/09/27,15.5,
08HB034,1,2001/09/28,15.2,
08HB034,1,2001/09/29,12.4,
08HB034,1,2001/09/30,11.5,
08HB034,1,2001/10/01,10.1,
08HB034,1,2001/10/02,8.79,
08HB034,1,2001/10/03,7.12,
08HB034,1,2001/10/04,6.40,
08HB034,1,2001/10/05,5.90,
08HB034,1,2001/10/06,5.55,
08HB034,1,2001/10/07,5.25,
08HB034,1,2001/10/08,5.13,
08HB034,1,2001/10/09,5.01,
08HB034,1,2001/10/10,5.27,
08HB034,1,2001/10/11,6.18,
08HB034,1,2001/10/12,6.87,
08HB034,1,2001/10/13,9.54,
08HB034,1,2001/10/14,10.9,
08HB034,1,2001/10/15,11.3,
08HB034,1,2001/10/16,10.5,
08HB034,1,2001/10/17,9.65,
08HB034,1,2001/10/18,8.77,
08HB034,1,2001/10/19,7.96,
08HB034,1,2001/10/20,7.47,
08HB034,1,2001/10/21,7.26,
08HB034,1,2001/10/22,8.39,
08HB034,1,2001/10/23,24.0,
08HB034,1,2001/10/24,28.8,
08HB034,1,2001/10/25,24.7,
08HB034,1,2001/10/26,26.9,
08HB034,1,2001/10/27,41.1,
08HB034,1,2001/10/28,34.5,
08HB034,1,2001/10/29,25.5,
08HB034,1,2001/10/30,20.2,
08HB034,1,2001/10/31,26.9,
08HB034,1,2001/11/01,34.6,
08HB034,1,2001/11/02,40.0,
08HB034,1,2001/11/03,37.6,
08HB034,1,2001/11/04,31.5,
08HB034,1,2001/11/05,30.6,
08HB034,1,2001/11/06,28.3,
08HB034,1,2001/11/07,25.0,
08HB034,1,2001/11/08,22.3,
08HB034,1,2001/11/09,19.6,
08HB034,1,2001/11/10,17.3,
08HB034,1,2001/11/11,15.5,
08HB034,1,2001/11/12,26.4,
08HB034,1,2001/11/13,69.2,
08HB034,1,2001/11/14,139,
08HB034,1,2001/11/15,310,
08HB034,1,2001/11/16,251,
08HB034,1,2001/11/17,125,
08HB034,1,2001/11/18,73.3,
08HB034,1,2001/11/19,85.9,
08HB034,1,2001/11/20,274,
08HB034,1,2001/11/21,322,
08HB034,1,2001/11/22,226,
08HB034,1,2001/11/23,130,
08HB034,1,2001/11/24,83.8,
08HB034,1,2001/11/25,59.3,
08HB034,1,2001/11/26,43.7,
08HB034,1,2001/11/27,34.7,
08HB034,1,2001/11/28,32.4,
08HB034,1,2001/11/29,31.3,
08HB034,1,2001/11/30,31.5,
08HB034,1,2001/12/01,72.3,
08HB034,1,2001/12/02,93.6,
08HB034,1,2001/12/03,73.8,
08HB034,1,2001/12/04,55.9,
08HB034,1,2001/12/05,42.4,
08HB034,1,2001/12/06,35.9,
08HB034,1,2001/12/07,31.6,
08HB034,1,2001/12/08,53.3,
08HB034,1,2001/12/09,82.2,
08HB034,1,2001/12/10,73.1,
08HB034,1,2001/12/11,57.5,
08HB034,1,2001/12/12,46.9,
08HB034,1,2001/12/13,55.0,
08HB034,1,2001/12/14,82.9,
08HB034,1,2001/12/15,81.8,
08HB034,1,2001/12/16,358,
08HB034,1,2001/12/17,433,
08HB034,1,2001/12/18,221,
08HB034,1,2001/12/19,136,
08HB034,1,2001/12/20,90.7,
08HB034,1,2001/12/21,65.4,
08HB034,1,2001/12/22,49.4,
08HB034,1,2001/12/23,39.5,
08HB034,1,2001/12/24,33.4,
08HB034,1,2001/12/25,29.4,
08HB034,1,2001/12/26,26.4,
08HB034,1,2001/12/27,24.5,
08HB034,1,2001/12/28,23.9,
08HB034,1,2001/12/29,24.7,
08HB034,1,2001/12/30,25.2,
08HB034,1,2001/12/31,25.9,
08HB034,1,2002/01/01,29.0,
08HB034,1,2002/01/02,157,
08HB034,1,2002/01/03,285,
08HB034,1,2002/01/04,203,
08HB034,1,2002/01/05,125,
08HB034,1,2002/01/06,184,
08HB034,1,2002/01/07,584,
08HB034,1,2002/01/08,548,
08HB034,1,2002/01/09,260,
08HB034,1,2002/01/10,138,
08HB034,1,2002/01/11,91.1,
08HB034,1,2002/01/12,80.3,
08HB034,1,2002/01/13,77.4,
08HB034,1,2002/01/14,65.6,
08HB034,1,2002/01/15,52.3,
08HB034,1,2002/01/16,41.8,
08HB034,1,2002/01/17,35.1,
08HB034,1,2002/01/18,30.9,
08HB034,1,2002/01/19,28.6,
08HB034,1,2002/01/20,27.0,
08HB034,1,2002/01/21,26.7,
08HB034,1,2002/01/22,25.1,
08HB034,1,2002/01/23,23.6,
08HB034,1,2002/01/24,30.9,
08HB034,1,2002/01/25,63.1,
08HB034,1,2002/01/26,64.3,
08HB034,1,2002/01/27,52.7,
08HB034,1,2002/01/28,39.9,
08HB034,1,2002/01/29,32.5,
08HB034,1,2002/01/30,28.4,
08HB034,1,2002/01/31,25.9,
08HB034,1,2002/02/01,23.8,
08HB034,1,2002/02/02,22.6,
08HB034,1,2002/02/03,25.7,
08HB034,1,2002/02/04,28.2,
08HB034,1,2002/02/05,31.9,
08HB034,1,2002/02/06,44.4,
08HB034,1,2002/02/07,66.0,
08HB034,1,2002/02/08,66.9,
08HB034,1,2002/02/09,54.3,
08HB034,1,2002/02/10,45.1,
08HB034,1,2002/02/11,39.2,
08HB034,1,2002/02/12,34.7,
08HB034,1,2002/02/13,31.0,
08HB034,1,2002/02/14,27.7,
08HB034,1,2002/02/15,25.2,
08HB034,1,2002/02/16,23.8,
08HB034,1,2002/02/17,23.7,
08HB034,1,2002/02/18,23.9,
08HB034,1,2002/02/19,44.8,
08HB034,1,2002/02/20,65.7,
08HB034,1,2002/02/21,98.8,
08HB034,1,2002/02/22,242,
08HB034,1,2002/02/23,200,
08HB034,1,2002/02/24,121,
08HB034,1,2002/02/25,80.2,
08HB034,1,2002/02/26,58.3,
08HB034,1,2002/02/27,44.4,
08HB034,1,2002/02/28,36.5,
08HB034,1,2002/03/01,31.6,
08HB034,1,2002/03/02,28.4,
08HB034,1,2002/03/03,25.8,
08HB034,1,2002/03/04,24.0,
08HB034,1,2002/03/05,22.8,
08HB034,1,2002/03/06,21.5,
08HB034,1,2002/03/07,20.6,
08HB034,1,2002/03/08,19.0,
08HB034,1,2002/03/09,19.4,
08HB034,1,2002/03/10,20.6,
08HB034,1,2002/03/11,44.7,
08HB034,1,2002/03/12,85.0,
08HB034,1,2002/03/13,90.9,
08HB034,1,2002/03/14,73.2,
08HB034,1,2002/03/15,57.0,
08HB034,1,2002/03/16,46.4,
08HB034,1,2002/03/17,37.8,
08HB034,1,2002/03/18,32.9,
08HB034,1,2002/03/19,29.4,
08HB034,1,2002/03/20,27.0,
08HB034,1,2002/03/21,24.6,
08HB034,1,2002/03/22,23.0,
08HB034,1,2002/03/23,22.4,
08HB034,1,2002/03/24,22.9,
08HB034,1,2002/03/25,25.1,
08HB034,1,2002/03/26,28.8,
08HB034,1,2002/03/27,32.8,
08HB034,1,2002/03/28,32.9,
08HB034,1,2002/03/29,30.9,
08HB034,1,2002/03/30,30.3,
08HB034,1,2002/03/31,31.8,
08HB034,1,2002/04/01,35.5,
08HB034,1,2002/04/02,36.8,
08HB034,1,2002/04/03,34.8,
08HB034,1,2002/04/04,33.0,
08HB034,1,2002/04/05,35.1,
08HB034,1,2002/04/06,42.4,
08HB034,1,2002/04/07,50.0,
08HB034,1,2002/04/08,47.8,
08HB034,1,2002/04/09,42.3,
08HB034,1,2002/04/10,47.5,
08HB034,1,2002/04/11,68.1,
08HB034,1,2002/04/12,99.8,
08HB034,1,2002/04/13,167,
08HB034,1,2002/04/14,236,
08HB034,1,2002/04/15,154,
08HB034,1,2002/04/16,97.1,
08HB034,1,2002/04/17,77.5,
08HB034,1,2002/04/18,64.9,
08HB034,1,2002/04/19,54.1,
08HB034,1,2002/04/20,46.7,
08HB034,1,2002/04/21,44.9,
08HB034,1,2002/04/22,45.1,
08HB034,1,2002/04/23,43.6,
08HB034,1,2002/04/24,38.3,
08HB034,1,2002/04/25,34.2,
08HB034,1,2002/04/26,30.3,
08HB034,1,2002/04/27,30.2,
08HB034,1,2002/04/28,29.2,
08HB034,1,2002/04/29,30.5,
08HB034,1,2002/04/30,35.5,
08HB034,1,2002/05/01,47.5,
08HB034,1,2002/05/02,63.6,
08HB034,1,2002/05/03,56.8,
08HB034,1,2002/05/04,41.2,
08HB034,1,2002/05/05,34.2,
08HB034,1,2002/05/06,29.5,
08HB034,1,2002/05/07,25.3,
08HB034,1,2002/05/08,21.7,
08HB034,1,2002/05/09,19.3,
08HB034,1,2002/05/10,18.3,
08HB034,1,2002/05/11,17.7,
08HB034,1,2002/05/12,19.6,
08HB034,1,2002/05/13,27.3,
08HB034,1,2002/05/14,32.4,
08HB034,1,2002/05/15,30.3,
08HB034,1,2002/05/16,26.9,
08HB034,1,2002/05/17,27.6,
08HB034,1,2002/05/18,27.7,
08HB034,1,2002/05/19,27.1,
08HB034,1,2002/05/20,27.0,
08HB034,1,2002/05/21,28.0,
08HB034,1,2002/05/22,27.6,
08HB034,1,2002/05/23,26.7,
08HB034,1,2002/05/24,26.2,
08HB034,1,2002/05/25,26.5,
08HB034,1,2002/05/26,29.1,
08HB034,1,2002/05/27,32.8,
08HB034,1,2002/05/28,41.8,
08HB034,1,2002/05/29,63.7,
08HB034,1,2002/05/30,56.8,
08HB034,1,2002/05/31,42.5,
08HB034,1,2002/06/01,32.6,
08HB034,1,2002/06/02,28.2,
08HB034,1,2002/06/03,27.7,
08HB034,1,2002/06/04,27.5,
08HB034,1,2002/06/05,28.6,
08HB034,1,2002/06/06,28.8,
08HB034,1,2002/06/07,25.1,
08HB034,1,2002/06/08,20.4,
08HB034,1,2002/06/09,17.5,
08HB034,1,2002/06/10,17.6,
08HB034,1,2002/06/11,19.7,
08HB034,1,2002/06/12,22.0,
08HB034,1,2002/06/13,23.5,
08HB034,1,2002/06/14,23.8,
08HB034,1,2002/06/15,23.6,
08HB034,1,2002/06/16,21.1,
08HB034,1,2002/06/17,19.3,
08HB034,1,2002/06/18,21.3,
08HB034,1,2002/06/19,19.7,
08HB034,1,2002/06/20,17.0,
08HB034,1,2002/06/21,14.0,
08HB034,1,2002/06/22,12.8,
08HB034,1,2002/06/23,12.3,
08HB034,1,2002/06/24,11.6,
08HB034,1,2002/06/25,9.43,
08HB034,1,2002/06/26,9.19,
08HB034,1,2002/06/27,9.21,
08HB034,1,2002/06/28,9.97,
08HB034,1,2002/06/29,19.4,
08HB034,1,2002/06/30,20.8,
08HB034,1,2002/07/01,18.4,
08HB034,1,2002/07/02,14.1,
08HB034,1,2002/07/03,11.3,
08HB034,1,2002/07/04,9.52,
08HB034,1,2002/07/05,8.26,
08HB034,1,2002/07/06,7.49,
08HB034,1,2002/07/07,6.83,
08HB034,1,2002/07/08,7.25,
08HB034,1,2002/07/09,6.71,
08HB034,1,2002/07/10,6.22,
08HB034,1,2002/07/11,5.98,
08HB034,1,2002/07/12,5.73,
08HB034,1,2002/07/13,5.78,
08HB034,1,2002/07/14,5.58,
08HB034,1,2002/07/15,5.18,
08HB034,1,2002/07/16,4.95,
08HB034,1,2002/07/17,4.80,
08HB034,1,2002/07/18,4.74,
08HB034,1,2002/07/19,4.51,
08HB034,1,2002/07/20,4.45,
08HB034,1,2002/07/21,4.41,
08HB034,1,2002/07/22,4.31,
08HB034,1,2002/07/23,4.28,
08HB034,1,2002/07/24,4.46,
08HB034,1,2002/07/25,4.49,
08HB034,1,2002/07/26,4.42,
08HB034,1,2002/07/27,4.38,
08HB034,1,2002/07/28,4.32,
08HB034,1,2002/07/29,4.34,
08HB034,1,2002/07/30,4.27,
08HB034,1,2002/07/31,4.24,
08HB034,1,2002/08/01,4.21,
08HB034,1,2002/08/02,4.20,
08HB034,1,2002/08/03,4.26,
08HB034,1,2002/08/04,4.92,
08HB034,1,2002/08/05,4.91,
08HB034,1,2002/08/06,4.95,
08HB034,1,2002/08/07,4.90,
08HB034,1,2002/08/08,4.83,
08HB034,1,2002/08/09,4.74,
08HB034,1,2002/08/10,4.69,
08HB034,1,2002/08/11,4.61,
08HB034,1,2002/08/12,4.44,
08HB034,1,2002/08/13,4.45,
08HB034,1,2002/08/14,4.46,
08HB034,1,2002/08/15,4.50,
08HB034,1,2002/08/16,4.72,
08HB034,1,2002/08/17,4.81,
08HB034,1,2002/08/18,4.86,
08HB034,1,2002/08/19,4.87,
08HB034,1,2002/08/20,4.92,
08HB034,1,2002/08/21,4.91,
08HB034,1,2002/08/22,4.91,
08HB034,1,2002/08/23,4.86,
08HB034,1,2002/08/24,4.85,
08HB034,1,2002/08/25,4.86,
08HB034,1,2002/08/26,4.90,
08HB034,1,2002/08/27,4.84,
08HB034,1,2002/08/28,4.79,
08HB034,1,2002/08/29,4.77,
08HB034,1,2002/08/30,4.75,
08HB034,1,2002/08/31,4.69,
08HB034,1,2002/09/01,4.72,
08HB034,1,2002/09/02,4.74,
08HB034,1,2002/09/03,4.76,
08HB034,1,2002/09/04,4.77,
08HB034,1,2002/09/05,4.79,
08HB034,1,2002/09/06,4.68,
08HB034,1,2002/09/07,4.70,
08HB034,1,2002/09/08,4.69,
08HB034,1,2002/09/09,4.78,
08HB034,1,2002/09/10,5.10,
08HB034,1,2002/09/11,4.97,
08HB034,1,2002/09/12,4.79,
08HB034,1,2002/09/13,4.54,
08HB034,1,2002/09/14,4.38,
08HB034,1,2002/09/15,4.29,
08HB034,1,2002/09/16,4.29,
08HB034,1,2002/09/17,4.47,
08HB034,1,2002/09/18,4.49,
08HB034,1,2002/09/19,4.42,
08HB034,1,2002/09/20,4.47,
08HB034,1,2002/09/21,4.63,
08HB034,1,2002/09/22,4.63,
08HB034,1,2002/09/23,4.54,
08HB034,1,2002/09/24,4.39,
08HB034,1,2002/09/25,4.29,
08HB034,1,2002/09/26,4.14,
08HB034,1,2002/09/27,4.03,
08HB034,1,2002/09/28,3.92,
08HB034,1,2002/09/29,3.86,
08HB034,1,2002/09/30,3.86,
08HB034,1,2002/10/01,4.28,
08HB034,1,2002/10/02,7.20,
08HB034,1,2002/10/03,10.9,
08HB034,1,2002/10/04,9.93,
08HB034,1,2002/10/05,7.17,
08HB034,1,2002/10/06,5.77,
08HB034,1,2002/10/07,5.02,
08HB034,1,2002/10/08,4.60,
08HB034,1,2002/10/09,4.32,
08HB034,1,2002/10/10,4.01,
08HB034,1,2002/10/11,3.73,
08HB034,1,2002/10/12,3.73,
08HB034,1,2002/10/13,3.87,
08HB034,1,2002/10/14,3.86,
08HB034,1,2002/10/15,3.85,
08HB034,1,2002/10/16,3.83,
08HB034,1,2002/10/17,3.68,
08HB034,1,2002/10/18,3.66,
08HB034,1,2002/10/19,3.65,
08HB034,1,2002/10/20,3.74,
08HB034,1,2002/10/21,3.79,
08HB034,1,2002/10/22,3.82,
08HB034,1,2002/10/23,3.79,
08HB034,1,2002/10/24,3.77,
08HB034,1,2002/10/25,3.75,
08HB034,1,2002/10/26,3.73,
08HB034,1,2002/10/27,3.73,
08HB034,1,2002/10/28,3.72,
08HB034,1,2002/10/29,3.71,
08HB034,1,2002/10/30,3.68,
08HB034,1,2002/10/31,3.63,
08HB034,1,2002/11/01,3.51,
08HB034,1,2002/11/02,3.37,
08HB034,1,2002/11/03,3.30,
08HB034,1,2002/11/04,3.26,
08HB034,1,2002/11/05,3.25,
08HB034,1,2002/11/06,3.43,
08HB034,1,2002/11/07,7.91,
08HB034,1,2002/11/08,19.1,
08HB034,1,2002/11/09,36.8,
08HB034,1,2002/11/10,47.4,
08HB034,1,2002/11/11,78.4,
08HB034,1,2002/11/12,167,
08HB034,1,2002/11/13,187,
08HB034,1,2002/11/14,111,
08HB034,1,2002/11/15,84.6,
08HB034,1,2002/11/16,109,
08HB034,1,2002/11/17,128,
08HB034,1,2002/11/18,267,
08HB034,1,2002/11/19,331,
08HB034,1,2002/11/20,199,
08HB034,1,2002/11/21,105,
08HB034,1,2002/11/22,64.0,
08HB034,1,2002/11/23,42.7,
08HB034,1,2002/11/24,31.8,
08HB034,1,2002/11/25,25.5,
08HB034,1,2002/11/26,21.9,
08HB034,1,2002/11/27,19.3,
08HB034,1,2002/11/28,17.0,
08HB034,1,2002/11/29,13.4,
08HB034,1,2002/11/30,11.5,
08HB034,1,2002/12/01,10.3,
08HB034,1,2002/12/02,9.38,
08HB034,1,2002/12/03,8.70,
08HB034,1,2002/12/04,8.23,
08HB034,1,2002/12/05,7.77,
08HB034,1,2002/12/06,6.67,
08HB034,1,2002/12/07,6.34,
08HB034,1,2002/12/08,6.05,
08HB034,1,2002/12/09,5.90,
08HB034,1,2002/12/10,10.2,
08HB034,1,2002/12/11,23.1,
08HB034,1,2002/12/12,224,
08HB034,1,2002/12/13,300,
08HB034,1,2002/12/14,309,
08HB034,1,2002/12/15,312,
08HB034,1,2002/12/16,252,
08HB034,1,2002/12/17,151,
08HB034,1,2002/12/18,91.5,
08HB034,1,2002/12/19,64.9,
08HB034,1,2002/12/20,50.0,
08HB034,1,2002/12/21,39.5,
08HB034,1,2002/12/22,33.2,
08HB034,1,2002/12/23,28.6,
08HB034,1,2002/12/24,24.9,
08HB034,1,2002/12/25,64.5,
08HB034,1,2002/12/26,86.2,
08HB034,1,2002/12/27,67.0,
08HB034,1,2002/12/28,51.5,
08HB034,1,2002/12/29,39.8,
08HB034,1,2002/12/30,34.6,
08HB034,1,2002/12/31,30.2,
08HB034,1,2003/01/01,36.1,
08HB034,1,2003/01/02,253,
08HB034,1,2003/01/03,461,
08HB034,1,2003/01/04,405,
08HB034,1,2003/01/05,314,
08HB034,1,2003/01/06,164,
08HB034,1,2003/01/07,96.6,
08HB034,1,2003/01/08,70.6,
08HB034,1,2003/01/09,58.0,
08HB034,1,2003/01/10,48.3,
08HB034,1,2003/01/11,41.0,
08HB034,1,2003/01/12,43.2,
08HB034,1,2003/01/13,42.2,
08HB034,1,2003/01/14,50.5,
08HB034,1,2003/01/15,49.7,
08HB034,1,2003/01/16,42.5,
08HB034,1,2003/01/17,35.7,
08HB034,1,2003/01/18,31.3,
08HB034,1,2003/01/19,29.9,
08HB034,1,2003/01/20,30.0,
08HB034,1,2003/01/21,30.1,
08HB034,1,2003/01/22,45.0,
08HB034,1,2003/01/23,256,
08HB034,1,2003/01/24,266,
08HB034,1,2003/01/25,176,
08HB034,1,2003/01/26,352,
08HB034,1,2003/01/27,278,
08HB034,1,2003/01/28,143,
08HB034,1,2003/01/29,90.6,
08HB034,1,2003/01/30,77.7,
08HB034,1,2003/01/31,140,
08HB034,1,2003/02/01,174,
08HB034,1,2003/02/02,123,
08HB034,1,2003/02/03,81.2,
08HB034,1,2003/02/04,57.7,
08HB034,1,2003/02/05,43.0,
08HB034,1,2003/02/06,34.7,
08HB034,1,2003/02/07,29.3,
08HB034,1,2003/02/08,25.3,
08HB034,1,2003/02/09,22.6,
08HB034,1,2003/02/10,20.4,
08HB034,1,2003/02/11,18.5,
08HB034,1,2003/02/12,16.8,
08HB034,1,2003/02/13,15.2,
08HB034,1,2003/02/14,13.5,
08HB034,1,2003/02/15,13.3,
08HB034,1,2003/02/16,15.2,
08HB034,1,2003/02/17,17.0,
08HB034,1,2003/02/18,17.6,
08HB034,1,2003/02/19,17.8,
08HB034,1,2003/02/20,19.2,
08HB034,1,2003/02/21,22.4,
08HB034,1,2003/02/22,23.8,
08HB034,1,2003/02/23,22.6,
08HB034,1,2003/02/24,20.5,
08HB034,1,2003/02/25,18.1,
08HB034,1,2003/02/26,16.2,
08HB034,1,2003/02/27,14.4,
08HB034,1,2003/02/28,13.4,
08HB034,1,2003/03/01,12.2,
08HB034,1,2003/03/02,11.3,
08HB034,1,2003/03/03,10.6,
08HB034,1,2003/03/04,9.91,
08HB034,1,2003/03/05,9.12,
08HB034,1,2003/03/06,8.93,
08HB034,1,2003/03/07,8.59,
08HB034,1,2003/03/08,8.17,
08HB034,1,2003/03/09,8.55,
08HB034,1,2003/03/10,10.7,
08HB034,1,2003/03/11,20.2,
08HB034,1,2003/03/12,82.5,
08HB034,1,2003/03/13,615,
08HB034,1,2003/03/14,555,
08HB034,1,2003/03/15,309,
08HB034,1,2003/03/16,196,
08HB034,1,2003/03/17,123,
08HB034,1,2003/03/18,87.0,
08HB034,1,2003/03/19,77.0,
08HB034,1,2003/03/20,103,
08HB034,1,2003/03/21,100,
08HB034,1,2003/03/22,237,
08HB034,1,2003/03/23,202,
08HB034,1,2003/03/24,114,
08HB034,1,2003/03/25,74.7,
08HB034,1,2003/03/26,54.8,
08HB034,1,2003/03/27,42.8,
08HB034,1,2003/03/28,38.1,
08HB034,1,2003/03/29,32.9,
08HB034,1,2003/03/30,37.6,
08HB034,1,2003/03/31,73.8,
08HB034,1,2003/04/01,73.3,
08HB034,1,2003/04/02,57.3,
08HB034,1,2003/04/03,43.7,
08HB034,1,2003/04/04,34.6,
08HB034,1,2003/04/05,28.8,
08HB034,1,2003/04/06,26.3,
08HB034,1,2003/04/07,32.6,
08HB034,1,2003/04/08,207,
08HB034,1,2003/04/09,281,
08HB034,1,2003/04/10,151,
08HB034,1,2003/04/11,92.0,
08HB034,1,2003/04/12,76.9,
08HB034,1,2003/04/13,66.3,
08HB034,1,2003/04/14,60.7,
08HB034,1,2003/04/15,52.9,
08HB034,1,2003/04/16,44.9,
08HB034,1,2003/04/17,38.8,
08HB034,1,2003/04/18,33.5,
08HB034,1,2003/04/19,29.7,
08HB034,1,2003/04/20,27.2,
08HB034,1,2003/04/21,25.1,
08HB034,1,2003/04/22,24.5,
08HB034,1,2003/04/23,24.2,
08HB034,1,2003/04/24,25.3,
08HB034,1,2003/04/25,25.2,
08HB034,1,2003/04/26,23.5,
08HB034,1,2003/04/27,21.6,
08HB034,1,2003/04/28,20.0,
08HB034,1,2003/04/29,18.6,
08HB034,1,2003/04/30,18.0,
08HB034,1,2003/05/01,19.2,
08HB034,1,2003/05/02,21.3,
08HB034,1,2003/05/03,22.3,
08HB034,1,2003/05/04,20.9,
08HB034,1,2003/05/05,19.0,
08HB034,1,2003/05/06,16.9,
08HB034,1,2003/05/07,14.9,
08HB034,1,2003/05/08,13.3,
08HB034,1,2003/05/09,12.0,
08HB034,1,2003/05/10,11.3,
08HB034,1,2003/05/11,11.7,
08HB034,1,2003/05/12,13.4,
08HB034,1,2003/05/13,14.9,
08HB034,1,2003/05/14,15.5,
08HB034,1,2003/05/15,15.6,
08HB034,1,2003/05/16,15.0,
08HB034,1,2003/05/17,13.6,
08HB034,1,2003/05/18,12.0,
08HB034,1,2003/05/19,10.0,
08HB034,1,2003/05/20,9.18,
08HB034,1,2003/05/21,9.14,
08HB034,1,2003/05/22,11.0,
08HB034,1,2003/05/23,16.0,
08HB034,1,2003/05/24,20.3,
08HB034,1,2003/05/25,24.1,
08HB034,1,2003/05/26,23.3,
08HB034,1,2003/05/27,19.8,
08HB034,1,2003/05/28,18.3,
08HB034,1,2003/05/29,16.9,
08HB034,1,2003/05/30,15.3,
08HB034,1,2003/05/31,14.1,
08HB034,1,2003/06/01,12.9,
08HB034,1,2003/06/02,12.0,
08HB034,1,2003/06/03,10.4,
08HB034,1,2003/06/04,9.62,
08HB034,1,2003/06/05,9.50,
08HB034,1,2003/06/06,10.1,
08HB034,1,2003/06/07,10.7,
08HB034,1,2003/06/08,10.7,
08HB034,1,2003/06/09,9.83,
08HB034,1,2003/06/10,9.17,
08HB034,1,2003/06/11,7.79,
08HB034,1,2003/06/12,6.94,
08HB034,1,2003/06/13,7.15,
08HB034,1,2003/06/14,6.65,
08HB034,1,2003/06/15,6.71,
08HB034,1,2003/06/16,6.63,
08HB034,1,2003/06/17,6.12,
08HB034,1,2003/06/18,5.79,
08HB034,1,2003/06/19,5.47,
08HB034,1,2003/06/20,5.11,
08HB034,1,2003/06/21,4.89,
08HB034,1,2003/06/22,4.78,
08HB034,1,2003/06/23,4.58,
08HB034,1,2003/06/24,4.30,
08HB034,1,2003/06/25,4.05,
08HB034,1,2003/06/26,4.01,
08HB034,1,2003/06/27,3.92,
08HB034,1,2003/06/28,3.98,
08HB034,1,2003/06/29,4.15,
08HB034,1,2003/06/30,4.44,
08HB034,1,2003/07/01,4.68,
08HB034,1,2003/07/02,4.82,
08HB034,1,2003/07/03,4.83,
08HB034,1,2003/07/04,4.68,
08HB034,1,2003/07/05,4.54,
08HB034,1,2003/07/06,4.05,
08HB034,1,2003/07/07,3.76,
08HB034,1,2003/07/08,3.63,
08HB034,1,2003/07/09,3.63,
08HB034,1,2003/07/10,3.65,
08HB034,1,2003/07/11,3.70,
08HB034,1,2003/07/12,3.91,
08HB034,1,2003/07/13,4.36,
08HB034,1,2003/07/14,5.23,
08HB034,1,2003/07/15,6.55,
08HB034,1,2003/07/16,6.99,
08HB034,1,2003/07/17,6.36,
08HB034,1,2003/07/18,5.60,
08HB034,1,2003/07/19,5.06,
08HB034,1,2003/07/20,4.67,
08HB034,1,2003/07/21,4.23,
08HB034,1,2003/07/22,3.84,
08HB034,1,2003/07/23,3.64,
08HB034,1,2003/07/24,3.65,
08HB034,1,2003/07/25,3.97,
08HB034,1,2003/07/26,4.35,
08HB034,1,2003/07/27,4.56,
08HB034,1,2003/07/28,4.68,
08HB034,1,2003/07/29,4.68,
08HB034,1,2003/07/30,4.56,
08HB034,1,2003/07/31,4.33,
08HB034,1,2003/08/01,4.06,
08HB034,1,2003/08/02,3.85,
08HB034,1,2003/08/03,3.80,
08HB034,1,2003/08/04,3.82,
08HB034,1,2003/08/05,3.90,
08HB034,1,2003/08/06,4.01,
08HB034,1,2003/08/07,4.09,
08HB034,1,2003/08/08,4.15,
08HB034,1,2003/08/09,4.21,
08HB034,1,2003/08/10,4.21,
08HB034,1,2003/08/11,4.29,
08HB034,1,2003/08/12,4.32,
08HB034,1,2003/08/13,4.07,
08HB034,1,2003/08/14,3.66,
08HB034,1,2003/08/15,3.37,
08HB034,1,2003/08/16,3.30,
08HB034,1,2003/08/17,3.32,
08HB034,1,2003/08/18,3.36,
08HB034,1,2003/08/19,3.42,
08HB034,1,2003/08/20,3.50,
08HB034,1,2003/08/21,3.57,
08HB034,1,2003/08/22,3.66,
08HB034,1,2003/08/23,3.75,
08HB034,1,2003/08/24,3.74,
08HB034,1,2003/08/25,3.77,
08HB034,1,2003/08/26,3.81,
08HB034,1,2003/08/27,3.83,
08HB034,1,2003/08/28,3.84,
08HB034,1,2003/08/29,4.16,
08HB034,1,2003/08/30,3.72,
08HB034,1,2003/08/31,3.75,
08HB034,1,2003/09/01,3.74,
08HB034,1,2003/09/02,3.70,
08HB034,1,2003/09/03,3.68,
08HB034,1,2003/09/04,3.63,
08HB034,1,2003/09/05,3.64,
08HB034,1,2003/09/06,3.72,
08HB034,1,2003/09/07,4.17,
08HB034,1,2003/09/08,4.22,
08HB034,1,2003/09/09,4.21,
08HB034,1,2003/09/10,4.13,
08HB034,1,2003/09/11,4.15,
08HB034,1,2003/09/12,4.21,
08HB034,1,2003/09/13,4.06,
08HB034,1,2003/09/14,4.06,
08HB034,1,2003/09/15,4.04,
08HB034,1,2003/09/16,3.96,
08HB034,1,2003/09/17,3.86,
08HB034,1,2003/09/18,3.88,
08HB034,1,2003/09/19,4.87,
08HB034,1,2003/09/20,4.95,
08HB034,1,2003/09/21,4.86,
08HB034,1,2003/09/22,4.69,
08HB034,1,2003/09/23,4.48,
08HB034,1,2003/09/24,4.33,
08HB034,1,2003/09/25,4.20,
08HB034,1,2003/09/26,4.08,
08HB034,1,2003/09/27,3.94,
08HB034,1,2003/09/28,3.84,
08HB034,1,2003/09/29,3.75,
08HB034,1,2003/09/30,3.70,
08HB034,1,2003/10/01,3.73,
08HB034,1,2003/10/02,3.81,
08HB034,1,2003/10/03,3.91,
08HB034,1,2003/10/04,3.84,
08HB034,1,2003/10/05,3.87,
08HB034,1,2003/10/06,4.10,
08HB034,1,2003/10/07,5.38,
08HB034,1,2003/10/08,11.4,
08HB034,1,2003/10/09,25.7,
08HB034,1,2003/10/10,27.5,
08HB034,1,2003/10/11,22.9,
08HB034,1,2003/10/12,71.8,
08HB034,1,2003/10/13,89.7,
08HB034,1,2003/10/14,53.3,
08HB034,1,2003/10/15,33.7,
08HB034,1,2003/10/16,140,
08HB034,1,2003/10/17,422,
08HB034,1,2003/10/18,586,
08HB034,1,2003/10/19,439,
08HB034,1,2003/10/20,334,
08HB034,1,2003/10/21,290,
08HB034,1,2003/10/22,145,
08HB034,1,2003/10/23,115,
08HB034,1,2003/10/24,83.8,
08HB034,1,2003/10/25,58.9,
08HB034,1,2003/10/26,44.1,
08HB034,1,2003/10/27,36.3,
08HB034,1,2003/10/28,31.1,
08HB034,1,2003/10/29,26.7,
08HB034,1,2003/10/30,22.6,
08HB034,1,2003/10/31,17.1,
08HB034,1,2003/11/01,14.6,
08HB034,1,2003/11/02,13.2,
08HB034,1,2003/11/03,12.1,
08HB034,1,2003/11/04,11.0,
08HB034,1,2003/11/05,9.52,
08HB034,1,2003/11/06,8.76,
08HB034,1,2003/11/07,8.12,
08HB034,1,2003/11/08,7.65,
08HB034,1,2003/11/09,7.23,
08HB034,1,2003/11/10,6.85,
08HB034,1,2003/11/11,6.67,
08HB034,1,2003/11/12,6.49,
08HB034,1,2003/11/13,6.38,
08HB034,1,2003/11/14,6.22,
08HB034,1,2003/11/15,6.92,
08HB034,1,2003/11/16,11.9,
08HB034,1,2003/11/17,29.7,
08HB034,1,2003/11/18,95.3,
08HB034,1,2003/11/19,102,
08HB034,1,2003/11/20,71.6,
08HB034,1,2003/11/21,48.6,
08HB034,1,2003/11/22,36.7,
08HB034,1,2003/11/23,30.5,
08HB034,1,2003/11/24,30.0,
08HB034,1,2003/11/25,28.3,
08HB034,1,2003/11/26,26.3,
08HB034,1,2003/11/27,24.1,
08HB034,1,2003/11/28,103,
08HB034,1,2003/11/29,173,
08HB034,1,2003/11/30,112,
08HB034,1,2003/12/01,70.5,
08HB034,1,2003/12/02,52.3,
08HB034,1,2003/12/03,74.1,
08HB034,1,2003/12/04,67.4,
08HB034,1,2003/12/05,95.8,
08HB034,1,2003/12/06,191,
08HB034,1,2003/12/07,151,
08HB034,1,2003/12/08,98.0,
08HB034,1,2003/12/09,67.9,
08HB034,1,2003/12/10,49.6,
08HB034,1,2003/12/11,40.3,
08HB034,1,2003/12/12,39.3,
08HB034,1,2003/12/13,39.7,
08HB034,1,2003/12/14,49.7,
08HB034,1,2003/12/15,54.2,
08HB034,1,2003/12/16,115,
08HB034,1,2003/12/17,178,
08HB034,1,2003/12/18,114,
08HB034,1,2003/12/19,74.9,
08HB034,1,2003/12/20,74.6,
08HB034,1,2003/12/21,93.2,
08HB034,1,2003/12/22,81.1,
08HB034,1,2003/12/23,62.8,
08HB034,1,2003/12/24,95.3,
08HB034,1,2003/12/25,117,
08HB034,1,2003/12/26,87.4,
08HB034,1,2003/12/27,62.0,
08HB034,1,2003/12/28,45.9,
08HB034,1,2003/12/29,37.1,
08HB034,1,2003/12/30,30.7,
08HB034,1,2003/12/31,25.2,
08HB034,1,2004/01/01,23.0,
08HB034,1,2004/01/02,20.7,
08HB034,1,2004/01/03,18.6,
08HB034,1,2004/01/04,16.1,
08HB034,1,2004/01/05,15.3,
08HB034,1,2004/01/06,17.3,
08HB034,1,2004/01/07,17.9,
08HB034,1,2004/01/08,30.3,
08HB034,1,2004/01/09,67.5,
08HB034,1,2004/01/10,142,
08HB034,1,2004/01/11,139,
08HB034,1,2004/01/12,114,
08HB034,1,2004/01/13,157,
08HB034,1,2004/01/14,369,
08HB034,1,2004/01/15,358,
08HB034,1,2004/01/16,208,
08HB034,1,2004/01/17,116,
08HB034,1,2004/01/18,90.0,
08HB034,1,2004/01/19,90.5,
08HB034,1,2004/01/20,82.5,
08HB034,1,2004/01/21,67.9,
08HB034,1,2004/01/22,56.1,
08HB034,1,2004/01/23,49.2,
08HB034,1,2004/01/24,42.5,
08HB034,1,2004/01/25,39.2,
08HB034,1,2004/01/26,35.7,
08HB034,1,2004/01/27,33.4,
08HB034,1,2004/01/28,43.2,
08HB034,1,2004/01/29,59.2,
08HB034,1,2004/01/30,139,
08HB034,1,2004/01/31,131,
08HB034,1,2004/02/01,90.2,
08HB034,1,2004/02/02,65.8,
08HB034,1,2004/02/03,51.5,
08HB034,1,2004/02/04,43.1,
08HB034,1,2004/02/05,37.8,
08HB034,1,2004/02/06,44.3,
08HB034,1,2004/02/07,61.1,
08HB034,1,2004/02/08,59.4,
08HB034,1,2004/02/09,50.5,
08HB034,1,2004/02/10,42.1,
08HB034,1,2004/02/11,36.7,
08HB034,1,2004/02/12,33.3,
08HB034,1,2004/02/13,31.0,
08HB034,1,2004/02/14,32.2,
08HB034,1,2004/02/15,37.4,
08HB034,1,2004/02/16,45.0,
08HB034,1,2004/02/17,71.3,
08HB034,1,2004/02/18,87.6,
08HB034,1,2004/02/19,77.9,
08HB034,1,2004/02/20,63.0,
08HB034,1,2004/02/21,50.6,
08HB034,1,2004/02/22,41.4,
08HB034,1,2004/02/23,36.1,
08HB034,1,2004/02/24,33.1,
08HB034,1,2004/02/25,38.1,
08HB034,1,2004/02/26,44.1,
08HB034,1,2004/02/27,42.5,
08HB034,1,2004/02/28,38.5,
08HB034,1,2004/02/29,35.1,
08HB034,1,2004/03/01,31.6,
08HB034,1,2004/03/02,28.4,
08HB034,1,2004/03/03,25.1,
08HB034,1,2004/03/04,23.9,
08HB034,1,2004/03/05,24.5,
08HB034,1,2004/03/06,23.6,
08HB034,1,2004/03/07,29.1,
08HB034,1,2004/03/08,49.9,
08HB034,1,2004/03/09,67.6,
08HB034,1,2004/03/10,65.0,
08HB034,1,2004/03/11,51.0,
08HB034,1,2004/03/12,40.2,
08HB034,1,2004/03/13,33.8,
08HB034,1,2004/03/14,29.9,
08HB034,1,2004/03/15,27.7,
08HB034,1,2004/03/16,25.6,
08HB034,1,2004/03/17,24.4,
08HB034,1,2004/03/18,29.3,
08HB034,1,2004/03/19,39.2,
08HB034,1,2004/03/20,38.2,
08HB034,1,2004/03/21,33.3,
08HB034,1,2004/03/22,30.1,
08HB034,1,2004/03/23,32.1,
08HB034,1,2004/03/24,45.1,
08HB034,1,2004/03/25,84.2,
08HB034,1,2004/03/26,120,
08HB034,1,2004/03/27,101,
08HB034,1,2004/03/28,76.6,
08HB034,1,2004/03/29,59.8,
08HB034,1,2004/03/30,55.8,
08HB034,1,2004/03/31,59.8,
08HB034,1,2004/04/01,50.7,
08HB034,1,2004/04/02,39.2,
08HB034,1,2004/04/03,31.2,
08HB034,1,2004/04/04,28.1,
08HB034,1,2004/04/05,26.8,
08HB034,1,2004/04/06,26.0,
08HB034,1,2004/04/07,25.9,
08HB034,1,2004/04/08,25.7,
08HB034,1,2004/04/09,25.3,
08HB034,1,2004/04/10,25.6,
08HB034,1,2004/04/11,27.7,
08HB034,1,2004/04/12,32.5,
08HB034,1,2004/04/13,33.3,
08HB034,1,2004/04/14,34.6,
08HB034,1,2004/04/15,34.9,
08HB034,1,2004/04/16,30.4,
08HB034,1,2004/04/17,27.6,
08HB034,1,2004/04/18,24.9,
08HB034,1,2004/04/19,22.5,
08HB034,1,2004/04/20,24.0,
08HB034,1,2004/04/21,27.6,
08HB034,1,2004/04/22,26.9,
08HB034,1,2004/04/23,25.8,
08HB034,1,2004/04/24,25.1,
08HB034,1,2004/04/25,23.3,
08HB034,1,2004/04/26,21.8,
08HB034,1,2004/04/27,23.7,
08HB034,1,2004/04/28,24.2,
08HB034,1,2004/04/29,22.0,
08HB034,1,2004/04/30,20.8,
08HB034,1,2004/05/01,22.1,
08HB034,1,2004/05/02,24.5,
08HB034,1,2004/05/03,24.6,
08HB034,1,2004/05/04,23.4,
08HB034,1,2004/05/05,21.2,
08HB034,1,2004/05/06,18.3,
08HB034,1,2004/05/07,16.4,
08HB034,1,2004/05/08,14.8,
08HB034,1,2004/05/09,14.2,
08HB034,1,2004/05/10,13.9,
08HB034,1,2004/05/11,13.7,
08HB034,1,2004/05/12,13.4,
08HB034,1,2004/05/13,13.0,
08HB034,1,2004/05/14,12.7,
08HB034,1,2004/05/15,12.4,
08HB034,1,2004/05/16,12.2,
08HB034,1,2004/05/17,11.6,
08HB034,1,2004/05/18,11.6,
08HB034,1,2004/05/19,12.3,
08HB034,1,2004/05/20,12.6,
08HB034,1,2004/05/21,12.9,
08HB034,1,2004/05/22,13.7,
08HB034,1,2004/05/23,13.0,
08HB034,1,2004/05/24,10.9,
08HB034,1,2004/05/25,9.70,
08HB034,1,2004/05/26,10.2,
08HB034,1,2004/05/27,10.6,
08HB034,1,2004/05/28,11.4,
08HB034,1,2004/05/29,10.8,
08HB034,1,2004/05/30,9.82,
08HB034,1,2004/05/31,9.36,
08HB034,1,2004/06/01,8.79,
08HB034,1,2004/06/02,8.18,
08HB034,1,2004/06/03,7.48,
08HB034,1,2004/06/04,7.11,
08HB034,1,2004/06/05,7.04,
08HB034,1,2004/06/06,7.27,
08HB034,1,2004/06/07,7.50,
08HB034,1,2004/06/08,7.50,
08HB034,1,2004/06/09,7.35,
08HB034,1,2004/06/10,7.12,
08HB034,1,2004/06/11,6.80,
08HB034,1,2004/06/12,6.26,
08HB034,1,2004/06/13,7.96,
08HB034,1,2004/06/14,9.41,
08HB034,1,2004/06/15,9.89,
08HB034,1,2004/06/16,9.48,
08HB034,1,2004/06/17,8.43,
08HB034,1,2004/06/18,8.31,
08HB034,1,2004/06/19,6.50,
08HB034,1,2004/06/20,5.93,
08HB034,1,2004/06/21,5.48,
08HB034,1,2004/06/22,5.15,
08HB034,1,2004/06/23,4.92,
08HB034,1,2004/06/24,4.79,
08HB034,1,2004/06/25,4.72,
08HB034,1,2004/06/26,4.66,
08HB034,1,2004/06/27,4.49,
08HB034,1,2004/06/28,4.33,
08HB034,1,2004/06/29,4.17,
08HB034,1,2004/06/30,4.12,
08HB034,1,2004/07/01,4.36,
08HB034,1,2004/07/02,4.96,
08HB034,1,2004/07/03,5.14,
08HB034,1,2004/07/04,4.85,
08HB034,1,2004/07/05,4.61,
08HB034,1,2004/07/06,4.45,
08HB034,1,2004/07/07,4.13,
08HB034,1,2004/07/08,3.93,
08HB034,1,2004/07/09,4.41,
08HB034,1,2004/07/10,4.77,
08HB034,1,2004/07/11,4.75,
08HB034,1,2004/07/12,4.68,
08HB034,1,2004/07/13,4.62,
08HB034,1,2004/07/14,4.54,
08HB034,1,2004/07/15,4.55,
08HB034,1,2004/07/16,4.48,
08HB034,1,2004/07/17,4.38,
08HB034,1,2004/07/18,4.29,
08HB034,1,2004/07/19,4.23,
08HB034,1,2004/07/20,4.29,
08HB034,1,2004/07/21,4.29,
08HB034,1,2004/07/22,4.21,
08HB034,1,2004/07/23,4.12,
08HB034,1,2004/07/24,4.20,
08HB034,1,2004/07/25,4.24,
08HB034,1,2004/07/26,4.18,
08HB034,1,2004/07/27,4.12,
08HB034,1,2004/07/28,4.11,
08HB034,1,2004/07/29,4.07,
08HB034,1,2004/07/30,4.05,
08HB034,1,2004/07/31,4.08,
08HB034,1,2004/08/01,4.10,
08HB034,1,2004/08/02,4.03,
08HB034,1,2004/08/03,4.11,
08HB034,1,2004/08/04,4.22,
08HB034,1,2004/08/05,4.11,
08HB034,1,2004/08/06,4.54,
08HB034,1,2004/08/07,4.77,
08HB034,1,2004/08/08,4.70,
08HB034,1,2004/08/09,4.49,
08HB034,1,2004/08/10,4.30,
08HB034,1,2004/08/11,4.22,
08HB034,1,2004/08/12,4.21,
08HB034,1,2004/08/13,4.17,
08HB034,1,2004/08/14,4.12,
08HB034,1,2004/08/15,4.07,
08HB034,1,2004/08/16,3.98,
08HB034,1,2004/08/17,3.84,
08HB034,1,2004/08/18,3.78,
08HB034,1,2004/08/19,3.78,
08HB034,1,2004/08/20,3.76,
08HB034,1,2004/08/21,3.91,
08HB034,1,2004/08/22,4.39,
08HB034,1,2004/08/23,4.37,
08HB034,1,2004/08/24,4.42,
08HB034,1,2004/08/25,5.07,
08HB034,1,2004/08/26,6.81,
08HB034,1,2004/08/27,7.08,
08HB034,1,2004/08/28,7.01,
08HB034,1,2004/08/29,6.62,
08HB034,1,2004/08/30,6.28,
08HB034,1,2004/08/31,6.07,
08HB034,1,2004/09/01,5.89,
08HB034,1,2004/09/02,5.64,
08HB034,1,2004/09/03,5.35,
08HB034,1,2004/09/04,5.24,
08HB034,1,2004/09/05,5.05,
08HB034,1,2004/09/06,4.85,
08HB034,1,2004/09/07,4.70,
08HB034,1,2004/09/08,4.78,
08HB034,1,2004/09/09,4.88,
08HB034,1,2004/09/10,5.22,
08HB034,1,2004/09/11,12.8,
08HB034,1,2004/09/12,17.4,
08HB034,1,2004/09/13,17.4,
08HB034,1,2004/09/14,15.1,
08HB034,1,2004/09/15,15.4,
08HB034,1,2004/09/16,16.1,
08HB034,1,2004/09/17,21.2,
08HB034,1,2004/09/18,29.9,
08HB034,1,2004/09/19,33.7,
08HB034,1,2004/09/20,27.8,
08HB034,1,2004/09/21,21.9,
08HB034,1,2004/09/22,17.9,
08HB034,1,2004/09/23,14.5,
08HB034,1,2004/09/24,11.9,
08HB034,1,2004/09/25,9.49,
08HB034,1,2004/09/26,8.21,
08HB034,1,2004/09/27,7.13,
08HB034,1,2004/09/28,6.50,
08HB034,1,2004/09/29,6.28,
08HB034,1,2004/09/30,5.93,
08HB034,1,2004/10/01,5.56,
08HB034,1,2004/10/02,5.22,
08HB034,1,2004/10/03,4.98,
08HB034,1,2004/10/04,4.74,
08HB034,1,2004/10/05,4.67,
08HB034,1,2004/10/06,5.74,
08HB034,1,2004/10/07,13.4,
08HB034,1,2004/10/08,34.0,
08HB034,1,2004/10/09,61.1,
08HB034,1,2004/10/10,68.1,
08HB034,1,2004/10/11,51.7,
08HB034,1,2004/10/12,36.7,
08HB034,1,2004/10/13,28.7,
08HB034,1,2004/10/14,22.6,
08HB034,1,2004/10/15,18.4,
08HB034,1,2004/10/16,15.6,
08HB034,1,2004/10/17,14.0,
08HB034,1,2004/10/18,16.2,
08HB034,1,2004/10/19,28.0,
08HB034,1,2004/10/20,41.5,
08HB034,1,2004/10/21,38.0,
08HB034,1,2004/10/22,33.9,
08HB034,1,2004/10/23,31.4,
08HB034,1,2004/10/24,27.5,
08HB034,1,2004/10/25,32.8,
08HB034,1,2004/10/26,62.2,
08HB034,1,2004/10/27,60.9,
08HB034,1,2004/10/28,48.0,
08HB034,1,2004/10/29,38.4,
08HB034,1,2004/10/30,51.5,
08HB034,1,2004/10/31,51.8,
08HB034,1,2004/11/01,49.9,
08HB034,1,2004/11/02,98.1,
08HB034,1,2004/11/03,82.8,
08HB034,1,2004/11/04,61.1,
08HB034,1,2004/11/05,45.9,
08HB034,1,2004/11/06,39.0,
08HB034,1,2004/11/07,57.5,
08HB034,1,2004/11/08,70.1,
08HB034,1,2004/11/09,58.7,
08HB034,1,2004/11/10,45.4,
08HB034,1,2004/11/11,36.6,
08HB034,1,2004/11/12,30.5,
08HB034,1,2004/11/13,23.9,
08HB034,1,2004/11/14,23.7,
08HB034,1,2004/11/15,87.5,
08HB034,1,2004/11/16,112,
08HB034,1,2004/11/17,93.0,
08HB034,1,2004/11/18,90.6,
08HB034,1,2004/11/19,93.0,
08HB034,1,2004/11/20,74.6,
08HB034,1,2004/11/21,58.3,
08HB034,1,2004/11/22,47.6,
08HB034,1,2004/11/23,40.9,
08HB034,1,2004/11/24,46.0,
08HB034,1,2004/11/25,67.2,
08HB034,1,2004/11/26,64.0,
08HB034,1,2004/11/27,51.4,
08HB034,1,2004/11/28,41.0,
08HB034,1,2004/11/29,34.4,
08HB034,1,2004/11/30,27.6,
08HB034,1,2004/12/01,24.9,
08HB034,1,2004/12/02,22.7,
08HB034,1,2004/12/03,21.5,
08HB034,1,2004/12/04,46.4,
08HB034,1,2004/12/05,63.2,
08HB034,1,2004/12/06,54.8,
08HB034,1,2004/12/07,44.8,
08HB034,1,2004/12/08,66.9,
08HB034,1,2004/12/09,88.5,
08HB034,1,2004/12/10,268,
08HB034,1,2004/12/11,387,
08HB034,1,2004/12/12,183,
08HB034,1,2004/12/13,101,
08HB034,1,2004/12/14,148,
08HB034,1,2004/12/15,151,
08HB034,1,2004/12/16,101,
08HB034,1,2004/12/17,73.9,
08HB034,1,2004/12/18,64.5,
08HB034,1,2004/12/19,60.7,
08HB034,1,2004/12/20,53.8,
08HB034,1,2004/12/21,44.6,
08HB034,1,2004/12/22,34.0,
08HB034,1,2004/12/23,29.1,
08HB034,1,2004/12/24,25.9,
08HB034,1,2004/12/25,24.9,
08HB034,1,2004/12/26,27.2,
08HB034,1,2004/12/27,28.7,
08HB034,1,2004/12/28,27.4,
08HB034,1,2004/12/29,26.4,
08HB034,1,2004/12/30,26.8,
08HB034,1,2004/12/31,26.4,
08HB034,1,2005/01/01,24.8,
08HB034,1,2005/01/02,22.9,
08HB034,1,2005/01/03,21.1,
08HB034,1,2005/01/04,19.3,
08HB034,1,2005/01/05,17.5,
08HB034,1,2005/01/06,16.4,
08HB034,1,2005/01/07,16.5,
08HB034,1,2005/01/08,16.0,
08HB034,1,2005/01/09,14.4,
08HB034,1,2005/01/10,13.1,
08HB034,1,2005/01/11,11.9,
08HB034,1,2005/01/12,11.6,
08HB034,1,2005/01/13,10.7,
08HB034,1,2005/01/14,9.81,
08HB034,1,2005/01/15,9.23,
08HB034,1,2005/01/16,9.65,
08HB034,1,2005/01/17,67.0,
08HB034,1,2005/01/18,263,
08HB034,1,2005/01/19,612,
08HB034,1,2005/01/20,541,
08HB034,1,2005/01/21,289,
08HB034,1,2005/01/22,294,
08HB034,1,2005/01/23,332,
08HB034,1,2005/01/24,202,
08HB034,1,2005/01/25,125,
08HB034,1,2005/01/26,88.1,
08HB034,1,2005/01/27,71.9,
08HB034,1,2005/01/28,64.9,
08HB034,1,2005/01/29,56.0,
08HB034,1,2005/01/30,48.1,
08HB034,1,2005/01/31,51.9,
08HB034,1,2005/02/01,62.9,
08HB034,1,2005/02/02,57.4,
08HB034,1,2005/02/03,48.4,
08HB034,1,2005/02/04,44.2,
08HB034,1,2005/02/05,38.4,
08HB034,1,2005/02/06,37.3,
08HB034,1,2005/02/07,33.5,
08HB034,1,2005/02/08,27.4,
08HB034,1,2005/02/09,24.5,
08HB034,1,2005/02/10,22.3,
08HB034,1,2005/02/11,20.7,
08HB034,1,2005/02/12,19.7,
08HB034,1,2005/02/13,19.5,
08HB034,1,2005/02/14,18.9,
08HB034,1,2005/02/15,17.9,
08HB034,1,2005/02/16,16.9,
08HB034,1,2005/02/17,15.8,
08HB034,1,2005/02/18,14.0,
08HB034,1,2005/02/19,12.7,
08HB034,1,2005/02/20,11.7,
08HB034,1,2005/02/21,10.8,
08HB034,1,2005/02/22,10.2,
08HB034,1,2005/02/23,9.74,
08HB034,1,2005/02/24,9.36,
08HB034,1,2005/02/25,9.00,
08HB034,1,2005/02/26,8.88,
08HB034,1,2005/02/27,8.60,
08HB034,1,2005/02/28,8.45,
08HB034,1,2005/03/01,12.5,
08HB034,1,2005/03/02,20.8,
08HB034,1,2005/03/03,24.1,
08HB034,1,2005/03/04,23.9,
08HB034,1,2005/03/05,21.7,
08HB034,1,2005/03/06,19.4,
08HB034,1,2005/03/07,18.8,
08HB034,1,2005/03/08,19.7,
08HB034,1,2005/03/09,26.1,
08HB034,1,2005/03/10,28.3,
08HB034,1,2005/03/11,25.1,
08HB034,1,2005/03/12,21.1,
08HB034,1,2005/03/13,17.7,
08HB034,1,2005/03/14,15.2,
08HB034,1,2005/03/15,13.2,
08HB034,1,2005/03/16,11.5,
08HB034,1,2005/03/17,10.6,
08HB034,1,2005/03/18,9.91,
08HB034,1,2005/03/19,9.78,
08HB034,1,2005/03/20,22.9,
08HB034,1,2005/03/21,38.0,
08HB034,1,2005/03/22,37.4,
08HB034,1,2005/03/23,31.7,
08HB034,1,2005/03/24,26.0,
08HB034,1,2005/03/25,22.0,
08HB034,1,2005/03/26,40.3,
08HB034,1,2005/03/27,84.6,
08HB034,1,2005/03/28,88.0,
08HB034,1,2005/03/29,69.1,
08HB034,1,2005/03/30,56.7,
08HB034,1,2005/03/31,50.2,
08HB034,1,2005/04/01,119,
08HB034,1,2005/04/02,123,
08HB034,1,2005/04/03,107,
08HB034,1,2005/04/04,87.0,
08HB034,1,2005/04/05,68.6,
08HB034,1,2005/04/06,97.8,
08HB034,1,2005/04/07,102,
08HB034,1,2005/04/08,89.0,
08HB034,1,2005/04/09,69.2,
08HB034,1,2005/04/10,53.0,
08HB034,1,2005/04/11,61.3,
08HB034,1,2005/04/12,62.2,
08HB034,1,2005/04/13,57.0,
08HB034,1,2005/04/14,50.0,
08HB034,1,2005/04/15,45.2,
08HB034,1,2005/04/16,124,
08HB034,1,2005/04/17,145,
08HB034,1,2005/04/18,103,
08HB034,1,2005/04/19,74.4,
08HB034,1,2005/04/20,58.8,
08HB034,1,2005/04/21,55.8,
08HB034,1,2005/04/22,60.4,
08HB034,1,2005/04/23,61.6,
08HB034,1,2005/04/24,59.4,
08HB034,1,2005/04/25,52.2,
08HB034,1,2005/04/26,45.8,
08HB034,1,2005/04/27,43.5,
08HB034,1,2005/04/28,38.6,
08HB034,1,2005/04/29,31.7,
08HB034,1,2005/04/30,24.6,
08HB034,1,2005/05/01,21.5,
08HB034,1,2005/05/02,20.8,
08HB034,1,2005/05/03,21.4,
08HB034,1,2005/05/04,19.4,
08HB034,1,2005/05/05,18.8,
08HB034,1,2005/05/06,17.4,
08HB034,1,2005/05/07,15.4,
08HB034,1,2005/05/08,14.1,
08HB034,1,2005/05/09,12.9,
08HB034,1,2005/05/10,11.9,
08HB034,1,2005/05/11,11.3,
08HB034,1,2005/05/12,10.6,
08HB034,1,2005/05/13,10.1,
08HB034,1,2005/05/14,9.82,
08HB034,1,2005/05/15,11.0,
08HB034,1,2005/05/16,13.0,
08HB034,1,2005/05/17,13.3,
08HB034,1,2005/05/18,18.0,
08HB034,1,2005/05/19,60.3,
08HB034,1,2005/05/20,96.0,
08HB034,1,2005/05/21,76.1,
08HB034,1,2005/05/22,96.3,
08HB034,1,2005/05/23,185,
08HB034,1,2005/05/24,116,
08HB034,1,2005/05/25,70.2,
08HB034,1,2005/05/26,45.9,
08HB034,1,2005/05/27,33.4,
08HB034,1,2005/05/28,25.4,
08HB034,1,2005/05/29,21.1,
08HB034,1,2005/05/30,18.0,
08HB034,1,2005/05/31,15.6,
08HB034,1,2005/06/01,14.3,
08HB034,1,2005/06/02,14.1,
08HB034,1,2005/06/03,12.8,
08HB034,1,2005/06/04,11.1,
08HB034,1,2005/06/05,10.3,
08HB034,1,2005/06/06,9.71,
08HB034,1,2005/06/07,9.00,
08HB034,1,2005/06/08,8.57,
08HB034,1,2005/06/09,8.19,
08HB034,1,2005/06/10,7.78,
08HB034,1,2005/06/11,7.75,
08HB034,1,2005/06/12,6.94,
08HB034,1,2005/06/13,6.94,
08HB034,1,2005/06/14,7.64,
08HB034,1,2005/06/15,7.89,
08HB034,1,2005/06/16,7.94,
08HB034,1,2005/06/17,8.28,
08HB034,1,2005/06/18,8.39,
08HB034,1,2005/06/19,8.04,
08HB034,1,2005/06/20,7.51,
08HB034,1,2005/06/21,6.96,
08HB034,1,2005/06/22,6.81,
08HB034,1,2005/06/23,6.28,
08HB034,1,2005/06/24,5.82,
08HB034,1,2005/06/25,5.42,
08HB034,1,2005/06/26,5.01,
08HB034,1,2005/06/27,4.84,
08HB034,1,2005/06/28,4.69,
08HB034,1,2005/06/29,4.63,
08HB034,1,2005/06/30,4.71,
08HB034,1,2005/07/01,4.59,
08HB034,1,2005/07/02,4.45,
08HB034,1,2005/07/03,4.32,
08HB034,1,2005/07/04,4.26,
08HB034,1,2005/07/05,4.47,
08HB034,1,2005/07/06,5.64,
08HB034,1,2005/07/07,6.14,
08HB034,1,2005/07/08,7.86,
08HB034,1,2005/07/09,13.8,
08HB034,1,2005/07/10,13.4,
08HB034,1,2005/07/11,11.5,
08HB034,1,2005/07/12,9.26,
08HB034,1,2005/07/13,8.78,
08HB034,1,2005/07/14,8.44,
08HB034,1,2005/07/15,8.04,
08HB034,1,2005/07/16,7.74,
08HB034,1,2005/07/17,7.13,
08HB034,1,2005/07/18,6.46,
08HB034,1,2005/07/19,5.80,
08HB034,1,2005/07/20,5.46,
08HB034,1,2005/07/21,5.36,
08HB034,1,2005/07/22,5.28,
08HB034,1,2005/07/23,5.41,
08HB034,1,2005/07/24,5.37,
08HB034,1,2005/07/25,5.22,
08HB034,1,2005/07/26,5.10,
08HB034,1,2005/07/27,5.08,
08HB034,1,2005/07/28,5.07,
08HB034,1,2005/07/29,5.12,
08HB034,1,2005/07/30,5.26,
08HB034,1,2005/07/31,5.25,
08HB034,1,2005/08/01,5.18,
08HB034,1,2005/08/02,4.97,
08HB034,1,2005/08/03,4.89,
08HB034,1,2005/08/04,4.88,
08HB034,1,2005/08/05,4.87,
08HB034,1,2005/08/06,4.93,
08HB034,1,2005/08/07,4.96,
08HB034,1,2005/08/08,4.92,
08HB034,1,2005/08/09,4.90,
08HB034,1,2005/08/10,4.81,
08HB034,1,2005/08/11,4.84,
08HB034,1,2005/08/12,4.91,
08HB034,1,2005/08/13,4.91,
08HB034,1,2005/08/14,4.84,
08HB034,1,2005/08/15,4.78,
08HB034,1,2005/08/16,4.72,
08HB034,1,2005/08/17,5.17,
08HB034,1,2005/08/18,5.34,
08HB034,1,2005/08/19,5.15,
08HB034,1,2005/08/20,5.06,
08HB034,1,2005/08/21,4.98,
08HB034,1,2005/08/22,4.90,
08HB034,1,2005/08/23,4.77,
08HB034,1,2005/08/24,4.81,
08HB034,1,2005/08/25,4.82,
08HB034,1,2005/08/26,4.77,
08HB034,1,2005/08/27,4.76,
08HB034,1,2005/08/28,4.86,
08HB034,1,2005/08/29,4.95,
08HB034,1,2005/08/30,5.12,
08HB034,1,2005/08/31,5.22,
08HB034,1,2005/09/01,5.19,
08HB034,1,2005/09/02,5.12,
08HB034,1,2005/09/03,5.05,
08HB034,1,2005/09/04,5.19,
08HB034,1,2005/09/05,5.25,
08HB034,1,2005/09/06,5.20,
08HB034,1,2005/09/07,5.10,
08HB034,1,2005/09/08,5.07,
08HB034,1,2005/09/09,5.01,
08HB034,1,2005/09/10,4.89,
08HB034,1,2005/09/11,4.81,
08HB034,1,2005/09/12,4.76,
08HB034,1,2005/09/13,4.74,
08HB034,1,2005/09/14,4.67,
08HB034,1,2005/09/15,4.68,
08HB034,1,2005/09/16,4.84,
08HB034,1,2005/09/17,4.97,
08HB034,1,2005/09/18,4.96,
08HB034,1,2005/09/19,4.91,
08HB034,1,2005/09/20,4.84,
08HB034,1,2005/09/21,4.74,
08HB034,1,2005/09/22,4.69,
08HB034,1,2005/09/23,4.66,
08HB034,1,2005/09/24,4.63,
08HB034,1,2005/09/25,4.61,
08HB034,1,2005/09/26,4.61,
08HB034,1,2005/09/27,4.62,
08HB034,1,2005/09/28,4.62,
08HB034,1,2005/09/29,6.23,
08HB034,1,2005/09/30,10.3,
08HB034,1,2005/10/01,10.5,
08HB034,1,2005/10/02,9.84,
08HB034,1,2005/10/03,9.19,
08HB034,1,2005/10/04,9.44,
08HB034,1,2005/10/05,13.1,
08HB034,1,2005/10/06,18.9,
08HB034,1,2005/10/07,19.5,
08HB034,1,2005/10/08,15.1,
08HB034,1,2005/10/09,13.2,
08HB034,1,2005/10/10,11.7,
08HB034,1,2005/10/11,14.7,
08HB034,1,2005/10/12,15.5,
08HB034,1,2005/10/13,27.9,
08HB034,1,2005/10/14,38.0,
08HB034,1,2005/10/15,60.3,
08HB034,1,2005/10/16,47.9,
08HB034,1,2005/10/17,42.8,
08HB034,1,2005/10/18,46.1,
08HB034,1,2005/10/19,37.5,
08HB034,1,2005/10/20,28.7,
08HB034,1,2005/10/21,22.8,
08HB034,1,2005/10/22,19.0,
08HB034,1,2005/10/23,17.0,
08HB034,1,2005/10/24,15.3,
08HB034,1,2005/10/25,14.0,
08HB034,1,2005/10/26,20.0,
08HB034,1,2005/10/27,22.5,
08HB034,1,2005/10/28,31.0,
08HB034,1,2005/10/29,69.9,
08HB034,1,2005/10/30,70.5,
08HB034,1,2005/10/31,173,
08HB034,1,2005/11/01,146,
08HB034,1,2005/11/02,98.0,
08HB034,1,2005/11/03,78.2,
08HB034,1,2005/11/04,80.5,
08HB034,1,2005/11/05,73.9,
08HB034,1,2005/11/06,63.6,
08HB034,1,2005/11/07,51.0,
08HB034,1,2005/11/08,41.2,
08HB034,1,2005/11/09,40.8,
08HB034,1,2005/11/10,88.0,
08HB034,1,2005/11/11,115,
08HB034,1,2005/11/12,85.0,
08HB034,1,2005/11/13,66.5,
08HB034,1,2005/11/14,54.2,
08HB034,1,2005/11/15,42.7,
08HB034,1,2005/11/16,35.7,
08HB034,1,2005/11/17,32.2,
08HB034,1,2005/11/18,30.5,
08HB034,1,2005/11/19,31.4,
08HB034,1,2005/11/20,31.6,
08HB034,1,2005/11/21,29.7,
08HB034,1,2005/11/22,27.0,
08HB034,1,2005/11/23,24.3,
08HB034,1,2005/11/24,21.6,
08HB034,1,2005/11/25,19.5,
08HB034,1,2005/11/26,19.7,
08HB034,1,2005/11/27,18.5,
08HB034,1,2005/11/28,16.7,
08HB034,1,2005/11/29,14.9,
08HB034,1,2005/11/30,13.1,
08HB034,1,2005/12/01,11.8,
08HB034,1,2005/12/02,10.7,
08HB034,1,2005/12/03,9.96,
08HB034,1,2005/12/04,9.35,
08HB034,1,2005/12/05,8.91,
08HB034,1,2005/12/06,8.62,
08HB034,1,2005/12/07,8.38,
08HB034,1,2005/12/08,8.07,
08HB034,1,2005/12/09,7.77,
08HB034,1,2005/12/10,7.46,
08HB034,1,2005/12/11,7.32,
08HB034,1,2005/12/12,7.18,
08HB034,1,2005/12/13,7.04,
08HB034,1,2005/12/14,6.84,
08HB034,1,2005/12/15,6.56,
08HB034,1,2005/12/16,6.20,
08HB034,1,2005/12/17,6.11,
08HB034,1,2005/12/18,5.68,
08HB034,1,2005/12/19,5.90,
08HB034,1,2005/12/20,52.6,
08HB034,1,2005/12/21,175,
08HB034,1,2005/12/22,245,
08HB034,1,2005/12/23,240,
08HB034,1,2005/12/24,260,
08HB034,1,2005/12/25,275,
08HB034,1,2005/12/26,241,
08HB034,1,2005/12/27,220,
08HB034,1,2005/12/28,186,
08HB034,1,2005/12/29,147,
08HB034,1,2005/12/30,127,
08HB034,1,2005/12/31,134,
08HB034,1,2006/01/01,161,
08HB034,1,2006/01/02,199,
08HB034,1,2006/01/03,140,
08HB034,1,2006/01/04,103,
08HB034,1,2006/01/05,236,
08HB034,1,2006/01/06,313,
08HB034,1,2006/01/07,203,
08HB034,1,2006/01/08,132,
08HB034,1,2006/01/09,208,
08HB034,1,2006/01/10,197,
08HB034,1,2006/01/11,148,
08HB034,1,2006/01/12,120,
08HB034,1,2006/01/13,190,
08HB034,1,2006/01/14,196,
08HB034,1,2006/01/15,128,
08HB034,1,2006/01/16,94.5,
08HB034,1,2006/01/17,189,
08HB034,1,2006/01/18,176,
08HB034,1,2006/01/19,117,
08HB034,1,2006/01/20,85.9,
08HB034,1,2006/01/21,67.9,
08HB034,1,2006/01/22,55.8,
08HB034,1,2006/01/23,48.9,
08HB034,1,2006/01/24,44.9,
08HB034,1,2006/01/25,38.4,
08HB034,1,2006/01/26,52.1,
08HB034,1,2006/01/27,59.2,
08HB034,1,2006/01/28,62.7,
08HB034,1,2006/01/29,59.5,
08HB034,1,2006/01/30,72.5,
08HB034,1,2006/01/31,78.5,
08HB034,1,2006/02/01,117,
08HB034,1,2006/02/02,139,
08HB034,1,2006/02/03,118,
08HB034,1,2006/02/04,211,
08HB034,1,2006/02/05,190,
08HB034,1,2006/02/06,118,
08HB034,1,2006/02/07,79.5,
08HB034,1,2006/02/08,59.1,
08HB034,1,2006/02/09,48.0,
08HB034,1,2006/02/10,40.1,
08HB034,1,2006/02/11,34.7,
08HB034,1,2006/02/12,30.3,
08HB034,1,2006/02/13,27.7,
08HB034,1,2006/02/14,26.3,
08HB034,1,2006/02/15,24.7,
08HB034,1,2006/02/16,22.8,
08HB034,1,2006/02/17,20.7,
08HB034,1,2006/02/18,18.7,
08HB034,1,2006/02/19,17.3,
08HB034,1,2006/02/20,16.3,
08HB034,1,2006/02/21,15.7,
08HB034,1,2006/02/22,14.6,
08HB034,1,2006/02/23,14.1,
08HB034,1,2006/02/24,13.5,
08HB034,1,2006/02/25,12.7,
08HB034,1,2006/02/26,12.9,
08HB034,1,2006/02/27,21.0,
08HB034,1,2006/02/28,29.6,
08HB034,1,2006/03/01,32.4,
08HB034,1,2006/03/02,35.7,
08HB034,1,2006/03/03,36.3,
08HB034,1,2006/03/04,33.3,
08HB034,1,2006/03/05,30.1,
08HB034,1,2006/03/06,33.7,
08HB034,1,2006/03/07,62.1,
08HB034,1,2006/03/08,64.8,
08HB034,1,2006/03/09,66.5,
08HB034,1,2006/03/10,53.5,
08HB034,1,2006/03/11,41.2,
08HB034,1,2006/03/12,32.9,
08HB034,1,2006/03/13,27.3,
08HB034,1,2006/03/14,23.8,
08HB034,1,2006/03/15,22.4,
08HB034,1,2006/03/16,23.4,
08HB034,1,2006/03/17,24.6,
08HB034,1,2006/03/18,24.3,
08HB034,1,2006/03/19,22.7,
08HB034,1,2006/03/20,21.0,
08HB034,1,2006/03/21,19.4,
08HB034,1,2006/03/22,24.2,
08HB034,1,2006/03/23,63.0,
08HB034,1,2006/03/24,117,
08HB034,1,2006/03/25,116,
08HB034,1,2006/03/26,84.6,
08HB034,1,2006/03/27,62.4,
08HB034,1,2006/03/28,47.0,
08HB034,1,2006/03/29,36.7,
08HB034,1,2006/03/30,33.7,
08HB034,1,2006/03/31,35.6,
08HB034,1,2006/04/01,45.0,
08HB034,1,2006/04/02,50.3,
08HB034,1,2006/04/03,47.7,
08HB034,1,2006/04/04,48.1,
08HB034,1,2006/04/05,46.2,
08HB034,1,2006/04/06,42.8,
08HB034,1,2006/04/07,36.9,
08HB034,1,2006/04/08,35.5,
08HB034,1,2006/04/09,40.4,
08HB034,1,2006/04/10,49.7,
08HB034,1,2006/04/11,51.3,
08HB034,1,2006/04/12,47.5,
08HB034,1,2006/04/13,43.3,
08HB034,1,2006/04/14,52.5,
08HB034,1,2006/04/15,55.6,
08HB034,1,2006/04/16,53.9,
08HB034,1,2006/04/17,47.8,
08HB034,1,2006/04/18,40.8,
08HB034,1,2006/04/19,35.8,
08HB034,1,2006/04/20,34.3,
08HB034,1,2006/04/21,50.8,
08HB034,1,2006/04/22,53.4,
08HB034,1,2006/04/23,47.4,
08HB034,1,2006/04/24,42.1,
08HB034,1,2006/04/25,42.6,
08HB034,1,2006/04/26,48.1,
08HB034,1,2006/04/27,45.1,
08HB034,1,2006/04/28,43.1,
08HB034,1,2006/04/29,54.4,
08HB034,1,2006/04/30,54.5,
08HB034,1,2006/05/01,46.2,
08HB034,1,2006/05/02,37.0,
08HB034,1,2006/05/03,30.8,
08HB034,1,2006/05/04,27.8,
08HB034,1,2006/05/05,30.4,
08HB034,1,2006/05/06,35.7,
08HB034,1,2006/05/07,36.4,
08HB034,1,2006/05/08,35.9,
08HB034,1,2006/05/09,31.7,
08HB034,1,2006/05/10,26.8,
08HB034,1,2006/05/11,25.0,
08HB034,1,2006/05/12,26.1,
08HB034,1,2006/05/13,24.8,
08HB034,1,2006/05/14,22.6,
08HB034,1,2006/05/15,22.5,
08HB034,1,2006/05/16,35.9,
08HB034,1,2006/05/17,56.6,
08HB034,1,2006/05/18,58.8,
08HB034,1,2006/05/19,53.1,
08HB034,1,2006/05/20,48.3,
08HB034,1,2006/05/21,41.2,
08HB034,1,2006/05/22,39.1,
08HB034,1,2006/05/23,39.7,
08HB034,1,2006/05/24,41.2,
08HB034,1,2006/05/25,42.5,
08HB034,1,2006/05/26,40.7,
08HB034,1,2006/05/27,36.0,
08HB034,1,2006/05/28,32.7,
08HB034,1,2006/05/29,28.6,
08HB034,1,2006/05/30,24.9,
08HB034,1,2006/05/31,23.5,
08HB034,1,2006/06/01,26.3,
08HB034,1,2006/06/02,39.8,
08HB034,1,2006/06/03,42.7,
08HB034,1,2006/06/04,37.2,
08HB034,1,2006/06/05,30.7,
08HB034,1,2006/06/06,25.4,
08HB034,1,2006/06/07,23.1,
08HB034,1,2006/06/08,22.5,
08HB034,1,2006/06/09,22.5,
08HB034,1,2006/06/10,21.1,
08HB034,1,2006/06/11,20.5,
08HB034,1,2006/06/12,20.1,
08HB034,1,2006/06/13,19.5,
08HB034,1,2006/06/14,18.8,
08HB034,1,2006/06/15,16.9,
08HB034,1,2006/06/16,15.5,
08HB034,1,2006/06/17,16.2,
08HB034,1,2006/06/18,15.9,
08HB034,1,2006/06/19,14.2,
08HB034,1,2006/06/20,12.8,
08HB034,1,2006/06/21,11.6,
08HB034,1,2006/06/22,10.2,
08HB034,1,2006/06/23,9.23,
08HB034,1,2006/06/24,8.62,
08HB034,1,2006/06/25,8.51,
08HB034,1,2006/06/26,8.70,
08HB034,1,2006/06/27,8.87,
08HB034,1,2006/06/28,8.84,
08HB034,1,2006/06/29,8.13,
08HB034,1,2006/06/30,7.40,
08HB034,1,2006/07/01,7.00,
08HB034,1,2006/07/02,6.55,
08HB034,1,2006/07/03,6.11,
08HB034,1,2006/07/04,5.87,
08HB034,1,2006/07/05,5.78,
08HB034,1,2006/07/06,5.73,
08HB034,1,2006/07/07,5.60,
08HB034,1,2006/07/08,5.48,
08HB034,1,2006/07/09,5.55,
08HB034,1,2006/07/10,5.55,
08HB034,1,2006/07/11,6.12,
08HB034,1,2006/07/12,6.77,
08HB034,1,2006/07/13,6.49,
08HB034,1,2006/07/14,6.34,
08HB034,1,2006/07/15,6.69,
08HB034,1,2006/07/16,6.47,
08HB034,1,2006/07/17,6.16,
08HB034,1,2006/07/18,5.90,
08HB034,1,2006/07/19,5.56,
08HB034,1,2006/07/20,5.45,
08HB034,1,2006/07/21,5.41,
08HB034,1,2006/07/22,5.50,
08HB034,1,2006/07/23,5.53,
08HB034,1,2006/07/24,5.36,
08HB034,1,2006/07/25,5.08,
08HB034,1,2006/07/26,4.98,
08HB034,1,2006/07/27,4.89,
08HB034,1,2006/07/28,4.79,
08HB034,1,2006/07/29,4.86,
08HB034,1,2006/07/30,4.90,
08HB034,1,2006/07/31,4.87,
08HB034,1,2006/08/01,4.74,
08HB034,1,2006/08/02,4.78,
08HB034,1,2006/08/03,5.14,
08HB034,1,2006/08/04,5.24,
08HB034,1,2006/08/05,5.21,
08HB034,1,2006/08/06,5.00,
08HB034,1,2006/08/07,4.75,
08HB034,1,2006/08/08,4.69,
08HB034,1,2006/08/09,4.79,
08HB034,1,2006/08/10,4.64,
08HB034,1,2006/08/11,4.92,
08HB034,1,2006/08/12,4.74,
08HB034,1,2006/08/13,4.59,
08HB034,1,2006/08/14,4.50,
08HB034,1,2006/08/15,4.41,
08HB034,1,2006/08/16,4.47,
08HB034,1,2006/08/17,4.61,
08HB034,1,2006/08/18,4.88,
08HB034,1,2006/08/19,5.12,
08HB034,1,2006/08/20,5.28,
08HB034,1,2006/08/21,5.03,
08HB034,1,2006/08/22,5.11,
08HB034,1,2006/08/23,5.18,
08HB034,1,2006/08/24,5.25,
08HB034,1,2006/08/25,5.36,
08HB034,1,2006/08/26,5.17,
08HB034,1,2006/08/27,4.75,
08HB034,1,2006/08/28,4.69,
08HB034,1,2006/08/29,4.68,
08HB034,1,2006/08/30,4.75,
08HB034,1,2006/08/31,4.71,
08HB034,1,2006/09/01,4.53,
08HB034,1,2006/09/02,4.52,
08HB034,1,2006/09/03,4.50,
08HB034,1,2006/09/04,4.68,
08HB034,1,2006/09/05,4.21,
08HB034,1,2006/09/06,4.10,
08HB034,1,2006/09/07,3.97,
08HB034,1,2006/09/08,4.08,
08HB034,1,2006/09/09,4.67,
08HB034,1,2006/09/10,4.87,
08HB034,1,2006/09/11,4.95,
08HB034,1,2006/09/12,5.14,
08HB034,1,2006/09/13,5.38,
08HB034,1,2006/09/14,5.35,
08HB034,1,2006/09/15,4.92,
08HB034,1,2006/09/16,4.56,
08HB034,1,2006/09/17,4.45,
08HB034,1,2006/09/18,4.61,
08HB034,1,2006/09/19,5.52,
08HB034,1,2006/09/20,5.93,
08HB034,1,2006/09/21,5.96,
08HB034,1,2006/09/22,5.67,
08HB034,1,2006/09/23,5.15,
08HB034,1,2006/09/24,4.71,
08HB034,1,2006/09/25,4.25,
08HB034,1,2006/09/26,4.00,
08HB034,1,2006/09/27,3.89,
08HB034,1,2006/09/28,3.84,
08HB034,1,2006/09/29,3.83,
08HB034,1,2006/09/30,3.78,
08HB034,1,2006/10/01,3.76,
08HB034,1,2006/10/02,3.69,
08HB034,1,2006/10/03,3.91,
08HB034,1,2006/10/04,6.54,
08HB034,1,2006/10/05,12.8,
08HB034,1,2006/10/06,11.9,
08HB034,1,2006/10/07,6.84,
08HB034,1,2006/10/08,6.02,
08HB034,1,2006/10/09,5.61,
08HB034,1,2006/10/10,5.29,
08HB034,1,2006/10/11,5.09,
08HB034,1,2006/10/12,4.95,
08HB034,1,2006/10/13,4.66,
08HB034,1,2006/10/14,4.40,
08HB034,1,2006/10/15,4.30,
08HB034,1,2006/10/16,4.26,
08HB034,1,2006/10/17,4.30,
08HB034,1,2006/10/18,4.61,
08HB034,1,2006/10/19,4.54,
08HB034,1,2006/10/20,4.33,
08HB034,1,2006/10/21,4.15,
08HB034,1,2006/10/22,3.97,
08HB034,1,2006/10/23,3.81,
08HB034,1,2006/10/24,3.76,
08HB034,1,2006/10/25,3.71,
08HB034,1,2006/10/26,3.77,
08HB034,1,2006/10/27,7.86,
08HB034,1,2006/10/28,10.5,
08HB034,1,2006/10/29,11.6,
08HB034,1,2006/10/30,11.0,
08HB034,1,2006/10/31,9.33,
08HB034,1,2006/11/01,7.39,
08HB034,1,2006/11/02,6.23,
08HB034,1,2006/11/03,30.7,
08HB034,1,2006/11/04,98.6,
08HB034,1,2006/11/05,135,
08HB034,1,2006/11/06,344,
08HB034,1,2006/11/07,329,
08HB034,1,2006/11/08,146,
08HB034,1,2006/11/09,77.7,
08HB034,1,2006/11/10,67.1,
08HB034,1,2006/11/11,71.4,
08HB034,1,2006/11/12,76.1,
08HB034,1,2006/11/13,108,
08HB034,1,2006/11/14,88.0,
08HB034,1,2006/11/15,301,
08HB034,1,2006/11/16,442,
08HB034,1,2006/11/17,278,
08HB034,1,2006/11/18,234,
08HB034,1,2006/11/19,206,
08HB034,1,2006/11/20,215,
08HB034,1,2006/11/21,174,
08HB034,1,2006/11/22,143,
08HB034,1,2006/11/23,105,
08HB034,1,2006/11/24,77.9,
08HB034,1,2006/11/25,60.0,
08HB034,1,2006/11/26,49.3,
08HB034,1,2006/11/27,39.9,
08HB034,1,2006/11/28,33.5,
08HB034,1,2006/11/29,29.0,
08HB034,1,2006/11/30,26.8,
08HB034,1,2006/12/01,24.1,
08HB034,1,2006/12/02,22.0,
08HB034,1,2006/12/03,20.5,
08HB034,1,2006/12/04,20.0,
08HB034,1,2006/12/05,21.3,
08HB034,1,2006/12/06,22.2,
08HB034,1,2006/12/07,22.6,
08HB034,1,2006/12/08,24.6,
08HB034,1,2006/12/09,33.4,
08HB034,1,2006/12/10,43.4,
08HB034,1,2006/12/11,169,
08HB034,1,2006/12/12,302,
08HB034,1,2006/12/13,294,
08HB034,1,2006/12/14,247,
08HB034,1,2006/12/15,183,
08HB034,1,2006/12/16,123,
08HB034,1,2006/12/17,86.3,
08HB034,1,2006/12/18,64.8,
08HB034,1,2006/12/19,65.7,
08HB034,1,2006/12/20,94.2,
08HB034,1,2006/12/21,225,
08HB034,1,2006/12/22,171,
08HB034,1,2006/12/23,111,
08HB034,1,2006/12/24,87.5,
08HB034,1,2006/12/25,109,
08HB034,1,2006/12/26,104,
08HB034,1,2006/12/27,81.3,
08HB034,1,2006/12/28,60.9,
08HB034,1,2006/12/29,47.2,
08HB034,1,2006/12/30,38.5,
08HB034,1,2006/12/31,33.3,
08HB034,1,2007/01/01,52.5,
08HB034,1,2007/01/02,488,
08HB034,1,2007/01/03,431,
08HB034,1,2007/01/04,196,
08HB034,1,2007/01/05,117,
08HB034,1,2007/01/06,143,
08HB034,1,2007/01/07,183,
08HB034,1,2007/01/08,172,
08HB034,1,2007/01/09,167,
08HB034,1,2007/01/10,189,
08HB034,1,2007/01/11,120,
08HB034,1,2007/01/12,79.2,
08HB034,1,2007/01/13,57.2,
08HB034,1,2007/01/14,43.8,
08HB034,1,2007/01/15,36.3,
08HB034,1,2007/01/16,31.5,
08HB034,1,2007/01/17,27.5,
08HB034,1,2007/01/18,23.7,
08HB034,1,2007/01/19,26.7,
08HB034,1,2007/01/20,30.0,
08HB034,1,2007/01/21,30.0,
08HB034,1,2007/01/22,45.9,
08HB034,1,2007/01/23,139,
08HB034,1,2007/01/24,171,
08HB034,1,2007/01/25,125,
08HB034,1,2007/01/26,87.6,
08HB034,1,2007/01/27,65.2,
08HB034,1,2007/01/28,50.1,
08HB034,1,2007/01/29,40.1,
08HB034,1,2007/01/30,34.6,
08HB034,1,2007/01/31,30.0,
08HB034,1,2007/02/01,25.0,
08HB034,1,2007/02/02,22.6,
08HB034,1,2007/02/03,20.6,
08HB034,1,2007/02/04,19.6,
08HB034,1,2007/02/05,19.6,
08HB034,1,2007/02/06,22.6,
08HB034,1,2007/02/07,31.8,
08HB034,1,2007/02/08,66.4,
08HB034,1,2007/02/09,74.1,
08HB034,1,2007/02/10,82.2,
08HB034,1,2007/02/11,83.9,
08HB034,1,2007/02/12,78.5,
08HB034,1,2007/02/13,71.4,
08HB034,1,2007/02/14,61.5,
08HB034,1,2007/02/15,70.1,
08HB034,1,2007/02/16,88.8,
08HB034,1,2007/02/17,80.5,
08HB034,1,2007/02/18,92.6,
08HB034,1,2007/02/19,88.4,
08HB034,1,2007/02/20,93.8,
08HB034,1,2007/02/21,79.3,
08HB034,1,2007/02/22,60.9,
08HB034,1,2007/02/23,46.7,
08HB034,1,2007/02/24,38.7,
08HB034,1,2007/02/25,36.8,
08HB034,1,2007/02/26,35.8,
08HB034,1,2007/02/27,33.1,
08HB034,1,2007/02/28,29.4,
08HB034,1,2007/03/01,26.5,
08HB034,1,2007/03/02,23.6,
08HB034,1,2007/03/03,22.2,
08HB034,1,2007/03/04,21.8,
08HB034,1,2007/03/05,23.6,
08HB034,1,2007/03/06,31.5,
08HB034,1,2007/03/07,91.5,
08HB034,1,2007/03/08,126,
08HB034,1,2007/03/09,148,
08HB034,1,2007/03/10,142,
08HB034,1,2007/03/11,311,
08HB034,1,2007/03/12,514,
08HB034,1,2007/03/13,236,
08HB034,1,2007/03/14,125,
08HB034,1,2007/03/15,82.3,
08HB034,1,2007/03/16,65.1,
08HB034,1,2007/03/17,65.3,
08HB034,1,2007/03/18,78.0,
08HB034,1,2007/03/19,103,
08HB034,1,2007/03/20,145,
08HB034,1,2007/03/21,115,
08HB034,1,2007/03/22,81.9,
08HB034,1,2007/03/23,86.4,
08HB034,1,2007/03/24,156,
08HB034,1,2007/03/25,167,
08HB034,1,2007/03/26,114,
08HB034,1,2007/03/27,76.1,
08HB034,1,2007/03/28,52.5,
08HB034,1,2007/03/29,37.5,
08HB034,1,2007/03/30,31.9,
08HB034,1,2007/03/31,28.4,
08HB034,1,2007/04/01,25.6,
08HB034,1,2007/04/02,23.1,
08HB034,1,2007/04/03,21.0,
08HB034,1,2007/04/04,19.3,
08HB034,1,2007/04/05,18.1,
08HB034,1,2007/04/06,17.5,
08HB034,1,2007/04/07,21.3,
08HB034,1,2007/04/08,34.9,
08HB034,1,2007/04/09,57.3,
08HB034,1,2007/04/10,58.4,
08HB034,1,2007/04/11,43.6,
08HB034,1,2007/04/12,34.0,
08HB034,1,2007/04/13,31.3,
08HB034,1,2007/04/14,75.3,
08HB034,1,2007/04/15,82.2,
08HB034,1,2007/04/16,65.4,
08HB034,1,2007/04/17,51.5,
08HB034,1,2007/04/18,42.2,
08HB034,1,2007/04/19,35.9,
08HB034,1,2007/04/20,29.8,
08HB034,1,2007/04/21,26.2,
08HB034,1,2007/04/22,23.6,
08HB034,1,2007/04/23,22.6,
08HB034,1,2007/04/24,23.5,
08HB034,1,2007/04/25,28.5,
08HB034,1,2007/04/26,36.1,
08HB034,1,2007/04/27,99.9,
08HB034,1,2007/04/28,143,
08HB034,1,2007/04/29,100,
08HB034,1,2007/04/30,66.4,
08HB034,1,2007/05/01,45.6,
08HB034,1,2007/05/02,35.2,
08HB034,1,2007/05/03,33.7,
08HB034,1,2007/05/04,31.8,
08HB034,1,2007/05/05,28.4,
08HB034,1,2007/05/06,25.2,
08HB034,1,2007/05/07,24.5,
08HB034,1,2007/05/08,31.2,
08HB034,1,2007/05/09,35.5,
08HB034,1,2007/05/10,33.0,
08HB034,1,2007/05/11,29.5,
08HB034,1,2007/05/12,27.1,
08HB034,1,2007/05/13,25.7,
08HB034,1,2007/05/14,24.4,
08HB034,1,2007/05/15,23.4,
08HB034,1,2007/05/16,25.8,
08HB034,1,2007/05/17,26.4,
08HB034,1,2007/05/18,24.3,
08HB034,1,2007/05/19,23.6,
08HB034,1,2007/05/20,36.0,
08HB034,1,2007/05/21,50.0,
08HB034,1,2007/05/22,48.0,
08HB034,1,2007/05/23,42.6,
08HB034,1,2007/05/24,36.6,
08HB034,1,2007/05/25,34.0,
08HB034,1,2007/05/26,33.6,
08HB034,1,2007/05/27,32.7,
08HB034,1,2007/05/28,29.0,
08HB034,1,2007/05/29,24.6,
08HB034,1,2007/05/30,23.6,
08HB034,1,2007/05/31,26.6,
08HB034,1,2007/06/01,29.7,
08HB034,1,2007/06/02,30.7,
08HB034,1,2007/06/03,31.0,
08HB034,1,2007/06/04,31.4,
08HB034,1,2007/06/05,28.7,
08HB034,1,2007/06/06,25.4,
08HB034,1,2007/06/07,21.5,
08HB034,1,2007/06/08,18.0,
08HB034,1,2007/06/09,16.2,
08HB034,1,2007/06/10,18.9,
08HB034,1,2007/06/11,22.7,
08HB034,1,2007/06/12,22.8,
08HB034,1,2007/06/13,19.5,
08HB034,1,2007/06/14,17.1,
08HB034,1,2007/06/15,15.6,
08HB034,1,2007/06/16,15.0,
08HB034,1,2007/06/17,15.8,
08HB034,1,2007/06/18,15.3,
08HB034,1,2007/06/19,14.2,
08HB034,1,2007/06/20,13.6,
08HB034,1,2007/06/21,13.3,
08HB034,1,2007/06/22,13.0,
08HB034,1,2007/06/23,12.7,
08HB034,1,2007/06/24,12.8,
08HB034,1,2007/06/25,12.8,
08HB034,1,2007/06/26,12.3,
08HB034,1,2007/06/27,10.9,
08HB034,1,2007/06/28,11.0,
08HB034,1,2007/06/29,14.6,
08HB034,1,2007/06/30,16.5,
08HB034,1,2007/07/01,15.9,
08HB034,1,2007/07/02,13.8,
08HB034,1,2007/07/03,12.7,
08HB034,1,2007/07/04,12.0,
08HB034,1,2007/07/05,11.0,
08HB034,1,2007/07/06,11.2,
08HB034,1,2007/07/07,10.1,
08HB034,1,2007/07/08,9.72,
08HB034,1,2007/07/09,9.01,
08HB034,1,2007/07/10,8.52,
08HB034,1,2007/07/11,8.31,
08HB034,1,2007/07/12,8.15,
08HB034,1,2007/07/13,8.13,
08HB034,1,2007/07/14,7.94,
08HB034,1,2007/07/15,7.61,
08HB034,1,2007/07/16,6.87,
08HB034,1,2007/07/17,6.53,
08HB034,1,2007/07/18,6.34,
08HB034,1,2007/07/19,6.20,
08HB034,1,2007/07/20,6.59,
08HB034,1,2007/07/21,8.57,
08HB034,1,2007/07/22,32.3,
08HB034,1,2007/07/23,40.4,
08HB034,1,2007/07/24,32.3,
08HB034,1,2007/07/25,21.8,
08HB034,1,2007/07/26,15.7,
08HB034,1,2007/07/27,12.5,
08HB034,1,2007/07/28,10.4,
08HB034,1,2007/07/29,9.09,
08HB034,1,2007/07/30,7.78,
08HB034,1,2007/07/31,7.09,
08HB034,1,2007/08/01,6.75,
08HB034,1,2007/08/02,6.60,
08HB034,1,2007/08/03,6.36,
08HB034,1,2007/08/04,6.31,
08HB034,1,2007/08/05,6.10,
08HB034,1,2007/08/06,5.77,
08HB034,1,2007/08/07,5.35,
08HB034,1,2007/08/08,5.21,
08HB034,1,2007/08/09,5.05,
08HB034,1,2007/08/10,5.51,
08HB034,1,2007/08/11,5.62,
08HB034,1,2007/08/12,5.75,
08HB034,1,2007/08/13,5.74,
08HB034,1,2007/08/14,5.75,
08HB034,1,2007/08/15,5.76,
08HB034,1,2007/08/16,5.73,
08HB034,1,2007/08/17,5.77,
08HB034,1,2007/08/18,5.90,
08HB034,1,2007/08/19,5.97,
08HB034,1,2007/08/20,5.96,
08HB034,1,2007/08/21,5.93,
08HB034,1,2007/08/22,5.90,
08HB034,1,2007/08/23,5.88,
08HB034,1,2007/08/24,5.96,
08HB034,1,2007/08/25,5.99,
08HB034,1,2007/08/26,6.00,
08HB034,1,2007/08/27,5.98,
08HB034,1,2007/08/28,5.96,
08HB034,1,2007/08/29,5.87,
08HB034,1,2007/08/30,5.76,
08HB034,1,2007/08/31,5.73,
08HB034,1,2007/09/01,5.73,
08HB034,1,2007/09/02,5.73,
08HB034,1,2007/09/03,5.79,
08HB034,1,2007/09/04,6.34,
08HB034,1,2007/09/05,6.56,
08HB034,1,2007/09/06,6.46,
08HB034,1,2007/09/07,6.21,
08HB034,1,2007/09/08,6.00,
08HB034,1,2007/09/09,5.94,
08HB034,1,2007/09/10,5.99,
08HB034,1,2007/09/11,6.27,
08HB034,1,2007/09/12,6.63,
08HB034,1,2007/09/13,6.67,
08HB034,1,2007/09/14,6.65,
08HB034,1,2007/09/15,6.64,
08HB034,1,2007/09/16,6.43,
08HB034,1,2007/09/17,5.72,
08HB034,1,2007/09/18,5.50,
08HB034,1,2007/09/19,5.46,
08HB034,1,2007/09/20,5.44,
08HB034,1,2007/09/21,5.43,
08HB034,1,2007/09/22,5.41,
08HB034,1,2007/09/23,5.40,
08HB034,1,2007/09/24,5.38,
08HB034,1,2007/09/25,5.42,
08HB034,1,2007/09/26,6.09,
08HB034,1,2007/09/27,8.81,
08HB034,1,2007/09/28,8.38,
08HB034,1,2007/09/29,6.76,
08HB034,1,2007/09/30,24.9,
08HB034,1,2007/10/01,39.4,
08HB034,1,2007/10/02,44.1,
08HB034,1,2007/10/03,48.5,
08HB034,1,2007/10/04,41.2,
08HB034,1,2007/10/05,31.1,
08HB034,1,2007/10/06,21.2,
08HB034,1,2007/10/07,64.6,
08HB034,1,2007/10/08,104,
08HB034,1,2007/10/09,68.4,
08HB034,1,2007/10/10,64.9,
08HB034,1,2007/10/11,60.5,
08HB034,1,2007/10/12,49.3,
08HB034,1,2007/10/13,37.8,
08HB034,1,2007/10/14,30.3,
08HB034,1,2007/10/15,25.3,
08HB034,1,2007/10/16,23.5,
08HB034,1,2007/10/17,23.6,
08HB034,1,2007/10/18,34.1,
08HB034,1,2007/10/19,69.4,
08HB034,1,2007/10/20,108,
08HB034,1,2007/10/21,94.5,
08HB034,1,2007/10/22,106,
08HB034,1,2007/10/23,108,
08HB034,1,2007/10/24,83.2,
08HB034,1,2007/10/25,59.5,
08HB034,1,2007/10/26,43.5,
08HB034,1,2007/10/27,34.6,
08HB034,1,2007/10/28,29.5,
08HB034,1,2007/10/29,26.9,
08HB034,1,2007/10/30,24.6,
08HB034,1,2007/10/31,20.3,
08HB034,1,2007/11/01,18.8,
08HB034,1,2007/11/02,16.8,
08HB034,1,2007/11/03,13.7,
08HB034,1,2007/11/04,14.2,
08HB034,1,2007/11/05,14.4,
08HB034,1,2007/11/06,13.2,
08HB034,1,2007/11/07,12.7,
08HB034,1,2007/11/08,13.8,
08HB034,1,2007/11/09,28.1,
08HB034,1,2007/11/10,85.0,
08HB034,1,2007/11/11,96.9,
08HB034,1,2007/11/12,297,
08HB034,1,2007/11/13,259,
08HB034,1,2007/11/14,134,
08HB034,1,2007/11/15,124,
08HB034,1,2007/11/16,229,
08HB034,1,2007/11/17,162,
08HB034,1,2007/11/18,105,
08HB034,1,2007/11/19,75.5,
08HB034,1,2007/11/20,56.8,
08HB034,1,2007/11/21,39.8,
08HB034,1,2007/11/22,30.4,
08HB034,1,2007/11/23,24.2,
08HB034,1,2007/11/24,22.6,
08HB034,1,2007/11/25,20.2,
08HB034,1,2007/11/26,18.6,
08HB034,1,2007/11/27,17.6,
08HB034,1,2007/11/28,16.8,
08HB034,1,2007/11/29,17.6,
08HB034,1,2007/11/30,16.6,
08HB034,1,2007/12/01,15.8,
08HB034,1,2007/12/02,15.8,
08HB034,1,2007/12/03,278,
08HB034,1,2007/12/04,788,
08HB034,1,2007/12/05,434,
08HB034,1,2007/12/06,187,
08HB034,1,2007/12/07,100,
08HB034,1,2007/12/08,63.5,
08HB034,1,2007/12/09,44.5,
08HB034,1,2007/12/10,35.0,
08HB034,1,2007/12/11,29.4,
08HB034,1,2007/12/12,25.7,
08HB034,1,2007/12/13,22.9,
08HB034,1,2007/12/14,21.8,
08HB034,1,2007/12/15,29.4,
08HB034,1,2007/12/16,42.9,
08HB034,1,2007/12/17,62.9,A
08HB034,1,2007/12/18,55.9,
08HB034,1,2007/12/19,49.9,
08HB034,1,2007/12/20,51.9,
08HB034,1,2007/12/21,41.8,
08HB034,1,2007/12/22,38.8,
08HB034,1,2007/12/23,38.5,
08HB034,1,2007/12/24,40.7,
08HB034,1,2007/12/25,36.2,
08HB034,1,2007/12/26,32.1,
08HB034,1,2007/12/27,28.2,
08HB034,1,2007/12/28,25.5,
08HB034,1,2007/12/29,23.3,
08HB034,1,2007/12/30,21.5,
08HB034,1,2007/12/31,19.4,
08HB034,1,2008/01/01,18.2,
08HB034,1,2008/01/02,20.4,
08HB034,1,2008/01/03,29.5,
08HB034,1,2008/01/04,79.3,
08HB034,1,2008/01/05,147,
08HB034,1,2008/01/06,131,
08HB034,1,2008/01/07,84.6,
08HB034,1,2008/01/08,57.6,
08HB034,1,2008/01/09,43.2,
08HB034,1,2008/01/10,39.6,
08HB034,1,2008/01/11,62.7,
08HB034,1,2008/01/12,78.8,
08HB034,1,2008/01/13,84.1,
08HB034,1,2008/01/14,86.5,
08HB034,1,2008/01/15,91.4,
08HB034,1,2008/01/16,71.3,
08HB034,1,2008/01/17,51.8,
08HB034,1,2008/01/18,39.5,
08HB034,1,2008/01/19,33.0,
08HB034,1,2008/01/20,28.7,
08HB034,1,2008/01/21,25.3,
08HB034,1,2008/01/22,22.6,
08HB034,1,2008/01/23,20.6,
08HB034,1,2008/01/24,19.0,
08HB034,1,2008/01/25,17.6,
08HB034,1,2008/01/26,16.8,
08HB034,1,2008/01/27,16.0,
08HB034,1,2008/01/28,15.1,
08HB034,1,2008/01/29,14.7,
08HB034,1,2008/01/30,14.0,
08HB034,1,2008/01/31,13.8,
08HB034,1,2008/02/01,12.2,
08HB034,1,2008/02/02,11.6,
08HB034,1,2008/02/03,10.9,
08HB034,1,2008/02/04,10.2,
08HB034,1,2008/02/05,11.8,
08HB034,1,2008/02/06,15.0,
08HB034,1,2008/02/07,16.4,
08HB034,1,2008/02/08,18.3,
08HB034,1,2008/02/09,19.7,
08HB034,1,2008/02/10,24.5,
08HB034,1,2008/02/11,33.7,
08HB034,1,2008/02/12,37.1,
08HB034,1,2008/02/13,40.9,
08HB034,1,2008/02/14,39.1,
08HB034,1,2008/02/15,34.0,
08HB034,1,2008/02/16,29.9,
08HB034,1,2008/02/17,26.7,
08HB034,1,2008/02/18,24.3,
08HB034,1,2008/02/19,22.6,
08HB034,1,2008/02/20,21.5,
08HB034,1,2008/02/21,21.6,
08HB034,1,2008/02/22,21.8,
08HB034,1,2008/02/23,22.5,
08HB034,1,2008/02/24,22.8,
08HB034,1,2008/02/25,22.6,B
08HB034,1,2008/02/26,22.3,B
08HB034,1,2008/02/27,23.1,B
08HB034,1,2008/02/28,25.1,B
08HB034,1,2008/02/29,29.4,B
08HB034,1,2008/03/01,43.7,
08HB034,1,2008/03/02,45.2,
08HB034,1,2008/03/03,39.8,
08HB034,1,2008/03/04,34.7,
08HB034,1,2008/03/05,30.2,
08HB034,1,2008/03/06,27.0,
08HB034,1,2008/03/07,24.7,
08HB034,1,2008/03/08,25.0,
08HB034,1,2008/03/09,26.1,
08HB034,1,2008/03/10,35.0,
08HB034,1,2008/03/11,118,
08HB034,1,2008/03/12,120,
08HB034,1,2008/03/13,79.7,
08HB034,1,2008/03/14,53.9,
08HB034,1,2008/03/15,40.7,
08HB034,1,2008/03/16,34.1,
08HB034,1,2008/03/17,30.1,
08HB034,1,2008/03/18,27.3,
08HB034,1,2008/03/19,25.8,
08HB034,1,2008/03/20,24.9,
08HB034,1,2008/03/21,23.9,
08HB034,1,2008/03/22,22.3,
08HB034,1,2008/03/23,22.1,
08HB034,1,2008/03/24,22.5,
08HB034,1,2008/03/25,21.7,
08HB034,1,2008/03/26,21.6,
08HB034,1,2008/03/27,20.6,
08HB034,1,2008/03/28,20.2,
08HB034,1,2008/03/29,19.2,
08HB034,1,2008/03/30,19.0,
08HB034,1,2008/03/31,18.1,
08HB034,1,2008/04/01,16.7,
08HB034,1,2008/04/02,15.8,
08HB034,1,2008/04/03,15.1,
08HB034,1,2008/04/04,14.9,
08HB034,1,2008/04/05,15.0,
08HB034,1,2008/04/06,16.1,
08HB034,1,2008/04/07,17.6,
08HB034,1,2008/04/08,19.3,
08HB034,1,2008/04/09,20.3,
08HB034,1,2008/04/10,20.1,
08HB034,1,2008/04/11,19.4,
08HB034,1,2008/04/12,19.4,
08HB034,1,2008/04/13,25.9,
08HB034,1,2008/04/14,31.6,
08HB034,1,2008/04/15,30.1,
08HB034,1,2008/04/16,27.3,
08HB034,1,2008/04/17,25.1,
08HB034,1,2008/04/18,24.8,
08HB034,1,2008/04/19,25.5,
08HB034,1,2008/04/20,23.4,
08HB034,1,2008/04/21,21.7,
08HB034,1,2008/04/22,19.9,
08HB034,1,2008/04/23,18.6,
08HB034,1,2008/04/24,17.6,
08HB034,1,2008/04/25,16.5,
08HB034,1,2008/04/26,15.9,
08HB034,1,2008/04/27,16.5,
08HB034,1,2008/04/28,26.2,
08HB034,1,2008/04/29,48.0,
08HB034,1,2008/04/30,49.3,
08HB034,1,2008/05/01,39.6,
08HB034,1,2008/05/02,32.9,
08HB034,1,2008/05/03,32.5,
08HB034,1,2008/05/04,37.6,
08HB034,1,2008/05/05,47.8,
08HB034,1,2008/05/06,59.3,
08HB034,1,2008/05/07,61.7,
08HB034,1,2008/05/08,55.6,
08HB034,1,2008/05/09,47.7,
08HB034,1,2008/05/10,41.6,
08HB034,1,2008/05/11,41.7,
08HB034,1,2008/05/12,41.5,
08HB034,1,2008/05/13,38.9,
08HB034,1,2008/05/14,42.0,
08HB034,1,2008/05/15,64.8,
08HB034,1,2008/05/16,86.6,
08HB034,1,2008/05/17,111,
08HB034,1,2008/05/18,129,
08HB034,1,2008/05/19,125,
08HB034,1,2008/05/20,106,
08HB034,1,2008/05/21,78.3,
08HB034,1,2008/05/22,57.4,
08HB034,1,2008/05/23,45.7,
08HB034,1,2008/05/24,45.3,
08HB034,1,2008/05/25,53.2,
08HB034,1,2008/05/26,66.1,
08HB034,1,2008/05/27,72.4,
08HB034,1,2008/05/28,61.6,
08HB034,1,2008/05/29,52.6,
08HB034,1,2008/05/30,41.1,
08HB034,1,2008/05/31,33.8,
08HB034,1,2008/06/01,31.2,
08HB034,1,2008/06/02,30.1,
08HB034,1,2008/06/03,29.6,
08HB034,1,2008/06/04,32.4,
08HB034,1,2008/06/05,31.3,
08HB034,1,2008/06/06,32.3,
08HB034,1,2008/06/07,31.6,
08HB034,1,2008/06/08,29.3,
08HB034,1,2008/06/09,27.5,
08HB034,1,2008/06/10,33.0,
08HB034,1,2008/06/11,32.8,
08HB034,1,2008/06/12,30.2,
08HB034,1,2008/06/13,29.0,
08HB034,1,2008/06/14,27.5,
08HB034,1,2008/06/15,24.9,
08HB034,1,2008/06/16,22.9,
08HB034,1,2008/06/17,22.5,
08HB034,1,2008/06/18,21.3,
08HB034,1,2008/06/19,19.7,
08HB034,1,2008/06/20,18.1,
08HB034,1,2008/06/21,18.0,
08HB034,1,2008/06/22,18.8,
08HB034,1,2008/06/23,18.5,
08HB034,1,2008/06/24,17.4,
08HB034,1,2008/06/25,16.3,
08HB034,1,2008/06/26,15.9,
08HB034,1,2008/06/27,15.5,
08HB034,1,2008/06/28,15.5,
08HB034,1,2008/06/29,17.0,
08HB034,1,2008/06/30,19.0,
08HB034,1,2008/07/01,20.2,
08HB034,1,2008/07/02,19.6,
08HB034,1,2008/07/03,18.2,
08HB034,1,2008/07/04,16.5,
08HB034,1,2008/07/05,14.9,
08HB034,1,2008/07/06,14.5,
08HB034,1,2008/07/07,13.2,
08HB034,1,2008/07/08,11.0,
08HB034,1,2008/07/09,9.26,
08HB034,1,2008/07/10,8.12,
08HB034,1,2008/07/11,7.29,
08HB034,1,2008/07/12,6.65,
08HB034,1,2008/07/13,6.15,
08HB034,1,2008/07/14,5.97,
08HB034,1,2008/07/15,5.74,
08HB034,1,2008/07/16,5.44,
08HB034,1,2008/07/17,5.28,
08HB034,1,2008/07/18,5.20,
08HB034,1,2008/07/19,4.65,
08HB034,1,2008/07/20,4.67,
08HB034,1,2008/07/21,4.90,
08HB034,1,2008/07/22,4.85,
08HB034,1,2008/07/23,4.90,
08HB034,1,2008/07/24,5.47,
08HB034,1,2008/07/25,5.92,
08HB034,1,2008/07/26,6.06,
08HB034,1,2008/07/27,6.08,
08HB034,1,2008/07/28,6.08,
08HB034,1,2008/07/29,6.07,
08HB034,1,2008/07/30,6.28,
08HB034,1,2008/07/31,6.15,
08HB034,1,2008/08/01,6.21,
08HB034,1,2008/08/02,6.59,
08HB034,1,2008/08/03,6.25,
08HB034,1,2008/08/04,6.07,
08HB034,1,2008/08/05,5.81,
08HB034,1,2008/08/06,5.11,
08HB034,1,2008/08/07,4.95,
08HB034,1,2008/08/08,5.32,
08HB034,1,2008/08/09,5.78,
08HB034,1,2008/08/10,5.97,
08HB034,1,2008/08/11,5.81,
08HB034,1,2008/08/12,5.69,
08HB034,1,2008/08/13,5.51,
08HB034,1,2008/08/14,5.31,
08HB034,1,2008/08/15,4.99,
08HB034,1,2008/08/16,4.66,
08HB034,1,2008/08/17,4.41,
08HB034,1,2008/08/18,4.05,
08HB034,1,2008/08/19,4.08,
08HB034,1,2008/08/20,4.36,
08HB034,1,2008/08/21,5.73,
08HB034,1,2008/08/22,7.50,
08HB034,1,2008/08/23,8.02,
08HB034,1,2008/08/24,8.26,
08HB034,1,2008/08/25,10.5,
08HB034,1,2008/08/26,10.2,
08HB034,1,2008/08/27,11.4,
08HB034,1,2008/08/28,12.8,
08HB034,1,2008/08/29,14.1,
08HB034,1,2008/08/30,14.6,
08HB034,1,2008/08/31,14.1,
08HB034,1,2008/09/01,12.4,
08HB034,1,2008/09/02,10.9,
08HB034,1,2008/09/03,9.76,
08HB034,1,2008/09/04,8.67,
08HB034,1,2008/09/05,8.01,
08HB034,1,2008/09/06,7.61,
08HB034,1,2008/09/07,7.19,
08HB034,1,2008/09/08,6.85,
08HB034,1,2008/09/09,6.62,
08HB034,1,2008/09/10,6.35,
08HB034,1,2008/09/11,6.20,
08HB034,1,2008/09/12,6.12,
08HB034,1,2008/09/13,6.08,
08HB034,1,2008/09/14,6.09,
08HB034,1,2008/09/15,6.05,
08HB034,1,2008/09/16,5.82,
08HB034,1,2008/09/17,5.76,
08HB034,1,2008/09/18,5.71,
08HB034,1,2008/09/19,5.64,
08HB034,1,2008/09/20,5.73,
08HB034,1,2008/09/21,6.00,
08HB034,1,2008/09/22,6.05,
08HB034,1,2008/09/23,5.93,
08HB034,1,2008/09/24,5.87,
08HB034,1,2008/09/25,6.09,
08HB034,1,2008/09/26,7.43,
08HB034,1,2008/09/27,7.20,
08HB034,1,2008/09/28,6.78,
08HB034,1,2008/09/29,6.67,
08HB034,1,2008/09/30,6.48,
08HB034,1,2008/10/01,6.53,
08HB034,1,2008/10/02,8.80,
08HB034,1,2008/10/03,11.3,
08HB034,1,2008/10/04,16.8,
08HB034,1,2008/10/05,20.1,
08HB034,1,2008/10/06,18.8,
08HB034,1,2008/10/07,27.9,
08HB034,1,2008/10/08,33.8,
08HB034,1,2008/10/09,28.6,
08HB034,1,2008/10/10,23.2,
08HB034,1,2008/10/11,19.3,
08HB034,1,2008/10/12,16.7,
08HB034,1,2008/10/13,15.0,
08HB034,1,2008/10/14,13.9,
08HB034,1,2008/10/15,13.0,
08HB034,1,2008/10/16,10.7,
08HB034,1,2008/10/17,17.4,
08HB034,1,2008/10/18,29.9,
08HB034,1,2008/10/19,27.9,
08HB034,1,2008/10/20,23.8,
08HB034,1,2008/10/21,22.6,
08HB034,1,2008/10/22,20.5,
08HB034,1,2008/10/23,19.0,
08HB034,1,2008/10/24,17.1,
08HB034,1,2008/10/25,13.8,
08HB034,1,2008/10/26,12.5,
08HB034,1,2008/10/27,11.6,
08HB034,1,2008/10/28,10.9,
08HB034,1,2008/10/29,10.3,
08HB034,1,2008/10/30,10.4,
08HB034,1,2008/10/31,13.7,
08HB034,1,2008/11/01,22.2,
08HB034,1,2008/11/02,31.1,
08HB034,1,2008/11/03,45.6,
08HB034,1,2008/11/04,39.6,
08HB034,1,2008/11/05,30.4,
08HB034,1,2008/11/06,36.7,
08HB034,1,2008/11/07,70.3,
08HB034,1,2008/11/08,224,
08HB034,1,2008/11/09,198,
08HB034,1,2008/11/10,111,
08HB034,1,2008/11/11,82.3,
08HB034,1,2008/11/12,102,
08HB034,1,2008/11/13,102,
08HB034,1,2008/11/14,70.7,
08HB034,1,2008/11/15,49.6,
08HB034,1,2008/11/16,39.3,
08HB034,1,2008/11/17,33.7,
08HB034,1,2008/11/18,30.0,
08HB034,1,2008/11/19,26.2,
08HB034,1,2008/11/20,21.0,
08HB034,1,2008/11/21,21.0,
08HB034,1,2008/11/22,32.2,
08HB034,1,2008/11/23,32.7,
08HB034,1,2008/11/24,28.9,
08HB034,1,2008/11/25,25.2,
08HB034,1,2008/11/26,24.7,
08HB034,1,2008/11/27,24.2,
08HB034,1,2008/11/28,23.1,
08HB034,1,2008/11/29,26.2,
08HB034,1,2008/11/30,27.9,
08HB034,1,2008/12/01,27.1,
08HB034,1,2008/12/02,24.5,
08HB034,1,2008/12/03,21.9,
08HB034,1,2008/12/04,19.9,
08HB034,1,2008/12/05,18.1,
08HB034,1,2008/12/06,16.9,
08HB034,1,2008/12/07,16.3,
08HB034,1,2008/12/08,15.9,
08HB034,1,2008/12/09,15.5,
08HB034,1,2008/12/10,16.4,
08HB034,1,2008/12/11,17.6,
08HB034,1,2008/12/12,18.8,
08HB034,1,2008/12/13,19.1,
08HB034,1,2008/12/14,18.1,
08HB034,1,2008/12/15,16.1,
08HB034,1,2008/12/16,14.4,
08HB034,1,2008/12/17,14.0,
08HB034,1,2008/12/18,13.3,
08HB034,1,2008/12/19,12.2,
08HB034,1,2008/12/20,10.6,
08HB034,1,2008/12/21,11.5,
08HB034,1,2008/12/22,11.4,
08HB034,1,2008/12/23,10.5,
08HB034,1,2008/12/24,10.4,
08HB034,1,2008/12/25,10.1,
08HB034,1,2008/12/26,9.59,
08HB034,1,2008/12/27,9.78,
08HB034,1,2008/12/28,10.1,
08HB034,1,2008/12/29,12.3,
08HB034,1,2008/12/30,12.6,
08HB034,1,2008/12/31,13.5,
08HB034,1,2009/01/01,13.2,
08HB034,1,2009/01/02,12.4,
08HB034,1,2009/01/03,11.5,
08HB034,1,2009/01/04,11.3,
08HB034,1,2009/01/05,11.8,
08HB034,1,2009/01/06,12.1,
08HB034,1,2009/01/07,46.1,
08HB034,1,2009/01/08,117,
08HB034,1,2009/01/09,105,
08HB034,1,2009/01/10,79.7,
08HB034,1,2009/01/11,77.4,
08HB034,1,2009/01/12,69.0,
08HB034,1,2009/01/13,61.1,
08HB034,1,2009/01/14,53.8,
08HB034,1,2009/01/15,44.5,
08HB034,1,2009/01/16,34.4,
08HB034,1,2009/01/17,31.8,
08HB034,1,2009/01/18,31.6,
08HB034,1,2009/01/19,34.3,
08HB034,1,2009/01/20,35.4,
08HB034,1,2009/01/21,33.7,
08HB034,1,2009/01/22,30.5,
08HB034,1,2009/01/23,27.5,
08HB034,1,2009/01/24,25.0,
08HB034,1,2009/01/25,22.8,
08HB034,1,2009/01/26,20.6,
08HB034,1,2009/01/27,19.2,
08HB034,1,2009/01/28,18.0,
08HB034,1,2009/01/29,16.9,
08HB034,1,2009/01/30,16.2,
08HB034,1,2009/01/31,15.4,
08HB034,1,2009/02/01,15.1,
08HB034,1,2009/02/02,15.5,
08HB034,1,2009/02/03,16.7,
08HB034,1,2009/02/04,17.2,
08HB034,1,2009/02/05,17.8,
08HB034,1,2009/02/06,18.8,
08HB034,1,2009/02/07,19.5,
08HB034,1,2009/02/08,19.2,
08HB034,1,2009/02/09,18.5,
08HB034,1,2009/02/10,17.8,
08HB034,1,2009/02/11,17.2,
08HB034,1,2009/02/12,16.4,
08HB034,1,2009/02/13,15.6,
08HB034,1,2009/02/14,14.8,
08HB034,1,2009/02/15,14.1,
08HB034,1,2009/02/16,13.3,
08HB034,1,2009/02/17,12.7,
08HB034,1,2009/02/18,12.0,
08HB034,1,2009/02/19,11.5,
08HB034,1,2009/02/20,11.1,
08HB034,1,2009/02/21,11.1,
08HB034,1,2009/02/22,11.4,
08HB034,1,2009/02/23,19.2,
08HB034,1,2009/02/24,29.9,
08HB034,1,2009/02/25,42.7,
08HB034,1,2009/02/26,43.8,
08HB034,1,2009/02/27,35.6,
08HB034,1,2009/02/28,29.8,
08HB034,1,2009/03/01,34.4,
08HB034,1,2009/03/02,109,
08HB034,1,2009/03/03,131,
08HB034,1,2009/03/04,92.3,
08HB034,1,2009/03/05,59.7,
08HB034,1,2009/03/06,44.2,
08HB034,1,2009/03/07,36.1,
08HB034,1,2009/03/08,30.7,
08HB034,1,2009/03/09,27.1,
08HB034,1,2009/03/10,23.8,
08HB034,1,2009/03/11,21.3,
08HB034,1,2009/03/12,19.4,
08HB034,1,2009/03/13,18.0,
08HB034,1,2009/03/14,17.5,
08HB034,1,2009/03/15,17.7,
08HB034,1,2009/03/16,20.0,
08HB034,1,2009/03/17,20.0,
08HB034,1,2009/03/18,19.7,
08HB034,1,2009/03/19,25.7,
08HB034,1,2009/03/20,53.5,
08HB034,1,2009/03/21,83.1,
08HB034,1,2009/03/22,64.3,
08HB034,1,2009/03/23,45.6,
08HB034,1,2009/03/24,36.5,
08HB034,1,2009/03/25,32.1,
08HB034,1,2009/03/26,29.0,
08HB034,1,2009/03/27,26.7,
08HB034,1,2009/03/28,25.6,
08HB034,1,2009/03/29,24.2,
08HB034,1,2009/03/30,22.6,
08HB034,1,2009/03/31,22.3,
08HB034,1,2009/04/01,22.7,
08HB034,1,2009/04/02,23.4,
08HB034,1,2009/04/03,23.1,
08HB034,1,2009/04/04,21.9,
08HB034,1,2009/04/05,20.9,
08HB034,1,2009/04/06,20.7,
08HB034,1,2009/04/07,23.2,
08HB034,1,2009/04/08,27.2,
08HB034,1,2009/04/09,30.9,
08HB034,1,2009/04/10,32.9,
08HB034,1,2009/04/11,33.3,
08HB034,1,2009/04/12,45.5,
08HB034,1,2009/04/13,68.7,
08HB034,1,2009/04/14,60.1,
08HB034,1,2009/04/15,44.8,
08HB034,1,2009/04/16,36.4,
08HB034,1,2009/04/17,35.7,
08HB034,1,2009/04/18,41.0,
08HB034,1,2009/04/19,40.1,
08HB034,1,2009/04/20,40.5,
08HB034,1,2009/04/21,52.8,
08HB034,1,2009/04/22,61.5,
08HB034,1,2009/04/23,49.8,
08HB034,1,2009/04/24,35.9,
08HB034,1,2009/04/25,30.4,
08HB034,1,2009/04/26,27.0,
08HB034,1,2009/04/27,25.2,
08HB034,1,2009/04/28,24.3,
08HB034,1,2009/04/29,23.2,
08HB034,1,2009/04/30,22.2,
08HB034,1,2009/05/01,22.1,
08HB034,1,2009/05/02,24.2,
08HB034,1,2009/05/03,32.1,
08HB034,1,2009/05/04,35.6,
08HB034,1,2009/05/05,85.1,
08HB034,1,2009/05/06,110,
08HB034,1,2009/05/07,88.9,
08HB034,1,2009/05/08,72.4,
08HB034,1,2009/05/09,53.7,
08HB034,1,2009/05/10,42.2,
08HB034,1,2009/05/11,38.2,
08HB034,1,2009/05/12,37.5,
08HB034,1,2009/05/13,33.6,
08HB034,1,2009/05/14,30.9,
08HB034,1,2009/05/15,30.2,
08HB034,1,2009/05/16,30.1,
08HB034,1,2009/05/17,32.6,
08HB034,1,2009/05/18,36.4,
08HB034,1,2009/05/19,34.2,
08HB034,1,2009/05/20,29.2,
08HB034,1,2009/05/21,25.7,
08HB034,1,2009/05/22,23.4,
08HB034,1,2009/05/23,22.5,
08HB034,1,2009/05/24,22.8,
08HB034,1,2009/05/25,23.9,
08HB034,1,2009/05/26,25.8,
08HB034,1,2009/05/27,27.9,
08HB034,1,2009/05/28,24.5,
08HB034,1,2009/05/29,22.4,
08HB034,1,2009/05/30,22.0,
08HB034,1,2009/05/31,20.9,
08HB034,1,2009/06/01,20.0,
08HB034,1,2009/06/02,18.3,
08HB034,1,2009/06/03,17.7,
08HB034,1,2009/06/04,17.1,
08HB034,1,2009/06/05,16.2,
08HB034,1,2009/06/06,15.4,
08HB034,1,2009/06/07,14.1,
08HB034,1,2009/06/08,12.6,
08HB034,1,2009/06/09,11.2,
08HB034,1,2009/06/10,10.3,
08HB034,1,2009/06/11,9.10,
08HB034,1,2009/06/12,8.56,
08HB034,1,2009/06/13,8.33,
08HB034,1,2009/06/14,8.04,
08HB034,1,2009/06/15,7.51,
08HB034,1,2009/06/16,6.97,
08HB034,1,2009/06/17,6.60,
08HB034,1,2009/06/18,6.22,
08HB034,1,2009/06/19,5.92,
08HB034,1,2009/06/20,5.71,
08HB034,1,2009/06/21,5.45,
08HB034,1,2009/06/22,5.30,
08HB034,1,2009/06/23,4.95,
08HB034,1,2009/06/24,4.82,
08HB034,1,2009/06/25,6.19,
08HB034,1,2009/06/26,6.80,
08HB034,1,2009/06/27,6.68,
08HB034,1,2009/06/28,6.57,
08HB034,1,2009/06/29,6.14,
08HB034,1,2009/06/30,5.75,
08HB034,1,2009/07/01,5.25,
08HB034,1,2009/07/02,4.95,
08HB034,1,2009/07/03,4.74,
08HB034,1,2009/07/04,4.71,
08HB034,1,2009/07/05,4.46,
08HB034,1,2009/07/06,4.32,
08HB034,1,2009/07/07,4.20,
08HB034,1,2009/07/08,4.09,
08HB034,1,2009/07/09,4.06,
08HB034,1,2009/07/10,4.25,
08HB034,1,2009/07/11,4.67,
08HB034,1,2009/07/12,4.95,
08HB034,1,2009/07/13,4.91,
08HB034,1,2009/07/14,5.08,
08HB034,1,2009/07/15,5.23,
08HB034,1,2009/07/16,5.05,
08HB034,1,2009/07/17,4.88,
08HB034,1,2009/07/18,4.85,
08HB034,1,2009/07/19,4.91,
08HB034,1,2009/07/20,4.78,
08HB034,1,2009/07/21,4.72,
08HB034,1,2009/07/22,4.85,
08HB034,1,2009/07/23,4.95,
08HB034,1,2009/07/24,5.00,
08HB034,1,2009/07/25,5.05,
08HB034,1,2009/07/26,4.87,
08HB034,1,2009/07/27,4.73,
08HB034,1,2009/07/28,4.66,
08HB034,1,2009/07/29,4.62,
08HB034,1,2009/07/30,4.56,
08HB034,1,2009/07/31,4.63,
08HB034,1,2009/08/01,4.87,
08HB034,1,2009/08/02,4.76,
08HB034,1,2009/08/03,4.50,
08HB034,1,2009/08/04,4.25,
08HB034,1,2009/08/05,4.13,
08HB034,1,2009/08/06,4.25,
08HB034,1,2009/08/07,4.34,
08HB034,1,2009/08/08,4.39,
08HB034,1,2009/08/09,4.47,
08HB034,1,2009/08/10,4.05,
08HB034,1,2009/08/11,3.94,
08HB034,1,2009/08/12,4.34,
08HB034,1,2009/08/13,4.81,
08HB034,1,2009/08/14,4.90,
08HB034,1,2009/08/15,5.00,
08HB034,1,2009/08/16,4.63,
08HB034,1,2009/08/17,4.52,
08HB034,1,2009/08/18,4.65,
08HB034,1,2009/08/19,4.47,
08HB034,1,2009/08/20,4.32,
08HB034,1,2009/08/21,4.24,
08HB034,1,2009/08/22,4.09,
08HB034,1,2009/08/23,3.99,
08HB034,1,2009/08/24,3.93,
08HB034,1,2009/08/25,3.85,
08HB034,1,2009/08/26,3.67,
08HB034,1,2009/08/27,3.59,
08HB034,1,2009/08/28,3.63,
08HB034,1,2009/08/29,3.76,
08HB034,1,2009/08/30,4.34,
08HB034,1,2009/08/31,4.84,
08HB034,1,2009/09/01,5.24,
08HB034,1,2009/09/02,5.56,
08HB034,1,2009/09/03,5.38,
08HB034,1,2009/09/04,6.01,
08HB034,1,2009/09/05,5.80,
08HB034,1,2009/09/06,4.90,
08HB034,1,2009/09/07,4.80,
08HB034,1,2009/09/08,4.93,
08HB034,1,2009/09/09,6.29,
08HB034,1,2009/09/10,7.83,
08HB034,1,2009/09/11,6.94,
08HB034,1,2009/09/12,6.48,
08HB034,1,2009/09/13,6.09,
08HB034,1,2009/09/14,6.02,
08HB034,1,2009/09/15,5.67,
08HB034,1,2009/09/16,5.80,
08HB034,1,2009/09/17,5.61,
08HB034,1,2009/09/18,5.70,
08HB034,1,2009/09/19,6.05,
08HB034,1,2009/09/20,6.03,
08HB034,1,2009/09/21,6.01,
08HB034,1,2009/09/22,5.97,
08HB034,1,2009/09/23,5.83,
08HB034,1,2009/09/24,5.80,
08HB034,1,2009/09/25,5.26,
08HB034,1,2009/09/26,4.60,
08HB034,1,2009/09/27,4.30,
08HB034,1,2009/09/28,4.18,
08HB034,1,2009/09/29,4.18,
08HB034,1,2009/09/30,4.22,
08HB034,1,2009/10/01,4.29,
08HB034,1,2009/10/02,4.39,
08HB034,1,2009/10/03,4.48,
08HB034,1,2009/10/04,4.51,
08HB034,1,2009/10/05,4.50,
08HB034,1,2009/10/06,4.51,
08HB034,1,2009/10/07,5.89,
08HB034,1,2009/10/08,12.0,
08HB034,1,2009/10/09,10.6,
08HB034,1,2009/10/10,5.59,
08HB034,1,2009/10/11,4.62,
08HB034,1,2009/10/12,4.33,
08HB034,1,2009/10/13,4.21,
08HB034,1,2009/10/14,4.38,
08HB034,1,2009/10/15,5.52,
08HB034,1,2009/10/16,18.4,
08HB034,1,2009/10/17,37.5,
08HB034,1,2009/10/18,54.2,
08HB034,1,2009/10/19,38.1,
08HB034,1,2009/10/20,26.1,
08HB034,1,2009/10/21,21.3,
08HB034,1,2009/10/22,18.6,
08HB034,1,2009/10/23,19.2,
08HB034,1,2009/10/24,22.0,
08HB034,1,2009/10/25,21.0,
08HB034,1,2009/10/26,27.5,
08HB034,1,2009/10/27,32.2,
08HB034,1,2009/10/28,28.1,
08HB034,1,2009/10/29,25.1,
08HB034,1,2009/10/30,29.8,
08HB034,1,2009/10/31,131,
08HB034,1,2009/11/01,99.5,
08HB034,1,2009/11/02,55.5,
08HB034,1,2009/11/03,36.5,
08HB034,1,2009/11/04,30.4,
08HB034,1,2009/11/05,52.5,
08HB034,1,2009/11/06,163,
08HB034,1,2009/11/07,159,
08HB034,1,2009/11/08,111,
08HB034,1,2009/11/09,161,
08HB034,1,2009/11/10,171,
08HB034,1,2009/11/11,114,
08HB034,1,2009/11/12,78.3,
08HB034,1,2009/11/13,59.4,
08HB034,1,2009/11/14,45.7,
08HB034,1,2009/11/15,77.1,
08HB034,1,2009/11/16,577,
08HB034,1,2009/11/17,467,
08HB034,1,2009/11/18,228,
08HB034,1,2009/11/19,240,
08HB034,1,2009/11/20,443,
08HB034,1,2009/11/21,274,
08HB034,1,2009/11/22,171,
08HB034,1,2009/11/23,122,
08HB034,1,2009/11/24,113,
08HB034,1,2009/11/25,243,
08HB034,1,2009/11/26,372,
08HB034,1,2009/11/27,192,
08HB034,1,2009/11/28,111,
08HB034,1,2009/11/29,102,
08HB034,1,2009/11/30,146,
08HB034,1,2009/12/01,140,
08HB034,1,2009/12/02,88.7,
08HB034,1,2009/12/03,58.0,
08HB034,1,2009/12/04,41.5,
08HB034,1,2009/12/05,32.6,
08HB034,1,2009/12/06,27.3,
08HB034,1,2009/12/07,23.8,
08HB034,1,2009/12/08,20.1,
08HB034,1,2009/12/09,17.7,
08HB034,1,2009/12/10,16.4,
08HB034,1,2009/12/11,15.4,
08HB034,1,2009/12/12,14.4,
08HB034,1,2009/12/13,13.5,
08HB034,1,2009/12/14,12.8,
08HB034,1,2009/12/15,13.1,
08HB034,1,2009/12/16,38.1,
08HB034,1,2009/12/17,125,
08HB034,1,2009/12/18,144,
08HB034,1,2009/12/19,126,
08HB034,1,2009/12/20,120,
08HB034,1,2009/12/21,196,
08HB034,1,2009/12/22,156,
08HB034,1,2009/12/23,92.4,
08HB034,1,2009/12/24,55.7,
08HB034,1,2009/12/25,42.4,
08HB034,1,2009/12/26,34.2,
08HB034,1,2009/12/27,28.4,
08HB034,1,2009/12/28,24.6,
08HB034,1,2009/12/29,22.1,
08HB034,1,2009/12/30,20.2,
08HB034,1,2009/12/31,19.1,
08HB034,1,2010/01/01,30.7,
08HB034,1,2010/01/02,72.0,
08HB034,1,2010/01/03,76.3,
08HB034,1,2010/01/04,72.2,
08HB034,1,2010/01/05,71.2,
08HB034,1,2010/01/06,59.4,
08HB034,1,2010/01/07,48.4,
08HB034,1,2010/01/08,44.9,
08HB034,1,2010/01/09,112,
08HB034,1,2010/01/10,176,
08HB034,1,2010/01/11,487,
08HB034,1,2010/01/12,557,
08HB034,1,2010/01/13,275,
08HB034,1,2010/01/14,195,
08HB034,1,2010/01/15,502,
08HB034,1,2010/01/16,331,
08HB034,1,2010/01/17,163,
08HB034,1,2010/01/18,169,
08HB034,1,2010/01/19,172,
08HB034,1,2010/01/20,116,
08HB034,1,2010/01/21,79.3,
08HB034,1,2010/01/22,56.8,
08HB034,1,2010/01/23,44.7,
08HB034,1,2010/01/24,37.4,
08HB034,1,2010/01/25,53.6,
08HB034,1,2010/01/26,88.6,
08HB034,1,2010/01/27,76.3,
08HB034,1,2010/01/28,56.6,
08HB034,1,2010/01/29,44.8,
08HB034,1,2010/01/30,38.4,
08HB034,1,2010/01/31,34.6,
08HB034,1,2010/02/01,31.8,
08HB034,1,2010/02/02,31.9,
08HB034,1,2010/02/03,31.0,
08HB034,1,2010/02/04,29.6,
08HB034,1,2010/02/05,32.0,
08HB034,1,2010/02/06,36.5,
08HB034,1,2010/02/07,36.1,
08HB034,1,2010/02/08,33.0,
08HB034,1,2010/02/09,29.2,
08HB034,1,2010/02/10,26.0,
08HB034,1,2010/02/11,28.0,
08HB034,1,2010/02/12,77.8,
08HB034,1,2010/02/13,134,
08HB034,1,2010/02/14,238,
08HB034,1,2010/02/15,167,
08HB034,1,2010/02/16,119,
08HB034,1,2010/02/17,95.4,
08HB034,1,2010/02/18,69.0,
08HB034,1,2010/02/19,50.8,
08HB034,1,2010/02/20,40.4,
08HB034,1,2010/02/21,33.1,
08HB034,1,2010/02/22,27.9,
08HB034,1,2010/02/23,25.0,
08HB034,1,2010/02/24,24.0,
08HB034,1,2010/02/25,28.7,
08HB034,1,2010/02/26,51.2,
08HB034,1,2010/02/27,92.6,
08HB034,1,2010/02/28,91.3,
08HB034,1,2010/03/01,69.9,
08HB034,1,2010/03/02,53.9,
08HB034,1,2010/03/03,46.9,
08HB034,1,2010/03/04,38.4,
08HB034,1,2010/03/05,32.6,
08HB034,1,2010/03/06,27.8,
08HB034,1,2010/03/07,24.7,
08HB034,1,2010/03/08,22.5,
08HB034,1,2010/03/09,20.4,
08HB034,1,2010/03/10,19.3,
08HB034,1,2010/03/11,20.2,
08HB034,1,2010/03/12,21.4,
08HB034,1,2010/03/13,22.4,
08HB034,1,2010/03/14,23.0,
08HB034,1,2010/03/15,28.7,
08HB034,1,2010/03/16,38.4,
08HB034,1,2010/03/17,83.9,
08HB034,1,2010/03/18,77.9,
08HB034,1,2010/03/19,55.5,
08HB034,1,2010/03/20,42.9,
08HB034,1,2010/03/21,39.9,
08HB034,1,2010/03/22,49.9,
08HB034,1,2010/03/23,48.3,
08HB034,1,2010/03/24,40.8,
08HB034,1,2010/03/25,36.3,
08HB034,1,2010/03/26,36.1,
08HB034,1,2010/03/27,34.1,
08HB034,1,2010/03/28,37.8,
08HB034,1,2010/03/29,96.7,
08HB034,1,2010/03/30,116,
08HB034,1,2010/03/31,86.5,
08HB034,1,2010/04/01,60.5,
08HB034,1,2010/04/02,65.1,
08HB034,1,2010/04/03,100,
08HB034,1,2010/04/04,77.1,
08HB034,1,2010/04/05,59.2,
08HB034,1,2010/04/06,49.2,
08HB034,1,2010/04/07,43.5,
08HB034,1,2010/04/08,76.2,
08HB034,1,2010/04/09,77.5,
08HB034,1,2010/04/10,57.7,
08HB034,1,2010/04/11,44.5,
08HB034,1,2010/04/12,36.5,
08HB034,1,2010/04/13,31.7,
08HB034,1,2010/04/14,29.7,
08HB034,1,2010/04/15,30.4,
08HB034,1,2010/04/16,33.4,
08HB034,1,2010/04/17,41.7,
08HB034,1,2010/04/18,70.2,
08HB034,1,2010/04/19,75.6,
08HB034,1,2010/04/20,89.8,
08HB034,1,2010/04/21,85.3,
08HB034,1,2010/04/22,64.9,
08HB034,1,2010/04/23,49.6,
08HB034,1,2010/04/24,41.6,
08HB034,1,2010/04/25,38.2,
08HB034,1,2010/04/26,34.5,
08HB034,1,2010/04/27,46.3,
08HB034,1,2010/04/28,60.9,
08HB034,1,2010/04/29,52.9,
08HB034,1,2010/04/30,42.4,
08HB034,1,2010/05/01,35.5,
08HB034,1,2010/05/02,31.1,
08HB034,1,2010/05/03,43.5,
08HB034,1,2010/05/04,48.6,
08HB034,1,2010/05/05,42.6,
08HB034,1,2010/05/06,35.2,
08HB034,1,2010/05/07,29.8,
08HB034,1,2010/05/08,26.2,
08HB034,1,2010/05/09,24.4,
08HB034,1,2010/05/10,22.8,A
08HB034,1,2010/05/11,21.7,
08HB034,1,2010/05/12,22.2,
08HB034,1,2010/05/13,22.0,
08HB034,1,2010/05/14,21.3,
08HB034,1,2010/05/15,23.5,
08HB034,1,2010/05/16,25.4,
08HB034,1,2010/05/17,26.1,
08HB034,1,2010/05/18,28.7,
08HB034,1,2010/05/19,31.3,
08HB034,1,2010/05/20,49.9,
08HB034,1,2010/05/21,53.9,
08HB034,1,2010/05/22,45.0,
08HB034,1,2010/05/23,36.9,
08HB034,1,2010/05/24,30.3,
08HB034,1,2010/05/25,29.4,
08HB034,1,2010/05/26,38.1,
08HB034,1,2010/05/27,52.1,
08HB034,1,2010/05/28,57.3,
08HB034,1,2010/05/29,59.8,
08HB034,1,2010/05/30,51.6,
08HB034,1,2010/05/31,50.8,
08HB034,1,2010/06/01,53.6,
08HB034,1,2010/06/02,71.0,
08HB034,1,2010/06/03,85.7,
08HB034,1,2010/06/04,64.6,
08HB034,1,2010/06/05,46.8,
08HB034,1,2010/06/06,37.6,
08HB034,1,2010/06/07,31.9,
08HB034,1,2010/06/08,28.2,
08HB034,1,2010/06/09,26.8,
08HB034,1,2010/06/10,25.5,
08HB034,1,2010/06/11,24.1,
08HB034,1,2010/06/12,22.3,
08HB034,1,2010/06/13,22.0,
08HB034,1,2010/06/14,21.4,
08HB034,1,2010/06/15,19.9,
08HB034,1,2010/06/16,17.8,
08HB034,1,2010/06/17,16.3,
08HB034,1,2010/06/18,15.5,
08HB034,1,2010/06/19,14.4,
08HB034,1,2010/06/20,14.4,
08HB034,1,2010/06/21,14.5,
08HB034,1,2010/06/22,14.1,
08HB034,1,2010/06/23,13.2,
08HB034,1,2010/06/24,13.1,
08HB034,1,2010/06/25,12.4,
08HB034,1,2010/06/26,12.0,
08HB034,1,2010/06/27,11.6,
08HB034,1,2010/06/28,11.0,
08HB034,1,2010/06/29,10.2,
08HB034,1,2010/06/30,9.01,
08HB034,1,2010/07/01,8.26,
08HB034,1,2010/07/02,7.78,
08HB034,1,2010/07/03,7.20,
08HB034,1,2010/07/04,6.83,
08HB034,1,2010/07/05,6.62,
08HB034,1,2010/07/06,6.20,
08HB034,1,2010/07/07,6.05,
08HB034,1,2010/07/08,6.49,
08HB034,1,2010/07/09,6.93,
08HB034,1,2010/07/10,7.17,
08HB034,1,2010/07/11,6.96,
08HB034,1,2010/07/12,6.81,
08HB034,1,2010/07/13,5.86,
08HB034,1,2010/07/14,5.30,
08HB034,1,2010/07/15,5.02,
08HB034,1,2010/07/16,5.15,
08HB034,1,2010/07/17,5.49,
08HB034,1,2010/07/18,5.53,
08HB034,1,2010/07/19,5.47,
08HB034,1,2010/07/20,5.48,
08HB034,1,2010/07/21,5.38,
08HB034,1,2010/07/22,5.20,
08HB034,1,2010/07/23,5.04,
08HB034,1,2010/07/24,4.94,
08HB034,1,2010/07/25,4.84,
08HB034,1,2010/07/26,4.68,
08HB034,1,2010/07/27,4.60,
08HB034,1,2010/07/28,4.44,
08HB034,1,2010/07/29,4.48,
08HB034,1,2010/07/30,4.79,
08HB034,1,2010/07/31,5.03,
08HB034,1,2010/08/01,5.11,
08HB034,1,2010/08/02,5.29,
08HB034,1,2010/08/03,5.28,
08HB034,1,2010/08/04,5.44,
08HB034,1,2010/08/05,5.53,
08HB034,1,2010/08/06,5.38,
08HB034,1,2010/08/07,5.44,
08HB034,1,2010/08/08,5.54,
08HB034,1,2010/08/09,5.55,
08HB034,1,2010/08/10,5.58,
08HB034,1,2010/08/11,5.46,
08HB034,1,2010/08/12,5.60,
08HB034,1,2010/08/13,5.60,
08HB034,1,2010/08/14,5.58,
08HB034,1,2010/08/15,5.02,
08HB034,1,2010/08/16,4.13,
08HB034,1,2010/08/17,4.00,
08HB034,1,2010/08/18,3.96,
08HB034,1,2010/08/19,3.94,
08HB034,1,2010/08/20,3.92,
08HB034,1,2010/08/21,3.92,
08HB034,1,2010/08/22,3.94,
08HB034,1,2010/08/23,4.05,
08HB034,1,2010/08/24,3.89,
08HB034,1,2010/08/25,3.97,
08HB034,1,2010/08/26,4.06,
08HB034,1,2010/08/27,4.11,
08HB034,1,2010/08/28,4.11,
08HB034,1,2010/08/29,4.12,
08HB034,1,2010/08/30,4.08,
08HB034,1,2010/08/31,4.22,
08HB034,1,2010/09/01,4.29,
08HB034,1,2010/09/02,4.34,
08HB034,1,2010/09/03,4.33,
08HB034,1,2010/09/04,4.26,
08HB034,1,2010/09/05,4.19,
08HB034,1,2010/09/06,4.25,
08HB034,1,2010/09/07,4.45,
08HB034,1,2010/09/08,4.51,
08HB034,1,2010/09/09,4.53,
08HB034,1,2010/09/10,4.54,
08HB034,1,2010/09/11,4.46,
08HB034,1,2010/09/12,4.41,
08HB034,1,2010/09/13,5.36,
08HB034,1,2010/09/14,5.78,
08HB034,1,2010/09/15,5.55,
08HB034,1,2010/09/16,5.44,
08HB034,1,2010/09/17,5.23,
08HB034,1,2010/09/18,5.61,
08HB034,1,2010/09/19,7.06,
08HB034,1,2010/09/20,8.47,
08HB034,1,2010/09/21,9.36,
08HB034,1,2010/09/22,8.86,
08HB034,1,2010/09/23,8.09,
08HB034,1,2010/09/24,11.0,
08HB034,1,2010/09/25,23.6,
08HB034,1,2010/09/26,67.7,
08HB034,1,2010/09/27,60.0,
08HB034,1,2010/09/28,46.3,
08HB034,1,2010/09/29,35.8,
08HB034,1,2010/09/30,28.4,
08HB034,1,2010/10/01,23.9,
08HB034,1,2010/10/02,21.0,
08HB034,1,2010/10/03,18.8,
08HB034,1,2010/10/04,17.4,
08HB034,1,2010/10/05,15.5,
08HB034,1,2010/10/06,12.7,
08HB034,1,2010/10/07,12.0,
08HB034,1,2010/10/08,12.2,
08HB034,1,2010/10/09,20.1,
08HB034,1,2010/10/10,54.6,
08HB034,1,2010/10/11,54.3,
08HB034,1,2010/10/12,45.9,
08HB034,1,2010/10/13,38.0,
08HB034,1,2010/10/14,29.9,
08HB034,1,2010/10/15,21.5,
08HB034,1,2010/10/16,18.2,
08HB034,1,2010/10/17,15.9,
08HB034,1,2010/10/18,14.1,
08HB034,1,2010/10/19,12.2,
08HB034,1,2010/10/20,11.1,
08HB034,1,2010/10/21,10.4,
08HB034,1,2010/10/22,13.0,
08HB034,1,2010/10/23,15.8,
08HB034,1,2010/10/24,52.7,
08HB034,1,2010/10/25,109,
08HB034,1,2010/10/26,139,
08HB034,1,2010/10/27,89.9,
08HB034,1,2010/10/28,57.8,
08HB034,1,2010/10/29,49.1,
08HB034,1,2010/10/30,42.4,
08HB034,1,2010/10/31,51.5,
08HB034,1,2010/11/01,138,
08HB034,1,2010/11/02,168,
08HB034,1,2010/11/03,103,
08HB034,1,2010/11/04,62.1,
08HB034,1,2010/11/05,45.8,
08HB034,1,2010/11/06,39.1,
08HB034,1,2010/11/07,51.2,
08HB034,1,2010/11/08,51.8,
08HB034,1,2010/11/09,47.6,
08HB034,1,2010/11/10,46.4,
08HB034,1,2010/11/11,38.5,
08HB034,1,2010/11/12,38.3,
08HB034,1,2010/11/13,35.8,
08HB034,1,2010/11/14,36.1,
08HB034,1,2010/11/15,35.6,
08HB034,1,2010/11/16,35.4,
08HB034,1,2010/11/17,39.2,
08HB034,1,2010/11/18,44.9,
08HB034,1,2010/11/19,37.6,
08HB034,1,2010/11/20,32.8,
08HB034,1,2010/11/21,28.0,
08HB034,1,2010/11/22,24.9,
08HB034,1,2010/11/23,22.3,
08HB034,1,2010/11/24,20.1,
08HB034,1,2010/11/25,18.8,
08HB034,1,2010/11/26,21.4,
08HB034,1,2010/11/27,24.8,
08HB034,1,2010/11/28,24.4,
08HB034,1,2010/11/29,24.2,
08HB034,1,2010/11/30,51.2,
08HB034,1,2010/12/01,58.7,
08HB034,1,2010/12/02,50.3,
08HB034,1,2010/12/03,41.4,
08HB034,1,2010/12/04,34.2,
08HB034,1,2010/12/05,29.0,
08HB034,1,2010/12/06,25.7,
08HB034,1,2010/12/07,64.2,
08HB034,1,2010/12/08,320,
08HB034,1,2010/12/09,333,
08HB034,1,2010/12/10,207,
08HB034,1,2010/12/11,122,
08HB034,1,2010/12/12,220,
08HB034,1,2010/12/13,244,
08HB034,1,2010/12/14,191,
08HB034,1,2010/12/15,141,
08HB034,1,2010/12/16,95.1,
08HB034,1,2010/12/17,66.0,
08HB034,1,2010/12/18,47.9,
08HB034,1,2010/12/19,41.0,
08HB034,1,2010/12/20,35.7,
08HB034,1,2010/12/21,33.7,
08HB034,1,2010/12/22,41.1,
08HB034,1,2010/12/23,70.0,
08HB034,1,2010/12/24,353,
08HB034,1,2010/12/25,483,
08HB034,1,2010/12/26,309,
08HB034,1,2010/12/27,176,
08HB034,1,2010/12/28,116,
08HB034,1,2010/12/29,77.3,
08HB034,1,2010/12/30,51.3,
08HB034,1,2010/12/31,40.6,
08HB034,1,2011/01/01,33.4,
08HB034,1,2011/01/02,28.7,
08HB034,1,2011/01/03,25.3,
08HB034,1,2011/01/04,23.4,
08HB034,1,2011/01/05,22.6,
08HB034,1,2011/01/06,31.1,
08HB034,1,2011/01/07,126,
08HB034,1,2011/01/08,172,
08HB034,1,2011/01/09,104,
08HB034,1,2011/01/10,63.8,
08HB034,1,2011/01/11,46.2,
08HB034,1,2011/01/12,40.8,
08HB034,1,2011/01/13,44.0,
08HB034,1,2011/01/14,91.7,
08HB034,1,2011/01/15,240,
08HB034,1,2011/01/16,278,
08HB034,1,2011/01/17,279,
08HB034,1,2011/01/18,173,
08HB034,1,2011/01/19,104,
08HB034,1,2011/01/20,67.9,
08HB034,1,2011/01/21,51.9,
08HB034,1,2011/01/22,44.8,
08HB034,1,2011/01/23,41.0,
08HB034,1,2011/01/24,39.4,
08HB034,1,2011/01/25,44.2,
08HB034,1,2011/01/26,46.7,
08HB034,1,2011/01/27,45.2,
08HB034,1,2011/01/28,44.0,
08HB034,1,2011/01/29,47.7,
08HB034,1,2011/01/30,52.3,
08HB034,1,2011/01/31,48.0,
08HB034,1,2011/02/01,40.6,
08HB034,1,2011/02/02,34.0,
08HB034,1,2011/02/03,30.0,
08HB034,1,2011/02/04,48.0,
08HB034,1,2011/02/05,74.4,
08HB034,1,2011/02/06,63.7,
08HB034,1,2011/02/07,56.2,
08HB034,1,2011/02/08,50.5,
08HB034,1,2011/02/09,42.6,
08HB034,1,2011/02/10,35.6,
08HB034,1,2011/02/11,30.6,
08HB034,1,2011/02/12,48.1,
08HB034,1,2011/02/13,132,
08HB034,1,2011/02/14,143,
08HB034,1,2011/02/15,171,
08HB034,1,2011/02/16,126,
08HB034,1,2011/02/17,84.3,
08HB034,1,2011/02/18,59.0,
08HB034,1,2011/02/19,44.6,
08HB034,1,2011/02/20,36.4,
08HB034,1,2011/02/21,30.9,
08HB034,1,2011/02/22,26.9,
08HB034,1,2011/02/23,24.2,
08HB034,1,2011/02/24,22.3,
08HB034,1,2011/02/25,20.4,
08HB034,1,2011/02/26,18.9,
08HB034,1,2011/02/27,18.4,
08HB034,1,2011/02/28,18.6,
08HB034,1,2011/03/01,17.4,
08HB034,1,2011/03/02,20.9,
08HB034,1,2011/03/03,24.8,
08HB034,1,2011/03/04,23.8,
08HB034,1,2011/03/05,23.2,
08HB034,1,2011/03/06,22.3,
08HB034,1,2011/03/07,21.1,
08HB034,1,2011/03/08,20.8,
08HB034,1,2011/03/09,29.8,
08HB034,1,2011/03/10,71.5,
08HB034,1,2011/03/11,97.3,
08HB034,1,2011/03/12,123,
08HB034,1,2011/03/13,156,
08HB034,1,2011/03/14,280,
08HB034,1,2011/03/15,299,
08HB034,1,2011/03/16,261,
08HB034,1,2011/03/17,155,
08HB034,1,2011/03/18,94.6,
08HB034,1,2011/03/19,66.6,
08HB034,1,2011/03/20,52.0,
08HB034,1,2011/03/21,44.2,
08HB034,1,2011/03/22,39.1,
08HB034,1,2011/03/23,34.9,
08HB034,1,2011/03/24,31.6,
08HB034,1,2011/03/25,30.5,
08HB034,1,2011/03/26,31.5,
08HB034,1,2011/03/27,32.1,
08HB034,1,2011/03/28,31.7,
08HB034,1,2011/03/29,33.6,
08HB034,1,2011/03/30,37.9,
08HB034,1,2011/03/31,75.0,
08HB034,1,2011/04/01,97.0,
08HB034,1,2011/04/02,75.3,
08HB034,1,2011/04/03,54.4,
08HB034,1,2011/04/04,44.3,
08HB034,1,2011/04/05,42.8,
08HB034,1,2011/04/06,41.2,
08HB034,1,2011/04/07,35.3,
08HB034,1,2011/04/08,31.2,
08HB034,1,2011/04/09,28.1,
08HB034,1,2011/04/10,28.7,
08HB034,1,2011/04/11,64.2,
08HB034,1,2011/04/12,66.7,
08HB034,1,2011/04/13,51.7,
08HB034,1,2011/04/14,42.6,
08HB034,1,2011/04/15,35.8,
08HB034,1,2011/04/16,29.7,
08HB034,1,2011/04/17,26.7,
08HB034,1,2011/04/18,24.8,
08HB034,1,2011/04/19,23.3,
08HB034,1,2011/04/20,22.2,
08HB034,1,2011/04/21,21.5,
08HB034,1,2011/04/22,20.3,
08HB034,1,2011/04/23,19.8,
08HB034,1,2011/04/24,20.7,
08HB034,1,2011/04/25,23.3,
08HB034,1,2011/04/26,26.4,
08HB034,1,2011/04/27,30.9,
08HB034,1,2011/04/28,36.4,
08HB034,1,2011/04/29,36.0,
08HB034,1,2011/04/30,33.2,
08HB034,1,2011/05/01,30.7,
08HB034,1,2011/05/02,32.6,
08HB034,1,2011/05/03,38.6,
08HB034,1,2011/05/04,39.8,
08HB034,1,2011/05/05,40.9,
08HB034,1,2011/05/06,43.2,
08HB034,1,2011/05/07,45.2,
08HB034,1,2011/05/08,46.0,
08HB034,1,2011/05/09,43.4,
08HB034,1,2011/05/10,44.7,
08HB034,1,2011/05/11,49.2,
08HB034,1,2011/05/12,55.8,
08HB034,1,2011/05/13,52.4,
08HB034,1,2011/05/14,46.4,
08HB034,1,2011/05/15,92.8,
08HB034,1,2011/05/16,126,
08HB034,1,2011/05/17,97.7,
08HB034,1,2011/05/18,68.5,
08HB034,1,2011/05/19,51.9,
08HB034,1,2011/05/20,48.4,
08HB034,1,2011/05/21,54.8,
08HB034,1,2011/05/22,54.8,
08HB034,1,2011/05/23,50.0,
08HB034,1,2011/05/24,47.0,
08HB034,1,2011/05/25,45.8,
08HB034,1,2011/05/26,50.5,
08HB034,1,2011/05/27,51.3,
08HB034,1,2011/05/28,48.2,
08HB034,1,2011/05/29,43.2,
08HB034,1,2011/05/30,44.2,
08HB034,1,2011/05/31,41.9,
08HB034,1,2011/06/01,41.3,
08HB034,1,2011/06/02,49.3,
08HB034,1,2011/06/03,50.5,
08HB034,1,2011/06/04,44.1,
08HB034,1,2011/06/05,48.4,
08HB034,1,2011/06/06,54.9,
08HB034,1,2011/06/07,59.8,
08HB034,1,2011/06/08,53.3,
08HB034,1,2011/06/09,51.1,
08HB034,1,2011/06/10,47.2,
08HB034,1,2011/06/11,42.4,
08HB034,1,2011/06/12,40.2,
08HB034,1,2011/06/13,38.3,
08HB034,1,2011/06/14,37.6,
08HB034,1,2011/06/15,33.6,
08HB034,1,2011/06/16,27.7,
08HB034,1,2011/06/17,27.6,
08HB034,1,2011/06/18,30.0,
08HB034,1,2011/06/19,31.3,
08HB034,1,2011/06/20,31.3,
08HB034,1,2011/06/21,30.7,
08HB034,1,2011/06/22,31.6,
08HB034,1,2011/06/23,31.9,
08HB034,1,2011/06/24,28.5,
08HB034,1,2011/06/25,25.5,
08HB034,1,2011/06/26,23.6,
08HB034,1,2011/06/27,22.7,
08HB034,1,2011/06/28,23.6,
08HB034,1,2011/06/29,25.7,
08HB034,1,2011/06/30,26.0,
08HB034,1,2011/07/01,24.3,
08HB034,1,2011/07/02,22.5,
08HB034,1,2011/07/03,21.7,
08HB034,1,2011/07/04,21.1,
08HB034,1,2011/07/05,20.2,
08HB034,1,2011/07/06,19.4,
08HB034,1,2011/07/07,20.9,
08HB034,1,2011/07/08,20.5,
08HB034,1,2011/07/09,17.7,
08HB034,1,2011/07/10,15.8,
08HB034,1,2011/07/11,14.7,
08HB034,1,2011/07/12,15.1,
08HB034,1,2011/07/13,16.4,
08HB034,1,2011/07/14,17.1,
08HB034,1,2011/07/15,17.6,
08HB034,1,2011/07/16,18.6,
08HB034,1,2011/07/17,20.2,
08HB034,1,2011/07/18,19.6,
08HB034,1,2011/07/19,18.1,
08HB034,1,2011/07/20,16.0,
08HB034,1,2011/07/21,14.9,
08HB034,1,2011/07/22,14.0,
08HB034,1,2011/07/23,12.6,
08HB034,1,2011/07/24,11.5,
08HB034,1,2011/07/25,11.1,
08HB034,1,2011/07/26,10.2,
08HB034,1,2011/07/27,9.45,
08HB034,1,2011/07/28,8.49,
08HB034,1,2011/07/29,7.93,
08HB034,1,2011/07/30,7.76,
08HB034,1,2011/07/31,8.60,
08HB034,1,2011/08/01,8.82,
08HB034,1,2011/08/02,8.61,
08HB034,1,2011/08/03,8.53,
08HB034,1,2011/08/04,8.25,
08HB034,1,2011/08/05,7.91,
08HB034,1,2011/08/06,7.79,
08HB034,1,2011/08/07,7.43,
08HB034,1,2011/08/08,7.14,
08HB034,1,2011/08/09,6.89,
08HB034,1,2011/08/10,6.70,
08HB034,1,2011/08/11,6.43,
08HB034,1,2011/08/12,6.19,
08HB034,1,2011/08/13,6.26,
08HB034,1,2011/08/14,6.06,
08HB034,1,2011/08/15,5.83,
08HB034,1,2011/08/16,5.54,
08HB034,1,2011/08/17,5.37,
08HB034,1,2011/08/18,5.21,
08HB034,1,2011/08/19,5.29,
08HB034,1,2011/08/20,5.52,
08HB034,1,2011/08/21,5.87,
08HB034,1,2011/08/22,6.52,
08HB034,1,2011/08/23,10.8,
08HB034,1,2011/08/24,11.1,
08HB034,1,2011/08/25,10.3,
08HB034,1,2011/08/26,9.91,
08HB034,1,2011/08/27,8.79,
08HB034,1,2011/08/28,7.70,
08HB034,1,2011/08/29,6.83,
08HB034,1,2011/08/30,6.41,
08HB034,1,2011/08/31,6.36,
08HB034,1,2011/09/01,6.13,
08HB034,1,2011/09/02,5.93,
08HB034,1,2011/09/03,5.66,
08HB034,1,2011/09/04,5.53,
08HB034,1,2011/09/05,5.42,
08HB034,1,2011/09/06,5.24,
08HB034,1,2011/09/07,6.01,
08HB034,1,2011/09/08,5.85,
08HB034,1,2011/09/09,5.48,
08HB034,1,2011/09/10,4.64,
08HB034,1,2011/09/11,4.40,
08HB034,1,2011/09/12,4.85,
08HB034,1,2011/09/13,4.86,
08HB034,1,2011/09/14,4.87,
08HB034,1,2011/09/15,4.83,
08HB034,1,2011/09/16,4.85,
08HB034,1,2011/09/17,4.88,
08HB034,1,2011/09/18,4.88,
08HB034,1,2011/09/19,4.87,
08HB034,1,2011/09/20,4.87,
08HB034,1,2011/09/21,4.86,
08HB034,1,2011/09/22,8.39,
08HB034,1,2011/09/23,17.0,
08HB034,1,2011/09/24,24.7,
08HB034,1,2011/09/25,28.2,
08HB034,1,2011/09/26,57.4,
08HB034,1,2011/09/27,111,
08HB034,1,2011/09/28,83.7,
08HB034,1,2011/09/29,49.5,
08HB034,1,2011/09/30,32.2,
08HB034,1,2011/10/01,26.3,
08HB034,1,2011/10/02,22.5,
08HB034,1,2011/10/03,21.2,
08HB034,1,2011/10/04,21.8,
08HB034,1,2011/10/05,23.6,
08HB034,1,2011/10/06,24.7,
08HB034,1,2011/10/07,23.3,
08HB034,1,2011/10/08,20.0,
08HB034,1,2011/10/09,19.5,
08HB034,1,2011/10/10,20.1,
08HB034,1,2011/10/11,55.5,
08HB034,1,2011/10/12,108,
08HB034,1,2011/10/13,84.3,
08HB034,1,2011/10/14,52.8,
08HB034,1,2011/10/15,36.0,
08HB034,1,2011/10/16,28.2,
08HB034,1,2011/10/17,24.5,
08HB034,1,2011/10/18,23.6,
08HB034,1,2011/10/19,21.7,
08HB034,1,2011/10/20,20.4,
08HB034,1,2011/10/21,19.6,
08HB034,1,2011/10/22,23.1,
08HB034,1,2011/10/23,26.1,
08HB034,1,2011/10/24,25.3,
08HB034,1,2011/10/25,22.2,
08HB034,1,2011/10/26,20.3,
08HB034,1,2011/10/27,18.8,
08HB034,1,2011/10/28,19.0,
08HB034,1,2011/10/29,25.2,
08HB034,1,2011/10/30,26.5,
08HB034,1,2011/10/31,26.1,
08HB034,1,2011/11/01,22.9,
08HB034,1,2011/11/02,21.2,
08HB034,1,2011/11/03,22.1,
08HB034,1,2011/11/04,21.0,
08HB034,1,2011/11/05,19.6,
08HB034,1,2011/11/06,18.2,
08HB034,1,2011/11/07,16.8,
08HB034,1,2011/11/08,16.3,
08HB034,1,2011/11/09,16.9,
08HB034,1,2011/11/10,24.6,
08HB034,1,2011/11/11,34.6,
08HB034,1,2011/11/12,41.0,
08HB034,1,2011/11/13,36.4,
08HB034,1,2011/11/14,30.3,
08HB034,1,2011/11/15,25.6,
08HB034,1,2011/11/16,23.1,
08HB034,1,2011/11/17,27.9,
08HB034,1,2011/11/18,28.0,
08HB034,1,2011/11/19,25.7,
08HB034,1,2011/11/20,23.2,
08HB034,1,2011/11/21,22.5,
08HB034,1,2011/11/22,139,
08HB034,1,2011/11/23,147,
08HB034,1,2011/11/24,102,
08HB034,1,2011/11/25,84.2,
08HB034,1,2011/11/26,72.1,
08HB034,1,2011/11/27,369,
08HB034,1,2011/11/28,298,
08HB034,1,2011/11/29,139,
08HB034,1,2011/11/30,82.1,
08HB034,1,2011/12/01,55.4,
08HB034,1,2011/12/02,43.5,
08HB034,1,2011/12/03,34.8,
08HB034,1,2011/12/04,29.8,
08HB034,1,2011/12/05,26.1,
08HB034,1,2011/12/06,23.1,
08HB034,1,2011/12/07,21.3,
08HB034,1,2011/12/08,19.6,
08HB034,1,2011/12/09,17.6,
08HB034,1,2011/12/10,16.5,
08HB034,1,2011/12/11,15.6,
08HB034,1,2011/12/12,14.6,
08HB034,1,2011/12/13,13.8,
08HB034,1,2011/12/14,13.3,
08HB034,1,2011/12/15,13.1,
08HB034,1,2011/12/16,12.7,
08HB034,1,2011/12/17,12.6,
08HB034,1,2011/12/18,14.3,
08HB034,1,2011/12/19,15.8,
08HB034,1,2011/12/20,16.0,
08HB034,1,2011/12/21,15.8,
08HB034,1,2011/12/22,15.1,
08HB034,1,2011/12/23,14.5,
08HB034,1,2011/12/24,17.7,
08HB034,1,2011/12/25,31.1,
08HB034,1,2011/12/26,36.5,
08HB034,1,2011/12/27,40.6,
08HB034,1,2011/12/28,180,
08HB034,1,2011/12/29,278,
08HB034,1,2011/12/30,169,
08HB034,1,2011/12/31,103,
08HB034,1,2012/01/01,67.0,
08HB034,1,2012/01/02,49.0,
08HB034,1,2012/01/03,60.2,
08HB034,1,2012/01/04,406,
08HB034,1,2012/01/05,456,
08HB034,1,2012/01/06,215,
08HB034,1,2012/01/07,113,
08HB034,1,2012/01/08,78.2,
08HB034,1,2012/01/09,77.7,
08HB034,1,2012/01/10,74.5,
08HB034,1,2012/01/11,60.8,
08HB034,1,2012/01/12,47.5,
08HB034,1,2012/01/13,38.2,
08HB034,1,2012/01/14,32.3,
08HB034,1,2012/01/15,27.7,
08HB034,1,2012/01/16,24.0,
08HB034,1,2012/01/17,21.7,
08HB034,1,2012/01/18,19.9,
08HB034,1,2012/01/19,18.6,
08HB034,1,2012/01/20,18.2,
08HB034,1,2012/01/21,28.2,
08HB034,1,2012/01/22,34.3,
08HB034,1,2012/01/23,43.2,
08HB034,1,2012/01/24,52.1,
08HB034,1,2012/01/25,124,
08HB034,1,2012/01/26,115,
08HB034,1,2012/01/27,78.5,
08HB034,1,2012/01/28,56.6,
08HB034,1,2012/01/29,74.2,
08HB034,1,2012/01/30,111,
08HB034,1,2012/01/31,104,
08HB034,1,2012/02/01,95.8,
08HB034,1,2012/02/02,78.6,
08HB034,1,2012/02/03,60.9,
08HB034,1,2012/02/04,48.4,
08HB034,1,2012/02/05,39.9,
08HB034,1,2012/02/06,34.3,
08HB034,1,2012/02/07,29.6,
08HB034,1,2012/02/08,28.9,
08HB034,1,2012/02/09,39.2,
08HB034,1,2012/02/10,109,
08HB034,1,2012/02/11,150,
08HB034,1,2012/02/12,111,
08HB034,1,2012/02/13,81.7,
08HB034,1,2012/02/14,63.7,
08HB034,1,2012/02/15,50.9,
08HB034,1,2012/02/16,42.4,
08HB034,1,2012/02/17,38.3,
08HB034,1,2012/02/18,47.2,
08HB034,1,2012/02/19,50.5,
08HB034,1,2012/02/20,45.8,
08HB034,1,2012/02/21,39.0,
08HB034,1,2012/02/22,39.4,
08HB034,1,2012/02/23,40.7,
08HB034,1,2012/02/24,41.5,
08HB034,1,2012/02/25,47.8,
08HB034,1,2012/02/26,43.3,
08HB034,1,2012/02/27,37.1,
08HB034,1,2012/02/28,32.2,
08HB034,1,2012/02/29,29.7,
08HB034,1,2012/03/01,26.4,
08HB034,1,2012/03/02,24.4,
08HB034,1,2012/03/03,23.0,
08HB034,1,2012/03/04,24.3,
08HB034,1,2012/03/05,67.2,
08HB034,1,2012/03/06,84.2,
08HB034,1,2012/03/07,62.9,
08HB034,1,2012/03/08,46.5,
08HB034,1,2012/03/09,38.7,
08HB034,1,2012/03/10,41.2,
08HB034,1,2012/03/11,45.3,
08HB034,1,2012/03/12,51.4,
08HB034,1,2012/03/13,51.4,
08HB034,1,2012/03/14,43.6,
08HB034,1,2012/03/15,73.3,
08HB034,1,2012/03/16,100,
08HB034,1,2012/03/17,80.2,
08HB034,1,2012/03/18,60.5,
08HB034,1,2012/03/19,46.6,
08HB034,1,2012/03/20,40.9,
08HB034,1,2012/03/21,35.9,
08HB034,1,2012/03/22,31.3,
08HB034,1,2012/03/23,28.2,
08HB034,1,2012/03/24,25.8,
08HB034,1,2012/03/25,24.2,
08HB034,1,2012/03/26,23.7,
08HB034,1,2012/03/27,26.4,
08HB034,1,2012/03/28,53.8,
08HB034,1,2012/03/29,117,
08HB034,1,2012/03/30,106,
08HB034,1,2012/03/31,77.5,
08HB034,1,2012/04/01,60.4,
08HB034,1,2012/04/02,51.4,
08HB034,1,2012/04/03,82.7,
08HB034,1,2012/04/04,92.4,
08HB034,1,2012/04/05,72.9,
08HB034,1,2012/04/06,55.7,
08HB034,1,2012/04/07,44.3,
08HB034,1,2012/04/08,37.0,
08HB034,1,2012/04/09,33.0,
08HB034,1,2012/04/10,33.6,
08HB034,1,2012/04/11,40.6,
08HB034,1,2012/04/12,48.1,
08HB034,1,2012/04/13,50.2,
08HB034,1,2012/04/14,46.7,
08HB034,1,2012/04/15,46.5,
08HB034,1,2012/04/16,56.5,
08HB034,1,2012/04/17,70.1,
08HB034,1,2012/04/18,66.4,
08HB034,1,2012/04/19,59.6,
08HB034,1,2012/04/20,62.8,
08HB034,1,2012/04/21,64.0,
08HB034,1,2012/04/22,58.8,
08HB034,1,2012/04/23,71.6,
08HB034,1,2012/04/24,91.8,
08HB034,1,2012/04/25,135,
08HB034,1,2012/04/26,194,
08HB034,1,2012/04/27,129,
08HB034,1,2012/04/28,82.4,
08HB034,1,2012/04/29,65.4,
08HB034,1,2012/04/30,63.9,
08HB034,1,2012/05/01,67.4,
08HB034,1,2012/05/02,61.4,
08HB034,1,2012/05/03,52.9,
08HB034,1,2012/05/04,45.3,
08HB034,1,2012/05/05,38.2,
08HB034,1,2012/05/06,34.8,
08HB034,1,2012/05/07,34.0,
08HB034,1,2012/05/08,40.3,
08HB034,1,2012/05/09,44.2,
08HB034,1,2012/05/10,39.6,
08HB034,1,2012/05/11,33.5,
08HB034,1,2012/05/12,29.4,
08HB034,1,2012/05/13,30.5,
08HB034,1,2012/05/14,40.9,
08HB034,1,2012/05/15,54.5,
08HB034,1,2012/05/16,59.7,
08HB034,1,2012/05/17,52.2,
08HB034,1,2012/05/18,41.5,
08HB034,1,2012/05/19,33.2,
08HB034,1,2012/05/20,30.2,
08HB034,1,2012/05/21,37.7,
08HB034,1,2012/05/22,57.3,
08HB034,1,2012/05/23,53.3,
08HB034,1,2012/05/24,42.6,
08HB034,1,2012/05/25,34.8,
08HB034,1,2012/05/26,34.0,
08HB034,1,2012/05/27,36.8,
08HB034,1,2012/05/28,35.6,
08HB034,1,2012/05/29,31.6,
08HB034,1,2012/05/30,27.9,
08HB034,1,2012/05/31,28.7,
08HB034,1,2012/06/01,35.2,
08HB034,1,2012/06/02,43.1,
08HB034,1,2012/06/03,38.6,
08HB034,1,2012/06/04,31.5,
08HB034,1,2012/06/05,25.6,
08HB034,1,2012/06/06,20.8,
08HB034,1,2012/06/07,20.9,
08HB034,1,2012/06/08,26.5,
08HB034,1,2012/06/09,27.2,
08HB034,1,2012/06/10,26.0,
08HB034,1,2012/06/11,25.1,
08HB034,1,2012/06/12,26.1,
08HB034,1,2012/06/13,28.2,
08HB034,1,2012/06/14,27.5,
08HB034,1,2012/06/15,24.1,
08HB034,1,2012/06/16,23.0,
08HB034,1,2012/06/17,28.5,
08HB034,1,2012/06/18,29.4,
08HB034,1,2012/06/19,26.0,
08HB034,1,2012/06/20,21.7,
08HB034,1,2012/06/21,18.2,
08HB034,1,2012/06/22,18.8,
08HB034,1,2012/06/23,24.7,
08HB034,1,2012/06/24,28.7,
08HB034,1,2012/06/25,26.9,
08HB034,1,2012/06/26,24.0,
08HB034,1,2012/06/27,21.4,
08HB034,1,2012/06/28,18.9,
08HB034,1,2012/06/29,18.6,
08HB034,1,2012/06/30,23.4,
08HB034,1,2012/07/01,26.0,
08HB034,1,2012/07/02,24.1,
08HB034,1,2012/07/03,23.6,
08HB034,1,2012/07/04,23.8,
08HB034,1,2012/07/05,22.1,
08HB034,1,2012/07/06,19.5,
08HB034,1,2012/07/07,17.4,
08HB034,1,2012/07/08,16.4,
08HB034,1,2012/07/09,15.9,
08HB034,1,2012/07/10,15.5,
08HB034,1,2012/07/11,14.6,
08HB034,1,2012/07/12,13.8,
08HB034,1,2012/07/13,12.8,
08HB034,1,2012/07/14,12.1,
08HB034,1,2012/07/15,11.4,
08HB034,1,2012/07/16,10.6,
08HB034,1,2012/07/17,9.89,
08HB034,1,2012/07/18,9.23,
08HB034,1,2012/07/19,8.49,
08HB034,1,2012/07/20,8.02,
08HB034,1,2012/07/21,7.84,E
08HB034,1,2012/07/22,7.71,E
08HB034,1,2012/07/23,7.70,E
08HB034,1,2012/07/24,7.43,E
08HB034,1,2012/07/25,7.40,E
08HB034,1,2012/07/26,6.93,E
08HB034,1,2012/07/27,6.76,E
08HB034,1,2012/07/28,6.71,E
08HB034,1,2012/07/29,6.65,E
08HB034,1,2012/07/30,6.63,E
08HB034,1,2012/07/31,6.49,E
08HB034,1,2012/08/01,6.55,E
08HB034,1,2012/08/02,6.66,E
08HB034,1,2012/08/03,6.49,E
08HB034,1,2012/08/04,6.46,E
08HB034,1,2012/08/05,6.29,E
08HB034,1,2012/08/06,6.26,E
08HB034,1,2012/08/07,6.23,E
08HB034,1,2012/08/08,6.24,E
08HB034,1,2012/08/09,6.01,E
08HB034,1,2012/08/10,6.02,E
08HB034,1,2012/08/11,5.90,E
08HB034,1,2012/08/12,5.88,E
08HB034,1,2012/08/13,5.79,E
08HB034,1,2012/08/14,5.70,E
08HB034,1,2012/08/15,5.38,E
08HB034,1,2012/08/16,5.31,E
08HB034,1,2012/08/17,5.45,E
08HB034,1,2012/08/18,5.71,E
08HB034,1,2012/08/19,5.76,E
08HB034,1,2012/08/20,5.66,E
08HB034,1,2012/08/21,5.56,E
08HB034,1,2012/08/22,5.54,E
08HB034,1,2012/08/23,5.45,E
08HB034,1,2012/08/24,5.48,E
08HB034,1,2012/08/25,5.37,E
08HB034,1,2012/08/26,5.42,E
08HB034,1,2012/08/27,5.39,E
08HB034,1,2012/08/28,5.37,E
08HB034,1,2012/08/29,5.33,E
08HB034,1,2012/08/30,5.96,E
08HB034,1,2012/08/31,5.80,E
08HB034,1,2012/09/01,5.14,E
08HB034,1,2012/09/02,5.09,E
08HB034,1,2012/09/03,5.00,E
08HB034,1,2012/09/04,4.98,E
08HB034,1,2012/09/05,4.85,E
08HB034,1,2012/09/06,4.72,E
08HB034,1,2012/09/07,4.69,E
08HB034,1,2012/09/08,4.62,E
08HB034,1,2012/09/09,4.63,E
08HB034,1,2012/09/10,4.75,E
08HB034,1,2012/09/11,4.64,E
08HB034,1,2012/09/12,4.61,E
08HB034,1,2012/09/13,4.51,E
08HB034,1,2012/09/14,4.50,E
08HB034,1,2012/09/15,4.46,E
08HB034,1,2012/09/16,4.36,E
08HB034,1,2012/09/17,4.30,E
08HB034,1,2012/09/18,4.28,E
08HB034,1,2012/09/19,4.20,E
08HB034,1,2012/09/20,3.97,E
08HB034,1,2012/09/21,3.96,E
08HB034,1,2012/09/22,3.98,E
08HB034,1,2012/09/23,3.83,E
08HB034,1,2012/09/24,3.88,E
08HB034,1,2012/09/25,3.86,E
08HB034,1,2012/09/26,3.84,E
08HB034,1,2012/09/27,3.80,E
08HB034,1,2012/09/28,3.85,E
08HB034,1,2012/09/29,3.62,
08HB034,1,2012/09/30,3.75,
08HB034,1,2012/10/01,3.74,
08HB034,1,2012/10/02,3.77,
08HB034,1,2012/10/03,4.37,
08HB034,1,2012/10/04,9.46,
08HB034,1,2012/10/05,8.53,
08HB034,1,2012/10/06,3.79,
08HB034,1,2012/10/07,3.36,
08HB034,1,2012/10/08,2.90,
08HB034,1,2012/10/09,2.55,
08HB034,1,2012/10/10,2.39,
08HB034,1,2012/10/11,2.11,
08HB034,1,2012/10/12,1.97,
08HB034,1,2012/10/13,2.04,
08HB034,1,2012/10/14,10.4,
08HB034,1,2012/10/15,27.6,
08HB034,1,2012/10/16,31.3,
08HB034,1,2012/10/17,25.5,
08HB034,1,2012/10/18,19.2,
08HB034,1,2012/10/19,31.3,
08HB034,1,2012/10/20,36.8,
08HB034,1,2012/10/21,27.6,
08HB034,1,2012/10/22,20.9,
08HB034,1,2012/10/23,17.5,
08HB034,1,2012/10/24,17.5,
08HB034,1,2012/10/25,16.4,
08HB034,1,2012/10/26,15.4,
08HB034,1,2012/10/27,19.0,
08HB034,1,2012/10/28,30.9,
08HB034,1,2012/10/29,38.6,
08HB034,1,2012/10/30,70.0,
08HB034,1,2012/10/31,133,
08HB034,1,2012/11/01,148,
08HB034,1,2012/11/02,95.1,
08HB034,1,2012/11/03,70.1,
08HB034,1,2012/11/04,81.8,
08HB034,1,2012/11/05,86.6,
08HB034,1,2012/11/06,69.5,
08HB034,1,2012/11/07,51.5,
08HB034,1,2012/11/08,39.7,
08HB034,1,2012/11/09,33.2,
08HB034,1,2012/11/10,28.3,
08HB034,1,2012/11/11,24.9,
08HB034,1,2012/11/12,24.6,
08HB034,1,2012/11/13,26.8,
08HB034,1,2012/11/14,28.5,
08HB034,1,2012/11/15,28.3,
08HB034,1,2012/11/16,26.6,
08HB034,1,2012/11/17,31.8,
08HB034,1,2012/11/18,62.1,
08HB034,1,2012/11/19,143,
08HB034,1,2012/11/20,146,
08HB034,1,2012/11/21,137,
08HB034,1,2012/11/22,96.2,
08HB034,1,2012/11/23,113,
08HB034,1,2012/11/24,116,
08HB034,1,2012/11/25,83.8,
08HB034,1,2012/11/26,59.8,
08HB034,1,2012/11/27,45.2,
08HB034,1,2012/11/28,37.0,
08HB034,1,2012/11/29,85.4,
08HB034,1,2012/11/30,187,
08HB034,1,2012/12/01,246,
08HB034,1,2012/12/02,247,
08HB034,1,2012/12/03,174,
08HB034,1,2012/12/04,176,
08HB034,1,2012/12/05,158,
08HB034,1,2012/12/06,111,
08HB034,1,2012/12/07,80.4,
08HB034,1,2012/12/08,59.3,
08HB034,1,2012/12/09,47.2,
08HB034,1,2012/12/10,38.7,
08HB034,1,2012/12/11,33.7,
08HB034,1,2012/12/12,31.3,
08HB034,1,2012/12/13,29.3,
08HB034,1,2012/12/14,27.4,
08HB034,1,2012/12/15,26.2,
08HB034,1,2012/12/16,25.6,
08HB034,1,2012/12/17,25.9,
08HB034,1,2012/12/18,23.6,
08HB034,1,2012/12/19,23.1,
08HB034,1,2012/12/20,23.1,
08HB034,1,2012/12/21,21.1,
08HB034,1,2012/12/22,21.9,
08HB034,1,2012/12/23,25.8,
08HB034,1,2012/12/24,27.5,
08HB034,1,2012/12/25,27.3,
08HB034,1,2012/12/26,29.7,
08HB034,1,2012/12/27,30.5,
08HB034,1,2012/12/28,27.9,
08HB034,1,2012/12/29,27.5,
08HB034,1,2012/12/30,26.2,
08HB034,1,2012/12/31,24.5,
08HB034,1,2013/01/01,22.5,
08HB034,1,2013/01/02,20.5,
08HB034,1,2013/01/03,18.8,
08HB034,1,2013/01/04,17.8,
08HB034,1,2013/01/05,17.1,
08HB034,1,2013/01/06,18.1,
08HB034,1,2013/01/07,21.5,
08HB034,1,2013/01/08,29.2,
08HB034,1,2013/01/09,107,
08HB034,1,2013/01/10,101,
08HB034,1,2013/01/11,72.1,
08HB034,1,2013/01/12,51.7,
08HB034,1,2013/01/13,39.5,
08HB034,1,2013/01/14,32.1,
08HB034,1,2013/01/15,27.1,
08HB034,1,2013/01/16,23.4,
08HB034,1,2013/01/17,20.9,
08HB034,1,2013/01/18,19.2,
08HB034,1,2013/01/19,17.8,
08HB034,1,2013/01/20,16.7,
08HB034,1,2013/01/21,16.1,
08HB034,1,2013/01/22,16.2,
08HB034,1,2013/01/23,17.0,
08HB034,1,2013/01/24,18.5,
08HB034,1,2013/01/25,20.3,
08HB034,1,2013/01/26,22.1,
08HB034,1,2013/01/27,23.3,
08HB034,1,2013/01/28,22.8,
08HB034,1,2013/01/29,21.5,
08HB034,1,2013/01/30,20.4,
08HB034,1,2013/01/31,20.5,
08HB034,1,2013/02/01,24.5,
08HB034,1,2013/02/02,27.9,
08HB034,1,2013/02/03,27.9,
08HB034,1,2013/02/04,27.3,
08HB034,1,2013/02/05,34.8,
08HB034,1,2013/02/06,69.7,
08HB034,1,2013/02/07,89.9,
08HB034,1,2013/02/08,74.2,
08HB034,1,2013/02/09,54.9,
08HB034,1,2013/02/10,42.2,
08HB034,1,2013/02/11,34.5,
08HB034,1,2013/02/12,30.1,
08HB034,1,2013/02/13,28.4,
08HB034,1,2013/02/14,28.1,
08HB034,1,2013/02/15,27.7,
08HB034,1,2013/02/16,27.4,
08HB034,1,2013/02/17,27.6,
08HB034,1,2013/02/18,27.0,
08HB034,1,2013/02/19,27.5,
08HB034,1,2013/02/20,25.7,
08HB034,1,2013/02/21,24.1,
08HB034,1,2013/02/22,24.5,
08HB034,1,2013/02/23,28.5,
08HB034,1,2013/02/24,28.4,
08HB034,1,2013/02/25,42.0,
08HB034,1,2013/02/26,48.8,
08HB034,1,2013/02/27,44.1,
08HB034,1,2013/02/28,38.0,
08HB034,1,2013/03/01,172,
08HB034,1,2013/03/02,355,
08HB034,1,2013/03/03,199,
08HB034,1,2013/03/04,106,
08HB034,1,2013/03/05,68.7,
08HB034,1,2013/03/06,52.7,
08HB034,1,2013/03/07,41.7,
08HB034,1,2013/03/08,34.2,
08HB034,1,2013/03/09,29.6,
08HB034,1,2013/03/10,26.4,
08HB034,1,2013/03/11,24.2,
08HB034,1,2013/03/12,51.8,
08HB034,1,2013/03/13,110,
08HB034,1,2013/03/14,149,
08HB034,1,2013/03/15,189,
08HB034,1,2013/03/16,137,
08HB034,1,2013/03/17,92.0,
08HB034,1,2013/03/18,66.3,
08HB034,1,2013/03/19,50.4,
08HB034,1,2013/03/20,69.7,
08HB034,1,2013/03/21,83.4,
08HB034,1,2013/03/22,69.3,
08HB034,1,2013/03/23,53.0,
08HB034,1,2013/03/24,42.1,
08HB034,1,2013/03/25,34.6,
08HB034,1,2013/03/26,29.4,
08HB034,1,2013/03/27,25.8,
08HB034,1,2013/03/28,25.1,
08HB034,1,2013/03/29,27.2,
08HB034,1,2013/03/30,30.4,
08HB034,1,2013/03/31,34.7,
08HB034,1,2013/04/01,40.3,
08HB034,1,2013/04/02,48.5,
08HB034,1,2013/04/03,48.2,
08HB034,1,2013/04/04,43.2,
08HB034,1,2013/04/05,66.7,
08HB034,1,2013/04/06,122,
08HB034,1,2013/04/07,116,
08HB034,1,2013/04/08,77.2,
08HB034,1,2013/04/09,54.8,
08HB034,1,2013/04/10,68.6,
08HB034,1,2013/04/11,91.1,
08HB034,1,2013/04/12,73.2,
08HB034,1,2013/04/13,55.5,
08HB034,1,2013/04/14,42.9,
08HB034,1,2013/04/15,34.6,
08HB034,1,2013/04/16,28.6,
08HB034,1,2013/04/17,24.2,
08HB034,1,2013/04/18,22.5,
08HB034,1,2013/04/19,24.0,
08HB034,1,2013/04/20,28.8,
08HB034,1,2013/04/21,30.8,
08HB034,1,2013/04/22,29.5,
08HB034,1,2013/04/23,26.6,
08HB034,1,2013/04/24,24.3,
08HB034,1,2013/04/25,24.0,
08HB034,1,2013/04/26,27.6,
08HB034,1,2013/04/27,31.4,
08HB034,1,2013/04/28,34.9,
08HB034,1,2013/04/29,35.3,
08HB034,1,2013/04/30,31.8,
08HB034,1,2013/05/01,26.7,
08HB034,1,2013/05/02,22.5,
08HB034,1,2013/05/03,20.1,
08HB034,1,2013/05/04,22.4,
08HB034,1,2013/05/05,29.1,
08HB034,1,2013/05/06,39.7,
08HB034,1,2013/05/07,47.0,
08HB034,1,2013/05/08,47.9,
08HB034,1,2013/05/09,45.4,
08HB034,1,2013/05/10,41.2,
08HB034,1,2013/05/11,35.7,
08HB034,1,2013/05/12,49.0,
08HB034,1,2013/05/13,65.0,
08HB034,1,2013/05/14,70.7,
08HB034,1,2013/05/15,53.7,
08HB034,1,2013/05/16,38.5,
08HB034,1,2013/05/17,30.5,
08HB034,1,2013/05/18,28.0,
08HB034,1,2013/05/19,26.3,
08HB034,1,2013/05/20,24.2,
08HB034,1,2013/05/21,24.1,
08HB034,1,2013/05/22,23.9,
08HB034,1,2013/05/23,23.0,
08HB034,1,2013/05/24,21.9,
08HB034,1,2013/05/25,20.3,
08HB034,1,2013/05/26,19.9,
08HB034,1,2013/05/27,20.5,
08HB034,1,2013/05/28,27.5,
08HB034,1,2013/05/29,32.3,
08HB034,1,2013/05/30,36.9,
08HB034,1,2013/05/31,35.4,
08HB034,1,2013/06/01,32.4,
08HB034,1,2013/06/02,28.7,
08HB034,1,2013/06/03,25.1,
08HB034,1,2013/06/04,21.5,
08HB034,1,2013/06/05,19.5,
08HB034,1,2013/06/06,18.4,
08HB034,1,2013/06/07,17.8,
08HB034,1,2013/06/08,16.4,
08HB034,1,2013/06/09,15.1,
08HB034,1,2013/06/10,13.6,
08HB034,1,2013/06/11,12.5,
08HB034,1,2013/06/12,11.7,
08HB034,1,2013/06/13,11.2,
08HB034,1,2013/06/14,10.8,
08HB034,1,2013/06/15,9.98,
08HB034,1,2013/06/16,9.55,
08HB034,1,2013/06/17,9.23,
08HB034,1,2013/06/18,9.69,
08HB034,1,2013/06/19,9.86,
08HB034,1,2013/06/20,9.44,
08HB034,1,2013/06/21,9.00,
08HB034,1,2013/06/22,8.88,
08HB034,1,2013/06/23,8.52,
08HB034,1,2013/06/24,9.57,
08HB034,1,2013/06/25,10.3,
08HB034,1,2013/06/26,11.8,
08HB034,1,2013/06/27,18.8,
08HB034,1,2013/06/28,26.8,
08HB034,1,2013/06/29,26.3,
08HB034,1,2013/06/30,22.4,
08HB034,1,2013/07/01,18.3,
08HB034,1,2013/07/02,15.1,
08HB034,1,2013/07/03,11.9,
08HB034,1,2013/07/04,10.1,
08HB034,1,2013/07/05,8.83,
08HB034,1,2013/07/06,7.65,
08HB034,1,2013/07/07,6.84,
08HB034,1,2013/07/08,6.31,
08HB034,1,2013/07/09,5.94,
08HB034,1,2013/07/10,5.49,
08HB034,1,2013/07/11,5.23,
08HB034,1,2013/07/12,4.74,
08HB034,1,2013/07/13,4.47,
08HB034,1,2013/07/14,4.24,
08HB034,1,2013/07/15,4.02,
08HB034,1,2013/07/16,3.81,
08HB034,1,2013/07/17,3.89,
08HB034,1,2013/07/18,4.02,
08HB034,1,2013/07/19,4.15,
08HB034,1,2013/07/20,4.50,
08HB034,1,2013/07/21,4.69,
08HB034,1,2013/07/22,4.80,
08HB034,1,2013/07/23,4.87,
08HB034,1,2013/07/24,4.86,
08HB034,1,2013/07/25,4.76,
08HB034,1,2013/07/26,4.61,
08HB034,1,2013/07/27,4.52,
08HB034,1,2013/07/28,4.36,
08HB034,1,2013/07/29,4.26,
08HB034,1,2013/07/30,4.27,
08HB034,1,2013/07/31,4.25,
08HB034,1,2013/08/01,4.03,
08HB034,1,2013/08/02,3.82,
08HB034,1,2013/08/03,3.75,
08HB034,1,2013/08/04,3.60,
08HB034,1,2013/08/05,3.58,
08HB034,1,2013/08/06,3.33,
08HB034,1,2013/08/07,3.19,
08HB034,1,2013/08/08,3.30,
08HB034,1,2013/08/09,3.51,
08HB034,1,2013/08/10,3.97,
08HB034,1,2013/08/11,4.41,
08HB034,1,2013/08/12,4.71,
08HB034,1,2013/08/13,4.72,
08HB034,1,2013/08/14,4.47,
08HB034,1,2013/08/15,4.32,
08HB034,1,2013/08/16,4.29,
08HB034,1,2013/08/17,4.36,
08HB034,1,2013/08/18,4.35,
08HB034,1,2013/08/19,4.31,
08HB034,1,2013/08/20,4.25,
08HB034,1,2013/08/21,4.19,
08HB034,1,2013/08/22,4.09,
08HB034,1,2013/08/23,4.03,
08HB034,1,2013/08/24,4.04,
08HB034,1,2013/08/25,4.05,
08HB034,1,2013/08/26,3.99,
08HB034,1,2013/08/27,3.99,
08HB034,1,2013/08/28,4.19,
08HB034,1,2013/08/29,4.62,
08HB034,1,2013/08/30,9.00,
08HB034,1,2013/08/31,12.7,
08HB034,1,2013/09/01,12.1,
08HB034,1,2013/09/02,10.1,
08HB034,1,2013/09/03,8.67,
08HB034,1,2013/09/04,7.66,
08HB034,1,2013/09/05,6.84,
08HB034,1,2013/09/06,6.28,
08HB034,1,2013/09/07,5.90,
08HB034,1,2013/09/08,5.68,
08HB034,1,2013/09/09,5.39,
08HB034,1,2013/09/10,5.17,
08HB034,1,2013/09/11,4.91,
08HB034,1,2013/09/12,4.70,
08HB034,1,2013/09/13,4.62,
08HB034,1,2013/09/14,4.70,
08HB034,1,2013/09/15,4.52,
08HB034,1,2013/09/16,4.67,
08HB034,1,2013/09/17,4.76,
08HB034,1,2013/09/18,4.78,
08HB034,1,2013/09/19,4.70,
08HB034,1,2013/09/20,4.60,
08HB034,1,2013/09/21,4.72,
08HB034,1,2013/09/22,5.73,
08HB034,1,2013/09/23,12.1,
08HB034,1,2013/09/24,15.7,
08HB034,1,2013/09/25,18.6,
08HB034,1,2013/09/26,17.0,
08HB034,1,2013/09/27,15.3,
08HB034,1,2013/09/28,22.7,
08HB034,1,2013/09/29,84.7,
08HB034,1,2013/09/30,213,
08HB034,1,2013/10/01,168,
08HB034,1,2013/10/02,105,
08HB034,1,2013/10/03,73.3,
08HB034,1,2013/10/04,52.8,
08HB034,1,2013/10/05,40.9,
08HB034,1,2013/10/06,33.8,
08HB034,1,2013/10/07,30.8,
08HB034,1,2013/10/08,30.4,
08HB034,1,2013/10/09,29.1,
08HB034,1,2013/10/10,26.8,
08HB034,1,2013/10/11,22.6,
08HB034,1,2013/10/12,16.4,
08HB034,1,2013/10/13,14.8,
08HB034,1,2013/10/14,13.6,
08HB034,1,2013/10/15,12.6,
08HB034,1,2013/10/16,11.4,
08HB034,1,2013/10/17,10.7,
08HB034,1,2013/10/18,10.1,
08HB034,1,2013/10/19,9.59,
08HB034,1,2013/10/20,9.19,
08HB034,1,2013/10/21,8.82,
08HB034,1,2013/10/22,8.50,
08HB034,1,2013/10/23,8.16,
08HB034,1,2013/10/24,7.87,
08HB034,1,2013/10/25,7.99,
08HB034,1,2013/10/26,8.12,
08HB034,1,2013/10/27,8.11,
08HB034,1,2013/10/28,7.96,
08HB034,1,2013/10/29,7.45,
08HB034,1,2013/10/30,7.32,
08HB034,1,2013/10/31,7.29,
08HB034,1,2013/11/01,7.32,
08HB034,1,2013/11/02,14.7,
08HB034,1,2013/11/03,19.8,
08HB034,1,2013/11/04,18.2,
08HB034,1,2013/11/05,16.7,
08HB034,1,2013/11/06,15.1,
08HB034,1,2013/11/07,35.6,
08HB034,1,2013/11/08,57.7,
08HB034,1,2013/11/09,47.5,
08HB034,1,2013/11/10,36.8,
08HB034,1,2013/11/11,29.7,
08HB034,1,2013/11/12,27.2,
08HB034,1,2013/11/13,39.4,
08HB034,1,2013/11/14,42.2,
08HB034,1,2013/11/15,34.9,
08HB034,1,2013/11/16,29.2,
08HB034,1,2013/11/17,25.4,
08HB034,1,2013/11/18,25.4,
08HB034,1,2013/11/19,28.7,
08HB034,1,2013/11/20,26.9,
08HB034,1,2013/11/21,23.6,
08HB034,1,2013/11/22,20.4,
08HB034,1,2013/11/23,18.3,
08HB034,1,2013/11/24,16.7,
08HB034,1,2013/11/25,15.3,
08HB034,1,2013/11/26,14.2,
08HB034,1,2013/11/27,13.4,
08HB034,1,2013/11/28,12.7,
08HB034,1,2013/11/29,12.3,
08HB034,1,2013/11/30,12.1,
08HB034,1,2013/12/01,12.7,
08HB034,1,2013/12/02,14.5,
08HB034,1,2013/12/03,14.7,
08HB034,1,2013/12/04,13.9,
08HB034,1,2013/12/05,12.7,
08HB034,1,2013/12/06,11.6,
08HB034,1,2013/12/07,9.85,B
08HB034,1,2013/12/08,9.23,B
08HB034,1,2013/12/09,9.34,A
08HB034,1,2013/12/10,9.10,
08HB034,1,2013/12/11,8.76,
08HB034,1,2013/12/12,8.68,
08HB034,1,2013/12/13,8.67,
08HB034,1,2013/12/14,8.60,
08HB034,1,2013/12/15,9.69,
08HB034,1,2013/12/16,11.6,
08HB034,1,2013/12/17,12.0,
08HB034,1,2013/12/18,11.9,
08HB034,1,2013/12/19,11.3,
08HB034,1,2013/12/20,11.0,
08HB034,1,2013/12/21,10.4,
08HB034,1,2013/12/22,10.2,
08HB034,1,2013/12/23,11.6,
08HB034,1,2013/12/24,15.5,
08HB034,1,2013/12/25,16.7,
08HB034,1,2013/12/26,16.1,
08HB034,1,2013/12/27,15.6,
08HB034,1,2013/12/28,17.1,
08HB034,1,2013/12/29,16.9,
08HB034,1,2013/12/30,16.1,
08HB034,1,2013/12/31,15.1,
08HB034,1,2014/01/01,14.1,
08HB034,1,2014/01/02,14.1,
08HB034,1,2014/01/03,23.1,
08HB034,1,2014/01/04,25.2,
08HB034,1,2014/01/05,22.9,
08HB034,1,2014/01/06,19.9,
08HB034,1,2014/01/07,18.1,
08HB034,1,2014/01/08,18.3,
08HB034,1,2014/01/09,29.3,
08HB034,1,2014/01/10,37.5,
08HB034,1,2014/01/11,254,
08HB034,1,2014/01/12,231,
08HB034,1,2014/01/13,128,
08HB034,1,2014/01/14,91.0,
08HB034,1,2014/01/15,65.8,
08HB034,1,2014/01/16,47.1,
08HB034,1,2014/01/17,38.2,
08HB034,1,2014/01/18,32.1,
08HB034,1,2014/01/19,27.7,
08HB034,1,2014/01/20,24.3,
08HB034,1,2014/01/21,21.4,
08HB034,1,2014/01/22,18.6,
08HB034,1,2014/01/23,16.9,
08HB034,1,2014/01/24,15.1,
08HB034,1,2014/01/25,13.9,
08HB034,1,2014/01/26,13.2,
08HB034,1,2014/01/27,12.5,
08HB034,1,2014/01/28,12.3,
08HB034,1,2014/01/29,13.9,
08HB034,1,2014/01/30,15.6,
08HB034,1,2014/01/31,15.4,
08HB034,1,2014/02/01,14.5,
08HB034,1,2014/02/02,13.7,
08HB034,1,2014/02/03,12.9,
08HB034,1,2014/02/04,11.9,
08HB034,1,2014/02/05,10.5,
08HB034,1,2014/02/06,9.59,B
08HB034,1,2014/02/07,8.49,B
08HB034,1,2014/02/08,7.79,B
08HB034,1,2014/02/09,8.44,B
08HB034,1,2014/02/10,8.99,
08HB034,1,2014/02/11,9.67,
08HB034,1,2014/02/12,21.8,
08HB034,1,2014/02/13,32.7,
08HB034,1,2014/02/14,51.6,
08HB034,1,2014/02/15,65.0,
08HB034,1,2014/02/16,84.8,
08HB034,1,2014/02/17,78.6,
08HB034,1,2014/02/18,71.2,
08HB034,1,2014/02/19,64.1,
08HB034,1,2014/02/20,49.9,
08HB034,1,2014/02/21,38.9,
08HB034,1,2014/02/22,32.4,
08HB034,1,2014/02/23,28.7,
08HB034,1,2014/02/24,25.4,
08HB034,1,2014/02/25,23.2,
08HB034,1,2014/02/26,21.1,
08HB034,1,2014/02/27,19.5,
08HB034,1,2014/02/28,17.7,
08HB034,1,2014/03/01,17.7,
08HB034,1,2014/03/02,17.7,
08HB034,1,2014/03/03,19.0,
08HB034,1,2014/03/04,25.8,
08HB034,1,2014/03/05,35.7,
08HB034,1,2014/03/06,115,
08HB034,1,2014/03/07,160,
08HB034,1,2014/03/08,167,
08HB034,1,2014/03/09,263,
08HB034,1,2014/03/10,171,
08HB034,1,2014/03/11,105,
08HB034,1,2014/03/12,72.8,
08HB034,1,2014/03/13,57.6,
08HB034,1,2014/03/14,58.4,
08HB034,1,2014/03/15,89.9,
08HB034,1,2014/03/16,183,
08HB034,1,2014/03/17,151,
08HB034,1,2014/03/18,95.9,
08HB034,1,2014/03/19,67.5,
08HB034,1,2014/03/20,54.8,
08HB034,1,2014/03/21,45.3,
08HB034,1,2014/03/22,37.4,
08HB034,1,2014/03/23,32.0,
08HB034,1,2014/03/24,27.6,
08HB034,1,2014/03/25,28.3,
08HB034,1,2014/03/26,52.8,
08HB034,1,2014/03/27,60.5,
08HB034,1,2014/03/28,66.1,
08HB034,1,2014/03/29,124,
08HB034,1,2014/03/30,155,
08HB034,1,2014/03/31,110,
08HB034,1,2014/04/01,73.9,
08HB034,1,2014/04/02,55.2,
08HB034,1,2014/04/03,45.3,
08HB034,1,2014/04/04,44.1,
08HB034,1,2014/04/05,42.0,
08HB034,1,2014/04/06,42.6,
08HB034,1,2014/04/07,42.1,
08HB034,1,2014/04/08,49.5,
08HB034,1,2014/04/09,55.8,
08HB034,1,2014/04/10,44.7,
08HB034,1,2014/04/11,36.0,
08HB034,1,2014/04/12,30.9,
08HB034,1,2014/04/13,28.0,
08HB034,1,2014/04/14,26.4,
08HB034,1,2014/04/15,25.1,
08HB034,1,2014/04/16,27.2,
08HB034,1,2014/04/17,44.2,
08HB034,1,2014/04/18,68.5,
08HB034,1,2014/04/19,60.0,
08HB034,1,2014/04/20,52.0,
08HB034,1,2014/04/21,51.1,
08HB034,1,2014/04/22,53.9,
08HB034,1,2014/04/23,47.3,
08HB034,1,2014/04/24,48.9,
08HB034,1,2014/04/25,59.3,
08HB034,1,2014/04/26,55.5,
08HB034,1,2014/04/27,48.0,
08HB034,1,2014/04/28,41.8,
08HB034,1,2014/04/29,35.0,
08HB034,1,2014/04/30,30.9,
08HB034,1,2014/05/01,33.3,
08HB034,1,2014/05/02,41.7,
08HB034,1,2014/05/03,41.3,
08HB034,1,2014/05/04,39.1,
08HB034,1,2014/05/05,36.5,
08HB034,1,2014/05/06,32.5,
08HB034,1,2014/05/07,28.1,
08HB034,1,2014/05/08,24.9,
08HB034,1,2014/05/09,29.9,
08HB034,1,2014/05/10,32.0,
08HB034,1,2014/05/11,29.6,
08HB034,1,2014/05/12,26.2,
08HB034,1,2014/05/13,24.4,
08HB034,1,2014/05/14,24.1,
08HB034,1,2014/05/15,24.5,
08HB034,1,2014/05/16,25.6,
08HB034,1,2014/05/17,23.4,
08HB034,1,2014/05/18,20.7,
08HB034,1,2014/05/19,19.1,
08HB034,1,2014/05/20,18.4,
08HB034,1,2014/05/21,16.5,
08HB034,1,2014/05/22,15.6,
08HB034,1,2014/05/23,16.2,
08HB034,1,2014/05/24,15.3,
08HB034,1,2014/05/25,14.2,
08HB034,1,2014/05/26,13.4,
08HB034,1,2014/05/27,12.5,
08HB034,1,2014/05/28,11.7,
08HB034,1,2014/05/29,11.1,
08HB034,1,2014/05/30,10.2,
08HB034,1,2014/05/31,9.49,
08HB034,1,2014/06/01,8.95,
08HB034,1,2014/06/02,8.62,
08HB034,1,2014/06/03,8.22,
08HB034,1,2014/06/04,7.98,
08HB034,1,2014/06/05,7.51,
08HB034,1,2014/06/06,7.00,
08HB034,1,2014/06/07,6.47,
08HB034,1,2014/06/08,6.15,
08HB034,1,2014/06/09,5.83,
08HB034,1,2014/06/10,5.48,
08HB034,1,2014/06/11,5.32,
08HB034,1,2014/06/12,5.10,
08HB034,1,2014/06/13,5.97,
08HB034,1,2014/06/14,5.69,
08HB034,1,2014/06/15,5.45,
08HB034,1,2014/06/16,5.10,
08HB034,1,2014/06/17,4.56,
08HB034,1,2014/06/18,4.21,
08HB034,1,2014/06/19,4.14,
08HB034,1,2014/06/20,4.17,
08HB034,1,2014/06/21,4.88,
08HB034,1,2014/06/22,5.09,
08HB034,1,2014/06/23,5.00,
08HB034,1,2014/06/24,4.75,
08HB034,1,2014/06/25,4.58,
08HB034,1,2014/06/26,4.32,
08HB034,1,2014/06/27,4.07,
08HB034,1,2014/06/28,4.08,
08HB034,1,2014/06/29,4.19,
08HB034,1,2014/06/30,4.53,
08HB034,1,2014/07/01,5.21,
08HB034,1,2014/07/02,5.16,
08HB034,1,2014/07/03,4.66,
08HB034,1,2014/07/04,4.58,
08HB034,1,2014/07/05,4.37,
08HB034,1,2014/07/06,4.00,
08HB034,1,2014/07/07,4.06,
08HB034,1,2014/07/08,4.81,
08HB034,1,2014/07/09,4.78,
08HB034,1,2014/07/10,4.34,
08HB034,1,2014/07/11,4.75,
08HB034,1,2014/07/12,4.73,
08HB034,1,2014/07/13,4.28,
08HB034,1,2014/07/14,4.18,
08HB034,1,2014/07/15,3.85,
08HB034,1,2014/07/16,3.41,
08HB034,1,2014/07/17,3.35,
08HB034,1,2014/07/18,2.89,
08HB034,1,2014/07/19,3.06,
08HB034,1,2014/07/20,3.34,
08HB034,1,2014/07/21,2.93,
08HB034,1,2014/07/22,2.88,
08HB034,1,2014/07/23,2.98,
08HB034,1,2014/07/24,3.15,
08HB034,1,2014/07/25,3.30,
08HB034,1,2014/07/26,3.42,
08HB034,1,2014/07/27,3.09,
08HB034,1,2014/07/28,3.26,
08HB034,1,2014/07/29,3.36,
08HB034,1,2014/07/30,3.28,
08HB034,1,2014/07/31,3.01,
08HB034,1,2014/08/01,3.13,
08HB034,1,2014/08/02,3.00,
08HB034,1,2014/08/03,3.38,
08HB034,1,2014/08/04,3.17,
08HB034,1,2014/08/05,2.93,
08HB034,1,2014/08/06,3.02,
08HB034,1,2014/08/07,3.09,
08HB034,1,2014/08/08,3.15,
08HB034,1,2014/08/09,3.17,
08HB034,1,2014/08/10,2.92,
08HB034,1,2014/08/11,2.83,
08HB034,1,2014/08/12,2.94,
08HB034,1,2014/08/13,2.81,A
08HB034,1,2014/08/14,2.89,
08HB034,1,2014/08/15,2.98,
08HB034,1,2014/08/16,3.05,
08HB034,1,2014/08/17,2.95,
08HB034,1,2014/08/18,2.94,
08HB034,1,2014/08/19,3.23,
08HB034,1,2014/08/20,3.51,
08HB034,1,2014/08/21,2.93,
08HB034,1,2014/08/22,2.92,
08HB034,1,2014/08/23,2.92,
08HB034,1,2014/08/24,2.91,
08HB034,1,2014/08/25,2.85,
08HB034,1,2014/08/26,2.72,
08HB034,1,2014/08/27,2.87,
08HB034,1,2014/08/28,3.14,
08HB034,1,2014/08/29,2.96,
08HB034,1,2014/08/30,2.87,
08HB034,1,2014/08/31,3.11,
08HB034,1,2014/09/01,3.17,
08HB034,1,2014/09/02,3.08,
08HB034,1,2014/09/03,3.27,
08HB034,1,2014/09/04,3.26,
08HB034,1,2014/09/05,3.27,
08HB034,1,2014/09/06,3.25,
08HB034,1,2014/09/07,3.22,
08HB034,1,2014/09/08,3.21,
08HB034,1,2014/09/09,3.30,
08HB034,1,2014/09/10,3.50,
08HB034,1,2014/09/11,3.41,
08HB034,1,2014/09/12,3.46,
08HB034,1,2014/09/13,3.68,
08HB034,1,2014/09/14,3.93,
08HB034,1,2014/09/15,3.86,
08HB034,1,2014/09/16,4.11,
08HB034,1,2014/09/17,4.23,
08HB034,1,2014/09/18,4.08,
08HB034,1,2014/09/19,4.13,
08HB034,1,2014/09/20,4.16,
08HB034,1,2014/09/21,4.20,
08HB034,1,2014/09/22,4.20,
08HB034,1,2014/09/23,4.24,
08HB034,1,2014/09/24,4.82,
08HB034,1,2014/09/25,5.45,
08HB034,1,2014/09/26,6.49,
08HB034,1,2014/09/27,7.33,
08HB034,1,2014/09/28,6.63,
08HB034,1,2014/09/29,6.10,
08HB034,1,2014/09/30,5.73,
08HB034,1,2014/10/01,6.80,
08HB034,1,2014/10/02,12.5,
08HB034,1,2014/10/03,11.0,
08HB034,1,2014/10/04,5.94,
08HB034,1,2014/10/05,5.59,
08HB034,1,2014/10/06,5.38,
08HB034,1,2014/10/07,4.93,
08HB034,1,2014/10/08,4.77,
08HB034,1,2014/10/09,4.72,
08HB034,1,2014/10/10,4.62,
08HB034,1,2014/10/11,4.58,
08HB034,1,2014/10/12,4.67,
08HB034,1,2014/10/13,5.02,
08HB034,1,2014/10/14,14.5,
08HB034,1,2014/10/15,17.7,
08HB034,1,2014/10/16,17.0,
08HB034,1,2014/10/17,16.0,
08HB034,1,2014/10/18,35.0,
08HB034,1,2014/10/19,35.6,
08HB034,1,2014/10/20,40.2,
08HB034,1,2014/10/21,51.3,
08HB034,1,2014/10/22,210,
08HB034,1,2014/10/23,160,
08HB034,1,2014/10/24,104,
08HB034,1,2014/10/25,105,
08HB034,1,2014/10/26,122,
08HB034,1,2014/10/27,82.8,
08HB034,1,2014/10/28,101,
08HB034,1,2014/10/29,149,
08HB034,1,2014/10/30,125,
08HB034,1,2014/10/31,118,
08HB034,1,2014/11/01,81.8,
08HB034,1,2014/11/02,56.1,
08HB034,1,2014/11/03,45.0,
08HB034,1,2014/11/04,112,
08HB034,1,2014/11/05,92.4,
08HB034,1,2014/11/06,127,
08HB034,1,2014/11/07,163,
08HB034,1,2014/11/08,101,
08HB034,1,2014/11/09,65.9,
08HB034,1,2014/11/10,47.6,
08HB034,1,2014/11/11,34.7,
08HB034,1,2014/11/12,28.3,
08HB034,1,2014/11/13,23.5,
08HB034,1,2014/11/14,20.2,
08HB034,1,2014/11/15,17.2,
08HB034,1,2014/11/16,15.4,
08HB034,1,2014/11/17,14.0,
08HB034,1,2014/11/18,13.1,
08HB034,1,2014/11/19,12.3,
08HB034,1,2014/11/20,12.1,
08HB034,1,2014/11/21,21.5,
08HB034,1,2014/11/22,61.8,
08HB034,1,2014/11/23,73.1,
08HB034,1,2014/11/24,77.8,
08HB034,1,2014/11/25,104,
08HB034,1,2014/11/26,181,
08HB034,1,2014/11/27,287,
08HB034,1,2014/11/28,331,
08HB034,1,2014/11/29,181,
08HB034,1,2014/11/30,94.4,
08HB034,1,2014/12/01,60.1,
08HB034,1,2014/12/02,40.9,
08HB034,1,2014/12/03,32.4,
08HB034,1,2014/12/04,27.1,
08HB034,1,2014/12/05,24.5,
08HB034,1,2014/12/06,29.3,
08HB034,1,2014/12/07,38.3,
08HB034,1,2014/12/08,47.8,
08HB034,1,2014/12/09,375,
08HB034,1,2014/12/10,581,
08HB034,1,2014/12/11,448,
08HB034,1,2014/12/12,317,
08HB034,1,2014/12/13,184,
08HB034,1,2014/12/14,108,
08HB034,1,2014/12/15,72.8,
08HB034,1,2014/12/16,51.8,
08HB034,1,2014/12/17,39.3,
08HB034,1,2014/12/18,34.8,
08HB034,1,2014/12/19,57.0,
08HB034,1,2014/12/20,111,
08HB034,1,2014/12/21,205,
08HB034,1,2014/12/22,143,
08HB034,1,2014/12/23,91.0,
08HB034,1,2014/12/24,69.3,
08HB034,1,2014/12/25,54.8,
08HB034,1,2014/12/26,43.7,
08HB034,1,2014/12/27,36.6,
08HB034,1,2014/12/28,32.3,
08HB034,1,2014/12/29,28.5,
08HB034,1,2014/12/30,24.9,
08HB034,1,2014/12/31,21.9,
08HB034,1,2015/01/01,19.6,
08HB034,1,2015/01/02,17.9,
08HB034,1,2015/01/03,16.7,
08HB034,1,2015/01/04,17.3,
08HB034,1,2015/01/05,37.1,
08HB034,1,2015/01/06,87.2,
08HB034,1,2015/01/07,92.1,
08HB034,1,2015/01/08,68.6,
08HB034,1,2015/01/09,51.3,
08HB034,1,2015/01/10,41.7,
08HB034,1,2015/01/11,35.2,
08HB034,1,2015/01/12,30.3,
08HB034,1,2015/01/13,26.6,
08HB034,1,2015/01/14,23.5,
08HB034,1,2015/01/15,21.8,
08HB034,1,2015/01/16,39.7,
08HB034,1,2015/01/17,47.8,
08HB034,1,2015/01/18,132,
08HB034,1,2015/01/19,172,
08HB034,1,2015/01/20,113,
08HB034,1,2015/01/21,73.3,
08HB034,1,2015/01/22,53.6,
08HB034,1,2015/01/23,58.9,
08HB034,1,2015/01/24,123,
08HB034,1,2015/01/25,109,
08HB034,1,2015/01/26,78.9,
08HB034,1,2015/01/27,57.2,
08HB034,1,2015/01/28,43.4,
08HB034,1,2015/01/29,34.2,
08HB034,1,2015/01/30,28.8,
08HB034,1,2015/01/31,25.0,
08HB034,1,2015/02/01,22.7,
08HB034,1,2015/02/02,21.7,
08HB034,1,2015/02/03,21.2,
08HB034,1,2015/02/04,20.6,
08HB034,1,2015/02/05,74.8,
08HB034,1,2015/02/06,513,
08HB034,1,2015/02/07,486,
08HB034,1,2015/02/08,301,
08HB034,1,2015/02/09,208,
08HB034,1,2015/02/10,171,
08HB034,1,2015/02/11,118,
08HB034,1,2015/02/12,83.4,
08HB034,1,2015/02/13,70.2,
08HB034,1,2015/02/14,63.2,
08HB034,1,2015/02/15,53.8,
08HB034,1,2015/02/16,43.9,
08HB034,1,2015/02/17,35.2,
08HB034,1,2015/02/18,30.0,
08HB034,1,2015/02/19,26.0,
08HB034,1,2015/02/20,22.7,
08HB034,1,2015/02/21,20.8,
08HB034,1,2015/02/22,18.7,
08HB034,1,2015/02/23,17.3,
08HB034,1,2015/02/24,15.8,
08HB034,1,2015/02/25,14.4,
08HB034,1,2015/02/26,13.4,
08HB034,1,2015/02/27,19.6,
08HB034,1,2015/02/28,19.6,
08HB034,1,2015/03/01,18.3,
08HB034,1,2015/03/02,17.5,
08HB034,1,2015/03/03,16.2,
08HB034,1,2015/03/04,14.9,
08HB034,1,2015/03/05,13.5,
08HB034,1,2015/03/06,12.6,
08HB034,1,2015/03/07,12.0,
08HB034,1,2015/03/08,11.3,
08HB034,1,2015/03/09,10.8,
08HB034,1,2015/03/10,10.4,
08HB034,1,2015/03/11,10.2,
08HB034,1,2015/03/12,18.4,
08HB034,1,2015/03/13,33.0,
08HB034,1,2015/03/14,51.3,
08HB034,1,2015/03/15,66.0,
08HB034,1,2015/03/16,59.0,
08HB034,1,2015/03/17,44.6,
08HB034,1,2015/03/18,34.3,
08HB034,1,2015/03/19,29.7,
08HB034,1,2015/03/20,79.6,
08HB034,1,2015/03/21,162,
08HB034,1,2015/03/22,117,
08HB034,1,2015/03/23,76.3,
08HB034,1,2015/03/24,55.3,
08HB034,1,2015/03/25,55.3,
08HB034,1,2015/03/26,68.0,
08HB034,1,2015/03/27,61.6,
08HB034,1,2015/03/28,52.6,
08HB034,1,2015/03/29,81.6,
08HB034,1,2015/03/30,150,
08HB034,1,2015/03/31,142,
08HB034,1,2015/04/01,95.2,
08HB034,1,2015/04/02,62.2,
08HB034,1,2015/04/03,43.2,
08HB034,1,2015/04/04,36.3,
08HB034,1,2015/04/05,32.5,
08HB034,1,2015/04/06,29.1,
08HB034,1,2015/04/07,25.6,
08HB034,1,2015/04/08,21.7,
08HB034,1,2015/04/09,19.7,
08HB034,1,2015/04/10,18.3,
08HB034,1,2015/04/11,18.8,
08HB034,1,2015/04/12,17.9,
08HB034,1,2015/04/13,17.5,
08HB034,1,2015/04/14,17.8,
08HB034,1,2015/04/15,17.3,
08HB034,1,2015/04/16,15.7,
08HB034,1,2015/04/17,15.0,
08HB034,1,2015/04/18,14.6,
08HB034,1,2015/04/19,14.2,
08HB034,1,2015/04/20,13.5,
08HB034,1,2015/04/21,12.3,
08HB034,1,2015/04/22,11.6,
08HB034,1,2015/04/23,11.1,
08HB034,1,2015/04/24,11.3,
08HB034,1,2015/04/25,12.4,
08HB034,1,2015/04/26,12.5,
08HB034,1,2015/04/27,13.0,
08HB034,1,2015/04/28,14.8,
08HB034,1,2015/04/29,15.4,
08HB034,1,2015/04/30,14.5,
08HB034,1,2015/05/01,14.8,
08HB034,1,2015/05/02,14.7,
08HB034,1,2015/05/03,13.6,
08HB034,1,2015/05/04,12.4,
08HB034,1,2015/05/05,11.5,
08HB034,1,2015/05/06,10.7,
08HB034,1,2015/05/07,10.3,
08HB034,1,2015/05/08,9.66,
08HB034,1,2015/05/09,8.90,
08HB034,1,2015/05/10,8.22,
08HB034,1,2015/05/11,7.62,
08HB034,1,2015/05/12,7.08,
08HB034,1,2015/05/13,7.02,
08HB034,1,2015/05/14,7.20,
08HB034,1,2015/05/15,7.03,
08HB034,1,2015/05/16,6.67,
08HB034,1,2015/05/17,6.26,A
08HB034,1,2015/05/18,5.86,E
08HB034,1,2015/05/19,6.25,E
08HB034,1,2015/05/20,5.86,E
08HB034,1,2015/05/21,5.75,E
08HB034,1,2015/05/22,5.55,E
08HB034,1,2015/05/23,5.86,E
08HB034,1,2015/05/24,5.61,E
08HB034,1,2015/05/25,5.38,E
08HB034,1,2015/05/26,4.93,E
08HB034,1,2015/05/27,4.50,E
08HB034,1,2015/05/28,4.08,E
08HB034,1,2015/05/29,3.93,E
08HB034,1,2015/05/30,3.78,E
08HB034,1,2015/05/31,3.62,E
08HB034,1,2015/06/01,3.44,E
08HB034,1,2015/06/02,3.37,E
08HB034,1,2015/06/03,3.55,E
08HB034,1,2015/06/04,3.59,E
08HB034,1,2015/06/05,3.56,E
08HB034,1,2015/06/06,3.46,E
08HB034,1,2015/06/07,3.30,E
08HB034,1,2015/06/08,3.06,E
08HB034,1,2015/06/09,2.97,E
08HB034,1,2015/06/10,2.89,E
08HB034,1,2015/06/11,2.80,E
08HB034,1,2015/06/12,2.79,E
08HB034,1,2015/06/13,2.66,E
08HB034,1,2015/06/14,2.64,E
08HB034,1,2015/06/15,2.66,E
08HB034,1,2015/06/16,2.65,E
08HB034,1,2015/06/17,3.37,E
08HB034,1,2015/06/18,3.67,E
08HB034,1,2015/06/19,3.32,E
08HB034,1,2015/06/20,2.96,E
08HB034,1,2015/06/21,2.64,E
08HB034,1,2015/06/22,2.43,E
08HB034,1,2015/06/23,2.82,E
08HB034,1,2015/06/24,2.54,E
08HB034,1,2015/06/25,2.19,E
08HB034,1,2015/06/26,2.22,E
08HB034,1,2015/06/27,2.25,E
08HB034,1,2015/06/28,2.26,E
08HB034,1,2015/06/29,2.26,E
08HB034,1,2015/06/30,2.40,E
08HB034,1,2015/07/01,2.37,
08HB034,1,2015/07/02,2.47,
08HB034,1,2015/07/03,2.70,
08HB034,1,2015/07/04,2.98,
08HB034,1,2015/07/05,3.09,
08HB034,1,2015/07/06,3.37,
08HB034,1,2015/07/07,3.63,
08HB034,1,2015/07/08,3.53,
08HB034,1,2015/07/09,3.28,
08HB034,1,2015/07/10,3.22,
08HB034,1,2015/07/11,3.27,
08HB034,1,2015/07/12,3.42,
08HB034,1,2015/07/13,3.48,
08HB034,1,2015/07/14,3.44,
08HB034,1,2015/07/15,3.25,
08HB034,1,2015/07/16,3.10,
08HB034,1,2015/07/17,2.98,
08HB034,1,2015/07/18,2.97,
08HB034,1,2015/07/19,2.79,
08HB034,1,2015/07/20,2.76,
08HB034,1,2015/07/21,2.88,
08HB034,1,2015/07/22,2.76,
08HB034,1,2015/07/23,2.71,
08HB034,1,2015/07/24,3.01,
08HB034,1,2015/07/25,3.14,
08HB034,1,2015/07/26,3.03,
08HB034,1,2015/07/27,3.07,
08HB034,1,2015/07/28,3.02,
08HB034,1,2015/07/29,2.95,
08HB034,1,2015/07/30,2.85,
08HB034,1,2015/07/31,2.80,
08HB034,1,2015/08/01,2.78,
08HB034,1,2015/08/02,2.78,
08HB034,1,2015/08/03,2.79,
08HB034,1,2015/08/04,2.83,
08HB034,1,2015/08/05,2.92,
08HB034,1,2015/08/06,2.92,
08HB034,1,2015/08/07,2.89,
08HB034,1,2015/08/08,3.04,
08HB034,1,2015/08/09,3.10,
08HB034,1,2015/08/10,3.15,
08HB034,1,2015/08/11,3.24,
08HB034,1,2015/08/12,3.14,
08HB034,1,2015/08/13,2.98,
08HB034,1,2015/08/14,2.93,
08HB034,1,2015/08/15,2.93,
08HB034,1,2015/08/16,2.94,
08HB034,1,2015/08/17,2.91,
08HB034,1,2015/08/18,2.89,
08HB034,1,2015/08/19,2.84,
08HB034,1,2015/08/20,2.72,
08HB034,1,2015/08/21,2.70,
08HB034,1,2015/08/22,2.69,
08HB034,1,2015/08/23,2.70,
08HB034,1,2015/08/24,2.71,
08HB034,1,2015/08/25,2.75,
08HB034,1,2015/08/26,2.76,
08HB034,1,2015/08/27,2.77,
08HB034,1,2015/08/28,2.86,
08HB034,1,2015/08/29,3.49,
08HB034,1,2015/08/30,4.48,
08HB034,1,2015/08/31,9.40,
08HB034,1,2015/09/01,26.7,
08HB034,1,2015/09/02,27.9,
08HB034,1,2015/09/03,21.1,
08HB034,1,2015/09/04,16.8,
08HB034,1,2015/09/05,12.9,
08HB034,1,2015/09/06,10.9,
08HB034,1,2015/09/07,9.65,
08HB034,1,2015/09/08,8.32,
08HB034,1,2015/09/09,7.17,
08HB034,1,2015/09/10,6.44,
08HB034,1,2015/09/11,5.81,
08HB034,1,2015/09/12,5.21,
08HB034,1,2015/09/13,4.67,
08HB034,1,2015/09/14,4.31,
08HB034,1,2015/09/15,4.26,
08HB034,1,2015/09/16,4.33,
08HB034,1,2015/09/17,4.39,
08HB034,1,2015/09/18,4.64,
08HB034,1,2015/09/19,5.19,
08HB034,1,2015/09/20,10.8,
08HB034,1,2015/09/21,25.0,
08HB034,1,2015/09/22,24.6,
08HB034,1,2015/09/23,18.3,
08HB034,1,2015/09/24,14.1,
08HB034,1,2015/09/25,17.3,
08HB034,1,2015/09/26,18.8,
08HB034,1,2015/09/27,16.4,
08HB034,1,2015/09/28,13.4,
08HB034,1,2015/09/29,10.9,
08HB034,1,2015/09/30,9.13,
08HB034,1,2015/10/01,7.76,
08HB034,1,2015/10/02,6.69,
08HB034,1,2015/10/03,6.00,
08HB034,1,2015/10/04,5.66,
08HB034,1,2015/10/05,5.46,
08HB034,1,2015/10/06,5.29,
08HB034,1,2015/10/07,5.28,
08HB034,1,2015/10/08,5.24,
08HB034,1,2015/10/09,5.36,
08HB034,1,2015/10/10,9.90,
08HB034,1,2015/10/11,40.5,
08HB034,1,2015/10/12,39.7,
08HB034,1,2015/10/13,32.4,
08HB034,1,2015/10/14,25.5,
08HB034,1,2015/10/15,19.6,
08HB034,1,2015/10/16,15.3,
08HB034,1,2015/10/17,12.5,
08HB034,1,2015/10/18,11.0,
08HB034,1,2015/10/19,9.80,
08HB034,1,2015/10/20,8.88,
08HB034,1,2015/10/21,8.02,
08HB034,1,2015/10/22,7.37,
08HB034,1,2015/10/23,6.81,
08HB034,1,2015/10/24,6.37,
08HB034,1,2015/10/25,6.03,
08HB034,1,2015/10/26,5.79,
08HB034,1,2015/10/27,5.51,
08HB034,1,2015/10/28,5.60,
08HB034,1,2015/10/29,6.81,
08HB034,1,2015/10/30,9.55,
08HB034,1,2015/10/31,40.0,
08HB034,1,2015/11/01,110,
08HB034,1,2015/11/02,114,
08HB034,1,2015/11/03,73.7,
08HB034,1,2015/11/04,45.6,
08HB034,1,2015/11/05,33.6,
08HB034,1,2015/11/06,25.0,
08HB034,1,2015/11/07,74.5,
08HB034,1,2015/11/08,105,
08HB034,1,2015/11/09,73.1,
08HB034,1,2015/11/10,49.5,
08HB034,1,2015/11/11,52.3,
08HB034,1,2015/11/12,67.3,
08HB034,1,2015/11/13,273,
08HB034,1,2015/11/14,191,
08HB034,1,2015/11/15,98.7,
08HB034,1,2015/11/16,62.4,
08HB034,1,2015/11/17,138,
08HB034,1,2015/11/18,195,
08HB034,1,2015/11/19,110,
08HB034,1,2015/11/20,64.9,
08HB034,1,2015/11/21,44.5,
08HB034,1,2015/11/22,34.0,
08HB034,1,2015/11/23,28.3,
08HB034,1,2015/11/24,25.0,
08HB034,1,2015/11/25,21.1,
08HB034,1,2015/11/26,18.3,
08HB034,1,2015/11/27,16.3,
08HB034,1,2015/11/28,14.7,
08HB034,1,2015/11/29,13.3,
08HB034,1,2015/11/30,12.2,
08HB034,1,2015/12/01,12.1,
08HB034,1,2015/12/02,32.3,
08HB034,1,2015/12/03,201,
08HB034,1,2015/12/04,262,
08HB034,1,2015/12/05,250,
08HB034,1,2015/12/06,412,
08HB034,1,2015/12/07,426,
08HB034,1,2015/12/08,362,
08HB034,1,2015/12/09,353,
08HB034,1,2015/12/10,244,
08HB034,1,2015/12/11,229,
08HB034,1,2015/12/12,153,
08HB034,1,2015/12/13,201,
08HB034,1,2015/12/14,151,
08HB034,1,2015/12/15,94.7,
08HB034,1,2015/12/16,62.2,
08HB034,1,2015/12/17,48.1,
08HB034,1,2015/12/18,42.6,
08HB034,1,2015/12/19,38.1,
08HB034,1,2015/12/20,54.1,
08HB034,1,2015/12/21,58.1,
08HB034,1,2015/12/22,50.8,
08HB034,1,2015/12/23,44.3,
08HB034,1,2015/12/24,37.6,
08HB034,1,2015/12/25,31.8,
08HB034,1,2015/12/26,27.2,
08HB034,1,2015/12/27,25.8,
08HB034,1,2015/12/28,23.6,
08HB034,1,2015/12/29,21.3,
08HB034,1,2015/12/30,19.3,
08HB034,1,2015/12/31,17.4,
08HB034,1,2016/01/01,15.2,
08HB034,1,2016/01/02,14.0,
08HB034,1,2016/01/03,13.1,
08HB034,1,2016/01/04,12.8,
08HB034,1,2016/01/05,12.3,
08HB034,1,2016/01/06,12.2,
08HB034,1,2016/01/07,12.1,
08HB034,1,2016/01/08,11.4,
08HB034,1,2016/01/09,11.3,
08HB034,1,2016/01/10,11.0,
08HB034,1,2016/01/11,10.9,
08HB034,1,2016/01/12,16.4,
08HB034,1,2016/01/13,68.5,
08HB034,1,2016/01/14,72.5,
08HB034,1,2016/01/15,58.7,
08HB034,1,2016/01/16,70.2,
08HB034,1,2016/01/17,116,
08HB034,1,2016/01/18,147,
08HB034,1,2016/01/19,132,
08HB034,1,2016/01/20,99.5,
08HB034,1,2016/01/21,155,
08HB034,1,2016/01/22,294,
08HB034,1,2016/01/23,222,
08HB034,1,2016/01/24,130,
08HB034,1,2016/01/25,84.5,
08HB034,1,2016/01/26,71.5,
08HB034,1,2016/01/27,145,
08HB034,1,2016/01/28,576,
08HB034,1,2016/01/29,322,
08HB034,1,2016/01/30,162,
08HB034,1,2016/01/31,100,
08HB034,1,2016/02/01,69.9,
08HB034,1,2016/02/02,49.5,
08HB034,1,2016/02/03,41.6,
08HB034,1,2016/02/04,43.9,
08HB034,1,2016/02/05,62.4,
08HB034,1,2016/02/06,152,
08HB034,1,2016/02/07,117,
08HB034,1,2016/02/08,78.0,
08HB034,1,2016/02/09,61.9,
08HB034,1,2016/02/10,61.5,
08HB034,1,2016/02/11,74.2,
08HB034,1,2016/02/12,144,
08HB034,1,2016/02/13,179,
08HB034,1,2016/02/14,149,
08HB034,1,2016/02/15,136,
08HB034,1,2016/02/16,207,
08HB034,1,2016/02/17,150,
08HB034,1,2016/02/18,134,
08HB034,1,2016/02/19,118,
08HB034,1,2016/02/20,109,
08HB034,1,2016/02/21,86.1,
08HB034,1,2016/02/22,65.5,
08HB034,1,2016/02/23,49.9,
08HB034,1,2016/02/24,40.8,
08HB034,1,2016/02/25,34.1,
08HB034,1,2016/02/26,29.6,
08HB034,1,2016/02/27,27.7,
08HB034,1,2016/02/28,32.4,
08HB034,1,2016/02/29,45.7,
08HB034,1,2016/03/01,90.3,
08HB034,1,2016/03/02,191,
08HB034,1,2016/03/03,197,
08HB034,1,2016/03/04,175,
08HB034,1,2016/03/05,253,
08HB034,1,2016/03/06,223,
08HB034,1,2016/03/07,192,
08HB034,1,2016/03/08,125,
08HB034,1,2016/03/09,92.4,
08HB034,1,2016/03/10,325,
08HB034,1,2016/03/11,286,
08HB034,1,2016/03/12,159,
08HB034,1,2016/03/13,119,
08HB034,1,2016/03/14,103,
08HB034,1,2016/03/15,78.8,
08HB034,1,2016/03/16,60.5,
08HB034,1,2016/03/17,46.7,
08HB034,1,2016/03/18,38.7,
08HB034,1,2016/03/19,33.1,
08HB034,1,2016/03/20,29.8,
08HB034,1,2016/03/21,34.0,
08HB034,1,2016/03/22,44.6,
08HB034,1,2016/03/23,46.6,
08HB034,1,2016/03/24,62.5,
08HB034,1,2016/03/25,62.5,
08HB034,1,2016/03/26,50.5,
08HB034,1,2016/03/27,43.2,
08HB034,1,2016/03/28,38.9,
08HB034,1,2016/03/29,34.2,
08HB034,1,2016/03/30,30.4,
08HB034,1,2016/03/31,30.2,
08HB034,1,2016/04/01,34.8,
08HB034,1,2016/04/02,37.2,
08HB034,1,2016/04/03,34.9,
08HB034,1,2016/04/04,35.2,
08HB034,1,2016/04/05,34.6,
08HB034,1,2016/04/06,32.3,
08HB034,1,2016/04/07,32.9,
08HB034,1,2016/04/08,34.3,
08HB034,1,2016/04/09,34.5,
08HB034,1,2016/04/10,30.8,
08HB034,1,2016/04/11,27.0,
08HB034,1,2016/04/12,23.8,
08HB034,1,2016/04/13,24.9,
08HB034,1,2016/04/14,24.9,
08HB034,1,2016/04/15,22.8,
08HB034,1,2016/04/16,20.4,
08HB034,1,2016/04/17,18.7,
08HB034,1,2016/04/18,18.6,
08HB034,1,2016/04/19,20.6,
08HB034,1,2016/04/20,23.8,
08HB034,1,2016/04/21,25.3,
08HB034,1,2016/04/22,23.5,
08HB034,1,2016/04/23,21.0,
08HB034,1,2016/04/24,19.1,
08HB034,1,2016/04/25,17.7,
08HB034,1,2016/04/26,15.7,
08HB034,1,2016/04/27,13.6,
08HB034,1,2016/04/28,11.7,
08HB034,1,2016/04/29,10.6,
08HB034,1,2016/04/30,9.82,
08HB034,1,2016/05/01,9.39,
08HB034,1,2016/05/02,9.29,
08HB034,1,2016/05/03,10.3,
08HB034,1,2016/05/04,10.8,
08HB034,1,2016/05/05,10.4,
08HB034,1,2016/05/06,9.42,
08HB034,1,2016/05/07,8.62,
08HB034,1,2016/05/08,8.58,
08HB034,1,2016/05/09,8.25,
08HB034,1,2016/05/10,7.64,
08HB034,1,2016/05/11,7.14,
08HB034,1,2016/05/12,6.89,
08HB034,1,2016/05/13,6.57,
08HB034,1,2016/05/14,6.47,
08HB034,1,2016/05/15,6.59,
08HB034,1,2016/05/16,6.62,
08HB034,1,2016/05/17,6.41,
08HB034,1,2016/05/18,6.20,
08HB034,1,2016/05/19,6.09,
08HB034,1,2016/05/20,5.76,
08HB034,1,2016/05/21,5.33,
08HB034,1,2016/05/22,5.14,
08HB034,1,2016/05/23,4.68,
08HB034,1,2016/05/24,4.48,
08HB034,1,2016/05/25,4.28,
08HB034,1,2016/05/26,4.16,
08HB034,1,2016/05/27,4.23,
08HB034,1,2016/05/28,4.29,
08HB034,1,2016/05/29,5.23,
08HB034,1,2016/05/30,5.11,
08HB034,1,2016/05/31,5.10,
08HB034,1,2016/06/01,4.98,
08HB034,1,2016/06/02,5.40,
08HB034,1,2016/06/03,5.46,
08HB034,1,2016/06/04,5.37,
08HB034,1,2016/06/05,5.25,
08HB034,1,2016/06/06,5.15,
08HB034,1,2016/06/07,4.86,
08HB034,1,2016/06/08,4.47,
08HB034,1,2016/06/09,4.06,
08HB034,1,2016/06/10,3.85,
08HB034,1,2016/06/11,3.65,
08HB034,1,2016/06/12,3.24,
08HB034,1,2016/06/13,2.93,
08HB034,1,2016/06/14,2.80,
08HB034,1,2016/06/15,2.95,
08HB034,1,2016/06/16,3.07,
08HB034,1,2016/06/17,3.32,
08HB034,1,2016/06/18,3.24,
08HB034,1,2016/06/19,3.14,
08HB034,1,2016/06/20,2.97,
08HB034,1,2016/06/21,2.84,
08HB034,1,2016/06/22,2.89,
08HB034,1,2016/06/23,3.51,
08HB034,1,2016/06/24,4.14,
08HB034,1,2016/06/25,3.98,
08HB034,1,2016/06/26,3.84,
08HB034,1,2016/06/27,3.60,
08HB034,1,2016/06/28,3.37,
08HB034,1,2016/06/29,3.21,
08HB034,1,2016/06/30,3.26,
08HB034,1,2016/07/01,3.31,
08HB034,1,2016/07/02,3.32,
08HB034,1,2016/07/03,3.21,
08HB034,1,2016/07/04,3.04,
08HB034,1,2016/07/05,3.04,
08HB034,1,2016/07/06,2.99,
08HB034,1,2016/07/07,3.20,
08HB034,1,2016/07/08,3.68,
08HB034,1,2016/07/09,4.55,
08HB034,1,2016/07/10,5.09,
08HB034,1,2016/07/11,5.12,
08HB034,1,2016/07/12,5.03,
08HB034,1,2016/07/13,4.97,
08HB034,1,2016/07/14,4.85,
08HB034,1,2016/07/15,4.82,
08HB034,1,2016/07/16,4.66,
08HB034,1,2016/07/17,4.61,
08HB034,1,2016/07/18,4.48,
08HB034,1,2016/07/19,4.79,
08HB034,1,2016/07/20,4.71,
08HB034,1,2016/07/21,4.62,
08HB034,1,2016/07/22,4.53,
08HB034,1,2016/07/23,4.22,
08HB034,1,2016/07/24,4.15,
08HB034,1,2016/07/25,3.96,
08HB034,1,2016/07/26,3.84,
08HB034,1,2016/07/27,3.76,
08HB034,1,2016/07/28,3.66,
08HB034,1,2016/07/29,3.70,
08HB034,1,2016/07/30,3.85,
08HB034,1,2016/07/31,4.05,
08HB034,1,2016/08/01,4.18,
08HB034,1,2016/08/02,4.41,
08HB034,1,2016/08/03,4.66,
08HB034,1,2016/08/04,4.55,
08HB034,1,2016/08/05,4.36,
08HB034,1,2016/08/06,4.24,
08HB034,1,2016/08/07,4.28,
08HB034,1,2016/08/08,4.42,
08HB034,1,2016/08/09,4.41,
08HB034,1,2016/08/10,4.45,
08HB034,1,2016/08/11,4.33,
08HB034,1,2016/08/12,4.11,
08HB034,1,2016/08/13,3.97,
08HB034,1,2016/08/14,3.86,
08HB034,1,2016/08/15,3.74,
08HB034,1,2016/08/16,3.71,
08HB034,1,2016/08/17,3.65,
08HB034,1,2016/08/18,3.64,
08HB034,1,2016/08/19,3.65,
08HB034,1,2016/08/20,3.76,
08HB034,1,2016/08/21,3.87,
08HB034,1,2016/08/22,4.22,
08HB034,1,2016/08/23,4.57,
08HB034,1,2016/08/24,4.75,
08HB034,1,2016/08/25,4.80,
08HB034,1,2016/08/26,4.75,
08HB034,1,2016/08/27,4.70,
08HB034,1,2016/08/28,4.70,
08HB034,1,2016/08/29,4.75,
08HB034,1,2016/08/30,4.78,
08HB034,1,2016/08/31,5.02,
08HB034,1,2016/09/01,5.20,
08HB034,1,2016/09/02,5.52,
08HB034,1,2016/09/03,5.92,
08HB034,1,2016/09/04,5.80,
08HB034,1,2016/09/05,5.55,
08HB034,1,2016/09/06,5.34,
08HB034,1,2016/09/07,5.19,
08HB034,1,2016/09/08,5.03,
08HB034,1,2016/09/09,4.83,
08HB034,1,2016/09/10,4.65,
08HB034,1,2016/09/11,4.34,
08HB034,1,2016/09/12,3.96,
08HB034,1,2016/09/13,3.71,
08HB034,1,2016/09/14,3.50,
08HB034,1,2016/09/15,3.39,
08HB034,1,2016/09/16,3.41,
08HB034,1,2016/09/17,3.54,
08HB034,1,2016/09/18,3.64,
08HB034,1,2016/09/19,4.17,
08HB034,1,2016/09/20,4.77,
08HB034,1,2016/09/21,4.82,
08HB034,1,2016/09/22,4.74,
08HB034,1,2016/09/23,4.61,
08HB034,1,2016/09/24,4.54,
08HB034,1,2016/09/25,4.54,
08HB034,1,2016/09/26,4.37,
08HB034,1,2016/09/27,4.22,
08HB034,1,2016/09/28,4.03,
08HB034,1,2016/09/29,3.90,
08HB034,1,2016/09/30,3.79,
08HB034,1,2016/10/01,3.81,
08HB034,1,2016/10/02,4.18,
08HB034,1,2016/10/03,4.31,
08HB034,1,2016/10/04,4.84,
08HB034,1,2016/10/05,9.63,
08HB034,1,2016/10/06,16.3,
08HB034,1,2016/10/07,22.7,
08HB034,1,2016/10/08,37.0,
08HB034,1,2016/10/09,50.9,
08HB034,1,2016/10/10,36.9,
08HB034,1,2016/10/11,25.3,
08HB034,1,2016/10/12,18.6,
08HB034,1,2016/10/13,43.0,
08HB034,1,2016/10/14,191,
08HB034,1,2016/10/15,240,
08HB034,1,2016/10/16,292,
08HB034,1,2016/10/17,205,
08HB034,1,2016/10/18,118,
08HB034,1,2016/10/19,76.7,
08HB034,1,2016/10/20,71.7,
08HB034,1,2016/10/21,83.2,
08HB034,1,2016/10/22,99.1,
08HB034,1,2016/10/23,78.6,
08HB034,1,2016/10/24,62.5,
08HB034,1,2016/10/25,68.4,
08HB034,1,2016/10/26,104,
08HB034,1,2016/10/27,150,
08HB034,1,2016/10/28,131,
08HB034,1,2016/10/29,88.5,
08HB034,1,2016/10/30,66.0,
08HB034,1,2016/10/31,57.4,
08HB034,1,2016/11/01,52.9,
08HB034,1,2016/11/02,201,
08HB034,1,2016/11/03,355,
08HB034,1,2016/11/04,181,
08HB034,1,2016/11/05,155,
08HB034,1,2016/11/06,150,
08HB034,1,2016/11/07,146,
08HB034,1,2016/11/08,208,
08HB034,1,2016/11/09,307,
08HB034,1,2016/11/10,177,
08HB034,1,2016/11/11,97.7,
08HB034,1,2016/11/12,81.4,
08HB034,1,2016/11/13,95.1,
08HB034,1,2016/11/14,150,
08HB034,1,2016/11/15,115,
08HB034,1,2016/11/16,79.5,
08HB034,1,2016/11/17,60.1,
08HB034,1,2016/11/18,46.3,
08HB034,1,2016/11/19,40.9,
08HB034,1,2016/11/20,61.3,
08HB034,1,2016/11/21,99.4,
08HB034,1,2016/11/22,113,
08HB034,1,2016/11/23,129,
08HB034,1,2016/11/24,179,
08HB034,1,2016/11/25,159,
08HB034,1,2016/11/26,128,
08HB034,1,2016/11/27,99.0,
08HB034,1,2016/11/28,79.5,
08HB034,1,2016/11/29,59.3,
08HB034,1,2016/11/30,59.6,
08HB034,1,2016/12/01,57.2,
08HB034,1,2016/12/02,55.2,
08HB034,1,2016/12/03,76.4,
08HB034,1,2016/12/04,73.7,
08HB034,1,2016/12/05,58.5,
08HB034,1,2016/12/06,46.7,
08HB034,1,2016/12/07,36.4,
08HB034,1,2016/12/08,29.8,
08HB034,1,2016/12/09,26.2,
08HB034,1,2016/12/10,24.0,
08HB034,1,2016/12/11,22.5,
08HB034,1,2016/12/12,21.8,
08HB034,1,2016/12/13,19.3,
08HB034,1,2016/12/14,17.4,B
08HB034,1,2016/12/15,15.2,B
08HB034,1,2016/12/16,13.7,B
08HB034,1,2016/12/17,12.7,B
08HB034,1,2016/12/18,12.4,B
08HB034,1,2016/12/19,15.3,B
08HB034,1,2016/12/20,20.5,
08HB034,1,2016/12/21,23.4,
08HB034,1,2016/12/22,23.6,
08HB034,1,2016/12/23,23.7,
08HB034,1,2016/12/24,22.3,
08HB034,1,2016/12/25,20.3,
08HB034,1,2016/12/26,18.9,
08HB034,1,2016/12/27,20.3,
08HB034,1,2016/12/28,19.4,
08HB034,1,2016/12/29,20.3,
08HB034,1,2016/12/30,22.9,
08HB034,1,2016/12/31,22.0,
08HB034,1,2017/01/01,20.5,
08HB034,1,2017/01/02,18.4,B
08HB034,1,2017/01/03,15.5,B
08HB034,1,2017/01/04,14.0,B
08HB034,1,2017/01/05,12.9,B
08HB034,1,2017/01/06,12.2,B
08HB034,1,2017/01/07,11.6,B
08HB034,1,2017/01/08,11.1,B
08HB034,1,2017/01/09,10.5,B
08HB034,1,2017/01/10,10.0,B
08HB034,1,2017/01/11,9.56,B
08HB034,1,2017/01/12,9.12,B
08HB034,1,2017/01/13,8.89,B
08HB034,1,2017/01/14,8.70,B
08HB034,1,2017/01/15,8.48,B
08HB034,1,2017/01/16,8.36,B
08HB034,1,2017/01/17,48.0,B
08HB034,1,2017/01/18,340,
08HB034,1,2017/01/19,352,
08HB034,1,2017/01/20,189,
08HB034,1,2017/01/21,109,
08HB034,1,2017/01/22,76.2,
08HB034,1,2017/01/23,59.6,
08HB034,1,2017/01/24,48.5,
08HB034,1,2017/01/25,40.1,
08HB034,1,2017/01/26,33.9,
08HB034,1,2017/01/27,29.3,
08HB034,1,2017/01/28,25.5,
08HB034,1,2017/01/29,24.3,
08HB034,1,2017/01/30,28.3,
08HB034,1,2017/01/31,30.6,
08HB034,1,2017/02/01,29.2,
08HB034,1,2017/02/02,26.5,
08HB034,1,2017/02/03,24.0,
08HB034,1,2017/02/04,22.9,
08HB034,1,2017/02/05,21.3,
08HB034,1,2017/02/06,19.5,
08HB034,1,2017/02/07,17.8,
08HB034,1,2017/02/08,16.4,
08HB034,1,2017/02/09,20.5,
08HB034,1,2017/02/10,73.4,
08HB034,1,2017/02/11,84.9,
08HB034,1,2017/02/12,63.8,
08HB034,1,2017/02/13,48.2,
08HB034,1,2017/02/14,39.3,
08HB034,1,2017/02/15,194,
08HB034,1,2017/02/16,442,
08HB034,1,2017/02/17,269,
08HB034,1,2017/02/18,135,
08HB034,1,2017/02/19,86.5,
08HB034,1,2017/02/20,65.6,
08HB034,1,2017/02/21,49.5,
08HB034,1,2017/02/22,41.2,
08HB034,1,2017/02/23,34.8,
08HB034,1,2017/02/24,30.4,
08HB034,1,2017/02/25,26.8,
08HB034,1,2017/02/26,24.9,
08HB034,1,2017/02/27,22.8,
08HB034,1,2017/02/28,20.6,
08HB034,1,2017/03/01,19.1,
08HB034,1,2017/03/02,18.2,
08HB034,1,2017/03/03,21.9,
08HB034,1,2017/03/04,29.0,
08HB034,1,2017/03/05,29.9,
08HB034,1,2017/03/06,26.9,
08HB034,1,2017/03/07,23.3,
08HB034,1,2017/03/08,21.1,
08HB034,1,2017/03/09,19.4,
08HB034,1,2017/03/10,19.7,
08HB034,1,2017/03/11,22.3,
08HB034,1,2017/03/12,39.7,
08HB034,1,2017/03/13,101,
08HB034,1,2017/03/14,145,
08HB034,1,2017/03/15,165,
08HB034,1,2017/03/16,135,
08HB034,1,2017/03/17,110,
08HB034,1,2017/03/18,92.2,
08HB034,1,2017/03/19,71.5,
08HB034,1,2017/03/20,54.8,
08HB034,1,2017/03/21,46.0,
08HB034,1,2017/03/22,68.1,
08HB034,1,2017/03/23,105,
08HB034,1,2017/03/24,124,
08HB034,1,2017/03/25,139,
08HB034,1,2017/03/26,107,
08HB034,1,2017/03/27,87.1,
08HB034,1,2017/03/28,92.9,
08HB034,1,2017/03/29,188,
08HB034,1,2017/03/30,177,
08HB034,1,2017/03/31,112,
08HB034,1,2017/04/01,79.3,
08HB034,1,2017/04/02,66.2,
08HB034,1,2017/04/03,56.5,
08HB034,1,2017/04/04,47.1,
08HB034,1,2017/04/05,87.2,
08HB034,1,2017/04/06,114,
08HB034,1,2017/04/07,123,
08HB034,1,2017/04/08,168,
08HB034,1,2017/04/09,131,
08HB034,1,2017/04/10,91.5,
08HB034,1,2017/04/11,71.4,
08HB034,1,2017/04/12,61.7,
08HB034,1,2017/04/13,66.2,
08HB034,1,2017/04/14,68.1,
08HB034,1,2017/04/15,61.8,
08HB034,1,2017/04/16,54.2,
08HB034,1,2017/04/17,48.5,
08HB034,1,2017/04/18,66.5,
08HB034,1,2017/04/19,107,
08HB034,1,2017/04/20,121,
08HB034,1,2017/04/21,96.4,
08HB034,1,2017/04/22,75.8,
08HB034,1,2017/04/23,80.5,
08HB034,1,2017/04/24,85.3,
08HB034,1,2017/04/25,70.8,
08HB034,1,2017/04/26,60.0,
08HB034,1,2017/04/27,54.2,
08HB034,1,2017/04/28,49.5,
08HB034,1,2017/04/29,43.3,
08HB034,1,2017/04/30,39.3,
08HB034,1,2017/05/01,35.4,
08HB034,1,2017/05/02,31.7,
08HB034,1,2017/05/03,34.7,
08HB034,1,2017/05/04,53.4,
08HB034,1,2017/05/05,76.5,
08HB034,1,2017/05/06,72.6,
08HB034,1,2017/05/07,54.1,
08HB034,1,2017/05/08,40.3,
08HB034,1,2017/05/09,32.1,
08HB034,1,2017/05/10,30.9,
08HB034,1,2017/05/11,36.2,
08HB034,1,2017/05/12,43.2,
08HB034,1,2017/05/13,40.1,
08HB034,1,2017/05/14,34.2,
08HB034,1,2017/05/15,30.3,
08HB034,1,2017/05/16,30.0,
08HB034,1,2017/05/17,28.2,
08HB034,1,2017/05/18,26.7,
08HB034,1,2017/05/19,28.1,
08HB034,1,2017/05/20,30.4,
08HB034,1,2017/05/21,34.4,
08HB034,1,2017/05/22,39.5,
08HB034,1,2017/05/23,44.8,
08HB034,1,2017/05/24,43.3,
08HB034,1,2017/05/25,34.9,
08HB034,1,2017/05/26,29.1,
08HB034,1,2017/05/27,30.3,
08HB034,1,2017/05/28,33.2,
08HB034,1,2017/05/29,35.4,
08HB034,1,2017/05/30,37.9,
08HB034,1,2017/05/31,34.3,
08HB034,1,2017/06/01,27.7,
08HB034,1,2017/06/02,25.5,
08HB034,1,2017/06/03,24.2,
08HB034,1,2017/06/04,21.6,
08HB034,1,2017/06/05,18.8,
08HB034,1,2017/06/06,15.9,
08HB034,1,2017/06/07,15.0,
08HB034,1,2017/06/08,16.8,
08HB034,1,2017/06/09,18.5,
08HB034,1,2017/06/10,17.3,
08HB034,1,2017/06/11,15.1,
08HB034,1,2017/06/12,13.4,E
08HB034,1,2017/06/13,12.4,E
08HB034,1,2017/06/14,11.6,E
08HB034,1,2017/06/15,14.3,E
08HB034,1,2017/06/16,19.8,E
08HB034,1,2017/06/17,19.1,E
08HB034,1,2017/06/18,19.6,E
08HB034,1,2017/06/19,19.8,E
08HB034,1,2017/06/20,18.1,
08HB034,1,2017/06/21,16.2,
08HB034,1,2017/06/22,13.9,
08HB034,1,2017/06/23,12.3,
08HB034,1,2017/06/24,10.9,
08HB034,1,2017/06/25,10.3,
08HB034,1,2017/06/26,9.94,
08HB034,1,2017/06/27,9.31,
08HB034,1,2017/06/28,8.61,
08HB034,1,2017/06/29,7.92,
08HB034,1,2017/06/30,7.37,
08HB034,1,2017/07/01,6.96,
08HB034,1,2017/07/02,6.59,
08HB034,1,2017/07/03,6.21,
08HB034,1,2017/07/04,5.62,
08HB034,1,2017/07/05,5.26,
08HB034,1,2017/07/06,4.94,
08HB034,1,2017/07/07,4.85,
08HB034,1,2017/07/08,4.74,
08HB034,1,2017/07/09,4.62,
08HB034,1,2017/07/10,4.46,
08HB034,1,2017/07/11,4.34,
08HB034,1,2017/07/12,4.23,
08HB034,1,2017/07/13,4.32,
08HB034,1,2017/07/14,4.45,
08HB034,1,2017/07/15,4.74,
08HB034,1,2017/07/16,4.78,
08HB034,1,2017/07/17,4.90,
08HB034,1,2017/07/18,4.84,
08HB034,1,2017/07/19,4.79,
08HB034,1,2017/07/20,4.93,
08HB034,1,2017/07/21,4.82,
08HB034,1,2017/07/22,5.00,
08HB034,1,2017/07/23,5.03,
08HB034,1,2017/07/24,4.82,
08HB034,1,2017/07/25,4.64,
08HB034,1,2017/07/26,4.54,
08HB034,1,2017/07/27,4.52,
08HB034,1,2017/07/28,4.62,
08HB034,1,2017/07/29,4.73,
08HB034,1,2017/07/30,4.78,
08HB034,1,2017/07/31,4.76,
08HB034,1,2017/08/01,4.70,
08HB034,1,2017/08/02,4.61,
08HB034,1,2017/08/03,4.54,
08HB034,1,2017/08/04,4.52,
08HB034,1,2017/08/05,4.69,
08HB034,1,2017/08/06,4.85,
08HB034,1,2017/08/07,4.94,
08HB034,1,2017/08/08,4.90,
08HB034,1,2017/08/09,4.88,
08HB034,1,2017/08/10,4.87,
08HB034,1,2017/08/11,4.82,
08HB034,1,2017/08/12,4.77,
08HB034,1,2017/08/13,4.82,
08HB034,1,2017/08/14,4.71,
08HB034,1,2017/08/15,4.66,
08HB034,1,2017/08/16,4.60,
08HB034,1,2017/08/17,4.57,
08HB034,1,2017/08/18,4.62,
08HB034,1,2017/08/19,4.50,
08HB034,1,2017/08/20,4.48,
08HB034,1,2017/08/21,4.49,
08HB034,1,2017/08/22,4.45,
08HB034,1,2017/08/23,4.40,
08HB034,1,2017/08/24,4.99,
08HB034,1,2017/08/25,4.60,
08HB034,1,2017/08/26,4.55,
08HB034,1,2017/08/27,4.54,
08HB034,1,2017/08/28,4.42,
08HB034,1,2017/08/29,4.35,
08HB034,1,2017/08/30,4.35,
08HB034,1,2017/08/31,4.41,
08HB034,1,2017/09/01,4.42,
08HB034,1,2017/09/02,4.40,
08HB034,1,2017/09/03,4.41,
08HB034,1,2017/09/04,4.36,
08HB034,1,2017/09/05,4.27,
08HB034,1,2017/09/06,4.34,
08HB034,1,2017/09/07,4.38,
08HB034,1,2017/09/08,4.44,
08HB034,1,2017/09/09,4.63,
08HB034,1,2017/09/10,4.79,
08HB034,1,2017/09/11,4.73,
08HB034,1,2017/09/12,4.69,
08HB034,1,2017/09/13,4.50,
08HB034,1,2017/09/14,4.37,
08HB034,1,2017/09/15,4.27,
08HB034,1,2017/09/16,4.25,
08HB034,1,2017/09/17,4.38,
08HB034,1,2017/09/18,4.67,
08HB034,1,2017/09/19,5.00,
08HB034,1,2017/09/20,5.09,
08HB034,1,2017/09/21,4.87,
08HB034,1,2017/09/22,4.62,
08HB034,1,2017/09/23,4.46,
08HB034,1,2017/09/24,4.27,
08HB034,1,2017/09/25,4.27,
08HB034,1,2017/09/26,4.24,
08HB034,1,2017/09/27,4.14,
08HB034,1,2017/09/28,4.05,
08HB034,1,2017/09/29,4.07,
08HB034,1,2017/09/30,4.12,
08HB034,1,2017/10/01,4.23,
08HB034,1,2017/10/02,4.09,
08HB034,1,2017/10/03,4.01,
08HB034,1,2017/10/04,5.07,
08HB034,1,2017/10/05,10.4,
08HB034,1,2017/10/06,8.22,
08HB034,1,2017/10/07,3.78,
08HB034,1,2017/10/08,3.66,
08HB034,1,2017/10/09,3.44,
08HB034,1,2017/10/10,3.30,
08HB034,1,2017/10/11,3.16,
08HB034,1,2017/10/12,3.00,
08HB034,1,2017/10/13,3.26,
08HB034,1,2017/10/14,2.87,
08HB034,1,2017/10/15,2.80,
08HB034,1,2017/10/16,2.79,
08HB034,1,2017/10/17,11.9,
08HB034,1,2017/10/18,42.1,
08HB034,1,2017/10/19,108,
08HB034,1,2017/10/20,95.1,
08HB034,1,2017/10/21,61.8,
08HB034,1,2017/10/22,113,
08HB034,1,2017/10/23,89.9,
08HB034,1,2017/10/24,54.7,
08HB034,1,2017/10/25,35.3,
08HB034,1,2017/10/26,25.4,
08HB034,1,2017/10/27,19.5,
08HB034,1,2017/10/28,15.8,
08HB034,1,2017/10/29,13.3,
08HB034,1,2017/10/30,11.4,
08HB034,1,2017/10/31,10.1,
08HB034,1,2017/11/01,9.15,
08HB034,1,2017/11/02,8.73,
08HB034,1,2017/11/03,8.30,
08HB034,1,2017/11/04,6.85,
08HB034,1,2017/11/05,6.47,
08HB034,1,2017/11/06,5.92,
08HB034,1,2017/11/07,5.47,
08HB034,1,2017/11/08,4.99,
08HB034,1,2017/11/09,5.11,
08HB034,1,2017/11/10,5.36,
08HB034,1,2017/11/11,5.68,
08HB034,1,2017/11/12,16.7,
08HB034,1,2017/11/13,113,
08HB034,1,2017/11/14,204,
08HB034,1,2017/11/15,284,
08HB034,1,2017/11/16,168,
08HB034,1,2017/11/17,103,
08HB034,1,2017/11/18,70.0,
08HB034,1,2017/11/19,211,
08HB034,1,2017/11/20,378,
08HB034,1,2017/11/21,215,
08HB034,1,2017/11/22,343,
08HB034,1,2017/11/23,468,
08HB034,1,2017/11/24,276,
08HB034,1,2017/11/25,259,
08HB034,1,2017/11/26,343,
08HB034,1,2017/11/27,235,
08HB034,1,2017/11/28,131,
08HB034,1,2017/11/29,98.4,
08HB034,1,2017/11/30,106,
08HB034,1,2017/12/01,116,
08HB034,1,2017/12/02,103,
08HB034,1,2017/12/03,80.3,
08HB034,1,2017/12/04,59.8,
08HB034,1,2017/12/05,41.1,
08HB034,1,2017/12/06,32.8,
08HB034,1,2017/12/07,27.6,
08HB034,1,2017/12/08,24.1,
08HB034,1,2017/12/09,21.6,
08HB034,1,2017/12/10,19.8,
08HB034,1,2017/12/11,18.4,
08HB034,1,2017/12/12,17.3,
08HB034,1,2017/12/13,16.6,
08HB034,1,2017/12/14,15.8,
08HB034,1,2017/12/15,15.0,
08HB034,1,2017/12/16,14.5,
08HB034,1,2017/12/17,14.3,
08HB034,1,2017/12/18,23.6,
08HB034,1,2017/12/19,32.7,
08HB034,1,2017/12/20,31.5,
08HB034,1,2017/12/21,26.2,
08HB034,1,2017/12/22,22.1,
08HB034,1,2017/12/23,19.0,
08HB034,1,2017/12/24,16.8,
08HB034,1,2017/12/25,15.5,
08HB034,1,2017/12/26,14.2,
08HB034,1,2017/12/27,13.2,
08HB034,1,2017/12/28,14.7,
08HB034,1,2017/12/29,35.0,
08HB034,1,2017/12/30,46.3,
08HB034,1,2017/12/31,43.1,
08HB034,1,2018/01/01,35.6,
08HB034,1,2018/01/02,29.3,
08HB034,1,2018/01/03,25.1,
08HB034,1,2018/01/04,22.4,
08HB034,1,2018/01/05,31.9,
08HB034,1,2018/01/06,71.1,
08HB034,1,2018/01/07,74.6,
08HB034,1,2018/01/08,82.8,
08HB034,1,2018/01/09,88.2,
08HB034,1,2018/01/10,76.3,
08HB034,1,2018/01/11,63.5,
08HB034,1,2018/01/12,57.8,
08HB034,1,2018/01/13,59.8,
08HB034,1,2018/01/14,66.6,
08HB034,1,2018/01/15,68.1,
08HB034,1,2018/01/16,73.7,
08HB034,1,2018/01/17,156,
08HB034,1,2018/01/18,341,
08HB034,1,2018/01/19,239,
08HB034,1,2018/01/20,148,
08HB034,1,2018/01/21,279,
08HB034,1,2018/01/22,235,
08HB034,1,2018/01/23,144,
08HB034,1,2018/01/24,115,
08HB034,1,2018/01/25,104,
08HB034,1,2018/01/26,80.5,
08HB034,1,2018/01/27,66.0,
08HB034,1,2018/01/28,112,
08HB034,1,2018/01/29,568,
08HB034,1,2018/01/30,387,
08HB034,1,2018/01/31,180,
08HB034,1,2018/02/01,104,
08HB034,1,2018/02/02,80.9,
08HB034,1,2018/02/03,78.1,
08HB034,1,2018/02/04,88.3,
08HB034,1,2018/02/05,98.2,
08HB034,1,2018/02/06,83.8,
08HB034,1,2018/02/07,66.5,
08HB034,1,2018/02/08,65.3,
08HB034,1,2018/02/09,67.4,
08HB034,1,2018/02/10,57.1,
08HB034,1,2018/02/11,45.6,
08HB034,1,2018/02/12,37.1,
08HB034,1,2018/02/13,31.2,
08HB034,1,2018/02/14,26.0,
08HB034,1,2018/02/15,23.0,
08HB034,1,2018/02/16,20.5,
08HB034,1,2018/02/17,19.8,
08HB034,1,2018/02/18,21.0,
08HB034,1,2018/02/19,18.9,
08HB034,1,2018/02/20,17.4,
08HB034,1,2018/02/21,16.1,
08HB034,1,2018/02/22,15.2,
08HB034,1,2018/02/23,14.2,
08HB034,1,2018/02/24,13.4,
08HB034,1,2018/02/25,13.2,
08HB034,1,2018/02/26,12.7,
08HB034,1,2018/02/27,12.2,
08HB034,1,2018/02/28,12.4,
08HB034,1,2018/03/01,16.8,
08HB034,1,2018/03/02,17.6,
08HB034,1,2018/03/03,17.6,
08HB034,1,2018/03/04,16.9,
08HB034,1,2018/03/05,15.9,
08HB034,1,2018/03/06,15.0,
08HB034,1,2018/03/07,14.3,
08HB034,1,2018/03/08,14.3,
08HB034,1,2018/03/09,15.4,
08HB034,1,2018/03/10,15.3,
08HB034,1,2018/03/11,15.0,
08HB034,1,2018/03/12,14.8,
08HB034,1,2018/03/13,16.4,
08HB034,1,2018/03/14,21.3,
08HB034,1,2018/03/15,23.9,
08HB034,1,2018/03/16,23.6,
08HB034,1,2018/03/17,22.1,
08HB034,1,2018/03/18,21.3,
08HB034,1,2018/03/19,20.0,
08HB034,1,2018/03/20,18.9,
08HB034,1,2018/03/21,17.9,
08HB034,1,2018/03/22,19.1,
08HB034,1,2018/03/23,19.9,
08HB034,1,2018/03/24,19.4,
08HB034,1,2018/03/25,18.4,
08HB034,1,2018/03/26,17.8,
08HB034,1,2018/03/27,19.9,
08HB034,1,2018/03/28,27.5,
08HB034,1,2018/03/29,31.8,
08HB034,1,2018/03/30,30.7,
08HB034,1,2018/03/31,32.2,
08HB034,1,2018/04/01,31.9,
08HB034,1,2018/04/02,28.9,
08HB034,1,2018/04/03,24.8,
08HB034,1,2018/04/04,20.9,
08HB034,1,2018/04/05,23.9,
08HB034,1,2018/04/06,41.3,
08HB034,1,2018/04/07,75.2,
08HB034,1,2018/04/08,128,
08HB034,1,2018/04/09,109,
08HB034,1,2018/04/10,84.7,
08HB034,1,2018/04/11,104,
08HB034,1,2018/04/12,122,
08HB034,1,2018/04/13,108,
08HB034,1,2018/04/14,172,
08HB034,1,2018/04/15,122,
08HB034,1,2018/04/16,84.5,
08HB034,1,2018/04/17,67.0,
08HB034,1,2018/04/18,53.1,
08HB034,1,2018/04/19,43.0,
08HB034,1,2018/04/20,36.0,
08HB034,1,2018/04/21,34.6,
08HB034,1,2018/04/22,33.4,
08HB034,1,2018/04/23,30.6,
08HB034,1,2018/04/24,26.8,
08HB034,1,2018/04/25,26.9,
08HB034,1,2018/04/26,31.4,
08HB034,1,2018/04/27,41.7,
08HB034,1,2018/04/28,51.4,
08HB034,1,2018/04/29,49.5,
08HB034,1,2018/04/30,46.7,
08HB034,1,2018/05/01,40.8,
08HB034,1,2018/05/02,36.1,
08HB034,1,2018/05/03,35.2,
08HB034,1,2018/05/04,38.3,
08HB034,1,2018/05/05,35.1,
08HB034,1,2018/05/06,33.0,
08HB034,1,2018/05/07,35.3,
08HB034,1,2018/05/08,37.0,
08HB034,1,2018/05/09,42.9,
08HB034,1,2018/05/10,44.3,
08HB034,1,2018/05/11,36.8,
08HB034,1,2018/05/12,30.9,
08HB034,1,2018/05/13,29.1,
08HB034,1,2018/05/14,29.2,
08HB034,1,2018/05/15,28.6,
08HB034,1,2018/05/16,27.4,
08HB034,1,2018/05/17,25.0,
08HB034,1,2018/05/18,22.4,
08HB034,1,2018/05/19,20.9,
08HB034,1,2018/05/20,20.9,
08HB034,1,2018/05/21,18.8,
08HB034,1,2018/05/22,16.6,
08HB034,1,2018/05/23,14.9,
08HB034,1,2018/05/24,14.0,
08HB034,1,2018/05/25,13.2,
08HB034,1,2018/05/26,12.0,
08HB034,1,2018/05/27,10.8,
08HB034,1,2018/05/28,9.95,
08HB034,1,2018/05/29,9.36,
08HB034,1,2018/05/30,9.06,
08HB034,1,2018/05/31,8.60,
08HB034,1,2018/06/01,8.23,
08HB034,1,2018/06/02,8.06,
08HB034,1,2018/06/03,8.45,
08HB034,1,2018/06/04,8.36,
08HB034,1,2018/06/05,7.71,
08HB034,1,2018/06/06,7.51,
08HB034,1,2018/06/07,7.99,
08HB034,1,2018/06/08,8.96,
08HB034,1,2018/06/09,13.3,
08HB034,1,2018/06/10,14.6,
08HB034,1,2018/06/11,13.1,
08HB034,1,2018/06/12,11.4,
08HB034,1,2018/06/13,10.4,
08HB034,1,2018/06/14,9.76,
08HB034,1,2018/06/15,9.12,
08HB034,1,2018/06/16,8.57,
08HB034,1,2018/06/17,8.24,
08HB034,1,2018/06/18,7.84,
08HB034,1,2018/06/19,7.54,
08HB034,1,2018/06/20,7.30,
08HB034,1,2018/06/21,6.96,
08HB034,1,2018/06/22,6.57,
08HB034,1,2018/06/23,6.07,
08HB034,1,2018/06/24,5.60,
08HB034,1,2018/06/25,6.26,
08HB034,1,2018/06/26,5.80,
08HB034,1,2018/06/27,5.27,
08HB034,1,2018/06/28,5.04,
08HB034,1,2018/06/29,4.83,
08HB034,1,2018/06/30,4.93,
08HB034,1,2018/07/01,4.87,
08HB034,1,2018/07/02,4.73,
08HB034,1,2018/07/03,4.40,
08HB034,1,2018/07/04,4.36,
08HB034,1,2018/07/05,4.73,
08HB034,1,2018/07/06,5.01,
08HB034,1,2018/07/07,5.29,
08HB034,1,2018/07/08,5.48,
08HB034,1,2018/07/09,5.51,
08HB034,1,2018/07/10,5.65,
08HB034,1,2018/07/11,5.46,
08HB034,1,2018/07/12,5.20,
08HB034,1,2018/07/13,5.02,
08HB034,1,2018/07/14,4.87,
08HB034,1,2018/07/15,4.84,
08HB034,1,2018/07/16,4.73,
08HB034,1,2018/07/17,4.66,
08HB034,1,2018/07/18,4.73,
08HB034,1,2018/07/19,4.87,
08HB034,1,2018/07/20,5.01,
08HB034,1,2018/07/21,5.10,
08HB034,1,2018/07/22,5.11,
08HB034,1,2018/07/23,5.05,
08HB034,1,2018/07/24,5.00,
08HB034,1,2018/07/25,4.93,
08HB034,1,2018/07/26,4.80,
08HB034,1,2018/07/27,4.69,
08HB034,1,2018/07/28,4.67,
08HB034,1,2018/07/29,4.70,
08HB034,1,2018/07/30,4.59,
08HB034,1,2018/07/31,4.51,
08HB034,1,2018/08/01,4.49,
08HB034,1,2018/08/02,4.48,
08HB034,1,2018/08/03,4.53,
08HB034,1,2018/08/04,4.67,
08HB034,1,2018/08/05,4.63,
08HB034,1,2018/08/06,4.57,
08HB034,1,2018/08/07,4.47,
08HB034,1,2018/08/08,4.43,
08HB034,1,2018/08/09,4.39,
08HB034,1,2018/08/10,4.34,
08HB034,1,2018/08/11,4.47,
08HB034,1,2018/08/12,4.92,
08HB034,1,2018/08/13,4.97,
08HB034,1,2018/08/14,4.85,
08HB034,1,2018/08/15,4.64,
08HB034,1,2018/08/16,4.31,
08HB034,1,2018/08/17,4.05,
08HB034,1,2018/08/18,3.86,
08HB034,1,2018/08/19,3.79,
08HB034,1,2018/08/20,3.71,
08HB034,1,2018/08/21,3.61,
08HB034,1,2018/08/22,3.54,
08HB034,1,2018/08/23,3.51,
08HB034,1,2018/08/24,3.48,
08HB034,1,2018/08/25,3.54,
08HB034,1,2018/08/26,3.65,
08HB034,1,2018/08/27,3.60,
08HB034,1,2018/08/28,3.50,
08HB034,1,2018/08/29,3.46,
08HB034,1,2018/08/30,3.50,
08HB034,1,2018/08/31,3.42,
08HB034,1,2018/09/01,3.45,
08HB034,1,2018/09/02,3.38,
08HB034,1,2018/09/03,3.35,
08HB034,1,2018/09/04,3.31,
08HB034,1,2018/09/05,3.32,
08HB034,1,2018/09/06,3.33,
08HB034,1,2018/09/07,3.47,
08HB034,1,2018/09/08,3.75,
08HB034,1,2018/09/09,3.98,
08HB034,1,2018/09/10,5.25,
08HB034,1,2018/09/11,7.39,
08HB034,1,2018/09/12,8.93,
08HB034,1,2018/09/13,8.37,
08HB034,1,2018/09/14,7.28,
08HB034,1,2018/09/15,6.51,
08HB034,1,2018/09/16,6.71,
08HB034,1,2018/09/17,8.60,
08HB034,1,2018/09/18,8.64,
08HB034,1,2018/09/19,7.93,
08HB034,1,2018/09/20,7.06,
08HB034,1,2018/09/21,11.6,
08HB034,1,2018/09/22,35.8,
08HB034,1,2018/09/23,41.9,
08HB034,1,2018/09/24,31.1,
08HB034,1,2018/09/25,21.7,
08HB034,1,2018/09/26,15.8,
08HB034,1,2018/09/27,12.2,
08HB034,1,2018/09/28,9.77,
08HB034,1,2018/09/29,8.19,
08HB034,1,2018/09/30,7.25,
08HB034,1,2018/10/01,16.5,
08HB034,1,2018/10/02,31.4,
08HB034,1,2018/10/03,29.7,
08HB034,1,2018/10/04,22.9,
08HB034,1,2018/10/05,17.8,
08HB034,1,2018/10/06,14.8,
08HB034,1,2018/10/07,13.1,
08HB034,1,2018/10/08,13.0,
08HB034,1,2018/10/09,12.5,
08HB034,1,2018/10/10,11.6,
08HB034,1,2018/10/11,10.7,
08HB034,1,2018/10/12,9.94,
08HB034,1,2018/10/13,9.12,
08HB034,1,2018/10/14,8.38,
08HB034,1,2018/10/15,7.80,
08HB034,1,2018/10/16,7.31,
08HB034,1,2018/10/17,6.85,
08HB034,1,2018/10/18,6.35,
08HB034,1,2018/10/19,6.16,
08HB034,1,2018/10/20,5.91,
08HB034,1,2018/10/21,5.68,
08HB034,1,2018/10/22,5.44,
08HB034,1,2018/10/23,5.27,
08HB034,1,2018/10/24,5.15,
08HB034,1,2018/10/25,5.37,
08HB034,1,2018/10/26,7.37,
08HB034,1,2018/10/27,10.3,
08HB034,1,2018/10/28,18.2,
08HB034,1,2018/10/29,44.2,
08HB034,1,2018/10/30,53.5,
08HB034,1,2018/10/31,45.2,
08HB034,1,2018/11/01,39.2,
08HB034,1,2018/11/02,103,
08HB034,1,2018/11/03,92.6,
08HB034,1,2018/11/04,161,
08HB034,1,2018/11/05,111,
08HB034,1,2018/11/06,65.6,
08HB034,1,2018/11/07,43.2,
08HB034,1,2018/11/08,31.2,
08HB034,1,2018/11/09,24.7,
08HB034,1,2018/11/10,20.6,
08HB034,1,2018/11/11,17.7,
08HB034,1,2018/11/12,15.5,
08HB034,1,2018/11/13,14.0,
08HB034,1,2018/11/14,31.0,
08HB034,1,2018/11/15,50.9,
08HB034,1,2018/11/16,46.4,
08HB034,1,2018/11/17,38.0,
08HB034,1,2018/11/18,31.4,
08HB034,1,2018/11/19,26.3,
08HB034,1,2018/11/20,18.5,
08HB034,1,2018/11/21,17.0,
08HB034,1,2018/11/22,18.6,
08HB034,1,2018/11/23,27.0,
08HB034,1,2018/11/24,34.4,
08HB034,1,2018/11/25,32.9,
08HB034,1,2018/11/26,192,
08HB034,1,2018/11/27,415,
08HB034,1,2018/11/28,282,
08HB034,1,2018/11/29,148,
08HB034,1,2018/11/30,85.4,
08HB034,1,2018/12/01,61.6,
08HB034,1,2018/12/02,51.5,
08HB034,1,2018/12/03,40.9,
08HB034,1,2018/12/04,33.1,
08HB034,1,2018/12/05,27.6,
08HB034,1,2018/12/06,23.3,
08HB034,1,2018/12/07,20.2,
08HB034,1,2018/12/08,18.1,
08HB034,1,2018/12/09,23.8,
08HB034,1,2018/12/10,57.8,
08HB034,1,2018/12/11,122,
08HB034,1,2018/12/12,172,
08HB034,1,2018/12/13,236,
08HB034,1,2018/12/14,335,
08HB034,1,2018/12/15,263,
08HB034,1,2018/12/16,209,
08HB034,1,2018/12/17,282,
08HB034,1,2018/12/18,339,
08HB034,1,2018/12/19,280,
08HB034,1,2018/12/20,327,
08HB034,1,2018/12/21,305,
08HB034,1,2018/12/22,157,
08HB034,1,2018/12/23,130,
08HB034,1,2018/12/24,108,
08HB034,1,2018/12/25,81.0,
08HB034,1,2018/12/26,65.3,
08HB034,1,2018/12/27,52.2,
08HB034,1,2018/12/28,41.4,
08HB034,1,2018/12/29,65.6,
08HB034,1,2018/12/30,117,
08HB034,1,2018/12/31,92.3,
08HB034,1,2019/01/01,64.6,
08HB034,1,2019/01/02,49.3,
08HB034,1,2019/01/03,340,
08HB034,1,2019/01/04,556,
08HB034,1,2019/01/05,323,
08HB034,1,2019/01/06,178,
08HB034,1,2019/01/07,113,
08HB034,1,2019/01/08,79.5,
08HB034,1,2019/01/09,98.5,
08HB034,1,2019/01/10,263,
08HB034,1,2019/01/11,217,
08HB034,1,2019/01/12,139,
08HB034,1,2019/01/13,93.2,
08HB034,1,2019/01/14,67.6,
08HB034,1,2019/01/15,49.9,
08HB034,1,2019/01/16,42.1,
08HB034,1,2019/01/17,37.9,
08HB034,1,2019/01/18,56.7,
08HB034,1,2019/01/19,129,
08HB034,1,2019/01/20,132,
08HB034,1,2019/01/21,88.9,
08HB034,1,2019/01/22,63.9,
08HB034,1,2019/01/23,67.4,
08HB034,1,2019/01/24,64.2,
08HB034,1,2019/01/25,55.5,
08HB034,1,2019/01/26,46.0,
08HB034,1,2019/01/27,38.7,
08HB034,1,2019/01/28,33.6,
08HB034,1,2019/01/29,29.7,
08HB034,1,2019/01/30,26.4,
08HB034,1,2019/01/31,23.6,
08HB034,1,2019/02/01,28.2,
08HB034,1,2019/02/02,46.0,
08HB034,1,2019/02/03,49.3,
08HB034,1,2019/02/04,41.3,
08HB034,1,2019/02/05,33.0,
08HB034,1,2019/02/06,27.3,
08HB034,1,2019/02/07,23.5,
08HB034,1,2019/02/08,21.0,
08HB034,1,2019/02/09,19.0,
08HB034,1,2019/02/10,17.3,
08HB034,1,2019/02/11,16.5,
08HB034,1,2019/02/12,15.0,
08HB034,1,2019/02/13,14.1,
08HB034,1,2019/02/14,13.3,
08HB034,1,2019/02/15,13.0,
08HB034,1,2019/02/16,12.4,
08HB034,1,2019/02/17,11.9,
08HB034,1,2019/02/18,11.3,
08HB034,1,2019/02/19,10.8,
08HB034,1,2019/02/20,10.5,
08HB034,1,2019/02/21,10.2,
08HB034,1,2019/02/22,10.0,
08HB034,1,2019/02/23,9.99,
08HB034,1,2019/02/24,10.6,
08HB034,1,2019/02/25,10.3,
08HB034,1,2019/02/26,9.70,
08HB034,1,2019/02/27,9.44,
08HB034,1,2019/02/28,9.29,
08HB034,1,2019/03/01,8.89,
08HB034,1,2019/03/02,8.65,
08HB034,1,2019/03/03,8.47,
08HB034,1,2019/03/04,8.14,
08HB034,1,2019/03/05,8.03,
08HB034,1,2019/03/06,7.85,
08HB034,1,2019/03/07,7.82,
08HB034,1,2019/03/08,7.43,
08HB034,1,2019/03/09,7.21,
08HB034,1,2019/03/10,7.11,
08HB034,1,2019/03/11,7.07,
08HB034,1,2019/03/12,7.31,
08HB034,1,2019/03/13,7.41,
08HB034,1,2019/03/14,7.56,
08HB034,1,2019/03/15,8.06,
08HB034,1,2019/03/16,8.79,
08HB034,1,2019/03/17,9.71,
08HB034,1,2019/03/18,11.3,
08HB034,1,2019/03/19,14.5,
08HB034,1,2019/03/20,19.0,
08HB034,1,2019/03/21,24.1,
08HB034,1,2019/03/22,27.3,
08HB034,1,2019/03/23,28.2,
08HB034,1,2019/03/24,27.0,
08HB034,1,2019/03/25,24.7,
08HB034,1,2019/03/26,22.7,
08HB034,1,2019/03/27,21.8,
08HB034,1,2019/03/28,20.5,
08HB034,1,2019/03/29,18.9,
08HB034,1,2019/03/30,17.5,
08HB034,1,2019/03/31,16.6,
08HB034,1,2019/04/01,15.9,
08HB034,1,2019/04/02,15.3,
08HB034,1,2019/04/03,15.7,
08HB034,1,2019/04/04,19.8,
08HB034,1,2019/04/05,22.8,
08HB034,1,2019/04/06,35.6,
08HB034,1,2019/04/07,75.2,
08HB034,1,2019/04/08,74.5,
08HB034,1,2019/04/09,55.3,
08HB034,1,2019/04/10,39.0,
08HB034,1,2019/04/11,32.4,
08HB034,1,2019/04/12,29.6,
08HB034,1,2019/04/13,28.7,
08HB034,1,2019/04/14,30.7,
08HB034,1,2019/04/15,30.0,
08HB034,1,2019/04/16,27.0,
08HB034,1,2019/04/17,24.1,
08HB034,1,2019/04/18,24.4,
08HB034,1,2019/04/19,34.8,
08HB034,1,2019/04/20,40.0,
08HB034,1,2019/04/21,35.2,
08HB034,1,2019/04/22,29.4,
08HB034,1,2019/04/23,26.9,
08HB034,1,2019/04/24,25.6,
08HB034,1,2019/04/25,23.2,
08HB034,1,2019/04/26,20.2,
08HB034,1,2019/04/27,17.3,
08HB034,1,2019/04/28,15.5,
08HB034,1,2019/04/29,13.9,
08HB034,1,2019/04/30,12.6,
08HB034,1,2019/05/01,11.3,
08HB034,1,2019/05/02,10.4,
08HB034,1,2019/05/03,9.56,
08HB034,1,2019/05/04,9.32,
08HB034,1,2019/05/05,9.56,
08HB034,1,2019/05/06,10.0,
08HB034,1,2019/05/07,10.6,
08HB034,1,2019/05/08,10.5,
08HB034,1,2019/05/09,11.3,
08HB034,1,2019/05/10,12.3,
08HB034,1,2019/05/11,13.2,
08HB034,1,2019/05/12,13.1,
08HB034,1,2019/05/13,12.1,
08HB034,1,2019/05/14,11.3,
08HB034,1,2019/05/15,11.4,
08HB034,1,2019/05/16,11.4,
08HB034,1,2019/05/17,11.3,
08HB034,1,2019/05/18,10.2,
08HB034,1,2019/05/19,9.35,
08HB034,1,2019/05/20,8.62,
08HB034,1,2019/05/21,8.17,
08HB034,1,2019/05/22,6.97,
08HB034,1,2019/05/23,6.53,
08HB034,1,2019/05/24,6.28,
08HB034,1,2019/05/25,6.17,
08HB034,1,2019/05/26,6.01,
08HB034,1,2019/05/27,5.68,
08HB034,1,2019/05/28,5.43,
08HB034,1,2019/05/29,5.33,
08HB034,1,2019/05/30,5.08,
08HB034,1,2019/05/31,4.92,
08HB034,1,2019/06/01,4.73,
08HB034,1,2019/06/02,4.35,
08HB034,1,2019/06/03,4.05,
08HB034,1,2019/06/04,3.56,
08HB034,1,2019/06/05,3.33,
08HB034,1,2019/06/06,3.18,
08HB034,1,2019/06/07,2.98,
08HB034,1,2019/06/08,2.94,
08HB034,1,2019/06/09,2.87,
08HB034,1,2019/06/10,2.83,
08HB034,1,2019/06/11,3.18,
08HB034,1,2019/06/12,3.04,
08HB034,1,2019/06/13,2.81,
08HB034,1,2019/06/14,2.82,
08HB034,1,2019/06/15,2.68,
08HB034,1,2019/06/16,2.60,
08HB034,1,2019/06/17,2.57,
08HB034,1,2019/06/18,2.57,
08HB034,1,2019/06/19,2.54,
08HB034,1,2019/06/20,3.09,
08HB034,1,2019/06/21,3.18,
08HB034,1,2019/06/22,3.16,
08HB034,1,2019/06/23,3.19,
08HB034,1,2019/06/24,3.20,
08HB034,1,2019/06/25,3.14,
08HB034,1,2019/06/26,3.08,
08HB034,1,2019/06/27,3.31,
08HB034,1,2019/06/28,3.42,
08HB034,1,2019/06/29,3.42,
08HB034,1,2019/06/30,3.32,
08HB034,1,2019/07/01,3.13,
08HB034,1,2019/07/02,2.99,
08HB034,1,2019/07/03,2.90,
08HB034,1,2019/07/04,2.84,
08HB034,1,2019/07/05,2.78,
08HB034,1,2019/07/06,2.82,
08HB034,1,2019/07/07,3.01,
08HB034,1,2019/07/08,3.06,
08HB034,1,2019/07/09,3.00,
08HB034,1,2019/07/10,3.25,
08HB034,1,2019/07/11,4.50,
08HB034,1,2019/07/12,4.35,
08HB034,1,2019/07/13,4.25,
08HB034,1,2019/07/14,3.96,
08HB034,1,2019/07/15,3.81,
08HB034,1,2019/07/16,3.73,
08HB034,1,2019/07/17,3.72,
08HB034,1,2019/07/18,3.73,
08HB034,1,2019/07/19,3.89,
08HB034,1,2019/07/20,3.85,
08HB034,1,2019/07/21,3.77,
08HB034,1,2019/07/22,3.65,
08HB034,1,2019/07/23,3.49,
08HB034,1,2019/07/24,3.40,
08HB034,1,2019/07/25,3.22,
08HB034,1,2019/07/26,3.21,
08HB034,1,2019/07/27,3.30,
08HB034,1,2019/07/28,3.26,
08HB034,1,2019/07/29,3.25,
08HB034,1,2019/07/30,3.26,
08HB034,1,2019/07/31,3.27,
08HB034,1,2019/08/01,3.38,
08HB034,1,2019/08/02,3.85,
08HB034,1,2019/08/03,5.02,
08HB034,1,2019/08/04,5.65,
08HB034,1,2019/08/05,5.51,
08HB034,1,2019/08/06,5.01,
08HB034,1,2019/08/07,4.58,
08HB034,1,2019/08/08,4.19,
08HB034,1,2019/08/09,3.95,
08HB034,1,2019/08/10,3.87,
08HB034,1,2019/08/11,4.00,
08HB034,1,2019/08/12,3.93,
08HB034,1,2019/08/13,3.87,
08HB034,1,2019/08/14,3.82,
08HB034,1,2019/08/15,3.71,
08HB034,1,2019/08/16,3.70,
08HB034,1,2019/08/17,3.71,
08HB034,1,2019/08/18,3.72,
08HB034,1,2019/08/19,3.71,
08HB034,1,2019/08/20,3.65,
08HB034,1,2019/08/21,3.71,
08HB034,1,2019/08/22,3.74,
08HB034,1,2019/08/23,4.00,
08HB034,1,2019/08/24,4.30,
08HB034,1,2019/08/25,4.28,
08HB034,1,2019/08/26,4.17,
08HB034,1,2019/08/27,4.13,
08HB034,1,2019/08/28,4.07,
08HB034,1,2019/08/29,3.94,
08HB034,1,2019/08/30,3.93,
08HB034,1,2019/08/31,3.99,
08HB034,1,2019/09/01,4.06,
08HB034,1,2019/09/02,4.16,
08HB034,1,2019/09/03,4.00,
08HB034,1,2019/09/04,4.04,
08HB034,1,2019/09/05,3.98,
08HB034,1,2019/09/06,3.90,
08HB034,1,2019/09/07,3.87,
08HB034,1,2019/09/08,3.89,
08HB034,1,2019/09/09,4.12,
08HB034,1,2019/09/10,4.17,
08HB034,1,2019/09/11,4.08,
08HB034,1,2019/09/12,4.39,
08HB034,1,2019/09/13,6.54,
08HB034,1,2019/09/14,8.39,
08HB034,1,2019/09/15,16.0,
08HB034,1,2019/09/16,18.8,
08HB034,1,2019/09/17,20.3,
08HB034,1,2019/09/18,34.8,
08HB034,1,2019/09/19,33.4,
08HB034,1,2019/09/20,24.1,
08HB034,1,2019/09/21,15.2,
08HB034,1,2019/09/22,12.7,
08HB034,1,2019/09/23,14.6,
08HB034,1,2019/09/24,15.6,
08HB034,1,2019/09/25,15.0,
08HB034,1,2019/09/26,13.8,
08HB034,1,2019/09/27,13.0,A
08HB034,1,2019/09/28,12.2,
08HB034,1,2019/09/29,11.0,
08HB034,1,2019/09/30,9.84,
08HB034,1,2019/10/01,8.41,
08HB034,1,2019/10/02,7.22,
08HB034,1,2019/10/03,6.72,
08HB034,1,2019/10/04,5.88,
08HB034,1,2019/10/05,5.66,
08HB034,1,2019/10/06,5.48,
08HB034,1,2019/10/07,5.63,
08HB034,1,2019/10/08,6.78,
08HB034,1,2019/10/09,7.25,
08HB034,1,2019/10/10,7.25,
08HB034,1,2019/10/11,6.87,
08HB034,1,2019/10/12,6.37,
08HB034,1,2019/10/13,6.00,
08HB034,1,2019/10/14,5.56,
08HB034,1,2019/10/15,5.39,
08HB034,1,2019/10/16,23.4,
08HB034,1,2019/10/17,79.8,
08HB034,1,2019/10/18,100,
08HB034,1,2019/10/19,81.3,
08HB034,1,2019/10/20,58.0,
08HB034,1,2019/10/21,54.9,
08HB034,1,2019/10/22,72.5,
08HB034,1,2019/10/23,58.4,
08HB034,1,2019/10/24,40.1,
08HB034,1,2019/10/25,30.3,
08HB034,1,2019/10/26,24.8,
08HB034,1,2019/10/27,20.7,
08HB034,1,2019/10/28,17.5,
08HB034,1,2019/10/29,14.7,
08HB034,1,2019/10/30,13.0,
08HB034,1,2019/10/31,11.6,
08HB034,1,2019/11/01,10.6,
08HB034,1,2019/11/02,9.74,
08HB034,1,2019/11/03,9.07,
08HB034,1,2019/11/04,8.47,
08HB034,1,2019/11/05,7.95,
08HB034,1,2019/11/06,7.50,
08HB034,1,2019/11/07,7.14,
08HB034,1,2019/11/08,6.80,
08HB034,1,2019/11/09,6.63,
08HB034,1,2019/11/10,6.41,
08HB034,1,2019/11/11,6.17,
08HB034,1,2019/11/12,7.10,
08HB034,1,2019/11/13,7.54,
08HB034,1,2019/11/14,7.26,
08HB034,1,2019/11/15,7.24,
08HB034,1,2019/11/16,9.53,
08HB034,1,2019/11/17,58.1,
08HB034,1,2019/11/18,90.6,
08HB034,1,2019/11/19,73.2,
08HB034,1,2019/11/20,53.1,
08HB034,1,2019/11/21,38.4,
08HB034,1,2019/11/22,29.2,
08HB034,1,2019/11/23,23.7,
08HB034,1,2019/11/24,41.4,
08HB034,1,2019/11/25,42.7,
08HB034,1,2019/11/26,34.6,
08HB034,1,2019/11/27,27.9,
08HB034,1,2019/11/28,22.8,
08HB034,1,2019/11/29,19.2,
08HB034,1,2019/11/30,16.5,
08HB034,1,2019/12/01,14.6,
08HB034,1,2019/12/02,13.2,
08HB034,1,2019/12/03,12.4,
08HB034,1,2019/12/04,13.7,
08HB034,1,2019/12/05,17.0,
08HB034,1,2019/12/06,19.2,
08HB034,1,2019/12/07,24.0,
08HB034,1,2019/12/08,28.4,
08HB034,1,2019/12/09,27.2,
08HB034,1,2019/12/10,23.8,
08HB034,1,2019/12/11,21.2,
08HB034,1,2019/12/12,43.9,
08HB034,1,2019/12/13,66.7,
08HB034,1,2019/12/14,57.1,
08HB034,1,2019/12/15,43.5,
08HB034,1,2019/12/16,34.0,
08HB034,1,2019/12/17,31.2,
08HB034,1,2019/12/18,44.1,
08HB034,1,2019/12/19,92.2,
08HB034,1,2019/12/20,133,
08HB034,1,2019/12/21,110,
08HB034,1,2019/12/22,78.8,
08HB034,1,2019/12/23,58.7,
08HB034,1,2019/12/24,45.4,
08HB034,1,2019/12/25,36.9,
08HB034,1,2019/12/26,30.6,
08HB034,1,2019/12/27,26.7,
08HB034,1,2019/12/28,23.6,
08HB034,1,2019/12/29,23.4,
08HB034,1,2019/12/30,24.8,
08HB034,1,2019/12/31,49.4,
08HB034,1,2020/01/01,151,
08HB034,1,2020/01/02,117,
08HB034,1,2020/01/03,155,
08HB034,1,2020/01/04,285,
08HB034,1,2020/01/05,176,
08HB034,1,2020/01/06,115,
08HB034,1,2020/01/07,230,
08HB034,1,2020/01/08,314,
08HB034,1,2020/01/09,153,
08HB034,1,2020/01/10,88.6,
08HB034,1,2020/01/11,66.6,
08HB034,1,2020/01/12,52.8,
08HB034,1,2020/01/13,42.5,
08HB034,1,2020/01/14,35.2,
08HB034,1,2020/01/15,32.0,
08HB034,1,2020/01/16,29.8,
08HB034,1,2020/01/17,26.2,
08HB034,1,2020/01/18,25.6,
08HB034,1,2020/01/19,38.1,
08HB034,1,2020/01/20,106,
08HB034,1,2020/01/21,198,
08HB034,1,2020/01/22,203,
08HB034,1,2020/01/23,342,
08HB034,1,2020/01/24,399,
08HB034,1,2020/01/25,282,
08HB034,1,2020/01/26,205,
08HB034,1,2020/01/27,209,
08HB034,1,2020/01/28,172,
08HB034,1,2020/01/29,148,
08HB034,1,2020/01/30,147,
08HB034,1,2020/01/31,252,
08HB034,1,2020/02/01,749,
08HB034,1,2020/02/02,334,
08HB034,1,2020/02/03,149,
08HB034,1,2020/02/04,88.1,
08HB034,1,2020/02/05,63.3,
08HB034,1,2020/02/06,49.0,
08HB034,1,2020/02/07,48.5,
08HB034,1,2020/02/08,74.8,
08HB034,1,2020/02/09,74.3,
08HB034,1,2020/02/10,60.3,
08HB034,1,2020/02/11,47.9,
08HB034,1,2020/02/12,39.4,
08HB034,1,2020/02/13,34.2,
08HB034,1,2020/02/14,30.4,
08HB034,1,2020/02/15,27.0,
08HB034,1,2020/02/16,25.2,
08HB034,1,2020/02/17,23.6,
08HB034,1,2020/02/18,22.0,
08HB034,1,2020/02/19,20.4,
08HB034,1,2020/02/20,18.9,
08HB034,1,2020/02/21,17.3,
08HB034,1,2020/02/22,16.3,
08HB034,1,2020/02/23,17.5,
08HB034,1,2020/02/24,19.8,
08HB034,1,2020/02/25,19.7,
08HB034,1,2020/02/26,19.2,
08HB034,1,2020/02/27,18.4,
08HB034,1,2020/02/28,18.2,
08HB034,1,2020/02/29,20.3,
08HB034,1,2020/03/01,21.2,
08HB034,1,2020/03/02,21.0,
08HB034,1,2020/03/03,20.4,
08HB034,1,2020/03/04,20.9,
08HB034,1,2020/03/05,22.0,
08HB034,1,2020/03/06,23.9,
08HB034,1,2020/03/07,23.2,
08HB034,1,2020/03/08,21.5,
08HB034,1,2020/03/09,19.5,
08HB034,1,2020/03/10,17.6,
08HB034,1,2020/03/11,17.5,
08HB034,1,2020/03/12,17.4,
08HB034,1,2020/03/13,17.3,
08HB034,1,2020/03/14,16.3,
08HB034,1,2020/03/15,15.2,
08HB034,1,2020/03/16,14.0,
08HB034,1,2020/03/17,12.9,
08HB034,1,2020/03/18,12.1,
08HB034,1,2020/03/19,11.5,
08HB034,1,2020/03/20,11.1,
08HB034,1,2020/03/21,11.0,
08HB034,1,2020/03/22,11.3,
08HB034,1,2020/03/23,11.9,
08HB034,1,2020/03/24,12.4,
08HB034,1,2020/03/25,12.6,
08HB034,1,2020/03/26,12.3,
08HB034,1,2020/03/27,12.0,
08HB034,1,2020/03/28,11.6,
08HB034,1,2020/03/29,25.8,
08HB034,1,2020/03/30,54.5,
08HB034,1,2020/03/31,61.4,
08HB034,1,2020/04/01,41.4,
08HB034,1,2020/04/02,32.9,
08HB034,1,2020/04/03,27.5,
08HB034,1,2020/04/04,23.5,
08HB034,1,2020/04/05,20.9,
08HB034,1,2020/04/06,18.8,
08HB034,1,2020/04/07,17.2,
08HB034,1,2020/04/08,16.0,
08HB034,1,2020/04/09,15.5,
08HB034,1,2020/04/10,16.2,
08HB034,1,2020/04/11,20.5,
08HB034,1,2020/04/12,23.6,
08HB034,1,2020/04/13,22.9,
08HB034,1,2020/04/14,21.1,
08HB034,1,2020/04/15,20.7,
08HB034,1,2020/04/16,22.9,
08HB034,1,2020/04/17,23.3,
08HB034,1,2020/04/18,26.9,
08HB034,1,2020/04/19,29.6,
08HB034,1,2020/04/20,31.4,
08HB034,1,2020/04/21,32.6,
08HB034,1,2020/04/22,32.7,
08HB034,1,2020/04/23,34.0,
08HB034,1,2020/04/24,30.3,
08HB034,1,2020/04/25,30.5,
08HB034,1,2020/04/26,39.7,
08HB034,1,2020/04/27,46.0,
08HB034,1,2020/04/28,46.9,
08HB034,1,2020/04/29,40.9,
08HB034,1,2020/04/30,39.7,
08HB034,1,2020/05/01,39.5,
08HB034,1,2020/05/02,38.7,
08HB034,1,2020/05/03,46.3,
08HB034,1,2020/05/04,46.2,
08HB034,1,2020/05/05,39.3,
08HB034,1,2020/05/06,33.0,
08HB034,1,2020/05/07,28.3,
08HB034,1,2020/05/08,25.4,
08HB034,1,2020/05/09,24.1,
08HB034,1,2020/05/10,26.2,
08HB034,1,2020/05/11,28.7,
08HB034,1,2020/05/12,30.7,
08HB034,1,2020/05/13,31.7,
08HB034,1,2020/05/14,30.1,
08HB034,1,2020/05/15,26.6,
08HB034,1,2020/05/16,24.2,
08HB034,1,2020/05/17,29.5,
08HB034,1,2020/05/18,30.2,
08HB034,1,2020/05/19,27.8,
08HB034,1,2020/05/20,24.4,
08HB034,1,2020/05/21,21.3,
08HB034,1,2020/05/22,19.5,
08HB034,1,2020/05/23,17.7,
08HB034,1,2020/05/24,16.5,
08HB034,1,2020/05/25,16.1,
08HB034,1,2020/05/26,16.2,
08HB034,1,2020/05/27,15.5,
08HB034,1,2020/05/28,14.7,
08HB034,1,2020/05/29,14.0,
08HB034,1,2020/05/30,13.7,
08HB034,1,2020/05/31,13.2,
08HB034,1,2020/06/01,11.7,
08HB034,1,2020/06/02,10.6,
08HB034,1,2020/06/03,9.99,
08HB034,1,2020/06/04,8.78,
08HB034,1,2020/06/05,8.43,
08HB034,1,2020/06/06,8.08,
08HB034,1,2020/06/07,7.89,
08HB034,1,2020/06/08,8.18,
08HB034,1,2020/06/09,8.93,
08HB034,1,2020/06/10,11.7,
08HB034,1,2020/06/11,11.7,
08HB034,1,2020/06/12,12.3,
08HB034,1,2020/06/13,12.6,
08HB034,1,2020/06/14,12.9,
08HB034,1,2020/06/15,12.1,
08HB034,1,2020/06/16,11.9,
08HB034,1,2020/06/17,11.1,
08HB034,1,2020/06/18,10.4,
08HB034,1,2020/06/19,9.62,
08HB034,1,2020/06/20,9.67,
08HB034,1,2020/06/21,9.77,
08HB034,1,2020/06/22,9.25,
08HB034,1,2020/06/23,8.69,
08HB034,1,2020/06/24,8.54,
08HB034,1,2020/06/25,8.30,
08HB034,1,2020/06/26,7.69,
08HB034,1,2020/06/27,7.35,
08HB034,1,2020/06/28,6.87,
08HB034,1,2020/06/29,6.11,
08HB034,1,2020/06/30,5.17,
08HB034,1,2020/07/01,4.79,
08HB034,1,2020/07/02,4.80,
08HB034,1,2020/07/03,4.81,
08HB034,1,2020/07/04,5.31,
08HB034,1,2020/07/05,5.35,
08HB034,1,2020/07/06,5.11,
08HB034,1,2020/07/07,4.92,
08HB034,1,2020/07/08,4.71,
08HB034,1,2020/07/09,4.78,
08HB034,1,2020/07/10,4.60,
08HB034,1,2020/07/11,4.38,
08HB034,1,2020/07/12,4.45,
08HB034,1,2020/07/13,4.46,
08HB034,1,2020/07/14,4.31,
08HB034,1,2020/07/15,4.26,
08HB034,1,2020/07/16,4.51,
08HB034,1,2020/07/17,4.45,
08HB034,1,2020/07/18,4.32,
08HB034,1,2020/07/19,4.31,
08HB034,1,2020/07/20,4.24,
08HB034,1,2020/07/21,4.09,
08HB034,1,2020/07/22,3.96,
08HB034,1,2020/07/23,3.89,
08HB034,1,2020/07/24,4.07,
08HB034,1,2020/07/25,4.12,
08HB034,1,2020/07/26,4.12,
08HB034,1,2020/07/27,4.06,
08HB034,1,2020/07/28,3.99,
08HB034,1,2020/07/29,4.00,
08HB034,1,2020/07/30,4.20,
08HB034,1,2020/07/31,4.53,
08HB034,1,2020/08/01,4.53,
08HB034,1,2020/08/02,4.53,
08HB034,1,2020/08/03,4.58,
08HB034,1,2020/08/04,4.53,
08HB034,1,2020/08/05,4.46,
08HB034,1,2020/08/06,4.86,
08HB034,1,2020/08/07,4.85,
08HB034,1,2020/08/08,4.87,
08HB034,1,2020/08/09,4.67,
08HB034,1,2020/08/10,4.43,
08HB034,1,2020/08/11,4.27,
08HB034,1,2020/08/12,4.21,
08HB034,1,2020/08/13,4.21,
08HB034,1,2020/08/14,4.27,
08HB034,1,2020/08/15,4.26,
08HB034,1,2020/08/16,4.19,
08HB034,1,2020/08/17,4.16,
08HB034,1,2020/08/18,4.15,
08HB034,1,2020/08/19,4.15,
08HB034,1,2020/08/20,4.61,
08HB034,1,2020/08/21,7.98,
08HB034,1,2020/08/22,13.6,
08HB034,1,2020/08/23,13.1,
08HB034,1,2020/08/24,10.5,
08HB034,1,2020/08/25,8.33,
08HB034,1,2020/08/26,6.87,
08HB034,1,2020/08/27,5.95,
08HB034,1,2020/08/28,5.42,
08HB034,1,2020/08/29,4.98,
08HB034,1,2020/08/30,4.59,
08HB034,1,2020/08/31,4.61,
08HB034,1,2020/09/01,4.39,
08HB034,1,2020/09/02,4.21,
08HB034,1,2020/09/03,4.32,
08HB034,1,2020/09/04,4.34,
08HB034,1,2020/09/05,4.35,
08HB034,1,2020/09/06,4.44,
08HB034,1,2020/09/07,4.42,
08HB034,1,2020/09/08,4.36,
08HB034,1,2020/09/09,3.97,
08HB034,1,2020/09/10,3.95,
08HB034,1,2020/09/11,4.54,
08HB034,1,2020/09/12,5.31,
08HB034,1,2020/09/13,5.51,
08HB034,1,2020/09/14,5.54,
08HB034,1,2020/09/15,5.75,
08HB034,1,2020/09/16,5.66,
08HB034,1,2020/09/17,5.50,
08HB034,1,2020/09/18,5.35,
08HB034,1,2020/09/19,5.39,
08HB034,1,2020/09/20,5.11,
08HB034,1,2020/09/21,5.00,
08HB034,1,2020/09/22,4.99,
08HB034,1,2020/09/23,5.97,
08HB034,1,2020/09/24,14.7,
08HB034,1,2020/09/25,52.0,
08HB034,1,2020/09/26,61.9,
08HB034,1,2020/09/27,38.2,
08HB034,1,2020/09/28,25.2,
08HB034,1,2020/09/29,18.4,
08HB034,1,2020/09/30,14.3,
08HB034,1,2020/10/01,11.8,
08HB034,1,2020/10/02,10.1,
08HB034,1,2020/10/03,8.83,
08HB034,1,2020/10/04,7.93,
08HB034,1,2020/10/05,7.24,
08HB034,1,2020/10/06,6.74,
08HB034,1,2020/10/07,6.31,
08HB034,1,2020/10/08,6.03,
08HB034,1,2020/10/09,5.83,
08HB034,1,2020/10/10,12.6,
08HB034,1,2020/10/11,21.9,
08HB034,1,2020/10/12,37.3,
08HB034,1,2020/10/13,63.2,
08HB034,1,2020/10/14,81.6,
08HB034,1,2020/10/15,56.9,
08HB034,1,2020/10/16,37.6,
08HB034,1,2020/10/17,27.8,
08HB034,1,2020/10/18,25.0,
08HB034,1,2020/10/19,23.7,
08HB034,1,2020/10/20,21.4,
08HB034,1,2020/10/21,19.2,
08HB034,1,2020/10/22,16.9,
08HB034,1,2020/10/23,15.6,
08HB034,1,2020/10/24,15.1,
08HB034,1,2020/10/25,14.0,
08HB034,1,2020/10/26,12.8,
08HB034,1,2020/10/27,10.9,
08HB034,1,2020/10/28,10.2,
08HB034,1,2020/10/29,9.55,
08HB034,1,2020/10/30,12.8,
08HB034,1,2020/10/31,16.7,
08HB034,1,2020/11/01,17.0,
08HB034,1,2020/11/02,15.3,
08HB034,1,2020/11/03,42.3,
08HB034,1,2020/11/04,103,
08HB034,1,2020/11/05,155,
08HB034,1,2020/11/06,114,
08HB034,1,2020/11/07,67.4,
08HB034,1,2020/11/08,42.8,
08HB034,1,2020/11/09,31.0,
08HB034,1,2020/11/10,25.4,
08HB034,1,2020/11/11,21.1,
08HB034,1,2020/11/12,18.8,
08HB034,1,2020/11/13,24.6,
08HB034,1,2020/11/14,27.3,
08HB034,1,2020/11/15,32.2,
08HB034,1,2020/11/16,41.0,
08HB034,1,2020/11/17,144,
08HB034,1,2020/11/18,235,
08HB034,1,2020/11/19,159,
08HB034,1,2020/11/20,109,
08HB034,1,2020/11/21,92.2,
08HB034,1,2020/11/22,73.1,
08HB034,1,2020/11/23,56.3,
08HB034,1,2020/11/24,48.6,
08HB034,1,2020/11/25,55.5,
08HB034,1,2020/11/26,50.0,
08HB034,1,2020/11/27,63.7,
08HB034,1,2020/11/28,148,
08HB034,1,2020/11/29,112,
08HB034,1,2020/11/30,95.0,
08HB034,1,2020/12/01,93.5,
08HB034,1,2020/12/02,70.5,
08HB034,1,2020/12/03,51.0,
08HB034,1,2020/12/04,38.6,
08HB034,1,2020/12/05,32.1,
08HB034,1,2020/12/06,27.9,
08HB034,1,2020/12/07,30.1,
08HB034,1,2020/12/08,99.4,
08HB034,1,2020/12/09,113,
08HB034,1,2020/12/10,77.2,
08HB034,1,2020/12/11,53.6,
08HB034,1,2020/12/12,40.4,
08HB034,1,2020/12/13,33.7,
08HB034,1,2020/12/14,29.9,
08HB034,1,2020/12/15,32.5,
08HB034,1,2020/12/16,51.7,
08HB034,1,2020/12/17,98.1,
08HB034,1,2020/12/18,103,
08HB034,1,2020/12/19,188,
08HB034,1,2020/12/20,190,
08HB034,1,2020/12/21,138,
08HB034,1,2020/12/22,95.0,
08HB034,1,2020/12/23,65.5,
08HB034,1,2020/12/24,48.1,
08HB034,1,2020/12/25,41.2,
08HB034,1,2020/12/26,67.9,
08HB034,1,2020/12/27,95.9,
08HB034,1,2020/12/28,100,
08HB034,1,2020/12/29,79.6,
08HB034,1,2020/12/30,90.1,
08HB034,1,2020/12/31,129,
08HB034,1,2021/01/01,185,
08HB034,1,2021/01/02,440,
08HB034,1,2021/01/03,413,
08HB034,1,2021/01/04,252,
08HB034,1,2021/01/05,185,
08HB034,1,2021/01/06,217,
08HB034,1,2021/01/07,157,
08HB034,1,2021/01/08,103,
08HB034,1,2021/01/09,71.4,
08HB034,1,2021/01/10,58.2,
08HB034,1,2021/01/11,111,
08HB034,1,2021/01/12,244,
08HB034,1,2021/01/13,334,
08HB034,1,2021/01/14,194,
08HB034,1,2021/01/15,109,
08HB034,1,2021/01/16,74.4,
08HB034,1,2021/01/17,57.9,
08HB034,1,2021/01/18,46.5,
08HB034,1,2021/01/19,37.5,
08HB034,1,2021/01/20,32.9,
08HB034,1,2021/01/21,29.3,
08HB034,1,2021/01/22,26.1,
08HB034,1,2021/01/23,23.3,
08HB034,1,2021/01/24,21.9,
08HB034,1,2021/01/25,20.8,
08HB034,1,2021/01/26,19.3,
08HB034,1,2021/01/27,18.2,
08HB034,1,2021/01/28,17.6,
08HB034,1,2021/01/29,16.7,
08HB034,1,2021/01/30,16.5,
08HB034,1,2021/01/31,20.6,
08HB034,1,2021/02/01,26.4,
08HB034,1,2021/02/02,30.0,
08HB034,1,2021/02/03,31.4,
08HB034,1,2021/02/04,29.8,
08HB034,1,2021/02/05,28.5,
08HB034,1,2021/02/06,28.8,
08HB034,1,2021/02/07,29.0,
08HB034,1,2021/02/08,27.5,
08HB034,1,2021/02/09,24.9,
08HB034,1,2021/02/10,22.2,
08HB034,1,2021/02/11,19.7,
08HB034,1,2021/02/12,17.5,
08HB034,1,2021/02/13,16.9,
08HB034,1,2021/02/14,15.8,
08HB034,1,2021/02/15,15.1,
08HB034,1,2021/02/16,14.3,
08HB034,1,2021/02/17,13.6,
08HB034,1,2021/02/18,13.0,
08HB034,1,2021/02/19,12.9,
08HB034,1,2021/02/20,12.8,
08HB034,1,2021/02/21,13.2,
08HB034,1,2021/02/22,40.0,
08HB034,1,2021/02/23,60.6,
08HB034,1,2021/02/24,50.3,
08HB034,1,2021/02/25,40.0,
08HB034,1,2021/02/26,32.9,
08HB034,1,2021/02/27,27.5,
08HB034,1,2021/02/28,23.9,
08HB034,1,2021/03/01,22.4,
08HB034,1,2021/03/02,22.7,
08HB034,1,2021/03/03,22.6,
08HB034,1,2021/03/04,21.8,
08HB034,1,2021/03/05,48.6,
08HB034,1,2021/03/06,79.8,
08HB034,1,2021/03/07,72.3,
08HB034,1,2021/03/08,57.8,
08HB034,1,2021/03/09,45.2,
08HB034,1,2021/03/10,36.7,
08HB034,1,2021/03/11,30.5,
08HB034,1,2021/03/12,26.1,
08HB034,1,2021/03/13,22.8,
08HB034,1,2021/03/14,21.7,
08HB034,1,2021/03/15,23.0,
08HB034,1,2021/03/16,22.2,
08HB034,1,2021/03/17,20.8,
08HB034,1,2021/03/18,19.3,
08HB034,1,2021/03/19,22.0,
08HB034,1,2021/03/20,35.6,
08HB034,1,2021/03/21,38.6,
08HB034,1,2021/03/22,38.0,
08HB034,1,2021/03/23,33.0,
08HB034,1,2021/03/24,29.9,
08HB034,1,2021/03/25,28.0,
08HB034,1,2021/03/26,26.1,
08HB034,1,2021/03/27,24.2,
08HB034,1,2021/03/28,27.8,
08HB034,1,2021/03/29,39.5,
08HB034,1,2021/03/30,37.6,
08HB034,1,2021/03/31,31.3,
08HB034,1,2021/04/01,26.6,
08HB034,1,2021/04/02,23.3,
08HB034,1,2021/04/03,21.3,
08HB034,1,2021/04/04,20.8,
08HB034,1,2021/04/05,20.0,
08HB034,1,2021/04/06,19.0,
08HB034,1,2021/04/07,18.4,
08HB034,1,2021/04/08,17.6,
08HB034,1,2021/04/09,17.0,
08HB034,1,2021/04/10,18.0,
08HB034,1,2021/04/11,17.2,
08HB034,1,2021/04/12,16.1,
08HB034,1,2021/04/13,15.0,
08HB034,1,2021/04/14,14.1,
08HB034,1,2021/04/15,13.8,
08HB034,1,2021/04/16,15.9,
08HB034,1,2021/04/17,23.5,
08HB034,1,2021/04/18,36.4,
08HB034,1,2021/04/19,46.4,
08HB034,1,2021/04/20,44.0,
08HB034,1,2021/04/21,42.2,
08HB034,1,2021/04/22,41.4,
08HB034,1,2021/04/23,37.9,
08HB034,1,2021/04/24,34.2,
08HB034,1,2021/04/25,31.3,
08HB034,1,2021/04/26,29.1,
08HB034,1,2021/04/27,25.7,
08HB034,1,2021/04/28,23.3,
08HB034,1,2021/04/29,22.6,
08HB034,1,2021/04/30,25.9,
08HB034,1,2021/05/01,31.7,
08HB034,1,2021/05/02,30.3,
08HB034,1,2021/05/03,26.6,
08HB034,1,2021/05/04,23.6,
08HB034,1,2021/05/05,21.4,
08HB034,1,2021/05/06,21.1,
08HB034,1,2021/05/07,23.0,
08HB034,1,2021/05/08,21.8,
08HB034,1,2021/05/09,19.6,
08HB034,1,2021/05/10,17.3,
08HB034,1,2021/05/11,16.1,
08HB034,1,2021/05/12,17.4,
08HB034,1,2021/05/13,20.7,
08HB034,1,2021/05/14,23.1,
08HB034,1,2021/05/15,25.2,
08HB034,1,2021/05/16,26.3,
08HB034,1,2021/05/17,27.8,
08HB034,1,2021/05/18,27.2,
08HB034,1,2021/05/19,23.6,
08HB034,1,2021/05/20,19.1,
08HB034,1,2021/05/21,15.3,
08HB034,1,2021/05/22,14.0,
08HB034,1,2021/05/23,14.1,
08HB034,1,2021/05/24,14.8,
08HB034,1,2021/05/25,15.3,
08HB034,1,2021/05/26,15.0,
08HB034,1,2021/05/27,16.7,
08HB034,1,2021/05/28,27.2,
08HB034,1,2021/05/29,28.5,
08HB034,1,2021/05/30,24.5,
08HB034,1,2021/05/31,21.7,
08HB034,1,2021/06/01,19.5,
08HB034,1,2021/06/02,19.6,
08HB034,1,2021/06/03,20.0,
08HB034,1,2021/06/04,18.4,
08HB034,1,2021/06/05,15.9,
08HB034,1,2021/06/06,13.9,
08HB034,1,2021/06/07,13.0,
08HB034,1,2021/06/08,11.9,
08HB034,1,2021/06/09,10.7,
08HB034,1,2021/06/10,9.99,
08HB034,1,2021/06/11,9.24,
08HB034,1,2021/06/12,9.18,
08HB034,1,2021/06/13,13.6,
08HB034,1,2021/06/14,16.3,
08HB034,1,2021/06/15,16.4,
08HB034,1,2021/06/16,15.2,
08HB034,1,2021/06/17,13.6,
08HB034,1,2021/06/18,12.3,
08HB034,1,2021/06/19,11.0,
08HB034,1,2021/06/20,10.3,
08HB034,1,2021/06/21,9.61,
08HB034,1,2021/06/22,9.01,
08HB034,1,2021/06/23,8.60,
08HB034,1,2021/06/24,8.11,
08HB034,1,2021/06/25,7.46,
08HB034,1,2021/06/26,6.95,
08HB034,1,2021/06/27,6.54,
08HB034,1,2021/06/28,6.03,
08HB034,1,2021/06/29,5.57,
08HB034,1,2021/06/30,5.26,
08HB034,1,2021/07/01,4.80,
08HB034,1,2021/07/02,4.33,
08HB034,1,2021/07/03,3.96,
08HB034,1,2021/07/04,3.97,
08HB034,1,2021/07/05,4.03,
08HB034,1,2021/07/06,4.14,
08HB034,1,2021/07/07,4.08,E
08HB034,1,2021/07/08,4.18,E
08HB034,1,2021/07/09,4.00,E
08HB034,1,2021/07/10,3.93,
08HB034,1,2021/07/11,3.97,
08HB034,1,2021/07/12,3.94,
08HB034,1,2021/07/13,3.84,
08HB034,1,2021/07/14,3.79,
08HB034,1,2021/07/15,3.87,
08HB034,1,2021/07/16,3.90,
08HB034,1,2021/07/17,3.99,
08HB034,1,2021/07/18,3.90,
08HB034,1,2021/07/19,3.90,
08HB034,1,2021/07/20,3.90,
08HB034,1,2021/07/21,3.95,
08HB034,1,2021/07/22,3.86,
08HB034,1,2021/07/23,3.91,
08HB034,1,2021/07/24,4.02,
08HB034,1,2021/07/25,4.00,
08HB034,1,2021/07/26,3.98,
08HB034,1,2021/07/27,3.95,
08HB034,1,2021/07/28,3.90,
08HB034,1,2021/07/29,3.87,
08HB034,1,2021/07/30,3.83,
08HB034,1,2021/07/31,3.88,
08HB034,1,2021/08/01,4.01,
08HB034,1,2021/08/02,3.97,
08HB034,1,2021/08/03,3.99,
08HB034,1,2021/08/04,3.97,
08HB034,1,2021/08/05,3.85,
08HB034,1,2021/08/06,3.91,
08HB034,1,2021/08/07,4.03,
08HB034,1,2021/08/08,4.09,
08HB034,1,2021/08/09,3.95,
08HB034,1,2021/08/10,3.98,
08HB034,1,2021/08/11,3.96,
08HB034,1,2021/08/12,3.90,
08HB034,1,2021/08/13,3.85,
08HB034,1,2021/08/14,3.86,
08HB034,1,2021/08/15,4.03,
08HB034,1,2021/08/16,4.12,
08HB034,1,2021/08/17,4.17,
08HB034,1,2021/08/18,4.34,
08HB034,1,2021/08/19,4.33,
08HB034,1,2021/08/20,4.26,
08HB034,1,2021/08/21,4.31,
08HB034,1,2021/08/22,4.35,
08HB034,1,2021/08/23,4.29,
08HB034,1,2021/08/24,4.27,
08HB034,1,2021/08/25,4.26,
08HB034,1,2021/08/26,4.29,
08HB034,1,2021/08/27,4.36,
08HB034,1,2021/08/28,4.21,
08HB034,1,2021/08/29,4.24,
08HB034,1,2021/08/30,4.18,
08HB034,1,2021/08/31,4.10,
08HB034,1,2021/09/01,4.09,
08HB034,1,2021/09/02,4.00,
08HB034,1,2021/09/03,3.91,
08HB034,1,2021/09/04,4.00,
08HB034,1,2021/09/05,4.20,
08HB034,1,2021/09/06,4.10,
08HB034,1,2021/09/07,4.01,
08HB034,1,2021/09/08,4.03,
08HB034,1,2021/09/09,3.97,
08HB034,1,2021/09/10,3.84,
08HB034,1,2021/09/11,3.83,
08HB034,1,2021/09/12,3.88,
08HB034,1,2021/09/13,3.74,
08HB034,1,2021/09/14,3.81,
08HB034,1,2021/09/15,3.89,
08HB034,1,2021/09/16,3.78,
08HB034,1,2021/09/17,4.59,
08HB034,1,2021/09/18,28.1,
08HB034,1,2021/09/19,32.9,
08HB034,1,2021/09/20,25.6,
08HB034,1,2021/09/21,18.6,
08HB034,1,2021/09/22,13.5,
08HB034,1,2021/09/23,10.5,
08HB034,1,2021/09/24,8.52,
08HB034,1,2021/09/25,7.28,
08HB034,1,2021/09/26,6.67,
08HB034,1,2021/09/27,16.5,
08HB034,1,2021/09/28,55.9,
08HB034,1,2021/09/29,60.7,
08HB034,1,2021/09/30,153,
08HB034,1,2021/10/01,121,
08HB034,1,2021/10/02,64.4,
08HB034,1,2021/10/03,40.7,
08HB034,1,2021/10/04,31.0,
08HB034,1,2021/10/05,27.9,
08HB034,1,2021/10/06,39.7,
08HB034,1,2021/10/07,42.7,
08HB034,1,2021/10/08,35.0,
08HB034,1,2021/10/09,27.1,
08HB034,1,2021/10/10,28.0,
08HB034,1,2021/10/11,27.7,
08HB034,1,2021/10/12,24.6,
08HB034,1,2021/10/13,25.2,
08HB034,1,2021/10/14,23.7,
08HB034,1,2021/10/15,33.5,
08HB034,1,2021/10/16,212,
08HB034,1,2021/10/17,257,
08HB034,1,2021/10/18,142,
08HB034,1,2021/10/19,79.9,
08HB034,1,2021/10/20,52.8,
08HB034,1,2021/10/21,45.8,
08HB034,1,2021/10/22,64.2,
08HB034,1,2021/10/23,69.6,
08HB034,1,2021/10/24,81.4,
08HB034,1,2021/10/25,175,
08HB034,1,2021/10/26,275,
08HB034,1,2021/10/27,226,
08HB034,1,2021/10/28,193,
08HB034,1,2021/10/29,158,
08HB034,1,2021/10/30,98.9,
08HB034,1,2021/10/31,65.0,
08HB034,1,2021/11/01,46.3,
08HB034,1,2021/11/02,41.8,
08HB034,1,2021/11/03,196,
08HB034,1,2021/11/04,291,
08HB034,1,2021/11/05,232,
08HB034,1,2021/11/06,166,
08HB034,1,2021/11/07,121,
08HB034,1,2021/11/08,101,
08HB034,1,2021/11/09,106,
08HB034,1,2021/11/10,120,
08HB034,1,2021/11/11,102,
08HB034,1,2021/11/12,137,
08HB034,1,2021/11/13,136,
08HB034,1,2021/11/14,353,
08HB034,1,2021/11/15,720,
08HB034,1,2021/11/16,392,
08HB034,1,2021/11/17,158,
08HB034,1,2021/11/18,88.1,
08HB034,1,2021/11/19,61.7,
08HB034,1,2021/11/20,47.2,
08HB034,1,2021/11/21,39.6,
08HB034,1,2021/11/22,36.0,
08HB034,1,2021/11/23,41.4,
08HB034,1,2021/11/24,43.4,
08HB034,1,2021/11/25,65.3,
08HB034,1,2021/11/26,140,
08HB034,1,2021/11/27,141,
08HB034,1,2021/11/28,284,
08HB034,1,2021/11/29,244,
08HB034,1,2021/11/30,172,
08HB034,1,2021/12/01,172,
08HB034,1,2021/12/02,147,
08HB034,1,2021/12/03,95.7,
08HB034,1,2021/12/04,64.8,
08HB034,1,2021/12/05,47.4,
08HB034,1,2021/12/06,38.0,
08HB034,1,2021/12/07,31.6,
08HB034,1,2021/12/08,31.5,
08HB034,1,2021/12/09,31.6,
08HB034,1,2021/12/10,30.6,
08HB034,1,2021/12/11,96.7,
08HB034,1,2021/12/12,111,
08HB034,1,2021/12/13,82.2,
08HB034,1,2021/12/14,61.3,
08HB034,1,2021/12/15,48.5,
08HB034,1,2021/12/16,41.0,
08HB034,1,2021/12/17,34.1,
08HB034,1,2021/12/18,34.0,
08HB034,1,2021/12/19,40.2,
08HB034,1,2021/12/20,37.6,
08HB034,1,2021/12/21,33.3,
08HB034,1,2021/12/22,59.8,
08HB034,1,2021/12/23,137,
08HB034,1,2021/12/24,106,
08HB034,1,2021/12/25,72.3,
08HB034,1,2021/12/26,52.0,
08HB034,1,2021/12/27,39.3,
08HB034,1,2021/12/28,32.1,
08HB034,1,2021/12/29,27.5,
08HB034,1,2021/12/30,24.7,
08HB034,1,2021/12/31,21.9,
08HB034,1,2022/01/01,19.7,
08HB034,1,2022/01/02,31.6,
08HB034,1,2022/01/03,63.4,
08HB034,1,2022/01/04,57.1,
08HB034,1,2022/01/05,44.7,
08HB034,1,2022/01/06,37.6,
08HB034,1,2022/01/07,40.7,
08HB034,1,2022/01/08,41.9,
08HB034,1,2022/01/09,38.0,
08HB034,1,2022/01/10,35.9,
08HB034,1,2022/01/11,114,
08HB034,1,2022/01/12,308,
08HB034,1,2022/01/13,361,
08HB034,1,2022/01/14,211,
08HB034,1,2022/01/15,131,
08HB034,1,2022/01/16,94.2,
08HB034,1,2022/01/17,74.0,
08HB034,1,2022/01/18,66.5,
08HB034,1,2022/01/19,65.2,
08HB034,1,2022/01/20,85.9,
08HB034,1,2022/01/21,105,
08HB034,1,2022/01/22,84.3,
08HB034,1,2022/01/23,63.4,
08HB034,1,2022/01/24,50.5,
08HB034,1,2022/01/25,43.3,
08HB034,1,2022/01/26,38.1,
08HB034,1,2022/01/27,33.8,
08HB034,1,2022/01/28,30.3,
08HB034,1,2022/01/29,27.7,
08HB034,1,2022/01/30,34.5,
08HB034,1,2022/01/31,71.6,
08HB034,1,2022/02/01,67.3,
08HB034,1,2022/02/02,51.1,
08HB034,1,2022/02/03,39.7,
08HB034,1,2022/02/04,33.4,
08HB034,1,2022/02/05,33.3,
08HB034,1,2022/02/06,33.4,
08HB034,1,2022/02/07,31.7,
08HB034,1,2022/02/08,30.8,
08HB034,1,2022/02/09,30.1,
08HB034,1,2022/02/10,30.3,
08HB034,1,2022/02/11,30.8,
08HB034,1,2022/02/12,30.0,
08HB034,1,2022/02/13,28.1,
08HB034,1,2022/02/14,26.4,
08HB034,1,2022/02/15,25.4,
08HB034,1,2022/02/16,24.1,
08HB034,1,2022/02/17,22.6,
08HB034,1,2022/02/18,21.2,
08HB034,1,2022/02/19,20.3,
08HB034,1,2022/02/20,19.7,
08HB034,1,2022/02/21,19.4,
08HB034,1,2022/02/22,18.3,
08HB034,1,2022/02/23,16.8,
08HB034,1,2022/02/24,15.7,
08HB034,1,2022/02/25,14.7,
08HB034,1,2022/02/26,14.3,
08HB034,1,2022/02/27,22.3,
08HB034,1,2022/02/28,59.4,
08HB034,1,2022/03/01,91.9,
08HB034,1,2022/03/02,131,
08HB034,1,2022/03/03,118,
08HB034,1,2022/03/04,84.1,
08HB034,1,2022/03/05,59.6,
08HB034,1,2022/03/06,44.3,
08HB034,1,2022/03/07,35.4,
08HB034,1,2022/03/08,30.4,
08HB034,1,2022/03/09,27.3,
08HB034,1,2022/03/10,24.5,
08HB034,1,2022/03/11,22.6,
08HB034,1,2022/03/12,21.1,
08HB034,1,2022/03/13,21.5,
08HB034,1,2022/03/14,23.9,
08HB034,1,2022/03/15,47.7,
08HB034,1,2022/03/16,68.0,
08HB034,1,2022/03/17,59.8,
08HB034,1,2022/03/18,48.8,
08HB034,1,2022/03/19,43.2,
08HB034,1,2022/03/20,38.8,
08HB034,1,2022/03/21,36.2,
08HB034,1,2022/03/22,36.3,
08HB034,1,2022/03/23,45.5,
08HB034,1,2022/03/24,54.5,
08HB034,1,2022/03/25,48.1,
08HB034,1,2022/03/26,40.4,
08HB034,1,2022/03/27,38.6,
08HB034,1,2022/03/28,42.6,
08HB034,1,2022/03/29,43.7,
08HB034,1,2022/03/30,41.3,
08HB034,1,2022/03/31,36.1,
08HB034,1,2022/04/01,31.3,
08HB034,1,2022/04/02,27.6,
08HB034,1,2022/04/03,30.0,
08HB034,1,2022/04/04,92.1,
08HB034,1,2022/04/05,111,
08HB034,1,2022/04/06,82.6,
08HB034,1,2022/04/07,59.3,
08HB034,1,2022/04/08,53.1,
08HB034,1,2022/04/09,55.0,
08HB034,1,2022/04/10,50.5,
08HB034,1,2022/04/11,43.1,
08HB034,1,2022/04/12,36.2,
08HB034,1,2022/04/13,32.4,
08HB034,1,2022/04/14,29.1,
08HB034,1,2022/04/15,26.3,
08HB034,1,2022/04/16,24.2,
08HB034,1,2022/04/17,22.0,
08HB034,1,2022/04/18,31.1,
08HB034,1,2022/04/19,47.5,
08HB034,1,2022/04/20,40.6,
08HB034,1,2022/04/21,44.9,
08HB034,1,2022/04/22,43.8,
08HB034,1,2022/04/23,39.5,
08HB034,1,2022/04/24,36.5,
08HB034,1,2022/04/25,39.4,
08HB034,1,2022/04/26,43.2,
08HB034,1,2022/04/27,41.2,
08HB034,1,2022/04/28,36.2,
08HB034,1,2022/04/29,31.3,
08HB034,1,2022/04/30,37.4,
08HB034,1,2022/05/01,43.8,
08HB034,1,2022/05/02,43.9,
08HB034,1,2022/05/03,44.8,
08HB034,1,2022/05/04,42.0,
08HB034,1,2022/05/05,40.5,
08HB034,1,2022/05/06,51.0,
08HB034,1,2022/05/07,49.5,
08HB034,1,2022/05/08,41.6,
08HB034,1,2022/05/09,34.6,
08HB034,1,2022/05/10,29.6,
08HB034,1,2022/05/11,26.4,
08HB034,1,2022/05/12,30.6,
08HB034,1,2022/05/13,38.9,
08HB034,1,2022/05/14,38.9,
08HB034,1,2022/05/15,50.0,
08HB034,1,2022/05/16,104,
08HB034,1,2022/05/17,98.4,
08HB034,1,2022/05/18,76.8,
08HB034,1,2022/05/19,81.8,
08HB034,1,2022/05/20,70.1,
08HB034,1,2022/05/21,53.6,
08HB034,1,2022/05/22,44.5,
08HB034,1,2022/05/23,40.8,
08HB034,1,2022/05/24,39.4,
08HB034,1,2022/05/25,37.6,
08HB034,1,2022/05/26,36.7,
08HB034,1,2022/05/27,39.9,
08HB034,1,2022/05/28,41.7,
08HB034,1,2022/05/29,37.3,
08HB034,1,2022/05/30,31.5,
08HB034,1,2022/05/31,28.6,
08HB034,1,2022/06/01,28.5,
08HB034,1,2022/06/02,31.5,
08HB034,1,2022/06/03,39.5,
08HB034,1,2022/06/04,47.9,
08HB034,1,2022/06/05,60.6,
08HB034,1,2022/06/06,60.9,
08HB034,1,2022/06/07,47.2,
08HB034,1,2022/06/08,38.9,
08HB034,1,2022/06/09,35.9,
08HB034,1,2022/06/10,43.1,
08HB034,1,2022/06/11,44.0,
08HB034,1,2022/06/12,39.6,
08HB034,1,2022/06/13,34.1,
08HB034,1,2022/06/14,29.4,
08HB034,1,2022/06/15,26.4,
08HB034,1,2022/06/16,25.3,
08HB034,1,2022/06/17,25.5,
08HB034,1,2022/06/18,24.6,
08HB034,1,2022/06/19,24.5,
08HB034,1,2022/06/20,23.2,
08HB034,1,2022/06/21,22.3,
08HB034,1,2022/06/22,22.1,
08HB034,1,2022/06/23,21.1,
08HB034,1,2022/06/24,19.2,
08HB034,1,2022/06/25,16.4,
08HB034,1,2022/06/26,15.8,
08HB034,1,2022/06/27,15.6,
08HB034,1,2022/06/28,15.2,
08HB034,1,2022/06/29,14.2,
08HB034,1,2022/06/30,12.9,
08HB034,1,2022/07/01,11.6,
08HB034,1,2022/07/02,10.8,
08HB034,1,2022/07/03,11.0,
08HB034,1,2022/07/04,12.9,
08HB034,1,2022/07/05,13.7,
08HB034,1,2022/07/06,13.8,
08HB034,1,2022/07/07,14.0,
08HB034,1,2022/07/08,13.4,
08HB034,1,2022/07/09,12.3,
08HB034,1,2022/07/10,11.3,
08HB034,1,2022/07/11,10.2,
08HB034,1,2022/07/12,9.34,
08HB034,1,2022/07/13,8.58,
08HB034,1,2022/07/14,7.66,
08HB034,1,2022/07/15,7.24,
08HB034,1,2022/07/16,7.25,
08HB034,1,2022/07/17,7.43,
08HB034,1,2022/07/18,7.16,
08HB034,1,2022/07/19,6.76,
08HB034,1,2022/07/20,6.84,
08HB034,1,2022/07/21,6.26,
08HB034,1,2022/07/22,5.96,
08HB034,1,2022/07/23,6.28,
08HB034,1,2022/07/24,6.39,
08HB034,1,2022/07/25,6.36,
08HB034,1,2022/07/26,6.26,
08HB034,1,2022/07/27,6.13,
08HB034,1,2022/07/28,6.34,
08HB034,1,2022/07/29,6.33,
08HB034,1,2022/07/30,6.30,
08HB034,1,2022/07/31,6.09,
08HB034,1,2022/08/01,6.04,
08HB034,1,2022/08/02,5.86,
08HB034,1,2022/08/03,5.48,
08HB034,1,2022/08/04,5.46,
08HB034,1,2022/08/05,5.25,
08HB034,1,2022/08/06,5.52,
08HB034,1,2022/08/07,5.44,
08HB034,1,2022/08/08,5.22,
08HB034,1,2022/08/09,5.12,
08HB034,1,2022/08/10,5.06,
08HB034,1,2022/08/11,5.15,
08HB034,1,2022/08/12,4.95,
08HB034,1,2022/08/13,5.05,
08HB034,1,2022/08/14,4.95,
08HB034,1,2022/08/15,4.89,
08HB034,1,2022/08/16,4.85,
08HB034,1,2022/08/17,4.76,
08HB034,1,2022/08/18,4.44,
08HB034,1,2022/08/19,4.60,
08HB034,1,2022/08/20,5.17,
08HB034,1,2022/08/21,5.22,
08HB034,1,2022/08/22,5.22,
08HB034,1,2022/08/23,5.26,
08HB034,1,2022/08/24,5.20,
08HB034,1,2022/08/25,5.11,
08HB034,1,2022/08/26,5.07,
08HB034,1,2022/08/27,5.12,
08HB034,1,2022/08/28,5.10,
08HB034,1,2022/08/29,5.08,
08HB034,1,2022/08/30,4.97,
08HB034,1,2022/08/31,4.90,
08HB034,1,2022/09/01,4.82,
08HB034,1,2022/09/02,4.81,
08HB034,1,2022/09/03,4.85,
08HB034,1,2022/09/04,4.93,
08HB034,1,2022/09/05,5.07,
08HB034,1,2022/09/06,4.95,
08HB034,1,2022/09/07,4.80,
08HB034,1,2022/09/08,4.89,
08HB034,1,2022/09/09,4.85,
08HB034,1,2022/09/10,4.85,
08HB034,1,2022/09/11,4.86,
08HB034,1,2022/09/12,4.85,
08HB034,1,2022/09/13,4.91,
08HB034,1,2022/09/14,4.90,
08HB034,1,2022/09/15,4.91,
08HB034,1,2022/09/16,4.91,
08HB034,1,2022/09/17,4.84,
08HB034,1,2022/09/18,4.82,
08HB034,1,2022/09/19,4.76,
08HB034,1,2022/09/20,4.73,
08HB034,1,2022/09/21,4.74,
08HB034,1,2022/09/22,4.76,
08HB034,1,2022/09/23,4.70,
08HB034,1,2022/09/24,4.76,
08HB034,1,2022/09/25,4.72,
08HB034,1,2022/09/26,4.70,
08HB034,1,2022/09/27,4.69,
08HB034,1,2022/09/28,4.68,
08HB034,1,2022/09/29,4.40,
08HB034,1,2022/09/30,4.02,
08HB034,1,2022/10/01,3.92,
08HB034,1,2022/10/02,3.90,
08HB034,1,2022/10/03,3.89,
08HB034,1,2022/10/04,3.96,
08HB034,1,2022/10/05,4.89,
08HB034,1,2022/10/06,6.08,
08HB034,1,2022/10/07,5.28,
08HB034,1,2022/10/08,4.85,
08HB034,1,2022/10/09,4.67,
08HB034,1,2022/10/10,4.53,
08HB034,1,2022/10/11,4.36,
08HB034,1,2022/10/12,4.31,
08HB034,1,2022/10/13,4.31,
08HB034,1,2022/10/14,4.34,
08HB034,1,2022/10/15,4.32,
08HB034,1,2022/10/16,4.32,
08HB034,1,2022/10/17,4.29,
08HB034,1,2022/10/18,4.34,
08HB034,1,2022/10/19,4.16,
08HB034,1,2022/10/20,4.09,
08HB034,1,2022/10/21,4.07,
08HB034,1,2022/10/22,4.22,
08HB034,1,2022/10/23,4.10,
08HB034,1,2022/10/24,4.35,
08HB034,1,2022/10/25,4.54,
08HB034,1,2022/10/26,4.90,
08HB034,1,2022/10/27,6.58,
08HB034,1,2022/10/28,16.7,
08HB034,1,2022/10/29,16.2,
08HB034,1,2022/10/30,48.4,
08HB034,1,2022/10/31,62.5,
08HB034,1,2022/11/01,39.4,
08HB034,1,2022/11/02,25.5,
08HB034,1,2022/11/03,18.1,
08HB034,1,2022/11/04,16.9,
08HB034,1,2022/11/05,29.5,
08HB034,1,2022/11/06,29.6,
08HB034,1,2022/11/07,22.9,
08HB034,1,2022/11/08,17.3,
08HB034,1,2022/11/09,13.4,
08HB034,1,2022/11/10,10.7,
08HB034,1,2022/11/11,9.01,
08HB034,1,2022/11/12,7.74,
08HB034,1,2022/11/13,6.76,
08HB034,1,2022/11/14,6.02,
08HB034,1,2022/11/15,5.49,
08HB034,1,2022/11/16,5.17,
08HB034,1,2022/11/17,4.93,
08HB034,1,2022/11/18,4.67,
08HB034,1,2022/11/19,4.41,
08HB034,1,2022/11/20,4.15,
08HB034,1,2022/11/21,3.96,
08HB034,1,2022/11/22,4.14,
08HB034,1,2022/11/23,6.49,
08HB034,1,2022/11/24,6.94,
08HB034,1,2022/11/25,7.63,
08HB034,1,2022/11/26,8.86,
08HB034,1,2022/11/27,14.7,
08HB034,1,2022/11/28,18.1,
08HB034,1,2022/11/29,16.6,
08HB034,1,2022/11/30,14.6,
08HB034,1,2022/12/01,11.9,
08HB034,1,2022/12/02,9.95,
08HB034,1,2022/12/03,9.09,
08HB034,1,2022/12/04,7.74,
08HB034,1,2022/12/05,6.64,
08HB034,1,2022/12/06,6.30,
08HB034,1,2022/12/07,5.88,
08HB034,1,2022/12/08,6.58,
08HB034,1,2022/12/09,7.46,
08HB034,1,2022/12/10,11.2,
08HB034,1,2022/12/11,14.0,
08HB034,1,2022/12/12,13.2,
08HB034,1,2022/12/13,12.0,
08HB034,1,2022/12/14,10.8,
08HB034,1,2022/12/15,9.78,
08HB034,1,2022/12/16,8.91,
08HB034,1,2022/12/17,8.36,
08HB034,1,2022/12/18,7.86,
08HB034,1,2022/12/19,7.24,
08HB034,1,2022/12/20,7.03,
08HB034,1,2022/12/21,6.56,
08HB034,1,2022/12/22,8.39,
08HB034,1,2022/12/23,7.05,
08HB034,1,2022/12/24,57.5,
08HB034,1,2022/12/25,151,
08HB034,1,2022/12/26,418,
08HB034,1,2022/12/27,441,
08HB034,1,2022/12/28,283,
08HB034,1,2022/12/29,147,
08HB034,1,2022/12/30,115,
08HB034,1,2022/12/31,127,
08HB034,1,2023/01/01,102,
08HB034,1,2023/01/02,72.7,
08HB034,1,2023/01/03,53.1,
08HB034,1,2023/01/04,41.0,
08HB034,1,2023/01/05,36.8,
08HB034,1,2023/01/06,61.0,
08HB034,1,2023/01/07,98.7,
08HB034,1,2023/01/08,114,
08HB034,1,2023/01/09,143,
08HB034,1,2023/01/10,148,
08HB034,1,2023/01/11,111,
08HB034,1,2023/01/12,179,
08HB034,1,2023/01/13,468,
08HB034,1,2023/01/14,370,
08HB034,1,2023/01/15,203,
08HB034,1,2023/01/16,127,
08HB034,1,2023/01/17,92.8,
08HB034,1,2023/01/18,95.3,
08HB034,1,2023/01/19,93.6,
08HB034,1,2023/01/20,72.1,
08HB034,1,2023/01/21,55.2,
08HB034,1,2023/01/22,44.2,
08HB034,1,2023/01/23,36.4,
08HB034,1,2023/01/24,31.2,
08HB034,1,2023/01/25,27.6,
08HB034,1,2023/01/26,25.1,
08HB034,1,2023/01/27,23.5,
08HB034,1,2023/01/28,22.2,
08HB034,1,2023/01/29,20.6,
08HB034,1,2023/01/30,18.9,
08HB034,1,2023/01/31,17.7,
08HB034,1,2023/02/01,16.7,
08HB034,1,2023/02/02,15.6,
08HB034,1,2023/02/03,15.0,
08HB034,1,2023/02/04,24.1,
08HB034,1,2023/02/05,51.1,
08HB034,1,2023/02/06,57.1,
08HB034,1,2023/02/07,133,
08HB034,1,2023/02/08,152,
08HB034,1,2023/02/09,96.5,
08HB034,1,2023/02/10,82.8,
08HB034,1,2023/02/11,79.0,
08HB034,1,2023/02/12,62.8,
08HB034,1,2023/02/13,49.6,
08HB034,1,2023/02/14,40.9,
08HB034,1,2023/02/15,34.0,
08HB034,1,2023/02/16,29.3,
08HB034,1,2023/02/17,26.5,
08HB034,1,2023/02/18,23.8,
08HB034,1,2023/02/19,21.7,
08HB034,1,2023/02/20,20.4,
08HB034,1,2023/02/21,22.1,
08HB034,1,2023/02/22,24.5,
08HB034,1,2023/02/23,23.7,
08HB034,1,2023/02/24,21.0,
08HB034,1,2023/02/25,18.9,
08HB034,1,2023/02/26,18.1,
08HB034,1,2023/02/27,16.7,
08HB034,1,2023/02/28,15.9,
08HB034,1,2023/03/01,14.5,
08HB034,1,2023/03/02,14.0,
08HB034,1,2023/03/03,13.5,
08HB034,1,2023/03/04,13.8,
08HB034,1,2023/03/05,14.9,
08HB034,1,2023/03/06,15.2,
08HB034,1,2023/03/07,15.4,
08HB034,1,2023/03/08,15.0,
08HB034,1,2023/03/09,14.6,
08HB034,1,2023/03/10,14.5,
08HB034,1,2023/03/11,14.4,
08HB034,1,2023/03/12,14.7,
08HB034,1,2023/03/13,17.4,
08HB034,1,2023/03/14,18.7,
08HB034,1,2023/03/15,18.8,
08HB034,1,2023/03/16,18.3,
08HB034,1,2023/03/17,17.6,
08HB034,1,2023/03/18,16.8,
08HB034,1,2023/03/19,17.1,
08HB034,1,2023/03/20,19.1,
08HB034,1,2023/03/21,22.6,
08HB034,1,2023/03/22,24.5,
08HB034,1,2023/03/23,26.7,
08HB034,1,2023/03/24,28.3,
08HB034,1,2023/03/25,27.7,
08HB034,1,2023/03/26,25.4,
08HB034,1,2023/03/27,22.7,
08HB034,1,2023/03/28,20.6,
08HB034,1,2023/03/29,18.9,
08HB034,1,2023/03/30,17.8,
08HB034,1,2023/03/31,17.1,
08HB034,1,2023/04/01,16.9,
08HB034,1,2023/04/02,16.6,
08HB034,1,2023/04/03,16.2,
08HB034,1,2023/04/04,15.8,
08HB034,1,2023/04/05,14.6,
08HB034,1,2023/04/06,16.9,
08HB034,1,2023/04/07,56.9,
08HB034,1,2023/04/08,75.9,
08HB034,1,2023/04/09,193,
08HB034,1,2023/04/10,249,
08HB034,1,2023/04/11,131,
08HB034,1,2023/04/12,79.3,
08HB034,1,2023/04/13,54.7,
08HB034,1,2023/04/14,41.4,
08HB034,1,2023/04/15,33.7,
08HB034,1,2023/04/16,36.5,
08HB034,1,2023/04/17,45.2,
08HB034,1,2023/04/18,46.2,
08HB034,1,2023/04/19,41.8,
08HB034,1,2023/04/20,36.8,
08HB034,1,2023/04/21,39.8,
08HB034,1,2023/04/22,39.6,
08HB034,1,2023/04/23,45.1,
08HB034,1,2023/04/24,51.2,
08HB034,1,2023/04/25,50.1,
08HB034,1,2023/04/26,45.8,
08HB034,1,2023/04/27,43.5,
08HB034,1,2023/04/28,45.5,
08HB034,1,2023/04/29,60.7,
08HB034,1,2023/04/30,68.3,
08HB034,1,2023/05/01,59.0,
08HB034,1,2023/05/02,48.8,
08HB034,1,2023/05/03,53.3,
08HB034,1,2023/05/04,60.0,
08HB034,1,2023/05/05,61.5,
08HB034,1,2023/05/06,55.0,
08HB034,1,2023/05/07,43.6,
08HB034,1,2023/05/08,35.1,
08HB034,1,2023/05/09,30.2,
08HB034,1,2023/05/10,27.9,
08HB034,1,2023/05/11,24.9,
08HB034,1,2023/05/12,25.0,
08HB034,1,2023/05/13,27.7,
08HB034,1,2023/05/14,32.1,
08HB034,1,2023/05/15,35.8,
08HB034,1,2023/05/16,36.6,
08HB034,1,2023/05/17,35.1,
08HB034,1,2023/05/18,33.1,
08HB034,1,2023/05/19,29.5,
08HB034,1,2023/05/20,25.6,
08HB034,1,2023/05/21,22.2,
08HB034,1,2023/05/22,18.8,
08HB034,1,2023/05/23,16.2,
08HB034,1,2023/05/24,13.9,
08HB034,1,2023/05/25,12.4,
08HB034,1,2023/05/26,11.5,
08HB034,1,2023/05/27,11.2,
08HB034,1,2023/05/28,10.8,
08HB034,1,2023/05/29,10.2,
08HB034,1,2023/05/30,9.53,
08HB034,1,2023/05/31,8.57,
08HB034,1,2023/06/01,7.77,
08HB034,1,2023/06/02,6.86,
08HB034,1,2023/06/03,6.31,
08HB034,1,2023/06/04,5.94,
08HB034,1,2023/06/05,5.31,
08HB034,1,2023/06/06,4.87,
08HB034,1,2023/06/07,4.42,
08HB034,1,2023/06/08,4.32,
08HB034,1,2023/06/09,4.28,
08HB034,1,2023/06/10,5.33,
08HB034,1,2023/06/11,5.28,
08HB034,1,2023/06/12,4.84,
08HB034,1,2023/06/13,4.57,
08HB034,1,2023/06/14,4.35,
08HB034,1,2023/06/15,3.91,
08HB034,1,2023/06/16,3.76,
08HB034,1,2023/06/17,3.51,
08HB034,1,2023/06/18,3.33,
08HB034,1,2023/06/19,3.13,
08HB034,1,2023/06/20,3.47,
08HB034,1,2023/06/21,3.32,
08HB034,1,2023/06/22,3.18,
08HB034,1,2023/06/23,2.98,
08HB034,1,2023/06/24,2.95,
08HB034,1,2023/06/25,2.99,
08HB034,1,2023/06/26,2.96,
08HB034,1,2023/06/27,2.92,
08HB034,1,2023/06/28,2.86,
08HB034,1,2023/06/29,2.79,
08HB034,1,2023/06/30,2.76,
08HB034,1,2023/07/01,2.63,
08HB034,1,2023/07/02,2.53,
08HB034,1,2023/07/03,2.40,
08HB034,1,2023/07/04,2.25,
08HB034,1,2023/07/05,2.18,
08HB034,1,2023/07/06,2.19,
08HB034,1,2023/07/07,2.38,
08HB034,1,2023/07/08,2.88,
08HB034,1,2023/07/09,3.24,
08HB034,1,2023/07/10,3.36,
08HB034,1,2023/07/11,3.52,
08HB034,1,2023/07/12,3.57,
08HB034,1,2023/07/13,3.60,
08HB034,1,2023/07/14,3.60,
08HB034,1,2023/07/15,3.58,
08HB034,1,2023/07/16,3.55,
08HB034,1,2023/07/17,3.60,
08HB034,1,2023/07/18,3.36,
08HB034,1,2023/07/19,3.36,
08HB034,1,2023/07/20,3.35,
08HB034,1,2023/07/21,3.33,
08HB034,1,2023/07/22,3.35,
08HB034,1,2023/07/23,3.29,
08HB034,1,2023/07/24,3.53,
08HB034,1,2023/07/25,4.35,
08HB034,1,2023/07/26,4.20,
08HB034,1,2023/07/27,4.03,
08HB034,1,2023/07/28,3.86,
08HB034,1,2023/07/29,3.74,
08HB034,1,2023/07/30,3.64,
08HB034,1,2023/07/31,3.56,
08HB034,1,2023/08/01,3.50,
08HB034,1,2023/08/02,3.44,
08HB034,1,2023/08/03,3.41,
08HB034,1,2023/08/04,3.42,
08HB034,1,2023/08/05,3.44,
08HB034,1,2023/08/06,3.46,
08HB034,1,2023/08/07,3.50,
08HB034,1,2023/08/08,3.47,
08HB034,1,2023/08/09,3.84,
08HB034,1,2023/08/10,3.74,
08HB034,1,2023/08/11,3.64,
08HB034,1,2023/08/12,3.59,
08HB034,1,2023/08/13,3.53,
08HB034,1,2023/08/14,3.35,
08HB034,1,2023/08/15,3.23,
08HB034,1,2023/08/16,3.21,
08HB034,1,2023/08/17,3.43,
08HB034,1,2023/08/18,3.65,
08HB034,1,2023/08/19,3.91,
08HB034,1,2023/08/20,4.16,
08HB034,1,2023/08/21,4.25,
08HB034,1,2023/08/22,4.29,
08HB034,1,2023/08/23,4.39,
08HB034,1,2023/08/24,4.43,
08HB034,1,2023/08/25,4.44,
08HB034,1,2023/08/26,4.54,
08HB034,1,2023/08/27,4.44,
08HB034,1,2023/08/28,4.39,
08HB034,1,2023/08/29,4.63,
08HB034,1,2023/08/30,4.57,
08HB034,1,2023/08/31,4.53,
08HB034,1,2023/09/01,4.32,
08HB034,1,2023/09/02,4.08,
08HB034,1,2023/09/03,3.98,
08HB034,1,2023/09/04,3.93,
08HB034,1,2023/09/05,3.81,
08HB034,1,2023/09/06,3.89,
08HB034,1,2023/09/07,3.98,
08HB034,1,2023/09/08,3.91,
08HB034,1,2023/09/09,3.90,
08HB034,1,2023/09/10,3.88,
08HB034,1,2023/09/11,3.84,
08HB034,1,2023/09/12,3.79,
08HB034,1,2023/09/13,3.72,
08HB034,1,2023/09/14,3.63,
08HB034,1,2023/09/15,3.71,
08HB034,1,2023/09/16,3.74,
08HB034,1,2023/09/17,3.71,
08HB034,1,2023/09/18,3.73,
08HB034,1,2023/09/19,3.73,
08HB034,1,2023/09/20,3.94,
08HB034,1,2023/09/21,3.87,
08HB034,1,2023/09/22,3.84,
08HB034,1,2023/09/23,3.87,
08HB034,1,2023/09/24,3.95,
08HB034,1,2023/09/25,4.56,
08HB034,1,2023/09/26,6.83,
08HB034,1,2023/09/27,9.66,
08HB034,1,2023/09/28,10.7,
08HB034,1,2023/09/29,8.82,
08HB034,1,2023/09/30,7.16,
08HB034,1,2023/10/01,5.74,
08HB034,1,2023/10/02,4.94,
08HB034,1,2023/10/03,4.61,
08HB034,1,2023/10/04,4.54,
08HB034,1,2023/10/05,4.58,
08HB034,1,2023/10/06,4.55,
08HB034,1,2023/10/07,4.48,
08HB034,1,2023/10/08,4.38,
08HB034,1,2023/10/09,4.38,
08HB034,1,2023/10/10,4.76,
08HB034,1,2023/10/11,8.12,
08HB034,1,2023/10/12,10.2,
08HB034,1,2023/10/13,9.42,
08HB034,1,2023/10/14,7.89,
08HB034,1,2023/10/15,7.66,
08HB034,1,2023/10/16,12.8,
08HB034,1,2023/10/17,25.0,
08HB034,1,2023/10/18,117,
08HB034,1,2023/10/19,164,
08HB034,1,2023/10/20,104,
08HB034,1,2023/10/21,59.3,
08HB034,1,2023/10/22,37.2,
08HB034,1,2023/10/23,26.3,
08HB034,1,2023/10/24,22.5,
08HB034,1,2023/10/25,27.2,
08HB034,1,2023/10/26,23.9,
08HB034,1,2023/10/27,20.0,
08HB034,1,2023/10/28,17.2,
08HB034,1,2023/10/29,15.1,
08HB034,1,2023/10/30,13.5,
08HB034,1,2023/10/31,12.3,
08HB034,1,2023/11/01,12.0,
08HB034,1,2023/11/02,44.4,
08HB034,1,2023/11/03,66.2,
08HB034,1,2023/11/04,127,
08HB034,1,2023/11/05,158,
08HB034,1,2023/11/06,159,
08HB034,1,2023/11/07,113,
08HB034,1,2023/11/08,74.2,
08HB034,1,2023/11/09,52.1,
08HB034,1,2023/11/10,44.8,
08HB034,1,2023/11/11,197,
08HB034,1,2023/11/12,171,
08HB034,1,2023/11/13,107,
08HB034,1,2023/11/14,72.7,
08HB034,1,2023/11/15,52.4,
08HB034,1,2023/11/16,39.7,
08HB034,1,2023/11/17,31.8,
08HB034,1,2023/11/18,26.6,
08HB034,1,2023/11/19,23.3,
08HB034,1,2023/11/20,20.8,
08HB034,1,2023/11/21,19.1,
08HB034,1,2023/11/22,19.1,
08HB034,1,2023/11/23,18.2,
08HB034,1,2023/11/24,17.0,
08HB034,1,2023/11/25,15.8,
08HB034,1,2023/11/26,14.8,
08HB034,1,2023/11/27,13.7,
08HB034,1,2023/11/28,12.9,
08HB034,1,2023/11/29,12.1,
08HB034,1,2023/11/30,11.5,
08HB034,1,2023/12/01,11.5,
08HB034,1,2023/12/02,17.2,
08HB034,1,2023/12/03,21.7,
08HB034,1,2023/12/04,64.2,
08HB034,1,2023/12/05,312,
08HB034,1,2023/12/06,224,
08HB034,1,2023/12/07,132,
08HB034,1,2023/12/08,80.7,
08HB034,1,2023/12/09,56.3,
08HB034,1,2023/12/10,51.1,
08HB034,1,2023/12/11,51.2,
08HB034,1,2023/12/12,47.5,
08HB034,1,2023/12/13,41.9,
08HB034,1,2023/12/14,42.2,
08HB034,1,2023/12/15,55.0,
08HB034,1,2023/12/16,65.1,
08HB034,1,2023/12/17,57.7,
08HB034,1,2023/12/18,50.2,
08HB034,1,2023/12/19,49.8,
08HB034,1,2023/12/20,58.9,
08HB034,1,2023/12/21,58.5,
08HB034,1,2023/12/22,52.1,
08HB034,1,2023/12/23,45.9,
08HB034,1,2023/12/24,38.9,
08HB034,1,2023/12/25,41.6,
08HB034,1,2023/12/26,184,
08HB034,1,2023/12/27,153,
08HB034,1,2023/12/28,162,
08HB034,1,2023/12/29,174,
08HB034,1,2023/12/30,127,
08HB034,1,2023/12/31,93.0,
08HB034,1,2024/01/01,68.6,
08HB034,1,2024/01/02,52.1,
08HB034,1,2024/01/03,44.3,
08HB034,1,2024/01/04,39.4,
08HB034,1,2024/01/05,42.5,
08HB034,1,2024/01/06,102,
08HB034,1,2024/01/07,87.8,
08HB034,1,2024/01/08,64.6,
08HB034,1,2024/01/09,94.4,
08HB034,1,2024/01/10,102,
08HB034,1,2024/01/11,77.0,
08HB034,1,2024/01/12,55.2,
08HB034,1,2024/01/13,40.9,
08HB034,1,2024/01/14,32.8,
08HB034,1,2024/01/15,27.6,
08HB034,1,2024/01/16,24.1,
08HB034,1,2024/01/17,22.3,
08HB034,1,2024/01/18,20.1,
08HB034,1,2024/01/19,20.1,
08HB034,1,2024/01/20,23.8,
08HB034,1,2024/01/21,27.7,
08HB034,1,2024/01/22,52.2,
08HB034,1,2024/01/23,89.7,
08HB034,1,2024/01/24,118,
08HB034,1,2024/01/25,169,
08HB034,1,2024/01/26,156,
08HB034,1,2024/01/27,197,
08HB034,1,2024/01/28,312,
08HB034,1,2024/01/29,338,
08HB034,1,2024/01/30,285,
08HB034,1,2024/01/31,218,
08HB034,1,2024/02/01,188,
08HB034,1,2024/02/02,135,
08HB034,1,2024/02/03,94.7,
08HB034,1,2024/02/04,70.6,
08HB034,1,2024/02/05,54.0,
08HB034,1,2024/02/06,42.6,
08HB034,1,2024/02/07,35.1,
08HB034,1,2024/02/08,29.9,
08HB034,1,2024/02/09,25.9,
08HB034,1,2024/02/10,23.0,
08HB034,1,2024/02/11,23.9,
08HB034,1,2024/02/12,26.7,
08HB034,1,2024/02/13,26.8,
08HB034,1,2024/02/14,24.9,
08HB034,1,2024/02/15,22.9,
08HB034,1,2024/02/16,20.7,
08HB034,1,2024/02/17,18.8,
08HB034,1,2024/02/18,17.4,
08HB034,1,2024/02/19,16.2,
08HB034,1,2024/02/20,15.4,
08HB034,1,2024/02/21,15.5,
08HB034,1,2024/02/22,16.6,
08HB034,1,2024/02/23,16.8,
08HB034,1,2024/02/24,16.3,
08HB034,1,2024/02/25,15.8,
08HB034,1,2024/02/26,15.8,
08HB034,1,2024/02/27,16.2,
08HB034,1,2024/02/28,54.4,
08HB034,1,2024/02/29,158,
08HB034,1,2024/03/01,114,
08HB034,1,2024/03/02,74.4,
08HB034,1,2024/03/03,53.5,
08HB034,1,2024/03/04,41.5,
08HB034,1,2024/03/05,33.9,
08HB034,1,2024/03/06,28.8,
08HB034,1,2024/03/07,25.1,
08HB034,1,2024/03/08,23.5,
08HB034,1,2024/03/09,31.9,
08HB034,1,2024/03/10,69.9,
08HB034,1,2024/03/11,82.3,
08HB034,1,2024/03/12,103,
08HB034,1,2024/03/13,89.6,
08HB034,1,2024/03/14,66.9,
08HB034,1,2024/03/15,51.3,
08HB034,1,2024/03/16,45.5,
08HB034,1,2024/03/17,54.8,
08HB034,1,2024/03/18,62.7,
08HB034,1,2024/03/19,62.2,
08HB034,1,2024/03/20,58.2,
08HB034,1,2024/03/21,49.8,
08HB034,1,2024/03/22,42.7,
08HB034,1,2024/03/23,44.2,
08HB034,1,2024/03/24,49.7,
08HB034,1,2024/03/25,44.2,
08HB034,1,2024/03/26,38.3,
08HB034,1,2024/03/27,37.5,
08HB034,1,2024/03/28,41.1,
08HB034,1,2024/03/29,48.1,
08HB034,1,2024/03/30,48.0,
08HB034,1,2024/03/31,42.4,
08HB034,1,2024/04/01,36.4,
08HB034,1,2024/04/02,33.3,
08HB034,1,2024/04/03,33.7,
08HB034,1,2024/04/04,31.4,
08HB034,1,2024/04/05,26.0,
08HB034,1,2024/04/06,22.7,
08HB034,1,2024/04/07,20.3,
08HB034,1,2024/04/08,19.2,
08HB034,1,2024/04/09,28.8,
08HB034,1,2024/04/10,35.1,
08HB034,1,2024/04/11,32.8,
08HB034,1,2024/04/12,29.6,
08HB034,1,2024/04/13,25.2,
08HB034,1,2024/04/14,23.0,
08HB034,1,2024/04/15,21.5,
08HB034,1,2024/04/16,20.2,
08HB034,1,2024/04/17,18.2,
08HB034,1,2024/04/18,16.6,
08HB034,1,2024/04/19,15.0,
08HB034,1,2024/04/20,13.7,
08HB034,1,2024/04/21,13.4,
08HB034,1,2024/04/22,12.7,
08HB034,1,2024/04/23,12.3,
08HB034,1,2024/04/24,11.9,
08HB034,1,2024/04/25,12.6,
08HB034,1,2024/04/26,21.8,
08HB034,1,2024/04/27,30.3,
08HB034,1,2024/04/28,32.8,
08HB034,1,2024/04/29,35.0,
08HB034,1,2024/04/30,32.2,
08HB034,1,2024/05/01,27.4,
08HB034,1,2024/05/02,23.2,
08HB034,1,2024/05/03,19.9,
08HB034,1,2024/05/04,18.0,
08HB034,1,2024/05/05,17.4,
08HB034,1,2024/05/06,17.4,
08HB034,1,2024/05/07,17.6,
08HB034,1,2024/05/08,16.9,
08HB034,1,2024/05/09,14.7,
08HB034,1,2024/05/10,14.5,
08HB034,1,2024/05/11,15.0,
08HB034,1,2024/05/12,15.3,
08HB034,1,2024/05/13,14.7,
08HB034,1,2024/05/14,13.6,
08HB034,1,2024/05/15,12.3,
08HB034,1,2024/05/16,12.0,
08HB034,1,2024/05/17,10.9,
08HB034,1,2024/05/18,10.2,
08HB034,1,2024/05/19,9.52,
08HB034,1,2024/05/20,8.57,
08HB034,1,2024/05/21,8.32,
08HB034,1,2024/05/22,9.54,
08HB034,1,2024/05/23,9.20,
08HB034,1,2024/05/24,9.27,
08HB034,1,2024/05/25,10.2,
08HB034,1,2024/05/26,10.1,
08HB034,1,2024/05/27,10.5,
08HB034,1,2024/05/28,12.8,
08HB034,1,2024/05/29,15.0,
08HB034,1,2024/05/30,15.1,
08HB034,1,2024/05/31,13.7,
08HB034,1,2024/06/01,13.6,
08HB034,1,2024/06/02,13.0,
08HB034,1,2024/06/03,19.2,
08HB034,1,2024/06/04,49.0,
08HB034,1,2024/06/05,67.9,
08HB034,1,2024/06/06,48.7,
08HB034,1,2024/06/07,34.3,
08HB034,1,2024/06/08,25.8,
08HB034,1,2024/06/09,20.6,
08HB034,1,2024/06/10,17.0,
08HB034,1,2024/06/11,13.5,
08HB034,1,2024/06/12,12.0,
08HB034,1,2024/06/13,10.9,
08HB034,1,2024/06/14,10.1,
08HB034,1,2024/06/15,9.22,
08HB034,1,2024/06/16,8.76,
08HB034,1,2024/06/17,8.13,
08HB034,1,2024/06/18,7.70,
08HB034,1,2024/06/19,7.04,
08HB034,1,2024/06/20,6.41,
08HB034,1,2024/06/21,5.80,
08HB034,1,2024/06/22,5.36,
08HB034,1,2024/06/23,5.06,
08HB034,1,2024/06/24,4.56,
08HB034,1,2024/06/25,4.32,
08HB034,1,2024/06/26,4.19,
08HB034,1,2024/06/27,4.25,
08HB034,1,2024/06/28,4.00,
08HB034,1,2024/06/29,3.93,
08HB034,1,2024/06/30,4.10,
08HB034,1,2024/07/01,3.84,
08HB034,1,2024/07/02,3.44,
08HB034,1,2024/07/03,3.15,
08HB034,1,2024/07/04,3.42,
08HB034,1,2024/07/05,3.39,
08HB034,1,2024/07/06,3.34,
08HB034,1,2024/07/07,3.26,
08HB034,1,2024/07/08,3.24,
08HB034,1,2024/07/09,3.17,
08HB034,1,2024/07/10,3.04,
08HB034,1,2024/07/11,2.96,
08HB034,1,2024/07/12,2.94,
08HB034,1,2024/07/13,3.13,
08HB034,1,2024/07/14,3.31,
08HB034,1,2024/07/15,3.49,
08HB034,1,2024/07/16,3.64,
08HB034,1,2024/07/17,3.59,
08HB034,1,2024/07/18,3.62,
08HB034,1,2024/07/19,3.63,
08HB034,1,2024/07/20,3.96,
08HB034,1,2024/07/21,4.14,
08HB034,1,2024/07/22,4.18,
08HB034,1,2024/07/23,4.16,
08HB034,1,2024/07/24,4.17,
08HB034,1,2024/07/25,4.14,
08HB034,1,2024/07/26,4.14,
08HB034,1,2024/07/27,4.16,
08HB034,1,2024/07/28,4.13,
08HB034,1,2024/07/29,4.46,
08HB034,1,2024/07/30,4.67,
08HB034,1,2024/07/31,4.51,
08HB034,1,2024/08/01,4.44,
08HB034,1,2024/08/02,4.21,
08HB034,1,2024/08/03,4.11,
08HB034,1,2024/08/04,3.99,
08HB034,1,2024/08/05,3.92,
08HB034,1,2024/08/06,3.81,
08HB034,1,2024/08/07,3.83,
08HB034,1,2024/08/08,4.31,
08HB034,1,2024/08/09,4.39,
08HB034,1,2024/08/10,4.44,
08HB034,1,2024/08/11,4.52,
08HB034,1,2024/08/12,4.53,
08HB034,1,2024/08/13,4.65,
08HB034,1,2024/08/14,4.66,
08HB034,1,2024/08/15,4.50,
08HB034,1,2024/08/16,4.42,
08HB034,1,2024/08/17,4.43,
08HB034,1,2024/08/18,4.81,
08HB034,1,2024/08/19,4.85,
08HB034,1,2024/08/20,5.11,
08HB034,1,2024/08/21,5.14,
08HB034,1,2024/08/22,5.24,
08HB034,1,2024/08/23,5.21,
08HB034,1,2024/08/24,5.40,
08HB034,1,2024/08/25,5.09,
08HB034,1,2024/08/26,5.02,
08HB034,1,2024/08/27,4.17,
08HB034,1,2024/08/28,4.15,
08HB034,1,2024/08/29,3.92,
08HB034,1,2024/08/30,3.71,
08HB034,1,2024/08/31,4.12,
08HB034,1,2024/09/01,4.39,
08HB034,1,2024/09/02,4.22,
08HB034,1,2024/09/03,4.07,
08HB034,1,2024/09/04,4.00,
08HB034,1,2024/09/05,3.92,
08HB034,1,2024/09/06,3.90,
08HB034,1,2024/09/07,3.96,
08HB034,1,2024/09/08,3.95,
08HB034,1,2024/09/09,3.93,
08HB034,1,2024/09/10,3.91,
08HB034,1,2024/09/11,4.24,
08HB034,1,2024/09/12,4.18,
08HB034,1,2024/09/13,4.11,
08HB034,1,2024/09/14,4.38,
08HB034,1,2024/09/15,4.29,
08HB034,1,2024/09/16,4.19,
08HB034,1,2024/09/17,4.12,
08HB034,1,2024/09/18,4.13,
08HB034,1,2024/09/19,4.06,
08HB034,1,2024/09/20,3.99,
08HB034,1,2024/09/21,3.92,
08HB034,1,2024/09/22,3.96,
08HB034,1,2024/09/23,3.97,
08HB034,1,2024/09/24,4.03,
08HB034,1,2024/09/25,4.40,
08HB034,1,2024/09/26,3.69,
08HB034,1,2024/09/27,3.60,
08HB034,1,2024/09/28,5.24,
08HB034,1,2024/09/29,5.47,
08HB034,1,2024/09/30,5.32,
08HB034,1,2024/10/01,5.13,
08HB034,1,2024/10/02,4.89,
08HB034,1,2024/10/03,4.61,
08HB034,1,2024/10/04,4.65,
08HB034,1,2024/10/05,5.11,
08HB034,1,2024/10/06,5.39,
08HB034,1,2024/10/07,5.37,
08HB034,1,2024/10/08,5.51,
08HB034,1,2024/10/09,6.93,
08HB034,1,2024/10/10,8.84,
08HB034,1,2024/10/11,7.84,
08HB034,1,2024/10/12,5.19,
08HB034,1,2024/10/13,4.27,
08HB034,1,2024/10/14,3.88,
08HB034,1,2024/10/15,3.92,
08HB034,1,2024/10/16,4.27,
08HB034,1,2024/10/17,4.34,
08HB034,1,2024/10/18,4.93,
08HB034,1,2024/10/19,92.8,
08HB034,1,2024/10/20,142,
08HB034,1,2024/10/21,121,
08HB034,1,2024/10/22,70.4,
08HB034,1,2024/10/23,42.6,
08HB034,1,2024/10/24,29.3,
08HB034,1,2024/10/25,22.2,
08HB034,1,2024/10/26,24.2,
08HB034,1,2024/10/27,74.4,
08HB034,1,2024/10/28,124,
08HB034,1,2024/10/29,90.2,
08HB034,1,2024/10/30,58.5,
08HB034,1,2024/10/31,44.0,
08HB034,1,2024/11/01,42.7,
08HB034,1,2024/11/02,45.5,
08HB034,1,2024/11/03,39.0,
08HB034,1,2024/11/04,58.6,
08HB034,1,2024/11/05,74.8,
08HB034,1,2024/11/06,57.5,
08HB034,1,2024/11/07,41.7,
08HB034,1,2024/11/08,32.1,
08HB034,1,2024/11/09,32.0,
08HB034,1,2024/11/10,32.9,
08HB034,1,2024/11/11,74.1,
08HB034,1,2024/11/12,109,
08HB034,1,2024/11/13,215,
08HB034,1,2024/11/14,228,
08HB034,1,2024/11/15,139,
08HB034,1,2024/11/16,85.8,
08HB034,1,2024/11/17,74.0,
08HB034,1,2024/11/18,62.1,
08HB034,1,2024/11/19,49.4,
08HB034,1,2024/11/20,68.9,
08HB034,1,2024/11/21,78.8,
08HB034,1,2024/11/22,78.2,
08HB034,1,2024/11/23,146,
08HB034,1,2024/11/24,141,
08HB034,1,2024/11/25,108,
08HB034,1,2024/11/26,77.0,
08HB034,1,2024/11/27,56.3,
08HB034,1,2024/11/28,43.3,
08HB034,1,2024/11/29,35.4,
08HB034,1,2024/11/30,30.5,
08HB034,1,2024/12/01,27.5,
08HB034,1,2024/12/02,25.8,
08HB034,1,2024/12/03,24.3,
08HB034,1,2024/12/04,23.4,
08HB034,1,2024/12/05,23.0,
08HB034,1,2024/12/06,21.1,
08HB034,1,2024/12/07,39.0,
08HB034,1,2024/12/08,61.0,
08HB034,1,2024/12/09,56.9,
08HB034,1,2024/12/10,44.5,
08HB034,1,2024/12/11,34.7,
08HB034,1,2024/12/12,28.4,
08HB034,1,2024/12/13,25.7,
08HB034,1,2024/12/14,63.0,
08HB034,1,2024/12/15,113,
08HB034,1,2024/12/16,91.4,
08HB034,1,2024/12/17,72.6,
08HB034,1,2024/12/18,250,
08HB034,1,2024/12/19,193,
08HB034,1,2024/12/20,207,
08HB034,1,2024/12/21,169,
08HB034,1,2024/12/22,144,
08HB034,1,2024/12/23,179,
08HB034,1,2024/12/24,144,
08HB034,1,2024/12/25,126,
08HB034,1,2024/12/26,175,
08HB034,1,2024/12/27,144,
08HB034,1,2024/12/28,133,
08HB034,1,2024/12/29,135,
08HB034,1,2024/12/30,102,
08HB034,1,2024/12/31,74.4,
08HB034,2,2011/01/01,1.424,
08HB034,2,2011/01/02,1.339,
08HB034,2,2011/01/03,1.269,
08HB034,2,2011/01/04,1.222,
08HB034,2,2011/01/05,1.202,
08HB034,2,2011/01/06,1.375,
08HB034,2,2011/01/07,2.323,
08HB034,2,2011/01/08,2.694,
08HB034,2,2011/01/09,2.202,
08HB034,2,2011/01/10,1.852,
08HB034,2,2011/01/11,1.634,
08HB034,2,2011/01/12,1.546,
08HB034,2,2011/01/13,1.599,
08HB034,2,2011/01/14,2.077,
08HB034,2,2011/01/15,3.089,
08HB034,2,2011/01/16,3.291,
08HB034,2,2011/01/17,3.296,
08HB034,2,2011/01/18,2.696,
08HB034,2,2011/01/19,2.198,
08HB034,2,2011/01/20,1.894,
08HB034,2,2011/01/21,1.717,
08HB034,2,2011/01/22,1.612,
08HB034,2,2011/01/23,1.550,
08HB034,2,2011/01/24,1.523,
08HB034,2,2011/01/25,1.602,
08HB034,2,2011/01/26,1.641,
08HB034,2,2011/01/27,1.618,
08HB034,2,2011/01/28,1.600,
08HB034,2,2011/01/29,1.657,
08HB034,2,2011/01/30,1.724,
08HB034,2,2011/01/31,1.661,
08HB034,2,2011/02/01,1.543,
08HB034,2,2011/02/02,1.434,
08HB034,2,2011/02/03,1.363,
08HB034,2,2011/02/04,1.638,
08HB034,2,2011/02/05,1.957,
08HB034,2,2011/02/06,1.854,
08HB034,2,2011/02/07,1.776,
08HB034,2,2011/02/08,1.698,
08HB034,2,2011/02/09,1.576,
08HB034,2,2011/02/10,1.460,
08HB034,2,2011/02/11,1.373,
08HB034,2,2011/02/12,1.575,
08HB034,2,2011/02/13,2.412,
08HB034,2,2011/02/14,2.488,
08HB034,2,2011/02/15,2.689,
08HB034,2,2011/02/16,2.365,
08HB034,2,2011/02/17,2.041,
08HB034,2,2011/02/18,1.802,
08HB034,2,2011/02/19,1.607,
08HB034,2,2011/02/20,1.473,
08HB034,2,2011/02/21,1.380,
08HB034,2,2011/02/22,1.304,
08HB034,2,2011/02/23,1.243,
08HB034,2,2011/02/24,1.194,
08HB034,2,2011/02/25,1.148,
08HB034,2,2011/02/26,1.109,
08HB034,2,2011/02/27,1.098,
08HB034,2,2011/02/28,1.103,
08HB034,2,2011/03/01,1.072,
08HB034,2,2011/03/02,1.160,
08HB034,2,2011/03/03,1.258,
08HB034,2,2011/03/04,1.232,
08HB034,2,2011/03/05,1.217,
08HB034,2,2011/03/06,1.195,
08HB034,2,2011/03/07,1.166,
08HB034,2,2011/03/08,1.158,
08HB034,2,2011/03/09,1.342,
08HB034,2,2011/03/10,1.916,
08HB034,2,2011/03/11,2.147,
08HB034,2,2011/03/12,2.348,
08HB034,2,2011/03/13,2.575,
08HB034,2,2011/03/14,3.299,
08HB034,2,2011/03/15,3.394,
08HB034,2,2011/03/16,3.201,
08HB034,2,2011/03/17,2.574,
08HB034,2,2011/03/18,2.125,
08HB034,2,2011/03/19,1.881,
08HB034,2,2011/03/20,1.719,
08HB034,2,2011/03/21,1.602,
08HB034,2,2011/03/22,1.519,
08HB034,2,2011/03/23,1.448,
08HB034,2,2011/03/24,1.392,
08HB034,2,2011/03/25,1.373,
08HB034,2,2011/03/26,1.390,
08HB034,2,2011/03/27,1.401,
08HB034,2,2011/03/28,1.394,
08HB034,2,2011/03/29,1.427,
08HB034,2,2011/03/30,1.498,
08HB034,2,2011/03/31,1.948,
08HB034,2,2011/04/01,2.145,
08HB034,2,2011/04/02,1.963,
08HB034,2,2011/04/03,1.749,
08HB034,2,2011/04/04,1.604,
08HB034,2,2011/04/05,1.580,
08HB034,2,2011/04/06,1.553,
08HB034,2,2011/04/07,1.455,
08HB034,2,2011/04/08,1.384,
08HB034,2,2011/04/09,1.329,
08HB034,2,2011/04/10,1.338,
08HB034,2,2011/04/11,1.852,
08HB034,2,2011/04/12,1.883,
08HB034,2,2011/04/13,1.713,
08HB034,2,2011/04/14,1.576,
08HB034,2,2011/04/15,1.463,
08HB034,2,2011/04/16,1.357,
08HB034,2,2011/04/17,1.301,
08HB034,2,2011/04/18,1.255,
08HB034,2,2011/04/19,1.220,
08HB034,2,2011/04/20,1.192,
08HB034,2,2011/04/21,1.175,
08HB034,2,2011/04/22,1.144,
08HB034,2,2011/04/23,1.132,
08HB034,2,2011/04/24,1.155,
08HB034,2,2011/04/25,1.219,
08HB034,2,2011/04/26,1.294,
08HB034,2,2011/04/27,1.379,
08HB034,2,2011/04/28,1.474,
08HB034,2,2011/04/29,1.466,
08HB034,2,2011/04/30,1.419,
08HB034,2,2011/05/01,1.376,
08HB034,2,2011/05/02,1.410,
08HB034,2,2011/05/03,1.511,
08HB034,2,2011/05/04,1.531,
08HB034,2,2011/05/05,1.548,
08HB034,2,2011/05/06,1.587,
08HB034,2,2011/05/07,1.619,
08HB034,2,2011/05/08,1.631,
08HB034,2,2011/05/09,1.590,
08HB034,2,2011/05/10,1.610,
08HB034,2,2011/05/11,1.679,
08HB034,2,2011/05/12,1.771,
08HB034,2,2011/05/13,1.725,
08HB034,2,2011/05/14,1.637,
08HB034,2,2011/05/15,2.095,
08HB034,2,2011/05/16,2.370,
08HB034,2,2011/05/17,2.151,
08HB034,2,2011/05/18,1.900,
08HB034,2,2011/05/19,1.716,
08HB034,2,2011/05/20,1.668,
08HB034,2,2011/05/21,1.757,
08HB034,2,2011/05/22,1.757,
08HB034,2,2011/05/23,1.691,
08HB034,2,2011/05/24,1.647,
08HB034,2,2011/05/25,1.627,
08HB034,2,2011/05/26,1.698,
08HB034,2,2011/05/27,1.710,
08HB034,2,2011/05/28,1.664,
08HB034,2,2011/05/29,1.587,
08HB034,2,2011/05/30,1.603,
08HB034,2,2011/05/31,1.566,
08HB034,2,2011/06/01,1.554,
08HB034,2,2011/06/02,1.679,
08HB034,2,2011/06/03,1.696,
08HB034,2,2011/06/04,1.601,
08HB034,2,2011/06/05,1.668,
08HB034,2,2011/06/06,1.759,
08HB034,2,2011/06/07,1.817,
08HB034,2,2011/06/08,1.737,
08HB034,2,2011/06/09,1.708,
08HB034,2,2011/06/10,1.649,
08HB034,2,2011/06/11,1.573,
08HB034,2,2011/06/12,1.537,
08HB034,2,2011/06/13,1.505,
08HB034,2,2011/06/14,1.494,
08HB034,2,2011/06/15,1.426,
08HB034,2,2011/06/16,1.321,
08HB034,2,2011/06/17,1.320,
08HB034,2,2011/06/18,1.364,
08HB034,2,2011/06/19,1.388,
08HB034,2,2011/06/20,1.388,
08HB034,2,2011/06/21,1.376,
08HB034,2,2011/06/22,1.392,
08HB034,2,2011/06/23,1.397,
08HB034,2,2011/06/24,1.337,
08HB034,2,2011/06/25,1.275,
08HB034,2,2011/06/26,1.227,
08HB034,2,2011/06/27,1.204,
08HB034,2,2011/06/28,1.226,
08HB034,2,2011/06/29,1.279,
08HB034,2,2011/06/30,1.287,
08HB034,2,2011/07/01,1.243,
08HB034,2,2011/07/02,1.200,
08HB034,2,2011/07/03,1.179,
08HB034,2,2011/07/04,1.165,
08HB034,2,2011/07/05,1.142,
08HB034,2,2011/07/06,1.123,
08HB034,2,2011/07/07,1.159,
08HB034,2,2011/07/08,1.150,
08HB034,2,2011/07/09,1.080,
08HB034,2,2011/07/10,1.030,
08HB034,2,2011/07/11,1.003,
08HB034,2,2011/07/12,1.013,
08HB034,2,2011/07/13,1.047,
08HB034,2,2011/07/14,1.065,
08HB034,2,2011/07/15,1.076,
08HB034,2,2011/07/16,1.103,
08HB034,2,2011/07/17,1.142,
08HB034,2,2011/07/18,1.126,
08HB034,2,2011/07/19,1.091,
08HB034,2,2011/07/20,1.037,
08HB034,2,2011/07/21,1.007,
08HB034,2,2011/07/22,0.982,
08HB034,2,2011/07/23,0.943,
08HB034,2,2011/07/24,0.913,
08HB034,2,2011/07/25,0.901,
08HB034,2,2011/07/26,0.878,
08HB034,2,2011/07/27,0.856,
08HB034,2,2011/07/28,0.829,
08HB034,2,2011/07/29,0.813,
08HB034,2,2011/07/30,0.808,
08HB034,2,2011/07/31,0.832,
08HB034,2,2011/08/01,0.838,
08HB034,2,2011/08/02,0.833,
08HB034,2,2011/08/03,0.830,
08HB034,2,2011/08/04,0.823,
08HB034,2,2011/08/05,0.813,
08HB034,2,2011/08/06,0.809,
08HB034,2,2011/08/07,0.798,
08HB034,2,2011/08/08,0.788,
08HB034,2,2011/08/09,0.780,
08HB034,2,2011/08/10,0.774,
08HB034,2,2011/08/11,0.765,
08HB034,2,2011/08/12,0.757,
08HB034,2,2011/08/13,0.759,
08HB034,2,2011/08/14,0.753,
08HB034,2,2011/08/15,0.745,
08HB034,2,2011/08/16,0.734,
08HB034,2,2011/08/17,0.728,
08HB034,2,2011/08/18,0.722,
08HB034,2,2011/08/19,0.725,
08HB034,2,2011/08/20,0.734,
08HB034,2,2011/08/21,0.746,
08HB034,2,2011/08/22,0.768,
08HB034,2,2011/08/23,0.894,
08HB034,2,2011/08/24,0.902,
08HB034,2,2011/08/25,0.880,
08HB034,2,2011/08/26,0.869,
08HB034,2,2011/08/27,0.838,
08HB034,2,2011/08/28,0.806,
08HB034,2,2011/08/29,0.779,
08HB034,2,2011/08/30,0.764,
08HB034,2,2011/08/31,0.763,
08HB034,2,2011/09/01,0.755,
08HB034,2,2011/09/02,0.748,
08HB034,2,2011/09/03,0.739,
08HB034,2,2011/09/04,0.734,
08HB034,2,2011/09/05,0.730,
08HB034,2,2011/09/06,0.723,
08HB034,2,2011/09/07,0.751,
08HB034,2,2011/09/08,0.745,
08HB034,2,2011/09/09,0.732,
08HB034,2,2011/09/10,0.698,
08HB034,2,2011/09/11,0.687,
08HB034,2,2011/09/12,0.708,
08HB034,2,2011/09/13,0.708,
08HB034,2,2011/09/14,0.708,
08HB034,2,2011/09/15,0.707,
08HB034,2,2011/09/16,0.708,
08HB034,2,2011/09/17,0.709,
08HB034,2,2011/09/18,0.709,
08HB034,2,2011/09/19,0.708,
08HB034,2,2011/09/20,0.708,
08HB034,2,2011/09/21,0.708,
08HB034,2,2011/09/22,0.820,
08HB034,2,2011/09/23,1.060,
08HB034,2,2011/09/24,1.254,
08HB034,2,2011/09/25,1.322,
08HB034,2,2011/09/26,1.717,
08HB034,2,2011/09/27,2.257,
08HB034,2,2011/09/28,2.034,
08HB034,2,2011/09/29,1.673,
08HB034,2,2011/09/30,1.402,
08HB034,2,2011/10/01,1.290,
08HB034,2,2011/10/02,1.200,
08HB034,2,2011/10/03,1.168,
08HB034,2,2011/10/04,1.183,
08HB034,2,2011/10/05,1.227,
08HB034,2,2011/10/06,1.253,
08HB034,2,2011/10/07,1.219,
08HB034,2,2011/10/08,1.138,
08HB034,2,2011/10/09,1.125,
08HB034,2,2011/10/10,1.139,
08HB034,2,2011/10/11,1.708,
08HB034,2,2011/10/12,2.234,
08HB034,2,2011/10/13,2.039,
08HB034,2,2011/10/14,1.722,
08HB034,2,2011/10/15,1.467,
08HB034,2,2011/10/16,1.330,
08HB034,2,2011/10/17,1.249,
08HB034,2,2011/10/18,1.226,
08HB034,2,2011/10/19,1.179,
08HB034,2,2011/10/20,1.146,
08HB034,2,2011/10/21,1.128,
08HB034,2,2011/10/22,1.215,
08HB034,2,2011/10/23,1.289,
08HB034,2,2011/10/24,1.268,
08HB034,2,2011/10/25,1.192,
08HB034,2,2011/10/26,1.145,
08HB034,2,2011/10/27,1.107,
08HB034,2,2011/10/28,1.113,
08HB034,2,2011/10/29,1.266,
08HB034,2,2011/10/30,1.298,
08HB034,2,2011/10/31,1.287,
08HB034,2,2011/11/01,1.210,
08HB034,2,2011/11/02,1.168,
08HB034,2,2011/11/03,1.189,
08HB034,2,2011/11/04,1.162,
08HB034,2,2011/11/05,1.128,
08HB034,2,2011/11/06,1.092,
08HB034,2,2011/11/07,1.058,
08HB034,2,2011/11/08,1.043,
08HB034,2,2011/11/09,1.058,
08HB034,2,2011/11/10,1.250,
08HB034,2,2011/11/11,1.442,
08HB034,2,2011/11/12,1.550,
08HB034,2,2011/11/13,1.473,
08HB034,2,2011/11/14,1.368,
08HB034,2,2011/11/15,1.275,
08HB034,2,2011/11/16,1.214,
08HB034,2,2011/11/17,1.323,
08HB034,2,2011/11/18,1.326,
08HB034,2,2011/11/19,1.279,
08HB034,2,2011/11/20,1.216,
08HB034,2,2011/11/21,1.198,
08HB034,2,2011/11/22,2.415,
08HB034,2,2011/11/23,2.522,
08HB034,2,2011/11/24,2.189,
08HB034,2,2011/11/25,2.040,
08HB034,2,2011/11/26,1.933,
08HB034,2,2011/11/27,3.701,
08HB034,2,2011/11/28,3.384,
08HB034,2,2011/11/29,2.463,
08HB034,2,2011/11/30,2.018,
08HB034,2,2011/12/01,1.761,
08HB034,2,2011/12/02,1.590,
08HB034,2,2011/12/03,1.447,
08HB034,2,2011/12/04,1.359,
08HB034,2,2011/12/05,1.287,
08HB034,2,2011/12/06,1.214,
08HB034,2,2011/12/07,1.169,
08HB034,2,2011/12/08,1.128,
08HB034,2,2011/12/09,1.077,
08HB034,2,2011/12/10,1.049,
08HB034,2,2011/12/11,1.026,
08HB034,2,2011/12/12,1.000,
08HB034,2,2011/12/13,0.977,
08HB034,2,2011/12/14,0.963,
08HB034,2,2011/12/15,0.958,
08HB034,2,2011/12/16,0.946,
08HB034,2,2011/12/17,0.944,
08HB034,2,2011/12/18,0.992,
08HB034,2,2011/12/19,1.031,
08HB034,2,2011/12/20,1.037,
08HB034,2,2011/12/21,1.032,
08HB034,2,2011/12/22,1.012,
08HB034,2,2011/12/23,0.996,
08HB034,2,2011/12/24,1.078,
08HB034,2,2011/12/25,1.381,
08HB034,2,2011/12/26,1.475,
08HB034,2,2011/12/27,1.542,
08HB034,2,2011/12/28,2.711,
08HB034,2,2011/12/29,3.289,
08HB034,2,2011/12/30,2.672,
08HB034,2,2011/12/31,2.188,
08HB034,2,2012/01/01,1.885,
08HB034,2,2012/01/02,1.675,
08HB034,2,2012/01/03,1.768,
08HB034,2,2012/01/04,3.947,
08HB034,2,2012/01/05,4.205,
08HB034,2,2012/01/06,2.960,
08HB034,2,2012/01/07,2.287,
08HB034,2,2012/01/08,1.977,
08HB034,2,2012/01/09,1.973,
08HB034,2,2012/01/10,1.939,
08HB034,2,2012/01/11,1.787,
08HB034,2,2012/01/12,1.618,
08HB034,2,2012/01/13,1.482,
08HB034,2,2012/01/14,1.386,
08HB034,2,2012/01/15,1.302,
08HB034,2,2012/01/16,1.231,
08HB034,2,2012/01/17,1.182,
08HB034,2,2012/01/18,1.141,
08HB034,2,2012/01/19,1.110,
08HB034,2,2012/01/20,1.102,
08HB034,2,2012/01/21,1.309,
08HB034,2,2012/01/22,1.418,
08HB034,2,2012/01/23,1.558,
08HB034,2,2012/01/24,1.670,
08HB034,2,2012/01/25,2.380,
08HB034,2,2012/01/26,2.309,
08HB034,2,2012/01/27,1.978,
08HB034,2,2012/01/28,1.735,
08HB034,2,2012/01/29,1.925,
08HB034,2,2012/01/30,2.278,
08HB034,2,2012/01/31,2.217,
08HB034,2,2012/02/01,2.146,
08HB034,2,2012/02/02,1.981,
08HB034,2,2012/02/03,1.788,
08HB034,2,2012/02/04,1.629,
08HB034,2,2012/02/05,1.509,
08HB034,2,2012/02/06,1.419,
08HB034,2,2012/02/07,1.338,
08HB034,2,2012/02/08,1.325,
08HB034,2,2012/02/09,1.490,
08HB034,2,2012/02/10,2.248,
08HB034,2,2012/02/11,2.570,
08HB034,2,2012/02/12,2.272,
08HB034,2,2012/02/13,2.011,
08HB034,2,2012/02/14,1.820,
08HB034,2,2012/02/15,1.664,
08HB034,2,2012/02/16,1.545,
08HB034,2,2012/02/17,1.483,
08HB034,2,2012/02/18,1.614,
08HB034,2,2012/02/19,1.658,
08HB034,2,2012/02/20,1.594,
08HB034,2,2012/02/21,1.494,
08HB034,2,2012/02/22,1.501,
08HB034,2,2012/02/23,1.520,
08HB034,2,2012/02/24,1.533,
08HB034,2,2012/02/25,1.622,
08HB034,2,2012/02/26,1.559,
08HB034,2,2012/02/27,1.465,
08HB034,2,2012/02/28,1.384,
08HB034,2,2012/02/29,1.339,
08HB034,2,2012/03/01,1.278,
08HB034,2,2012/03/02,1.237,
08HB034,2,2012/03/03,1.209,
08HB034,2,2012/03/04,1.237,
08HB034,2,2012/03/05,1.835,
08HB034,2,2012/03/06,2.037,
08HB034,2,2012/03/07,1.810,
08HB034,2,2012/03/08,1.603,
08HB034,2,2012/03/09,1.490,
08HB034,2,2012/03/10,1.528,
08HB034,2,2012/03/11,1.588,
08HB034,2,2012/03/12,1.669,
08HB034,2,2012/03/13,1.669,
08HB034,2,2012/03/14,1.563,
08HB034,2,2012/03/15,1.900,
08HB034,2,2012/03/16,2.187,
08HB034,2,2012/03/17,1.997,
08HB034,2,2012/03/18,1.782,
08HB034,2,2012/03/19,1.604,
08HB034,2,2012/03/20,1.524,
08HB034,2,2012/03/21,1.445,
08HB034,2,2012/03/22,1.368,
08HB034,2,2012/03/23,1.313,
08HB034,2,2012/03/24,1.266,
08HB034,2,2012/03/25,1.234,
08HB034,2,2012/03/26,1.224,
08HB034,2,2012/03/27,1.278,
08HB034,2,2012/03/28,1.684,
08HB034,2,2012/03/29,2.322,
08HB034,2,2012/03/30,2.237,
08HB034,2,2012/03/31,1.969,
08HB034,2,2012/04/01,1.782,
08HB034,2,2012/04/02,1.671,
08HB034,2,2012/04/03,2.014,
08HB034,2,2012/04/04,2.115,
08HB034,2,2012/04/05,1.921,
08HB034,2,2012/04/06,1.724,
08HB034,2,2012/04/07,1.572,
08HB034,2,2012/04/08,1.463,
08HB034,2,2012/04/09,1.397,
08HB034,2,2012/04/10,1.407,
08HB034,2,2012/04/11,1.518,
08HB034,2,2012/04/12,1.626,
08HB034,2,2012/04/13,1.655,
08HB034,2,2012/04/14,1.607,
08HB034,2,2012/04/15,1.605,
08HB034,2,2012/04/16,1.731,
08HB034,2,2012/04/17,1.893,
08HB034,2,2012/04/18,1.852,
08HB034,2,2012/04/19,1.773,
08HB034,2,2012/04/20,1.810,
08HB034,2,2012/04/21,1.824,
08HB034,2,2012/04/22,1.763,
08HB034,2,2012/04/23,1.907,
08HB034,2,2012/04/24,2.110,
08HB034,2,2012/04/25,2.452,
08HB034,2,2012/04/26,2.855,
08HB034,2,2012/04/27,2.416,
08HB034,2,2012/04/28,2.018,
08HB034,2,2012/04/29,1.841,
08HB034,2,2012/04/30,1.824,
08HB034,2,2012/05/01,1.863,
08HB034,2,2012/05/02,1.794,
08HB034,2,2012/05/03,1.690,
08HB034,2,2012/05/04,1.587,
08HB034,2,2012/05/05,1.481,
08HB034,2,2012/05/06,1.427,
08HB034,2,2012/05/07,1.414,
08HB034,2,2012/05/08,1.513,
08HB034,2,2012/05/09,1.571,
08HB034,2,2012/05/10,1.504,
08HB034,2,2012/05/11,1.405,
08HB034,2,2012/05/12,1.334,
08HB034,2,2012/05/13,1.354,
08HB034,2,2012/05/14,1.523,
08HB034,2,2012/05/15,1.709,
08HB034,2,2012/05/16,1.775,
08HB034,2,2012/05/17,1.680,
08HB034,2,2012/05/18,1.531,
08HB034,2,2012/05/19,1.401,
08HB034,2,2012/05/20,1.348,
08HB034,2,2012/05/21,1.468,
08HB034,2,2012/05/22,1.745,
08HB034,2,2012/05/23,1.694,
08HB034,2,2012/05/24,1.548,
08HB034,2,2012/05/25,1.428,
08HB034,2,2012/05/26,1.414,
08HB034,2,2012/05/27,1.460,
08HB034,2,2012/05/28,1.441,
08HB034,2,2012/05/29,1.373,
08HB034,2,2012/05/30,1.307,
08HB034,2,2012/05/31,1.322,
08HB034,2,2012/06/01,1.432,
08HB034,2,2012/06/02,1.556,
08HB034,2,2012/06/03,1.489,
08HB034,2,2012/06/04,1.371,
08HB034,2,2012/06/05,1.262,
08HB034,2,2012/06/06,1.162,
08HB034,2,2012/06/07,1.163,
08HB034,2,2012/06/08,1.280,
08HB034,2,2012/06/09,1.294,
08HB034,2,2012/06/10,1.271,
08HB034,2,2012/06/11,1.253,
08HB034,2,2012/06/12,1.271,
08HB034,2,2012/06/13,1.313,
08HB034,2,2012/06/14,1.300,
08HB034,2,2012/06/15,1.233,
08HB034,2,2012/06/16,1.208,
08HB034,2,2012/06/17,1.317,
08HB034,2,2012/06/18,1.335,
08HB034,2,2012/06/19,1.271,
08HB034,2,2012/06/20,1.181,
08HB034,2,2012/06/21,1.101,
08HB034,2,2012/06/22,1.115,
08HB034,2,2012/06/23,1.244,
08HB034,2,2012/06/24,1.322,
08HB034,2,2012/06/25,1.287,
08HB034,2,2012/06/26,1.230,
08HB034,2,2012/06/27,1.175,
08HB034,2,2012/06/28,1.119,
08HB034,2,2012/06/29,1.110,
08HB034,2,2012/06/30,1.217,
08HB034,2,2012/07/01,1.270,
08HB034,2,2012/07/02,1.233,
08HB034,2,2012/07/03,1.223,
08HB034,2,2012/07/04,1.226,
08HB034,2,2012/07/05,1.190,
08HB034,2,2012/07/06,1.131,
08HB034,2,2012/07/07,1.082,
08HB034,2,2012/07/08,1.057,
08HB034,2,2012/07/09,1.045,
08HB034,2,2012/07/10,1.033,
08HB034,2,2012/07/11,1.008,
08HB034,2,2012/07/12,0.986,
08HB034,2,2012/07/13,0.958,
08HB034,2,2012/07/14,0.935,
08HB034,2,2012/07/15,0.914,
08HB034,2,2012/07/16,0.889,
08HB034,2,2012/07/17,0.864,
08HB034,2,2012/07/18,0.841,
08HB034,2,2012/07/19,0.813,
08HB034,2,2012/07/20,0.795,
08HB034,2,2012/07/21,0.788,A
08HB034,2,2012/07/22,,
08HB034,2,2012/07/23,,
08HB034,2,2012/07/24,,
08HB034,2,2012/07/25,,
08HB034,2,2012/07/26,,
08HB034,2,2012/07/27,,
08HB034,2,2012/07/28,,
08HB034,2,2012/07/29,,
08HB034,2,2012/07/30,,
08HB034,2,2012/07/31,,
08HB034,2,2012/08/01,,
08HB034,2,2012/08/02,,
08HB034,2,2012/08/03,,
08HB034,2,2012/08/04,,
08HB034,2,2012/08/05,,
08HB034,2,2012/08/06,,
08HB034,2,2012/08/07,,
08HB034,2,2012/08/08,,
08HB034,2,2012/08/09,,
08HB034,2,2012/08/10,,
08HB034,2,2012/08/11,,
08HB034,2,2012/08/12,,
08HB034,2,2012/08/13,,
08HB034,2,2012/08/14,,
08HB034,2,2012/08/15,,
08HB034,2,2012/08/16,,
08HB034,2,2012/08/17,,
08HB034,2,2012/08/18,,
08HB034,2,2012/08/19,,
08HB034,2,2012/08/20,,
08HB034,2,2012/08/21,,
08HB034,2,2012/08/22,,
08HB034,2,2012/08/23,,
08HB034,2,2012/08/24,,
08HB034,2,2012/08/25,,
08HB034,2,2012/08/26,,
08HB034,2,2012/08/27,,
08HB034,2,2012/08/28,,
08HB034,2,2012/08/29,,
08HB034,2,2012/08/30,,
08HB034,2,2012/08/31,,
08HB034,2,2012/09/01,,
08HB034,2,2012/09/02,,
08HB034,2,2012/09/03,,
08HB034,2,2012/09/04,,
08HB034,2,2012/09/05,,
08HB034,2,2012/09/06,,
08HB034,2,2012/09/07,,
08HB034,2,2012/09/08,,
08HB034,2,2012/09/09,,
08HB034,2,2012/09/10,,
08HB034,2,2012/09/11,,
08HB034,2,2012/09/12,,
08HB034,2,2012/09/13,,
08HB034,2,2012/09/14,,
08HB034,2,2012/09/15,,
08HB034,2,2012/09/16,,
08HB034,2,2012/09/17,,
08HB034,2,2012/09/18,,
08HB034,2,2012/09/19,,
08HB034,2,2012/09/20,,
08HB034,2,2012/09/21,,
08HB034,2,2012/09/22,,
08HB034,2,2012/09/23,,
08HB034,2,2012/09/24,,
08HB034,2,2012/09/25,,
08HB034,2,2012/09/26,,
08HB034,2,2012/09/27,,
08HB034,2,2012/09/28,0.710,A
08HB034,2,2012/09/29,0.699,
08HB034,2,2012/09/30,0.707,
08HB034,2,2012/10/01,0.707,
08HB034,2,2012/10/02,0.708,
08HB034,2,2012/10/03,0.732,
08HB034,2,2012/10/04,0.924,
08HB034,2,2012/10/05,0.892,
08HB034,2,2012/10/06,0.709,
08HB034,2,2012/10/07,0.682,
08HB034,2,2012/10/08,0.651,
08HB034,2,2012/10/09,0.624,
08HB034,2,2012/10/10,0.612,
08HB034,2,2012/10/11,0.589,
08HB034,2,2012/10/12,0.577,
08HB034,2,2012/10/13,0.583,
08HB034,2,2012/10/14,0.865,
08HB034,2,2012/10/15,1.300,
08HB034,2,2012/10/16,1.367,
08HB034,2,2012/10/17,1.259,
08HB034,2,2012/10/18,1.124,
08HB034,2,2012/10/19,1.357,
08HB034,2,2012/10/20,1.460,
08HB034,2,2012/10/21,1.301,
08HB034,2,2012/10/22,1.163,
08HB034,2,2012/10/23,1.083,
08HB034,2,2012/10/24,1.085,
08HB034,2,2012/10/25,1.056,
08HB034,2,2012/10/26,1.031,
08HB034,2,2012/10/27,1.118,
08HB034,2,2012/10/28,1.361,
08HB034,2,2012/10/29,1.485,
08HB034,2,2012/10/30,1.887,
08HB034,2,2012/10/31,2.447,
08HB034,2,2012/11/01,2.554,
08HB034,2,2012/11/02,2.136,
08HB034,2,2012/11/03,1.892,
08HB034,2,2012/11/04,2.014,
08HB034,2,2012/11/05,2.061,
08HB034,2,2012/11/06,1.885,
08HB034,2,2012/11/07,1.669,
08HB034,2,2012/11/08,1.505,
08HB034,2,2012/11/09,1.400,
08HB034,2,2012/11/10,1.313,
08HB034,2,2012/11/11,1.249,
08HB034,2,2012/11/12,1.243,
08HB034,2,2012/11/13,1.285,
08HB034,2,2012/11/14,1.319,
08HB034,2,2012/11/15,1.314,
08HB034,2,2012/11/16,1.282,
08HB034,2,2012/11/17,1.368,
08HB034,2,2012/11/18,1.796,
08HB034,2,2012/11/19,2.516,
08HB034,2,2012/11/20,2.545,
08HB034,2,2012/11/21,2.477,
08HB034,2,2012/11/22,2.148,
08HB034,2,2012/11/23,2.281,
08HB034,2,2012/11/24,2.318,
08HB034,2,2012/11/25,2.031,
08HB034,2,2012/11/26,1.774,
08HB034,2,2012/11/27,1.585,
08HB034,2,2012/11/28,1.463,
08HB034,2,2012/11/29,1.991,
08HB034,2,2012/11/30,2.812,
08HB034,2,2012/12/01,3.143,
08HB034,2,2012/12/02,3.147,
08HB034,2,2012/12/03,2.729,
08HB034,2,2012/12/04,2.744,
08HB034,2,2012/12/05,2.626,
08HB034,2,2012/12/06,2.278,
08HB034,2,2012/12/07,1.998,
08HB034,2,2012/12/08,1.768,
08HB034,2,2012/12/09,1.614,
08HB034,2,2012/12/10,1.490,
08HB034,2,2012/12/11,1.410,
08HB034,2,2012/12/12,1.368,
08HB034,2,2012/12/13,1.332,
08HB034,2,2012/12/14,1.297,
08HB034,2,2012/12/15,1.274,
08HB034,2,2012/12/16,1.262,
08HB034,2,2012/12/17,1.269,
08HB034,2,2012/12/18,1.221,
08HB034,2,2012/12/19,1.212,
08HB034,2,2012/12/20,1.211,
08HB034,2,2012/12/21,1.167,
08HB034,2,2012/12/22,1.186,
08HB034,2,2012/12/23,1.267,
08HB034,2,2012/12/24,1.299,
08HB034,2,2012/12/25,1.296,
08HB034,2,2012/12/26,1.339,
08HB034,2,2012/12/27,1.355,
08HB034,2,2012/12/28,1.307,
08HB034,2,2012/12/29,1.300,
08HB034,2,2012/12/30,1.275,
08HB034,2,2012/12/31,1.240,
08HB034,2,2013/01/01,1.198,
08HB034,2,2013/01/02,1.155,
08HB034,2,2013/01/03,1.117,
08HB034,2,2013/01/04,1.092,
08HB034,2,2013/01/05,1.074,
08HB034,2,2013/01/06,1.099,
08HB034,2,2013/01/07,1.176,
08HB034,2,2013/01/08,1.326,
08HB034,2,2013/01/09,2.237,
08HB034,2,2013/01/10,2.193,
08HB034,2,2013/01/11,1.912,
08HB034,2,2013/01/12,1.673,
08HB034,2,2013/01/13,1.501,
08HB034,2,2013/01/14,1.382,
08HB034,2,2013/01/15,1.291,
08HB034,2,2013/01/16,1.217,
08HB034,2,2013/01/17,1.165,
08HB034,2,2013/01/18,1.125,
08HB034,2,2013/01/19,1.091,
08HB034,2,2013/01/20,1.065,
08HB034,2,2013/01/21,1.049,
08HB034,2,2013/01/22,1.051,
08HB034,2,2013/01/23,1.072,
08HB034,2,2013/01/24,1.108,
08HB034,2,2013/01/25,1.150,
08HB034,2,2013/01/26,1.190,
08HB034,2,2013/01/27,1.217,
08HB034,2,2013/01/28,1.205,
08HB034,2,2013/01/29,1.176,
08HB034,2,2013/01/30,1.153,
08HB034,2,2013/01/31,1.155,
08HB034,2,2013/02/01,1.240,
08HB034,2,2013/02/02,1.306,
08HB034,2,2013/02/03,1.307,
08HB034,2,2013/02/04,1.296,
08HB034,2,2013/02/05,1.420,
08HB034,2,2013/02/06,1.885,
08HB034,2,2013/02/07,2.093,
08HB034,2,2013/02/08,1.934,
08HB034,2,2013/02/09,1.714,
08HB034,2,2013/02/10,1.542,
08HB034,2,2013/02/11,1.423,
08HB034,2,2013/02/12,1.347,
08HB034,2,2013/02/13,1.316,
08HB034,2,2013/02/14,1.311,
08HB034,2,2013/02/15,1.302,
08HB034,2,2013/02/16,1.298,
08HB034,2,2013/02/17,1.300,
08HB034,2,2013/02/18,1.289,
08HB034,2,2013/02/19,1.299,
08HB034,2,2013/02/20,1.265,
08HB034,2,2013/02/21,1.232,
08HB034,2,2013/02/22,1.240,
08HB034,2,2013/02/23,1.317,
08HB034,2,2013/02/24,1.317,
08HB034,2,2013/02/25,1.536,
08HB034,2,2013/02/26,1.636,
08HB034,2,2013/02/27,1.571,
08HB034,2,2013/02/28,1.478,
08HB034,2,2013/03/01,2.543,
08HB034,2,2013/03/02,3.691,
08HB034,2,2013/03/03,2.870,
08HB034,2,2013/03/04,2.230,
08HB034,2,2013/03/05,1.876,
08HB034,2,2013/03/06,1.686,
08HB034,2,2013/03/07,1.534,
08HB034,2,2013/03/08,1.417,
08HB034,2,2013/03/09,1.337,
08HB034,2,2013/03/10,1.280,
08HB034,2,2013/03/11,1.237,
08HB034,2,2013/03/12,1.629,
08HB034,2,2013/03/13,2.246,
08HB034,2,2013/03/14,2.534,
08HB034,2,2013/03/15,2.786,
08HB034,2,2013/03/16,2.449,
08HB034,2,2013/03/17,2.092,
08HB034,2,2013/03/18,1.838,
08HB034,2,2013/03/19,1.650,
08HB034,2,2013/03/20,1.863,
08HB034,2,2013/03/21,2.015,
08HB034,2,2013/03/22,1.871,
08HB034,2,2013/03/23,1.683,
08HB034,2,2013/03/24,1.536,
08HB034,2,2013/03/25,1.423,
08HB034,2,2013/03/26,1.335,
08HB034,2,2013/03/27,1.268,
08HB034,2,2013/03/28,1.255,
08HB034,2,2013/03/29,1.295,
08HB034,2,2013/03/30,1.353,
08HB034,2,2013/03/31,1.425,
08HB034,2,2013/04/01,1.510,
08HB034,2,2013/04/02,1.626,
08HB034,2,2013/04/03,1.622,
08HB034,2,2013/04/04,1.554,
08HB034,2,2013/04/05,1.839,
08HB034,2,2013/04/06,2.334,
08HB034,2,2013/04/07,2.290,
08HB034,2,2013/04/08,1.951,
08HB034,2,2013/04/09,1.705,
08HB034,2,2013/04/10,1.848,
08HB034,2,2013/04/11,2.086,
08HB034,2,2013/04/12,1.911,
08HB034,2,2013/04/13,1.713,
08HB034,2,2013/04/14,1.549,
08HB034,2,2013/04/15,1.422,
08HB034,2,2013/04/16,1.320,
08HB034,2,2013/04/17,1.235,
08HB034,2,2013/04/18,1.201,
08HB034,2,2013/04/19,1.233,
08HB034,2,2013/04/20,1.323,
08HB034,2,2013/04/21,1.359,
08HB034,2,2013/04/22,1.337,
08HB034,2,2013/04/23,1.283,
08HB034,2,2013/04/24,1.237,
08HB034,2,2013/04/25,1.233,
08HB034,2,2013/04/26,1.301,
08HB034,2,2013/04/27,1.370,
08HB034,2,2013/04/28,1.428,
08HB034,2,2013/04/29,1.434,
08HB034,2,2013/04/30,1.376,
08HB034,2,2013/05/01,1.284,
08HB034,2,2013/05/02,1.202,
08HB034,2,2013/05/03,1.148,
08HB034,2,2013/05/04,1.199,
08HB034,2,2013/05/05,1.329,
08HB034,2,2013/05/06,1.501,
08HB034,2,2013/05/07,1.606,
08HB034,2,2013/05/08,1.618,
08HB034,2,2013/05/09,1.584,
08HB034,2,2013/05/10,1.523,
08HB034,2,2013/05/11,1.441,
08HB034,2,2013/05/12,1.629,
08HB034,2,2013/05/13,1.823,
08HB034,2,2013/05/14,1.887,
08HB034,2,2013/05/15,1.690,
08HB034,2,2013/05/16,1.482,
08HB034,2,2013/05/17,1.354,
08HB034,2,2013/05/18,1.308,
08HB034,2,2013/05/19,1.278,
08HB034,2,2013/05/20,1.237,
08HB034,2,2013/05/21,1.234,
08HB034,2,2013/05/22,1.230,
08HB034,2,2013/05/23,1.212,
08HB034,2,2013/05/24,1.189,
08HB034,2,2013/05/25,1.153,
08HB034,2,2013/05/26,1.145,
08HB034,2,2013/05/27,1.159,
08HB034,2,2013/05/28,1.301,
08HB034,2,2013/05/29,1.385,
08HB034,2,2013/05/30,1.460,
08HB034,2,2013/05/31,1.435,
08HB034,2,2013/06/01,1.387,
08HB034,2,2013/06/02,1.322,
08HB034,2,2013/06/03,1.253,
08HB034,2,2013/06/04,1.181,
08HB034,2,2013/06/05,1.136,
08HB034,2,2013/06/06,1.110,
08HB034,2,2013/06/07,1.097,
08HB034,2,2013/06/08,1.062,
08HB034,2,2013/06/09,1.026,
08HB034,2,2013/06/10,0.987,
08HB034,2,2013/06/11,0.953,
08HB034,2,2013/06/12,0.929,
08HB034,2,2013/06/13,0.914,
08HB034,2,2013/06/14,0.901,
08HB034,2,2013/06/15,0.874,
08HB034,2,2013/06/16,0.859,
08HB034,2,2013/06/17,0.847,
08HB034,2,2013/06/18,0.864,
08HB034,2,2013/06/19,0.869,
08HB034,2,2013/06/20,0.855,
08HB034,2,2013/06/21,0.839,
08HB034,2,2013/06/22,0.835,
08HB034,2,2013/06/23,0.821,
08HB034,2,2013/06/24,0.859,
08HB034,2,2013/06/25,0.883,
08HB034,2,2013/06/26,0.933,
08HB034,2,2013/06/27,1.117,
08HB034,2,2013/06/28,1.286,
08HB034,2,2013/06/29,1.278,
08HB034,2,2013/06/30,1.199,
08HB034,2,2013/07/01,1.107,
08HB034,2,2013/07/02,1.028,
08HB034,2,2013/07/03,0.936,
08HB034,2,2013/07/04,0.878,
08HB034,2,2013/07/05,0.833,
08HB034,2,2013/07/06,0.788,
08HB034,2,2013/07/07,0.754,
08HB034,2,2013/07/08,0.731,
08HB034,2,2013/07/09,0.714,
08HB034,2,2013/07/10,0.693,
08HB034,2,2013/07/11,0.679,
08HB034,2,2013/07/12,0.654,
08HB034,2,2013/07/13,0.639,
08HB034,2,2013/07/14,0.627,
08HB034,2,2013/07/15,0.613,
08HB034,2,2013/07/16,0.601,
08HB034,2,2013/07/17,0.606,
08HB034,2,2013/07/18,0.614,
08HB034,2,2013/07/19,0.621,
08HB034,2,2013/07/20,0.641,
08HB034,2,2013/07/21,0.651,
08HB034,2,2013/07/22,0.657,
08HB034,2,2013/07/23,0.661,
08HB034,2,2013/07/24,0.660,
08HB034,2,2013/07/25,0.655,
08HB034,2,2013/07/26,0.647,
08HB034,2,2013/07/27,0.642,
08HB034,2,2013/07/28,0.633,
08HB034,2,2013/07/29,0.627,
08HB034,2,2013/07/30,0.628,
08HB034,2,2013/07/31,0.627,
08HB034,2,2013/08/01,0.614,
08HB034,2,2013/08/02,0.602,
08HB034,2,2013/08/03,0.597,
08HB034,2,2013/08/04,0.588,
08HB034,2,2013/08/05,0.587,
08HB034,2,2013/08/06,0.571,
08HB034,2,2013/08/07,0.561,
08HB034,2,2013/08/08,0.568,
08HB034,2,2013/08/09,0.582,
08HB034,2,2013/08/10,0.610,
08HB034,2,2013/08/11,0.636,
08HB034,2,2013/08/12,0.652,
08HB034,2,2013/08/13,0.653,
08HB034,2,2013/08/14,0.639,
08HB034,2,2013/08/15,0.631,
08HB034,2,2013/08/16,0.630,
08HB034,2,2013/08/17,0.633,
08HB034,2,2013/08/18,0.633,
08HB034,2,2013/08/19,0.630,
08HB034,2,2013/08/20,0.627,
08HB034,2,2013/08/21,0.624,
08HB034,2,2013/08/22,0.618,
08HB034,2,2013/08/23,0.614,
08HB034,2,2013/08/24,0.615,
08HB034,2,2013/08/25,0.616,
08HB034,2,2013/08/26,0.612,
08HB034,2,2013/08/27,0.612,
08HB034,2,2013/08/28,0.624,
08HB034,2,2013/08/29,0.647,
08HB034,2,2013/08/30,0.836,
08HB034,2,2013/08/31,0.960,
08HB034,2,2013/09/01,0.941,
08HB034,2,2013/09/02,0.877,
08HB034,2,2013/09/03,0.827,
08HB034,2,2013/09/04,0.788,
08HB034,2,2013/09/05,0.754,
08HB034,2,2013/09/06,0.729,
08HB034,2,2013/09/07,0.712,
08HB034,2,2013/09/08,0.702,
08HB034,2,2013/09/09,0.687,
08HB034,2,2013/09/10,0.676,
08HB034,2,2013/09/11,0.663,
08HB034,2,2013/09/12,0.652,
08HB034,2,2013/09/13,0.647,
08HB034,2,2013/09/14,0.652,
08HB034,2,2013/09/15,0.642,
08HB034,2,2013/09/16,0.651,
08HB034,2,2013/09/17,0.655,
08HB034,2,2013/09/18,0.656,
08HB034,2,2013/09/19,0.652,
08HB034,2,2013/09/20,0.647,
08HB034,2,2013/09/21,0.653,
08HB034,2,2013/09/22,0.701,
08HB034,2,2013/09/23,0.941,
08HB034,2,2013/09/24,1.041,
08HB034,2,2013/09/25,1.114,
08HB034,2,2013/09/26,1.075,
08HB034,2,2013/09/27,1.031,
08HB034,2,2013/09/28,1.169,
08HB034,2,2013/09/29,1.981,
08HB034,2,2013/09/30,2.923,
08HB034,2,2013/10/01,2.652,
08HB034,2,2013/10/02,2.202,
08HB034,2,2013/10/03,1.912,
08HB034,2,2013/10/04,1.680,
08HB034,2,2013/10/05,1.519,
08HB034,2,2013/10/06,1.410,
08HB034,2,2013/10/07,1.358,
08HB034,2,2013/10/08,1.353,
08HB034,2,2013/10/09,1.329,
08HB034,2,2013/10/10,1.286,
08HB034,2,2013/10/11,1.201,
08HB034,2,2013/10/12,1.061,
08HB034,2,2013/10/13,1.020,
08HB034,2,2013/10/14,0.986,
08HB034,2,2013/10/15,0.955,
08HB034,2,2013/10/16,0.920,
08HB034,2,2013/10/17,0.897,
08HB034,2,2013/10/18,0.877,
08HB034,2,2013/10/19,0.860,
08HB034,2,2013/10/20,0.846,
08HB034,2,2013/10/21,0.832,
08HB034,2,2013/10/22,0.821,
08HB034,2,2013/10/23,0.808,
08HB034,2,2013/10/24,0.796,
08HB034,2,2013/10/25,0.801,
08HB034,2,2013/10/26,0.806,
08HB034,2,2013/10/27,0.806,
08HB034,2,2013/10/28,0.800,
08HB034,2,2013/10/29,0.780,
08HB034,2,2013/10/30,0.774,
08HB034,2,2013/10/31,0.773,
08HB034,2,2013/11/01,0.774,
08HB034,2,2013/11/02,1.002,
08HB034,2,2013/11/03,1.141,
08HB034,2,2013/11/04,1.106,
08HB034,2,2013/11/05,1.068,
08HB034,2,2013/11/06,1.028,
08HB034,2,2013/11/07,1.386,
08HB034,2,2013/11/08,1.741,
08HB034,2,2013/11/09,1.611,
08HB034,2,2013/11/10,1.457,
08HB034,2,2013/11/11,1.340,
08HB034,2,2013/11/12,1.294,
08HB034,2,2013/11/13,1.495,
08HB034,2,2013/11/14,1.539,
08HB034,2,2013/11/15,1.427,
08HB034,2,2013/11/16,1.331,
08HB034,2,2013/11/17,1.260,
08HB034,2,2013/11/18,1.260,
08HB034,2,2013/11/19,1.323,
08HB034,2,2013/11/20,1.288,
08HB034,2,2013/11/21,1.224,
08HB034,2,2013/11/22,1.156,
08HB034,2,2013/11/23,1.107,
08HB034,2,2013/11/24,1.068,
08HB034,2,2013/11/25,1.034,
08HB034,2,2013/11/26,1.004,
08HB034,2,2013/11/27,0.980,
08HB034,2,2013/11/28,0.960,
08HB034,2,2013/11/29,0.947,
08HB034,2,2013/11/30,0.943,
08HB034,2,2013/12/01,0.959,
08HB034,2,2013/12/02,1.012,
08HB034,2,2013/12/03,1.018,
08HB034,2,2013/12/04,0.995,
08HB034,2,2013/12/05,0.959,
08HB034,2,2013/12/06,0.927,
08HB034,2,2013/12/07,0.872,
08HB034,2,2013/12/08,0.855,
08HB034,2,2013/12/09,0.852,
08HB034,2,2013/12/10,0.843,
08HB034,2,2013/12/11,0.830,
08HB034,2,2013/12/12,0.827,
08HB034,2,2013/12/13,0.827,
08HB034,2,2013/12/14,0.825,
08HB034,2,2013/12/15,0.863,
08HB034,2,2013/12/16,0.926,
08HB034,2,2013/12/17,0.940,
08HB034,2,2013/12/18,0.937,
08HB034,2,2013/12/19,0.917,
08HB034,2,2013/12/20,0.907,
08HB034,2,2013/12/21,0.889,
08HB034,2,2013/12/22,0.880,
08HB034,2,2013/12/23,0.924,
08HB034,2,2013/12/24,1.037,
08HB034,2,2013/12/25,1.069,
08HB034,2,2013/12/26,1.052,
08HB034,2,2013/12/27,1.041,
08HB034,2,2013/12/28,1.078,
08HB034,2,2013/12/29,1.074,
08HB034,2,2013/12/30,1.054,
08HB034,2,2013/12/31,1.027,
08HB034,2,2014/01/01,1.001,
08HB034,2,2014/01/02,0.999,
08HB034,2,2014/01/03,1.213,
08HB034,2,2014/01/04,1.257,
08HB034,2,2014/01/05,1.209,
08HB034,2,2014/01/06,1.144,
08HB034,2,2014/01/07,1.103,
08HB034,2,2014/01/08,1.107,
08HB034,2,2014/01/09,1.332,
08HB034,2,2014/01/10,1.468,
08HB034,2,2014/01/11,3.050,
08HB034,2,2014/01/12,3.003,
08HB034,2,2014/01/13,2.382,
08HB034,2,2014/01/14,2.083,
08HB034,2,2014/01/15,1.831,
08HB034,2,2014/01/16,1.606,
08HB034,2,2014/01/17,1.479,
08HB034,2,2014/01/18,1.381,
08HB034,2,2014/01/19,1.304,
08HB034,2,2014/01/20,1.238,
08HB034,2,2014/01/21,1.178,
08HB034,2,2014/01/22,1.114,
08HB034,2,2014/01/23,1.074,
08HB034,2,2014/01/24,1.027,
08HB034,2,2014/01/25,0.995,
08HB034,2,2014/01/26,0.976,
08HB034,2,2014/01/27,0.955,
08HB034,2,2014/01/28,0.948,
08HB034,2,2014/01/29,0.995,
08HB034,2,2014/01/30,1.041,
08HB034,2,2014/01/31,1.036,
08HB034,2,2014/02/01,1.012,
08HB034,2,2014/02/02,0.989,
08HB034,2,2014/02/03,0.966,
08HB034,2,2014/02/04,0.936,
08HB034,2,2014/02/05,0.891,
08HB034,2,2014/02/06,0.865,
08HB034,2,2014/02/07,0.864,
08HB034,2,2014/02/08,0.821,
08HB034,2,2014/02/09,0.821,
08HB034,2,2014/02/10,0.839,
08HB034,2,2014/02/11,0.863,
08HB034,2,2014/02/12,1.175,
08HB034,2,2014/02/13,1.388,
08HB034,2,2014/02/14,1.661,
08HB034,2,2014/02/15,1.824,
08HB034,2,2014/02/16,2.028,
08HB034,2,2014/02/17,1.968,
08HB034,2,2014/02/18,1.892,
08HB034,2,2014/02/19,1.814,
08HB034,2,2014/02/20,1.643,
08HB034,2,2014/02/21,1.489,
08HB034,2,2014/02/22,1.387,
08HB034,2,2014/02/23,1.322,
08HB034,2,2014/02/24,1.261,
08HB034,2,2014/02/25,1.215,
08HB034,2,2014/02/26,1.172,
08HB034,2,2014/02/27,1.135,
08HB034,2,2014/02/28,1.094,
08HB034,2,2014/03/01,1.093,
08HB034,2,2014/03/02,1.094,
08HB034,2,2014/03/03,1.124,
08HB034,2,2014/03/04,1.266,
08HB034,2,2014/03/05,1.438,
08HB034,2,2014/03/06,2.245,
08HB034,2,2014/03/07,2.611,
08HB034,2,2014/03/08,2.631,
08HB034,2,2014/03/09,3.178,
08HB034,2,2014/03/10,2.669,
08HB034,2,2014/03/11,2.204,
08HB034,2,2014/03/12,1.908,
08HB034,2,2014/03/13,1.739,
08HB034,2,2014/03/14,1.748,
08HB034,2,2014/03/15,2.051,
08HB034,2,2014/03/16,2.753,
08HB034,2,2014/03/17,2.547,
08HB034,2,2014/03/18,2.125,
08HB034,2,2014/03/19,1.852,
08HB034,2,2014/03/20,1.705,
08HB034,2,2014/03/21,1.582,
08HB034,2,2014/03/22,1.466,
08HB034,2,2014/03/23,1.379,
08HB034,2,2014/03/24,1.302,
08HB034,2,2014/03/25,1.312,
08HB034,2,2014/03/26,1.679,
08HB034,2,2014/03/27,1.774,
08HB034,2,2014/03/28,1.834,
08HB034,2,2014/03/29,2.351,
08HB034,2,2014/03/30,2.575,
08HB034,2,2014/03/31,2.243,
08HB034,2,2014/04/01,1.919,
08HB034,2,2014/04/02,1.710,
08HB034,2,2014/04/03,1.583,
08HB034,2,2014/04/04,1.566,
08HB034,2,2014/04/05,1.536,
08HB034,2,2014/04/06,1.545,
08HB034,2,2014/04/07,1.537,
08HB034,2,2014/04/08,1.637,
08HB034,2,2014/04/09,1.718,
08HB034,2,2014/04/10,1.574,
08HB034,2,2014/04/11,1.444,
08HB034,2,2014/04/12,1.361,
08HB034,2,2014/04/13,1.309,
08HB034,2,2014/04/14,1.280,
08HB034,2,2014/04/15,1.253,
08HB034,2,2014/04/16,1.293,
08HB034,2,2014/04/17,1.561,
08HB034,2,2014/04/18,1.863,
08HB034,2,2014/04/19,1.767,
08HB034,2,2014/04/20,1.672,
08HB034,2,2014/04/21,1.659,
08HB034,2,2014/04/22,1.696,
08HB034,2,2014/04/23,1.610,
08HB034,2,2014/04/24,1.630,
08HB034,2,2014/04/25,1.760,
08HB034,2,2014/04/26,1.715,
08HB034,2,2014/04/27,1.624,
08HB034,2,2014/04/28,1.543,
08HB034,2,2014/04/29,1.450,
08HB034,2,2014/04/30,1.390,
08HB034,2,2014/05/01,1.429,
08HB034,2,2014/05/02,1.535,
08HB034,2,2014/05/03,1.526,
08HB034,2,2014/05/04,1.493,
08HB034,2,2014/05/05,1.453,
08HB034,2,2014/05/06,1.388,
08HB034,2,2014/05/07,1.311,
08HB034,2,2014/05/08,1.250,
08HB034,2,2014/05/09,1.343,
08HB034,2,2014/05/10,1.380,
08HB034,2,2014/05/11,1.337,
08HB034,2,2014/05/12,1.275,
08HB034,2,2014/05/13,1.241,
08HB034,2,2014/05/14,1.233,
08HB034,2,2014/05/15,1.243,
08HB034,2,2014/05/16,1.264,
08HB034,2,2014/05/17,1.220,
08HB034,2,2014/05/18,1.163,
08HB034,2,2014/05/19,1.126,
08HB034,2,2014/05/20,1.109,
08HB034,2,2014/05/21,1.064,
08HB034,2,2014/05/22,1.041,
08HB034,2,2014/05/23,1.056,
08HB034,2,2014/05/24,1.032,
08HB034,2,2014/05/25,1.001,
08HB034,2,2014/05/26,0.981,
08HB034,2,2014/05/27,0.953,
08HB034,2,2014/05/28,0.929,
08HB034,2,2014/05/29,0.910,
08HB034,2,2014/05/30,0.880,
08HB034,2,2014/05/31,0.857,
08HB034,2,2014/06/01,0.837,
08HB034,2,2014/06/02,0.825,
08HB034,2,2014/06/03,0.810,
08HB034,2,2014/06/04,0.801,
08HB034,2,2014/06/05,0.782,
08HB034,2,2014/06/06,0.761,
08HB034,2,2014/06/07,0.738,
08HB034,2,2014/06/08,0.724,
08HB034,2,2014/06/09,0.709,
08HB034,2,2014/06/10,0.692,
08HB034,2,2014/06/11,0.684,
08HB034,2,2014/06/12,0.673,
08HB034,2,2014/06/13,0.715,
08HB034,2,2014/06/14,0.702,
08HB034,2,2014/06/15,0.690,
08HB034,2,2014/06/16,0.673,
08HB034,2,2014/06/17,0.644,
08HB034,2,2014/06/18,0.625,
08HB034,2,2014/06/19,0.621,
08HB034,2,2014/06/20,0.622,
08HB034,2,2014/06/21,0.661,
08HB034,2,2014/06/22,0.672,
08HB034,2,2014/06/23,0.668,
08HB034,2,2014/06/24,0.654,
08HB034,2,2014/06/25,0.646,
08HB034,2,2014/06/26,0.633,
08HB034,2,2014/06/27,0.620,
08HB034,2,2014/06/28,0.622,
08HB034,2,2014/06/29,0.630,
08HB034,2,2014/06/30,0.651,
08HB034,2,2014/07/01,0.688,
08HB034,2,2014/07/02,0.688,
08HB034,2,2014/07/03,0.663,
08HB034,2,2014/07/04,0.661,
08HB034,2,2014/07/05,0.651,
08HB034,2,2014/07/06,0.631,
08HB034,2,2014/07/07,0.636,
08HB034,2,2014/07/08,0.679,
08HB034,2,2014/07/09,0.680,
08HB034,2,2014/07/10,0.657,
08HB034,2,2014/07/11,0.682,
08HB034,2,2014/07/12,0.682,
08HB034,2,2014/07/13,0.659,
08HB034,2,2014/07/14,0.655,
08HB034,2,2014/07/15,0.637,
08HB034,2,2014/07/16,0.611,
08HB034,2,2014/07/17,0.609,
08HB034,2,2014/07/18,0.580,
08HB034,2,2014/07/19,0.593,
08HB034,2,2014/07/20,0.614,
08HB034,2,2014/07/21,0.588,
08HB034,2,2014/07/22,0.585,
08HB034,2,2014/07/23,0.594,
08HB034,2,2014/07/24,0.608,
08HB034,2,2014/07/25,0.620,
08HB034,2,2014/07/26,0.629,
08HB034,2,2014/07/27,0.609,
08HB034,2,2014/07/28,0.622,
08HB034,2,2014/07/29,0.630,
08HB034,2,2014/07/30,0.627,
08HB034,2,2014/07/31,0.610,
08HB034,2,2014/08/01,0.620,
08HB034,2,2014/08/02,0.613,
08HB034,2,2014/08/03,0.640,
08HB034,2,2014/08/04,0.628,
08HB034,2,2014/08/05,0.613,
08HB034,2,2014/08/06,0.621,
08HB034,2,2014/08/07,0.628,
08HB034,2,2014/08/08,0.633,
08HB034,2,2014/08/09,0.636,
08HB034,2,2014/08/10,0.621,
08HB034,2,2014/08/11,0.616,
08HB034,2,2014/08/12,0.625,
08HB034,2,2014/08/13,0.617,A
08HB034,2,2014/08/14,0.625,
08HB034,2,2014/08/15,0.633,
08HB034,2,2014/08/16,0.640,
08HB034,2,2014/08/17,0.634,
08HB034,2,2014/08/18,0.635,
08HB034,2,2014/08/19,0.658,
08HB034,2,2014/08/20,0.677,
08HB034,2,2014/08/21,0.636,
08HB034,2,2014/08/22,0.632,
08HB034,2,2014/08/23,0.629,
08HB034,2,2014/08/24,0.626,
08HB034,2,2014/08/25,0.618,
08HB034,2,2014/08/26,0.606,
08HB034,2,2014/08/27,0.614,
08HB034,2,2014/08/28,0.631,
08HB034,2,2014/08/29,0.615,
08HB034,2,2014/08/30,0.606,
08HB034,2,2014/08/31,0.620,
08HB034,2,2014/09/01,0.621,
08HB034,2,2014/09/02,0.611,
08HB034,2,2014/09/03,0.622,
08HB034,2,2014/09/04,0.618,
08HB034,2,2014/09/05,0.616,
08HB034,2,2014/09/06,0.612,
08HB034,2,2014/09/07,0.607,
08HB034,2,2014/09/08,0.603,
08HB034,2,2014/09/09,0.606,
08HB034,2,2014/09/10,0.616,
08HB034,2,2014/09/11,0.608,
08HB034,2,2014/09/12,0.608,
08HB034,2,2014/09/13,0.619,
08HB034,2,2014/09/14,0.632,
08HB034,2,2014/09/15,0.625,
08HB034,2,2014/09/16,0.636,
08HB034,2,2014/09/17,0.640,
08HB034,2,2014/09/18,0.628,
08HB034,2,2014/09/19,0.629,
08HB034,2,2014/09/20,0.627,
08HB034,2,2014/09/21,0.627,
08HB034,2,2014/09/22,0.625,
08HB034,2,2014/09/23,0.626,
08HB034,2,2014/09/24,0.658,
08HB034,2,2014/09/25,0.690,
08HB034,2,2014/09/26,0.739,
08HB034,2,2014/09/27,0.774,
08HB034,2,2014/09/28,0.745,
08HB034,2,2014/09/29,0.721,
08HB034,2,2014/09/30,0.704,
08HB034,2,2014/10/01,0.744,
08HB034,2,2014/10/02,0.953,
08HB034,2,2014/10/03,0.904,
08HB034,2,2014/10/04,0.714,
08HB034,2,2014/10/05,0.697,
08HB034,2,2014/10/06,0.687,
08HB034,2,2014/10/07,0.664,
08HB034,2,2014/10/08,0.656,
08HB034,2,2014/10/09,0.653,
08HB034,2,2014/10/10,0.648,
08HB034,2,2014/10/11,0.646,
08HB034,2,2014/10/12,0.650,
08HB034,2,2014/10/13,0.668,
08HB034,2,2014/10/14,1.008,
08HB034,2,2014/10/15,1.094,
08HB034,2,2014/10/16,1.077,
08HB034,2,2014/10/17,1.048,
08HB034,2,2014/10/18,1.428,
08HB034,2,2014/10/19,1.439,
08HB034,2,2014/10/20,1.510,
08HB034,2,2014/10/21,1.654,
08HB034,2,2014/10/22,2.894,
08HB034,2,2014/10/23,2.604,
08HB034,2,2014/10/24,2.192,
08HB034,2,2014/10/25,2.191,
08HB034,2,2014/10/26,2.338,
08HB034,2,2014/10/27,2.005,
08HB034,2,2014/10/28,2.164,
08HB034,2,2014/10/29,2.538,
08HB034,2,2014/10/30,2.362,
08HB034,2,2014/10/31,2.313,
08HB034,2,2014/11/01,1.996,
08HB034,2,2014/11/02,1.720,
08HB034,2,2014/11/03,1.577,
08HB034,2,2014/11/04,2.266,
08HB034,2,2014/11/05,2.097,
08HB034,2,2014/11/06,2.353,
08HB034,2,2014/11/07,2.623,
08HB034,2,2014/11/08,2.165,
08HB034,2,2014/11/09,1.833,
08HB034,2,2014/11/10,1.612,
08HB034,2,2014/11/11,1.424,
08HB034,2,2014/11/12,1.314,
08HB034,2,2014/11/13,1.222,
08HB034,2,2014/11/14,1.152,
08HB034,2,2014/11/15,1.082,
08HB034,2,2014/11/16,1.035,
08HB034,2,2014/11/17,0.998,
08HB034,2,2014/11/18,0.970,
08HB034,2,2014/11/19,0.947,
08HB034,2,2014/11/20,0.941,
08HB034,2,2014/11/21,1.142,
08HB034,2,2014/11/22,1.789,
08HB034,2,2014/11/23,1.911,
08HB034,2,2014/11/24,1.960,
08HB034,2,2014/11/25,2.199,
08HB034,2,2014/11/26,2.735,
08HB034,2,2014/11/27,3.284,
08HB034,2,2014/11/28,3.494,
08HB034,2,2014/11/29,2.726,
08HB034,2,2014/11/30,2.110,
08HB034,2,2014/12/01,1.766,
08HB034,2,2014/12/02,1.519,
08HB034,2,2014/12/03,1.386,
08HB034,2,2014/12/04,1.293,
08HB034,2,2014/12/05,1.243,
08HB034,2,2014/12/06,1.331,
08HB034,2,2014/12/07,1.481,
08HB034,2,2014/12/08,1.606,
08HB034,2,2014/12/09,3.733,
08HB034,2,2014/12/10,4.807,
08HB034,2,2014/12/11,4.123,
08HB034,2,2014/12/12,3.426,
08HB034,2,2014/12/13,2.747,
08HB034,2,2014/12/14,2.226,
08HB034,2,2014/12/15,1.907,
08HB034,2,2014/12/16,1.667,
08HB034,2,2014/12/17,1.497,
08HB034,2,2014/12/18,1.426,
08HB034,2,2014/12/19,1.726,
08HB034,2,2014/12/20,2.240,
08HB034,2,2014/12/21,2.877,
08HB034,2,2014/12/22,2.486,
08HB034,2,2014/12/23,2.083,
08HB034,2,2014/12/24,1.872,
08HB034,2,2014/12/25,1.705,
08HB034,2,2014/12/26,1.559,
08HB034,2,2014/12/27,1.455,
08HB034,2,2014/12/28,1.384,
08HB034,2,2014/12/29,1.317,
08HB034,2,2014/12/30,1.250,
08HB034,2,2014/12/31,1.189,
08HB034,2,2015/01/01,1.138,
08HB034,2,2015/01/02,1.099,
08HB034,2,2015/01/03,1.069,
08HB034,2,2015/01/04,1.083,
08HB034,2,2015/01/05,1.435,
08HB034,2,2015/01/06,2.046,
08HB034,2,2015/01/07,2.094,
08HB034,2,2015/01/08,1.862,
08HB034,2,2015/01/09,1.662,
08HB034,2,2015/01/10,1.531,
08HB034,2,2015/01/11,1.432,
08HB034,2,2015/01/12,1.350,
08HB034,2,2015/01/13,1.283,
08HB034,2,2015/01/14,1.222,
08HB034,2,2015/01/15,1.186,
08HB034,2,2015/01/16,1.497,
08HB034,2,2015/01/17,1.617,
08HB034,2,2015/01/18,2.361,
08HB034,2,2015/01/19,2.681,
08HB034,2,2015/01/20,2.264,
08HB034,2,2015/01/21,1.912,
08HB034,2,2015/01/22,1.691,
08HB034,2,2015/01/23,1.740,
08HB034,2,2015/01/24,2.345,
08HB034,2,2015/01/25,2.242,
08HB034,2,2015/01/26,1.969,
08HB034,2,2015/01/27,1.734,
08HB034,2,2015/01/28,1.555,
08HB034,2,2015/01/29,1.415,
08HB034,2,2015/01/30,1.324,
08HB034,2,2015/01/31,1.252,
08HB034,2,2015/02/01,1.205,
08HB034,2,2015/02/02,1.184,
08HB034,2,2015/02/03,1.174,
08HB034,2,2015/02/04,1.161,
08HB034,2,2015/02/05,1.793,
08HB034,2,2015/02/06,4.456,
08HB034,2,2015/02/07,4.330,
08HB034,2,2015/02/08,3.353,
08HB034,2,2015/02/09,2.891,
08HB034,2,2015/02/10,2.667,
08HB034,2,2015/02/11,2.301,
08HB034,2,2015/02/12,2.003,
08HB034,2,2015/02/13,1.871,
08HB034,2,2015/02/14,1.794,
08HB034,2,2015/02/15,1.681,
08HB034,2,2015/02/16,1.551,
08HB034,2,2015/02/17,1.420,
08HB034,2,2015/02/18,1.333,
08HB034,2,2015/02/19,1.260,
08HB034,2,2015/02/20,1.194,
08HB034,2,2015/02/21,1.152,
08HB034,2,2015/02/22,1.105,
08HB034,2,2015/02/23,1.071,
08HB034,2,2015/02/24,1.033,
08HB034,2,2015/02/25,0.996,
08HB034,2,2015/02/26,0.968,
08HB034,2,2015/02/27,1.125,
08HB034,2,2015/02/28,1.125,
08HB034,2,2015/03/01,1.096,
08HB034,2,2015/03/02,1.077,
08HB034,2,2015/03/03,1.043,
08HB034,2,2015/03/04,1.010,
08HB034,2,2015/03/05,0.970,
08HB034,2,2015/03/06,0.946,
08HB034,2,2015/03/07,0.926,
08HB034,2,2015/03/08,0.906,
08HB034,2,2015/03/09,0.889,
08HB034,2,2015/03/10,0.875,
08HB034,2,2015/03/11,0.870,
08HB034,2,2015/03/12,1.095,
08HB034,2,2015/03/13,1.381,
08HB034,2,2015/03/14,1.641,
08HB034,2,2015/03/15,1.825,
08HB034,2,2015/03/16,1.745,
08HB034,2,2015/03/17,1.560,
08HB034,2,2015/03/18,1.406,
08HB034,2,2015/03/19,1.328,
08HB034,2,2015/03/20,1.900,
08HB034,2,2015/03/21,2.615,
08HB034,2,2015/03/22,2.293,
08HB034,2,2015/03/23,1.930,
08HB034,2,2015/03/24,1.700,
08HB034,2,2015/03/25,1.698,
08HB034,2,2015/03/26,1.847,
08HB034,2,2015/03/27,1.773,
08HB034,2,2015/03/28,1.667,
08HB034,2,2015/03/29,1.963,
08HB034,2,2015/03/30,2.530,
08HB034,2,2015/03/31,2.476,
08HB034,2,2015/04/01,2.109,
08HB034,2,2015/04/02,1.779,
08HB034,2,2015/04/03,1.541,
08HB034,2,2015/04/04,1.438,
08HB034,2,2015/04/05,1.376,
08HB034,2,2015/04/06,1.318,
08HB034,2,2015/04/07,1.251,
08HB034,2,2015/04/08,1.173,
08HB034,2,2015/04/09,1.128,
08HB034,2,2015/04/10,1.095,
08HB034,2,2015/04/11,1.106,
08HB034,2,2015/04/12,1.086,
08HB034,2,2015/04/13,1.076,
08HB034,2,2015/04/14,1.083,
08HB034,2,2015/04/15,1.071,
08HB034,2,2015/04/16,1.031,
08HB034,2,2015/04/17,1.013,
08HB034,2,2015/04/18,1.003,
08HB034,2,2015/04/19,0.992,
08HB034,2,2015/04/20,0.971,
08HB034,2,2015/04/21,0.935,
08HB034,2,2015/04/22,0.915,
08HB034,2,2015/04/23,0.901,
08HB034,2,2015/04/24,0.906,
08HB034,2,2015/04/25,0.940,
08HB034,2,2015/04/26,0.943,
08HB034,2,2015/04/27,0.956,
08HB034,2,2015/04/28,1.008,
08HB034,2,2015/04/29,1.024,
08HB034,2,2015/04/30,1.001,
08HB034,2,2015/05/01,1.008,
08HB034,2,2015/05/02,1.004,
08HB034,2,2015/05/03,0.975,
08HB034,2,2015/05/04,0.940,
08HB034,2,2015/05/05,0.912,
08HB034,2,2015/05/06,0.888,
08HB034,2,2015/05/07,0.873,
08HB034,2,2015/05/08,0.851,
08HB034,2,2015/05/09,0.824,
08HB034,2,2015/05/10,0.799,
08HB034,2,2015/05/11,0.776,
08HB034,2,2015/05/12,0.754,
08HB034,2,2015/05/13,0.751,
08HB034,2,2015/05/14,0.759,
08HB034,2,2015/05/15,0.752,
08HB034,2,2015/05/16,0.736,
08HB034,2,2015/05/17,0.718,A
08HB034,2,2015/05/18,,
08HB034,2,2015/05/19,0.718,A
08HB034,2,2015/05/20,,
08HB034,2,2015/05/21,,
08HB034,2,2015/05/22,,
08HB034,2,2015/05/23,,
08HB034,2,2015/05/24,,
08HB034,2,2015/05/25,,
08HB034,2,2015/05/26,,
08HB034,2,2015/05/27,,
08HB034,2,2015/05/28,,
08HB034,2,2015/05/29,,
08HB034,2,2015/05/30,,
08HB034,2,2015/05/31,,
08HB034,2,2015/06/01,,
08HB034,2,2015/06/02,,
08HB034,2,2015/06/03,,
08HB034,2,2015/06/04,,
08HB034,2,2015/06/05,,
08HB034,2,2015/06/06,,
08HB034,2,2015/06/07,,
08HB034,2,2015/06/08,,
08HB034,2,2015/06/09,,
08HB034,2,2015/06/10,,
08HB034,2,2015/06/11,,
08HB034,2,2015/06/12,,
08HB034,2,2015/06/13,,
08HB034,2,2015/06/14,,
08HB034,2,2015/06/15,,
08HB034,2,2015/06/16,,
08HB034,2,2015/06/17,,
08HB034,2,2015/06/18,,
08HB034,2,2015/06/19,,
08HB034,2,2015/06/20,,
08HB034,2,2015/06/21,,
08HB034,2,2015/06/22,,
08HB034,2,2015/06/23,,
08HB034,2,2015/06/24,,
08HB034,2,2015/06/25,,
08HB034,2,2015/06/26,,
08HB034,2,2015/06/27,,
08HB034,2,2015/06/28,,
08HB034,2,2015/06/29,,
08HB034,2,2015/06/30,0.494,A
08HB034,2,2015/07/01,0.492,
08HB034,2,2015/07/02,0.500,
08HB034,2,2015/07/03,0.517,
08HB034,2,2015/07/04,0.537,
08HB034,2,2015/07/05,0.545,
08HB034,2,2015/07/06,0.564,
08HB034,2,2015/07/07,0.581,
08HB034,2,2015/07/08,0.574,
08HB034,2,2015/07/09,0.558,
08HB034,2,2015/07/10,0.554,
08HB034,2,2015/07/11,0.557,
08HB034,2,2015/07/12,0.567,
08HB034,2,2015/07/13,0.571,
08HB034,2,2015/07/14,0.568,
08HB034,2,2015/07/15,0.556,
08HB034,2,2015/07/16,0.546,
08HB034,2,2015/07/17,0.537,
08HB034,2,2015/07/18,0.537,
08HB034,2,2015/07/19,0.524,
08HB034,2,2015/07/20,0.522,
08HB034,2,2015/07/21,0.530,
08HB034,2,2015/07/22,0.522,
08HB034,2,2015/07/23,0.518,
08HB034,2,2015/07/24,0.540,
08HB034,2,2015/07/25,0.548,
08HB034,2,2015/07/26,0.541,
08HB034,2,2015/07/27,0.544,
08HB034,2,2015/07/28,0.540,
08HB034,2,2015/07/29,0.536,
08HB034,2,2015/07/30,0.528,
08HB034,2,2015/07/31,0.525,
08HB034,2,2015/08/01,0.523,
08HB034,2,2015/08/02,0.523,
08HB034,2,2015/08/03,0.524,
08HB034,2,2015/08/04,0.527,
08HB034,2,2015/08/05,0.534,
08HB034,2,2015/08/06,0.533,
08HB034,2,2015/08/07,0.531,
08HB034,2,2015/08/08,0.542,
08HB034,2,2015/08/09,0.546,
08HB034,2,2015/08/10,0.549,
08HB034,2,2015/08/11,0.555,
08HB034,2,2015/08/12,0.548,
08HB034,2,2015/08/13,0.538,
08HB034,2,2015/08/14,0.534,
08HB034,2,2015/08/15,0.534,
08HB034,2,2015/08/16,0.535,
08HB034,2,2015/08/17,0.533,
08HB034,2,2015/08/18,0.531,
08HB034,2,2015/08/19,0.527,
08HB034,2,2015/08/20,0.519,
08HB034,2,2015/08/21,0.517,
08HB034,2,2015/08/22,0.517,
08HB034,2,2015/08/23,0.518,
08HB034,2,2015/08/24,0.518,
08HB034,2,2015/08/25,0.521,
08HB034,2,2015/08/26,0.522,
08HB034,2,2015/08/27,0.522,
08HB034,2,2015/08/28,0.529,
08HB034,2,2015/08/29,0.571,
08HB034,2,2015/08/30,0.629,
08HB034,2,2015/08/31,0.817,
08HB034,2,2015/09/01,1.271,
08HB034,2,2015/09/02,1.294,
08HB034,2,2015/09/03,1.159,
08HB034,2,2015/09/04,1.059,
08HB034,2,2015/09/05,0.953,
08HB034,2,2015/09/06,0.893,
08HB034,2,2015/09/07,0.851,
08HB034,2,2015/09/08,0.803,
08HB034,2,2015/09/09,0.757,
08HB034,2,2015/09/10,0.726,
08HB034,2,2015/09/11,0.697,
08HB034,2,2015/09/12,0.668,
08HB034,2,2015/09/13,0.640,
08HB034,2,2015/09/14,0.620,
08HB034,2,2015/09/15,0.618,
08HB034,2,2015/09/16,0.622,
08HB034,2,2015/09/17,0.625,
08HB034,2,2015/09/18,0.639,
08HB034,2,2015/09/19,0.667,
08HB034,2,2015/09/20,0.873,
08HB034,2,2015/09/21,1.238,
08HB034,2,2015/09/22,1.231,
08HB034,2,2015/09/23,1.094,
08HB034,2,2015/09/24,0.989,
08HB034,2,2015/09/25,1.070,
08HB034,2,2015/09/26,1.108,
08HB034,2,2015/09/27,1.048,
08HB034,2,2015/09/28,0.968,
08HB034,2,2015/09/29,0.894,
08HB034,2,2015/09/30,0.832,
08HB034,2,2015/10/01,0.781,
08HB034,2,2015/10/02,0.737,
08HB034,2,2015/10/03,0.706,
08HB034,2,2015/10/04,0.690,
08HB034,2,2015/10/05,0.681,
08HB034,2,2015/10/06,0.672,
08HB034,2,2015/10/07,0.672,
08HB034,2,2015/10/08,0.670,
08HB034,2,2015/10/09,0.675,
08HB034,2,2015/10/10,0.829,
08HB034,2,2015/10/11,1.499,
08HB034,2,2015/10/12,1.489,
08HB034,2,2015/10/13,1.374,
08HB034,2,2015/10/14,1.249,
08HB034,2,2015/10/15,1.125,
08HB034,2,2015/10/16,1.019,
08HB034,2,2015/10/17,0.944,
08HB034,2,2015/10/18,0.895,
08HB034,2,2015/10/19,0.856,
08HB034,2,2015/10/20,0.823,
08HB034,2,2015/10/21,0.791,
08HB034,2,2015/10/22,0.765,
08HB034,2,2015/10/23,0.742,
08HB034,2,2015/10/24,0.723,
08HB034,2,2015/10/25,0.707,
08HB034,2,2015/10/26,0.696,
08HB034,2,2015/10/27,0.683,
08HB034,2,2015/10/28,0.687,
08HB034,2,2015/10/29,0.742,
08HB034,2,2015/10/30,0.840,
08HB034,2,2015/10/31,1.434,
08HB034,2,2015/11/01,2.231,
08HB034,2,2015/11/02,2.268,
08HB034,2,2015/11/03,1.902,
08HB034,2,2015/11/04,1.573,
08HB034,2,2015/11/05,1.393,
08HB034,2,2015/11/06,1.239,
08HB034,2,2015/11/07,1.867,
08HB034,2,2015/11/08,2.196,
08HB034,2,2015/11/09,1.898,
08HB034,2,2015/11/10,1.626,
08HB034,2,2015/11/11,1.663,
08HB034,2,2015/11/12,1.813,
08HB034,2,2015/11/13,3.214,
08HB034,2,2015/11/14,2.778,
08HB034,2,2015/11/15,2.137,
08HB034,2,2015/11/16,1.783,
08HB034,2,2015/11/17,2.342,
08HB034,2,2015/11/18,2.812,
08HB034,2,2015/11/19,2.234,
08HB034,2,2015/11/20,1.810,
08HB034,2,2015/11/21,1.558,
08HB034,2,2015/11/22,1.400,
08HB034,2,2015/11/23,1.302,
08HB034,2,2015/11/24,1.239,
08HB034,2,2015/11/25,1.158,
08HB034,2,2015/11/26,1.096,
08HB034,2,2015/11/27,1.047,
08HB034,2,2015/11/28,1.004,
08HB034,2,2015/11/29,0.966,
08HB034,2,2015/11/30,0.933,
08HB034,2,2015/12/01,0.930,
08HB034,2,2015/12/02,1.361,
08HB034,2,2015/12/03,2.708,
08HB034,2,2015/12/04,3.162,
08HB034,2,2015/12/05,3.096,
08HB034,2,2015/12/06,3.940,
08HB034,2,2015/12/07,4.008,
08HB034,2,2015/12/08,3.676,
08HB034,2,2015/12/09,3.611,
08HB034,2,2015/12/10,3.077,
08HB034,2,2015/12/11,2.999,
08HB034,2,2015/12/12,2.553,
08HB034,2,2015/12/13,2.847,
08HB034,2,2015/12/14,2.535,
08HB034,2,2015/12/15,2.104,
08HB034,2,2015/12/16,1.781,
08HB034,2,2015/12/17,1.609,
08HB034,2,2015/12/18,1.532,
08HB034,2,2015/12/19,1.466,
08HB034,2,2015/12/20,1.682,
08HB034,2,2015/12/21,1.734,
08HB034,2,2015/12/22,1.644,
08HB034,2,2015/12/23,1.557,
08HB034,2,2015/12/24,1.458,
08HB034,2,2015/12/25,1.363,
08HB034,2,2015/12/26,1.282,
08HB034,2,2015/12/27,1.256,
08HB034,2,2015/12/28,1.212,
08HB034,2,2015/12/29,1.165,
08HB034,2,2015/12/30,1.119,
08HB034,2,2015/12/31,1.074,
08HB034,2,2016/01/01,1.017,
08HB034,2,2016/01/02,0.987,
08HB034,2,2016/01/03,0.959,
08HB034,2,2016/01/04,0.952,
08HB034,2,2016/01/05,0.937,
08HB034,2,2016/01/06,0.932,
08HB034,2,2016/01/07,0.930,
08HB034,2,2016/01/08,0.910,
08HB034,2,2016/01/09,0.904,
08HB034,2,2016/01/10,0.896,
08HB034,2,2016/01/11,0.894,
08HB034,2,2016/01/12,1.032,
08HB034,2,2016/01/13,1.847,
08HB034,2,2016/01/14,1.895,
08HB034,2,2016/01/15,1.740,
08HB034,2,2016/01/16,1.861,
08HB034,2,2016/01/17,2.280,
08HB034,2,2016/01/18,2.517,
08HB034,2,2016/01/19,2.406,
08HB034,2,2016/01/20,2.149,
08HB034,2,2016/01/21,2.516,
08HB034,2,2016/01/22,3.320,
08HB034,2,2016/01/23,2.959,
08HB034,2,2016/01/24,2.389,
08HB034,2,2016/01/25,2.012,
08HB034,2,2016/01/26,1.884,
08HB034,2,2016/01/27,2.436,
08HB034,2,2016/01/28,4.782,
08HB034,2,2016/01/29,3.470,
08HB034,2,2016/01/30,2.614,
08HB034,2,2016/01/31,2.170,
08HB034,2,2016/02/01,1.879,
08HB034,2,2016/02/02,1.641,
08HB034,2,2016/02/03,1.533,
08HB034,2,2016/02/04,1.566,
08HB034,2,2016/02/05,1.761,
08HB034,2,2016/02/06,2.562,
08HB034,2,2016/02/07,2.306,
08HB034,2,2016/02/08,1.964,
08HB034,2,2016/02/09,1.794,
08HB034,2,2016/02/10,1.790,
08HB034,2,2016/02/11,1.927,
08HB034,2,2016/02/12,2.496,
08HB034,2,2016/02/13,2.730,
08HB034,2,2016/02/14,2.536,
08HB034,2,2016/02/15,2.442,
08HB034,2,2016/02/16,2.890,
08HB034,2,2016/02/17,2.547,
08HB034,2,2016/02/18,2.438,
08HB034,2,2016/02/19,2.312,
08HB034,2,2016/02/20,2.241,
08HB034,2,2016/02/21,2.043,
08HB034,2,2016/02/22,1.834,
08HB034,2,2016/02/23,1.647,
08HB034,2,2016/02/24,1.521,
08HB034,2,2016/02/25,1.417,
08HB034,2,2016/02/26,1.340,
08HB034,2,2016/02/27,1.305,
08HB034,2,2016/02/28,1.385,
08HB034,2,2016/02/29,1.591,
08HB034,2,2016/03/01,2.020,
08HB034,2,2016/03/02,2.804,
08HB034,2,2016/03/03,2.837,
08HB034,2,2016/03/04,2.704,
08HB034,2,2016/03/05,3.127,
08HB034,2,2016/03/06,2.979,
08HB034,2,2016/03/07,2.803,
08HB034,2,2016/03/08,2.368,
08HB034,2,2016/03/09,2.100,
08HB034,2,2016/03/10,3.485,
08HB034,2,2016/03/11,3.282,
08HB034,2,2016/03/12,2.604,
08HB034,2,2016/03/13,2.325,
08HB034,2,2016/03/14,2.195,
08HB034,2,2016/03/15,1.973,
08HB034,2,2016/03/16,1.777,
08HB034,2,2016/03/17,1.604,
08HB034,2,2016/03/18,1.490,
08HB034,2,2016/03/19,1.400,
08HB034,2,2016/03/20,1.344,
08HB034,2,2016/03/21,1.414,
08HB034,2,2016/03/22,1.575,
08HB034,2,2016/03/23,1.604,
08HB034,2,2016/03/24,1.801,
08HB034,2,2016/03/25,1.800,
08HB034,2,2016/03/26,1.655,
08HB034,2,2016/03/27,1.557,
08HB034,2,2016/03/28,1.493,
08HB034,2,2016/03/29,1.420,
08HB034,2,2016/03/30,1.354,
08HB034,2,2016/03/31,1.351,
08HB034,2,2016/04/01,1.429,
08HB034,2,2016/04/02,1.468,
08HB034,2,2016/04/03,1.431,
08HB034,2,2016/04/04,1.435,
08HB034,2,2016/04/05,1.425,
08HB034,2,2016/04/06,1.387,
08HB034,2,2016/04/07,1.397,
08HB034,2,2016/04/08,1.421,
08HB034,2,2016/04/09,1.423,
08HB034,2,2016/04/10,1.362,
08HB034,2,2016/04/11,1.292,
08HB034,2,2016/04/12,1.229,
08HB034,2,2016/04/13,1.251,
08HB034,2,2016/04/14,1.251,
08HB034,2,2016/04/15,1.209,
08HB034,2,2016/04/16,1.157,
08HB034,2,2016/04/17,1.117,
08HB034,2,2016/04/18,1.116,
08HB034,2,2016/04/19,1.162,
08HB034,2,2016/04/20,1.231,
08HB034,2,2016/04/21,1.259,
08HB034,2,2016/04/22,1.224,
08HB034,2,2016/04/23,1.170,
08HB034,2,2016/04/24,1.128,
08HB034,2,2016/04/25,1.093,
08HB034,2,2016/04/26,1.043,
08HB034,2,2016/04/27,0.985,
08HB034,2,2016/04/28,0.930,
08HB034,2,2016/04/29,0.894,
08HB034,2,2016/04/30,0.867,
08HB034,2,2016/05/01,0.852,
08HB034,2,2016/05/02,0.848,
08HB034,2,2016/05/03,0.883,
08HB034,2,2016/05/04,0.900,
08HB034,2,2016/05/05,0.886,
08HB034,2,2016/05/06,0.853,
08HB034,2,2016/05/07,0.823,
08HB034,2,2016/05/08,0.822,
08HB034,2,2016/05/09,0.809,
08HB034,2,2016/05/10,0.785,
08HB034,2,2016/05/11,0.764,
08HB034,2,2016/05/12,0.754,
08HB034,2,2016/05/13,0.740,
08HB034,2,2016/05/14,0.735,
08HB034,2,2016/05/15,0.740,
08HB034,2,2016/05/16,0.742,
08HB034,2,2016/05/17,0.732,
08HB034,2,2016/05/18,0.723,
08HB034,2,2016/05/19,0.718,
08HB034,2,2016/05/20,0.702,
08HB034,2,2016/05/21,0.681,
08HB034,2,2016/05/22,0.672,
08HB034,2,2016/05/23,0.647,
08HB034,2,2016/05/24,0.636,
08HB034,2,2016/05/25,0.624,
08HB034,2,2016/05/26,0.618,
08HB034,2,2016/05/27,0.622,
08HB034,2,2016/05/28,0.625,
08HB034,2,2016/05/29,0.676,
08HB034,2,2016/05/30,0.670,
08HB034,2,2016/05/31,0.670,
08HB034,2,2016/06/01,0.663,
08HB034,2,2016/06/02,0.684,
08HB034,2,2016/06/03,0.688,
08HB034,2,2016/06/04,0.683,
08HB034,2,2016/06/05,0.677,
08HB034,2,2016/06/06,0.672,
08HB034,2,2016/06/07,0.657,
08HB034,2,2016/06/08,0.635,
08HB034,2,2016/06/09,0.611,
08HB034,2,2016/06/10,0.599,
08HB034,2,2016/06/11,0.587,
08HB034,2,2016/06/12,0.559,
08HB034,2,2016/06/13,0.538,
08HB034,2,2016/06/14,0.528,
08HB034,2,2016/06/15,0.539,
08HB034,2,2016/06/16,0.548,
08HB034,2,2016/06/17,0.565,
08HB034,2,2016/06/18,0.560,
08HB034,2,2016/06/19,0.553,
08HB034,2,2016/06/20,0.540,
08HB034,2,2016/06/21,0.531,
08HB034,2,2016/06/22,0.535,
08HB034,2,2016/06/23,0.577,
08HB034,2,2016/06/24,0.617,
08HB034,2,2016/06/25,0.607,
08HB034,2,2016/06/26,0.599,
08HB034,2,2016/06/27,0.584,
08HB034,2,2016/06/28,0.569,
08HB034,2,2016/06/29,0.558,
08HB034,2,2016/06/30,0.561,
08HB034,2,2016/07/01,0.565,
08HB034,2,2016/07/02,0.565,
08HB034,2,2016/07/03,0.558,
08HB034,2,2016/07/04,0.546,
08HB034,2,2016/07/05,0.545,
08HB034,2,2016/07/06,0.543,
08HB034,2,2016/07/07,0.557,
08HB034,2,2016/07/08,0.588,
08HB034,2,2016/07/09,0.639,
08HB034,2,2016/07/10,0.669,
08HB034,2,2016/07/11,0.670,
08HB034,2,2016/07/12,0.666,
08HB034,2,2016/07/13,0.663,
08HB034,2,2016/07/14,0.656,
08HB034,2,2016/07/15,0.655,
08HB034,2,2016/07/16,0.646,
08HB034,2,2016/07/17,0.643,
08HB034,2,2016/07/18,0.636,
08HB034,2,2016/07/19,0.653,
08HB034,2,2016/07/20,0.648,
08HB034,2,2016/07/21,0.644,
08HB034,2,2016/07/22,0.639,
08HB034,2,2016/07/23,0.621,
08HB034,2,2016/07/24,0.617,
08HB034,2,2016/07/25,0.606,
08HB034,2,2016/07/26,0.599,
08HB034,2,2016/07/27,0.594,
08HB034,2,2016/07/28,0.587,
08HB034,2,2016/07/29,0.590,
08HB034,2,2016/07/30,0.599,
08HB034,2,2016/07/31,0.611,
08HB034,2,2016/08/01,0.619,
08HB034,2,2016/08/02,0.632,
08HB034,2,2016/08/03,0.646,
08HB034,2,2016/08/04,0.640,
08HB034,2,2016/08/05,0.629,
08HB034,2,2016/08/06,0.622,
08HB034,2,2016/08/07,0.624,
08HB034,2,2016/08/08,0.633,
08HB034,2,2016/08/09,0.632,
08HB034,2,2016/08/10,0.634,
08HB034,2,2016/08/11,0.628,
08HB034,2,2016/08/12,0.615,
08HB034,2,2016/08/13,0.606,
08HB034,2,2016/08/14,0.600,
08HB034,2,2016/08/15,0.592,
08HB034,2,2016/08/16,0.590,
08HB034,2,2016/08/17,0.586,
08HB034,2,2016/08/18,0.586,
08HB034,2,2016/08/19,0.587,
08HB034,2,2016/08/20,0.593,
08HB034,2,2016/08/21,0.600,
08HB034,2,2016/08/22,0.621,
08HB034,2,2016/08/23,0.641,
08HB034,2,2016/08/24,0.651,
08HB034,2,2016/08/25,0.653,
08HB034,2,2016/08/26,0.651,
08HB034,2,2016/08/27,0.648,
08HB034,2,2016/08/28,0.648,
08HB034,2,2016/08/29,0.651,
08HB034,2,2016/08/30,0.652,
08HB034,2,2016/08/31,0.665,
08HB034,2,2016/09/01,0.674,
08HB034,2,2016/09/02,0.690,
08HB034,2,2016/09/03,0.710,
08HB034,2,2016/09/04,0.704,
08HB034,2,2016/09/05,0.692,
08HB034,2,2016/09/06,0.681,
08HB034,2,2016/09/07,0.674,
08HB034,2,2016/09/08,0.666,
08HB034,2,2016/09/09,0.655,
08HB034,2,2016/09/10,0.646,
08HB034,2,2016/09/11,0.628,
08HB034,2,2016/09/12,0.606,
08HB034,2,2016/09/13,0.590,
08HB034,2,2016/09/14,0.577,
08HB034,2,2016/09/15,0.570,
08HB034,2,2016/09/16,0.571,
08HB034,2,2016/09/17,0.580,
08HB034,2,2016/09/18,0.586,
08HB034,2,2016/09/19,0.618,
08HB034,2,2016/09/20,0.652,
08HB034,2,2016/09/21,0.655,
08HB034,2,2016/09/22,0.650,
08HB034,2,2016/09/23,0.643,
08HB034,2,2016/09/24,0.639,
08HB034,2,2016/09/25,0.640,
08HB034,2,2016/09/26,0.630,
08HB034,2,2016/09/27,0.621,
08HB034,2,2016/09/28,0.610,
08HB034,2,2016/09/29,0.602,
08HB034,2,2016/09/30,0.595,
08HB034,2,2016/10/01,0.596,
08HB034,2,2016/10/02,0.619,
08HB034,2,2016/10/03,0.626,
08HB034,2,2016/10/04,0.655,
08HB034,2,2016/10/05,0.847,
08HB034,2,2016/10/06,1.059,
08HB034,2,2016/10/07,1.205,
08HB034,2,2016/10/08,1.430,
08HB034,2,2016/10/09,1.659,
08HB034,2,2016/10/10,1.461,
08HB034,2,2016/10/11,1.259,
08HB034,2,2016/10/12,1.115,
08HB034,2,2016/10/13,1.516,
08HB034,2,2016/10/14,2.743,
08HB034,2,2016/10/15,3.064,
08HB034,2,2016/10/16,3.313,
08HB034,2,2016/10/17,2.871,
08HB034,2,2016/10/18,2.308,
08HB034,2,2016/10/19,1.950,
08HB034,2,2016/10/20,1.901,
08HB034,2,2016/10/21,2.009,
08HB034,2,2016/10/22,2.161,
08HB034,2,2016/10/23,1.971,
08HB034,2,2016/10/24,1.801,
08HB034,2,2016/10/25,1.855,
08HB034,2,2016/10/26,2.202,
08HB034,2,2016/10/27,2.543,
08HB034,2,2016/10/28,2.408,
08HB034,2,2016/10/29,2.065,
08HB034,2,2016/10/30,1.839,
08HB034,2,2016/10/31,1.741,
08HB034,2,2016/11/01,1.686,
08HB034,2,2016/11/02,2.741,
08HB034,2,2016/11/03,3.641,
08HB034,2,2016/11/04,2.728,
08HB034,2,2016/11/05,2.575,
08HB034,2,2016/11/06,2.547,
08HB034,2,2016/11/07,2.518,
08HB034,2,2016/11/08,2.887,
08HB034,2,2016/11/09,3.377,
08HB034,2,2016/11/10,2.707,
08HB034,2,2016/11/11,2.144,
08HB034,2,2016/11/12,1.999,
08HB034,2,2016/11/13,2.120,
08HB034,2,2016/11/14,2.548,
08HB034,2,2016/11/15,2.291,
08HB034,2,2016/11/16,1.979,
08HB034,2,2016/11/17,1.772,
08HB034,2,2016/11/18,1.600,
08HB034,2,2016/11/19,1.523,
08HB034,2,2016/11/20,1.778,
08HB034,2,2016/11/21,2.164,
08HB034,2,2016/11/22,2.273,
08HB034,2,2016/11/23,2.397,
08HB034,2,2016/11/24,2.723,
08HB034,2,2016/11/25,2.600,
08HB034,2,2016/11/26,2.388,
08HB034,2,2016/11/27,2.159,
08HB034,2,2016/11/28,1.978,
08HB034,2,2016/11/29,1.763,
08HB034,2,2016/11/30,1.767,
08HB034,2,2016/12/01,1.739,
08HB034,2,2016/12/02,1.714,
08HB034,2,2016/12/03,1.949,
08HB034,2,2016/12/04,1.922,
08HB034,2,2016/12/05,1.754,
08HB034,2,2016/12/06,1.604,
08HB034,2,2016/12/07,1.453,
08HB034,2,2016/12/08,1.344,
08HB034,2,2016/12/09,1.278,
08HB034,2,2016/12/10,1.234,
08HB034,2,2016/12/11,1.202,
08HB034,2,2016/12/12,1.187,
08HB034,2,2016/12/13,1.133,
08HB034,2,2016/12/14,1.085,
08HB034,2,2016/12/15,1.039,
08HB034,2,2016/12/16,0.999,
08HB034,2,2016/12/17,0.968,
08HB034,2,2016/12/18,0.958,
08HB034,2,2016/12/19,1.024,
08HB034,2,2016/12/20,1.158,
08HB034,2,2016/12/21,1.222,
08HB034,2,2016/12/22,1.227,
08HB034,2,2016/12/23,1.228,
08HB034,2,2016/12/24,1.197,
08HB034,2,2016/12/25,1.155,
08HB034,2,2016/12/26,1.123,
08HB034,2,2016/12/27,1.156,
08HB034,2,2016/12/28,1.134,
08HB034,2,2016/12/29,1.153,
08HB034,2,2016/12/30,1.211,
08HB034,2,2016/12/31,1.193,
08HB034,2,2017/01/01,1.160,
08HB034,2,2017/01/02,1.109,
08HB034,2,2017/01/03,1.051,
08HB034,2,2017/01/04,1.013,
08HB034,2,2017/01/05,0.974,
08HB034,2,2017/01/06,0.968,
08HB034,2,2017/01/07,0.946,
08HB034,2,2017/01/08,0.932,
08HB034,2,2017/01/09,0.943,
08HB034,2,2017/01/10,0.931,
08HB034,2,2017/01/11,0.905,
08HB034,2,2017/01/12,0.865,
08HB034,2,2017/01/13,0.858,
08HB034,2,2017/01/14,0.846,
08HB034,2,2017/01/15,0.835,
08HB034,2,2017/01/16,0.828,
08HB034,2,2017/01/17,1.188,
08HB034,2,2017/01/18,3.578,
08HB034,2,2017/01/19,3.625,
08HB034,2,2017/01/20,2.779,
08HB034,2,2017/01/21,2.241,
08HB034,2,2017/01/22,1.946,
08HB034,2,2017/01/23,1.767,
08HB034,2,2017/01/24,1.629,
08HB034,2,2017/01/25,1.510,
08HB034,2,2017/01/26,1.414,
08HB034,2,2017/01/27,1.335,
08HB034,2,2017/01/28,1.265,
08HB034,2,2017/01/29,1.239,
08HB034,2,2017/01/30,1.316,
08HB034,2,2017/01/31,1.359,
08HB034,2,2017/02/01,1.334,
08HB034,2,2017/02/02,1.283,
08HB034,2,2017/02/03,1.234,
08HB034,2,2017/02/04,1.211,
08HB034,2,2017/02/05,1.177,
08HB034,2,2017/02/06,1.136,
08HB034,2,2017/02/07,1.095,
08HB034,2,2017/02/08,1.061,
08HB034,2,2017/02/09,1.145,
08HB034,2,2017/02/10,1.912,
08HB034,2,2017/02/11,2.032,
08HB034,2,2017/02/12,1.815,
08HB034,2,2017/02/13,1.624,
08HB034,2,2017/02/14,1.499,
08HB034,2,2017/02/15,2.702,
08HB034,2,2017/02/16,4.125,
08HB034,2,2017/02/17,3.197,
08HB034,2,2017/02/18,2.436,
08HB034,2,2017/02/19,2.046,
08HB034,2,2017/02/20,1.833,
08HB034,2,2017/02/21,1.642,
08HB034,2,2017/02/22,1.527,
08HB034,2,2017/02/23,1.428,
08HB034,2,2017/02/24,1.354,
08HB034,2,2017/02/25,1.288,
08HB034,2,2017/02/26,1.251,
08HB034,2,2017/02/27,1.209,
08HB034,2,2017/02/28,1.161,
08HB034,2,2017/03/01,1.128,
08HB034,2,2017/03/02,1.106,
08HB034,2,2017/03/03,1.188,
08HB034,2,2017/03/04,1.330,
08HB034,2,2017/03/05,1.346,
08HB034,2,2017/03/06,1.289,
08HB034,2,2017/03/07,1.220,
08HB034,2,2017/03/08,1.171,
08HB034,2,2017/03/09,1.134,
08HB034,2,2017/03/10,1.141,
08HB034,2,2017/03/11,1.198,
08HB034,2,2017/03/12,1.502,
08HB034,2,2017/03/13,2.165,
08HB034,2,2017/03/14,2.510,
08HB034,2,2017/03/15,2.643,
08HB034,2,2017/03/16,2.440,
08HB034,2,2017/03/17,2.249,
08HB034,2,2017/03/18,2.100,
08HB034,2,2017/03/19,1.898,
08HB034,2,2017/03/20,1.709,
08HB034,2,2017/03/21,1.596,
08HB034,2,2017/03/22,1.850,
08HB034,2,2017/03/23,2.213,
08HB034,2,2017/03/24,2.362,
08HB034,2,2017/03/25,2.473,
08HB034,2,2017/03/26,2.230,
08HB034,2,2017/03/27,2.053,
08HB034,2,2017/03/28,2.098,
08HB034,2,2017/03/29,2.774,
08HB034,2,2017/03/30,2.712,
08HB034,2,2017/03/31,2.268,
08HB034,2,2017/04/01,1.978,
08HB034,2,2017/04/02,1.842,
08HB034,2,2017/04/03,1.730,
08HB034,2,2017/04/04,1.610,
08HB034,2,2017/04/05,2.039,
08HB034,2,2017/04/06,2.281,
08HB034,2,2017/04/07,2.350,
08HB034,2,2017/04/08,2.663,
08HB034,2,2017/04/09,2.407,
08HB034,2,2017/04/10,2.093,
08HB034,2,2017/04/11,1.897,
08HB034,2,2017/04/12,1.792,
08HB034,2,2017/04/13,1.842,
08HB034,2,2017/04/14,1.863,
08HB034,2,2017/04/15,1.793,
08HB034,2,2017/04/16,1.702,
08HB034,2,2017/04/17,1.629,
08HB034,2,2017/04/18,1.837,
08HB034,2,2017/04/19,2.226,
08HB034,2,2017/04/20,2.336,
08HB034,2,2017/04/21,2.136,
08HB034,2,2017/04/22,1.943,
08HB034,2,2017/04/23,1.990,
08HB034,2,2017/04/24,2.036,
08HB034,2,2017/04/25,1.891,
08HB034,2,2017/04/26,1.771,
08HB034,2,2017/04/27,1.703,
08HB034,2,2017/04/28,1.642,
08HB034,2,2017/04/29,1.557,
08HB034,2,2017/04/30,1.499,
08HB034,2,2017/05/01,1.439,
08HB034,2,2017/05/02,1.378,
08HB034,2,2017/05/03,1.426,
08HB034,2,2017/05/04,1.690,
08HB034,2,2017/05/05,1.950,
08HB034,2,2017/05/06,1.910,
08HB034,2,2017/05/07,1.699,
08HB034,2,2017/05/08,1.512,
08HB034,2,2017/05/09,1.383,
08HB034,2,2017/05/10,1.363,
08HB034,2,2017/05/11,1.450,
08HB034,2,2017/05/12,1.556,
08HB034,2,2017/05/13,1.511,
08HB034,2,2017/05/14,1.419,
08HB034,2,2017/05/15,1.353,
08HB034,2,2017/05/16,1.347,
08HB034,2,2017/05/17,1.314,
08HB034,2,2017/05/18,1.286,
08HB034,2,2017/05/19,1.313,
08HB034,2,2017/05/20,1.355,
08HB034,2,2017/05/21,1.422,
08HB034,2,2017/05/22,1.502,
08HB034,2,2017/05/23,1.579,
08HB034,2,2017/05/24,1.558,
08HB034,2,2017/05/25,1.430,
08HB034,2,2017/05/26,1.331,
08HB034,2,2017/05/27,1.352,
08HB034,2,2017/05/28,1.403,
08HB034,2,2017/05/29,1.438,
08HB034,2,2017/05/30,1.477,
08HB034,2,2017/05/31,1.419,
08HB034,2,2017/06/01,1.306,
08HB034,2,2017/06/02,1.263,
08HB034,2,2017/06/03,1.237,
08HB034,2,2017/06/04,1.184,
08HB034,2,2017/06/05,1.121,
08HB034,2,2017/06/06,1.047,
08HB034,2,2017/06/07,1.024,
08HB034,2,2017/06/08,1.070,
08HB034,2,2017/06/09,1.113,
08HB034,2,2017/06/10,1.083,
08HB034,2,2017/06/11,1.027,
08HB034,2,2017/06/12,0.982,A
08HB034,2,2017/06/13,,
08HB034,2,2017/06/14,,
08HB034,2,2017/06/15,0.917,A
08HB034,2,2017/06/16,,
08HB034,2,2017/06/17,,
08HB034,2,2017/06/18,,
08HB034,2,2017/06/19,1.135,A
08HB034,2,2017/06/20,1.105,
08HB034,2,2017/06/21,1.057,
08HB034,2,2017/06/22,0.994,
08HB034,2,2017/06/23,0.946,
08HB034,2,2017/06/24,0.902,
08HB034,2,2017/06/25,0.884,
08HB034,2,2017/06/26,0.871,
08HB034,2,2017/06/27,0.849,
08HB034,2,2017/06/28,0.823,
08HB034,2,2017/06/29,0.796,
08HB034,2,2017/06/30,0.774,
08HB034,2,2017/07/01,0.757,
08HB034,2,2017/07/02,0.740,
08HB034,2,2017/07/03,0.723,
08HB034,2,2017/07/04,0.695,
08HB034,2,2017/07/05,0.677,
08HB034,2,2017/07/06,0.661,
08HB034,2,2017/07/07,0.656,
08HB034,2,2017/07/08,0.650,
08HB034,2,2017/07/09,0.643,
08HB034,2,2017/07/10,0.635,
08HB034,2,2017/07/11,0.628,
08HB034,2,2017/07/12,0.622,
08HB034,2,2017/07/13,0.627,
08HB034,2,2017/07/14,0.634,
08HB034,2,2017/07/15,0.650,
08HB034,2,2017/07/16,0.652,
08HB034,2,2017/07/17,0.659,
08HB034,2,2017/07/18,0.656,
08HB034,2,2017/07/19,0.653,
08HB034,2,2017/07/20,0.660,
08HB034,2,2017/07/21,0.654,
08HB034,2,2017/07/22,0.664,
08HB034,2,2017/07/23,0.666,
08HB034,2,2017/07/24,0.654,
08HB034,2,2017/07/25,0.645,
08HB034,2,2017/07/26,0.639,
08HB034,2,2017/07/27,0.638,
08HB034,2,2017/07/28,0.644,
08HB034,2,2017/07/29,0.650,
08HB034,2,2017/07/30,0.652,
08HB034,2,2017/07/31,0.651,
08HB034,2,2017/08/01,0.648,
08HB034,2,2017/08/02,0.643,
08HB034,2,2017/08/03,0.639,
08HB034,2,2017/08/04,0.638,
08HB034,2,2017/08/05,0.647,
08HB034,2,2017/08/06,0.656,
08HB034,2,2017/08/07,0.661,
08HB034,2,2017/08/08,0.659,
08HB034,2,2017/08/09,0.658,
08HB034,2,2017/08/10,0.657,
08HB034,2,2017/08/11,0.654,
08HB034,2,2017/08/12,0.652,
08HB034,2,2017/08/13,0.655,
08HB034,2,2017/08/14,0.649,
08HB034,2,2017/08/15,0.646,
08HB034,2,2017/08/16,0.643,
08HB034,2,2017/08/17,0.641,
08HB034,2,2017/08/18,0.644,
08HB034,2,2017/08/19,0.637,
08HB034,2,2017/08/20,0.636,
08HB034,2,2017/08/21,0.636,
08HB034,2,2017/08/22,0.634,
08HB034,2,2017/08/23,0.631,
08HB034,2,2017/08/24,0.663,
08HB034,2,2017/08/25,0.642,
08HB034,2,2017/08/26,0.640,
08HB034,2,2017/08/27,0.639,
08HB034,2,2017/08/28,0.633,
08HB034,2,2017/08/29,0.629,
08HB034,2,2017/08/30,0.629,
08HB034,2,2017/08/31,0.632,
08HB034,2,2017/09/01,0.632,
08HB034,2,2017/09/02,0.631,
08HB034,2,2017/09/03,0.632,
08HB034,2,2017/09/04,0.629,
08HB034,2,2017/09/05,0.624,
08HB034,2,2017/09/06,0.628,
08HB034,2,2017/09/07,0.630,
08HB034,2,2017/09/08,0.634,
08HB034,2,2017/09/09,0.644,
08HB034,2,2017/09/10,0.653,
08HB034,2,2017/09/11,0.650,
08HB034,2,2017/09/12,0.648,
08HB034,2,2017/09/13,0.637,
08HB034,2,2017/09/14,0.630,
08HB034,2,2017/09/15,0.624,
08HB034,2,2017/09/16,0.623,
08HB034,2,2017/09/17,0.630,
08HB034,2,2017/09/18,0.646,
08HB034,2,2017/09/19,0.664,
08HB034,2,2017/09/20,0.669,
08HB034,2,2017/09/21,0.657,
08HB034,2,2017/09/22,0.644,
08HB034,2,2017/09/23,0.635,
08HB034,2,2017/09/24,0.624,
08HB034,2,2017/09/25,0.624,
08HB034,2,2017/09/26,0.622,
08HB034,2,2017/09/27,0.617,
08HB034,2,2017/09/28,0.611,
08HB034,2,2017/09/29,0.612,
08HB034,2,2017/09/30,0.615,
08HB034,2,2017/10/01,0.621,
08HB034,2,2017/10/02,0.613,
08HB034,2,2017/10/03,0.609,
08HB034,2,2017/10/04,0.655,
08HB034,2,2017/10/05,0.888,
08HB034,2,2017/10/06,0.798,
08HB034,2,2017/10/07,0.595,
08HB034,2,2017/10/08,0.587,
08HB034,2,2017/10/09,0.573,
08HB034,2,2017/10/10,0.564,
08HB034,2,2017/10/11,0.554,
08HB034,2,2017/10/12,0.543,
08HB034,2,2017/10/13,0.561,
08HB034,2,2017/10/14,0.534,
08HB034,2,2017/10/15,0.528,
08HB034,2,2017/10/16,0.528,
08HB034,2,2017/10/17,0.876,
08HB034,2,2017/10/18,1.472,
08HB034,2,2017/10/19,2.236,
08HB034,2,2017/10/20,2.122,
08HB034,2,2017/10/21,1.791,
08HB034,2,2017/10/22,2.276,
08HB034,2,2017/10/23,2.075,
08HB034,2,2017/10/24,1.704,
08HB034,2,2017/10/25,1.435,
08HB034,2,2017/10/26,1.261,
08HB034,2,2017/10/27,1.137,
08HB034,2,2017/10/28,1.046,
08HB034,2,2017/10/29,0.976,
08HB034,2,2017/10/30,0.921,
08HB034,2,2017/10/31,0.877,
08HB034,2,2017/11/01,0.843,
08HB034,2,2017/11/02,0.827,
08HB034,2,2017/11/03,0.811,
08HB034,2,2017/11/04,0.752,
08HB034,2,2017/11/05,0.735,
08HB034,2,2017/11/06,0.710,
08HB034,2,2017/11/07,0.688,
08HB034,2,2017/11/08,0.663,
08HB034,2,2017/11/09,0.670,
08HB034,2,2017/11/10,0.683,
08HB034,2,2017/11/11,0.698,
08HB034,2,2017/11/12,1.029,
08HB034,2,2017/11/13,2.223,
08HB034,2,2017/11/14,2.851,
08HB034,2,2017/11/15,3.275,
08HB034,2,2017/11/16,2.657,
08HB034,2,2017/11/17,2.187,
08HB034,2,2017/11/18,1.883,
08HB034,2,2017/11/19,2.794,
08HB034,2,2017/11/20,3.771,
08HB034,2,2017/11/21,2.928,
08HB034,2,2017/11/22,3.575,
08HB034,2,2017/11/23,4.264,
08HB034,2,2017/11/24,3.239,
08HB034,2,2017/11/25,3.163,
08HB034,2,2017/11/26,3.568,
08HB034,2,2017/11/27,3.023,
08HB034,2,2017/11/28,2.411,
08HB034,2,2017/11/29,2.154,
08HB034,2,2017/11/30,2.216,
08HB034,2,2017/12/01,2.299,
08HB034,2,2017/12/02,2.193,
08HB034,2,2017/12/03,1.988,
08HB034,2,2017/12/04,1.768,
08HB034,2,2017/12/05,1.526,
08HB034,2,2017/12/06,1.395,
08HB034,2,2017/12/07,1.303,
08HB034,2,2017/12/08,1.235,
08HB034,2,2017/12/09,1.183,
08HB034,2,2017/12/10,1.142,
08HB034,2,2017/12/11,1.111,
08HB034,2,2017/12/12,1.085,
08HB034,2,2017/12/13,1.066,
08HB034,2,2017/12/14,1.046,
08HB034,2,2017/12/15,1.026,
08HB034,2,2017/12/16,1.010,
08HB034,2,2017/12/17,1.006,
08HB034,2,2017/12/18,1.221,
08HB034,2,2017/12/19,1.393,
08HB034,2,2017/12/20,1.374,
08HB034,2,2017/12/21,1.277,
08HB034,2,2017/12/22,1.194,
08HB034,2,2017/12/23,1.126,
08HB034,2,2017/12/24,1.072,
08HB034,2,2017/12/25,1.038,
08HB034,2,2017/12/26,1.002,
08HB034,2,2017/12/27,0.974,
08HB034,2,2017/12/28,1.011,
08HB034,2,2017/12/29,1.429,
08HB034,2,2017/12/30,1.600,
08HB034,2,2017/12/31,1.555,
08HB034,2,2018/01/01,1.441,
08HB034,2,2018/01/02,1.334,
08HB034,2,2018/01/03,1.255,
08HB034,2,2018/01/04,1.201,
08HB034,2,2018/01/05,1.356,
08HB034,2,2018/01/06,1.895,
08HB034,2,2018/01/07,1.932,
08HB034,2,2018/01/08,2.013,
08HB034,2,2018/01/09,2.064,
08HB034,2,2018/01/10,1.948,
08HB034,2,2018/01/11,1.813,
08HB034,2,2018/01/12,1.746,
08HB034,2,2018/01/13,1.769,
08HB034,2,2018/01/14,1.847,
08HB034,2,2018/01/15,1.863,
08HB034,2,2018/01/16,1.920,
08HB034,2,2018/01/17,2.517,
08HB034,2,2018/01/18,3.537,
08HB034,2,2018/01/19,3.052,
08HB034,2,2018/01/20,2.528,
08HB034,2,2018/01/21,3.242,
08HB034,2,2018/01/22,3.033,
08HB034,2,2018/01/23,2.501,
08HB034,2,2018/01/24,2.294,
08HB034,2,2018/01/25,2.202,
08HB034,2,2018/01/26,1.989,
08HB034,2,2018/01/27,1.841,
08HB034,2,2018/01/28,2.155,
08HB034,2,2018/01/29,4.791,
08HB034,2,2018/01/30,3.819,
08HB034,2,2018/01/31,2.724,
08HB034,2,2018/02/01,2.196,
08HB034,2,2018/02/02,1.988,
08HB034,2,2018/02/03,1.961,
08HB034,2,2018/02/04,2.058,
08HB034,2,2018/02/05,2.148,
08HB034,2,2018/02/06,2.015,
08HB034,2,2018/02/07,1.839,
08HB034,2,2018/02/08,1.826,
08HB034,2,2018/02/09,1.849,
08HB034,2,2018/02/10,1.729,
08HB034,2,2018/02/11,1.581,
08HB034,2,2018/02/12,1.457,
08HB034,2,2018/02/13,1.360,
08HB034,2,2018/02/14,1.264,
08HB034,2,2018/02/15,1.203,
08HB034,2,2018/02/16,1.150,
08HB034,2,2018/02/17,1.134,
08HB034,2,2018/02/18,1.160,
08HB034,2,2018/02/19,1.113,
08HB034,2,2018/02/20,1.078,
08HB034,2,2018/02/21,1.045,
08HB034,2,2018/02/22,1.021,
08HB034,2,2018/02/23,0.994,
08HB034,2,2018/02/24,0.970,
08HB034,2,2018/02/25,0.963,
08HB034,2,2018/02/26,0.949,
08HB034,2,2018/02/27,0.934,
08HB034,2,2018/02/28,0.942,
08HB034,2,2018/03/01,1.062,
08HB034,2,2018/03/02,1.082,
08HB034,2,2018/03/03,1.081,
08HB034,2,2018/03/04,1.064,
08HB034,2,2018/03/05,1.038,
08HB034,2,2018/03/06,1.014,
08HB034,2,2018/03/07,0.995,
08HB034,2,2018/03/08,0.997,
08HB034,2,2018/03/09,1.025,
08HB034,2,2018/03/10,1.023,
08HB034,2,2018/03/11,1.014,
08HB034,2,2018/03/12,1.011,
08HB034,2,2018/03/13,1.050,
08HB034,2,2018/03/14,1.167,
08HB034,2,2018/03/15,1.222,
08HB034,2,2018/03/16,1.216,
08HB034,2,2018/03/17,1.186,
08HB034,2,2018/03/18,1.168,
08HB034,2,2018/03/19,1.139,
08HB034,2,2018/03/20,1.113,
08HB034,2,2018/03/21,1.089,
08HB034,2,2018/03/22,1.117,
08HB034,2,2018/03/23,1.137,
08HB034,2,2018/03/24,1.125,
08HB034,2,2018/03/25,1.100,
08HB034,2,2018/03/26,1.087,
08HB034,2,2018/03/27,1.137,
08HB034,2,2018/03/28,1.292,
08HB034,2,2018/03/29,1.371,
08HB034,2,2018/03/30,1.351,
08HB034,2,2018/03/31,1.377,
08HB034,2,2018/04/01,1.372,
08HB034,2,2018/04/02,1.319,
08HB034,2,2018/04/03,1.240,
08HB034,2,2018/04/04,1.159,
08HB034,2,2018/04/05,1.220,
08HB034,2,2018/04/06,1.518,
08HB034,2,2018/04/07,1.914,
08HB034,2,2018/04/08,2.387,
08HB034,2,2018/04/09,2.239,
08HB034,2,2018/04/10,2.025,
08HB034,2,2018/04/11,2.192,
08HB034,2,2018/04/12,2.342,
08HB034,2,2018/04/13,2.221,
08HB034,2,2018/04/14,2.684,
08HB034,2,2018/04/15,2.340,
08HB034,2,2018/04/16,2.023,
08HB034,2,2018/04/17,1.845,
08HB034,2,2018/04/18,1.682,
08HB034,2,2018/04/19,1.548,
08HB034,2,2018/04/20,1.442,
08HB034,2,2018/04/21,1.421,
08HB034,2,2018/04/22,1.401,
08HB034,2,2018/04/23,1.353,
08HB034,2,2018/04/24,1.284,
08HB034,2,2018/04/25,1.285,
08HB034,2,2018/04/26,1.367,
08HB034,2,2018/04/27,1.531,
08HB034,2,2018/04/28,1.663,
08HB034,2,2018/04/29,1.638,
08HB034,2,2018/04/30,1.601,
08HB034,2,2018/05/01,1.518,
08HB034,2,2018/05/02,1.446,
08HB034,2,2018/05/03,1.431,
08HB034,2,2018/05/04,1.479,
08HB034,2,2018/05/05,1.429,
08HB034,2,2018/05/06,1.395,
08HB034,2,2018/05/07,1.432,
08HB034,2,2018/05/08,1.460,
08HB034,2,2018/05/09,1.548,
08HB034,2,2018/05/10,1.568,
08HB034,2,2018/05/11,1.456,
08HB034,2,2018/05/12,1.358,
08HB034,2,2018/05/13,1.327,
08HB034,2,2018/05/14,1.329,
08HB034,2,2018/05/15,1.319,
08HB034,2,2018/05/16,1.295,
08HB034,2,2018/05/17,1.249,
08HB034,2,2018/05/18,1.196,
08HB034,2,2018/05/19,1.163,
08HB034,2,2018/05/20,1.162,
08HB034,2,2018/05/21,1.115,
08HB034,2,2018/05/22,1.061,
08HB034,2,2018/05/23,1.017,
08HB034,2,2018/05/24,0.991,
08HB034,2,2018/05/25,0.969,
08HB034,2,2018/05/26,0.934,
08HB034,2,2018/05/27,0.894,
08HB034,2,2018/05/28,0.866,
08HB034,2,2018/05/29,0.845,
08HB034,2,2018/05/30,0.834,
08HB034,2,2018/05/31,0.818,
08HB034,2,2018/06/01,0.803,
08HB034,2,2018/06/02,0.797,
08HB034,2,2018/06/03,0.812,
08HB034,2,2018/06/04,0.808,
08HB034,2,2018/06/05,0.783,
08HB034,2,2018/06/06,0.775,
08HB034,2,2018/06/07,0.794,
08HB034,2,2018/06/08,0.829,
08HB034,2,2018/06/09,0.970,
08HB034,2,2018/06/10,1.009,
08HB034,2,2018/06/11,0.966,
08HB034,2,2018/06/12,0.915,
08HB034,2,2018/06/13,0.883,
08HB034,2,2018/06/14,0.860,
08HB034,2,2018/06/15,0.837,
08HB034,2,2018/06/16,0.816,
08HB034,2,2018/06/17,0.804,
08HB034,2,2018/06/18,0.788,
08HB034,2,2018/06/19,0.776,
08HB034,2,2018/06/20,0.766,
08HB034,2,2018/06/21,0.752,
08HB034,2,2018/06/22,0.735,
08HB034,2,2018/06/23,0.712,
08HB034,2,2018/06/24,0.689,
08HB034,2,2018/06/25,0.721,
08HB034,2,2018/06/26,0.699,
08HB034,2,2018/06/27,0.673,
08HB034,2,2018/06/28,0.661,
08HB034,2,2018/06/29,0.650,
08HB034,2,2018/06/30,0.656,
08HB034,2,2018/07/01,0.652,
08HB034,2,2018/07/02,0.645,
08HB034,2,2018/07/03,0.627,
08HB034,2,2018/07/04,0.624,
08HB034,2,2018/07/05,0.645,
08HB034,2,2018/07/06,0.660,
08HB034,2,2018/07/07,0.674,
08HB034,2,2018/07/08,0.684,
08HB034,2,2018/07/09,0.685,
08HB034,2,2018/07/10,0.692,
08HB034,2,2018/07/11,0.682,
08HB034,2,2018/07/12,0.670,
08HB034,2,2018/07/13,0.660,
08HB034,2,2018/07/14,0.652,
08HB034,2,2018/07/15,0.651,
08HB034,2,2018/07/16,0.645,
08HB034,2,2018/07/17,0.641,
08HB034,2,2018/07/18,0.645,
08HB034,2,2018/07/19,0.652,
08HB034,2,2018/07/20,0.660,
08HB034,2,2018/07/21,0.664,
08HB034,2,2018/07/22,0.665,
08HB034,2,2018/07/23,0.662,
08HB034,2,2018/07/24,0.659,
08HB034,2,2018/07/25,0.655,
08HB034,2,2018/07/26,0.648,
08HB034,2,2018/07/27,0.642,
08HB034,2,2018/07/28,0.641,
08HB034,2,2018/07/29,0.643,
08HB034,2,2018/07/30,0.637,
08HB034,2,2018/07/31,0.633,
08HB034,2,2018/08/01,0.631,
08HB034,2,2018/08/02,0.631,
08HB034,2,2018/08/03,0.634,
08HB034,2,2018/08/04,0.642,
08HB034,2,2018/08/05,0.639,
08HB034,2,2018/08/06,0.636,
08HB034,2,2018/08/07,0.631,
08HB034,2,2018/08/08,0.628,
08HB034,2,2018/08/09,0.626,
08HB034,2,2018/08/10,0.623,
08HB034,2,2018/08/11,0.630,
08HB034,2,2018/08/12,0.655,
08HB034,2,2018/08/13,0.658,
08HB034,2,2018/08/14,0.651,
08HB034,2,2018/08/15,0.640,
08HB034,2,2018/08/16,0.621,
08HB034,2,2018/08/17,0.606,
08HB034,2,2018/08/18,0.595,
08HB034,2,2018/08/19,0.590,
08HB034,2,2018/08/20,0.585,
08HB034,2,2018/08/21,0.579,
08HB034,2,2018/08/22,0.575,
08HB034,2,2018/08/23,0.573,
08HB034,2,2018/08/24,0.571,
08HB034,2,2018/08/25,0.574,
08HB034,2,2018/08/26,0.581,
08HB034,2,2018/08/27,0.578,
08HB034,2,2018/08/28,0.572,
08HB034,2,2018/08/29,0.570,
08HB034,2,2018/08/30,0.572,
08HB034,2,2018/08/31,0.567,
08HB034,2,2018/09/01,0.569,
08HB034,2,2018/09/02,0.564,
08HB034,2,2018/09/03,0.562,
08HB034,2,2018/09/04,0.559,
08HB034,2,2018/09/05,0.560,
08HB034,2,2018/09/06,0.561,
08HB034,2,2018/09/07,0.570,
08HB034,2,2018/09/08,0.588,
08HB034,2,2018/09/09,0.602,
08HB034,2,2018/09/10,0.671,
08HB034,2,2018/09/11,0.768,
08HB034,2,2018/09/12,0.830,
08HB034,2,2018/09/13,0.809,
08HB034,2,2018/09/14,0.765,
08HB034,2,2018/09/15,0.732,
08HB034,2,2018/09/16,0.740,
08HB034,2,2018/09/17,0.817,
08HB034,2,2018/09/18,0.819,
08HB034,2,2018/09/19,0.792,
08HB034,2,2018/09/20,0.756,
08HB034,2,2018/09/21,0.908,
08HB034,2,2018/09/22,1.431,
08HB034,2,2018/09/23,1.534,
08HB034,2,2018/09/24,1.360,
08HB034,2,2018/09/25,1.179,
08HB034,2,2018/09/26,1.040,
08HB034,2,2018/09/27,0.938,
08HB034,2,2018/09/28,0.860,
08HB034,2,2018/09/29,0.802,
08HB034,2,2018/09/30,0.764,
08HB034,2,2018/10/01,1.032,
08HB034,2,2018/10/02,1.367,
08HB034,2,2018/10/03,1.336,
08HB034,2,2018/10/04,1.206,
08HB034,2,2018/10/05,1.092,
08HB034,2,2018/10/06,1.013,
08HB034,2,2018/10/07,0.966,
08HB034,2,2018/10/08,0.963,
08HB034,2,2018/10/09,0.949,
08HB034,2,2018/10/10,0.922,
08HB034,2,2018/10/11,0.893,
08HB034,2,2018/10/12,0.866,
08HB034,2,2018/10/13,0.837,
08HB034,2,2018/10/14,0.809,
08HB034,2,2018/10/15,0.786,
08HB034,2,2018/10/16,0.767,
08HB034,2,2018/10/17,0.747,
08HB034,2,2018/10/18,0.725,
08HB034,2,2018/10/19,0.716,
08HB034,2,2018/10/20,0.705,
08HB034,2,2018/10/21,0.693,
08HB034,2,2018/10/22,0.682,
08HB034,2,2018/10/23,0.673,
08HB034,2,2018/10/24,0.667,
08HB034,2,2018/10/25,0.678,
08HB034,2,2018/10/26,0.766,
08HB034,2,2018/10/27,0.880,
08HB034,2,2018/10/28,1.091,
08HB034,2,2018/10/29,1.561,
08HB034,2,2018/10/30,1.690,
08HB034,2,2018/10/31,1.580,
08HB034,2,2018/11/01,1.493,
08HB034,2,2018/11/02,2.178,
08HB034,2,2018/11/03,2.099,
08HB034,2,2018/11/04,2.616,
08HB034,2,2018/11/05,2.253,
08HB034,2,2018/11/06,1.829,
08HB034,2,2018/11/07,1.550,
08HB034,2,2018/11/08,1.363,
08HB034,2,2018/11/09,1.243,
08HB034,2,2018/11/10,1.157,
08HB034,2,2018/11/11,1.088,
08HB034,2,2018/11/12,1.033,
08HB034,2,2018/11/13,0.992,
08HB034,2,2018/11/14,1.324,
08HB034,2,2018/11/15,1.657,
08HB034,2,2018/11/16,1.597,
08HB034,2,2018/11/17,1.475,
08HB034,2,2018/11/18,1.367,
08HB034,2,2018/11/19,1.273,
08HB034,2,2018/11/20,1.108,
08HB034,2,2018/11/21,1.071,
08HB034,2,2018/11/22,1.111,
08HB034,2,2018/11/23,1.284,
08HB034,2,2018/11/24,1.418,
08HB034,2,2018/11/25,1.394,
08HB034,2,2018/11/26,2.591,
08HB034,2,2018/11/27,3.969,
08HB034,2,2018/11/28,3.260,
08HB034,2,2018/11/29,2.523,
08HB034,2,2018/11/30,2.031,
08HB034,2,2018/12/01,1.791,
08HB034,2,2018/12/02,1.668,
08HB034,2,2018/12/03,1.522,
08HB034,2,2018/12/04,1.401,
08HB034,2,2018/12/05,1.304,
08HB034,2,2018/12/06,1.219,
08HB034,2,2018/12/07,1.153,
08HB034,2,2018/12/08,1.103,
08HB034,2,2018/12/09,1.209,
08HB034,2,2018/12/10,1.744,
08HB034,2,2018/12/11,2.295,
08HB034,2,2018/12/12,2.684,
08HB034,2,2018/12/13,3.042,
08HB034,2,2018/12/14,3.506,
08HB034,2,2018/12/15,3.165,
08HB034,2,2018/12/16,2.894,
08HB034,2,2018/12/17,3.269,
08HB034,2,2018/12/18,3.522,
08HB034,2,2018/12/19,3.256,
08HB034,2,2018/12/20,3.507,
08HB034,2,2018/12/21,3.381,
08HB034,2,2018/12/22,2.589,
08HB034,2,2018/12/23,2.406,
08HB034,2,2018/12/24,2.235,
08HB034,2,2018/12/25,1.995,
08HB034,2,2018/12/26,1.833,
08HB034,2,2018/12/27,1.674,
08HB034,2,2018/12/28,1.530,
08HB034,2,2018/12/29,1.798,
08HB034,2,2018/12/30,2.305,
08HB034,2,2018/12/31,2.098,
08HB034,2,2019/01/01,1.823,
08HB034,2,2019/01/02,1.640,
08HB034,2,2019/01/03,3.520,
08HB034,2,2019/01/04,4.729,
08HB034,2,2019/01/05,3.477,
08HB034,2,2019/01/06,2.712,
08HB034,2,2019/01/07,2.262,
08HB034,2,2019/01/08,1.970,
08HB034,2,2019/01/09,2.130,
08HB034,2,2019/01/10,3.174,
08HB034,2,2019/01/11,2.937,
08HB034,2,2019/01/12,2.458,
08HB034,2,2019/01/13,2.098,
08HB034,2,2019/01/14,1.844,
08HB034,2,2019/01/15,1.635,
08HB034,2,2019/01/16,1.528,
08HB034,2,2019/01/17,1.465,
08HB034,2,2019/01/18,1.710,
08HB034,2,2019/01/19,2.380,
08HB034,2,2019/01/20,2.411,
08HB034,2,2019/01/21,2.058,
08HB034,2,2019/01/22,1.806,
08HB034,2,2019/01/23,1.845,
08HB034,2,2019/01/24,1.810,
08HB034,2,2019/01/25,1.706,
08HB034,2,2019/01/26,1.582,
08HB034,2,2019/01/27,1.477,
08HB034,2,2019/01/28,1.396,
08HB034,2,2019/01/29,1.329,
08HB034,2,2019/01/30,1.266,
08HB034,2,2019/01/31,1.212,
08HB034,2,2019/02/01,1.296,
08HB034,2,2019/02/02,1.582,
08HB034,2,2019/02/03,1.628,
08HB034,2,2019/02/04,1.515,
08HB034,2,2019/02/05,1.386,
08HB034,2,2019/02/06,1.283,
08HB034,2,2019/02/07,1.208,
08HB034,2,2019/02/08,1.156,
08HB034,2,2019/02/09,1.110,
08HB034,2,2019/02/10,1.069,
08HB034,2,2019/02/11,1.049,
08HB034,2,2019/02/12,1.010,
08HB034,2,2019/02/13,0.984,
08HB034,2,2019/02/14,0.961,
08HB034,2,2019/02/15,0.953,
08HB034,2,2019/02/16,0.936,
08HB034,2,2019/02/17,0.920,
08HB034,2,2019/02/18,0.900,
08HB034,2,2019/02/19,0.884,
08HB034,2,2019/02/20,0.875,
08HB034,2,2019/02/21,0.864,
08HB034,2,2019/02/22,0.858,
08HB034,2,2019/02/23,0.857,
08HB034,2,2019/02/24,0.878,
08HB034,2,2019/02/25,0.867,
08HB034,2,2019/02/26,0.847,
08HB034,2,2019/02/27,0.837,
08HB034,2,2019/02/28,0.832,
08HB034,2,2019/03/01,0.818,
08HB034,2,2019/03/02,0.809,
08HB034,2,2019/03/03,0.802,
08HB034,2,2019/03/04,0.789,
08HB034,2,2019/03/05,0.784,
08HB034,2,2019/03/06,0.777,
08HB034,2,2019/03/07,0.776,
08HB034,2,2019/03/08,0.760,
08HB034,2,2019/03/09,0.751,
08HB034,2,2019/03/10,0.747,
08HB034,2,2019/03/11,0.745,
08HB034,2,2019/03/12,0.756,
08HB034,2,2019/03/13,0.760,
08HB034,2,2019/03/14,0.766,
08HB034,2,2019/03/15,0.786,
08HB034,2,2019/03/16,0.814,
08HB034,2,2019/03/17,0.847,
08HB034,2,2019/03/18,0.899,
08HB034,2,2019/03/19,0.994,
08HB034,2,2019/03/20,1.108,
08HB034,2,2019/03/21,1.220,
08HB034,2,2019/03/22,1.285,
08HB034,2,2019/03/23,1.301,
08HB034,2,2019/03/24,1.278,
08HB034,2,2019/03/25,1.233,
08HB034,2,2019/03/26,1.192,
08HB034,2,2019/03/27,1.172,
08HB034,2,2019/03/28,1.144,
08HB034,2,2019/03/29,1.107,
08HB034,2,2019/03/30,1.074,
08HB034,2,2019/03/31,1.050,
08HB034,2,2019/04/01,1.032,
08HB034,2,2019/04/02,1.017,
08HB034,2,2019/04/03,1.027,
08HB034,2,2019/04/04,1.128,
08HB034,2,2019/04/05,1.193,
08HB034,2,2019/04/06,1.422,
08HB034,2,2019/04/07,1.925,
08HB034,2,2019/04/08,1.920,
08HB034,2,2019/04/09,1.702,
08HB034,2,2019/04/10,1.484,
08HB034,2,2019/04/11,1.381,
08HB034,2,2019/04/12,1.332,
08HB034,2,2019/04/13,1.317,
08HB034,2,2019/04/14,1.356,
08HB034,2,2019/04/15,1.344,
08HB034,2,2019/04/16,1.290,
08HB034,2,2019/04/17,1.235,
08HB034,2,2019/04/18,1.242,
08HB034,2,2019/04/19,1.428,
08HB034,2,2019/04/20,1.510,
08HB034,2,2019/04/21,1.435,
08HB034,2,2019/04/22,1.336,
08HB034,2,2019/04/23,1.291,
08HB034,2,2019/04/24,1.266,
08HB034,2,2019/04/25,1.217,
08HB034,2,2019/04/26,1.152,
08HB034,2,2019/04/27,1.084,
08HB034,2,2019/04/28,1.039,
08HB034,2,2019/04/29,0.996,
08HB034,2,2019/04/30,0.956,
08HB034,2,2019/05/01,0.915,
08HB034,2,2019/05/02,0.886,
08HB034,2,2019/05/03,0.858,
08HB034,2,2019/05/04,0.849,
08HB034,2,2019/05/05,0.858,
08HB034,2,2019/05/06,0.873,
08HB034,2,2019/05/07,0.892,
08HB034,2,2019/05/08,0.890,
08HB034,2,2019/05/09,0.916,
08HB034,2,2019/05/10,0.946,
08HB034,2,2019/05/11,0.974,
08HB034,2,2019/05/12,0.970,
08HB034,2,2019/05/13,0.942,
08HB034,2,2019/05/14,0.916,
08HB034,2,2019/05/15,0.920,
08HB034,2,2019/05/16,0.920,
08HB034,2,2019/05/17,0.916,
08HB034,2,2019/05/18,0.879,
08HB034,2,2019/05/19,0.850,
08HB034,2,2019/05/20,0.823,
08HB034,2,2019/05/21,0.806,
08HB034,2,2019/05/22,0.757,
08HB034,2,2019/05/23,0.738,
08HB034,2,2019/05/24,0.727,
08HB034,2,2019/05/25,0.721,
08HB034,2,2019/05/26,0.714,
08HB034,2,2019/05/27,0.698,
08HB034,2,2019/05/28,0.686,
08HB034,2,2019/05/29,0.681,
08HB034,2,2019/05/30,0.668,
08HB034,2,2019/05/31,0.660,
08HB034,2,2019/06/01,0.650,
08HB034,2,2019/06/02,0.629,
08HB034,2,2019/06/03,0.611,
08HB034,2,2019/06/04,0.581,
08HB034,2,2019/06/05,0.566,
08HB034,2,2019/06/06,0.556,
08HB034,2,2019/06/07,0.542,
08HB034,2,2019/06/08,0.539,
08HB034,2,2019/06/09,0.534,
08HB034,2,2019/06/10,0.530,
08HB034,2,2019/06/11,0.555,
08HB034,2,2019/06/12,0.546,
08HB034,2,2019/06/13,0.529,
08HB034,2,2019/06/14,0.530,
08HB034,2,2019/06/15,0.519,
08HB034,2,2019/06/16,0.513,
08HB034,2,2019/06/17,0.510,
08HB034,2,2019/06/18,0.511,
08HB034,2,2019/06/19,0.509,
08HB034,2,2019/06/20,0.549,
08HB034,2,2019/06/21,0.556,
08HB034,2,2019/06/22,0.554,
08HB034,2,2019/06/23,0.556,
08HB034,2,2019/06/24,0.557,
08HB034,2,2019/06/25,0.553,
08HB034,2,2019/06/26,0.549,
08HB034,2,2019/06/27,0.564,
08HB034,2,2019/06/28,0.572,
08HB034,2,2019/06/29,0.572,
08HB034,2,2019/06/30,0.565,
08HB034,2,2019/07/01,0.552,
08HB034,2,2019/07/02,0.542,
08HB034,2,2019/07/03,0.536,
08HB034,2,2019/07/04,0.532,
08HB034,2,2019/07/05,0.527,
08HB034,2,2019/07/06,0.530,
08HB034,2,2019/07/07,0.543,
08HB034,2,2019/07/08,0.547,
08HB034,2,2019/07/09,0.543,
08HB034,2,2019/07/10,0.560,
08HB034,2,2019/07/11,0.636,
08HB034,2,2019/07/12,0.629,
08HB034,2,2019/07/13,0.623,
08HB034,2,2019/07/14,0.606,
08HB034,2,2019/07/15,0.596,
08HB034,2,2019/07/16,0.592,
08HB034,2,2019/07/17,0.591,
08HB034,2,2019/07/18,0.592,
08HB034,2,2019/07/19,0.601,
08HB034,2,2019/07/20,0.599,
08HB034,2,2019/07/21,0.594,
08HB034,2,2019/07/22,0.587,
08HB034,2,2019/07/23,0.576,
08HB034,2,2019/07/24,0.570,
08HB034,2,2019/07/25,0.558,
08HB034,2,2019/07/26,0.558,
08HB034,2,2019/07/27,0.563,
08HB034,2,2019/07/28,0.561,
08HB034,2,2019/07/29,0.560,
08HB034,2,2019/07/30,0.561,
08HB034,2,2019/07/31,0.561,
08HB034,2,2019/08/01,0.569,
08HB034,2,2019/08/02,0.599,
08HB034,2,2019/08/03,0.665,
08HB034,2,2019/08/04,0.697,
08HB034,2,2019/08/05,0.690,
08HB034,2,2019/08/06,0.665,
08HB034,2,2019/08/07,0.641,
08HB034,2,2019/08/08,0.619,
08HB034,2,2019/08/09,0.605,
08HB034,2,2019/08/10,0.600,
08HB034,2,2019/08/11,0.608,
08HB034,2,2019/08/12,0.604,
08HB034,2,2019/08/13,0.600,
08HB034,2,2019/08/14,0.597,
08HB034,2,2019/08/15,0.591,
08HB034,2,2019/08/16,0.590,
08HB034,2,2019/08/17,0.591,
08HB034,2,2019/08/18,0.591,
08HB034,2,2019/08/19,0.591,
08HB034,2,2019/08/20,0.587,
08HB034,2,2019/08/21,0.590,
08HB034,2,2019/08/22,0.592,
08HB034,2,2019/08/23,0.608,
08HB034,2,2019/08/24,0.626,
08HB034,2,2019/08/25,0.625,
08HB034,2,2019/08/26,0.618,
08HB034,2,2019/08/27,0.616,
08HB034,2,2019/08/28,0.612,
08HB034,2,2019/08/29,0.604,
08HB034,2,2019/08/30,0.604,
08HB034,2,2019/08/31,0.607,
08HB034,2,2019/09/01,0.612,
08HB034,2,2019/09/02,0.618,
08HB034,2,2019/09/03,0.608,
08HB034,2,2019/09/04,0.611,
08HB034,2,2019/09/05,0.607,
08HB034,2,2019/09/06,0.602,
08HB034,2,2019/09/07,0.601,
08HB034,2,2019/09/08,0.601,
08HB034,2,2019/09/09,0.615,
08HB034,2,2019/09/10,0.618,
08HB034,2,2019/09/11,0.613,
08HB034,2,2019/09/12,0.630,
08HB034,2,2019/09/13,0.737,
08HB034,2,2019/09/14,0.814,
08HB034,2,2019/09/15,1.049,
08HB034,2,2019/09/16,1.120,
08HB034,2,2019/09/17,1.150,
08HB034,2,2019/09/18,1.429,
08HB034,2,2019/09/19,1.405,
08HB034,2,2019/09/20,1.231,
08HB034,2,2019/09/21,1.029,
08HB034,2,2019/09/22,0.961,
08HB034,2,2019/09/23,1.014,
08HB034,2,2019/09/24,1.040,
08HB034,2,2019/09/25,1.023,
08HB034,2,2019/09/26,0.993,
08HB034,2,2019/09/27,0.968,A
08HB034,2,2019/09/28,0.945,
08HB034,2,2019/09/29,0.907,
08HB034,2,2019/09/30,0.867,
08HB034,2,2019/10/01,0.815,
08HB034,2,2019/10/02,0.768,
08HB034,2,2019/10/03,0.746,
08HB034,2,2019/10/04,0.708,
08HB034,2,2019/10/05,0.698,
08HB034,2,2019/10/06,0.689,
08HB034,2,2019/10/07,0.696,
08HB034,2,2019/10/08,0.749,
08HB034,2,2019/10/09,0.769,
08HB034,2,2019/10/10,0.769,
08HB034,2,2019/10/11,0.753,
08HB034,2,2019/10/12,0.731,
08HB034,2,2019/10/13,0.714,
08HB034,2,2019/10/14,0.693,
08HB034,2,2019/10/15,0.684,
08HB034,2,2019/10/16,1.122,
08HB034,2,2019/10/17,1.976,
08HB034,2,2019/10/18,2.169,
08HB034,2,2019/10/19,1.996,
08HB034,2,2019/10/20,1.748,
08HB034,2,2019/10/21,1.708,
08HB034,2,2019/10/22,1.910,
08HB034,2,2019/10/23,1.751,
08HB034,2,2019/10/24,1.510,
08HB034,2,2019/10/25,1.352,
08HB034,2,2019/10/26,1.250,
08HB034,2,2019/10/27,1.164,
08HB034,2,2019/10/28,1.089,
08HB034,2,2019/10/29,1.017,
08HB034,2,2019/10/30,0.967,
08HB034,2,2019/10/31,0.925,
08HB034,2,2019/11/01,0.892,
08HB034,2,2019/11/02,0.864,
08HB034,2,2019/11/03,0.840,
08HB034,2,2019/11/04,0.818,
08HB034,2,2019/11/05,0.798,
08HB034,2,2019/11/06,0.779,
08HB034,2,2019/11/07,0.764,
08HB034,2,2019/11/08,0.750,
08HB034,2,2019/11/09,0.742,
08HB034,2,2019/11/10,0.733,
08HB034,2,2019/11/11,0.721,
08HB034,2,2019/11/12,0.762,
08HB034,2,2019/11/13,0.781,
08HB034,2,2019/11/14,0.769,
08HB034,2,2019/11/15,0.768,
08HB034,2,2019/11/16,0.856,
08HB034,2,2019/11/17,1.678,
08HB034,2,2019/11/18,2.085,
08HB034,2,2019/11/19,1.916,
08HB034,2,2019/11/20,1.686,
08HB034,2,2019/11/21,1.484,
08HB034,2,2019/11/22,1.332,
08HB034,2,2019/11/23,1.227,
08HB034,2,2019/11/24,1.528,
08HB034,2,2019/11/25,1.549,
08HB034,2,2019/11/26,1.426,
08HB034,2,2019/11/27,1.309,
08HB034,2,2019/11/28,1.209,
08HB034,2,2019/11/29,1.129,
08HB034,2,2019/11/30,1.065,
08HB034,2,2019/12/01,1.012,
08HB034,2,2019/12/02,0.974,
08HB034,2,2019/12/03,0.949,
08HB034,2,2019/12/04,0.989,
08HB034,2,2019/12/05,1.076,
08HB034,2,2019/12/06,1.128,
08HB034,2,2019/12/07,1.233,
08HB034,2,2019/12/08,1.318,
08HB034,2,2019/12/09,1.296,
08HB034,2,2019/12/10,1.229,
08HB034,2,2019/12/11,1.175,
08HB034,2,2019/12/12,1.539,
08HB034,2,2019/12/13,1.848,
08HB034,2,2019/12/14,1.737,
08HB034,2,2019/12/15,1.560,
08HB034,2,2019/12/16,1.416,
08HB034,2,2019/12/17,1.368,
08HB034,2,2019/12/18,1.561,
08HB034,2,2019/12/19,2.094,
08HB034,2,2019/12/20,2.428,
08HB034,2,2019/12/21,2.248,
08HB034,2,2019/12/22,1.973,
08HB034,2,2019/12/23,1.756,
08HB034,2,2019/12/24,1.586,
08HB034,2,2019/12/25,1.462,
08HB034,2,2019/12/26,1.357,
08HB034,2,2019/12/27,1.286,
08HB034,2,2019/12/28,1.225,
08HB034,2,2019/12/29,1.221,
08HB034,2,2019/12/30,1.251,
08HB034,2,2019/12/31,1.579,
08HB034,2,2020/01/01,2.551,
08HB034,2,2020/01/02,2.303,
08HB034,2,2020/01/03,2.538,
08HB034,2,2020/01/04,3.278,
08HB034,2,2020/01/05,2.709,
08HB034,2,2020/01/06,2.293,
08HB034,2,2020/01/07,2.937,
08HB034,2,2020/01/08,3.423,
08HB034,2,2020/01/09,2.557,
08HB034,2,2020/01/10,2.065,
08HB034,2,2020/01/11,1.846,
08HB034,2,2020/01/12,1.685,
08HB034,2,2020/01/13,1.546,
08HB034,2,2020/01/14,1.436,
08HB034,2,2020/01/15,1.383,
08HB034,2,2020/01/16,1.343,
08HB034,2,2020/01/17,1.278,
08HB034,2,2020/01/18,1.266,
08HB034,2,2020/01/19,1.472,
08HB034,2,2020/01/20,2.197,
08HB034,2,2020/01/21,2.838,
08HB034,2,2020/01/22,2.867,
08HB034,2,2020/01/23,3.583,
08HB034,2,2020/01/24,3.877,
08HB034,2,2020/01/25,3.264,
08HB034,2,2020/01/26,2.880,
08HB034,2,2020/01/27,2.903,
08HB034,2,2020/01/28,2.683,
08HB034,2,2020/01/29,2.529,
08HB034,2,2020/01/30,2.527,
08HB034,2,2020/01/31,3.091,
08HB034,2,2020/02/01,5.654,
08HB034,2,2020/02/02,3.540,
08HB034,2,2020/02/03,2.529,
08HB034,2,2020/02/04,2.060,
08HB034,2,2020/02/05,1.808,
08HB034,2,2020/02/06,1.636,
08HB034,2,2020/02/07,1.628,
08HB034,2,2020/02/08,1.933,
08HB034,2,2020/02/09,1.928,
08HB034,2,2020/02/10,1.775,
08HB034,2,2020/02/11,1.621,
08HB034,2,2020/02/12,1.500,
08HB034,2,2020/02/13,1.418,
08HB034,2,2020/02/14,1.354,
08HB034,2,2020/02/15,1.292,
08HB034,2,2020/02/16,1.258,
08HB034,2,2020/02/17,1.226,
08HB034,2,2020/02/18,1.191,
08HB034,2,2020/02/19,1.156,
08HB034,2,2020/02/20,1.122,
08HB034,2,2020/02/21,1.084,
08HB034,2,2020/02/22,1.058,
08HB034,2,2020/02/23,1.088,
08HB034,2,2020/02/24,1.143,
08HB034,2,2020/02/25,1.141,
08HB034,2,2020/02/26,1.130,
08HB034,2,2020/02/27,1.112,
08HB034,2,2020/02/28,1.107,
08HB034,2,2020/02/29,1.154,
08HB034,2,2020/03/01,1.175,
08HB034,2,2020/03/02,1.170,
08HB034,2,2020/03/03,1.157,
08HB034,2,2020/03/04,1.168,
08HB034,2,2020/03/05,1.192,
08HB034,2,2020/03/06,1.232,
08HB034,2,2020/03/07,1.218,
08HB034,2,2020/03/08,1.181,
08HB034,2,2020/03/09,1.137,
08HB034,2,2020/03/10,1.091,
08HB034,2,2020/03/11,1.090,
08HB034,2,2020/03/12,1.088,
08HB034,2,2020/03/13,1.083,
08HB034,2,2020/03/14,1.059,
08HB034,2,2020/03/15,1.029,
08HB034,2,2020/03/16,0.997,
08HB034,2,2020/03/17,0.964,
08HB034,2,2020/03/18,0.942,
08HB034,2,2020/03/19,0.924,
08HB034,2,2020/03/20,0.911,
08HB034,2,2020/03/21,0.908,
08HB034,2,2020/03/22,0.915,
08HB034,2,2020/03/23,0.934,
08HB034,2,2020/03/24,0.951,
08HB034,2,2020/03/25,0.955,
08HB034,2,2020/03/26,0.946,
08HB034,2,2020/03/27,0.939,
08HB034,2,2020/03/28,0.925,
08HB034,2,2020/03/29,1.256,
08HB034,2,2020/03/30,1.698,
08HB034,2,2020/03/31,1.786,
08HB034,2,2020/04/01,1.530,
08HB034,2,2020/04/02,1.398,
08HB034,2,2020/04/03,1.302,
08HB034,2,2020/04/04,1.222,
08HB034,2,2020/04/05,1.168,
08HB034,2,2020/04/06,1.120,
08HB034,2,2020/04/07,1.080,
08HB034,2,2020/04/08,1.052,
08HB034,2,2020/04/09,1.038,
08HB034,2,2020/04/10,1.057,
08HB034,2,2020/04/11,1.160,
08HB034,2,2020/04/12,1.225,
08HB034,2,2020/04/13,1.211,
08HB034,2,2020/04/14,1.171,
08HB034,2,2020/04/15,1.163,
08HB034,2,2020/04/16,1.212,
08HB034,2,2020/04/17,1.218,
08HB034,2,2020/04/18,1.290,
08HB034,2,2020/04/19,1.341,
08HB034,2,2020/04/20,1.371,
08HB034,2,2020/04/21,1.393,
08HB034,2,2020/04/22,1.393,
08HB034,2,2020/04/23,1.416,
08HB034,2,2020/04/24,1.353,
08HB034,2,2020/04/25,1.355,
08HB034,2,2020/04/26,1.506,
08HB034,2,2020/04/27,1.595,
08HB034,2,2020/04/28,1.608,
08HB034,2,2020/04/29,1.522,
08HB034,2,2020/04/30,1.506,
08HB034,2,2020/05/01,1.502,
08HB034,2,2020/05/02,1.490,
08HB034,2,2020/05/03,1.599,
08HB034,2,2020/05/04,1.598,
08HB034,2,2020/05/05,1.499,
08HB034,2,2020/05/06,1.398,
08HB034,2,2020/05/07,1.317,
08HB034,2,2020/05/08,1.261,
08HB034,2,2020/05/09,1.236,
08HB034,2,2020/05/10,1.277,
08HB034,2,2020/05/11,1.324,
08HB034,2,2020/05/12,1.361,
08HB034,2,2020/05/13,1.376,
08HB034,2,2020/05/14,1.350,
08HB034,2,2020/05/15,1.285,
08HB034,2,2020/05/16,1.237,
08HB034,2,2020/05/17,1.339,
08HB034,2,2020/05/18,1.351,
08HB034,2,2020/05/19,1.307,
08HB034,2,2020/05/20,1.242,
08HB034,2,2020/05/21,1.176,
08HB034,2,2020/05/22,1.135,
08HB034,2,2020/05/23,1.095,
08HB034,2,2020/05/24,1.064,
08HB034,2,2020/05/25,1.055,
08HB034,2,2020/05/26,1.057,
08HB034,2,2020/05/27,1.039,
08HB034,2,2020/05/28,1.017,
08HB034,2,2020/05/29,0.998,
08HB034,2,2020/05/30,0.990,
08HB034,2,2020/05/31,0.973,
08HB034,2,2020/06/01,0.928,
08HB034,2,2020/06/02,0.895,
08HB034,2,2020/06/03,0.873,
08HB034,2,2020/06/04,0.829,
08HB034,2,2020/06/05,0.816,
08HB034,2,2020/06/06,0.802,
08HB034,2,2020/06/07,0.795,
08HB034,2,2020/06/08,0.807,
08HB034,2,2020/06/09,0.833,
08HB034,2,2020/06/10,0.928,
08HB034,2,2020/06/11,0.929,
08HB034,2,2020/06/12,0.947,
08HB034,2,2020/06/13,0.957,
08HB034,2,2020/06/14,0.965,
08HB034,2,2020/06/15,0.940,
08HB034,2,2020/06/16,0.935,
08HB034,2,2020/06/17,0.910,
08HB034,2,2020/06/18,0.886,
08HB034,2,2020/06/19,0.860,
08HB034,2,2020/06/20,0.862,
08HB034,2,2020/06/21,0.865,
08HB034,2,2020/06/22,0.847,
08HB034,2,2020/06/23,0.826,
08HB034,2,2020/06/24,0.820,
08HB034,2,2020/06/25,0.811,
08HB034,2,2020/06/26,0.787,
08HB034,2,2020/06/27,0.773,
08HB034,2,2020/06/28,0.753,
08HB034,2,2020/06/29,0.718,
08HB034,2,2020/06/30,0.673,
08HB034,2,2020/07/01,0.653,
08HB034,2,2020/07/02,0.653,
08HB034,2,2020/07/03,0.654,
08HB034,2,2020/07/04,0.680,
08HB034,2,2020/07/05,0.682,
08HB034,2,2020/07/06,0.670,
08HB034,2,2020/07/07,0.660,
08HB034,2,2020/07/08,0.648,
08HB034,2,2020/07/09,0.652,
08HB034,2,2020/07/10,0.643,
08HB034,2,2020/07/11,0.630,
08HB034,2,2020/07/12,0.634,
08HB034,2,2020/07/13,0.635,
08HB034,2,2020/07/14,0.626,
08HB034,2,2020/07/15,0.623,
08HB034,2,2020/07/16,0.638,
08HB034,2,2020/07/17,0.634,
08HB034,2,2020/07/18,0.627,
08HB034,2,2020/07/19,0.626,
08HB034,2,2020/07/20,0.622,
08HB034,2,2020/07/21,0.613,
08HB034,2,2020/07/22,0.606,
08HB034,2,2020/07/23,0.601,
08HB034,2,2020/07/24,0.612,
08HB034,2,2020/07/25,0.615,
08HB034,2,2020/07/26,0.615,
08HB034,2,2020/07/27,0.612,
08HB034,2,2020/07/28,0.608,
08HB034,2,2020/07/29,0.608,
08HB034,2,2020/07/30,0.620,
08HB034,2,2020/07/31,0.639,
08HB034,2,2020/08/01,0.638,
08HB034,2,2020/08/02,0.639,
08HB034,2,2020/08/03,0.641,
08HB034,2,2020/08/04,0.639,
08HB034,2,2020/08/05,0.635,
08HB034,2,2020/08/06,0.656,
08HB034,2,2020/08/07,0.656,
08HB034,2,2020/08/08,0.657,
08HB034,2,2020/08/09,0.646,
08HB034,2,2020/08/10,0.633,
08HB034,2,2020/08/11,0.624,
08HB034,2,2020/08/12,0.620,
08HB034,2,2020/08/13,0.621,
08HB034,2,2020/08/14,0.624,
08HB034,2,2020/08/15,0.623,
08HB034,2,2020/08/16,0.619,
08HB034,2,2020/08/17,0.618,
08HB034,2,2020/08/18,0.617,
08HB034,2,2020/08/19,0.617,
08HB034,2,2020/08/20,0.643,
08HB034,2,2020/08/21,0.790,
08HB034,2,2020/08/22,0.986,
08HB034,2,2020/08/23,0.970,
08HB034,2,2020/08/24,0.889,
08HB034,2,2020/08/25,0.812,
08HB034,2,2020/08/26,0.752,
08HB034,2,2020/08/27,0.711,
08HB034,2,2020/08/28,0.685,
08HB034,2,2020/08/29,0.663,
08HB034,2,2020/08/30,0.642,
08HB034,2,2020/08/31,0.643,
08HB034,2,2020/09/01,0.631,
08HB034,2,2020/09/02,0.621,
08HB034,2,2020/09/03,0.627,
08HB034,2,2020/09/04,0.628,
08HB034,2,2020/09/05,0.629,
08HB034,2,2020/09/06,0.634,
08HB034,2,2020/09/07,0.633,
08HB034,2,2020/09/08,0.629,
08HB034,2,2020/09/09,0.607,
08HB034,2,2020/09/10,0.605,
08HB034,2,2020/09/11,0.638,
08HB034,2,2020/09/12,0.680,
08HB034,2,2020/09/13,0.690,
08HB034,2,2020/09/14,0.692,
08HB034,2,2020/09/15,0.702,
08HB034,2,2020/09/16,0.697,
08HB034,2,2020/09/17,0.689,
08HB034,2,2020/09/18,0.682,
08HB034,2,2020/09/19,0.684,
08HB034,2,2020/09/20,0.670,
08HB034,2,2020/09/21,0.664,
08HB034,2,2020/09/22,0.663,
08HB034,2,2020/09/23,0.711,
08HB034,2,2020/09/24,1.006,
08HB034,2,2020/09/25,1.632,
08HB034,2,2020/09/26,1.792,
08HB034,2,2020/09/27,1.480,
08HB034,2,2020/09/28,1.256,
08HB034,2,2020/09/29,1.109,
08HB034,2,2020/09/30,1.006,
08HB034,2,2020/10/01,0.931,
08HB034,2,2020/10/02,0.875,
08HB034,2,2020/10/03,0.831,
08HB034,2,2020/10/04,0.797,
08HB034,2,2020/10/05,0.768,
08HB034,2,2020/10/06,0.747,
08HB034,2,2020/10/07,0.728,
08HB034,2,2020/10/08,0.715,
08HB034,2,2020/10/09,0.706,
08HB034,2,2020/10/10,0.942,
08HB034,2,2020/10/11,1.187,
08HB034,2,2020/10/12,1.469,
08HB034,2,2020/10/13,1.781,
08HB034,2,2020/10/14,2.001,
08HB034,2,2020/10/15,1.732,
08HB034,2,2020/10/16,1.471,
08HB034,2,2020/10/17,1.306,
08HB034,2,2020/10/18,1.253,
08HB034,2,2020/10/19,1.228,
08HB034,2,2020/10/20,1.180,
08HB034,2,2020/10/21,1.128,
08HB034,2,2020/10/22,1.073,
08HB034,2,2020/10/23,1.040,
08HB034,2,2020/10/24,1.028,
08HB034,2,2020/10/25,0.998,
08HB034,2,2020/10/26,0.963,
08HB034,2,2020/10/27,0.904,
08HB034,2,2020/10/28,0.881,
08HB034,2,2020/10/29,0.857,
08HB034,2,2020/10/30,0.957,
08HB034,2,2020/10/31,1.069,
08HB034,2,2020/11/01,1.076,
08HB034,2,2020/11/02,1.032,
08HB034,2,2020/11/03,1.475,
08HB034,2,2020/11/04,2.191,
08HB034,2,2020/11/05,2.581,
08HB034,2,2020/11/06,2.277,
08HB034,2,2020/11/07,1.851,
08HB034,2,2020/11/08,1.549,
08HB034,2,2020/11/09,1.365,
08HB034,2,2020/11/10,1.261,
08HB034,2,2020/11/11,1.173,
08HB034,2,2020/11/12,1.120,
08HB034,2,2020/11/13,1.244,
08HB034,2,2020/11/14,1.299,
08HB034,2,2020/11/15,1.386,
08HB034,2,2020/11/16,1.519,
08HB034,2,2020/11/17,2.453,
08HB034,2,2020/11/18,3.040,
08HB034,2,2020/11/19,2.598,
08HB034,2,2020/11/20,2.244,
08HB034,2,2020/11/21,2.100,
08HB034,2,2020/11/22,1.915,
08HB034,2,2020/11/23,1.727,
08HB034,2,2020/11/24,1.630,
08HB034,2,2020/11/25,1.718,
08HB034,2,2020/11/26,1.648,
08HB034,2,2020/11/27,1.791,
08HB034,2,2020/11/28,2.534,
08HB034,2,2020/11/29,2.264,
08HB034,2,2020/11/30,2.124,
08HB034,2,2020/12/01,2.111,
08HB034,2,2020/12/02,1.887,
08HB034,2,2020/12/03,1.661,
08HB034,2,2020/12/04,1.489,
08HB034,2,2020/12/05,1.384,
08HB034,2,2020/12/06,1.309,
08HB034,2,2020/12/07,1.345,
08HB034,2,2020/12/08,2.150,
08HB034,2,2020/12/09,2.275,
08HB034,2,2020/12/10,1.955,
08HB034,2,2020/12/11,1.693,
08HB034,2,2020/12/12,1.515,
08HB034,2,2020/12/13,1.411,
08HB034,2,2020/12/14,1.346,
08HB034,2,2020/12/15,1.389,
08HB034,2,2020/12/16,1.665,
08HB034,2,2020/12/17,2.152,
08HB034,2,2020/12/18,2.183,
08HB034,2,2020/12/19,2.782,
08HB034,2,2020/12/20,2.797,
08HB034,2,2020/12/21,2.463,
08HB034,2,2020/12/22,2.123,
08HB034,2,2020/12/23,1.833,
08HB034,2,2020/12/24,1.623,
08HB034,2,2020/12/25,1.528,
08HB034,2,2020/12/26,1.853,
08HB034,2,2020/12/27,2.133,
08HB034,2,2020/12/28,2.169,
08HB034,2,2020/12/29,1.980,
08HB034,2,2020/12/30,2.071,
08HB034,2,2020/12/31,2.401,
08HB034,2,2021/01/01,2.721,
08HB034,2,2021/01/02,4.101,
08HB034,2,2021/01/03,3.957,
08HB034,2,2021/01/04,3.127,
08HB034,2,2021/01/05,2.766,
08HB034,2,2021/01/06,2.948,
08HB034,2,2021/01/07,2.588,
08HB034,2,2021/01/08,2.188,
08HB034,2,2021/01/09,1.898,
08HB034,2,2021/01/10,1.751,
08HB034,2,2021/01/11,2.232,
08HB034,2,2021/01/12,3.077,
08HB034,2,2021/01/13,3.517,
08HB034,2,2021/01/14,2.805,
08HB034,2,2021/01/15,2.238,
08HB034,2,2021/01/16,1.928,
08HB034,2,2021/01/17,1.746,
08HB034,2,2021/01/18,1.601,
08HB034,2,2021/01/19,1.472,
08HB034,2,2021/01/20,1.397,
08HB034,2,2021/01/21,1.334,
08HB034,2,2021/01/22,1.274,
08HB034,2,2021/01/23,1.220,
08HB034,2,2021/01/24,1.189,
08HB034,2,2021/01/25,1.166,
08HB034,2,2021/01/26,1.131,
08HB034,2,2021/01/27,1.107,
08HB034,2,2021/01/28,1.092,
08HB034,2,2021/01/29,1.070,
08HB034,2,2021/01/30,1.064,
08HB034,2,2021/01/31,1.159,
08HB034,2,2021/02/01,1.280,
08HB034,2,2021/02/02,1.348,
08HB034,2,2021/02/03,1.372,
08HB034,2,2021/02/04,1.344,
08HB034,2,2021/02/05,1.320,
08HB034,2,2021/02/06,1.325,
08HB034,2,2021/02/07,1.329,
08HB034,2,2021/02/08,1.301,
08HB034,2,2021/02/09,1.251,
08HB034,2,2021/02/10,1.195,
08HB034,2,2021/02/11,1.142,
08HB034,2,2021/02/12,1.090,
08HB034,2,2021/02/13,1.075,
08HB034,2,2021/02/14,1.046,
08HB034,2,2021/02/15,1.028,
08HB034,2,2021/02/16,1.006,
08HB034,2,2021/02/17,0.985,
08HB034,2,2021/02/18,0.969,
08HB034,2,2021/02/19,0.965,
08HB034,2,2021/02/20,0.962,
08HB034,2,2021/02/21,0.975,
08HB034,2,2021/02/22,1.490,
08HB034,2,2021/02/23,1.779,
08HB034,2,2021/02/24,1.652,
08HB034,2,2021/02/25,1.510,
08HB034,2,2021/02/26,1.397,
08HB034,2,2021/02/27,1.302,
08HB034,2,2021/02/28,1.231,
08HB034,2,2021/03/01,1.201,
08HB034,2,2021/03/02,1.208,
08HB034,2,2021/03/03,1.205,
08HB034,2,2021/03/04,1.189,
08HB034,2,2021/03/05,1.590,
08HB034,2,2021/03/06,1.984,
08HB034,2,2021/03/07,1.907,
08HB034,2,2021/03/08,1.745,
08HB034,2,2021/03/09,1.584,
08HB034,2,2021/03/10,1.458,
08HB034,2,2021/03/11,1.356,
08HB034,2,2021/03/12,1.274,
08HB034,2,2021/03/13,1.208,
08HB034,2,2021/03/14,1.185,
08HB034,2,2021/03/15,1.213,
08HB034,2,2021/03/16,1.196,
08HB034,2,2021/03/17,1.165,
08HB034,2,2021/03/18,1.132,
08HB034,2,2021/03/19,1.191,
08HB034,2,2021/03/20,1.440,
08HB034,2,2021/03/21,1.488,
08HB034,2,2021/03/22,1.479,
08HB034,2,2021/03/23,1.400,
08HB034,2,2021/03/24,1.345,
08HB034,2,2021/03/25,1.311,
08HB034,2,2021/03/26,1.275,
08HB034,2,2021/03/27,1.237,
08HB034,2,2021/03/28,1.303,
08HB034,2,2021/03/29,1.502,
08HB034,2,2021/03/30,1.473,
08HB034,2,2021/03/31,1.370,
08HB034,2,2021/04/01,1.285,
08HB034,2,2021/04/02,1.218,
08HB034,2,2021/04/03,1.177,
08HB034,2,2021/04/04,1.166,
08HB034,2,2021/04/05,1.148,
08HB034,2,2021/04/06,1.126,
08HB034,2,2021/04/07,1.110,
08HB034,2,2021/04/08,1.091,
08HB034,2,2021/04/09,1.077,
08HB034,2,2021/04/10,1.101,
08HB034,2,2021/04/11,1.081,
08HB034,2,2021/04/12,1.053,
08HB034,2,2021/04/13,1.024,
08HB034,2,2021/04/14,0.999,
08HB034,2,2021/04/15,0.992,
08HB034,2,2021/04/16,1.049,
08HB034,2,2021/04/17,1.222,
08HB034,2,2021/04/18,1.454,
08HB034,2,2021/04/19,1.601,
08HB034,2,2021/04/20,1.568,
08HB034,2,2021/04/21,1.542,
08HB034,2,2021/04/22,1.531,
08HB034,2,2021/04/23,1.478,
08HB034,2,2021/04/24,1.419,
08HB034,2,2021/04/25,1.371,
08HB034,2,2021/04/26,1.330,
08HB034,2,2021/04/27,1.268,
08HB034,2,2021/04/28,1.220,
08HB034,2,2021/04/29,1.204,
08HB034,2,2021/04/30,1.271,
08HB034,2,2021/05/01,1.378,
08HB034,2,2021/05/02,1.353,
08HB034,2,2021/05/03,1.285,
08HB034,2,2021/05/04,1.225,
08HB034,2,2021/05/05,1.180,
08HB034,2,2021/05/06,1.172,
08HB034,2,2021/05/07,1.213,
08HB034,2,2021/05/08,1.189,
08HB034,2,2021/05/09,1.138,
08HB034,2,2021/05/10,1.083,
08HB034,2,2021/05/11,1.054,
08HB034,2,2021/05/12,1.086,
08HB034,2,2021/05/13,1.164,
08HB034,2,2021/05/14,1.215,
08HB034,2,2021/05/15,1.257,
08HB034,2,2021/05/16,1.278,
08HB034,2,2021/05/17,1.307,
08HB034,2,2021/05/18,1.296,
08HB034,2,2021/05/19,1.226,
08HB034,2,2021/05/20,1.126,
08HB034,2,2021/05/21,1.031,
08HB034,2,2021/05/22,0.997,
08HB034,2,2021/05/23,1.000,
08HB034,2,2021/05/24,1.018,
08HB034,2,2021/05/25,1.031,
08HB034,2,2021/05/26,1.024,
08HB034,2,2021/05/27,1.067,
08HB034,2,2021/05/28,1.295,
08HB034,2,2021/05/29,1.321,
08HB034,2,2021/05/30,1.244,
08HB034,2,2021/05/31,1.185,
08HB034,2,2021/06/01,1.137,
08HB034,2,2021/06/02,1.139,
08HB034,2,2021/06/03,1.147,
08HB034,2,2021/06/04,1.111,
08HB034,2,2021/06/05,1.050,
08HB034,2,2021/06/06,0.993,
08HB034,2,2021/06/07,0.969,
08HB034,2,2021/06/08,0.936,
08HB034,2,2021/06/09,0.896,
08HB034,2,2021/06/10,0.873,
08HB034,2,2021/06/11,0.846,
08HB034,2,2021/06/12,0.844,
08HB034,2,2021/06/13,0.980,
08HB034,2,2021/06/14,1.058,
08HB034,2,2021/06/15,1.061,
08HB034,2,2021/06/16,1.030,
08HB034,2,2021/06/17,0.985,
08HB034,2,2021/06/18,0.946,
08HB034,2,2021/06/19,0.908,
08HB034,2,2021/06/20,0.882,
08HB034,2,2021/06/21,0.859,
08HB034,2,2021/06/22,0.838,
08HB034,2,2021/06/23,0.823,
08HB034,2,2021/06/24,0.804,
08HB034,2,2021/06/25,0.777,
08HB034,2,2021/06/26,0.756,
08HB034,2,2021/06/27,0.738,
08HB034,2,2021/06/28,0.715,
08HB034,2,2021/06/29,0.693,
08HB034,2,2021/06/30,0.678,
08HB034,2,2021/07/01,0.653,
08HB034,2,2021/07/02,0.628,
08HB034,2,2021/07/03,0.606,
08HB034,2,2021/07/04,0.606,
08HB034,2,2021/07/05,0.610,
08HB034,2,2021/07/06,0.616,
08HB034,2,2021/07/07,0.614,A
08HB034,2,2021/07/08,,
08HB034,2,2021/07/09,0.606,A
08HB034,2,2021/07/10,0.604,
08HB034,2,2021/07/11,0.606,
08HB034,2,2021/07/12,0.604,
08HB034,2,2021/07/13,0.598,
08HB034,2,2021/07/14,0.595,
08HB034,2,2021/07/15,0.600,
08HB034,2,2021/07/16,0.602,
08HB034,2,2021/07/17,0.608,
08HB034,2,2021/07/18,0.602,
08HB034,2,2021/07/19,0.602,
08HB034,2,2021/07/20,0.602,
08HB034,2,2021/07/21,0.605,
08HB034,2,2021/07/22,0.600,
08HB034,2,2021/07/23,0.603,
08HB034,2,2021/07/24,0.609,
08HB034,2,2021/07/25,0.608,
08HB034,2,2021/07/26,0.607,
08HB034,2,2021/07/27,0.605,
08HB034,2,2021/07/28,0.602,
08HB034,2,2021/07/29,0.600,
08HB034,2,2021/07/30,0.598,
08HB034,2,2021/07/31,0.601,
08HB034,2,2021/08/01,0.609,
08HB034,2,2021/08/02,0.606,
08HB034,2,2021/08/03,0.608,
08HB034,2,2021/08/04,0.606,
08HB034,2,2021/08/05,0.599,
08HB034,2,2021/08/06,0.603,
08HB034,2,2021/08/07,0.610,
08HB034,2,2021/08/08,0.613,
08HB034,2,2021/08/09,0.605,
08HB034,2,2021/08/10,0.607,
08HB034,2,2021/08/11,0.606,
08HB034,2,2021/08/12,0.602,
08HB034,2,2021/08/13,0.599,
08HB034,2,2021/08/14,0.600,
08HB034,2,2021/08/15,0.610,
08HB034,2,2021/08/16,0.615,
08HB034,2,2021/08/17,0.618,
08HB034,2,2021/08/18,0.628,
08HB034,2,2021/08/19,0.627,
08HB034,2,2021/08/20,0.623,
08HB034,2,2021/08/21,0.626,
08HB034,2,2021/08/22,0.628,
08HB034,2,2021/08/23,0.625,
08HB034,2,2021/08/24,0.624,
08HB034,2,2021/08/25,0.623,
08HB034,2,2021/08/26,0.625,
08HB034,2,2021/08/27,0.629,
08HB034,2,2021/08/28,0.621,
08HB034,2,2021/08/29,0.622,
08HB034,2,2021/08/30,0.619,
08HB034,2,2021/08/31,0.614,
08HB034,2,2021/09/01,0.613,
08HB034,2,2021/09/02,0.608,
08HB034,2,2021/09/03,0.603,
08HB034,2,2021/09/04,0.608,
08HB034,2,2021/09/05,0.620,
08HB034,2,2021/09/06,0.614,
08HB034,2,2021/09/07,0.609,
08HB034,2,2021/09/08,0.610,
08HB034,2,2021/09/09,0.606,
08HB034,2,2021/09/10,0.599,
08HB034,2,2021/09/11,0.598,
08HB034,2,2021/09/12,0.601,
08HB034,2,2021/09/13,0.592,
08HB034,2,2021/09/14,0.596,
08HB034,2,2021/09/15,0.602,
08HB034,2,2021/09/16,0.595,
08HB034,2,2021/09/17,0.640,
08HB034,2,2021/09/18,1.303,
08HB034,2,2021/09/19,1.397,
08HB034,2,2021/09/20,1.265,
08HB034,2,2021/09/21,1.113,
08HB034,2,2021/09/22,0.982,
08HB034,2,2021/09/23,0.889,
08HB034,2,2021/09/24,0.819,
08HB034,2,2021/09/25,0.770,
08HB034,2,2021/09/26,0.744,
08HB034,2,2021/09/27,1.038,
08HB034,2,2021/09/28,1.712,
08HB034,2,2021/09/29,1.780,
08HB034,2,2021/09/30,2.549,
08HB034,2,2021/10/01,2.328,
08HB034,2,2021/10/02,1.816,
08HB034,2,2021/10/03,1.520,
08HB034,2,2021/10/04,1.364,
08HB034,2,2021/10/05,1.309,
08HB034,2,2021/10/06,1.503,
08HB034,2,2021/10/07,1.550,
08HB034,2,2021/10/08,1.431,
08HB034,2,2021/10/09,1.294,
08HB034,2,2021/10/10,1.310,
08HB034,2,2021/10/11,1.306,
08HB034,2,2021/10/12,1.245,
08HB034,2,2021/10/13,1.259,
08HB034,2,2021/10/14,1.227,
08HB034,2,2021/10/15,1.376,
08HB034,2,2021/10/16,2.866,
08HB034,2,2021/10/17,3.146,
08HB034,2,2021/10/18,2.482,
08HB034,2,2021/10/19,1.980,
08HB034,2,2021/10/20,1.683,
08HB034,2,2021/10/21,1.593,
08HB034,2,2021/10/22,1.819,
08HB034,2,2021/10/23,1.880,
08HB034,2,2021/10/24,1.998,
08HB034,2,2021/10/25,2.669,
08HB034,2,2021/10/26,3.238,
08HB034,2,2021/10/27,2.992,
08HB034,2,2021/10/28,2.810,
08HB034,2,2021/10/29,2.595,
08HB034,2,2021/10/30,2.155,
08HB034,2,2021/10/31,1.827,
08HB034,2,2021/11/01,1.598,
08HB034,2,2021/11/02,1.532,
08HB034,2,2021/11/03,2.814,
08HB034,2,2021/11/04,3.307,
08HB034,2,2021/11/05,3.023,
08HB034,2,2021/11/06,2.645,
08HB034,2,2021/11/07,2.341,
08HB034,2,2021/11/08,2.176,
08HB034,2,2021/11/09,2.218,
08HB034,2,2021/11/10,2.330,
08HB034,2,2021/11/11,2.186,
08HB034,2,2021/11/12,2.454,
08HB034,2,2021/11/13,2.448,
08HB034,2,2021/11/14,3.635,
08HB034,2,2021/11/15,5.537,
08HB034,2,2021/11/16,3.981,
08HB034,2,2021/11/17,2.713,
08HB034,2,2021/11/18,2.171,
08HB034,2,2021/11/19,1.882,
08HB034,2,2021/11/20,1.683,
08HB034,2,2021/11/21,1.556,
08HB034,2,2021/11/22,1.482,
08HB034,2,2021/11/23,1.560,
08HB034,2,2021/11/24,1.588,
08HB034,2,2021/11/25,1.819,
08HB034,2,2021/11/26,2.506,
08HB034,2,2021/11/27,2.506,
08HB034,2,2021/11/28,3.299,
08HB034,2,2021/11/29,3.113,
08HB034,2,2021/11/30,2.716,
08HB034,2,2021/12/01,2.718,
08HB034,2,2021/12/02,2.554,
08HB034,2,2021/12/03,2.158,
08HB034,2,2021/12/04,1.855,
08HB034,2,2021/12/05,1.643,
08HB034,2,2021/12/06,1.508,
08HB034,2,2021/12/07,1.406,
08HB034,2,2021/12/08,1.403,
08HB034,2,2021/12/09,1.405,
08HB034,2,2021/12/10,1.389,
08HB034,2,2021/12/11,2.146,
08HB034,2,2021/12/12,2.285,
08HB034,2,2021/12/13,2.036,
08HB034,2,2021/12/14,1.816,
08HB034,2,2021/12/15,1.660,
08HB034,2,2021/12/16,1.554,
08HB034,2,2021/12/17,1.448,
08HB034,2,2021/12/18,1.444,
08HB034,2,2021/12/19,1.543,
08HB034,2,2021/12/20,1.504,
08HB034,2,2021/12/21,1.435,
08HB034,2,2021/12/22,1.755,
08HB034,2,2021/12/23,2.488,
08HB034,2,2021/12/24,2.250,
08HB034,2,2021/12/25,1.936,
08HB034,2,2021/12/26,1.703,
08HB034,2,2021/12/27,1.528,
08HB034,2,2021/12/28,1.414,
08HB034,2,2021/12/29,1.332,
08HB034,2,2021/12/30,1.278,
08HB034,2,2021/12/31,1.221,
08HB034,2,2022/01/01,1.172,
08HB034,2,2022/01/02,1.391,
08HB034,2,2022/01/03,1.841,
08HB034,2,2022/01/04,1.767,
08HB034,2,2022/01/05,1.607,
08HB034,2,2022/01/06,1.503,
08HB034,2,2022/01/07,1.549,
08HB034,2,2022/01/08,1.568,
08HB034,2,2022/01/09,1.509,
08HB034,2,2022/01/10,1.476,
08HB034,2,2022/01/11,2.261,
08HB034,2,2022/01/12,3.440,
08HB034,2,2022/01/13,3.694,
08HB034,2,2022/01/14,2.936,
08HB034,2,2022/01/15,2.438,
08HB034,2,2022/01/16,2.147,
08HB034,2,2022/01/17,1.955,
08HB034,2,2022/01/18,1.876,
08HB034,2,2022/01/19,1.862,
08HB034,2,2022/01/20,2.065,
08HB034,2,2022/01/21,2.238,
08HB034,2,2022/01/22,2.056,
08HB034,2,2022/01/23,1.841,
08HB034,2,2022/01/24,1.685,
08HB034,2,2022/01/25,1.588,
08HB034,2,2022/01/26,1.511,
08HB034,2,2022/01/27,1.442,
08HB034,2,2022/01/28,1.382,
08HB034,2,2022/01/29,1.335,
08HB034,2,2022/01/30,1.439,
08HB034,2,2022/01/31,1.930,
08HB034,2,2022/02/01,1.883,
08HB034,2,2022/02/02,1.692,
08HB034,2,2022/02/03,1.534,
08HB034,2,2022/02/04,1.436,
08HB034,2,2022/02/05,1.434,
08HB034,2,2022/02/06,1.437,
08HB034,2,2022/02/07,1.408,
08HB034,2,2022/02/08,1.391,
08HB034,2,2022/02/09,1.379,
08HB034,2,2022/02/10,1.383,
08HB034,2,2022/02/11,1.392,
08HB034,2,2022/02/12,1.377,
08HB034,2,2022/02/13,1.342,
08HB034,2,2022/02/14,1.312,
08HB034,2,2022/02/15,1.292,
08HB034,2,2022/02/16,1.266,
08HB034,2,2022/02/17,1.234,
08HB034,2,2022/02/18,1.205,
08HB034,2,2022/02/19,1.184,
08HB034,2,2022/02/20,1.171,
08HB034,2,2022/02/21,1.163,
08HB034,2,2022/02/22,1.137,
08HB034,2,2022/02/23,1.101,
08HB034,2,2022/02/24,1.074,
08HB034,2,2022/02/25,1.048,
08HB034,2,2022/02/26,1.036,
08HB034,2,2022/02/27,1.222,
08HB034,2,2022/02/28,1.789,
08HB034,2,2022/03/01,2.124,
08HB034,2,2022/03/02,2.441,
08HB034,2,2022/03/03,2.344,
08HB034,2,2022/03/04,2.053,
08HB034,2,2022/03/05,1.796,
08HB034,2,2022/03/06,1.600,
08HB034,2,2022/03/07,1.469,
08HB034,2,2022/03/08,1.384,
08HB034,2,2022/03/09,1.329,
08HB034,2,2022/03/10,1.274,
08HB034,2,2022/03/11,1.234,
08HB034,2,2022/03/12,1.203,
08HB034,2,2022/03/13,1.210,
08HB034,2,2022/03/14,1.261,
08HB034,2,2022/03/15,1.640,
08HB034,2,2022/03/16,1.892,
08HB034,2,2022/03/17,1.799,
08HB034,2,2022/03/18,1.662,
08HB034,2,2022/03/19,1.586,
08HB034,2,2022/03/20,1.521,
08HB034,2,2022/03/21,1.481,
08HB034,2,2022/03/22,1.483,
08HB034,2,2022/03/23,1.617,
08HB034,2,2022/03/24,1.736,
08HB034,2,2022/03/25,1.654,
08HB034,2,2022/03/26,1.545,
08HB034,2,2022/03/27,1.519,
08HB034,2,2022/03/28,1.577,
08HB034,2,2022/03/29,1.594,
08HB034,2,2022/03/30,1.559,
08HB034,2,2022/03/31,1.480,
08HB034,2,2022/04/01,1.399,
08HB034,2,2022/04/02,1.333,
08HB034,2,2022/04/03,1.373,
08HB034,2,2022/04/04,2.112,
08HB034,2,2022/04/05,2.290,
08HB034,2,2022/04/06,2.038,
08HB034,2,2022/04/07,1.792,
08HB034,2,2022/04/08,1.719,
08HB034,2,2022/04/09,1.743,
08HB034,2,2022/04/10,1.685,
08HB034,2,2022/04/11,1.584,
08HB034,2,2022/04/12,1.481,
08HB034,2,2022/04/13,1.420,
08HB034,2,2022/04/14,1.361,
08HB034,2,2022/04/15,1.309,
08HB034,2,2022/04/16,1.267,
08HB034,2,2022/04/17,1.221,
08HB034,2,2022/04/18,1.379,
08HB034,2,2022/04/19,1.645,
08HB034,2,2022/04/20,1.548,
08HB034,2,2022/04/21,1.611,
08HB034,2,2022/04/22,1.594,
08HB034,2,2022/04/23,1.532,
08HB034,2,2022/04/24,1.486,
08HB034,2,2022/04/25,1.531,
08HB034,2,2022/04/26,1.586,
08HB034,2,2022/04/27,1.557,
08HB034,2,2022/04/28,1.481,
08HB034,2,2022/04/29,1.400,
08HB034,2,2022/04/30,1.496,
08HB034,2,2022/05/01,1.595,
08HB034,2,2022/05/02,1.596,
08HB034,2,2022/05/03,1.608,
08HB034,2,2022/05/04,1.569,
08HB034,2,2022/05/05,1.547,
08HB034,2,2022/05/06,1.692,
08HB034,2,2022/05/07,1.672,
08HB034,2,2022/05/08,1.563,
08HB034,2,2022/05/09,1.456,
08HB034,2,2022/05/10,1.371,
08HB034,2,2022/05/11,1.311,
08HB034,2,2022/05/12,1.384,
08HB034,2,2022/05/13,1.523,
08HB034,2,2022/05/14,1.523,
08HB034,2,2022/05/15,1.668,
08HB034,2,2022/05/16,2.226,
08HB034,2,2022/05/17,2.183,
08HB034,2,2022/05/18,1.984,
08HB034,2,2022/05/19,2.034,
08HB034,2,2022/05/20,1.913,
08HB034,2,2022/05/21,1.724,
08HB034,2,2022/05/22,1.604,
08HB034,2,2022/05/23,1.552,
08HB034,2,2022/05/24,1.530,
08HB034,2,2022/05/25,1.503,
08HB034,2,2022/05/26,1.490,
08HB034,2,2022/05/27,1.538,
08HB034,2,2022/05/28,1.564,
08HB034,2,2022/05/29,1.499,
08HB034,2,2022/05/30,1.404,
08HB034,2,2022/05/31,1.353,
08HB034,2,2022/06/01,1.350,
08HB034,2,2022/06/02,1.404,
08HB034,2,2022/06/03,1.530,
08HB034,2,2022/06/04,1.650,
08HB034,2,2022/06/05,1.808,
08HB034,2,2022/06/06,1.812,
08HB034,2,2022/06/07,1.640,
08HB034,2,2022/06/08,1.524,
08HB034,2,2022/06/09,1.476,
08HB034,2,2022/06/10,1.585,
08HB034,2,2022/06/11,1.597,
08HB034,2,2022/06/12,1.533,
08HB034,2,2022/06/13,1.447,
08HB034,2,2022/06/14,1.366,
08HB034,2,2022/06/15,1.311,
08HB034,2,2022/06/16,1.290,
08HB034,2,2022/06/17,1.294,
08HB034,2,2022/06/18,1.276,
08HB034,2,2022/06/19,1.274,
08HB034,2,2022/06/20,1.248,
08HB034,2,2022/06/21,1.229,
08HB034,2,2022/06/22,1.224,
08HB034,2,2022/06/23,1.202,
08HB034,2,2022/06/24,1.159,
08HB034,2,2022/06/25,1.091,
08HB034,2,2022/06/26,1.077,
08HB034,2,2022/06/27,1.071,
08HB034,2,2022/06/28,1.059,
08HB034,2,2022/06/29,1.031,
08HB034,2,2022/06/30,0.994,
08HB034,2,2022/07/01,0.956,
08HB034,2,2022/07/02,0.931,
08HB034,2,2022/07/03,0.937,
08HB034,2,2022/07/04,0.994,
08HB034,2,2022/07/05,1.020,
08HB034,2,2022/07/06,1.021,
08HB034,2,2022/07/07,1.028,
08HB034,2,2022/07/08,1.009,
08HB034,2,2022/07/09,0.979,
08HB034,2,2022/07/10,0.945,
08HB034,2,2022/07/11,0.909,
08HB034,2,2022/07/12,0.880,
08HB034,2,2022/07/13,0.852,
08HB034,2,2022/07/14,0.816,
08HB034,2,2022/07/15,0.798,
08HB034,2,2022/07/16,0.799,
08HB034,2,2022/07/17,0.807,
08HB034,2,2022/07/18,0.795,
08HB034,2,2022/07/19,0.778,
08HB034,2,2022/07/20,0.782,
08HB034,2,2022/07/21,0.756,
08HB034,2,2022/07/22,0.742,
08HB034,2,2022/07/23,0.757,
08HB034,2,2022/07/24,0.761,
08HB034,2,2022/07/25,0.760,
08HB034,2,2022/07/26,0.756,
08HB034,2,2022/07/27,0.750,
08HB034,2,2022/07/28,0.759,
08HB034,2,2022/07/29,0.759,
08HB034,2,2022/07/30,0.758,
08HB034,2,2022/07/31,0.748,
08HB034,2,2022/08/01,0.745,
08HB034,2,2022/08/02,0.737,
08HB034,2,2022/08/03,0.718,
08HB034,2,2022/08/04,0.717,
08HB034,2,2022/08/05,0.707,
08HB034,2,2022/08/06,0.720,
08HB034,2,2022/08/07,0.716,
08HB034,2,2022/08/08,0.705,
08HB034,2,2022/08/09,0.700,
08HB034,2,2022/08/10,0.697,
08HB034,2,2022/08/11,0.702,
08HB034,2,2022/08/12,0.692,
08HB034,2,2022/08/13,0.697,
08HB034,2,2022/08/14,0.691,
08HB034,2,2022/08/15,0.688,
08HB034,2,2022/08/16,0.686,
08HB034,2,2022/08/17,0.681,
08HB034,2,2022/08/18,0.663,
08HB034,2,2022/08/19,0.672,
08HB034,2,2022/08/20,0.702,
08HB034,2,2022/08/21,0.704,
08HB034,2,2022/08/22,0.704,
08HB034,2,2022/08/23,0.705,
08HB034,2,2022/08/24,0.702,
08HB034,2,2022/08/25,0.696,
08HB034,2,2022/08/26,0.694,
08HB034,2,2022/08/27,0.696,
08HB034,2,2022/08/28,0.695,
08HB034,2,2022/08/29,0.693,
08HB034,2,2022/08/30,0.687,
08HB034,2,2022/08/31,0.683,
08HB034,2,2022/09/01,0.678,
08HB034,2,2022/09/02,0.677,
08HB034,2,2022/09/03,0.679,
08HB034,2,2022/09/04,0.683,
08HB034,2,2022/09/05,0.689,
08HB034,2,2022/09/06,0.683,
08HB034,2,2022/09/07,0.675,
08HB034,2,2022/09/08,0.679,
08HB034,2,2022/09/09,0.677,
08HB034,2,2022/09/10,0.676,
08HB034,2,2022/09/11,0.676,
08HB034,2,2022/09/12,0.675,
08HB034,2,2022/09/13,0.678,
08HB034,2,2022/09/14,0.677,
08HB034,2,2022/09/15,0.677,
08HB034,2,2022/09/16,0.677,
08HB034,2,2022/09/17,0.672,
08HB034,2,2022/09/18,0.671,
08HB034,2,2022/09/19,0.667,
08HB034,2,2022/09/20,0.665,
08HB034,2,2022/09/21,0.665,
08HB034,2,2022/09/22,0.666,
08HB034,2,2022/09/23,0.662,
08HB034,2,2022/09/24,0.665,
08HB034,2,2022/09/25,0.663,
08HB034,2,2022/09/26,0.661,
08HB034,2,2022/09/27,0.660,
08HB034,2,2022/09/28,0.659,
08HB034,2,2022/09/29,0.643,
08HB034,2,2022/09/30,0.621,
08HB034,2,2022/10/01,0.614,
08HB034,2,2022/10/02,0.612,
08HB034,2,2022/10/03,0.612,
08HB034,2,2022/10/04,0.616,
08HB034,2,2022/10/05,0.668,
08HB034,2,2022/10/06,0.728,
08HB034,2,2022/10/07,0.689,
08HB034,2,2022/10/08,0.666,
08HB034,2,2022/10/09,0.656,
08HB034,2,2022/10/10,0.649,
08HB034,2,2022/10/11,0.639,
08HB034,2,2022/10/12,0.637,
08HB034,2,2022/10/13,0.636,
08HB034,2,2022/10/14,0.638,
08HB034,2,2022/10/15,0.637,
08HB034,2,2022/10/16,0.637,
08HB034,2,2022/10/17,0.635,
08HB034,2,2022/10/18,0.638,
08HB034,2,2022/10/19,0.628,
08HB034,2,2022/10/20,0.624,
08HB034,2,2022/10/21,0.622,
08HB034,2,2022/10/22,0.631,
08HB034,2,2022/10/23,0.624,
08HB034,2,2022/10/24,0.638,
08HB034,2,2022/10/25,0.650,
08HB034,2,2022/10/26,0.669,
08HB034,2,2022/10/27,0.736,
08HB034,2,2022/10/28,1.078,
08HB034,2,2022/10/29,1.067,
08HB034,2,2022/10/30,1.589,
08HB034,2,2022/10/31,1.810,
08HB034,2,2022/11/01,1.512,
08HB034,2,2022/11/02,1.281,
08HB034,2,2022/11/03,1.126,
08HB034,2,2022/11/04,1.099,
08HB034,2,2022/11/05,1.369,
08HB034,2,2022/11/06,1.373,
08HB034,2,2022/11/07,1.248,
08HB034,2,2022/11/08,1.123,
08HB034,2,2022/11/09,1.023,
08HB034,2,2022/11/10,0.946,
08HB034,2,2022/11/11,0.890,
08HB034,2,2022/11/12,0.845,
08HB034,2,2022/11/13,0.807,
08HB034,2,2022/11/14,0.777,
08HB034,2,2022/11/15,0.754,
08HB034,2,2022/11/16,0.738,
08HB034,2,2022/11/17,0.725,
08HB034,2,2022/11/18,0.711,
08HB034,2,2022/11/19,0.697,
08HB034,2,2022/11/20,0.682,
08HB034,2,2022/11/21,0.671,
08HB034,2,2022/11/22,0.681,
08HB034,2,2022/11/23,0.801,
08HB034,2,2022/11/24,0.821,
08HB034,2,2022/11/25,0.849,
08HB034,2,2022/11/26,0.897,
08HB034,2,2022/11/27,1.075,
08HB034,2,2022/11/28,1.169,
08HB034,2,2022/11/29,1.132,
08HB034,2,2022/11/30,1.080,
08HB034,2,2022/12/01,0.999,
08HB034,2,2022/12/02,0.936,
08HB034,2,2022/12/03,0.906,
08HB034,2,2022/12/04,0.854,
08HB034,2,2022/12/05,0.808,
08HB034,2,2022/12/06,0.792,
08HB034,2,2022/12/07,0.773,
08HB034,2,2022/12/08,0.805,
08HB034,2,2022/12/09,0.842,
08HB034,2,2022/12/10,0.976,
08HB034,2,2022/12/11,1.062,
08HB034,2,2022/12/12,1.040,
08HB034,2,2022/12/13,1.002,
08HB034,2,2022/12/14,0.966,
08HB034,2,2022/12/15,0.930,
08HB034,2,2022/12/16,0.899,
08HB034,2,2022/12/17,0.878,
08HB034,2,2022/12/18,0.859,
08HB034,2,2022/12/19,0.834,
08HB034,2,2022/12/20,0.825,
08HB034,2,2022/12/21,0.804,
08HB034,2,2022/12/22,0.879,
08HB034,2,2022/12/23,0.825,
08HB034,2,2022/12/24,1.523,
08HB034,2,2022/12/25,2.579,
08HB034,2,2022/12/26,4.003,
08HB034,2,2022/12/27,4.120,
08HB034,2,2022/12/28,3.267,
08HB034,2,2022/12/29,2.518,
08HB034,2,2022/12/30,2.290,
08HB034,2,2022/12/31,2.387,
08HB034,2,2023/01/01,2.181,
08HB034,2,2023/01/02,1.910,
08HB034,2,2023/01/03,1.687,
08HB034,2,2023/01/04,1.524,
08HB034,2,2023/01/05,1.461,
08HB034,2,2023/01/06,1.776,
08HB034,2,2023/01/07,2.157,
08HB034,2,2023/01/08,2.286,
08HB034,2,2023/01/09,2.497,
08HB034,2,2023/01/10,2.534,
08HB034,2,2023/01/11,2.154,A
08HB034,2,2023/01/12,2.638,
08HB034,2,2023/01/13,4.265,
08HB034,2,2023/01/14,3.713,
08HB034,2,2023/01/15,2.855,
08HB034,2,2023/01/16,2.373,
08HB034,2,2023/01/17,2.097,
08HB034,2,2023/01/18,2.118,
08HB034,2,2023/01/19,2.105,
08HB034,2,2023/01/20,1.899,
08HB034,2,2023/01/21,1.712,
08HB034,2,2023/01/22,1.571,
08HB034,2,2023/01/23,1.457,
08HB034,2,2023/01/24,1.373,
08HB034,2,2023/01/25,1.311,
08HB034,2,2023/01/26,1.265,
08HB034,2,2023/01/27,1.233,
08HB034,2,2023/01/28,1.207,
08HB034,2,2023/01/29,1.173,
08HB034,2,2023/01/30,1.137,
08HB034,2,2023/01/31,1.108,
08HB034,2,2023/02/01,1.084,
08HB034,2,2023/02/02,1.058,
08HB034,2,2023/02/03,1.043,
08HB034,2,2023/02/04,1.236,
08HB034,2,2023/02/05,1.659,
08HB034,2,2023/02/06,1.734,
08HB034,2,2023/02/07,2.385,
08HB034,2,2023/02/08,2.549,
08HB034,2,2023/02/09,2.127,
08HB034,2,2023/02/10,2.006,
08HB034,2,2023/02/11,1.969,
08HB034,2,2023/02/12,1.799,
08HB034,2,2023/02/13,1.642,
08HB034,2,2023/02/14,1.524,
08HB034,2,2023/02/15,1.420,
08HB034,2,2023/02/16,1.340,
08HB034,2,2023/02/17,1.290,
08HB034,2,2023/02/18,1.239,
08HB034,2,2023/02/19,1.196,
08HB034,2,2023/02/20,1.168,
08HB034,2,2023/02/21,1.204,
08HB034,2,2023/02/22,1.253,
08HB034,2,2023/02/23,1.238,
08HB034,2,2023/02/24,1.182,
08HB034,2,2023/02/25,1.137,
08HB034,2,2023/02/26,1.117,
08HB034,2,2023/02/27,1.084,
08HB034,2,2023/02/28,1.063,
08HB034,2,2023/03/01,1.028,
08HB034,2,2023/03/02,1.016,
08HB034,2,2023/03/03,1.001,
08HB034,2,2023/03/04,1.010,
08HB034,2,2023/03/05,1.039,
08HB034,2,2023/03/06,1.047,
08HB034,2,2023/03/07,1.053,
08HB034,2,2023/03/08,1.042,
08HB034,2,2023/03/09,1.030,
08HB034,2,2023/03/10,1.030,
08HB034,2,2023/03/11,1.025,
08HB034,2,2023/03/12,1.035,
08HB034,2,2023/03/13,1.100,
08HB034,2,2023/03/14,1.132,
08HB034,2,2023/03/15,1.134,
08HB034,2,2023/03/16,1.122,
08HB034,2,2023/03/17,1.107,
08HB034,2,2023/03/18,1.086,
08HB034,2,2023/03/19,1.093,
08HB034,2,2023/03/20,1.139,
08HB034,2,2023/03/21,1.215,
08HB034,2,2023/03/22,1.253,
08HB034,2,2023/03/23,1.294,
08HB034,2,2023/03/24,1.323,
08HB034,2,2023/03/25,1.312,
08HB034,2,2023/03/26,1.269,
08HB034,2,2023/03/27,1.218,
08HB034,2,2023/03/28,1.173,
08HB034,2,2023/03/29,1.137,
08HB034,2,2023/03/30,1.112,
08HB034,2,2023/03/31,1.095,
08HB034,2,2023/04/01,1.090,
08HB034,2,2023/04/02,1.083,
08HB034,2,2023/04/03,1.072,
08HB034,2,2023/04/04,1.062,
08HB034,2,2023/04/05,1.031,
08HB034,2,2023/04/06,1.084,
08HB034,2,2023/04/07,1.726,
08HB034,2,2023/04/08,1.935,
08HB034,2,2023/04/09,2.755,
08HB034,2,2023/04/10,3.091,
08HB034,2,2023/04/11,2.399,
08HB034,2,2023/04/12,1.969,
08HB034,2,2023/04/13,1.704,
08HB034,2,2023/04/14,1.530,
08HB034,2,2023/04/15,1.414,
08HB034,2,2023/04/16,1.457,
08HB034,2,2023/04/17,1.584,
08HB034,2,2023/04/18,1.598,
08HB034,2,2023/04/19,1.536,
08HB034,2,2023/04/20,1.463,
08HB034,2,2023/04/21,1.509,
08HB034,2,2023/04/22,1.506,
08HB034,2,2023/04/23,1.583,
08HB034,2,2023/04/24,1.662,
08HB034,2,2023/04/25,1.648,
08HB034,2,2023/04/26,1.592,
08HB034,2,2023/04/27,1.561,
08HB034,2,2023/04/28,1.589,
08HB034,2,2023/04/29,1.775,
08HB034,2,2023/04/30,1.861,
08HB034,2,2023/05/01,1.756,
08HB034,2,2023/05/02,1.631,
08HB034,2,2023/05/03,1.689,
08HB034,2,2023/05/04,1.769,
08HB034,2,2023/05/05,1.785,
08HB034,2,2023/05/06,1.708,
08HB034,2,2023/05/07,1.562,
08HB034,2,2023/05/08,1.436,
08HB034,2,2023/05/09,1.356,
08HB034,2,2023/05/10,1.316,
08HB034,2,2023/05/11,1.261,
08HB034,2,2023/05/12,1.262,
08HB034,2,2023/05/13,1.312,
08HB034,2,2023/05/14,1.389,
08HB034,2,2023/05/15,1.448,
08HB034,2,2023/05/16,1.460,
08HB034,2,2023/05/17,1.438,
08HB034,2,2023/05/18,1.404,
08HB034,2,2023/05/19,1.345,
08HB034,2,2023/05/20,1.274,
08HB034,2,2023/05/21,1.206,
08HB034,2,2023/05/22,1.133,
08HB034,2,2023/05/23,1.071,
08HB034,2,2023/05/24,1.013,
08HB034,2,2023/05/25,0.969,
08HB034,2,2023/05/26,0.942,
08HB034,2,2023/05/27,0.931,
08HB034,2,2023/05/28,0.921,
08HB034,2,2023/05/29,0.900,
08HB034,2,2023/05/30,0.877,
08HB034,2,2023/05/31,0.842,
08HB034,2,2023/06/01,0.812,
08HB034,2,2023/06/02,0.775,
08HB034,2,2023/06/03,0.751,
08HB034,2,2023/06/04,0.734,
08HB034,2,2023/06/05,0.704,
08HB034,2,2023/06/06,0.682,
08HB034,2,2023/06/07,0.658,
08HB034,2,2023/06/08,0.653,
08HB034,2,2023/06/09,0.650,
08HB034,2,2023/06/10,0.705,
08HB034,2,2023/06/11,0.702,
08HB034,2,2023/06/12,0.680,
08HB034,2,2023/06/13,0.666,
08HB034,2,2023/06/14,0.654,
08HB034,2,2023/06/15,0.629,
08HB034,2,2023/06/16,0.620,
08HB034,2,2023/06/17,0.604,
08HB034,2,2023/06/18,0.593,
08HB034,2,2023/06/19,0.580,
08HB034,2,2023/06/20,0.602,
08HB034,2,2023/06/21,0.592,
08HB034,2,2023/06/22,0.583,
08HB034,2,2023/06/23,0.570,
08HB034,2,2023/06/24,0.568,
08HB034,2,2023/06/25,0.571,
08HB034,2,2023/06/26,0.568,
08HB034,2,2023/06/27,0.566,
08HB034,2,2023/06/28,0.562,
08HB034,2,2023/06/29,0.558,
08HB034,2,2023/06/30,0.556,
08HB034,2,2023/07/01,0.547,
08HB034,2,2023/07/02,0.541,
08HB034,2,2023/07/03,0.531,
08HB034,2,2023/07/04,0.520,
08HB034,2,2023/07/05,0.515,
08HB034,2,2023/07/06,0.516,
08HB034,2,2023/07/07,0.531,
08HB034,2,2023/07/08,0.567,
08HB034,2,2023/07/09,0.592,
08HB034,2,2023/07/10,0.600,
08HB034,2,2023/07/11,0.610,
08HB034,2,2023/07/12,0.614,
08HB034,2,2023/07/13,0.615,
08HB034,2,2023/07/14,0.616,
08HB034,2,2023/07/15,0.615,
08HB034,2,2023/07/16,0.613,
08HB034,2,2023/07/17,0.617,
08HB034,2,2023/07/18,0.603,
08HB034,2,2023/07/19,0.603,
08HB034,2,2023/07/20,0.602,
08HB034,2,2023/07/21,0.602,
08HB034,2,2023/07/22,0.603,
08HB034,2,2023/07/23,0.600,
08HB034,2,2023/07/24,0.615,
08HB034,2,2023/07/25,0.662,
08HB034,2,2023/07/26,0.654,
08HB034,2,2023/07/27,0.645,
08HB034,2,2023/07/28,0.636,
08HB034,2,2023/07/29,0.629,
08HB034,2,2023/07/30,0.624,
08HB034,2,2023/07/31,0.619,
08HB034,2,2023/08/01,0.616,
08HB034,2,2023/08/02,0.613,
08HB034,2,2023/08/03,0.611,
08HB034,2,2023/08/04,0.612,
08HB034,2,2023/08/05,0.613,
08HB034,2,2023/08/06,0.615,
08HB034,2,2023/08/07,0.618,
08HB034,2,2023/08/08,0.616,
08HB034,2,2023/08/09,0.638,
08HB034,2,2023/08/10,0.632,
08HB034,2,2023/08/11,0.626,
08HB034,2,2023/08/12,0.624,
08HB034,2,2023/08/13,0.620,
08HB034,2,2023/08/14,0.609,
08HB034,2,2023/08/15,0.602,
08HB034,2,2023/08/16,0.600,
08HB034,2,2023/08/17,0.614,
08HB034,2,2023/08/18,0.627,
08HB034,2,2023/08/19,0.642,
08HB034,2,2023/08/20,0.656,
08HB034,2,2023/08/21,0.661,
08HB034,2,2023/08/22,0.663,
08HB034,2,2023/08/23,0.668,
08HB034,2,2023/08/24,0.671,
08HB034,2,2023/08/25,0.671,
08HB034,2,2023/08/26,0.676,
08HB034,2,2023/08/27,0.671,
08HB034,2,2023/08/28,0.669,
08HB034,2,2023/08/29,0.681,
08HB034,2,2023/08/30,0.678,
08HB034,2,2023/08/31,0.676,
08HB034,2,2023/09/01,0.665,
08HB034,2,2023/09/02,0.652,
08HB034,2,2023/09/03,0.646,
08HB034,2,2023/09/04,0.643,
08HB034,2,2023/09/05,0.636,
08HB034,2,2023/09/06,0.641,
08HB034,2,2023/09/07,0.646,
08HB034,2,2023/09/08,0.642,
08HB034,2,2023/09/09,0.641,
08HB034,2,2023/09/10,0.640,
08HB034,2,2023/09/11,0.638,
08HB034,2,2023/09/12,0.635,
08HB034,2,2023/09/13,0.631,
08HB034,2,2023/09/14,0.626,
08HB034,2,2023/09/15,0.630,
08HB034,2,2023/09/16,0.632,
08HB034,2,2023/09/17,0.631,
08HB034,2,2023/09/18,0.631,
08HB034,2,2023/09/19,0.632,
08HB034,2,2023/09/20,0.643,
08HB034,2,2023/09/21,0.640,
08HB034,2,2023/09/22,0.638,
08HB034,2,2023/09/23,0.640,
08HB034,2,2023/09/24,0.644,
08HB034,2,2023/09/25,0.677,
08HB034,2,2023/09/26,0.781,
08HB034,2,2023/09/27,0.885,
08HB034,2,2023/09/28,0.918,
08HB034,2,2023/09/29,0.856,
08HB034,2,2023/09/30,0.794,
08HB034,2,2023/10/01,0.734,
08HB034,2,2023/10/02,0.696,
08HB034,2,2023/10/03,0.680,
08HB034,2,2023/10/04,0.676,
08HB034,2,2023/10/05,0.678,
08HB034,2,2023/10/06,0.677,
08HB034,2,2023/10/07,0.673,
08HB034,2,2023/10/08,0.668,
08HB034,2,2023/10/09,0.668,
08HB034,2,2023/10/10,0.687,
08HB034,2,2023/10/11,0.828,
08HB034,2,2023/10/12,0.903,
08HB034,2,2023/10/13,0.877,
08HB034,2,2023/10/14,0.823,
08HB034,2,2023/10/15,0.813,
08HB034,2,2023/10/16,0.974,
08HB034,2,2023/10/17,1.261,
08HB034,2,2023/10/18,2.246,
08HB034,2,2023/10/19,2.627,
08HB034,2,2023/10/20,2.190,
08HB034,2,2023/10/21,1.756,
08HB034,2,2023/10/22,1.467,
08HB034,2,2023/10/23,1.286,
08HB034,2,2023/10/24,1.213,
08HB034,2,2023/10/25,1.303,
08HB034,2,2023/10/26,1.240,
08HB034,2,2023/10/27,1.161,
08HB034,2,2023/10/28,1.097,
08HB034,2,2023/10/29,1.044,
08HB034,2,2023/10/30,1.001,
08HB034,2,2023/10/31,0.967,
08HB034,2,2023/11/01,0.960,
08HB034,2,2023/11/02,1.528,
08HB034,2,2023/11/03,1.837,
08HB034,2,2023/11/04,2.358,
08HB034,2,2023/11/05,2.588,
08HB034,2,2023/11/06,2.595,
08HB034,2,2023/11/07,2.265,
08HB034,2,2023/11/08,1.919,
08HB034,2,2023/11/09,1.673,
08HB034,2,2023/11/10,1.578,
08HB034,2,2023/11/11,2.799,
08HB034,2,2023/11/12,2.666,
08HB034,2,2023/11/13,2.214,
08HB034,2,2023/11/14,1.904,
08HB034,2,2023/11/15,1.676,
08HB034,2,2023/11/16,1.506,
08HB034,2,2023/11/17,1.383,
08HB034,2,2023/11/18,1.293,
08HB034,2,2023/11/19,1.229,
08HB034,2,2023/11/20,1.177,
08HB034,2,2023/11/21,1.140,
08HB034,2,2023/11/22,1.140,
08HB034,2,2023/11/23,1.120,
08HB034,2,2023/11/24,1.091,
08HB034,2,2023/11/25,1.063,
08HB034,2,2023/11/26,1.035,
08HB034,2,2023/11/27,1.008,
08HB034,2,2023/11/28,0.984,
08HB034,2,2023/11/29,0.961,
08HB034,2,2023/11/30,0.945,
08HB034,2,2023/12/01,0.943,
08HB034,2,2023/12/02,1.092,
08HB034,2,2023/12/03,1.194,
08HB034,2,2023/12/04,1.662,
08HB034,2,2023/12/05,3.399,
08HB034,2,2023/12/06,2.970,
08HB034,2,2023/12/07,2.405,
08HB034,2,2023/12/08,1.982,
08HB034,2,2023/12/09,1.725,
08HB034,2,2023/12/10,1.661,
08HB034,2,2023/12/11,1.663,
08HB034,2,2023/12/12,1.615,
08HB034,2,2023/12/13,1.539,
08HB034,2,2023/12/14,1.543,
08HB034,2,2023/12/15,1.705,
08HB034,2,2023/12/16,1.826,
08HB034,2,2023/12/17,1.741,
08HB034,2,2023/12/18,1.650,
08HB034,2,2023/12/19,1.645,
08HB034,2,2023/12/20,1.755,
08HB034,2,2023/12/21,1.751,
08HB034,2,2023/12/22,1.674,
08HB034,2,2023/12/23,1.594,
08HB034,2,2023/12/24,1.495,
08HB034,2,2023/12/25,1.519,
08HB034,2,2023/12/26,2.747,
08HB034,2,2023/12/27,2.554,
08HB034,2,2023/12/28,2.612,
08HB034,2,2023/12/29,2.692,
08HB034,2,2023/12/30,2.372,
08HB034,2,2023/12/31,2.099,
08HB034,2,2024/01/01,1.862,
08HB034,2,2024/01/02,1.673,
08HB034,2,2024/01/03,1.572,
08HB034,2,2024/01/04,1.503,
08HB034,2,2024/01/05,1.540,
08HB034,2,2024/01/06,2.178,
08HB034,2,2024/01/07,2.051,
08HB034,2,2024/01/08,1.819,
08HB034,2,2024/01/09,2.103,
08HB034,2,2024/01/10,2.177,
08HB034,2,2024/01/11,1.948,
08HB034,2,2024/01/12,1.710,
08HB034,2,2024/01/13,1.524,
08HB034,2,2024/01/14,1.400,
08HB034,2,2024/01/15,1.311,
08HB034,2,2024/01/16,1.245,
08HB034,2,2024/01/17,1.209,
08HB034,2,2024/01/18,1.162,
08HB034,2,2024/01/19,1.163,
08HB034,2,2024/01/20,1.238,
08HB034,2,2024/01/21,1.311,
08HB034,2,2024/01/22,1.659,
08HB034,2,2024/01/23,2.070,
08HB034,2,2024/01/24,2.301,
08HB034,2,2024/01/25,2.661,
08HB034,2,2024/01/26,2.580,
08HB034,2,2024/01/27,2.821,
08HB034,2,2024/01/28,3.400,
08HB034,2,2024/01/29,3.520,
08HB034,2,2024/01/30,3.273,
08HB034,2,2024/01/31,2.944,
08HB034,2,2024/02/01,2.773,
08HB034,2,2024/02/02,2.431,
08HB034,2,2024/02/03,2.113,
08HB034,2,2024/02/04,1.883,
08HB034,2,2024/02/05,1.696,
08HB034,2,2024/02/06,1.548,
08HB034,2,2024/02/07,1.437,
08HB034,2,2024/02/08,1.351,
08HB034,2,2024/02/09,1.279,
08HB034,2,2024/02/10,1.224,
08HB034,2,2024/02/11,1.242,
08HB034,2,2024/02/12,1.295,
08HB034,2,2024/02/13,1.296,
08HB034,2,2024/02/14,1.261,
08HB034,2,2024/02/15,1.222,
08HB034,2,2024/02/16,1.175,
08HB034,2,2024/02/17,1.134,
08HB034,2,2024/02/18,1.101,
08HB034,2,2024/02/19,1.071,
08HB034,2,2024/02/20,1.052,
08HB034,2,2024/02/21,1.054,
08HB034,2,2024/02/22,1.082,
08HB034,2,2024/02/23,1.086,
08HB034,2,2024/02/24,1.075,
08HB034,2,2024/02/25,1.062,
08HB034,2,2024/02/26,1.063,
08HB034,2,2024/02/27,1.072,
08HB034,2,2024/02/28,1.563,
08HB034,2,2024/02/29,2.588,
08HB034,2,2024/03/01,2.270,
08HB034,2,2024/03/02,1.922,
08HB034,2,2024/03/03,1.691,
08HB034,2,2024/03/04,1.533,
08HB034,2,2024/03/05,1.417,
08HB034,2,2024/03/06,1.332,
08HB034,2,2024/03/07,1.264,
08HB034,2,2024/03/08,1.234,
08HB034,2,2024/03/09,1.378,
08HB034,2,2024/03/10,1.873,
08HB034,2,2024/03/11,2.002,
08HB034,2,2024/03/12,2.185,
08HB034,2,2024/03/13,2.068,
08HB034,2,2024/03/14,1.844,
08HB034,2,2024/03/15,1.663,
08HB034,2,2024/03/16,1.589,
08HB034,2,2024/03/17,1.707,
08HB034,2,2024/03/18,1.799,
08HB034,2,2024/03/19,1.794,
08HB034,2,2024/03/20,1.748,
08HB034,2,2024/03/21,1.644,
08HB034,2,2024/03/22,1.549,
08HB034,2,2024/03/23,1.570,
08HB034,2,2024/03/24,1.643,
08HB034,2,2024/03/25,1.571,
08HB034,2,2024/03/26,1.486,
08HB034,2,2024/03/27,1.474,
08HB034,2,2024/03/28,1.528,
08HB034,2,2024/03/29,1.622,
08HB034,2,2024/03/30,1.622,
08HB034,2,2024/03/31,1.545,
08HB034,2,2024/04/01,1.457,
08HB034,2,2024/04/02,1.409,
08HB034,2,2024/04/03,1.415,
08HB034,2,2024/04/04,1.376,
08HB034,2,2024/04/05,1.282,
08HB034,2,2024/04/06,1.216,
08HB034,2,2024/04/07,1.167,
08HB034,2,2024/04/08,1.142,
08HB034,2,2024/04/09,1.330,
08HB034,2,2024/04/10,1.436,
08HB034,2,2024/04/11,1.400,
08HB034,2,2024/04/12,1.346,
08HB034,2,2024/04/13,1.267,
08HB034,2,2024/04/14,1.222,
08HB034,2,2024/04/15,1.192,
08HB034,2,2024/04/16,1.165,
08HB034,2,2024/04/17,1.121,
08HB034,2,2024/04/18,1.081,
08HB034,2,2024/04/19,1.043,
08HB034,2,2024/04/20,1.008,
08HB034,2,2024/04/21,0.999,
08HB034,2,2024/04/22,0.978,
08HB034,2,2024/04/23,0.966,
08HB034,2,2024/04/24,0.956,
08HB034,2,2024/04/25,0.975,
08HB034,2,2024/04/26,1.195,
08HB034,2,2024/04/27,1.358,
08HB034,2,2024/04/28,1.400,
08HB034,2,2024/04/29,1.435,
08HB034,2,2024/04/30,1.390,
08HB034,2,2024/05/01,1.306,
08HB034,2,2024/05/02,1.227,
08HB034,2,2024/05/03,1.158,
08HB034,2,2024/05/04,1.115,
08HB034,2,2024/05/05,1.101,
08HB034,2,2024/05/06,1.102,
08HB034,2,2024/05/07,1.106,
08HB034,2,2024/05/08,1.089,
08HB034,2,2024/05/09,1.034,
08HB034,2,2024/05/10,1.027,
08HB034,2,2024/05/11,1.041,
08HB034,2,2024/05/12,1.049,
08HB034,2,2024/05/13,1.035,
08HB034,2,2024/05/14,1.005,
08HB034,2,2024/05/15,0.968,
08HB034,2,2024/05/16,0.959,
08HB034,2,2024/05/17,0.925,
08HB034,2,2024/05/18,0.905,
08HB034,2,2024/05/19,0.881,
08HB034,2,2024/05/20,0.848,
08HB034,2,2024/05/21,0.839,
08HB034,2,2024/05/22,0.882,
08HB034,2,2024/05/23,0.870,
08HB034,2,2024/05/24,0.873,
08HB034,2,2024/05/25,0.905,
08HB034,2,2024/05/26,0.901,
08HB034,2,2024/05/27,0.912,
08HB034,2,2024/05/28,0.983,
08HB034,2,2024/05/29,1.042,
08HB034,2,2024/05/30,1.046,
08HB034,2,2024/05/31,1.008,
08HB034,2,2024/06/01,1.003,
08HB034,2,2024/06/02,0.987,
08HB034,2,2024/06/03,1.139,
08HB034,2,2024/06/04,1.608,
08HB034,2,2024/06/05,1.854,
08HB034,2,2024/06/06,1.629,
08HB034,2,2024/06/07,1.423,
08HB034,2,2024/06/08,1.276,
08HB034,2,2024/06/09,1.174,
08HB034,2,2024/06/10,1.090,
08HB034,2,2024/06/11,1.002,
08HB034,2,2024/06/12,0.959,
08HB034,2,2024/06/13,0.925,
08HB034,2,2024/06/14,0.899,
08HB034,2,2024/06/15,0.871,
08HB034,2,2024/06/16,0.855,
08HB034,2,2024/06/17,0.832,
08HB034,2,2024/06/18,0.816,
08HB034,2,2024/06/19,0.790,
08HB034,2,2024/06/20,0.764,
08HB034,2,2024/06/21,0.737,
08HB034,2,2024/06/22,0.717,
08HB034,2,2024/06/23,0.702,
08HB034,2,2024/06/24,0.677,
08HB034,2,2024/06/25,0.664,
08HB034,2,2024/06/26,0.658,
08HB034,2,2024/06/27,0.661,
08HB034,2,2024/06/28,0.647,
08HB034,2,2024/06/29,0.643,
08HB034,2,2024/06/30,0.653,
08HB034,2,2024/07/01,0.638,
08HB034,2,2024/07/02,0.614,
08HB034,2,2024/07/03,0.596,
08HB034,2,2024/07/04,0.613,
08HB034,2,2024/07/05,0.611,
08HB034,2,2024/07/06,0.608,
08HB034,2,2024/07/07,0.603,
08HB034,2,2024/07/08,0.602,
08HB034,2,2024/07/09,0.597,
08HB034,2,2024/07/10,0.589,
08HB034,2,2024/07/11,0.584,
08HB034,2,2024/07/12,0.582,
08HB034,2,2024/07/13,0.595,
08HB034,2,2024/07/14,0.606,
08HB034,2,2024/07/15,0.617,
08HB034,2,2024/07/16,0.626,
08HB034,2,2024/07/17,0.623,
08HB034,2,2024/07/18,0.625,
08HB034,2,2024/07/19,0.626,
08HB034,2,2024/07/20,0.645,
08HB034,2,2024/07/21,0.655,
08HB034,2,2024/07/22,0.657,
08HB034,2,2024/07/23,0.656,
08HB034,2,2024/07/24,0.656,
08HB034,2,2024/07/25,0.655,
08HB034,2,2024/07/26,0.655,
08HB034,2,2024/07/27,0.656,
08HB034,2,2024/07/28,0.654,
08HB034,2,2024/07/29,0.672,
08HB034,2,2024/07/30,0.683,
08HB034,2,2024/07/31,0.675,
08HB034,2,2024/08/01,0.671,
08HB034,2,2024/08/02,0.659,
08HB034,2,2024/08/03,0.653,
08HB034,2,2024/08/04,0.647,
08HB034,2,2024/08/05,0.642,
08HB034,2,2024/08/06,0.636,
08HB034,2,2024/08/07,0.637,
08HB034,2,2024/08/08,0.664,
08HB034,2,2024/08/09,0.668,
08HB034,2,2024/08/10,0.671,
08HB034,2,2024/08/11,0.675,
08HB034,2,2024/08/12,0.675,
08HB034,2,2024/08/13,0.682,
08HB034,2,2024/08/14,0.682,
08HB034,2,2024/08/15,0.674,
08HB034,2,2024/08/16,0.670,
08HB034,2,2024/08/17,0.670,
08HB034,2,2024/08/18,0.690,
08HB034,2,2024/08/19,0.692,
08HB034,2,2024/08/20,0.705,
08HB034,2,2024/08/21,0.706,
08HB034,2,2024/08/22,0.711,
08HB034,2,2024/08/23,0.710,
08HB034,2,2024/08/24,0.719,
08HB034,2,2024/08/25,0.704,
08HB034,2,2024/08/26,0.701,
08HB034,2,2024/08/27,0.656,
08HB034,2,2024/08/28,0.655,
08HB034,2,2024/08/29,0.642,
08HB034,2,2024/08/30,0.630,
08HB034,2,2024/08/31,0.653,
08HB034,2,2024/09/01,0.668,
08HB034,2,2024/09/02,0.659,
08HB034,2,2024/09/03,0.651,
08HB034,2,2024/09/04,0.647,
08HB034,2,2024/09/05,0.643,
08HB034,2,2024/09/06,0.642,
08HB034,2,2024/09/07,0.645,
08HB034,2,2024/09/08,0.644,
08HB034,2,2024/09/09,0.643,
08HB034,2,2024/09/10,0.642,
08HB034,2,2024/09/11,0.661,
08HB034,2,2024/09/12,0.657,
08HB034,2,2024/09/13,0.653,
08HB034,2,2024/09/14,0.668,
08HB034,2,2024/09/15,0.663,
08HB034,2,2024/09/16,0.658,
08HB034,2,2024/09/17,0.654,
08HB034,2,2024/09/18,0.654,
08HB034,2,2024/09/19,0.650,
08HB034,2,2024/09/20,0.647,
08HB034,2,2024/09/21,0.643,
08HB034,2,2024/09/22,0.645,
08HB034,2,2024/09/23,0.645,
08HB034,2,2024/09/24,0.649,
08HB034,2,2024/09/25,0.669,
08HB034,2,2024/09/26,0.629,
08HB034,2,2024/09/27,0.624,
08HB034,2,2024/09/28,0.711,
08HB034,2,2024/09/29,0.722,
08HB034,2,2024/09/30,0.715,
08HB034,2,2024/10/01,0.706,
08HB034,2,2024/10/02,0.694,
08HB034,2,2024/10/03,0.680,
08HB034,2,2024/10/04,0.682,
08HB034,2,2024/10/05,0.705,
08HB034,2,2024/10/06,0.718,
08HB034,2,2024/10/07,0.717,
08HB034,2,2024/10/08,0.724,
08HB034,2,2024/10/09,0.784,
08HB034,2,2024/10/10,0.858,
08HB034,2,2024/10/11,0.821,
08HB034,2,2024/10/12,0.708,
08HB034,2,2024/10/13,0.662,
08HB034,2,2024/10/14,0.641,
08HB034,2,2024/10/15,0.642,
08HB034,2,2024/10/16,0.662,
08HB034,2,2024/10/17,0.666,
08HB034,2,2024/10/18,0.695,
08HB034,2,2024/10/19,1.973,
08HB034,2,2024/10/20,2.483,
08HB034,2,2024/10/21,2.324,
08HB034,2,2024/10/22,1.877,
08HB034,2,2024/10/23,1.545,
08HB034,2,2024/10/24,1.340,
08HB034,2,2024/10/25,1.206,
08HB034,2,2024/10/26,1.246,
08HB034,2,2024/10/27,1.889,
08HB034,2,2024/10/28,2.349,
08HB034,2,2024/10/29,2.071,
08HB034,2,2024/10/30,1.749,
08HB034,2,2024/10/31,1.567,
08HB034,2,2024/11/01,1.549,
08HB034,2,2024/11/02,1.588,
08HB034,2,2024/11/03,1.496,
08HB034,2,2024/11/04,1.724,
08HB034,2,2024/11/05,1.927,
08HB034,2,2024/11/06,1.738,
08HB034,2,2024/11/07,1.535,
08HB034,2,2024/11/08,1.388,
08HB034,2,2024/11/09,1.386,
08HB034,2,2024/11/10,1.402,
08HB034,2,2024/11/11,1.901,
08HB034,2,2024/11/12,2.237,
08HB034,2,2024/11/13,2.908,
08HB034,2,2024/11/14,2.994,
08HB034,2,2024/11/15,2.453,
08HB034,2,2024/11/16,2.032,
08HB034,2,2024/11/17,1.919,
08HB034,2,2024/11/18,1.791,
08HB034,2,2024/11/19,1.639,
08HB034,2,2024/11/20,1.864,
08HB034,2,2024/11/21,1.967,
08HB034,2,2024/11/22,1.959,
08HB034,2,2024/11/23,2.507,
08HB034,2,2024/11/24,2.476,
08HB034,2,2024/11/25,2.225,
08HB034,2,2024/11/26,1.948,
08HB034,2,2024/11/27,1.724,
08HB034,2,2024/11/28,1.558,
08HB034,2,2024/11/29,1.442,
08HB034,2,2024/11/30,1.361,
08HB034,2,2024/12/01,1.310,
08HB034,2,2024/12/02,1.278,
08HB034,2,2024/12/03,1.249,
08HB034,2,2024/12/04,1.232,
08HB034,2,2024/12/05,1.222,
08HB034,2,2024/12/06,1.183,
08HB034,2,2024/12/07,1.487,
08HB034,2,2024/12/08,1.779,
08HB034,2,2024/12/09,1.731,
08HB034,2,2024/12/10,1.573,
08HB034,2,2024/12/11,1.431,
08HB034,2,2024/12/12,1.325,
08HB034,2,2024/12/13,1.276,
08HB034,2,2024/12/14,1.752,
08HB034,2,2024/12/15,2.271,
08HB034,2,2024/12/16,2.084,
08HB034,2,2024/12/17,1.903,
08HB034,2,2024/12/18,3.095,
08HB034,2,2024/12/19,2.800,
08HB034,2,2024/12/20,2.884,
08HB034,2,2024/12/21,2.660,
08HB034,2,2024/12/22,2.495,
08HB034,2,2024/12/23,2.723,
08HB034,2,2024/12/24,2.498,
08HB034,2,2024/12/25,2.366,
08HB034,2,2024/12/26,2.697,
08HB034,2,2024/12/27,2.497,
08HB034,2,2024/12/28,2.416,
08HB034,2,2024/12/29,2.432,
08HB034,2,2024/12/30,2.179,
08HB034,2,2024/12/31,1.922,