sys_nm,species,cuid,cunamepse,region,GFE_ID,streamid,lat,lon
ALASTAIR LAKE,Lake sockeye,171,Alastair,Skeena,461.0,6494,54.12901782,-129.1878075
ALASTAIR LAKE,Coho,202,Lower Skeena,Skeena,461.0,3212,54.12901782,-129.1878075
ALICE CREEK,Coho,202,Lower Skeena,Skeena,2344.0,2829,54.6852329,-128.7659019
ALPHA CREEK,Chum,220,Skeena Estuary,Skeena,1932.0,661,53.86273753,-130.2793322
ALPHA CREEK,Pink (even),219,Nass-Skeena Estuary (even),Skeena,1932.0,4281,53.86273753,-130.2793322
ALPHA CREEK,Pink (odd),223,Nass-Skeena Estuary (odd),Skeena,1932.0,5166,53.86273753,-130.2793322
ALWYN CREEK,Coho,202,Lower Skeena,Skeena,472.0,3220,54.46472176,-128.7407099
ALWYN CREEK,Chinook,210,Lower Skeena,Skeena,472.0,1855,54.46472176,-128.7407099
AMERICAN BAY CREEK,Pink (even),219,Nass-Skeena Estuary (even),Skeena,357.0,4329,54.6018651,-130.7533016
AMERICAN BAY CREEK,Coho,225,Skeena Estuary,Skeena,357.0,2878,54.6018651,-130.7533016
ANDALAS CREEK,Coho,202,Lower Skeena,Skeena,509.0,3082,54.34943745,-128.5919119
ANDALAS CREEK,Lake sockeye,177,Lakelse,Skeena,509.0,6433,54.34943745,-128.5919119
ANDESITE CREEK,Pink (even),219,Nass-Skeena Estuary (even),Skeena,468.0,4437,54.37907086,-129.1256248
ANDESITE CREEK,Chinook,210,Lower Skeena,Skeena,468.0,1853,54.37907086,-129.1256248
ANDESITE CREEK,Pink (odd),209,Lower Skeena River (odd),Skeena,468.0,5413,54.37907086,-129.1256248
ANDESITE CREEK,Chum,211,Lower Skeena,Skeena,468.0,895,54.37907086,-129.1256248
ANSEDAGAN CREEK,Pink (even),219,Nass-Skeena Estuary (even),Skeena,643.0,4398,55.14024066,-129.3630428
ASITKA RIVER,Coho,231,Upper Skeena,Skeena,625.0,3156,56.39390601,-126.7896884
ASITKA RIVER,Lake sockeye,190,Asitika,Skeena,625.0,6469,56.39390601,-126.7896884
ASITKA RIVER,Chinook,212,Upper Skeena,Skeena,625.0,1816,56.39390601,-126.7896884
ATNA RIVER,Lake sockeye,185,Morice/Atna,Skeena,7990596.0,6516,54.01719337,-127.7591331
AZUKLOTZ CREEK,Coho,231,Upper Skeena,Skeena,624.0,3155,56.09783052,-126.7554938
AZUKLOTZ CREEK,Lake sockeye,191,Azuklotz,Skeena,624.0,6468,56.09783052,-126.7554938
BABINE LAKE,Pink (even),218,Middle-Upper Skeena (even),Skeena,2107.0,10423,55.27790244,-126.6063978
BABINE LAKE,Coho,215,Middle Skeena,Skeena,2107.0,2869,55.27790244,-126.6063978
BABINE LAKE,Chinook,222,Middle Skeena-Large Lakes,Skeena,2107.0,1661,55.27790244,-126.6063978
BABINE RIVER - SECTION 4,Pink (odd),213,Middle-Upper Skeena (odd),Skeena,593.0,5469,55.41496955,-126.6840055
BABINE RIVER - SECTION 4,Lake sockeye,186,Nilkitkwa,Skeena,593.0,6525,55.41496955,-126.6840055
BABINE RIVER - SECTION 4,Pink (even),218,Middle-Upper Skeena (even),Skeena,593.0,4482,55.41496955,-126.6840055
BABINE RIVER - SECTION 4,Chum,214,Middle Skeena,Skeena,593.0,960,55.41496955,-126.6840055
BABINE RIVER - SECTION 4,Chinook,222,Middle Skeena-Large Lakes,Skeena,593.0,1885,55.41496955,-126.6840055
BABINE RIVER - SECTION 4,Coho,215,Middle Skeena,Skeena,593.0,3312,55.41496955,-126.6840055
BABINE RIVER - SECTION 5,Chinook,222,Middle Skeena-Large Lakes,Skeena,2108.0,1662,55.42543326,-126.6964702
BABINE RIVER - SECTION 5,Pink (odd),213,Middle-Upper Skeena (odd),Skeena,2108.0,5221,55.42543326,-126.6964702
BABINE RIVER - SECTION 5,Lake sockeye,186,Nilkitkwa,Skeena,2108.0,6271,55.42543326,-126.6964702
BABINE RIVER - SECTION 5,Pink (even),218,Middle-Upper Skeena (even),Skeena,2108.0,4326,55.42543326,-126.6964702
BABINE RIVER - SECTION 5,Coho,215,Middle Skeena,Skeena,2108.0,2870,55.42543326,-126.6964702
BABINE RIVER - SECTION 5,Chum,214,Middle Skeena,Skeena,2108.0,721,55.42543326,-126.6964702
BABINE RIVER-SECTIONS 1 TO 3,Pink (even),218,Middle-Upper Skeena (even),Skeena,592.0,3792,55.32954471,-126.6314094
BABINE RIVER-SECTIONS 1 TO 3,Coho,215,Middle Skeena,Skeena,592.0,3311,55.32954471,-126.6314094
BABINE RIVER-SECTIONS 1 TO 3,Chinook,222,Middle Skeena-Large Lakes,Skeena,592.0,1410,55.32954471,-126.6314094
BABINE RIVER-SECTIONS 1 TO 3,Lake sockeye,186,Nilkitkwa,Skeena,592.0,6524,55.32954471,-126.6314094
BABINE-UNACCOUNTED,Coho,215,Middle Skeena,Skeena,591.0,3310,55.32184197,-126.6285563
BARNES CREEK,Lake sockeye,187,Stephens,Skeena,3549.0,5778,55.81441305,-128.6846325
BEAR LAKE,Chinook,222,Middle Skeena-Large Lakes,Skeena,622.0,1815,56.18626576,-126.8653709
BEAR LAKE,Lake sockeye,192,Bear,Skeena,622.0,6466,56.18626576,-126.8653709
BEAR LAKE,Coho,231,Upper Skeena,Skeena,622.0,3153,56.18626576,-126.8653709
BEAR RIVER,Pink (even),219,Nass-Skeena Estuary (even),Skeena,1780.0,4158,55.91761535,-129.9893414
BEAR RIVER,Lake sockeye,192,Bear,Skeena,621.0,6465,56.27990046,-126.9707829
BEAR RIVER,Pink (odd),213,Middle-Upper Skeena (odd),Skeena,621.0,5356,56.27990046,-126.9707829
BEAR RIVER,Coho,231,Upper Skeena,Skeena,621.0,3152,56.27990046,-126.9707829
BEAR RIVER,Chinook,222,Middle Skeena-Large Lakes,Skeena,621.0,1814,56.27990046,-126.9707829
BEAR RIVER,Pink (even),218,Middle-Upper Skeena (even),Skeena,621.0,4386,56.27990046,-126.9707829
BEAVERLODGE CREEK,Coho,215,Middle Skeena,Skeena,580.0,3302,55.66614152,-128.2963262
BEIRNES CREEK,Coho,231,Upper Skeena,Skeena,19720.0,3770,56.9469006,-128.3839005
BELLE BAY CREEK,Pink (even),219,Nass-Skeena Estuary (even),Skeena,1774.0,4154,55.28930403,-129.9439378
BERN-ANN CREEK,Lake sockeye,180,Babine/Onerka,Skeena,2109.0,6272,54.5052631,-125.5946646
BIG FALLS CREEK,Chum,211,Lower Skeena,Skeena,450.0,884,53.97895447,-129.7438778
BIG FALLS CREEK,Pink (even),219,Nass-Skeena Estuary (even),Skeena,450.0,4425,53.97895447,-129.7438778
BIG FALLS CREEK,Pink (odd),209,Lower Skeena River (odd),Skeena,450.0,5399,53.97895447,-129.7438778
BIG FALLS CREEK,Chinook,205,Ecstall,Skeena,450.0,1844,53.97895447,-129.7438778
BIG FISH CREEK,Coho,215,Middle Skeena,Skeena,574.0,3297,55.5943799,-128.1132159
BIG LOON CREEK,Coho,215,Middle Skeena,Skeena,607.0,3320,54.790273,-125.9196131
BIG LOON CREEK,Lake sockeye,180,Babine/Onerka,Skeena,607.0,6538,54.790273,-125.9196131
BILLY CREEK,Chum,220,Skeena Estuary,Skeena,1956.0,680,53.85966007,-130.4391046
BILLY CREEK,Pink (odd),223,Nass-Skeena Estuary (odd),Skeena,1956.0,5188,53.85966007,-130.4391046
BILLY CREEK,Pink (even),219,Nass-Skeena Estuary (even),Skeena,1956.0,4303,53.85966007,-130.4391046
BLACKWATER CREEK,Coho,202,Lower Skeena,Skeena,516.0,3089,54.41457617,-128.5264308
BLACKWATER CREEK,Lake sockeye,177,Lakelse,Skeena,516.0,6439,54.41457617,-128.5264308
BOAT HARBOUR CREEK,Pink (even),219,Nass-Skeena Estuary (even),Skeena,1740.0,4123,54.59079327,-130.9297745
BOUCHER CREEK,Pink (odd),213,Middle-Upper Skeena (odd),Skeena,596.0,5471,55.41561476,-126.6837607
BOUCHER CREEK,Lake sockeye,180,Babine/Onerka,Skeena,596.0,6528,55.41561476,-126.6837607
BOUCHER CREEK,Pink (even),218,Middle-Upper Skeena (even),Skeena,596.0,4484,55.41561476,-126.6837607
BOUCHER CREEK,Coho,215,Middle Skeena,Skeena,596.0,3315,55.41561476,-126.6837607
BOUCHER CREEK,Chinook,222,Middle Skeena-Large Lakes,Skeena,596.0,1888,55.41561476,-126.6837607
BROWN PAINT CREEK,Coho,215,Middle Skeena,Skeena,2798.0,2134,55.66384141,-128.3170786
BRUNDIGE CREEK,Chum,220,Skeena Estuary,Skeena,1741.0,514,54.58125535,-130.8985888
BRUNDIGE CREEK,Pink (even),219,Nass-Skeena Estuary (even),Skeena,1741.0,4124,54.58125535,-130.8985888
BRUNDIGE CREEK,Pink (odd),223,Nass-Skeena Estuary (odd),Skeena,1741.0,5017,54.58125535,-130.8985888
BRUNDIGE CREEK,Coho,225,Skeena Estuary,Skeena,1741.0,2620,54.58125535,-130.8985888
BRUNDIGE CREEK WEST,Pink (even),219,Nass-Skeena Estuary (even),Skeena,2313.0,4318,54.59780466,-130.8858135
BRUNDIGE CREEK WEST,Pink (odd),223,Nass-Skeena Estuary (odd),Skeena,2313.0,5210,54.59780466,-130.8858135
BRUNDIGE CREEK WEST,Chum,220,Skeena Estuary,Skeena,2313.0,710,54.59780466,-130.8858135
BUCK CREEK,Chinook,221,Upper Bulkley River,Skeena,563.0,1872,54.40319161,-126.6590149
BUCK CREEK,Coho,215,Middle Skeena,Skeena,563.0,3286,54.40319161,-126.6590149
BUCK CREEK,Pink (odd),213,Middle-Upper Skeena (odd),Skeena,563.0,5456,54.40319161,-126.6590149
BULKLEY RIVER,Steelhead,287,Bulkley,Skeena,,9724,54.931604,-127.300022
BULKLEY RIVER - LOWER,River sockeye,226,Skeena River (river-type),Skeena,540.0,6453,55.24622142,-127.674874
BULKLEY RIVER - LOWER,Chinook,217,Middle Skeena-Mainstem Tributaries,Skeena,540.0,1807,55.24622142,-127.674874
BULKLEY RIVER - LOWER,Pink (odd),213,Middle-Upper Skeena (odd),Skeena,540.0,5333,55.24622142,-127.674874
BULKLEY RIVER - LOWER,Coho,215,Middle Skeena,Skeena,540.0,3110,55.24622142,-127.674874
BULKLEY RIVER - LOWER,Pink (even),218,Middle-Upper Skeena (even),Skeena,540.0,4373,55.24622142,-127.674874
BULKLEY RIVER - UPPER,Coho,215,Middle Skeena,Skeena,541.0,3111,54.3953496,-126.7092918
BULKLEY RIVER - UPPER,River sockeye,226,Skeena River (river-type),Skeena,541.0,6454,54.3953496,-126.7092918
BULKLEY RIVER - UPPER,Pink (odd),213,Middle-Upper Skeena (odd),Skeena,541.0,5334,54.3953496,-126.7092918
BULKLEY RIVER - UPPER,Pink (even),218,Middle-Upper Skeena (even),Skeena,541.0,4374,54.3953496,-126.7092918
BULKLEY RIVER - UPPER,Chinook,221,Upper Bulkley River,Skeena,541.0,1808,54.3953496,-126.7092918
BURDICK CREEK,Pink (odd),213,Middle-Upper Skeena (odd),Skeena,492.0,5306,55.17995495,-127.7590055
BURDICK CREEK,Pink (even),218,Middle-Upper Skeena (even),Skeena,492.0,4346,55.17995495,-127.7590055
BURDICK CREEK,Coho,215,Middle Skeena,Skeena,492.0,3068,55.17995495,-127.7590055
CANYON CREEK,Coho,215,Middle Skeena,Skeena,553.0,3277,54.82357512,-127.1508196
CASCADE CREEK,Pink (even),219,Nass-Skeena Estuary (even),Skeena,1766.0,4146,55.36868266,-129.8330803
CAUSQUA CREEK,Pink (odd),213,Middle-Upper Skeena (odd),Skeena,547.0,5339,55.03626226,-127.3071692
CAUSQUA CREEK,Pink (even),218,Middle-Upper Skeena (even),Skeena,547.0,4379,55.03626226,-127.3071692
CEDAR CREEK,Pink (even),219,Nass-Skeena Estuary (even),Skeena,2308.0,4314,54.59938424,-129.9602949
CEDAR RIVER,Chinook,206,Kalum-Early,Skeena,531.0,1801,54.83316537,-128.8429245
CEDAR RIVER,Lake sockeye,176,Kitsumkalum,Skeena,531.0,6448,54.83316537,-128.8429245
CEDAR RIVER,Coho,202,Lower Skeena,Skeena,531.0,3103,54.83316537,-128.8429245
CHAMBERS CREEK,Pink (even),219,Nass-Skeena Estuary (even),Skeena,631.0,4389,54.91655704,-129.9974725
CHICAGO CREEK,Coho,215,Middle Skeena,Skeena,493.0,3069,55.22080984,-127.6853392
CHICAGO CREEK,Chum,214,Middle Skeena,Skeena,493.0,807,55.22080984,-127.6853392
CHICAGO CREEK,Pink (odd),213,Middle-Upper Skeena (odd),Skeena,493.0,5307,55.22080984,-127.6853392
CHICAGO CREEK,Pink (even),218,Middle-Upper Skeena (even),Skeena,493.0,4347,55.22080984,-127.6853392
CHIMDEMASH CREEK,Pink (odd),209,Lower Skeena River (odd),Skeena,480.0,5354,54.664963,-128.3761638
CHIMDEMASH CREEK,Pink (even),219,Nass-Skeena Estuary (even),Skeena,480.0,4385,54.664963,-128.3761638
CHIPMUNK CREEK,Coho,231,Upper Skeena,Skeena,2833.0,2138,56.69666373,-127.802204
CHISMORE CREEK,Pink (even),219,Nass-Skeena Estuary (even),Skeena,1953.0,4300,54.03055179,-130.2972897
CHISMORE CREEK,Pink (odd),223,Nass-Skeena Estuary (odd),Skeena,1953.0,5185,54.03055179,-130.2972897
CLAY CREEK,Pink (odd),209,Lower Skeena River (odd),Skeena,462.0,5410,54.31744042,-129.2057641
CLAY CREEK,Chinook,210,Lower Skeena,Skeena,462.0,1850,54.31744042,-129.2057641
CLAY CREEK,Pink (even),219,Nass-Skeena Estuary (even),Skeena,462.0,4435,54.31744042,-129.2057641
CLAY CREEK,Coho,202,Lower Skeena,Skeena,462.0,3213,54.31744042,-129.2057641
CLAY CREEK,Chum,211,Lower Skeena,Skeena,462.0,892,54.31744042,-129.2057641
CLEAR CREEK,Chinook,206,Kalum-Early,Skeena,530.0,1800,54.82455618,-128.7907802
CLEAR CREEK,Lake sockeye,176,Kitsumkalum,Skeena,530.0,6447,54.82455618,-128.7907802
CLEAR CREEK,Coho,202,Lower Skeena,Skeena,530.0,3102,54.82455618,-128.7907802
CLEARWATER CREEK,Coho,202,Lower Skeena,Skeena,510.0,3083,54.3451545,-128.5894548
CLEARWATER CREEK,Pink (odd),209,Lower Skeena River (odd),Skeena,510.0,5318,54.3451545,-128.5894548
CLEARWATER CREEK,Lake sockeye,177,Lakelse,Skeena,510.0,6434,54.3451545,-128.5894548
CLIFF CREEK,Pink (even),219,Nass-Skeena Estuary (even),Skeena,377.0,4334,54.62129,-130.0213822
CLIFFORD CREEK,Pink (odd),213,Middle-Upper Skeena (odd),Skeena,577.0,5466,55.65566219,-128.2102589
CLIFFORD CREEK,Coho,215,Middle Skeena,Skeena,577.0,3299,55.65566219,-128.2102589
CLIFFORD CREEK,Pink (even),218,Middle-Upper Skeena (even),Skeena,577.0,4479,55.65566219,-128.2102589
CLUB CREEK - LOWER (BETWEEN CLUB LAKE AND STEPHENS LAKE),Chinook,217,Middle Skeena-Mainstem Tributaries,Skeena,586.0,1883,55.78845685,-128.6130983
CLUB CREEK - LOWER (BETWEEN CLUB LAKE AND STEPHENS LAKE),Lake sockeye,187,Stephens,Skeena,586.0,6521,55.78845685,-128.6130983
CLUB CREEK - LOWER (BETWEEN CLUB LAKE AND STEPHENS LAKE),Coho,215,Middle Skeena,Skeena,586.0,3308,55.78845685,-128.6130983
CLUB CREEK - UPPER,Coho,215,Middle Skeena,Skeena,587.0,3309,55.79515775,-128.6239246
CLUB CREEK - UPPER,Lake sockeye,187,Stephens,Skeena,587.0,6522,55.79515775,-128.6239246
CLUB CREEK - UPPER,Chinook,217,Middle Skeena-Mainstem Tributaries,Skeena,587.0,1884,55.79515775,-128.6239246
COHOE CREEK,Coho,202,Lower Skeena,Skeena,532.0,3104,54.8314322,-129.233858
COLDWATER CREEK,Pink (odd),209,Lower Skeena River (odd),Skeena,507.0,5316,54.38924951,-128.6302456
COLDWATER CREEK,Coho,202,Lower Skeena,Skeena,507.0,3080,54.38924951,-128.6302456
COLDWATER CREEK,Chinook,227,Lakelse,Skeena,507.0,1790,54.38924951,-128.6302456
COLDWATER CREEK,Pink (even),219,Nass-Skeena Estuary (even),Skeena,507.0,4357,54.38924951,-128.6302456
COLE CREEK,Coho,202,Lower Skeena,Skeena,2356.0,2840,54.47341605,-127.9205647
COMEAU CREEK,Chinook,217,Middle Skeena-Mainstem Tributaries,Skeena,491.0,1780,55.15640138,-127.7777547
COMEAU CREEK,Pink (even),218,Middle-Upper Skeena (even),Skeena,491.0,4345,55.15640138,-127.7777547
COMEAU CREEK,Coho,215,Middle Skeena,Skeena,491.0,3067,55.15640138,-127.7777547
COMEAU CREEK,Chum,214,Middle Skeena,Skeena,491.0,806,55.15640138,-127.7777547
COMEAU CREEK,Pink (odd),213,Middle-Upper Skeena (odd),Skeena,491.0,5305,55.15640138,-127.7777547
COTE CREEK,Coho,202,Lower Skeena,Skeena,2355.0,2839,54.34918501,-128.6474157
CRAG CREEK,Pink (even),219,Nass-Skeena Estuary (even),Skeena,2312.0,4317,54.80406871,-130.3631934
CROSS CREEK,Lake sockeye,180,Babine/Onerka,Skeena,612.0,6502,54.51266329,-125.7000782
CROW LAGOON CREEK,Pink (even),219,Nass-Skeena Estuary (even),Skeena,2307.0,4313,54.70826643,-130.2110652
CULLON CREEK,Pink (odd),213,Middle-Upper Skeena (odd),Skeena,571.0,5462,55.56749798,-127.901624
CULLON CREEK,Coho,215,Middle Skeena,Skeena,571.0,3294,55.56749798,-127.901624
CULLON CREEK,Chinook,217,Middle Skeena-Mainstem Tributaries,Skeena,571.0,1879,55.56749798,-127.901624
CULLON CREEK,Pink (even),218,Middle-Upper Skeena (even),Skeena,571.0,4475,55.56749798,-127.901624
CULLON CREEK,Chum,214,Middle Skeena,Skeena,571.0,957,55.56749798,-127.901624
CULP CREEK,Coho,202,Lower Skeena,Skeena,2354.0,2838,54.67143944,-128.7237117
DAK RIVER,Pink (even),219,Nass-Skeena Estuary (even),Skeena,2236.0,10422,55.4947762,-129.4778696
DAMSHILGWIT CREEK,Chinook,217,Middle Skeena-Mainstem Tributaries,Skeena,499.0,1784,56.39726515,-127.9224364
DAMSHILGWIT CREEK,Chum,242,Upper Skeena,Skeena,499.0,10418,56.39726515,-127.9224364
DAMSHILGWIT CREEK,Pink (even),218,Middle-Upper Skeena (even),Skeena,499.0,4353,56.39726515,-127.9224364
DAMSHILGWIT CREEK,Coho,231,Upper Skeena,Skeena,499.0,3074,56.39726515,-127.9224364
DAMSHILGWIT CREEK,Pink (odd),213,Middle-Upper Skeena (odd),Skeena,499.0,5312,56.39726515,-127.9224364
DAMSHILGWIT CREEK,Lake sockeye,193,Damshilgwit,Skeena,499.0,6427,56.39726515,-127.9224364
DASQUE CREEK,Coho,202,Lower Skeena,Skeena,2601.0,2815,54.39264043,-128.9238213
DASQUE CREEK,River sockeye,226,Skeena River (river-type),Skeena,2601.0,10427,54.39264043,-128.9238213
DASQUE CREEK,Pink (even),219,Nass-Skeena Estuary (even),Skeena,2601.0,10424,54.39264043,-128.9238213
DASQUE CREEK,Chum,211,Lower Skeena,Skeena,2601.0,1384,54.39264043,-128.9238213
DASQUE CREEK,Pink (odd),209,Lower Skeena River (odd),Skeena,2601.0,10426,54.39264043,-128.9238213
DATE CREEK,Pink (odd),213,Middle-Upper Skeena (odd),Skeena,567.0,5458,55.38360669,-127.6911415
DATE CREEK,Coho,215,Middle Skeena,Skeena,567.0,3290,55.38360669,-127.6911415
DATE CREEK,Pink (even),218,Middle-Upper Skeena (even),Skeena,567.0,4471,55.38360669,-127.6911415
DATE CREEK,Chum,214,Middle Skeena,Skeena,567.0,954,55.38360669,-127.6911415
DATE CREEK,Chinook,217,Middle Skeena-Mainstem Tributaries,Skeena,567.0,1876,55.38360669,-127.6911415
DEEP CANOE CREEK,Pink (even),218,Middle-Upper Skeena (even),Skeena,497.0,4351,55.76823743,-127.9626769
DEEP CANOE CREEK,Chinook,217,Middle Skeena-Mainstem Tributaries,Skeena,497.0,1782,55.76823743,-127.9626769
DEEP CANYON CREEK,Pink (odd),213,Middle-Upper Skeena (odd),Skeena,538.0,5332,55.02632549,-127.7453281
DEEP CANYON CREEK,Pink (even),218,Middle-Upper Skeena (even),Skeena,538.0,4372,55.02632549,-127.7453281
DEEP CREEK,Pink (even),219,Nass-Skeena Estuary (even),Skeena,523.0,4367,54.56445568,-128.6628047
DEEP CREEK,Coho,202,Lower Skeena,Skeena,523.0,3095,54.56445568,-128.6628047
DEEP CREEK,Chum,211,Lower Skeena,Skeena,523.0,813,54.56445568,-128.6628047
DEEP CREEK,Pink (odd),209,Lower Skeena River (odd),Skeena,523.0,5327,54.56445568,-128.6628047
DEEP CREEK,Chinook,207,Kalum-Late,Skeena,523.0,1796,54.56445568,-128.6628047
DEEP CREEK,Coho,215,Middle Skeena,Skeena,2656.0,10419,54.58591569,-126.8526014
DENISE CREEK,Chum,220,Skeena Estuary,Skeena,1735.0,509,54.28488033,-130.146396
DENISE CREEK,Pink (odd),223,Nass-Skeena Estuary (odd),Skeena,1735.0,5012,54.28488033,-130.146396
DENISE CREEK,Pink (even),219,Nass-Skeena Estuary (even),Skeena,1735.0,4118,54.28488033,-130.146396
DENISE CREEK,Coho,225,Skeena Estuary,Skeena,1735.0,2615,54.28488033,-130.146396
DIANA LAKE CREEK,Lake sockeye,291,Prudhomme,Skeena,1733.0,6077,54.23687877,-130.1525832
DIANA LAKE CREEK,Coho,225,Skeena Estuary,Skeena,1733.0,2613,54.23687877,-130.1525832
DIANA LAKE CREEK,Pink (even),219,Nass-Skeena Estuary (even),Skeena,1733.0,4116,54.23687877,-130.1525832
DIANA LAKE CREEK,Chinook,224,Skeena Estuary,Skeena,1733.0,1561,54.23687877,-130.1525832
DIANA LAKE CREEK,Chum,220,Skeena Estuary,Skeena,1733.0,508,54.23687877,-130.1525832
DIANA LAKE CREEK,Pink (odd),223,Nass-Skeena Estuary (odd),Skeena,1733.0,5011,54.23687877,-130.1525832
DISKANGIEQ CREEK,Pink (even),219,Nass-Skeena Estuary (even),Skeena,638.0,4394,55.03681921,-129.5509499
DOG TAG CREEK,Chum,211,Lower Skeena,Skeena,463.0,34,54.29147189,-129.194939
DOG TAG CREEK,Chinook,210,Lower Skeena,Skeena,463.0,1407,54.29147189,-129.194939
DOG TAG CREEK,Pink (even),219,Nass-Skeena Estuary (even),Skeena,463.0,3789,54.29147189,-129.194939
DOG TAG CREEK,Coho,202,Lower Skeena,Skeena,463.0,2139,54.29147189,-129.194939
DOG TAG CREEK,Pink (odd),209,Lower Skeena River (odd),Skeena,463.0,4790,54.29147189,-129.194939
DOGFISH CREEK,Pink (even),219,Nass-Skeena Estuary (even),Skeena,1768.0,4148,55.05688157,-130.1433007
DONAHUE CREEK,Pink (even),219,Nass-Skeena Estuary (even),Skeena,1776.0,4156,55.47461787,-130.0448377
DONALDS CREEK,Lake sockeye,180,Babine/Onerka,Skeena,613.0,6503,54.49081734,-125.6455451
DRIFTWOOD CREEK,Coho,215,Middle Skeena,Skeena,552.0,3276,54.84773683,-127.1644963
DRY CREEK,Lake sockeye,176,Kitsumkalum,Skeena,529.0,6446,54.82246686,-128.7830861
DRY CREEK,Coho,202,Lower Skeena,Skeena,529.0,3101,54.82246686,-128.7830861
ECSTALL RIVER,Lake sockeye,174,Ecstall/Lower,Skeena,447.0,6490,54.16636059,-129.9584096
ECSTALL RIVER,Chinook,205,Ecstall,Skeena,447.0,1843,54.16636059,-129.9584096
ECSTALL RIVER,Pink (odd),209,Lower Skeena River (odd),Skeena,447.0,5396,54.16636059,-129.9584096
ECSTALL RIVER,Coho,202,Lower Skeena,Skeena,447.0,3201,54.16636059,-129.9584096
ECSTALL RIVER,Chum,211,Lower Skeena,Skeena,447.0,882,54.16636059,-129.9584096
ECSTALL RIVER,Pink (even),219,Nass-Skeena Estuary (even),Skeena,447.0,4422,54.16636059,-129.9584096
ELF CREEK,Coho,202,Lower Skeena,Skeena,2351.0,2835,54.38175962,-127.9924001
ENSHESHESE RIVER,Pink (even),219,Nass-Skeena Estuary (even),Skeena,1751.0,4132,54.5077876,-130.2271679
ERLANDSEN CREEK,Chum,211,Lower Skeena,Skeena,474.0,900,54.54287867,-128.7397515
ERLANDSEN CREEK,Coho,202,Lower Skeena,Skeena,474.0,3222,54.54287867,-128.7397515
ERLANDSEN CREEK,Chinook,210,Lower Skeena,Skeena,474.0,1857,54.54287867,-128.7397515
ERLANDSEN CREEK,Pink (even),219,Nass-Skeena Estuary (even),Skeena,474.0,4442,54.54287867,-128.7397515
ERLANDSEN CREEK,Pink (odd),209,Lower Skeena River (odd),Skeena,474.0,5418,54.54287867,-128.7397515
ESKER SLOUGH,River sockeye,226,Skeena River (river-type),Skeena,364.0,6335,54.39582069,-129.0397141
ESKER SLOUGH,Coho,202,Lower Skeena,Skeena,364.0,2882,54.39582069,-129.0397141
EXCHAMSIKS RIVER,River sockeye,226,Skeena River (river-type),Skeena,504.0,6431,54.33220531,-129.2959724
EXCHAMSIKS RIVER,Chinook,210,Lower Skeena,Skeena,504.0,1787,54.33220531,-129.2959724
EXCHAMSIKS RIVER,Pink (even),219,Nass-Skeena Estuary (even),Skeena,504.0,4354,54.33220531,-129.2959724
EXCHAMSIKS RIVER,Pink (odd),209,Lower Skeena River (odd),Skeena,504.0,5313,54.33220531,-129.2959724
EXCHAMSIKS RIVER,Coho,202,Lower Skeena,Skeena,504.0,3077,54.33220531,-129.2959724
EXCHAMSIKS RIVER,Chum,211,Lower Skeena,Skeena,504.0,808,54.33220531,-129.2959724
EXSTEW RIVER,Coho,202,Lower Skeena,Skeena,469.0,3217,54.39809355,-129.0593142
EXSTEW RIVER,Chum,211,Lower Skeena,Skeena,469.0,896,54.39809355,-129.0593142
EXSTEW RIVER,Chinook,210,Lower Skeena,Skeena,469.0,1854,54.39809355,-129.0593142
EXSTEW RIVER,River sockeye,226,Skeena River (river-type),Skeena,469.0,6498,54.39809355,-129.0593142
EXSTEW RIVER,Pink (odd),209,Lower Skeena River (odd),Skeena,469.0,5414,54.39809355,-129.0593142
EXSTEW RIVER,Pink (even),219,Nass-Skeena Estuary (even),Skeena,469.0,4438,54.39809355,-129.0593142
EXSTEW SLOUGH,Chum,211,Lower Skeena,Skeena,444.0,880,54.39867765,-129.0592478
EXSTEW SLOUGH,Pink (odd),209,Lower Skeena River (odd),Skeena,444.0,5393,54.39867765,-129.0592478
EXSTEW SLOUGH,Pink (even),219,Nass-Skeena Estuary (even),Skeena,444.0,4419,54.39867765,-129.0592478
FALLS CREEK,Coho,215,Middle Skeena,Skeena,2000.0,2877,55.80767085,-128.6439873
FALLS CREEK,Lake sockeye,187,Stephens,Skeena,2000.0,6281,55.80767085,-128.6439873
FIDDLER CREEK,Chinook,210,Lower Skeena,Skeena,482.0,1777,54.85891386,-128.3647402
FIDDLER CREEK,Chum,211,Lower Skeena,Skeena,482.0,803,54.85891386,-128.3647402
FIDDLER CREEK,Pink (odd),209,Lower Skeena River (odd),Skeena,482.0,5299,54.85891386,-128.3647402
FIDDLER CREEK,Pink (even),219,Nass-Skeena Estuary (even),Skeena,482.0,4339,54.85891386,-128.3647402
FIDDLER CREEK,Coho,202,Lower Skeena,Skeena,482.0,3063,54.85891386,-128.3647402
FIVE MILE CREEK,Lake sockeye,180,Babine/Onerka,Skeena,598.0,6530,55.25585978,-126.600448
FIVE MILE CREEK,Pink (odd),213,Middle-Upper Skeena (odd),Skeena,598.0,5473,55.25585978,-126.600448
FLEWIN CREEK,Pink (even),219,Nass-Skeena Estuary (even),Skeena,632.0,4390,54.9344765,-129.9283836
FOOTE CREEK,Pink (odd),223,Nass-Skeena Estuary (odd),Skeena,1960.0,5192,54.03069736,-130.4211647
FOOTE CREEK,Pink (even),219,Nass-Skeena Estuary (even),Skeena,1960.0,4307,54.03069736,-130.4211647
FOOTE CREEK,Chum,220,Skeena Estuary,Skeena,1960.0,682,54.03069736,-130.4211647
FOOTSORE LAKE CREEK,Coho,215,Middle Skeena,Skeena,582.0,3304,55.72255869,-128.4585118
FOOTSORE LAKE CREEK - UPPER,Coho,215,Middle Skeena,Skeena,583.0,3305,55.73910089,-128.4860097
FORKS CREEK,Lake sockeye,180,Babine/Onerka,Skeena,600.0,6532,55.0481232,-126.3743652
FORTUNE CREEK,Pink (even),219,Nass-Skeena Estuary (even),Skeena,359.0,4331,54.30074319,-129.9956371
FOUR MILE CREEK,Lake sockeye,180,Babine/Onerka,Skeena,616.0,6460,54.46178203,-125.3129721
FULTON RIVER,Coho,215,Middle Skeena,Skeena,501254.0,2140,54.81431505,-126.1461941
FULTON RIVER,Lake sockeye,203,Babine (enhanced),Skeena,501254.0,5796,54.81431505,-126.1461941
FULTON RIVER,Chinook,222,Middle Skeena-Large Lakes,Skeena,501254.0,1408,54.81431505,-126.1461941
FULTON RIVER,Pink (even),218,Middle-Upper Skeena (even),Skeena,501254.0,3790,54.81431505,-126.1461941
FULTON RIVER,Pink (odd),213,Middle-Upper Skeena (odd),Skeena,501254.0,4791,54.81431505,-126.1461941
FULTON RIVER - ABOVE WEIR,Chinook,222,Middle Skeena-Large Lakes,Skeena,2110.0,1663,54.81576489,-126.1635573
FULTON RIVER - ABOVE WEIR,Pink (even),218,Middle-Upper Skeena (even),Skeena,2110.0,4327,54.81576489,-126.1635573
FULTON RIVER - ABOVE WEIR,Pink (odd),213,Middle-Upper Skeena (odd),Skeena,2110.0,5222,54.81576489,-126.1635573
FULTON RIVER - ABOVE WEIR,Lake sockeye,203,Babine (enhanced),Skeena,2110.0,6273,54.81576489,-126.1635573
FULTON RIVER - ABOVE WEIR,Coho,215,Middle Skeena,Skeena,2110.0,2871,54.81576489,-126.1635573
FULTON RIVER - BELOW WEIR,Lake sockeye,203,Babine (enhanced),Skeena,2111.0,6274,54.81431505,-126.1461941
FURLONG CREEK,Pink (even),219,Nass-Skeena Estuary (even),Skeena,515.0,4362,54.39202097,-128.5316822
FURLONG CREEK,Coho,202,Lower Skeena,Skeena,515.0,3088,54.39202097,-128.5316822
FURLONG CREEK,Pink (odd),209,Lower Skeena River (odd),Skeena,515.0,5322,54.39202097,-128.5316822
FURLONG CREEK,Lake sockeye,177,Lakelse,Skeena,515.0,6438,54.39202097,-128.5316822
GAINEY CREEK,Lake sockeye,177,Lakelse,Skeena,19724.0,6734,54.34930181,-128.574907
GEORGE CREEK,Coho,202,Lower Skeena,Skeena,2608.0,2817,54.76638007,-128.8094353
GEORGIE RIVER,Pink (even),219,Nass-Skeena Estuary (even),Skeena,1778.0,4157,55.69848542,-130.1049531
GINGIT CREEK,Pink (even),219,Nass-Skeena Estuary (even),Skeena,653.0,4407,55.22193477,-129.1041126
GINLULAK CREEK,Pink (even),219,Nass-Skeena Estuary (even),Skeena,639.0,4395,55.0406884,-129.4890825
GITNADOIX RIVER,Chum,211,Lower Skeena,Skeena,460.0,891,54.31700084,-129.2075946
GITNADOIX RIVER,Chinook,210,Lower Skeena,Skeena,460.0,1849,54.31700084,-129.2075946
GITNADOIX RIVER,Pink (odd),209,Lower Skeena River (odd),Skeena,460.0,5409,54.31700084,-129.2075946
GITNADOIX RIVER,Coho,202,Lower Skeena,Skeena,460.0,3211,54.31700084,-129.2075946
GITNADOIX RIVER,Pink (even),219,Nass-Skeena Estuary (even),Skeena,460.0,4434,54.31700084,-129.2075946
GITZYON CREEK,Pink (even),219,Nass-Skeena Estuary (even),Skeena,654.0,4408,55.20671709,-129.0998626
GLACIER CREEK,Coho,202,Lower Skeena,Skeena,525.0,3097,54.66545349,-128.7275815
GLEN VOWELL CREEK,Pink (odd),213,Middle-Upper Skeena (odd),Skeena,495.0,5309,55.31840379,-127.6758392
GLEN VOWELL CREEK,Pink (even),218,Middle-Upper Skeena (even),Skeena,495.0,4349,55.31840379,-127.6758392
GLEN VOWELL CREEK,Coho,215,Middle Skeena,Skeena,495.0,3071,55.31840379,-127.6758392
GOAT CREEK,Lake sockeye,176,Kitsumkalum,Skeena,527.0,6444,54.72299296,-128.7737736
GOAT CREEK,Chinook,207,Kalum-Late,Skeena,527.0,1799,54.72299296,-128.7737736
GOAT CREEK,Coho,202,Lower Skeena,Skeena,527.0,3099,54.72299296,-128.7737736
GOSNELL CREEK,Pink (even),218,Middle-Upper Skeena (even),Skeena,560.0,4468,54.20714557,-127.3467353
GOSNELL CREEK,Coho,215,Middle Skeena,Skeena,560.0,3284,54.20714557,-127.3467353
GOSNELL CREEK,Pink (odd),213,Middle-Upper Skeena (odd),Skeena,560.0,5454,54.20714557,-127.3467353
GOSSEN CREEK,Coho,202,Lower Skeena,Skeena,2352.0,2836,54.56462235,-128.4369248
GULLWING CREEK,Lake sockeye,180,Babine/Onerka,Skeena,615.0,6459,54.4849767,-125.3662657
HAIDA BAY CREEK,Pink (even),219,Nass-Skeena Estuary (even),Skeena,414.0,4338,54.62434914,-130.4379266
HAROLD PRICE CREEK,Chum,214,Middle Skeena,Skeena,544.0,817,55.2769222,-127.168862
HAROLD PRICE CREEK,Coho,215,Middle Skeena,Skeena,544.0,3114,55.2769222,-127.168862
HAROLD PRICE CREEK,Pink (even),218,Middle-Upper Skeena (even),Skeena,544.0,4377,55.2769222,-127.168862
HAROLD PRICE CREEK,Chinook,217,Middle Skeena-Mainstem Tributaries,Skeena,544.0,1810,55.2769222,-127.168862
HATCHERY CREEK,Coho,202,Lower Skeena,Skeena,513.0,3086,54.37922454,-128.5507757
HATCHERY CREEK,Lake sockeye,177,Lakelse,Skeena,513.0,6436,54.37922454,-128.5507757
HATCHERY CREEK,Pink (odd),209,Lower Skeena River (odd),Skeena,513.0,5320,54.37922454,-128.5507757
HATCHERY CREEK,Pink (even),219,Nass-Skeena Estuary (even),Skeena,513.0,4360,54.37922454,-128.5507757
HAYS CREEK,Coho,225,Skeena Estuary,Skeena,1730.0,2610,54.32138706,-130.3082851
HAYS CREEK,Pink (even),219,Nass-Skeena Estuary (even),Skeena,1730.0,4113,54.32138706,-130.3082851
HAYS CREEK,Pink (odd),223,Nass-Skeena Estuary (odd),Skeena,1730.0,5009,54.32138706,-130.3082851
HAYWARD CREEK,Coho,202,Lower Skeena,Skeena,448.0,3202,54.04882976,-129.8447826
HAYWARD CREEK,Pink (even),219,Nass-Skeena Estuary (even),Skeena,448.0,4423,54.04882976,-129.8447826
HAYWARD CREEK,Pink (odd),209,Lower Skeena River (odd),Skeena,448.0,5397,54.04882976,-129.8447826
HAZELTON CREEK,Pink (odd),213,Middle-Upper Skeena (odd),Skeena,494.0,5308,55.27222807,-127.6932446
HAZELTON CREEK,Coho,215,Middle Skeena,Skeena,494.0,3070,55.27222807,-127.6932446
HAZELTON CREEK,Pink (even),218,Middle-Upper Skeena (even),Skeena,494.0,4348,55.27222807,-127.6932446
HAZELWOOD CREEK,Lake sockeye,180,Babine/Onerka,Skeena,604.0,6536,55.12344395,-126.2680058
HEAD CREEK,Pink (even),219,Nass-Skeena Estuary (even),Skeena,1959.0,4306,53.96425944,-130.336036
HEAD CREEK,Pink (odd),223,Nass-Skeena Estuary (odd),Skeena,1959.0,5191,53.96425944,-130.336036
HEAD CREEK,Chum,220,Skeena Estuary,Skeena,1959.0,681,53.96425944,-130.336036
HEAD CREEK,Coho,225,Skeena Estuary,Skeena,1959.0,2787,53.96425944,-130.336036
HERMAN CREEK,Pink (odd),209,Lower Skeena River (odd),Skeena,508.0,5317,54.37965312,-128.6180107
HERMAN CREEK,Coho,202,Lower Skeena,Skeena,508.0,3081,54.37965312,-128.6180107
HERMAN CREEK,Pink (even),219,Nass-Skeena Estuary (even),Skeena,508.0,4358,54.37965312,-128.6180107
HEVENOR CREEK,Chum,214,Middle Skeena,Skeena,568.0,955,55.43153015,-127.7181423
HEVENOR CREEK,Chinook,217,Middle Skeena-Mainstem Tributaries,Skeena,568.0,1877,55.43153015,-127.7181423
HEVENOR CREEK,Pink (even),218,Middle-Upper Skeena (even),Skeena,568.0,4472,55.43153015,-127.7181423
HEVENOR CREEK,Pink (odd),213,Middle-Upper Skeena (odd),Skeena,568.0,5459,55.43153015,-127.7181423
HEVENOR CREEK,Coho,215,Middle Skeena,Skeena,568.0,3291,55.43153015,-127.7181423
HODDER LAKE CREEK,Coho,215,Middle Skeena,Skeena,584.0,3306,55.731413,-128.4656329
HOT SPRING SLOUGH,Coho,202,Lower Skeena,Skeena,365.0,2883,54.36422467,-128.5510817
HOTSPRING CREEK,Coho,202,Lower Skeena,Skeena,512.0,3085,54.36521735,-128.5498691
HUMPBACK CREEK,Coho,225,Skeena Estuary,Skeena,1952.0,2781,54.07663667,-130.3765412
HUMPBACK CREEK,Pink (odd),223,Nass-Skeena Estuary (odd),Skeena,1952.0,5184,54.07663667,-130.3765412
HUMPBACK CREEK,Pink (even),219,Nass-Skeena Estuary (even),Skeena,1952.0,4299,54.07663667,-130.3765412
HUNT INLET CREEK,Pink (odd),223,Nass-Skeena Estuary (odd),Skeena,1967.0,5086,54.05487901,-130.4466316
HUNT INLET CREEK,Pink (even),219,Nass-Skeena Estuary (even),Skeena,1967.0,4197,54.05487901,-130.4466316
HUNT INLET CREEK,Coho,225,Skeena Estuary,Skeena,1967.0,2683,54.05487901,-130.4466316
IAN CREEK,Coho,202,Lower Skeena,Skeena,2353.0,2837,54.54935902,-128.9882055
ILLIANCE RIVER,Pink (even),219,Nass-Skeena Estuary (even),Skeena,1760.0,4141,55.47520472,-129.4613371
IRONSIDE CREEK,Coho,215,Middle Skeena,Skeena,572.0,3295,55.57908675,-128.0449872
IRONSIDE CREEK,Pink (odd),213,Middle-Upper Skeena (odd),Skeena,572.0,5463,55.57908675,-128.0449872
IRONSIDE CREEK,Pink (even),218,Middle-Upper Skeena (even),Skeena,572.0,4476,55.57908675,-128.0449872
JACKSON CREEK,River sockeye,216,Skeena River-High Interior (river-type),Skeena,2662.0,5776,55.81481752,-128.6952903
JOHANSON CREEK,Coho,231,Upper Skeena,Skeena,627.0,3158,56.6451417,-126.4961829
JOHANSON CREEK,Lake sockeye,194,Johanson,Skeena,627.0,6470,56.6451417,-126.4961829
JOHANSON CREEK,Chinook,212,Upper Skeena,Skeena,627.0,1817,56.6451417,-126.4961829
JOHNSTON CREEK,Pink (even),219,Nass-Skeena Estuary (even),Skeena,454.0,4429,53.85739685,-129.4909637
JOHNSTON CREEK,Pink (odd),209,Lower Skeena River (odd),Skeena,454.0,5403,53.85739685,-129.4909637
JOHNSTON CREEK,Lake sockeye,175,Johnston,Skeena,454.0,6491,53.85739685,-129.4909637
JOHNSTON CREEK,Chum,211,Lower Skeena,Skeena,454.0,887,53.85739685,-129.4909637
JOHNSTON CREEK,Chinook,205,Ecstall,Skeena,454.0,1845,53.85739685,-129.4909637
JOHNSTON CREEK,Coho,202,Lower Skeena,Skeena,454.0,3205,53.85739685,-129.4909637
JOHNSTON LAKE,Chum,211,Lower Skeena,Skeena,455.0,888,53.86487734,-129.480436
JOHNSTON LAKE,Pink (odd),209,Lower Skeena River (odd),Skeena,455.0,5404,53.86487734,-129.480436
JOHNSTON LAKE,Lake sockeye,175,Johnston,Skeena,455.0,6492,53.86487734,-129.480436
JOHNSTON LAKE,Coho,202,Lower Skeena,Skeena,455.0,3206,53.86487734,-129.480436
JOHNSTON LAKE,Chinook,205,Ecstall,Skeena,455.0,1846,53.86487734,-129.480436
KADEEN CREEK,Chum,211,Lower Skeena,Skeena,465.0,894,54.15924682,-129.1941735
KADEEN CREEK,Pink (odd),209,Lower Skeena River (odd),Skeena,465.0,5412,54.15924682,-129.1941735
KADEEN CREEK,Chinook,210,Lower Skeena,Skeena,465.0,1852,54.15924682,-129.1941735
KADEEN CREEK,Coho,202,Lower Skeena,Skeena,465.0,3215,54.15924682,-129.1941735
KADEEN CREEK,Lake sockeye,171,Alastair,Skeena,465.0,6495,54.15924682,-129.1941735
KASIKS RIVER,Chum,211,Lower Skeena,Skeena,459.0,890,54.29306503,-129.400776
KASIKS RIVER,Pink (even),219,Nass-Skeena Estuary (even),Skeena,459.0,4433,54.29306503,-129.400776
KASIKS RIVER,Coho,202,Lower Skeena,Skeena,459.0,3210,54.29306503,-129.400776
KASIKS RIVER,Chinook,210,Lower Skeena,Skeena,459.0,1848,54.29306503,-129.400776
KASIKS RIVER,Pink (odd),209,Lower Skeena River (odd),Skeena,459.0,5408,54.29306503,-129.400776
KASIKS RIVER,River sockeye,226,Skeena River (river-type),Skeena,459.0,6493,54.29306503,-129.400776
KATHLYN CREEK,Pink (even),218,Middle-Upper Skeena (even),Skeena,554.0,4465,54.79432328,-127.1629672
KATHLYN CREEK,Pink (odd),213,Middle-Upper Skeena (odd),Skeena,554.0,5451,54.79432328,-127.1629672
KATHLYN CREEK,Coho,215,Middle Skeena,Skeena,554.0,3278,54.79432328,-127.1629672
KEW CREEK,Lake sockeye,180,Babine/Onerka,Skeena,609.0,6540,54.64459063,-125.8861338
KHUTZEYMATEEN RIVER,Pink (even),219,Nass-Skeena Estuary (even),Skeena,1754.0,4135,54.62538889,-129.9001113
KHYEX RIVER,Chum,211,Lower Skeena,Skeena,456.0,889,54.23210941,-129.8048659
KHYEX RIVER,Pink (odd),209,Lower Skeena River (odd),Skeena,456.0,5405,54.23210941,-129.8048659
KHYEX RIVER,Chinook,210,Lower Skeena,Skeena,456.0,1847,54.23210941,-129.8048659
KHYEX RIVER,Pink (even),219,Nass-Skeena Estuary (even),Skeena,456.0,4430,54.23210941,-129.8048659
KHYEX RIVER,Coho,202,Lower Skeena,Skeena,456.0,3207,54.23210941,-129.8048659
KISPIOX RIVER,Chum,214,Middle Skeena,Skeena,566.0,953,55.34265265,-127.6933612
KISPIOX RIVER,River sockeye,226,Skeena River (river-type),Skeena,566.0,6518,55.34265265,-127.6933612
KISPIOX RIVER,Pink (even),218,Middle-Upper Skeena (even),Skeena,566.0,4470,55.34265265,-127.6933612
KISPIOX RIVER,Chinook,217,Middle Skeena-Mainstem Tributaries,Skeena,566.0,1875,55.34265265,-127.6933612
KISPIOX RIVER,Pink (odd),213,Middle-Upper Skeena (odd),Skeena,566.0,5457,55.34265265,-127.6933612
KISPIOX RIVER,Coho,215,Middle Skeena,Skeena,566.0,3289,55.34265265,-127.6933612
KITKATLA CREEK,Pink (odd),223,Nass-Skeena Estuary (odd),Skeena,1964.0,5083,53.93135589,-130.5881118
KITKATLA CREEK,Pink (even),219,Nass-Skeena Estuary (even),Skeena,1964.0,4194,53.93135589,-130.5881118
KITKATLA CREEK,Chum,220,Skeena Estuary,Skeena,1964.0,578,53.93135589,-130.5881118
KITSAULT RIVER,Pink (even),219,Nass-Skeena Estuary (even),Skeena,1762.0,4143,55.47998923,-129.4813689
KITSEGUECLA RIVER,River sockeye,226,Skeena River (river-type),Skeena,537.0,6451,55.09193168,-127.8273722
KITSEGUECLA RIVER,Chinook,217,Middle Skeena-Mainstem Tributaries,Skeena,537.0,1806,55.09193168,-127.8273722
KITSEGUECLA RIVER,Pink (odd),213,Middle-Upper Skeena (odd),Skeena,537.0,5331,55.09193168,-127.8273722
KITSEGUECLA RIVER,Chum,214,Middle Skeena,Skeena,537.0,815,55.09193168,-127.8273722
KITSEGUECLA RIVER,Pink (even),218,Middle-Upper Skeena (even),Skeena,537.0,4371,55.09193168,-127.8273722
KITSEGUECLA RIVER,Coho,215,Middle Skeena,Skeena,537.0,3109,55.09193168,-127.8273722
KITSUMKALUM LAKE,Lake sockeye,176,Kitsumkalum,Skeena,519.0,6442,54.72294736,-128.776996
KITSUMKALUM RIVER - LOWER,Pink (odd),209,Lower Skeena River (odd),Skeena,521.0,5325,54.52042482,-128.661422
KITSUMKALUM RIVER - LOWER,Chum,211,Lower Skeena,Skeena,521.0,812,54.52042482,-128.661422
KITSUMKALUM RIVER - LOWER,Coho,202,Lower Skeena,Skeena,521.0,3093,54.52042482,-128.661422
KITSUMKALUM RIVER - LOWER,Chinook,207,Kalum-Late,Skeena,521.0,1794,54.52042482,-128.661422
KITSUMKALUM RIVER - LOWER,Pink (even),219,Nass-Skeena Estuary (even),Skeena,521.0,4365,54.52042482,-128.661422
KITSUMKALUM RIVER - UPPER,Coho,202,Lower Skeena,Skeena,520.0,3092,54.81422392,-128.7846013
KITSUMKALUM RIVER - UPPER,Pink (even),219,Nass-Skeena Estuary (even),Skeena,520.0,4364,54.81422392,-128.7846013
KITSUMKALUM RIVER - UPPER,Chinook,207,Kalum-Late,Skeena,520.0,1793,54.81422392,-128.7846013
KITSUMKALUM RIVER - UPPER,Lake sockeye,176,Kitsumkalum,Skeena,520.0,6443,54.81422392,-128.7846013
KITSUMKALUM RIVER - UPPER,Chum,211,Lower Skeena,Skeena,520.0,811,54.81422392,-128.7846013
KITSUNS CREEK,River sockeye,226,Skeena River (river-type),Skeena,539.0,6452,55.02330158,-127.7456101
KITWANGA RIVER,Chum,214,Middle Skeena,Skeena,488.0,805,55.10186836,-128.0862947
KITWANGA RIVER,Pink (odd),213,Middle-Upper Skeena (odd),Skeena,488.0,5302,55.10186836,-128.0862947
KITWANGA RIVER,Coho,215,Middle Skeena,Skeena,488.0,3066,55.10186836,-128.0862947
KITWANGA RIVER,Lake sockeye,183,Gitanyow (Kitwanga/Kitwancool),Skeena,488.0,6425,55.10186836,-128.0862947
KITWANGA RIVER,Chinook,217,Middle Skeena-Mainstem Tributaries,Skeena,488.0,1778,55.10186836,-128.0862947
KITWANGA RIVER,Pink (even),218,Middle-Upper Skeena (even),Skeena,488.0,4342,55.10186836,-128.0862947
KLEANZA CREEK,Chinook,210,Lower Skeena,Skeena,477.0,1812,54.59564454,-128.4102586
KLEANZA CREEK,Pink (odd),209,Lower Skeena River (odd),Skeena,477.0,5351,54.59564454,-128.4102586
KLEANZA CREEK,Pink (even),219,Nass-Skeena Estuary (even),Skeena,477.0,4382,54.59564454,-128.4102586
KLEANZA CREEK,River sockeye,226,Skeena River (river-type),Skeena,477.0,6458,54.59564454,-128.4102586
KLEANZA CREEK,Chum,211,Lower Skeena,Skeena,477.0,852,54.59564454,-128.4102586
KLEANZA CREEK,Coho,202,Lower Skeena,Skeena,477.0,3148,54.59564454,-128.4102586
KLOIYA RIVER,Coho,225,Skeena Estuary,Skeena,1732.0,2612,54.24857295,-130.188594
KLOIYA RIVER,Pink (odd),223,Nass-Skeena Estuary (odd),Skeena,1732.0,5010,54.24857295,-130.188594
KLOIYA RIVER,Chinook,224,Skeena Estuary,Skeena,1732.0,1560,54.24857295,-130.188594
KLOIYA RIVER,Pink (even),219,Nass-Skeena Estuary (even),Skeena,1732.0,4115,54.24857295,-130.188594
KLOIYA RIVER,Chum,220,Skeena Estuary,Skeena,1732.0,507,54.24857295,-130.188594
KLUAKAZ CREEK,Coho,231,Upper Skeena,Skeena,17904.0,3768,57.10916608,-128.6636624
KLUATANTAN RIVER,Lake sockeye,195,Kluatantan,Skeena,501.0,6429,56.82963392,-128.1487915
KLUATANTAN RIVER,Chinook,212,Upper Skeena,Skeena,501.0,1785,56.82963392,-128.1487915
KLUAYAZ CREEK,Coho,231,Upper Skeena,Skeena,503.0,3076,57.01181544,-128.1962664
KLUAYAZ CREEK,Lake sockeye,196,Kluayaz,Skeena,503.0,6430,57.01181544,-128.1962664
KLUAYAZ CREEK,Chinook,212,Upper Skeena,Skeena,503.0,1786,57.01181544,-128.1962664
KSEMAMAITH CREEK,Pink (even),219,Nass-Skeena Estuary (even),Skeena,642.0,4397,55.09674672,-129.4135622
KSGA'MAAL,Pink (even),219,Nass-Skeena Estuary (even),Skeena,650.0,4404,55.21459582,-129.1492559
KSGYUKWSA'A,Pink (even),219,Nass-Skeena Estuary (even),Skeena,634.0,4392,54.95640542,-129.8678461
KSHWAN RIVER,Pink (even),219,Nass-Skeena Estuary (even),Skeena,1764.0,4145,55.63021568,-129.80705
KSI GINGOLX,Pink (even),219,Nass-Skeena Estuary (even),Skeena,630.0,4388,54.99629022,-129.9623625
KSI HLGINX,Pink (even),219,Nass-Skeena Estuary (even),Skeena,661.0,4412,54.99272935,-129.6299029
KSI MAT'IN,Pink (even),219,Nass-Skeena Estuary (even),Skeena,641.0,4396,55.08598804,-129.4178316
KSI SGASGINIST,Pink (even),219,Nass-Skeena Estuary (even),Skeena,655.0,4409,55.27678677,-129.0636767
KSI SII AKS,Pink (even),219,Nass-Skeena Estuary (even),Skeena,651.0,4405,55.22207718,-129.1069917
KSI SII AKS 2,Pink (even),219,Nass-Skeena Estuary (even),Skeena,652.0,4406,55.21838115,-129.1270262
KSI TS'OOHL TS'AP,Pink (even),219,Nass-Skeena Estuary (even),Skeena,647.0,4401,55.16497914,-129.2800941
KSI TS'OOHL TS'AP 2,Pink (even),219,Nass-Skeena Estuary (even),Skeena,648.0,4402,55.16368389,-129.2906309
KSI X'ANMAS,Pink (even),219,Nass-Skeena Estuary (even),Skeena,1756.0,4137,54.77545779,-130.1500586
KUBAS CREEK,Pink (odd),223,Nass-Skeena Estuary (odd),Skeena,3550.0,4776,53.88743904,-130.1248864
KUBAS CREEK,Pink (even),219,Nass-Skeena Estuary (even),Skeena,3550.0,3777,53.88743904,-130.1248864
KWINITSA CREEK,Coho,202,Lower Skeena,Skeena,458.0,3209,54.22123106,-129.5778154
KWINITSA CREEK,Pink (odd),209,Lower Skeena River (odd),Skeena,458.0,5407,54.22123106,-129.5778154
KWINITSA CREEK,Pink (even),219,Nass-Skeena Estuary (even),Skeena,458.0,4432,54.22123106,-129.5778154
LA HOU CREEK,Chum,220,Skeena Estuary,Skeena,1739.0,513,54.49823825,-130.4394245
LA HOU CREEK,Pink (even),219,Nass-Skeena Estuary (even),Skeena,1739.0,4122,54.49823825,-130.4394245
LA HOU CREEK,Coho,225,Skeena Estuary,Skeena,1739.0,2619,54.49823825,-130.4394245
LA HOU CREEK,Pink (odd),223,Nass-Skeena Estuary (odd),Skeena,1739.0,5016,54.49823825,-130.4394245
LACHMACH RIVER,Pink (even),219,Nass-Skeena Estuary (even),Skeena,1748.0,4129,54.30171024,-129.9797091
LAKELSE RIVER,Chinook,227,Lakelse,Skeena,505.0,1788,54.44298769,-128.7816199
LAKELSE RIVER,River sockeye,226,Skeena River (river-type),Skeena,505.0,6432,54.44298769,-128.7816199
LAKELSE RIVER,Pink (odd),209,Lower Skeena River (odd),Skeena,505.0,5314,54.44298769,-128.7816199
LAKELSE RIVER,Pink (even),219,Nass-Skeena Estuary (even),Skeena,505.0,4355,54.44298769,-128.7816199
LAKELSE RIVER,Chum,211,Lower Skeena,Skeena,505.0,809,54.44298769,-128.7816199
LAKELSE RIVER,Coho,202,Lower Skeena,Skeena,505.0,3078,54.44298769,-128.7816199
LARCH CREEK,Pink (even),219,Nass-Skeena Estuary (even),Skeena,1753.0,4134,54.60181252,-129.9360311
LEAN-TO CREEK,Pink (odd),209,Lower Skeena River (odd),Skeena,524.0,5328,54.62084434,-128.6804446
LEAN-TO CREEK,Chinook,207,Kalum-Late,Skeena,524.0,1797,54.62084434,-128.6804446
LEAN-TO CREEK,Pink (even),219,Nass-Skeena Estuary (even),Skeena,524.0,4368,54.62084434,-128.6804446
LEAN-TO CREEK,Coho,202,Lower Skeena,Skeena,524.0,3096,54.62084434,-128.6804446
LEGATE CREEK,Coho,202,Lower Skeena,Skeena,2100.0,2867,54.74922699,-128.2656461
LEVERSON CREEK,Pink (even),219,Nass-Skeena Estuary (even),Skeena,1749.0,4130,54.33103755,-129.9830646
LIMONITE CREEK,Coho,202,Lower Skeena,Skeena,536.0,3108,54.49955883,-127.942568
LIMONITE CREEK,Chinook,229,Zymoetz,Skeena,536.0,1805,54.49955883,-127.942568
LITTLE FISH CREEK,Coho,215,Middle Skeena,Skeena,578.0,3300,55.62796418,-128.1848966
LITTLE USELESS CREEK,Chum,220,Skeena Estuary,Skeena,1965.0,579,54.02851403,-130.5755213
LITTLE USELESS CREEK,Pink (even),219,Nass-Skeena Estuary (even),Skeena,1965.0,4195,54.02851403,-130.5755213
LITTLE USELESS CREEK,Pink (odd),223,Nass-Skeena Estuary (odd),Skeena,1965.0,5084,54.02851403,-130.5755213
LITTLE USELESS CREEK,Coho,225,Skeena Estuary,Skeena,1965.0,2681,54.02851403,-130.5755213
LIZARD CREEK,Pink (even),219,Nass-Skeena Estuary (even),Skeena,1769.0,4149,54.85023589,-130.2747837
LOCKERBY CREEK,Coho,202,Lower Skeena,Skeena,451.0,3204,53.91778339,-129.650664
LOCKERBY CREEK,Pink (odd),209,Lower Skeena River (odd),Skeena,451.0,5400,53.91778339,-129.650664
LOCKERBY CREEK,Pink (even),219,Nass-Skeena Estuary (even),Skeena,451.0,4426,53.91778339,-129.650664
LOCKERBY CREEK,Chum,211,Lower Skeena,Skeena,451.0,885,53.91778339,-129.650664
LOWRIE CREEK,Pink (odd),209,Lower Skeena River (odd),Skeena,479.0,5353,54.64682772,-128.3994649
LOWRIE CREEK,Pink (even),219,Nass-Skeena Estuary (even),Skeena,479.0,4384,54.64682772,-128.3994649
LUNCHEON CREEK,Coho,202,Lower Skeena,Skeena,2343.0,2828,54.6374877,-128.7164127
MADELINE CREEK,Coho,202,Lower Skeena,Skeena,449.0,3203,53.99606783,-129.792766
MADELINE CREEK,Chum,211,Lower Skeena,Skeena,449.0,883,53.99606783,-129.792766
MADELINE CREEK,Pink (even),219,Nass-Skeena Estuary (even),Skeena,449.0,4424,53.99606783,-129.792766
MADELINE CREEK,Pink (odd),209,Lower Skeena River (odd),Skeena,449.0,5398,53.99606783,-129.792766
MAGAR CREEK,Coho,202,Lower Skeena,Skeena,464.0,3214,54.19771457,-129.1954998
MAGAR CREEK,Pink (odd),209,Lower Skeena River (odd),Skeena,464.0,5411,54.19771457,-129.1954998
MAGAR CREEK,Chinook,210,Lower Skeena,Skeena,464.0,1851,54.19771457,-129.1954998
MAGAR CREEK,Pink (even),219,Nass-Skeena Estuary (even),Skeena,464.0,4436,54.19771457,-129.1954998
MAGAR CREEK,Chum,211,Lower Skeena,Skeena,464.0,893,54.19771457,-129.1954998
MANZANITA COVE CREEK,Pink (even),219,Nass-Skeena Estuary (even),Skeena,1771.0,4151,54.75446918,-130.4579041
MAXAN CREEK,Coho,215,Middle Skeena,Skeena,565.0,3288,54.38155478,-126.1255913
MAXAN CREEK,Chinook,221,Upper Bulkley River,Skeena,565.0,1874,54.38155478,-126.1255913
MAXAN CREEK,Lake sockeye,181,Bulkley/Maxan,Skeena,565.0,6517,54.38155478,-126.1255913
MAYO CREEK,Coho,202,Lower Skeena,Skeena,2346.0,2831,54.82663693,-128.8805996
MCCULLY CREEK,Chum,214,Middle Skeena,Skeena,569.0,956,55.49645734,-127.777912
MCCULLY CREEK,Pink (odd),213,Middle-Upper Skeena (odd),Skeena,569.0,5460,55.49645734,-127.777912
MCCULLY CREEK,Coho,215,Middle Skeena,Skeena,569.0,3292,55.49645734,-127.777912
MCCULLY CREEK,Pink (even),218,Middle-Upper Skeena (even),Skeena,569.0,4473,55.49645734,-127.777912
MCCULLY CREEK,Chinook,217,Middle Skeena-Mainstem Tributaries,Skeena,569.0,1878,55.49645734,-127.777912
MCNEIL RIVER,Pink (odd),209,Lower Skeena River (odd),Skeena,446.0,5395,54.19705078,-129.9823502
MCNEIL RIVER,Coho,202,Lower Skeena,Skeena,446.0,3200,54.19705078,-129.9823502
MCNEIL RIVER,Pink (even),219,Nass-Skeena Estuary (even),Skeena,446.0,4421,54.19705078,-129.9823502
MCNICHOL CREEK,Pink (even),219,Nass-Skeena Estuary (even),Skeena,1738.0,4121,54.33543262,-130.3412765
MCNICHOL CREEK,Pink (odd),223,Nass-Skeena Estuary (odd),Skeena,1738.0,5015,54.33543262,-130.3412765
MCNICHOL CREEK,Coho,225,Skeena Estuary,Skeena,1738.0,2618,54.33543262,-130.3412765
MCNICHOL CREEK,Chum,220,Skeena Estuary,Skeena,1738.0,512,54.33543262,-130.3412765
MIDDLE CREEK,Pink (even),219,Nass-Skeena Estuary (even),Skeena,471.0,4440,54.41117512,-128.8544294
MIDDLE CREEK,Pink (odd),209,Lower Skeena River (odd),Skeena,471.0,5416,54.41117512,-128.8544294
MIDDLE CREEK,Chum,211,Lower Skeena,Skeena,471.0,898,54.41117512,-128.8544294
MIDDLE CREEK,Coho,202,Lower Skeena,Skeena,471.0,3219,54.41117512,-128.8544294
MINK CREEK,Coho,202,Lower Skeena,Skeena,2103.0,2868,54.42288926,-128.6896767
MOLYBDENUM CREEK,Pink (odd),209,Lower Skeena River (odd),Skeena,475.0,5349,54.5500028,-128.7380151
MOLYBDENUM CREEK,Coho,202,Lower Skeena,Skeena,475.0,3146,54.5500028,-128.7380151
MOLYBDENUM CREEK,Pink (even),219,Nass-Skeena Estuary (even),Skeena,475.0,4380,54.5500028,-128.7380151
MOONLIT CREEK,Chinook,217,Middle Skeena-Mainstem Tributaries,Skeena,489.0,1779,55.30641046,-128.0948569
MOONLIT CREEK,Pink (even),218,Middle-Upper Skeena (even),Skeena,489.0,4343,55.30641046,-128.0948569
MOONLIT CREEK,Pink (odd),213,Middle-Upper Skeena (odd),Skeena,489.0,5303,55.30641046,-128.0948569
MOORE COVE CREEK,Coho,225,Skeena Estuary,Skeena,1099.0,3703,53.98095692,-130.0776615
MOORE COVE CREEK,Pink (odd),223,Nass-Skeena Estuary (odd),Skeena,1099.0,5731,53.98095692,-130.0776615
MOORE COVE CREEK,Chum,220,Skeena Estuary,Skeena,1099.0,1329,53.98095692,-130.0776615
MOORE COVE CREEK,Pink (even),219,Nass-Skeena Estuary (even),Skeena,1099.0,4730,53.98095692,-130.0776615
MOOSEVALE CREEK,Coho,231,Upper Skeena,Skeena,626.0,3157,56.66195736,-126.5646021
MORICE LAKE,Coho,215,Middle Skeena,Skeena,557.0,3281,54.11278035,-127.4311898
MORICE LAKE,Lake sockeye,185,Morice/Atna,Skeena,557.0,6513,54.11278035,-127.4311898
MORICE RIVER,Pink (even),218,Middle-Upper Skeena (even),Skeena,556.0,4466,54.41077568,-126.7464595
MORICE RIVER,Lake sockeye,185,Morice/Atna,Skeena,556.0,6512,54.41077568,-126.7464595
MORICE RIVER,Coho,215,Middle Skeena,Skeena,556.0,3280,54.41077568,-126.7464595
MORICE RIVER,Chinook,222,Middle Skeena-Large Lakes,Skeena,556.0,1870,54.41077568,-126.7464595
MORICE RIVER,Pink (odd),213,Middle-Upper Skeena (odd),Skeena,556.0,5452,54.41077568,-126.7464595
MORRISON CREEK,Coho,215,Middle Skeena,Skeena,601.0,3318,55.15219589,-126.2859929
MORRISON CREEK,Pink (even),218,Middle-Upper Skeena (even),Skeena,601.0,4487,55.15219589,-126.2859929
MORRISON CREEK,Pink (odd),213,Middle-Upper Skeena (odd),Skeena,601.0,5475,55.15219589,-126.2859929
MORRISON CREEK,Lake sockeye,189,Tahlo/Morrison,Skeena,601.0,10577,55.15219589,-126.2859929
MOTASE LAKE,Lake sockeye,197,Motase,Skeena,7990593.0,6428,56.04743919,-127.0237837
MOTASE LAKE,Coho,231,Upper Skeena,Skeena,7990593.0,3075,56.04743919,-127.0237837
MOUSE CREEK,Pink (even),219,Nass-Skeena Estuary (even),Skeena,1755.0,4136,54.63701754,-130.0192989
MUDDY CREEK,Pink (even),219,Nass-Skeena Estuary (even),Skeena,452.0,4427,53.89737723,-129.6208062
MUDDY CREEK,Pink (odd),209,Lower Skeena River (odd),Skeena,452.0,5401,53.89737723,-129.6208062
MURDER CREEK,Pink (odd),213,Middle-Upper Skeena (odd),Skeena,570.0,5461,55.5024045,-127.7813529
MURDER CREEK,Pink (even),218,Middle-Upper Skeena (even),Skeena,570.0,4474,55.5024045,-127.7813529
MURDER CREEK,Coho,215,Middle Skeena,Skeena,570.0,3293,55.5024045,-127.7813529
NANGEESE RIVER,Pink (even),218,Middle-Upper Skeena (even),Skeena,581.0,4481,55.67660069,-128.3499348
NANGEESE RIVER,Chinook,217,Middle Skeena-Mainstem Tributaries,Skeena,581.0,1881,55.67660069,-128.3499348
NANGEESE RIVER,Pink (odd),213,Middle-Upper Skeena (odd),Skeena,581.0,5468,55.67660069,-128.3499348
NANGEESE RIVER,River sockeye,226,Skeena River (river-type),Skeena,581.0,6519,55.67660069,-128.3499348
NANGEESE RIVER,Coho,215,Middle Skeena,Skeena,581.0,3303,55.67660069,-128.3499348
NANGEESE RIVER,Chum,214,Middle Skeena,Skeena,581.0,959,55.67660069,-128.3499348
NANIKA RIVER,Pink (even),218,Middle-Upper Skeena (even),Skeena,561.0,4469,54.09247855,-127.4684877
NANIKA RIVER,Lake sockeye,185,Morice/Atna,Skeena,561.0,6515,54.09247855,-127.4684877
NANIKA RIVER,Pink (odd),213,Middle-Upper Skeena (odd),Skeena,561.0,5455,54.09247855,-127.4684877
NANIKA RIVER,Coho,215,Middle Skeena,Skeena,561.0,3285,54.09247855,-127.4684877
NANIKA RIVER,Chinook,222,Middle Skeena-Large Lakes,Skeena,561.0,1871,54.09247855,-127.4684877
NASOGA GULF CREEK,Pink (even),219,Nass-Skeena Estuary (even),Skeena,1757.0,4138,54.88608327,-130.058017
NASS RIVER,Pink (even),219,Nass-Skeena Estuary (even),Skeena,629.0,4387,54.9864611,-129.9767206
NELSON RIVER,Coho,202,Lower Skeena,Skeena,2345.0,2830,54.73445204,-128.7968354
NICHYESKWA CREEK,Chinook,222,Middle Skeena-Large Lakes,Skeena,595.0,1887,55.43191177,-126.6985803
NICHYESKWA CREEK,Coho,215,Middle Skeena,Skeena,595.0,3314,55.43191177,-126.6985803
NICHYESKWA CREEK,Pink (odd),213,Middle-Upper Skeena (odd),Skeena,595.0,5470,55.43191177,-126.6985803
NICHYESKWA CREEK,Pink (even),218,Middle-Upper Skeena (even),Skeena,595.0,4483,55.43191177,-126.6985803
NICHYESKWA CREEK,Lake sockeye,186,Nilkitkwa,Skeena,595.0,6527,55.43191177,-126.6985803
NILKITKWA RIVER,Coho,215,Middle Skeena,Skeena,594.0,3313,55.45232941,-126.700933
NILKITKWA RIVER,Chinook,222,Middle Skeena-Large Lakes,Skeena,594.0,1886,55.45232941,-126.700933
NILKITKWA RIVER,Lake sockeye,186,Nilkitkwa,Skeena,594.0,6526,55.45232941,-126.700933
NINE MILE CREEK,Pink (odd),213,Middle-Upper Skeena (odd),Skeena,599.0,5474,55.20791805,-126.5824615
NINE MILE CREEK,Lake sockeye,180,Babine/Onerka,Skeena,599.0,6531,55.20791805,-126.5824615
NINE MILE CREEK,Pink (even),218,Middle-Upper Skeena (even),Skeena,599.0,4486,55.20791805,-126.5824615
NINE MILE CREEK,Coho,215,Middle Skeena,Skeena,599.0,3317,55.20791805,-126.5824615
NOBLE FIVE CREEK,Coho,202,Lower Skeena,Skeena,2349.0,2834,54.58147075,-128.421934
NORTH GRANITE CREEK,Lake sockeye,177,Lakelse,Skeena,514.0,6437,54.39067082,-128.5333748
NORTH GRANITE CREEK,Coho,202,Lower Skeena,Skeena,514.0,3087,54.39067082,-128.5333748
NORTH GRANITE CREEK,Pink (even),219,Nass-Skeena Estuary (even),Skeena,514.0,4361,54.39067082,-128.5333748
NORTH GRANITE CREEK,Pink (odd),209,Lower Skeena River (odd),Skeena,514.0,5321,54.39067082,-128.5333748
NORTH KUMEALON CREEK,Chum,220,Skeena Estuary,Skeena,1098.0,1328,53.89068624,-130.0050517
NORTH KUMEALON CREEK,Pink (even),219,Nass-Skeena Estuary (even),Skeena,1098.0,4729,53.89068624,-130.0050517
NORTH KUMEALON CREEK,Pink (odd),223,Nass-Skeena Estuary (odd),Skeena,1098.0,5730,53.89068624,-130.0050517
OLDFIELD CREEK,Pink (even),219,Nass-Skeena Estuary (even),Skeena,1731.0,4114,54.30897081,-130.3144696
OLDFIELD CREEK,Coho,225,Skeena Estuary,Skeena,1731.0,2611,54.30897081,-130.3144696
OLH CREEK,Pink (even),219,Nass-Skeena Estuary (even),Skeena,1763.0,4144,55.55020203,-129.7715135
OONA RIVER,Pink (odd),223,Nass-Skeena Estuary (odd),Skeena,1955.0,5187,53.94748002,-130.2562195
OONA RIVER,Coho,225,Skeena Estuary,Skeena,1955.0,2783,53.94748002,-130.2562195
OONA RIVER,Pink (even),219,Nass-Skeena Estuary (even),Skeena,1955.0,4302,53.94748002,-130.2562195
OTSI CREEK,Coho,231,Upper Skeena,Skeena,19722.0,3769,57.03153814,-128.5257629
OWEN CREEK,Coho,215,Middle Skeena,Skeena,558.0,3282,54.20302149,-126.8587197
OWEN CREEK,Pink (even),218,Middle-Upper Skeena (even),Skeena,558.0,4467,54.20302149,-126.8587197
OWEN CREEK,River sockeye,226,Skeena River (river-type),Skeena,558.0,6514,54.20302149,-126.8587197
PEARSE CANAL CREEK,Pink (even),219,Nass-Skeena Estuary (even),Skeena,1770.0,4150,54.92035968,-130.3247758
PERRY BAY CREEK,Pink (even),219,Nass-Skeena Estuary (even),Skeena,1759.0,4140,55.37928276,-129.6788032
PHOENIX CREEK,Pink (odd),223,Nass-Skeena Estuary (odd),Skeena,1962.0,5194,53.89496877,-130.5079427
PHOENIX CREEK,Chum,220,Skeena Estuary,Skeena,1962.0,684,53.89496877,-130.5079427
PHOENIX CREEK,Pink (even),219,Nass-Skeena Estuary (even),Skeena,1962.0,4309,53.89496877,-130.5079427
PIERRE CREEK,Lake sockeye,180,Babine/Onerka,Skeena,610.0,6499,54.63325521,-125.8527242
PIERRE CREEK,Pink (even),218,Middle-Upper Skeena (even),Skeena,610.0,4443,54.63325521,-125.8527242
PIERRE CREEK,Coho,215,Middle Skeena,Skeena,610.0,3223,54.63325521,-125.8527242
PIERRE CREEK,Pink (odd),213,Middle-Upper Skeena (odd),Skeena,610.0,5419,54.63325521,-125.8527242
PINKUT CREEK,Chinook,222,Middle Skeena-Large Lakes,Skeena,501255.0,1409,54.44630168,-125.4600721
PINKUT CREEK,Coho,215,Middle Skeena,Skeena,501255.0,2141,54.44630168,-125.4600721
PINKUT CREEK,Pink (even),218,Middle-Upper Skeena (even),Skeena,501255.0,3791,54.44630168,-125.4600721
PINKUT CREEK,Lake sockeye,203,Babine (enhanced),Skeena,501255.0,5797,54.44630168,-125.4600721
PINKUT CREEK,Pink (odd),213,Middle-Upper Skeena (odd),Skeena,501255.0,4792,54.44630168,-125.4600721
PINKUT CREEK - ABOVE WEIR,Pink (odd),213,Middle-Upper Skeena (odd),Skeena,2114.0,5223,54.44364613,-125.4578624
PINKUT CREEK - ABOVE WEIR,Coho,215,Middle Skeena,Skeena,2114.0,2872,54.44364613,-125.4578624
PINKUT CREEK - ABOVE WEIR,Pink (even),218,Middle-Upper Skeena (even),Skeena,2114.0,4328,54.44364613,-125.4578624
PINKUT CREEK - ABOVE WEIR,Lake sockeye,203,Babine (enhanced),Skeena,2114.0,6275,54.44364613,-125.4578624
PINKUT CREEK - BELOW WEIR,Lake sockeye,203,Babine (enhanced),Skeena,2115.0,6276,54.44630168,-125.4600721
PIRATE COVE CREEK,Pink (even),219,Nass-Skeena Estuary (even),Skeena,2311.0,4316,54.83106603,-130.304382
PONTOON CREEK,Coho,202,Lower Skeena,Skeena,2602.0,2816,54.71119339,-128.7692761
PORCHER CREEK,Pink (odd),223,Nass-Skeena Estuary (odd),Skeena,1961.0,5193,53.9843422,-130.434897
PORCHER CREEK,Chum,220,Skeena Estuary,Skeena,1961.0,683,53.9843422,-130.434897
PORCHER CREEK,Pink (even),219,Nass-Skeena Estuary (even),Skeena,1961.0,4308,53.9843422,-130.434897
PORPHYRY CREEK,Pink (odd),213,Middle-Upper Skeena (odd),Skeena,545.0,5337,55.15642849,-127.3800289
PORPHYRY CREEK,Pink (even),218,Middle-Upper Skeena (even),Skeena,545.0,4378,55.15642849,-127.3800289
PRICE CREEK,Pink (even),218,Middle-Upper Skeena (even),Skeena,486.0,4341,55.08778292,-128.129515
PRICE CREEK,Pink (odd),213,Middle-Upper Skeena (odd),Skeena,486.0,5301,55.08778292,-128.129515
PRICE CREEK,Chum,214,Middle Skeena,Skeena,486.0,804,55.08778292,-128.129515
PRICE CREEK,Coho,215,Middle Skeena,Skeena,486.0,3065,55.08778292,-128.129515
PRUDHOMME CREEK,Pink (even),219,Nass-Skeena Estuary (even),Skeena,1734.0,4117,54.24500816,-130.1159004
PRUDHOMME CREEK,Lake sockeye,291,Prudhomme,Skeena,1734.0,6078,54.24500816,-130.1159004
PRUDHOMME CREEK,Coho,225,Skeena Estuary,Skeena,1734.0,2614,54.24500816,-130.1159004
REISETER CREEK,Coho,215,Middle Skeena,Skeena,551.0,3275,54.91229908,-127.21036
RICHFIELD CREEK,Coho,215,Middle Skeena,Skeena,564.0,3287,54.50768843,-126.3440541
RICHFIELD CREEK,Chinook,221,Upper Bulkley River,Skeena,564.0,1873,54.50768843,-126.3440541
ROBERSON CREEK,Pink (even),219,Nass-Skeena Estuary (even),Skeena,1775.0,4155,55.42566352,-130.0133804
ROBERT CREEK,Pink (even),219,Nass-Skeena Estuary (even),Skeena,376.0,4333,54.62532905,-130.0399793
SALIX CREEK,Lake sockeye,192,Bear,Skeena,623.0,6467,56.13291495,-126.83015
SALIX CREEK,Coho,231,Upper Skeena,Skeena,623.0,3154,56.13291495,-126.83015
SALMON COVE CREEK,Pink (even),219,Nass-Skeena Estuary (even),Skeena,1767.0,4147,55.26690264,-129.8545808
SALMON RUN CREEK,Coho,202,Lower Skeena,Skeena,2347.0,2832,54.46507158,-128.0820937
SALMON RUN CREEK,Chinook,229,Zymoetz,Skeena,2347.0,1643,54.46507158,-128.0820937
SAM BAY CREEK,Pink (even),219,Nass-Skeena Estuary (even),Skeena,1752.0,4133,54.66729337,-130.1067482
SANDY BAY CREEK,Pink (odd),223,Nass-Skeena Estuary (odd),Skeena,1742.0,5018,54.59650294,-130.8426104
SANDY BAY CREEK,Chum,220,Skeena Estuary,Skeena,1742.0,515,54.59650294,-130.8426104
SANDY BAY CREEK,Pink (even),219,Nass-Skeena Estuary (even),Skeena,1742.0,4125,54.59650294,-130.8426104
SANDY BAY CREEK,Coho,225,Skeena Estuary,Skeena,1742.0,2621,54.59650294,-130.8426104
SCHULBUCKHAND CREEK,Pink (even),219,Nass-Skeena Estuary (even),Skeena,511.0,4359,54.35518664,-128.5719986
SCHULBUCKHAND CREEK,Chum,211,Lower Skeena,Skeena,511.0,810,54.35518664,-128.5719986
SCHULBUCKHAND CREEK,Pink (odd),209,Lower Skeena River (odd),Skeena,511.0,5319,54.35518664,-128.5719986
SCHULBUCKHAND CREEK,Lake sockeye,177,Lakelse,Skeena,511.0,6435,54.35518664,-128.5719986
SCHULBUCKHAND CREEK,Coho,202,Lower Skeena,Skeena,511.0,3084,54.35518664,-128.5719986
SCOTIA RIVER,Pink (odd),209,Lower Skeena River (odd),Skeena,457.0,5406,54.17059691,-129.6360767
SCOTIA RIVER,Pink (even),219,Nass-Skeena Estuary (even),Skeena,457.0,4431,54.17059691,-129.6360767
SCOTIA RIVER,Coho,202,Lower Skeena,Skeena,457.0,3208,54.17059691,-129.6360767
SHAMES RIVER,Pink (odd),209,Lower Skeena River (odd),Skeena,470.0,5415,54.41162347,-128.8858794
SHAMES RIVER,Chum,211,Lower Skeena,Skeena,470.0,897,54.41162347,-128.8858794
SHAMES RIVER,Pink (even),219,Nass-Skeena Estuary (even),Skeena,470.0,4439,54.41162347,-128.8858794
SHAMES RIVER,Coho,202,Lower Skeena,Skeena,470.0,3218,54.41162347,-128.8858794
SHAMES SLOUGH,Coho,202,Lower Skeena,Skeena,445.0,3199,54.41143445,-128.8838625
SHAMES SLOUGH,Chum,211,Lower Skeena,Skeena,445.0,881,54.41143445,-128.8838625
SHAMES SLOUGH,Pink (even),219,Nass-Skeena Estuary (even),Skeena,445.0,4420,54.41143445,-128.8838625
SHAMES SLOUGH,Pink (odd),209,Lower Skeena River (odd),Skeena,445.0,5394,54.41143445,-128.8838625
SHANDILLA CREEK,Pink (odd),213,Middle-Upper Skeena (odd),Skeena,490.0,5304,55.0885164,-128.0207699
SHANDILLA CREEK,Pink (even),218,Middle-Upper Skeena (even),Skeena,490.0,4344,55.0885164,-128.0207699
SHANNON CREEK,Coho,202,Lower Skeena,Skeena,481.0,10420,54.66654163,-128.3772962
SHANNON CREEK,Pink (odd),209,Lower Skeena River (odd),Skeena,481.0,5355,54.66654163,-128.3772962
SHARPE CREEK,Pink (odd),213,Middle-Upper Skeena (odd),Skeena,546.0,5338,55.1326385,-127.3665462
SHASS CREEK,Lake sockeye,180,Babine/Onerka,Skeena,619.0,6463,54.46130922,-125.0804543
SHASS CREEK,Coho,215,Middle Skeena,Skeena,619.0,3150,54.46130922,-125.0804543
SHAWATLAN RIVER,Lake sockeye,292,Shawatlan,Skeena,1736.0,6079,54.32418707,-130.2553853
SHAWATLAN RIVER,Chinook,224,Skeena Estuary,Skeena,1736.0,1562,54.32418707,-130.2553853
SHAWATLAN RIVER,Pink (even),219,Nass-Skeena Estuary (even),Skeena,1736.0,4119,54.32418707,-130.2553853
SHAWATLAN RIVER,Chum,220,Skeena Estuary,Skeena,1736.0,510,54.32418707,-130.2553853
SHAWATLAN RIVER,Pink (odd),223,Nass-Skeena Estuary (odd),Skeena,1736.0,5013,54.32418707,-130.2553853
SHAWATLAN RIVER,Coho,225,Skeena Estuary,Skeena,1736.0,2616,54.32418707,-130.2553853
SHEGUNIA RIVER,Coho,215,Middle Skeena,Skeena,496.0,3072,55.34846884,-127.6787019
SHEGUNIA RIVER,Chinook,217,Middle Skeena-Mainstem Tributaries,Skeena,496.0,1781,55.34846884,-127.6787019
SHEGUNIA RIVER,Pink (odd),213,Middle-Upper Skeena (odd),Skeena,496.0,5310,55.34846884,-127.6787019
SHEGUNIA RIVER,Pink (even),218,Middle-Upper Skeena (even),Skeena,496.0,4350,55.34846884,-127.6787019
SHILAHOU CREEK,Lake sockeye,199,Slamgeesh,Skeena,2711.0,5799,56.39784623,-127.9251892
SHILAHOU CREEK,Coho,231,Upper Skeena,Skeena,2711.0,2143,56.39784623,-127.9251892
SHILAHOU CREEK,Chinook,217,Middle Skeena-Mainstem Tributaries,Skeena,2711.0,1404,56.39784623,-127.9251892
SICINTINE RIVER,Lake sockeye,198,Sicintine,Skeena,7990627.0,6267,56.04196906,-127.9587637
SILVER CREEK,Chum,220,Skeena Estuary,Skeena,1737.0,511,54.40139488,-130.238009
SILVER CREEK,Pink (even),219,Nass-Skeena Estuary (even),Skeena,1737.0,4120,54.40139488,-130.238009
SILVER CREEK,Pink (odd),223,Nass-Skeena Estuary (odd),Skeena,1737.0,5014,54.40139488,-130.238009
SILVER CREEK,Coho,225,Skeena Estuary,Skeena,1737.0,2617,54.40139488,-130.238009
SILVER CREEK,Chinook,224,Skeena Estuary,Skeena,1737.0,1563,54.40139488,-130.238009
SIMPSON CREEK,Chinook,217,Middle Skeena-Mainstem Tributaries,Skeena,2350.0,1645,54.80835316,-127.2025414
SINGLEHURST CREEK,Pink (even),219,Nass-Skeena Estuary (even),Skeena,478.0,4383,54.59992565,-128.4126301
SINGLEHURST CREEK,Coho,202,Lower Skeena,Skeena,478.0,3149,54.59992565,-128.4126301
SINGLEHURST CREEK,Pink (odd),209,Lower Skeena River (odd),Skeena,478.0,5352,54.59992565,-128.4126301
SKEENA RIVER,Pink (odd),209,Lower Skeena River (odd),Skeena,443.0,5392,54.13569778,-130.1081112
SKEENA RIVER,Pink (even),219,Nass-Skeena Estuary (even),Skeena,443.0,4418,54.13569778,-130.1081112
SKEENA RIVER,Chum,211,Lower Skeena,Skeena,443.0,879,54.13569778,-130.1081112
SKEENA RIVER,Chinook,210,Lower Skeena,Skeena,443.0,1842,54.13569778,-130.1081112
SKEENA RIVER - NORTH,Chinook,210,Lower Skeena,Skeena,19723.0,10575,54.501018,-128.636866
SKENE COVE CREEK,Pink (odd),223,Nass-Skeena Estuary (odd),Skeena,3552.0,4775,53.84433816,-130.3537848
SKI HILL CREEK,Coho,202,Lower Skeena,Skeena,2610.0,2818,54.57679075,-128.664234
SKUNSNAT CREEK,Pink (odd),213,Middle-Upper Skeena (odd),Skeena,576.0,5465,55.65648539,-128.2098143
SKUNSNAT CREEK,Coho,215,Middle Skeena,Skeena,576.0,3298,55.65648539,-128.2098143
SKUNSNAT CREEK,Pink (even),218,Middle-Upper Skeena (even),Skeena,576.0,4478,55.65648539,-128.2098143
SLAMGEESH RIVER,Lake sockeye,199,Slamgeesh,Skeena,498.0,6426,56.2905875,-127.7694304
SLAMGEESH RIVER,Chinook,217,Middle Skeena-Mainstem Tributaries,Skeena,498.0,1783,56.2905875,-127.7694304
SLAMGEESH RIVER,Pink (even),218,Middle-Upper Skeena (even),Skeena,498.0,4352,56.2905875,-127.7694304
SLAMGEESH RIVER,Coho,231,Upper Skeena,Skeena,498.0,3073,56.2905875,-127.7694304
SLAMGEESH RIVER,Pink (odd),213,Middle-Upper Skeena (odd),Skeena,498.0,5311,56.2905875,-127.7694304
SNASS CREEK,Pink (odd),223,Nass-Skeena Estuary (odd),Skeena,1963.0,5082,53.91447189,-130.5740264
SNASS CREEK,Pink (even),219,Nass-Skeena Estuary (even),Skeena,1963.0,4193,53.91447189,-130.5740264
SOCKEYE CREEK,Coho,215,Middle Skeena,Skeena,608.0,3321,54.73624703,-126.0132251
SOCKEYE CREEK,Pink (odd),209,Lower Skeena River (odd),Skeena,518.0,5324,54.42549416,-128.5304822
SOCKEYE CREEK,Pink (odd),213,Middle-Upper Skeena (odd),Skeena,608.0,5477,54.73624703,-126.0132251
SOCKEYE CREEK,Coho,202,Lower Skeena,Skeena,518.0,3091,54.42549416,-128.5304822
SOCKEYE CREEK,Lake sockeye,177,Lakelse,Skeena,518.0,6441,54.42549416,-128.5304822
SOCKEYE CREEK,Lake sockeye,180,Babine/Onerka,Skeena,608.0,6539,54.73624703,-126.0132251
SOCKEYE CREEK,Chinook,227,Lakelse,Skeena,518.0,1792,54.42549416,-128.5304822
SOUTHEND CREEK,Lake sockeye,171,Alastair,Skeena,467.0,6497,54.07047713,-129.1918262
SOUTHEND CREEK,Coho,202,Lower Skeena,Skeena,467.0,3216,54.07047713,-129.1918262
SPARKLING CREEK,Pink (even),219,Nass-Skeena Estuary (even),Skeena,453.0,4428,53.87850894,-129.6061226
SPARKLING CREEK,Pink (odd),209,Lower Skeena River (odd),Skeena,453.0,5402,53.87850894,-129.6061226
SPARKLING CREEK,Chum,211,Lower Skeena,Skeena,453.0,886,53.87850894,-129.6061226
SPAWNING LAKE,Lake sockeye,200,Spawning,Skeena,628.0,6471,56.57940781,-126.2624969
SPILLER RIVER,Pink (odd),223,Nass-Skeena Estuary (odd),Skeena,1954.0,5186,54.00972875,-130.2979087
SPILLER RIVER,Coho,225,Skeena Estuary,Skeena,1954.0,2782,54.00972875,-130.2979087
SPILLER RIVER,Pink (even),219,Nass-Skeena Estuary (even),Skeena,1954.0,4301,54.00972875,-130.2979087
SPRING CREEK,Pink (odd),209,Lower Skeena River (odd),Skeena,522.0,5326,54.53582338,-128.6471229
SPRING CREEK,Chinook,207,Kalum-Late,Skeena,522.0,1795,54.53582338,-128.6471229
SPRING CREEK,Pink (even),219,Nass-Skeena Estuary (even),Skeena,522.0,4366,54.53582338,-128.6471229
SPRING CREEK,Coho,202,Lower Skeena,Skeena,522.0,3094,54.53582338,-128.6471229
STAGOO CREEK,Pink (even),219,Nass-Skeena Estuary (even),Skeena,1758.0,4139,55.28582898,-129.7444777
STAR CREEK,Chinook,207,Kalum-Late,Skeena,526.0,1798,54.69057653,-128.7684788
STAR CREEK,Coho,202,Lower Skeena,Skeena,526.0,3098,54.69057653,-128.7684788
STAR CREEK,Pink (even),219,Nass-Skeena Estuary (even),Skeena,526.0,4369,54.69057653,-128.7684788
STAR CREEK,Pink (odd),209,Lower Skeena River (odd),Skeena,526.0,5329,54.69057653,-128.7684788
STATION CREEK,Pink (even),218,Middle-Upper Skeena (even),Skeena,542.0,4375,55.24786697,-127.6546051
STATION CREEK,Pink (odd),213,Middle-Upper Skeena (odd),Skeena,542.0,5335,55.24786697,-127.6546051
STATION CREEK,Coho,215,Middle Skeena,Skeena,542.0,3112,55.24786697,-127.6546051
STATION CREEK,Chum,214,Middle Skeena,Skeena,542.0,816,55.24786697,-127.6546051
STEEP CANYON CREEK,Coho,215,Middle Skeena,Skeena,2799.0,2135,55.66147866,-128.2524103
STEPHENS CREEK,Lake sockeye,187,Stephens,Skeena,585.0,6520,55.75962231,-128.535157
STEPHENS CREEK,Chinook,217,Middle Skeena-Mainstem Tributaries,Skeena,585.0,1882,55.75962231,-128.535157
STEPHENS CREEK,Lake sockeye,187,Stephens,Skeena,3559.0,10576,55.75963694,-128.536063
STEPHENS CREEK,Coho,215,Middle Skeena,Skeena,585.0,3307,55.75962231,-128.535157
STUMAUN CREEK,Coho,225,Skeena Estuary,Skeena,1744.0,2622,54.55611955,-130.3856838
STUMAUN CREEK,Pink (odd),223,Nass-Skeena Estuary (odd),Skeena,1744.0,5020,54.55611955,-130.3856838
STUMAUN CREEK,Chum,220,Skeena Estuary,Skeena,1744.0,516,54.55611955,-130.3856838
STUMAUN CREEK,Pink (even),219,Nass-Skeena Estuary (even),Skeena,1744.0,4127,54.55611955,-130.3856838
SUSKWA RIVER,Pink (odd),213,Middle-Upper Skeena (odd),Skeena,543.0,5336,55.23098975,-127.4446674
SUSKWA RIVER,Coho,215,Middle Skeena,Skeena,543.0,3113,55.23098975,-127.4446674
SUSKWA RIVER,Pink (even),218,Middle-Upper Skeena (even),Skeena,543.0,4376,55.23098975,-127.4446674
SUSKWA RIVER,Chinook,217,Middle Skeena-Mainstem Tributaries,Skeena,543.0,1809,55.23098975,-127.4446674
SUSTUT RIVER,Chinook,212,Upper Skeena,Skeena,620.0,1813,56.31704254,-127.363762
SUSTUT RIVER,Lake sockeye,201,Sustut,Skeena,620.0,6464,56.31704254,-127.363762
SUSTUT RIVER,Steelhead,280,Upper Skeena Headwaters,Skeena,,9708,56.32746983,-127.2023541
SUSTUT RIVER,Coho,231,Upper Skeena,Skeena,620.0,3151,56.31704254,-127.363762
SUTHERLAND RIVER,Lake sockeye,180,Babine/Onerka,Skeena,618.0,6462,54.48923084,-125.1808175
SWAN LAKE,Lake sockeye,187,Stephens,Skeena,2106.0,6269,55.77670466,-128.6264784
SWAN LAKE CREEK,Lake sockeye,187,Stephens,Skeena,2105.0,6268,55.81672311,-128.684743
SWAN LAKE CREEK #2,Lake sockeye,187,Stephens,Skeena,2736.0,5777,55.75302679,-128.6101177
SWEETIN RIVER,Chum,214,Middle Skeena,Skeena,579.0,958,55.67078778,-128.2726566
SWEETIN RIVER,Pink (even),218,Middle-Upper Skeena (even),Skeena,579.0,4480,55.67078778,-128.2726566
SWEETIN RIVER,Pink (odd),213,Middle-Upper Skeena (odd),Skeena,579.0,5467,55.67078778,-128.2726566
SWEETIN RIVER,Coho,215,Middle Skeena,Skeena,579.0,3301,55.67078778,-128.2726566
SWEETIN RIVER,Chinook,217,Middle Skeena-Mainstem Tributaries,Skeena,579.0,1880,55.67078778,-128.2726566
TACHEK CREEK,Lake sockeye,180,Babine/Onerka,Skeena,606.0,6537,54.79947052,-126.1156899
TACHEK CREEK,Coho,215,Middle Skeena,Skeena,606.0,3319,54.79947052,-126.1156899
TACHEK CREEK,Pink (odd),213,Middle-Upper Skeena (odd),Skeena,606.0,5476,54.79947052,-126.1156899
TAHLO CREEK - LOWER,Coho,215,Middle Skeena,Skeena,602.0,10421,55.29104489,-126.4169563
TAHLO CREEK - LOWER,Lake sockeye,189,Tahlo/Morrison,Skeena,602.0,6535,55.29104489,-126.4169563
TAHLO CREEK - UPPER,Lake sockeye,189,Tahlo/Morrison,Skeena,603.0,6534,55.33764929,-126.4773211
TELKWA RIVER,Coho,215,Middle Skeena,Skeena,555.0,3279,54.69561564,-127.0537666
TELZATO CREEK,Lake sockeye,180,Babine/Onerka,Skeena,617.0,6461,54.48566746,-125.2037395
THAUTIL RIVER,Pink (odd),213,Middle-Upper Skeena (odd),Skeena,559.0,5453,54.20610638,-127.3440752
THAUTIL RIVER,Coho,215,Middle Skeena,Skeena,559.0,3283,54.20610638,-127.3440752
THOMAS CREEK,Chinook,229,Zymoetz,Skeena,535.0,1804,54.36067302,-127.9743577
THOMAS CREEK,Coho,202,Lower Skeena,Skeena,535.0,3107,54.36067302,-127.9743577
THORNHILL CREEK,Coho,202,Lower Skeena,Skeena,476.0,3147,54.50648183,-128.5647522
THORNHILL CREEK,Pink (even),219,Nass-Skeena Estuary (even),Skeena,476.0,4381,54.50648183,-128.5647522
THORNHILL CREEK,Pink (odd),209,Lower Skeena River (odd),Skeena,476.0,5350,54.50648183,-128.5647522
TOBOGGAN CREEK,Pink (odd),213,Middle-Upper Skeena (odd),Skeena,550.0,5450,54.94078184,-127.3192709
TOBOGGAN CREEK,Chinook,217,Middle Skeena-Mainstem Tributaries,Skeena,550.0,1869,54.94078184,-127.3192709
TOBOGGAN CREEK,Steelhead,287,Bulkley,Skeena,,10273,54.940669,-127.316877
TOBOGGAN CREEK,Pink (even),218,Middle-Upper Skeena (even),Skeena,550.0,4464,54.94078184,-127.3192709
TOBOGGAN CREEK,Coho,215,Middle Skeena,Skeena,550.0,3274,54.94078184,-127.3192709
TOON RIVER,Pink (even),219,Nass-Skeena Estuary (even),Skeena,1750.0,4131,54.51043707,-129.9874717
TOUHY CREEK,Coho,215,Middle Skeena,Skeena,11573.0,2149,55.14154414,-126.9491355
TRACY BAY CREEK,Pink (even),219,Nass-Skeena Estuary (even),Skeena,1772.0,4152,54.72670146,-130.52988
TRACY BAY CREEK #2,Pink (even),219,Nass-Skeena Estuary (even),Skeena,2309.0,4315,54.72088489,-130.5026098
TRAIL BAY CREEK,Pink (even),219,Nass-Skeena Estuary (even),Skeena,1746.0,4128,54.59342672,-130.378809
TRAPLINE CREEK,Coho,202,Lower Skeena,Skeena,2348.0,2833,54.42617786,-128.0399429
TRAPLINE CREEK,Chinook,229,Zymoetz,Skeena,2348.0,1644,54.42617786,-128.0399429
TROUT CREEK,Coho,215,Middle Skeena,Skeena,549.0,3195,54.94112507,-127.3245951
TROUT CREEK,Pink (even),218,Middle-Upper Skeena (even),Skeena,549.0,4416,54.94112507,-127.3245951
TROUT CREEK,Pink (odd),213,Middle-Upper Skeena (odd),Skeena,549.0,5387,54.94112507,-127.3245951
TSEZAKWA CREEK,Pink (odd),213,Middle-Upper Skeena (odd),Skeena,597.0,5472,55.33824887,-126.6404951
TSEZAKWA CREEK,Lake sockeye,180,Babine/Onerka,Skeena,597.0,6529,55.33824887,-126.6404951
TSEZAKWA CREEK,Pink (even),218,Middle-Upper Skeena (even),Skeena,597.0,4485,55.33824887,-126.6404951
TSEZAKWA CREEK,Coho,215,Middle Skeena,Skeena,597.0,3316,55.33824887,-126.6404951
TURK CREEK,Pink (even),219,Nass-Skeena Estuary (even),Skeena,1773.0,4153,54.78859464,-130.5451224
TWAIN CREEK,Pink (even),218,Middle-Upper Skeena (even),Skeena,611.0,4445,54.6098086,-125.8119404
TWAIN CREEK,Pink (odd),213,Middle-Upper Skeena (odd),Skeena,611.0,5425,54.6098086,-125.8119404
TWAIN CREEK,Lake sockeye,180,Babine/Onerka,Skeena,611.0,6501,54.6098086,-125.8119404
TWAIN CREEK,Coho,215,Middle Skeena,Skeena,611.0,3230,54.6098086,-125.8119404
TWIN LAKE CREEK,Pink (even),218,Middle-Upper Skeena (even),Skeena,573.0,4477,55.59374613,-128.0819849
TWIN LAKE CREEK,Coho,215,Middle Skeena,Skeena,573.0,3296,55.59374613,-128.0819849
TWIN LAKE CREEK,Pink (odd),213,Middle-Upper Skeena (odd),Skeena,573.0,5464,55.59374613,-128.0819849
UPPER SUSTUT RIVER,Steelhead,281,Upper Sustut,Skeena,,9712,56.643523,-126.49908
USELESS CREEK,Pink (odd),223,Nass-Skeena Estuary (odd),Skeena,1966.0,5085,54.03942775,-130.5525841
USELESS CREEK,Pink (even),219,Nass-Skeena Estuary (even),Skeena,1966.0,4196,54.03942775,-130.5525841
USELESS CREEK,Coho,225,Skeena Estuary,Skeena,1966.0,2682,54.03942775,-130.5525841
VETTER CREEK,Pink (even),219,Nass-Skeena Estuary (even),Skeena,649.0,4403,55.20731525,-129.1541249
WEGILADAP CREEK,Pink (even),219,Nass-Skeena Estuary (even),Skeena,644.0,4399,55.15146199,-129.3871524
WELDA CREEK,Pink (even),219,Nass-Skeena Estuary (even),Skeena,633.0,4391,54.94717334,-129.8791361
WESACH CREEK,Coho,202,Lower Skeena,Skeena,528.0,3100,54.80804699,-128.7714826
WESACH CREEK,Lake sockeye,176,Kitsumkalum,Skeena,528.0,6445,54.80804699,-128.7714826
WEST CREEK,Pink (odd),223,Nass-Skeena Estuary (odd),Skeena,1957.0,5189,53.91464566,-130.4510216
WEST CREEK,Pink (even),219,Nass-Skeena Estuary (even),Skeena,1957.0,4304,53.91464566,-130.4510216
WESTSIDE CREEK,Lake sockeye,171,Alastair,Skeena,466.0,6496,54.11181338,-129.1878452
WHITE CREEK,Coho,202,Lower Skeena,Skeena,506.0,3079,54.42431632,-128.6997
WHITE CREEK,Pink (even),219,Nass-Skeena Estuary (even),Skeena,506.0,4356,54.42431632,-128.6997
WHITE CREEK,Chinook,227,Lakelse,Skeena,506.0,1789,54.42431632,-128.6997
WHITE CREEK,Pink (odd),209,Lower Skeena River (odd),Skeena,506.0,5315,54.42431632,-128.6997
WHITEBOTTOM CREEK,Pink (odd),209,Lower Skeena River (odd),Skeena,2737.0,10425,54.4048146,-128.8641719
WHITLY POINT CREEK,Pink (even),219,Nass-Skeena Estuary (even),Skeena,1743.0,4126,54.61124921,-130.8022378
WHITLY POINT CREEK,Pink (odd),223,Nass-Skeena Estuary (odd),Skeena,1743.0,5019,54.61124921,-130.8022378
WILAUKS CREEK,Pink (even),219,Nass-Skeena Estuary (even),Skeena,1761.0,4142,55.47826534,-129.4623388
WILLIAMS CREEK,Coho,202,Lower Skeena,Skeena,517.0,3090,54.41257231,-128.5334186
WILLIAMS CREEK,Chinook,227,Lakelse,Skeena,517.0,1791,54.41257231,-128.5334186
WILLIAMS CREEK,Pink (even),219,Nass-Skeena Estuary (even),Skeena,517.0,4363,54.41257231,-128.5334186
WILLIAMS CREEK,Pink (odd),209,Lower Skeena River (odd),Skeena,517.0,5323,54.41257231,-128.5334186
WILLIAMS CREEK,Lake sockeye,177,Lakelse,Skeena,517.0,6440,54.41257231,-128.5334186
WILSON CREEK,Coho,202,Lower Skeena,Skeena,484.0,3064,55.04615469,-128.2767468
WILSON CREEK,Pink (even),219,Nass-Skeena Estuary (even),Skeena,484.0,4340,55.04615469,-128.2767468
WILSON CREEK,Pink (odd),209,Lower Skeena River (odd),Skeena,484.0,5300,55.04615469,-128.2767468
WILYAYAANOOTH CREEK,Pink (even),219,Nass-Skeena Estuary (even),Skeena,646.0,4400,55.16729066,-129.3654396
WOLF CREEK,Coho,225,Skeena Estuary,Skeena,1958.0,2786,53.96057072,-130.3706251
WOLF CREEK,Pink (even),219,Nass-Skeena Estuary (even),Skeena,1958.0,4305,53.96057072,-130.3706251
WOLF CREEK,Pink (odd),223,Nass-Skeena Estuary (odd),Skeena,1958.0,5190,53.96057072,-130.3706251
XNUKW,Pink (even),219,Nass-Skeena Estuary (even),Skeena,635.0,4393,55.00613598,-129.8134973
ZYMAGOTITZ RIVER,Coho,202,Lower Skeena,Skeena,473.0,3221,54.48290971,-128.7348129
ZYMAGOTITZ RIVER,Chinook,210,Lower Skeena,Skeena,473.0,1856,54.48290971,-128.7348129
ZYMAGOTITZ RIVER,Pink (even),219,Nass-Skeena Estuary (even),Skeena,473.0,4441,54.48290971,-128.7348129
ZYMAGOTITZ RIVER,Chum,211,Lower Skeena,Skeena,473.0,899,54.48290971,-128.7348129
ZYMAGOTITZ RIVER,Pink (odd),209,Lower Skeena River (odd),Skeena,473.0,5417,54.48290971,-128.7348129
ZYMOETZ RIVER - LOWER,Pink (even),219,Nass-Skeena Estuary (even),Skeena,533.0,4370,54.54280488,-128.4799431
ZYMOETZ RIVER - LOWER,Pink (odd),209,Lower Skeena River (odd),Skeena,533.0,5330,54.54280488,-128.4799431
ZYMOETZ RIVER - LOWER,Chinook,229,Zymoetz,Skeena,533.0,1802,54.54280488,-128.4799431
ZYMOETZ RIVER - LOWER,River sockeye,226,Skeena River (river-type),Skeena,533.0,6449,54.54280488,-128.4799431
ZYMOETZ RIVER - LOWER,Coho,202,Lower Skeena,Skeena,533.0,3105,54.54280488,-128.4799431
ZYMOETZ RIVER - LOWER,Chum,211,Lower Skeena,Skeena,533.0,814,54.54280488,-128.4799431
ZYMOETZ RIVER - UPPER,Lake sockeye,178,Mcdonell/Dennis/Aldrich,Skeena,534.0,6450,54.47786812,-127.9335934
ZYMOETZ RIVER - UPPER,Coho,202,Lower Skeena,Skeena,534.0,3106,54.47786812,-127.9335934
ZYMOETZ RIVER - UPPER,Chinook,229,Zymoetz,Skeena,534.0,1803,54.47786812,-127.9335934
ANLIYEN CREEK,Coho,408,Lower Nass,Nass,637.0,3164,55.033818,-129.5730234
ANSEDAGAN CREEK,River sockeye,426,Lower Nass-Portland (river-type),Nass,643.0,6472,55.14024066,-129.3630428
ANSEDAGAN CREEK,Pink (odd),414,Nass-Portland-Observatory (odd),Nass,643.0,5368,55.14024066,-129.3630428
ANSEDAGAN CREEK,Chum,405,Lower Nass,Nass,643.0,863,55.14024066,-129.3630428
ANSEDAGAN CREEK,Coho,408,Lower Nass,Nass,643.0,3169,55.14024066,-129.3630428
ANUDOL CREEK,Coho,408,Lower Nass,Nass,640.0,10393,55.09528974,-129.4442447
ANUDOL CREEK,Chinook,401,Portland Sound-Observatory Inlet-Lower Nass,Nass,640.0,1822,55.09528974,-129.4442447
BEAR RIVER,Pink (odd),414,Nass-Portland-Observatory (odd),Nass,1780.0,5049,55.91761535,-129.9893414
BEAR RIVER,Chum,406,Portland Canal-Observatory,Nass,1780.0,543,55.91761535,-129.9893414
BEAR RIVER,Coho,410,Portland Sound-Observatory Inlet-Portland Canal,Nass,1780.0,2645,55.91761535,-129.9893414
BEAR RIVER,Lake sockeye,418,Clements,Nass,1780.0,6087,55.91761535,-129.9893414
BELL-IRVING RIVER,Chinook,402,Upper Nass,Nass,667.0,1837,56.16433158,-129.0283713
BELL-IRVING RIVER,Steelhead,480,Nass Summer,Nass,,9751,56.49253106,-129.4398657
BELLE BAY CREEK,Coho,410,Portland Sound-Observatory Inlet-Portland Canal,Nass,1774.0,2642,55.28930403,-129.9439378
BELLE BAY CREEK,Pink (odd),414,Nass-Portland-Observatory (odd),Nass,1774.0,5045,55.28930403,-129.9439378
BELLE BAY CREEK,Chum,406,Portland Canal-Observatory,Nass,1774.0,539,55.28930403,-129.9439378
BOWSER RIVER,Lake sockeye,420,Bowser,Nass,7990600.0,6486,56.35917746,-129.318774
BROWN BEAR CREEK,Coho,409,Upper Nass,Nass,657.0,3182,55.78011664,-128.8679271
BROWN BEAR CREEK,Chinook,402,Upper Nass,Nass,657.0,1829,55.78011664,-128.8679271
BROWN BEAR CREEK,Pink (even),412,Upper Nass (even),Nass,657.0,4411,55.78011664,-128.8679271
BROWN BEAR CREEK,River sockeye,427,Upper Nass River (river-type),Nass,657.0,6481,55.78011664,-128.8679271
CASCADE CREEK,Pink (odd),414,Nass-Portland-Observatory (odd),Nass,1766.0,5038,55.36868266,-129.8330803
CASCADE CREEK,Chum,406,Portland Canal-Observatory,Nass,1766.0,10390,55.36868266,-129.8330803
CEDAR CREEK,Chum,404,Portland Inlet,Nass,2308.0,706,54.59938424,-129.9602949
CEDAR CREEK,Pink (odd),414,Nass-Portland-Observatory (odd),Nass,2308.0,5206,54.59938424,-129.9602949
CHAMBERS CREEK,Chum,404,Portland Inlet,Nass,631.0,856,54.91655704,-129.9974725
CHAMBERS CREEK,Pink (odd),414,Nass-Portland-Observatory (odd),Nass,631.0,5359,54.91655704,-129.9974725
CHAMBERS CREEK,Coho,408,Lower Nass,Nass,631.0,3161,54.91655704,-129.9974725
CHAMBERS CREEK,Chinook,401,Portland Sound-Observatory Inlet-Lower Nass,Nass,631.0,1820,54.91655704,-129.9974725
CRAG CREEK,Pink (odd),414,Nass-Portland-Observatory (odd),Nass,2312.0,5209,54.80406871,-130.3631934
CRAG CREEK,Chum,404,Portland Inlet,Nass,2312.0,709,54.80406871,-130.3631934
CRAG CREEK,Coho,410,Portland Sound-Observatory Inlet-Portland Canal,Nass,2312.0,10392,54.80406871,-130.3631934
CRANBERRY RIVER,Pink (odd),415,Upper Nass (odd),Nass,663.0,5384,55.5349591,-128.8419229
CRANBERRY RIVER,Pink (even),412,Upper Nass (even),Nass,663.0,4414,55.5349591,-128.8419229
CRANBERRY RIVER,Steelhead,480,Nass Summer,Nass,,9747,55.55326089,-128.7055047
CRANBERRY RIVER,Coho,409,Upper Nass,Nass,663.0,3187,55.5349591,-128.8419229
CRANBERRY RIVER,River sockeye,427,Upper Nass River (river-type),Nass,663.0,6484,55.5349591,-128.8419229
CRANBERRY RIVER,Chinook,402,Upper Nass,Nass,663.0,1834,55.5349591,-128.8419229
CROW LAGOON CREEK,Chum,404,Portland Inlet,Nass,2307.0,705,54.70826643,-130.2110652
CROW LAGOON CREEK,Pink (odd),414,Nass-Portland-Observatory (odd),Nass,2307.0,5205,54.70826643,-130.2110652
DAK RIVER,Chum,406,Portland Canal-Observatory,Nass,2236.0,35,55.4947762,-129.4778696
DAK RIVER,Pink (odd),414,Nass-Portland-Observatory (odd),Nass,2236.0,10394,55.4947762,-129.4778696
DAMDOCHAX CREEK,Lake sockeye,421,Damdochax,Nass,7990604.0,6488,56.53188728,-128.3167996
DAMDOCHAX CREEK,Steelhead,480,Nass Summer,Nass,,9754,56.52624071,-128.2341717
DAMDOCHAX CREEK,Coho,409,Upper Nass,Nass,7990604.0,3194,56.53188728,-128.3167996
DAMDOCHAX CREEK,Chinook,402,Upper Nass,Nass,7990604.0,1841,56.53188728,-128.3167996
DISKANGIEQ CREEK,Coho,408,Lower Nass,Nass,638.0,3165,55.03681921,-129.5509499
DISKANGIEQ CREEK,Pink (odd),414,Nass-Portland-Observatory (odd),Nass,638.0,5364,55.03681921,-129.5509499
DOGFISH CREEK,Pink (odd),414,Nass-Portland-Observatory (odd),Nass,1768.0,5040,55.05688157,-130.1433007
DOGFISH CREEK,Coho,410,Portland Sound-Observatory Inlet-Portland Canal,Nass,1768.0,2637,55.05688157,-130.1433007
DOGFISH CREEK,Chum,406,Portland Canal-Observatory,Nass,1768.0,534,55.05688157,-130.1433007
DONAHUE CREEK,Coho,410,Portland Sound-Observatory Inlet-Portland Canal,Nass,1776.0,10391,55.47461787,-130.0448377
DONAHUE CREEK,Chum,406,Portland Canal-Observatory,Nass,1776.0,541,55.47461787,-130.0448377
DONAHUE CREEK,Pink (odd),414,Nass-Portland-Observatory (odd),Nass,1776.0,5047,55.47461787,-130.0448377
DONAHUE CREEK,River sockeye,426,Lower Nass-Portland (river-type),Nass,1776.0,6086,55.47461787,-130.0448377
DONAHUE CREEK,Chinook,401,Portland Sound-Observatory Inlet-Lower Nass,Nass,1776.0,1569,55.47461787,-130.0448377
ENSHESHESE RIVER,Coho,410,Portland Sound-Observatory Inlet-Portland Canal,Nass,1751.0,2626,54.5077876,-130.2271679
ENSHESHESE RIVER,River sockeye,426,Lower Nass-Portland (river-type),Nass,1751.0,6083,54.5077876,-130.2271679
ENSHESHESE RIVER,Pink (odd),414,Nass-Portland-Observatory (odd),Nass,1751.0,5024,54.5077876,-130.2271679
ENSHESHESE RIVER,Chinook,401,Portland Sound-Observatory Inlet-Lower Nass,Nass,1751.0,1565,54.5077876,-130.2271679
ENSHESHESE RIVER,Chum,404,Portland Inlet,Nass,1751.0,520,54.5077876,-130.2271679
FLEWIN CREEK,Pink (odd),414,Nass-Portland-Observatory (odd),Nass,632.0,5360,54.9344765,-129.9283836
GEORGIE RIVER,Chinook,401,Portland Sound-Observatory Inlet-Lower Nass,Nass,1778.0,1570,55.69848542,-130.1049531
GEORGIE RIVER,Pink (odd),414,Nass-Portland-Observatory (odd),Nass,1778.0,5048,55.69848542,-130.1049531
GEORGIE RIVER,Chum,406,Portland Canal-Observatory,Nass,1778.0,542,55.69848542,-130.1049531
GEORGIE RIVER,Coho,410,Portland Sound-Observatory Inlet-Portland Canal,Nass,1778.0,2644,55.69848542,-130.1049531
GINGIT CREEK,River sockeye,426,Lower Nass-Portland (river-type),Nass,653.0,6477,55.22193477,-129.1041126
GINGIT CREEK,Chum,405,Lower Nass,Nass,653.0,872,55.22193477,-129.1041126
GINGIT CREEK,Pink (odd),414,Nass-Portland-Observatory (odd),Nass,653.0,5378,55.22193477,-129.1041126
GINGIT CREEK,Coho,408,Lower Nass,Nass,653.0,3178,55.22193477,-129.1041126
GINLULAK CREEK,Coho,408,Lower Nass,Nass,639.0,3166,55.0406884,-129.4890825
GINLULAK CREEK,Chum,405,Lower Nass,Nass,639.0,860,55.0406884,-129.4890825
GINLULAK CREEK,Pink (odd),414,Nass-Portland-Observatory (odd),Nass,639.0,5365,55.0406884,-129.4890825
GITZYON CREEK,Chum,405,Lower Nass,Nass,654.0,873,55.20671709,-129.0998626
GITZYON CREEK,River sockeye,426,Lower Nass-Portland (river-type),Nass,654.0,6478,55.20671709,-129.0998626
GITZYON CREEK,Chinook,402,Upper Nass,Nass,654.0,1826,55.20671709,-129.0998626
GITZYON CREEK,Coho,408,Lower Nass,Nass,654.0,3179,55.20671709,-129.0998626
GITZYON CREEK,Pink (odd),414,Nass-Portland-Observatory (odd),Nass,654.0,5379,55.20671709,-129.0998626
GRANBY BAY CREEK,Pink (odd),414,Nass-Portland-Observatory (odd),Nass,11570.0,4799,55.35330231,-129.8316958
ILLIANCE RIVER,Pink (odd),414,Nass-Portland-Observatory (odd),Nass,1760.0,5033,55.47520472,-129.4613371
ILLIANCE RIVER,Chum,406,Portland Canal-Observatory,Nass,1760.0,528,55.47520472,-129.4613371
ILLIANCE RIVER,River sockeye,426,Lower Nass-Portland (river-type),Nass,1760.0,10549,55.47520472,-129.4613371
ILLIANCE RIVER,Coho,410,Portland Sound-Observatory Inlet-Portland Canal,Nass,1760.0,2631,55.47520472,-129.4613371
KHUTZEYMATEEN RIVER,Chum,404,Portland Inlet,Nass,1754.0,523,54.62538889,-129.9001113
KHUTZEYMATEEN RIVER,Coho,410,Portland Sound-Observatory Inlet-Portland Canal,Nass,1754.0,2628,54.62538889,-129.9001113
KHUTZEYMATEEN RIVER,Pink (odd),414,Nass-Portland-Observatory (odd),Nass,1754.0,5027,54.62538889,-129.9001113
KHUTZEYMATEEN RIVER,River sockeye,426,Lower Nass-Portland (river-type),Nass,1754.0,6084,54.62538889,-129.9001113
KHUTZEYMATEEN RIVER,Chinook,401,Portland Sound-Observatory Inlet-Lower Nass,Nass,1754.0,1566,54.62538889,-129.9001113
KINSKUCH RIVER,Pink (even),412,Upper Nass (even),Nass,662.0,4413,55.50523737,-128.9135115
KINSKUCH RIVER,Pink (odd),415,Upper Nass (odd),Nass,662.0,5383,55.50523737,-128.9135115
KINSKUCH RIVER,Chinook,402,Upper Nass,Nass,662.0,1833,55.50523737,-128.9135115
KINSKUCH RIVER,Coho,409,Upper Nass,Nass,662.0,3186,55.50523737,-128.9135115
KITEEN RIVER,Pink (odd),415,Upper Nass (odd),Nass,664.0,5385,55.51361836,-128.8102498
KITEEN RIVER,Chinook,402,Upper Nass,Nass,664.0,1835,55.51361836,-128.8102498
KITEEN RIVER,Coho,409,Upper Nass,Nass,664.0,3188,55.51361836,-128.8102498
KITSAULT RIVER,Coho,410,Portland Sound-Observatory Inlet-Portland Canal,Nass,1762.0,2633,55.47998923,-129.4813689
KITSAULT RIVER,Chinook,401,Portland Sound-Observatory Inlet-Lower Nass,Nass,1762.0,1568,55.47998923,-129.4813689
KITSAULT RIVER,Pink (odd),414,Nass-Portland-Observatory (odd),Nass,1762.0,5035,55.47998923,-129.4813689
KITSAULT RIVER,Chum,406,Portland Canal-Observatory,Nass,1762.0,530,55.47998923,-129.4813689
KSEMAMAITH CREEK,Pink (odd),414,Nass-Portland-Observatory (odd),Nass,642.0,5367,55.09674672,-129.4135622
KSEMAMAITH CREEK,Chum,405,Lower Nass,Nass,642.0,862,55.09674672,-129.4135622
KSEMAMAITH CREEK,Coho,408,Lower Nass,Nass,642.0,3168,55.09674672,-129.4135622
KSGA'MAAL,Pink (odd),414,Nass-Portland-Observatory (odd),Nass,650.0,5375,55.21459582,-129.1492559
KSGYUKWSA'A,Pink (odd),414,Nass-Portland-Observatory (odd),Nass,634.0,5362,54.95640542,-129.8678461
KSGYUKWSA'A,Chum,405,Lower Nass,Nass,634.0,857,54.95640542,-129.8678461
KSHWAN RIVER,Coho,410,Portland Sound-Observatory Inlet-Portland Canal,Nass,1764.0,2635,55.63021568,-129.80705
KSHWAN RIVER,Chum,406,Portland Canal-Observatory,Nass,1764.0,532,55.63021568,-129.80705
KSHWAN RIVER,Pink (odd),414,Nass-Portland-Observatory (odd),Nass,1764.0,5037,55.63021568,-129.80705
KSI GINGOLX,Pink (odd),414,Nass-Portland-Observatory (odd),Nass,630.0,5358,54.99629022,-129.9623625
KSI GINGOLX,Coho,410,Portland Sound-Observatory Inlet-Portland Canal,Nass,630.0,3160,54.99629022,-129.9623625
KSI GINGOLX,Steelhead,481,Nass Winter,Nass,630.0,9755,54.99629022,-129.9623625
KSI GINGOLX,Chum,406,Portland Canal-Observatory,Nass,630.0,855,54.99629022,-129.9623625
KSI GINGOLX,Chinook,401,Portland Sound-Observatory Inlet-Lower Nass,Nass,630.0,1819,54.99629022,-129.9623625
KSI HLGINX,Chinook,401,Portland Sound-Observatory Inlet-Lower Nass,Nass,661.0,1832,54.99272935,-129.6299029
KSI HLGINX,Pink (odd),414,Nass-Portland-Observatory (odd),Nass,661.0,5382,54.99272935,-129.6299029
KSI HLGINX,Chum,405,Lower Nass,Nass,661.0,875,54.99272935,-129.6299029
KSI HLGINX,River sockeye,426,Lower Nass-Portland (river-type),Nass,661.0,6483,54.99272935,-129.6299029
KSI HLGINX,Coho,408,Lower Nass,Nass,661.0,3185,54.99272935,-129.6299029
KSI MAT'IN,Coho,408,Lower Nass,Nass,641.0,3167,55.08598804,-129.4178316
KSI MAT'IN,Pink (odd),414,Nass-Portland-Observatory (odd),Nass,641.0,5366,55.08598804,-129.4178316
KSI MAT'IN,Chum,405,Lower Nass,Nass,641.0,861,55.08598804,-129.4178316
KSI SGASGINIST,Pink (odd),414,Nass-Portland-Observatory (odd),Nass,655.0,5380,55.27678677,-129.0636767
KSI SGASGINIST,Chinook,402,Upper Nass,Nass,655.0,1827,55.27678677,-129.0636767
KSI SGASGINIST,Coho,408,Lower Nass,Nass,655.0,3180,55.27678677,-129.0636767
KSI SGASGINIST,Chum,405,Lower Nass,Nass,655.0,874,55.27678677,-129.0636767
KSI SGASGINIST,River sockeye,426,Lower Nass-Portland (river-type),Nass,655.0,6479,55.27678677,-129.0636767
KSI SGAWBAN CREEK,Coho,410,Portland Sound-Observatory Inlet-Portland Canal,Nass,3548.0,2104,55.05094264,-129.9793662
KSI SII AKS,Chum,405,Lower Nass,Nass,651.0,870,55.22207718,-129.1069917
KSI SII AKS,Chinook,402,Upper Nass,Nass,651.0,1824,55.22207718,-129.1069917
KSI SII AKS,Coho,408,Lower Nass,Nass,651.0,3176,55.22207718,-129.1069917
KSI SII AKS,Pink (odd),414,Nass-Portland-Observatory (odd),Nass,651.0,5376,55.22207718,-129.1069917
KSI SII AKS,River sockeye,426,Lower Nass-Portland (river-type),Nass,651.0,6476,55.22207718,-129.1069917
KSI SII AKS 2,Pink (odd),414,Nass-Portland-Observatory (odd),Nass,652.0,5377,55.21838115,-129.1270262
KSI SII AKS 2,River sockeye,426,Lower Nass-Portland (river-type),Nass,652.0,10395,55.21838115,-129.1270262
KSI SII AKS 2,Chinook,402,Upper Nass,Nass,652.0,1825,55.21838115,-129.1270262
KSI SII AKS 2,Chum,405,Lower Nass,Nass,652.0,871,55.21838115,-129.1270262
KSI SII AKS 2,Coho,408,Lower Nass,Nass,652.0,3177,55.21838115,-129.1270262
KSI TS'OOHL TS'AP,Pink (odd),414,Nass-Portland-Observatory (odd),Nass,647.0,5372,55.16497914,-129.2800941
KSI TS'OOHL TS'AP,Coho,408,Lower Nass,Nass,647.0,3173,55.16497914,-129.2800941
KSI TS'OOHL TS'AP,Chum,405,Lower Nass,Nass,647.0,867,55.16497914,-129.2800941
KSI TS'OOHL TS'AP,Chinook,401,Portland Sound-Observatory Inlet-Lower Nass,Nass,647.0,1823,55.16497914,-129.2800941
KSI TS'OOHL TS'AP,River sockeye,426,Lower Nass-Portland (river-type),Nass,647.0,6473,55.16497914,-129.2800941
KSI TS'OOHL TS'AP 2,River sockeye,426,Lower Nass-Portland (river-type),Nass,648.0,6474,55.16368389,-129.2906309
KSI TS'OOHL TS'AP 2,Pink (odd),414,Nass-Portland-Observatory (odd),Nass,648.0,5373,55.16368389,-129.2906309
KSI TS'OOHL TS'AP 2,Chum,405,Lower Nass,Nass,648.0,868,55.16368389,-129.2906309
KSI TS'OOHL TS'AP 2,Coho,408,Lower Nass,Nass,648.0,3174,55.16368389,-129.2906309
KSI X'ANMAS,Chinook,401,Portland Sound-Observatory Inlet-Lower Nass,Nass,1756.0,1567,54.77545779,-130.1500586
KSI X'ANMAS,Coho,410,Portland Sound-Observatory Inlet-Portland Canal,Nass,1756.0,2629,54.77545779,-130.1500586
KSI X'ANMAS,River sockeye,426,Lower Nass-Portland (river-type),Nass,1756.0,6085,54.77545779,-130.1500586
KSI X'ANMAS,Chum,404,Portland Inlet,Nass,1756.0,525,54.77545779,-130.1500586
KSI X'ANMAS,Pink (odd),414,Nass-Portland-Observatory (odd),Nass,1756.0,5029,54.77545779,-130.1500586
KWINAGEESE RIVER,Coho,409,Upper Nass,Nass,659.0,3184,56.19342506,-128.7949123
KWINAGEESE RIVER,Steelhead,480,Nass Summer,Nass,,9746,56.01289329,-128.7580768
KWINAGEESE RIVER,Lake sockeye,422,Fred Wright,Nass,659.0,6482,56.19342506,-128.7949123
KWINAGEESE RIVER,Chinook,402,Upper Nass,Nass,659.0,1830,56.19342506,-128.7949123
KWINYARH CREEK,Pink (odd),414,Nass-Portland-Observatory (odd),Nass,645.0,5370,55.14934988,-129.338521
KWINYARH CREEK,Chum,405,Lower Nass,Nass,645.0,865,55.14934988,-129.338521
KWINYARH CREEK,Coho,408,Lower Nass,Nass,645.0,3171,55.14934988,-129.338521
LACHMACH RIVER,Chinook,401,Portland Sound-Observatory Inlet-Lower Nass,Nass,1748.0,1564,54.30171024,-129.9797091
LACHMACH RIVER,River sockeye,426,Lower Nass-Portland (river-type),Nass,1748.0,6080,54.30171024,-129.9797091
LACHMACH RIVER,Chum,404,Portland Inlet,Nass,1748.0,517,54.30171024,-129.9797091
LACHMACH RIVER,Coho,410,Portland Sound-Observatory Inlet-Portland Canal,Nass,1748.0,2623,54.30171024,-129.9797091
LACHMACH RIVER,Pink (odd),414,Nass-Portland-Observatory (odd),Nass,1748.0,5021,54.30171024,-129.9797091
LARCH CREEK,Chum,404,Portland Inlet,Nass,1753.0,522,54.60181252,-129.9360311
LARCH CREEK,Pink (odd),414,Nass-Portland-Observatory (odd),Nass,1753.0,5026,54.60181252,-129.9360311
LEVERSON CREEK,Pink (odd),414,Nass-Portland-Observatory (odd),Nass,1749.0,5022,54.33103755,-129.9830646
LEVERSON CREEK,Coho,410,Portland Sound-Observatory Inlet-Portland Canal,Nass,1749.0,2624,54.33103755,-129.9830646
LEVERSON CREEK,Chum,404,Portland Inlet,Nass,1749.0,518,54.33103755,-129.9830646
LEVERSON CREEK,Lake sockeye,419,Leverson,Nass,1749.0,6081,54.33103755,-129.9830646
LIZARD CREEK,Pink (odd),414,Nass-Portland-Observatory (odd),Nass,1769.0,5041,54.85023589,-130.2747837
LIZARD CREEK,Chum,404,Portland Inlet,Nass,1769.0,535,54.85023589,-130.2747837
LIZARD CREEK,Coho,410,Portland Sound-Observatory Inlet-Portland Canal,Nass,1769.0,2638,54.85023589,-130.2747837
MANZANITA COVE CREEK,Chum,404,Portland Inlet,Nass,1771.0,536,54.75446918,-130.4579041
MANZANITA COVE CREEK,Pink (odd),414,Nass-Portland-Observatory (odd),Nass,1771.0,5042,54.75446918,-130.4579041
MANZANITA COVE CREEK,Coho,410,Portland Sound-Observatory Inlet-Portland Canal,Nass,1771.0,2639,54.75446918,-130.4579041
MCKNIGHT CREEK,Coho,409,Upper Nass,Nass,665.0,3189,55.59656743,-128.5463387
MEZIADIN RIVER,Steelhead,480,Nass Summer,Nass,,9750,56.03650458,-129.1851747
MEZIADIN RIVER,Pink (odd),415,Upper Nass (odd),Nass,7990598.0,5386,56.02365783,-129.1480702
MEZIADIN RIVER,Coho,409,Upper Nass,Nass,7990598.0,3190,56.02365783,-129.1480702
MEZIADIN RIVER,Lake sockeye,424,Meziadin,Nass,7990598.0,6485,56.02365783,-129.1480702
MEZIADIN RIVER,Chinook,402,Upper Nass,Nass,7990598.0,1836,56.02365783,-129.1480702
MEZIADIN RIVER,Pink (even),412,Upper Nass (even),Nass,7990598.0,4415,56.02365783,-129.1480702
MOUSE CREEK,Chum,404,Portland Inlet,Nass,1755.0,524,54.63701754,-130.0192989
MOUSE CREEK,Pink (odd),414,Nass-Portland-Observatory (odd),Nass,1755.0,5028,54.63701754,-130.0192989
NASOGA GULF CREEK,Pink (odd),414,Nass-Portland-Observatory (odd),Nass,1757.0,5030,54.88608327,-130.058017
NASS RIVER,Chum,405,Lower Nass,Nass,629.0,854,54.9864611,-129.9767206
NASS RIVER,Pink (odd),414,Nass-Portland-Observatory (odd),Nass,629.0,5357,54.9864611,-129.9767206
NASS RIVER,Chinook,401,Portland Sound-Observatory Inlet-Lower Nass,Nass,629.0,1818,54.9864611,-129.9767206
NASS RIVER,Coho,408,Lower Nass,Nass,629.0,3159,54.9864611,-129.9767206
OLH CREEK,Pink (odd),414,Nass-Portland-Observatory (odd),Nass,1763.0,5036,55.55020203,-129.7715135
OLH CREEK,Chum,406,Portland Canal-Observatory,Nass,1763.0,531,55.55020203,-129.7715135
OLH CREEK,Coho,410,Portland Sound-Observatory Inlet-Portland Canal,Nass,1763.0,2634,55.55020203,-129.7715135
OWEEGEE CREEK,Lake sockeye,425,Oweegee,Nass,7990602.0,6487,56.62797969,-129.7013315
OWEEGEE CREEK,Coho,409,Upper Nass,Nass,7990602.0,3191,56.62797969,-129.7013315
OWEEGEE CREEK,Chinook,402,Upper Nass,Nass,7990602.0,1838,56.62797969,-129.7013315
PERRY BAY CREEK,Pink (odd),414,Nass-Portland-Observatory (odd),Nass,1759.0,5032,55.37928276,-129.6788032
PERRY BAY CREEK,Chum,406,Portland Canal-Observatory,Nass,1759.0,527,55.37928276,-129.6788032
PIRATE COVE CREEK,Chum,404,Portland Inlet,Nass,2311.0,708,54.83106603,-130.304382
PIRATE COVE CREEK,Coho,410,Portland Sound-Observatory Inlet-Portland Canal,Nass,2311.0,2825,54.83106603,-130.304382
PIRATE COVE CREEK,Pink (odd),414,Nass-Portland-Observatory (odd),Nass,2311.0,5208,54.83106603,-130.304382
QUILGAUW CREEK,Coho,408,Lower Nass,Nass,636.0,3163,55.0225312,-129.568365
QUILGAUW CREEK,Chum,405,Lower Nass,Nass,636.0,859,55.0225312,-129.568365
RAINY CREEK,Coho,410,Portland Sound-Observatory Inlet-Portland Canal,Nass,1781.0,2646,55.93523851,-130.0012047
ROBERSON CREEK,Pink (odd),414,Nass-Portland-Observatory (odd),Nass,1775.0,5046,55.42566352,-130.0133804
ROBERSON CREEK,Chum,406,Portland Canal-Observatory,Nass,1775.0,540,55.42566352,-130.0133804
ROBERSON CREEK,Coho,410,Portland Sound-Observatory Inlet-Portland Canal,Nass,1775.0,2643,55.42566352,-130.0133804
SALADAMIS CREEK,Chinook,402,Upper Nass,Nass,660.0,1831,56.20348853,-128.7699556
SALMON COVE CREEK,Chum,406,Portland Canal-Observatory,Nass,1767.0,533,55.26690264,-129.8545808
SALMON COVE CREEK,Coho,410,Portland Sound-Observatory Inlet-Portland Canal,Nass,1767.0,2636,55.26690264,-129.8545808
SALMON COVE CREEK,Pink (odd),414,Nass-Portland-Observatory (odd),Nass,1767.0,5039,55.26690264,-129.8545808
SAM BAY CREEK,Chum,404,Portland Inlet,Nass,1752.0,521,54.66729337,-130.1067482
SAM BAY CREEK,Pink (odd),414,Nass-Portland-Observatory (odd),Nass,1752.0,5025,54.66729337,-130.1067482
SAM BAY CREEK,Coho,410,Portland Sound-Observatory Inlet-Portland Canal,Nass,1752.0,2627,54.66729337,-130.1067482
SEASKINNISH CREEK,Steelhead,480,Nass Summer,Nass,,9744,55.28286,-129.02037
SNOWBANK CREEK,Chinook,402,Upper Nass,Nass,671.0,1840,56.7400553,-129.9146675
SNOWBANK CREEK,Coho,409,Upper Nass,Nass,671.0,3193,56.7400553,-129.9146675
STAGOO CREEK,Coho,410,Portland Sound-Observatory Inlet-Portland Canal,Nass,1758.0,2630,55.28582898,-129.7444777
STAGOO CREEK,Pink (odd),414,Nass-Portland-Observatory (odd),Nass,1758.0,5031,55.28582898,-129.7444777
STAGOO CREEK,Chum,406,Portland Canal-Observatory,Nass,1758.0,526,55.28582898,-129.7444777
TALAHAAT CREEK,Coho,410,Portland Sound-Observatory Inlet-Portland Canal,Nass,2652.0,2791,54.7768521,-130.0825121
TCHITIN RIVER,Pink (odd),415,Upper Nass (odd),Nass,656.0,5381,55.47823835,-128.9497379
TCHITIN RIVER,River sockeye,427,Upper Nass River (river-type),Nass,656.0,6480,55.47823835,-128.9497379
TCHITIN RIVER,Pink (even),412,Upper Nass (even),Nass,656.0,4410,55.47823835,-128.9497379
TCHITIN RIVER,Chinook,402,Upper Nass,Nass,656.0,1828,55.47823835,-128.9497379
TCHITIN RIVER,Coho,409,Upper Nass,Nass,656.0,3181,55.47823835,-128.9497379
TEIGEN CREEK,Chinook,402,Upper Nass,Nass,670.0,1839,56.73098866,-129.84998
TEIGEN CREEK,Coho,409,Upper Nass,Nass,670.0,3192,56.73098866,-129.84998
TOON RIVER,Chum,404,Portland Inlet,Nass,1750.0,519,54.51043707,-129.9874717
TOON RIVER,Pink (odd),414,Nass-Portland-Observatory (odd),Nass,1750.0,5023,54.51043707,-129.9874717
TOON RIVER,River sockeye,426,Lower Nass-Portland (river-type),Nass,1750.0,6082,54.51043707,-129.9874717
TOON RIVER,Coho,410,Portland Sound-Observatory Inlet-Portland Canal,Nass,1750.0,2625,54.51043707,-129.9874717
TRACY BAY CREEK,Pink (odd),414,Nass-Portland-Observatory (odd),Nass,1772.0,5043,54.72670146,-130.52988
TRACY BAY CREEK,Chum,404,Portland Inlet,Nass,1772.0,537,54.72670146,-130.52988
TRACY BAY CREEK,Coho,410,Portland Sound-Observatory Inlet-Portland Canal,Nass,1772.0,2640,54.72670146,-130.52988
TRACY BAY CREEK #2,Chum,404,Portland Inlet,Nass,2309.0,707,54.72088489,-130.5026098
TRACY BAY CREEK #2,Pink (odd),414,Nass-Portland-Observatory (odd),Nass,2309.0,5207,54.72088489,-130.5026098
TURK CREEK,Coho,410,Portland Sound-Observatory Inlet-Portland Canal,Nass,1773.0,2641,54.78859464,-130.5451224
TURK CREEK,Pink (odd),414,Nass-Portland-Observatory (odd),Nass,1773.0,5044,54.78859464,-130.5451224
TURK CREEK,Chum,404,Portland Inlet,Nass,1773.0,538,54.78859464,-130.5451224
VAN DYKE CREEK,Coho,409,Upper Nass,Nass,658.0,3183,55.78103526,-128.8696609
VETTER CREEK,River sockeye,426,Lower Nass-Portland (river-type),Nass,649.0,6475,55.20731525,-129.1541249
VETTER CREEK,Pink (odd),414,Nass-Portland-Observatory (odd),Nass,649.0,5374,55.20731525,-129.1541249
VETTER CREEK,Chum,405,Lower Nass,Nass,649.0,869,55.20731525,-129.1541249
VETTER CREEK,Coho,408,Lower Nass,Nass,649.0,3175,55.20731525,-129.1541249
WEGILADAP CREEK,Chum,405,Lower Nass,Nass,644.0,864,55.15146199,-129.3871524
WEGILADAP CREEK,Pink (odd),414,Nass-Portland-Observatory (odd),Nass,644.0,5369,55.15146199,-129.3871524
WEGILADAP CREEK,Coho,408,Lower Nass,Nass,644.0,3170,55.15146199,-129.3871524
WELDA CREEK,Pink (odd),414,Nass-Portland-Observatory (odd),Nass,633.0,5361,54.94717334,-129.8791361
WILAUKS CREEK,Pink (odd),414,Nass-Portland-Observatory (odd),Nass,1761.0,5034,55.47826534,-129.4623388
WILAUKS CREEK,Coho,410,Portland Sound-Observatory Inlet-Portland Canal,Nass,1761.0,2632,55.47826534,-129.4623388
WILAUKS CREEK,Chum,406,Portland Canal-Observatory,Nass,1761.0,529,55.47826534,-129.4623388
WILYAYAANOOTH CREEK,Chum,405,Lower Nass,Nass,646.0,866,55.16729066,-129.3654396
WILYAYAANOOTH CREEK,Coho,408,Lower Nass,Nass,646.0,3172,55.16729066,-129.3654396
WILYAYAANOOTH CREEK,Pink (odd),414,Nass-Portland-Observatory (odd),Nass,646.0,5371,55.16729066,-129.3654396
WIMINASIK LAKE SYSTEM,Lake sockeye,421,Damdochax,Nass,432.0,10548,56.489746,-128.049384
WIMINASIK LAKE SYSTEM,Chinook,402,Upper Nass,Nass,432.0,10547,56.489746,-128.049384
XNUKW,Pink (odd),414,Nass-Portland-Observatory (odd),Nass,635.0,5363,55.00613598,-129.8134973
XNUKW,Chinook,401,Portland Sound-Observatory Inlet-Lower Nass,Nass,635.0,1821,55.00613598,-129.8134973
XNUKW,Chum,405,Lower Nass,Nass,635.0,858,55.00613598,-129.8134973
XNUKW,Coho,408,Lower Nass,Nass,635.0,3162,55.00613598,-129.8134973
AALTANHASH RIVER,Chum,508,Douglas-Gardner,Central Coast,1023.0,1059,53.14655991,-128.477473
AALTANHASH RIVER,River sockeye,614,Northern Coastal Fjords (river-type),Central Coast,1023.0,6562,53.14655991,-128.477473
AALTANHASH RIVER,Pink (odd),612,Hecate Strait-Fjords (odd),Central Coast,1023.0,5519,53.14655991,-128.477473
AALTANHASH RIVER,Coho,523,Northern Coastal Streams,Central Coast,1023.0,3424,53.14655991,-128.477473
AALTANHASH RIVER,Chinook,515,North & Central Coast-Early,Central Coast,1023.0,1917,53.14655991,-128.477473
AALTANHASH RIVER,Pink (even),609,Hecate Strait-Fjords (even),Central Coast,1023.0,4515,53.14655991,-128.477473
AIRPORT SIDE CHANNEL,Pink (even),609,Hecate Strait-Fjords (even),Central Coast,2090.0,3779,52.39138166,-126.5869846
AIRPORT SIDE CHANNEL,Coho,518,Bella Coola-Dean Rivers,Central Coast,2090.0,2113,52.39138166,-126.5869846
AIRPORT SIDE CHANNEL,Chum,504,Bella Coola-Dean Rivers,Central Coast,2090.0,17,52.39138166,-126.5869846
AIRPORT SIDE CHANNEL,Pink (odd),610,Homathko-Klinaklini-Smith-Rivers-Bella Coola-Dean (odd),Central Coast,2090.0,4778,52.39138166,-126.5869846
ALLARD CREEK,Coho,517,Rivers Inlet,Central Coast,930.0,3360,51.46339655,-127.3264523
ALLARD CREEK,Chum,500,Smith Inlet,Central Coast,930.0,992,51.46339655,-127.3264523
ALLARD CREEK,Pink (odd),610,Homathko-Klinaklini-Smith-Rivers-Bella Coola-Dean (odd),Central Coast,930.0,5492,51.46339655,-127.3264523
ALLARD CREEK,Pink (even),609,Hecate Strait-Fjords (even),Central Coast,930.0,4501,51.46339655,-127.3264523
ALPHA CREEK,Coho,520,Hecate Strait Mainland,Central Coast,1932.0,2762,53.86273753,-130.2793322
ALVIN CREEK,Pink (odd),611,Hecate Strait-Lowlands (odd),Central Coast,1096.0,10336,53.80593727,-129.8486308
ALVIN CREEK,Coho,520,Hecate Strait Mainland,Central Coast,1096.0,3700,53.80593727,-129.8486308
ALVIN CREEK,Chum,506,Hecate Lowlands,Central Coast,1096.0,1326,53.80593727,-129.8486308
ALVIN CREEK,Pink (even),608,Hecate Lowlands (even),Central Coast,1096.0,10332,53.80593727,-129.8486308
AMBACK CREEK,Chinook,510,Rivers Inlet,Central Coast,937.0,1980,51.69747537,-127.0429135
AMBACK CREEK,Chum,501,Rivers Inlet,Central Coast,937.0,1203,51.69747537,-127.0429135
AMBACK CREEK,Pink (odd),610,Homathko-Klinaklini-Smith-Rivers-Bella Coola-Dean (odd),Central Coast,937.0,5630,51.69747537,-127.0429135
AMBACK CREEK,Coho,517,Rivers Inlet,Central Coast,937.0,3580,51.69747537,-127.0429135
AMBACK CREEK,Pink (even),609,Hecate Strait-Fjords (even),Central Coast,937.0,4629,51.69747537,-127.0429135
ANDERSON CREEK,River sockeye,614,Northern Coastal Fjords (river-type),Central Coast,1077.0,6691,54.01511818,-128.6820198
ANDERSON CREEK,Coho,522,Douglas Channel-Kitimat Arm,Central Coast,1077.0,3683,54.01511818,-128.6820198
ANDERSON CREEK,Chum,508,Douglas-Gardner,Central Coast,1077.0,1310,54.01511818,-128.6820198
ANDERSON CREEK,Chinook,515,North & Central Coast-Early,Central Coast,1077.0,2025,54.01511818,-128.6820198
ANDERSON CREEK,Pink (odd),612,Hecate Strait-Fjords (odd),Central Coast,1077.0,5712,54.01511818,-128.6820198
ANDERSON CREEK,Pink (even),609,Hecate Strait-Fjords (even),Central Coast,1077.0,4712,54.01511818,-128.6820198
ANGLER COVE CREEK,Chum,508,Douglas-Gardner,Central Coast,1027.0,1063,53.31704619,-128.8835921
ANGLER COVE CREEK,River sockeye,614,Northern Coastal Fjords (river-type),Central Coast,1027.0,6565,53.31704619,-128.8835921
ANGLER COVE CREEK,Pink (odd),612,Hecate Strait-Fjords (odd),Central Coast,1027.0,5523,53.31704619,-128.8835921
ANGLER COVE CREEK,Pink (even),609,Hecate Strait-Fjords (even),Central Coast,1027.0,4519,53.31704619,-128.8835921
ANGLER COVE CREEK,Coho,523,Northern Coastal Streams,Central Coast,1027.0,3428,53.31704619,-128.8835921
ARGYH CREEK,Pink (even),608,Hecate Lowlands (even),Central Coast,1864.0,4214,52.90488709,-129.0299035
ARGYH CREEK,Pink (odd),611,Hecate Strait-Lowlands (odd),Central Coast,1864.0,5100,52.90488709,-129.0299035
ARGYH CREEK,Chum,506,Hecate Lowlands,Central Coast,1864.0,594,52.90488709,-129.0299035
ARGYH CREEK,Coho,520,Hecate Strait Mainland,Central Coast,1864.0,2698,52.90488709,-129.0299035
ARNOUP CREEK,River sockeye,614,Northern Coastal Fjords (river-type),Central Coast,1850.0,6111,52.97206815,-128.6766942
ARNOUP CREEK,Chum,506,Hecate Lowlands,Central Coast,1850.0,581,52.97206815,-128.6766942
ARNOUP CREEK,Pink (even),609,Hecate Strait-Fjords (even),Central Coast,1850.0,4200,52.97206815,-128.6766942
ARNOUP CREEK,Pink (odd),612,Hecate Strait-Fjords (odd),Central Coast,1850.0,5087,52.97206815,-128.6766942
ARNOUP CREEK,Coho,520,Hecate Strait Mainland,Central Coast,1850.0,2684,52.97206815,-128.6766942
ARNOUP CREEK,Chinook,515,North & Central Coast-Early,Central Coast,1850.0,1574,52.97206815,-128.6766942
ASHLULM CREEK,Chum,501,Rivers Inlet,Central Coast,939.0,1205,51.68864836,-126.8992208
ASHLULM CREEK,Pink (odd),610,Homathko-Klinaklini-Smith-Rivers-Bella Coola-Dean (odd),Central Coast,939.0,5632,51.68864836,-126.8992208
ASHLULM CREEK,Pink (even),609,Hecate Strait-Fjords (even),Central Coast,939.0,4631,51.68864836,-126.8992208
ASHLULM CREEK,Coho,517,Rivers Inlet,Central Coast,939.0,3582,51.68864836,-126.8992208
ASHLULM CREEK,Chinook,510,Rivers Inlet,Central Coast,939.0,1982,51.68864836,-126.8992208
ASHLULM CREEK,Lake sockeye,525,Owikeno,Central Coast,939.0,6624,51.68864836,-126.8992208
ASSEEK RIVER,River sockeye,614,Northern Coastal Fjords (river-type),Central Coast,964.0,6640,51.96245385,-126.6786043
ASSEEK RIVER,Coho,518,Bella Coola-Dean Rivers,Central Coast,964.0,3604,51.96245385,-126.6786043
ASSEEK RIVER,Pink (odd),610,Homathko-Klinaklini-Smith-Rivers-Bella Coola-Dean (odd),Central Coast,964.0,5652,51.96245385,-126.6786043
ASSEEK RIVER,Chum,504,Bella Coola-Dean Rivers,Central Coast,964.0,1225,51.96245385,-126.6786043
ASSEEK RIVER,Pink (even),609,Hecate Strait-Fjords (even),Central Coast,964.0,4652,51.96245385,-126.6786043
ATNARKO LAKES,Lake sockeye,528,South Atnarko Lakes,Central Coast,64745.0,10463,52.163834,-125.713941
ATNARKO RIVER,Chinook,512,Bella Coola-Bentinck,Central Coast,970.0,1998,52.37656418,-126.0943564
ATNARKO RIVER,Pink (even),609,Hecate Strait-Fjords (even),Central Coast,970.0,4658,52.37656418,-126.0943564
ATNARKO RIVER,Coho,518,Bella Coola-Dean Rivers,Central Coast,970.0,3609,52.37656418,-126.0943564
ATNARKO RIVER,Steelhead,683,Transition Summer,Central Coast,,10272,52.376631,-126.093529
ATNARKO RIVER,Pink (odd),610,Homathko-Klinaklini-Smith-Rivers-Bella Coola-Dean (odd),Central Coast,970.0,5658,52.37656418,-126.0943564
ATNARKO SPAWNING CHANNEL,Chinook,512,Bella Coola-Bentinck,Central Coast,358.0,1674,52.358869,-126.048351
ATNARKO SPAWNING CHANNEL,River sockeye,614,Northern Coastal Fjords (river-type),Central Coast,358.0,6334,52.358869,-126.048351
ATNARKO SPAWNING CHANNEL,Chum,504,Bella Coola-Dean Rivers,Central Coast,358.0,724,52.358869,-126.048351
ATNARKO SPAWNING CHANNEL,Pink (even),609,Hecate Strait-Fjords (even),Central Coast,358.0,4330,52.358869,-126.048351
ATNARKO SPAWNING CHANNEL,Pink (odd),610,Homathko-Klinaklini-Smith-Rivers-Bella Coola-Dean (odd),Central Coast,358.0,5224,52.358869,-126.048351
ATNARKO SPAWNING CHANNEL,Coho,518,Bella Coola-Dean Rivers,Central Coast,358.0,2879,52.358869,-126.048351
AVELING CREEK,Chinook,515,North & Central Coast-Early,Central Coast,1065.0,1933,54.25766244,-128.8410014
AVELING CREEK,Chum,508,Douglas-Gardner,Central Coast,1065.0,1092,54.25766244,-128.8410014
AVELING CREEK,Coho,522,Douglas Channel-Kitimat Arm,Central Coast,1065.0,3464,54.25766244,-128.8410014
BANKS LAKES CREEK,Coho,520,Hecate Strait Mainland,Central Coast,1942.0,2772,53.37688132,-130.1989687
BANKS LAKES CREEK,Pink (even),608,Hecate Lowlands (even),Central Coast,1942.0,4290,53.37688132,-130.1989687
BANKS LAKES CREEK,Chum,506,Hecate Lowlands,Central Coast,1942.0,671,53.37688132,-130.1989687
BANKS LAKES CREEK,Lake sockeye,540,Banks,Central Coast,1942.0,6174,53.37688132,-130.1989687
BANKS LAKES CREEK,Pink (odd),611,Hecate Strait-Lowlands (odd),Central Coast,1942.0,5175,53.37688132,-130.1989687
BARNARD CREEK,Pink (odd),611,Hecate Strait-Lowlands (odd),Central Coast,1869.0,5105,53.05299489,-129.1196246
BARNARD CREEK,Pink (even),608,Hecate Lowlands (even),Central Coast,1869.0,4219,53.05299489,-129.1196246
BARNARD CREEK,Coho,520,Hecate Strait Mainland,Central Coast,1869.0,2703,53.05299489,-129.1196246
BARNARD CREEK,River sockeye,614,Northern Coastal Fjords (river-type),Central Coast,1869.0,6125,53.05299489,-129.1196246
BARNARD CREEK,Chum,506,Hecate Lowlands,Central Coast,1869.0,599,53.05299489,-129.1196246
BEAVER CREEK,Coho,520,Hecate Strait Mainland,Central Coast,955.0,3597,51.53727879,-127.7475024
BEAVER CREEK,Pink (odd),611,Hecate Strait-Lowlands (odd),Central Coast,955.0,5644,51.53727879,-127.7475024
BEAVER CREEK,Lake sockeye,556,Elsie/Hoy,Central Coast,955.0,6634,51.53727879,-127.7475024
BEAVER CREEK,Coho,522,Douglas Channel-Kitimat Arm,Central Coast,1078.0,3684,54.02118673,-128.6892707
BEAVER CREEK,Pink (even),608,Hecate Lowlands (even),Central Coast,955.0,4644,51.53727879,-127.7475024
BEAVER CREEK,Chum,503,Spiller-Fitz-Hugh-Burke,Central Coast,955.0,1217,51.53727879,-127.7475024
BELLA COOLA RIVER,Pink (odd),610,Homathko-Klinaklini-Smith-Rivers-Bella Coola-Dean (odd),Central Coast,968.0,5656,52.39012814,-126.7777052
BELLA COOLA RIVER,Chum,505,Bella Coola River-Late,Central Coast,968.0,10467,52.39012814,-126.7777052
BELLA COOLA RIVER,Steelhead,683,Transition Summer,Central Coast,,9853,52.42317066,-126.4367711
BELLA COOLA RIVER,Chinook,512,Bella Coola-Bentinck,Central Coast,968.0,1997,52.39012814,-126.7777052
BELLA COOLA RIVER,Chum,504,Bella Coola-Dean Rivers,Central Coast,968.0,1229,52.39012814,-126.7777052
BELLA COOLA RIVER,Coho,518,Bella Coola-Dean Rivers,Central Coast,968.0,3607,52.39012814,-126.7777052
BELLA COOLA RIVER,River sockeye,614,Northern Coastal Fjords (river-type),Central Coast,968.0,6642,52.39012814,-126.7777052
BELLA COOLA RIVER,Pink (even),609,Hecate Strait-Fjords (even),Central Coast,968.0,4656,52.39012814,-126.7777052
BELOWE CREEK,Chum,506,Hecate Lowlands,Central Coast,1091.0,1322,53.47511056,-129.4778228
BELOWE CREEK,Coho,520,Hecate Strait Mainland,Central Coast,1091.0,3697,53.47511056,-129.4778228
BELOWE CREEK,Pink (odd),611,Hecate Strait-Lowlands (odd),Central Coast,1091.0,5725,53.47511056,-129.4778228
BELOWE CREEK,River sockeye,614,Northern Coastal Fjords (river-type),Central Coast,1091.0,6699,53.47511056,-129.4778228
BELOWE CREEK,Pink (even),608,Hecate Lowlands (even),Central Coast,1091.0,4724,53.47511056,-129.4778228
BIG BAY CREEK,Pink (even),609,Hecate Strait-Fjords (even),Central Coast,1012.0,4696,52.78871874,-127.9934564
BIG BAY CREEK,Chum,507,Mussel-Kynoch,Central Coast,1012.0,1272,52.78871874,-127.9934564
BIG BAY CREEK,Pink (odd),612,Hecate Strait-Fjords (odd),Central Coast,1012.0,5698,52.78871874,-127.9934564
BIG BAY CREEK,Coho,519,Mussel-Kynoch,Central Coast,1012.0,3646,52.78871874,-127.9934564
BIG BAY CREEK,River sockeye,614,Northern Coastal Fjords (river-type),Central Coast,1012.0,6669,52.78871874,-127.9934564
BIG CREEK,Pink (odd),612,Hecate Strait-Fjords (odd),Central Coast,1011.0,5697,52.75986712,-127.8855098
BIG CREEK,River sockeye,614,Northern Coastal Fjords (river-type),Central Coast,1011.0,6668,52.75986712,-127.8855098
BIG CREEK,Chum,507,Mussel-Kynoch,Central Coast,1011.0,1271,52.75986712,-127.8855098
BIG CREEK,Pink (even),609,Hecate Strait-Fjords (even),Central Coast,1011.0,4695,52.75986712,-127.8855098
BIG CREEK,Coho,519,Mussel-Kynoch,Central Coast,1011.0,3645,52.75986712,-127.8855098
BIG DOG CREEK,River sockeye,615,Northern Coastal Streams (river-type),Central Coast,1943.0,6175,53.4753668,-130.398396
BIG TILLHORN CREEK,Pink (odd),612,Hecate Strait-Fjords (odd),Central Coast,1910.0,5144,53.58073424,-129.1793971
BIG TILLHORN CREEK,Coho,523,Northern Coastal Streams,Central Coast,1910.0,2740,53.58073424,-129.1793971
BIG TILLHORN CREEK,Chum,508,Douglas-Gardner,Central Coast,1910.0,639,53.58073424,-129.1793971
BIG TILLHORN CREEK,River sockeye,614,Northern Coastal Fjords (river-type),Central Coast,1910.0,6152,53.58073424,-129.1793971
BIG TILLHORN CREEK,Pink (even),609,Hecate Strait-Fjords (even),Central Coast,1910.0,4259,53.58073424,-129.1793971
BILLY CREEK,Coho,520,Hecate Strait Mainland,Central Coast,1956.0,2784,53.85966007,-130.4391046
BISH CREEK,Chum,508,Douglas-Gardner,Central Coast,1080.0,1311,53.92314593,-128.7381649
BISH CREEK,Coho,522,Douglas Channel-Kitimat Arm,Central Coast,1080.0,3686,53.92314593,-128.7381649
BISH CREEK,Pink (odd),612,Hecate Strait-Fjords (odd),Central Coast,1080.0,5714,53.92314593,-128.7381649
BISH CREEK,River sockeye,614,Northern Coastal Fjords (river-type),Central Coast,1080.0,6692,53.92314593,-128.7381649
BISH CREEK,Pink (even),609,Hecate Strait-Fjords (even),Central Coast,1080.0,4713,53.92314593,-128.7381649
BISH CREEK,Chinook,515,North & Central Coast-Early,Central Coast,1080.0,2026,53.92314593,-128.7381649
BLACK ROCK CREEK,Coho,523,Northern Coastal Streams,Central Coast,1900.0,2731,53.19763614,-129.3148658
BLACK ROCK CREEK,Pink (odd),611,Hecate Strait-Lowlands (odd),Central Coast,1900.0,5134,53.19763614,-129.3148658
BLACK ROCK CREEK,Pink (even),608,Hecate Lowlands (even),Central Coast,1900.0,4249,53.19763614,-129.3148658
BLACK ROCK CREEK,River sockeye,614,Northern Coastal Fjords (river-type),Central Coast,1900.0,6147,53.19763614,-129.3148658
BLACK ROCK CREEK,Chum,506,Hecate Lowlands,Central Coast,1900.0,629,53.19763614,-129.3148658
BLEE CREEK,Chum,506,Hecate Lowlands,Central Coast,1843.0,574,52.7447889,-128.7245874
BLEE CREEK,Pink (odd),611,Hecate Strait-Lowlands (odd),Central Coast,1843.0,5078,52.7447889,-128.7245874
BLEE CREEK,Coho,520,Hecate Strait Mainland,Central Coast,1843.0,2675,52.7447889,-128.7245874
BLEE CREEK,River sockeye,615,Northern Coastal Streams (river-type),Central Coast,1843.0,6107,52.7447889,-128.7245874
BLEE CREEK,Chinook,514,North & Central Coast-Late,Central Coast,1843.0,1571,52.7447889,-128.7245874
BLEE CREEK,Pink (even),608,Hecate Lowlands (even),Central Coast,1843.0,4189,52.7447889,-128.7245874
BLOOMFIELD CREEK,Pink (even),608,Hecate Lowlands (even),Central Coast,1844.0,4190,52.85706361,-128.6822633
BLOOMFIELD CREEK,Coho,520,Hecate Strait Mainland,Central Coast,1844.0,2676,52.85706361,-128.6822633
BLOOMFIELD CREEK,Pink (odd),611,Hecate Strait-Lowlands (odd),Central Coast,1844.0,5079,52.85706361,-128.6822633
BLOOMFIELD CREEK,Chum,506,Hecate Lowlands,Central Coast,1844.0,575,52.85706361,-128.6822633
BLOOMFIELD CREEK,Lake sockeye,541,Bloomfield,Central Coast,1844.0,6108,52.85706361,-128.6822633
BLOOMFIELD CREEK,Chinook,514,North & Central Coast-Late,Central Coast,1844.0,1572,52.85706361,-128.6822633
BOLIN BAY CREEK,River sockeye,614,Northern Coastal Fjords (river-type),Central Coast,1016.0,6672,52.83734122,-128.2251576
BOLIN BAY CREEK,Chum,507,Mussel-Kynoch,Central Coast,1016.0,1276,52.83734122,-128.2251576
BOLIN BAY CREEK,Coho,519,Mussel-Kynoch,Central Coast,1016.0,3650,52.83734122,-128.2251576
BOLIN BAY CREEK,Pink (even),609,Hecate Strait-Fjords (even),Central Coast,1016.0,4700,52.83734122,-128.2251576
BOLIN BAY CREEK,Pink (odd),612,Hecate Strait-Fjords (odd),Central Coast,1016.0,5702,52.83734122,-128.2251576
BOLTON CREEK,Coho,520,Hecate Strait Mainland,Central Coast,1935.0,2765,53.40866971,-129.939662
BOLTON CREEK,Chum,506,Hecate Lowlands,Central Coast,1935.0,664,53.40866971,-129.939662
BOLTON CREEK,Pink (even),608,Hecate Lowlands (even),Central Coast,1935.0,4284,53.40866971,-129.939662
BOLTON CREEK,Lake sockeye,542,Bolton Creek,Central Coast,1935.0,6167,53.40866971,-129.939662
BOLTON CREEK,Chinook,515,North & Central Coast-Early,Central Coast,1074.0,2023,54.22300008,-128.4293137
BOLTON CREEK,Pink (odd),611,Hecate Strait-Lowlands (odd),Central Coast,1935.0,5169,53.40866971,-129.939662
BORROWMAN CREEK,Chinook,515,North & Central Coast-Early,Central Coast,1890.0,1406,52.737363,-129.2634187
BORROWMAN CREEK,Pink (even),608,Hecate Lowlands (even),Central Coast,1890.0,4240,52.737363,-129.2634187
BORROWMAN CREEK,Pink (odd),611,Hecate Strait-Lowlands (odd),Central Coast,1890.0,5126,52.737363,-129.2634187
BORROWMAN CREEK,Chum,506,Hecate Lowlands,Central Coast,1890.0,620,52.737363,-129.2634187
BORROWMAN CREEK,Lake sockeye,544,Borrowman Creek,Central Coast,1890.0,6142,52.737363,-129.2634187
BORROWMAN CREEK,Coho,520,Hecate Strait Mainland,Central Coast,1890.0,2724,52.737363,-129.2634187
BOSWELL CREEK,Coho,516,Smith Inlet,Central Coast,921.0,3354,51.37707663,-127.4164942
BOSWELL CREEK,Pink (odd),611,Hecate Strait-Lowlands (odd),Central Coast,921.0,5487,51.37707663,-127.4164942
BOSWELL CREEK,Pink (even),608,Hecate Lowlands (even),Central Coast,921.0,4497,51.37707663,-127.4164942
BOTTLENECK CREEK,Chum,506,Hecate Lowlands,Central Coast,1832.0,384,52.7048413,-128.3887694
BOTTLENECK CREEK,Pink (even),608,Hecate Lowlands (even),Central Coast,1832.0,4017,52.7048413,-128.3887694
BOTTLENECK CREEK,Coho,520,Hecate Strait Mainland,Central Coast,1832.0,2503,52.7048413,-128.3887694
BOTTLENECK CREEK,Pink (odd),611,Hecate Strait-Lowlands (odd),Central Coast,1832.0,4950,52.7048413,-128.3887694
BRIM RIVER,Chinook,515,North & Central Coast-Early,Central Coast,1036.0,1926,53.51182731,-128.365566
BRIM RIVER,Coho,523,Northern Coastal Streams,Central Coast,1036.0,3437,53.51182731,-128.365566
BRIM RIVER,Chum,508,Douglas-Gardner,Central Coast,1036.0,1072,53.51182731,-128.365566
BRIM RIVER,River sockeye,614,Northern Coastal Fjords (river-type),Central Coast,1036.0,6571,53.51182731,-128.365566
BRIM RIVER,Pink (odd),612,Hecate Strait-Fjords (odd),Central Coast,1036.0,5532,53.51182731,-128.365566
BRIM RIVER,Pink (even),609,Hecate Strait-Fjords (even),Central Coast,1036.0,4528,53.51182731,-128.365566
BUGHOUSE CREEK,Pink (odd),610,Homathko-Klinaklini-Smith-Rivers-Bella Coola-Dean (odd),Central Coast,880.0,5611,50.90091648,-126.9797073
BUIE CREEK,Pink (even),609,Hecate Strait-Fjords (even),Central Coast,1849.0,4199,52.97083373,-128.6585551
BULLEY BAY CREEK,Chum,506,Hecate Lowlands,Central Coast,1816.0,570,52.46561686,-128.3142503
BULLEY BAY CREEK,River sockeye,615,Northern Coastal Streams (river-type),Central Coast,1816.0,6103,52.46561686,-128.3142503
BULLEY BAY CREEK,Coho,520,Hecate Strait Mainland,Central Coast,1816.0,2671,52.46561686,-128.3142503
BULLEY BAY CREEK,Pink (odd),611,Hecate Strait-Lowlands (odd),Central Coast,1816.0,5074,52.46561686,-128.3142503
BULLEY BAY CREEK,Pink (even),608,Hecate Lowlands (even),Central Coast,1816.0,4185,52.46561686,-128.3142503
BULLOCK CHANNEL #2 CREEK,Chum,503,Spiller-Fitz-Hugh-Burke,Central Coast,2689.0,44,52.40267964,-128.0771435
BULLOCK CHANNEL #2 CREEK,Pink (odd),611,Hecate Strait-Lowlands (odd),Central Coast,2689.0,4796,52.40267964,-128.0771435
BULLOCK CHANNEL #2 CREEK,Coho,520,Hecate Strait Mainland,Central Coast,2689.0,10641,52.40267964,-128.0771435
BULLOCK CHANNEL #2 CREEK,River sockeye,615,Northern Coastal Streams (river-type),Central Coast,2689.0,10642,52.40267964,-128.0771435
BULLOCK CHANNEL #2 CREEK,Pink (even),608,Hecate Lowlands (even),Central Coast,2689.0,3796,52.40267964,-128.0771435
BULLOCK CHANNEL #3 NORTH CREEK,Pink (odd),611,Hecate Strait-Lowlands (odd),Central Coast,2690.0,4797,52.3655676,-128.0682538
BULLOCK CHANNEL #3 NORTH CREEK,Pink (even),608,Hecate Lowlands (even),Central Coast,2690.0,3797,52.3655676,-128.0682538
BULLOCK CHANNEL #3 NORTH CREEK,Chum,503,Spiller-Fitz-Hugh-Burke,Central Coast,2690.0,45,52.3655676,-128.0682538
BULLOCK CHANNEL #3 SOUTH CREEK,Pink (even),608,Hecate Lowlands (even),Central Coast,2691.0,3798,52.31944031,-128.0630307
BULLOCK CHANNEL #3 SOUTH CREEK,Chum,503,Spiller-Fitz-Hugh-Burke,Central Coast,2691.0,46,52.31944031,-128.0630307
BULLOCK CHANNEL #3 SOUTH CREEK,Pink (odd),611,Hecate Strait-Lowlands (odd),Central Coast,2691.0,4798,52.31944031,-128.0630307
BULLOCK CHANNEL CREEKS,Pink (even),608,Hecate Lowlands (even),Central Coast,995.0,4680,52.3908459,-128.0745412
BULLOCK CHANNEL CREEKS,Chum,503,Spiller-Fitz-Hugh-Burke,Central Coast,995.0,1255,52.3908459,-128.0745412
BULLOCK CHANNEL CREEKS,Coho,520,Hecate Strait Mainland,Central Coast,995.0,3629,52.3908459,-128.0745412
BULLOCK CHANNEL CREEKS,River sockeye,615,Northern Coastal Streams (river-type),Central Coast,995.0,6658,52.3908459,-128.0745412
BULLOCK CHANNEL CREEKS,Pink (odd),611,Hecate Strait-Lowlands (odd),Central Coast,995.0,5681,52.3908459,-128.0745412
BULLOCK CHANNEL EAST CREEK,Pink (odd),611,Hecate Strait-Lowlands (odd),Central Coast,2688.0,10339,52.37990084,-128.0593439
BULLOCK CHANNEL EAST CREEK,Chum,503,Spiller-Fitz-Hugh-Burke,Central Coast,2688.0,43,52.37990084,-128.0593439
BULLOCK SQUARE,Pink (odd),611,Hecate Strait-Lowlands (odd),Central Coast,,10610,52.36111111,-128.0644722
BULLOCK SQUARE,Pink (even),608,Hecate Lowlands (even),Central Coast,,10611,52.36111111,-128.0644722
BULLOCK SQUARE,Chum,503,Spiller-Fitz-Hugh-Burke,Central Coast,,10609,52.36111111,-128.0644722
BUSEY CREEK,Pink (odd),611,Hecate Strait-Lowlands (odd),Central Coast,1856.0,5093,52.78668629,-128.7787566
BUSEY CREEK,Lake sockeye,545,Busey Creek,Central Coast,1856.0,6116,52.78668629,-128.7787566
BUSEY CREEK,Coho,520,Hecate Strait Mainland,Central Coast,1856.0,2690,52.78668629,-128.7787566
BUSEY CREEK,Pink (even),608,Hecate Lowlands (even),Central Coast,1856.0,4206,52.78668629,-128.7787566
BUSEY CREEK,Chum,506,Hecate Lowlands,Central Coast,1856.0,587,52.78668629,-128.7787566
CABLECAR CREEK,Coho,522,Douglas Channel-Kitimat Arm,Central Coast,1055.0,3456,54.09226048,-128.6399656
CALDER CREEK,Pink (odd),611,Hecate Strait-Lowlands (odd),Central Coast,1828.0,4946,52.63648068,-128.3026415
CALDER CREEK,Pink (even),608,Hecate Lowlands (even),Central Coast,1828.0,4013,52.63648068,-128.3026415
CALDER CREEK,Chum,506,Hecate Lowlands,Central Coast,1828.0,380,52.63648068,-128.3026415
CAMP CREEK,Pink (odd),610,Homathko-Klinaklini-Smith-Rivers-Bella Coola-Dean (odd),Central Coast,967.0,5655,52.18166245,-126.8614123
CAMP CREEK,Chum,504,Bella Coola-Dean Rivers,Central Coast,967.0,1228,52.18166245,-126.8614123
CAMP CREEK,Pink (even),609,Hecate Strait-Fjords (even),Central Coast,967.0,4655,52.18166245,-126.8614123
CANOE CREEK,Coho,516,Smith Inlet,Central Coast,915.0,3349,51.26001236,-127.0155584
CANOE CREEK,Lake sockeye,524,Long,Central Coast,915.0,6544,51.26001236,-127.0155584
CANOONA RIVER,Pink (even),609,Hecate Strait-Fjords (even),Central Coast,1838.0,4023,53.07332555,-128.5682631
CANOONA RIVER,Chum,508,Douglas-Gardner,Central Coast,1838.0,390,53.07332555,-128.5682631
CANOONA RIVER,Chinook,514,North & Central Coast-Late,Central Coast,1838.0,1555,53.07332555,-128.5682631
CANOONA RIVER,Pink (odd),612,Hecate Strait-Fjords (odd),Central Coast,1838.0,4956,53.07332555,-128.5682631
CANOONA RIVER,Coho,523,Northern Coastal Streams,Central Coast,1838.0,2509,53.07332555,-128.5682631
CANOONA RIVER,Lake sockeye,532,Canoona,Central Coast,1838.0,6048,53.07332555,-128.5682631
CANYON CREEK,Coho,520,Hecate Strait Mainland,Central Coast,1834.0,2505,52.66434535,-128.2156209
CANYON CREEK,Pink (odd),611,Hecate Strait-Lowlands (odd),Central Coast,1834.0,4952,52.66434535,-128.2156209
CANYON CREEK,Pink (even),608,Hecate Lowlands (even),Central Coast,1834.0,4019,52.66434535,-128.2156209
CANYON CREEK,Chum,506,Hecate Lowlands,Central Coast,1834.0,386,52.66434535,-128.2156209
CAPTAIN COVE CREEK,Chinook,514,North & Central Coast-Late,Central Coast,1931.0,1578,53.81321606,-130.1717687
CAPTAIN COVE CREEK,Pink (odd),611,Hecate Strait-Lowlands (odd),Central Coast,1931.0,5165,53.81321606,-130.1717687
CAPTAIN COVE CREEK,Chum,506,Hecate Lowlands,Central Coast,1931.0,660,53.81321606,-130.1717687
CAPTAIN COVE CREEK,Pink (even),608,Hecate Lowlands (even),Central Coast,1931.0,4280,53.81321606,-130.1717687
CAPTAIN COVE CREEK,Coho,520,Hecate Strait Mainland,Central Coast,1931.0,2761,53.81321606,-130.1717687
CAPTAIN COVE CREEK,Lake sockeye,591,Scoular/Kilpatrick,Central Coast,1931.0,6164,53.81321606,-130.1717687
CARRIDEN CREEK,Pink (odd),610,Homathko-Klinaklini-Smith-Rivers-Bella Coola-Dean (odd),Central Coast,879.0,5610,50.91134027,-126.9097618
CARTER RIVER,Chum,507,Mussel-Kynoch,Central Coast,1017.0,1277,52.83917985,-128.3753946
CARTER RIVER,River sockeye,614,Northern Coastal Fjords (river-type),Central Coast,1017.0,6673,52.83917985,-128.3753946
CARTER RIVER,Coho,519,Mussel-Kynoch,Central Coast,1017.0,3651,52.83917985,-128.3753946
CARTER RIVER,Pink (even),609,Hecate Strait-Fjords (even),Central Coast,1017.0,4701,52.83917985,-128.3753946
CARTER RIVER,Pink (odd),612,Hecate Strait-Fjords (odd),Central Coast,1017.0,5703,52.83917985,-128.3753946
CARTER RIVER,Chinook,514,North & Central Coast-Late,Central Coast,1017.0,2005,52.83917985,-128.3753946
CARTWRIGHT CREEK,Coho,520,Hecate Strait Mainland,Central Coast,1894.0,2727,53.02134606,-129.430029
CARTWRIGHT CREEK,Pink (even),608,Hecate Lowlands (even),Central Coast,1894.0,4244,53.02134606,-129.430029
CARTWRIGHT CREEK,Chum,506,Hecate Lowlands,Central Coast,1894.0,624,53.02134606,-129.430029
CARTWRIGHT CREEK,Lake sockeye,546,Cartwright Creek,Central Coast,1894.0,6144,53.02134606,-129.430029
CARTWRIGHT CREEK,Pink (odd),611,Hecate Strait-Lowlands (odd),Central Coast,1894.0,5129,53.02134606,-129.430029
CASCADE RIVER,Coho,523,Northern Coastal Streams,Central Coast,983.0,3619,52.60898926,-127.6268483
CASCADE RIVER,Chinook,515,North & Central Coast-Early,Central Coast,983.0,10315,52.60898926,-127.6268483
CASCADE RIVER,Chum,503,Spiller-Fitz-Hugh-Burke,Central Coast,983.0,1243,52.60898926,-127.6268483
CASCADE RIVER,River sockeye,614,Northern Coastal Fjords (river-type),Central Coast,983.0,6651,52.60898926,-127.6268483
CASCADE RIVER,Pink (odd),612,Hecate Strait-Fjords (odd),Central Coast,983.0,5670,52.60898926,-127.6268483
CASCADE RIVER,Pink (even),609,Hecate Strait-Fjords (even),Central Coast,983.0,4670,52.60898926,-127.6268483
CECIL CREEK,River sockeye,614,Northern Coastal Fjords (river-type),Central Coast,1071.0,6688,54.2004705,-128.5759748
CECIL CREEK,Chum,508,Douglas-Gardner,Central Coast,1071.0,1305,54.2004705,-128.5759748
CECIL CREEK,Pink (even),609,Hecate Strait-Fjords (even),Central Coast,1071.0,4710,54.2004705,-128.5759748
CECIL CREEK,Coho,522,Douglas Channel-Kitimat Arm,Central Coast,1071.0,3681,54.2004705,-128.5759748
CECIL CREEK,Chinook,515,North & Central Coast-Early,Central Coast,1071.0,2020,54.2004705,-128.5759748
CECIL CREEK,Pink (odd),612,Hecate Strait-Fjords (odd),Central Coast,1071.0,5710,54.2004705,-128.5759748
CHAPPLE CREEK,Pink (odd),611,Hecate Strait-Lowlands (odd),Central Coast,1868.0,5104,52.96944221,-129.1486386
CHAPPLE CREEK,Chum,506,Hecate Lowlands,Central Coast,1868.0,598,52.96944221,-129.1486386
CHAPPLE CREEK,Pink (even),608,Hecate Lowlands (even),Central Coast,1868.0,4218,52.96944221,-129.1486386
CHAPPLE CREEK,Coho,520,Hecate Strait Mainland,Central Coast,1868.0,2702,52.96944221,-129.1486386
CHARLES CREEK,Pink (odd),610,Homathko-Klinaklini-Smith-Rivers-Bella Coola-Dean (odd),Central Coast,873.0,5605,50.93665281,-126.3556377
CHARTER CREEK,Coho,518,Bella Coola-Dean Rivers,Central Coast,2676.0,2123,52.38171666,-126.6069228
CHEENIS LAKE CREEK,Coho,520,Hecate Strait Mainland,Central Coast,998.0,3632,52.48799549,-128.1081292
CHEENIS LAKE CREEK,Pink (odd),611,Hecate Strait-Lowlands (odd),Central Coast,998.0,5684,52.48799549,-128.1081292
CHEENIS LAKE CREEK,Pink (even),608,Hecate Lowlands (even),Central Coast,998.0,4683,52.48799549,-128.1081292
CHEENIS LAKE CREEK,Chum,503,Spiller-Fitz-Hugh-Burke,Central Coast,998.0,1258,52.48799549,-128.1081292
CHEENIS LAKE CREEK,River sockeye,615,Northern Coastal Streams (river-type),Central Coast,998.0,6660,52.48799549,-128.1081292
CHERRY CREEK,Pink (odd),611,Hecate Strait-Lowlands (odd),Central Coast,1919.0,5153,53.24357827,-129.4994355
CHERRY CREEK,Chum,506,Hecate Lowlands,Central Coast,1919.0,648,53.24357827,-129.4994355
CHERRY CREEK,Pink (even),608,Hecate Lowlands (even),Central Coast,1919.0,4268,53.24357827,-129.4994355
CHERRY CREEK,Coho,520,Hecate Strait Mainland,Central Coast,1919.0,2749,53.24357827,-129.4994355
CHIC CHIC CREEK,Coho,520,Hecate Strait Mainland,Central Coast,1783.0,2647,51.47879217,-128.0086888
CHIC CHIC CREEK,Lake sockeye,547,Chic Chic,Central Coast,1783.0,6088,51.47879217,-128.0086888
CHIST CREEK,Pink (even),609,Hecate Strait-Fjords (even),Central Coast,1072.0,4711,54.25308507,-128.4965425
CHIST CREEK,River sockeye,614,Northern Coastal Fjords (river-type),Central Coast,1072.0,6689,54.25308507,-128.4965425
CHIST CREEK,Chum,508,Douglas-Gardner,Central Coast,1072.0,1306,54.25308507,-128.4965425
CHIST CREEK,Pink (odd),612,Hecate Strait-Fjords (odd),Central Coast,1072.0,5711,54.25308507,-128.4965425
CHIST CREEK,Coho,522,Douglas Channel-Kitimat Arm,Central Coast,1072.0,3682,54.25308507,-128.4965425
CHIST CREEK,Chinook,515,North & Central Coast-Early,Central Coast,1072.0,2021,54.25308507,-128.4965425
CHOKE PASS CREEKS,Pink (odd),611,Hecate Strait-Lowlands (odd),Central Coast,7990621.0,5056,52.36104003,-128.0651776
CHOKE PASS CREEKS,River sockeye,615,Northern Coastal Streams (river-type),Central Coast,7990621.0,6092,52.36104003,-128.0651776
CHOKE PASS CREEKS,Chum,503,Spiller-Fitz-Hugh-Burke,Central Coast,7990621.0,550,52.36104003,-128.0651776
CHOKE PASS CREEKS,Pink (even),608,Hecate Lowlands (even),Central Coast,7990621.0,4165,52.36104003,-128.0651776
CHOKE PASS CREEKS,Coho,520,Hecate Strait Mainland,Central Coast,7990621.0,2654,52.36104003,-128.0651776
CHUCKWALLA RIVER,Pink (even),609,Hecate Strait-Fjords (even),Central Coast,948.0,4638,51.72803738,-127.3407762
CHUCKWALLA RIVER,Coho,517,Rivers Inlet,Central Coast,948.0,3591,51.72803738,-127.3407762
CHUCKWALLA RIVER,Pink (odd),610,Homathko-Klinaklini-Smith-Rivers-Bella Coola-Dean (odd),Central Coast,948.0,5638,51.72803738,-127.3407762
CHUCKWALLA RIVER,River sockeye,613,Rivers-Smith Inlets (river-type),Central Coast,948.0,6631,51.72803738,-127.3407762
CHUCKWALLA RIVER,Chum,501,Rivers Inlet,Central Coast,948.0,1211,51.72803738,-127.3407762
CHUCKWALLA RIVER,Chinook,510,Rivers Inlet,Central Coast,948.0,1990,51.72803738,-127.3407762
CLATSE CREEK,Coho,520,Hecate Strait Mainland,Central Coast,989.0,3624,52.33571905,-127.8379347
CLATSE CREEK,Pink (even),608,Hecate Lowlands (even),Central Coast,989.0,4676,52.33571905,-127.8379347
CLATSE CREEK,River sockeye,615,Northern Coastal Streams (river-type),Central Coast,989.0,6655,52.33571905,-127.8379347
CLATSE CREEK,Chum,503,Spiller-Fitz-Hugh-Burke,Central Coast,989.0,1249,52.33571905,-127.8379347
CLATSE CREEK,Pink (odd),611,Hecate Strait-Lowlands (odd),Central Coast,989.0,5676,52.33571905,-127.8379347
CLAYTON FALLS CREEK,Pink (even),609,Hecate Strait-Fjords (even),Central Coast,2239.0,3780,52.37153378,-126.8159022
CLAYTON FALLS CREEK,Chum,504,Bella Coola-Dean Rivers,Central Coast,2239.0,22,52.37153378,-126.8159022
CLAYTON FALLS CREEK,Pink (odd),610,Homathko-Klinaklini-Smith-Rivers-Bella Coola-Dean (odd),Central Coast,2239.0,4781,52.37153378,-126.8159022
CLAYTON FALLS CREEK,Coho,518,Bella Coola-Dean Rivers,Central Coast,2239.0,10321,52.37153378,-126.8159022
CLIFFORD CREEK,Pink (even),608,Hecate Lowlands (even),Central Coast,1882.0,4232,52.60577319,-129.1228764
CLIFFORD CREEK,Coho,520,Hecate Strait Mainland,Central Coast,1882.0,2716,52.60577319,-129.1228764
CLIFFORD CREEK,Pink (odd),611,Hecate Strait-Lowlands (odd),Central Coast,1882.0,5118,52.60577319,-129.1228764
CLIFFORD CREEK,Chum,506,Hecate Lowlands,Central Coast,1882.0,612,52.60577319,-129.1228764
CLIFFORD CREEK,River sockeye,615,Northern Coastal Streams (river-type),Central Coast,1882.0,6135,52.60577319,-129.1228764
CLYAK RIVER,Pink (odd),610,Homathko-Klinaklini-Smith-Rivers-Bella Coola-Dean (odd),Central Coast,949.0,5639,51.86827809,-127.351804
CLYAK RIVER,Chum,501,Rivers Inlet,Central Coast,949.0,1212,51.86827809,-127.351804
CLYAK RIVER,Coho,517,Rivers Inlet,Central Coast,949.0,3592,51.86827809,-127.351804
CLYAK RIVER,Pink (even),609,Hecate Strait-Fjords (even),Central Coast,949.0,4639,51.86827809,-127.351804
CLYAK RIVER,Chinook,510,Rivers Inlet,Central Coast,949.0,1991,51.86827809,-127.351804
CODVILLE,Pink (odd),611,Hecate Strait-Lowlands (odd),Central Coast,,10613,52.07738889,-127.8623611
CODVILLE,Chum,503,Spiller-Fitz-Hugh-Burke,Central Coast,,10612,52.07738889,-127.8623611
CODVILLE,Pink (even),608,Hecate Lowlands (even),Central Coast,,10614,52.07738889,-127.8623611
COLD CREEK,Pink (even),608,Hecate Lowlands (even),Central Coast,958.0,4646,51.80918171,-127.8912718
COLD CREEK,Chum,503,Spiller-Fitz-Hugh-Burke,Central Coast,958.0,1219,51.80918171,-127.8912718
COLD CREEK,Pink (odd),611,Hecate Strait-Lowlands (odd),Central Coast,958.0,5647,51.80918171,-127.8912718
COOPER INLET-ADA COVE CREEK,Coho,520,Hecate Strait Mainland,Central Coast,2683.0,10318,52.05553715,-128.0505496
COOPER INLET-ADA COVE CREEK,Chum,503,Spiller-Fitz-Hugh-Burke,Central Coast,2683.0,28,52.05553715,-128.0505496
COOPER INLET-ADA COVE CREEK,Pink (even),608,Hecate Lowlands (even),Central Coast,2683.0,3784,52.05553715,-128.0505496
COOPER INLET-ADA COVE CREEK,Lake sockeye,549,Fannie Cove,Central Coast,2683.0,10640,52.05553715,-128.0505496
COOPER INLET-ADA COVE CREEK,Pink (odd),611,Hecate Strait-Lowlands (odd),Central Coast,2683.0,4785,52.05553715,-128.0505496
COOPER INLET-FANNIE COVE CREEKS,Pink (odd),611,Hecate Strait-Lowlands (odd),Central Coast,1791.0,5057,52.04428874,-128.0685051
COOPER INLET-FANNIE COVE CREEKS,Chum,503,Spiller-Fitz-Hugh-Burke,Central Coast,1791.0,551,52.04428874,-128.0685051
COOPER INLET-FANNIE COVE CREEKS,Lake sockeye,549,Fannie Cove,Central Coast,1791.0,6093,52.04428874,-128.0685051
COOPER INLET-FANNIE COVE CREEKS,Coho,520,Hecate Strait Mainland,Central Coast,1791.0,2655,52.04428874,-128.0685051
COOPER INLET-FANNIE COVE CREEKS,Pink (even),608,Hecate Lowlands (even),Central Coast,1791.0,4166,52.04428874,-128.0685051
COOPER INLET-FANNIE COVE LH CREEK,River sockeye,615,Northern Coastal Streams (river-type),Central Coast,2687.0,10350,52.04391133,-128.068542
COOPER INLET-FANNIE COVE LH CREEK,Pink (odd),611,Hecate Strait-Lowlands (odd),Central Coast,2687.0,4795,52.04391133,-128.068542
COOPER INLET-FANNIE COVE LH CREEK,Chum,503,Spiller-Fitz-Hugh-Burke,Central Coast,2687.0,42,52.04391133,-128.068542
COOPER INLET-FANNIE COVE LH CREEK,Pink (even),608,Hecate Lowlands (even),Central Coast,2687.0,3795,52.04391133,-128.068542
COOPER INLET-FANNIE COVE LH CREEK,Coho,520,Hecate Strait Mainland,Central Coast,2687.0,10324,52.04391133,-128.068542
COOPER INLET-FANNIE COVE RH CREEK,Pink (even),608,Hecate Lowlands (even),Central Coast,2708.0,10326,52.04391133,-128.068542
COOPER INLET-FANNIE COVE RH CREEK,Lake sockeye,549,Fannie Cove,Central Coast,2708.0,5885,52.04391133,-128.068542
COOPER INLET-FANNIE COVE RH CREEK,Chum,503,Spiller-Fitz-Hugh-Burke,Central Coast,2708.0,47,52.04391133,-128.068542
COOPER INLET-FANNIE COVE RH CREEK,Pink (odd),611,Hecate Strait-Lowlands (odd),Central Coast,2708.0,4801,52.04391133,-128.068542
CORDELLA CREEK,Coho,522,Douglas Channel-Kitimat Arm,Central Coast,1048.0,3449,54.03312019,-128.6169194
CRAB HARBOUR CREEK,Pink (odd),611,Hecate Strait-Lowlands (odd),Central Coast,1785.0,5051,51.90057748,-128.0335745
CRAB HARBOUR CREEK,Pink (even),608,Hecate Lowlands (even),Central Coast,1785.0,4161,51.90057748,-128.0335745
CRAB HARBOUR CREEK,Chum,503,Spiller-Fitz-Hugh-Burke,Central Coast,1785.0,545,51.90057748,-128.0335745
CRAB HARBOUR CREEK,Coho,520,Hecate Strait Mainland,Central Coast,1785.0,2649,51.90057748,-128.0335745
CRAB RIVER,Pink (even),609,Hecate Strait-Fjords (even),Central Coast,1038.0,4530,53.566617,-128.7645042
CRAB RIVER,Coho,523,Northern Coastal Streams,Central Coast,1038.0,3439,53.566617,-128.7645042
CRAB RIVER,Pink (odd),612,Hecate Strait-Fjords (odd),Central Coast,1038.0,5534,53.566617,-128.7645042
CRAB RIVER,Chum,508,Douglas-Gardner,Central Coast,1038.0,1074,53.566617,-128.7645042
CRANE BAY CREEK,Pink (odd),611,Hecate Strait-Lowlands (odd),Central Coast,1902.0,5136,53.23291808,-129.2936568
CRANE BAY CREEK,Coho,523,Northern Coastal Streams,Central Coast,1902.0,2733,53.23291808,-129.2936568
CRANE BAY CREEK,Pink (even),608,Hecate Lowlands (even),Central Coast,1902.0,4251,53.23291808,-129.2936568
CRANE BAY CREEK,Chum,506,Hecate Lowlands,Central Coast,1902.0,631,53.23291808,-129.2936568
CRIDGE INLET CREEK,Pink (even),608,Hecate Lowlands (even),Central Coast,1917.0,4266,53.34316183,-129.5499999
CRIDGE INLET CREEK,Coho,520,Hecate Strait Mainland,Central Coast,1917.0,2747,53.34316183,-129.5499999
CRIDGE INLET CREEK,Chum,506,Hecate Lowlands,Central Coast,1917.0,646,53.34316183,-129.5499999
CRIDGE INLET CREEK,Lake sockeye,548,Tuwartz,Central Coast,1917.0,6156,53.34316183,-129.5499999
CRIDGE INLET CREEK,Pink (odd),611,Hecate Strait-Lowlands (odd),Central Coast,1917.0,5151,53.34316183,-129.5499999
CROFT CREEK,Coho,518,Bella Coola-Dean Rivers,Central Coast,2677.0,2124,52.4156373,-126.5217327
CROWN ZELLERBACH CREEK,Coho,522,Douglas Channel-Kitimat Arm,Central Coast,1066.0,3465,54.13997151,-128.5907067
CUMSACK CREEK,Pink (odd),610,Homathko-Klinaklini-Smith-Rivers-Bella Coola-Dean (odd),Central Coast,820.0,5560,50.93685794,-124.8630419
CURTIS INLET CREEK,Lake sockeye,550,Curtis Inlet,Central Coast,1925.0,6161,53.50114363,-129.8630349
CURTIS INLET CREEK,Pink (even),608,Hecate Lowlands (even),Central Coast,1925.0,4274,53.50114363,-129.8630349
CURTIS INLET CREEK,Coho,520,Hecate Strait Mainland,Central Coast,1925.0,2755,53.50114363,-129.8630349
CURTIS INLET CREEK,Chum,506,Hecate Lowlands,Central Coast,1925.0,654,53.50114363,-129.8630349
CURTIS INLET CREEK,Pink (odd),611,Hecate Strait-Lowlands (odd),Central Coast,1925.0,5159,53.50114363,-129.8630349
DALA RIVER,River sockeye,614,Northern Coastal Fjords (river-type),Central Coast,1045.0,6577,53.84845275,-128.5140991
DALA RIVER,Chinook,515,North & Central Coast-Early,Central Coast,1045.0,1928,53.84845275,-128.5140991
DALA RIVER,Coho,523,Northern Coastal Streams,Central Coast,1045.0,3446,53.84845275,-128.5140991
DALA RIVER,Chum,508,Douglas-Gardner,Central Coast,1045.0,1081,53.84845275,-128.5140991
DALA RIVER,Pink (odd),612,Hecate Strait-Fjords (odd),Central Coast,1045.0,5541,53.84845275,-128.5140991
DALA RIVER,Pink (even),609,Hecate Strait-Fjords (even),Central Coast,1045.0,4537,53.84845275,-128.5140991
DALLAIN CREEK,Chum,506,Hecate Lowlands,Central Coast,1859.0,590,52.65756745,-128.8901262
DALLAIN CREEK,Pink (even),608,Hecate Lowlands (even),Central Coast,1859.0,4209,52.65756745,-128.8901262
DALLAIN CREEK,Lake sockeye,551,Dallain Creek,Central Coast,1859.0,6119,52.65756745,-128.8901262
DALLAIN CREEK,Pink (odd),611,Hecate Strait-Lowlands (odd),Central Coast,1859.0,5096,52.65756745,-128.8901262
DALLAIN CREEK,Coho,520,Hecate Strait Mainland,Central Coast,1859.0,2693,52.65756745,-128.8901262
DALLERY CREEK,Coho,517,Rivers Inlet,Central Coast,938.0,3581,51.67342759,-127.0432978
DALLERY CREEK,Pink (odd),610,Homathko-Klinaklini-Smith-Rivers-Bella Coola-Dean (odd),Central Coast,938.0,5631,51.67342759,-127.0432978
DALLERY CREEK,Pink (even),609,Hecate Strait-Fjords (even),Central Coast,938.0,4630,51.67342759,-127.0432978
DALLERY CREEK,Lake sockeye,525,Owikeno,Central Coast,938.0,6623,51.67342759,-127.0432978
DALLERY CREEK,Chinook,510,Rivers Inlet,Central Coast,938.0,1981,51.67342759,-127.0432978
DALLERY CREEK,Chum,501,Rivers Inlet,Central Coast,938.0,1204,51.67342759,-127.0432978
DALLY CREEK,Pink (even),609,Hecate Strait-Fjords (even),Central Coast,1846.0,4192,52.88580985,-128.6646799
DALLY CREEK,Coho,520,Hecate Strait Mainland,Central Coast,1846.0,2678,52.88580985,-128.6646799
DALLY CREEK,River sockeye,614,Northern Coastal Fjords (river-type),Central Coast,1846.0,6110,52.88580985,-128.6646799
DALLY CREEK,Chum,506,Hecate Lowlands,Central Coast,1846.0,577,52.88580985,-128.6646799
DALLY CREEK,Chinook,515,North & Central Coast-Early,Central Coast,1846.0,1573,52.88580985,-128.6646799
DALLY CREEK,Pink (odd),612,Hecate Strait-Fjords (odd),Central Coast,1846.0,5081,52.88580985,-128.6646799
DE COSMOS LAGOON CREEK,Pink (odd),611,Hecate Strait-Lowlands (odd),Central Coast,1784.0,5050,51.94104497,-127.973815
DE COSMOS LAGOON CREEK,Chum,503,Spiller-Fitz-Hugh-Burke,Central Coast,1784.0,544,51.94104497,-127.973815
DE COSMOS LAGOON CREEK,Pink (even),608,Hecate Lowlands (even),Central Coast,1784.0,4160,51.94104497,-127.973815
DE COSMOS LAGOON CREEK,Coho,520,Hecate Strait Mainland,Central Coast,1784.0,2648,51.94104497,-127.973815
DEADMAN CREEK,Coho,520,Hecate Strait Mainland,Central Coast,1947.0,2776,53.62425791,-130.4535163
DEADMAN CREEK,Pink (even),608,Hecate Lowlands (even),Central Coast,1947.0,4294,53.62425791,-130.4535163
DEADMAN CREEK,Pink (odd),611,Hecate Strait-Lowlands (odd),Central Coast,1947.0,5179,53.62425791,-130.4535163
DEADMAN CREEK,Chum,506,Hecate Lowlands,Central Coast,1947.0,675,53.62425791,-130.4535163
DEAN RIVER,Chinook,513,Dean River,Central Coast,975.0,1999,52.80523156,-126.9686245
DEAN RIVER,Chum,504,Bella Coola-Dean Rivers,Central Coast,975.0,1235,52.80523156,-126.9686245
DEAN RIVER,Pink (odd),610,Homathko-Klinaklini-Smith-Rivers-Bella Coola-Dean (odd),Central Coast,975.0,5662,52.80523156,-126.9686245
DEAN RIVER,Coho,518,Bella Coola-Dean Rivers,Central Coast,975.0,3612,52.80523156,-126.9686245
DEAN RIVER,Pink (even),609,Hecate Strait-Fjords (even),Central Coast,975.0,4663,52.80523156,-126.9686245
DEAN RIVER,River sockeye,614,Northern Coastal Fjords (river-type),Central Coast,975.0,6646,52.80523156,-126.9686245
DECEPTION CREEK,Coho,522,Douglas Channel-Kitimat Arm,Central Coast,1069.0,3578,54.18866665,-128.582793
DEEP BAY CREEK,Coho,523,Northern Coastal Streams,Central Coast,979.0,3615,52.58248904,-127.2428593
DEEP BAY CREEK,Pink (even),609,Hecate Strait-Fjords (even),Central Coast,979.0,4666,52.58248904,-127.2428593
DEEP BAY CREEK,Pink (odd),612,Hecate Strait-Fjords (odd),Central Coast,979.0,5666,52.58248904,-127.2428593
DEEP BAY CREEK,Chum,504,Bella Coola-Dean Rivers,Central Coast,979.0,1239,52.58248904,-127.2428593
DEER LAKE CREEK,Coho,520,Hecate Strait Mainland,Central Coast,1938.0,2768,53.2487538,-129.7852732
DEER LAKE CREEK,Chum,506,Hecate Lowlands,Central Coast,1938.0,667,53.2487538,-129.7852732
DEER LAKE CREEK,Pink (odd),611,Hecate Strait-Lowlands (odd),Central Coast,1938.0,5172,53.2487538,-129.7852732
DEER LAKE CREEK,Pink (even),608,Hecate Lowlands (even),Central Coast,1938.0,4287,53.2487538,-129.7852732
DEER LAKE CREEK,Lake sockeye,552,Deer,Central Coast,1938.0,6170,53.2487538,-129.7852732
DEER PASS LAGOON CREEKS,Pink (odd),611,Hecate Strait-Lowlands (odd),Central Coast,1806.0,5070,52.22209702,-127.9963489
DEER PASS LAGOON CREEKS,River sockeye,615,Northern Coastal Streams (river-type),Central Coast,1806.0,6101,52.22209702,-127.9963489
DEER PASS LAGOON CREEKS,Chum,503,Spiller-Fitz-Hugh-Burke,Central Coast,1806.0,566,52.22209702,-127.9963489
DEER PASS LAGOON CREEKS,Coho,520,Hecate Strait Mainland,Central Coast,1806.0,2668,52.22209702,-127.9963489
DEER PASS LAGOON CREEKS,Pink (even),608,Hecate Lowlands (even),Central Coast,1806.0,4181,52.22209702,-127.9963489
DEVIL CREEK,Pink (odd),611,Hecate Strait-Lowlands (odd),Central Coast,1873.0,5109,52.81855148,-129.2584922
DEVIL CREEK,Pink (even),608,Hecate Lowlands (even),Central Coast,1873.0,4223,52.81855148,-129.2584922
DEVIL CREEK,Coho,520,Hecate Strait Mainland,Central Coast,1873.0,2707,52.81855148,-129.2584922
DEVIL CREEK,Chum,506,Hecate Lowlands,Central Coast,1873.0,603,52.81855148,-129.2584922
DEVON LAKE CREEK,Pink (odd),611,Hecate Strait-Lowlands (odd),Central Coast,1924.0,5158,53.45312215,-129.7726547
DEVON LAKE CREEK,Lake sockeye,553,Devon,Central Coast,1924.0,6160,53.45312215,-129.7726547
DEVON LAKE CREEK,Pink (even),608,Hecate Lowlands (even),Central Coast,1924.0,4273,53.45312215,-129.7726547
DEVON LAKE CREEK,Coho,520,Hecate Strait Mainland,Central Coast,1924.0,2754,53.45312215,-129.7726547
DEVON LAKE CREEK,Chum,506,Hecate Lowlands,Central Coast,1924.0,653,53.45312215,-129.7726547
DOCEE RIVER,Chum,500,Smith Inlet,Central Coast,914.0,986,51.23292088,-127.3386768
DOCEE RIVER,Chinook,509,Docee,Central Coast,914.0,1892,51.23292088,-127.3386768
DOCEE RIVER,Lake sockeye,524,Long,Central Coast,914.0,6543,51.23292088,-127.3386768
DOCEE RIVER,Pink (even),609,Hecate Strait-Fjords (even),Central Coast,914.0,4494,51.23292088,-127.3386768
DOCEE RIVER,Coho,516,Smith Inlet,Central Coast,914.0,3348,51.23292088,-127.3386768
DOCEE RIVER,Pink (odd),610,Homathko-Klinaklini-Smith-Rivers-Bella Coola-Dean (odd),Central Coast,914.0,5484,51.23292088,-127.3386768
DON CREEK,Coho,520,Hecate Strait Mainland,Central Coast,1876.0,2710,52.51110175,-128.9409887
DON CREEK,Pink (odd),611,Hecate Strait-Lowlands (odd),Central Coast,1876.0,5112,52.51110175,-128.9409887
DON CREEK,Chinook,515,North & Central Coast-Early,Central Coast,1876.0,1576,52.51110175,-128.9409887
DON CREEK,River sockeye,615,Northern Coastal Streams (river-type),Central Coast,1876.0,6130,52.51110175,-128.9409887
DON CREEK,Pink (even),608,Hecate Lowlands (even),Central Coast,1876.0,4226,52.51110175,-128.9409887
DON CREEK,Chum,506,Hecate Lowlands,Central Coast,1876.0,606,52.51110175,-128.9409887
DOUGLAS CREEK,Coho,520,Hecate Strait Mainland,Central Coast,1867.0,2701,52.98030323,-129.1321577
DOUGLAS CREEK,Chum,506,Hecate Lowlands,Central Coast,1867.0,597,52.98030323,-129.1321577
DOUGLAS CREEK,Lake sockeye,554,Douglas Creek,Central Coast,1867.0,6124,52.98030323,-129.1321577
DOUGLAS CREEK,Pink (even),608,Hecate Lowlands (even),Central Coast,1867.0,4217,52.98030323,-129.1321577
DOUGLAS CREEK,Pink (odd),611,Hecate Strait-Lowlands (odd),Central Coast,1867.0,5103,52.98030323,-129.1321577
DRANEY CREEK,Pink (odd),610,Homathko-Klinaklini-Smith-Rivers-Bella Coola-Dean (odd),Central Coast,928.0,5490,51.40710041,-127.2524024
DRANEY CREEK,Pink (even),609,Hecate Strait-Fjords (even),Central Coast,928.0,4499,51.40710041,-127.2524024
DRANEY CREEK,Chum,500,Smith Inlet,Central Coast,928.0,990,51.40710041,-127.2524024
DRANEY CREEK,River sockeye,613,Rivers-Smith Inlets (river-type),Central Coast,928.0,6548,51.40710041,-127.2524024
DRANEY CREEK,Coho,517,Rivers Inlet,Central Coast,928.0,3358,51.40710041,-127.2524024
DREW CREEK,Pink (even),608,Hecate Lowlands (even),Central Coast,1802.0,4177,52.14475106,-128.0053223
DREW CREEK,Coho,520,Hecate Strait Mainland,Central Coast,1802.0,2664,52.14475106,-128.0053223
DREW CREEK,Chum,503,Spiller-Fitz-Hugh-Burke,Central Coast,1802.0,562,52.14475106,-128.0053223
DREW CREEK,Pink (odd),611,Hecate Strait-Lowlands (odd),Central Coast,1802.0,5067,52.14475106,-128.0053223
DSULISH CREEK,Coho,516,Smith Inlet,Central Coast,924.0,3355,51.33872406,-127.6911444
DSULISH CREEK,Pink (odd),611,Hecate Strait-Lowlands (odd),Central Coast,924.0,5488,51.33872406,-127.6911444
DUCK CREEK,Coho,522,Douglas Channel-Kitimat Arm,Central Coast,1052.0,3453,54.06357547,-128.6798021
DUCK CREEK,Chum,508,Douglas-Gardner,Central Coast,1052.0,1085,54.06357547,-128.6798021
DUFFEY CREEK,Chum,506,Hecate Lowlands,Central Coast,1878.0,608,52.53617922,-129.0226472
DUFFEY CREEK,Pink (odd),611,Hecate Strait-Lowlands (odd),Central Coast,1878.0,5114,52.53617922,-129.0226472
DUFFEY CREEK,Coho,520,Hecate Strait Mainland,Central Coast,1878.0,2712,52.53617922,-129.0226472
DUFFEY CREEK,River sockeye,615,Northern Coastal Streams (river-type),Central Coast,1878.0,6131,52.53617922,-129.0226472
DUFFEY CREEK,Pink (even),608,Hecate Lowlands (even),Central Coast,1878.0,4228,52.53617922,-129.0226472
DUTHIE CREEK,Chinook,515,North & Central Coast-Early,Central Coast,1836.0,1554,52.77874638,-128.2797029
DUTHIE CREEK,Chum,506,Hecate Lowlands,Central Coast,1836.0,388,52.77874638,-128.2797029
DUTHIE CREEK,Pink (even),609,Hecate Strait-Fjords (even),Central Coast,1836.0,4021,52.77874638,-128.2797029
DUTHIE CREEK,Coho,519,Mussel-Kynoch,Central Coast,1836.0,2507,52.77874638,-128.2797029
DUTHIE CREEK,Pink (odd),612,Hecate Strait-Fjords (odd),Central Coast,1836.0,4954,52.77874638,-128.2797029
EAGLE BAY CREEK,Chum,508,Douglas-Gardner,Central Coast,1042.0,1078,53.7992123,-128.7088908
EAGLE BAY CREEK,Coho,523,Northern Coastal Streams,Central Coast,1042.0,3443,53.7992123,-128.7088908
EAGLE BAY CREEK,Pink (odd),612,Hecate Strait-Fjords (odd),Central Coast,1042.0,5538,53.7992123,-128.7088908
EAGLE BAY CREEK,Pink (even),609,Hecate Strait-Fjords (even),Central Coast,1042.0,4534,53.7992123,-128.7088908
EAGLE CREEK,River sockeye,615,Northern Coastal Streams (river-type),Central Coast,1887.0,6139,52.67538,-129.1750733
EAGLE CREEK,Pink (even),608,Hecate Lowlands (even),Central Coast,1887.0,4237,52.67538,-129.1750733
EAGLE CREEK,Coho,520,Hecate Strait Mainland,Central Coast,1887.0,2721,52.67538,-129.1750733
EAGLE CREEK,Chum,506,Hecate Lowlands,Central Coast,1887.0,617,52.67538,-129.1750733
EAGLE CREEK,Pink (odd),611,Hecate Strait-Lowlands (odd),Central Coast,1887.0,5123,52.67538,-129.1750733
EAST ARM CREEK,Chum,506,Hecate Lowlands,Central Coast,1871.0,601,53.15821842,-128.8934607
EAST ARM CREEK,Pink (even),609,Hecate Strait-Fjords (even),Central Coast,1871.0,4221,53.15821842,-128.8934607
EAST ARM CREEK,Pink (odd),612,Hecate Strait-Fjords (odd),Central Coast,1871.0,5107,53.15821842,-128.8934607
EAST ARM CREEK,River sockeye,614,Northern Coastal Fjords (river-type),Central Coast,1871.0,6127,53.15821842,-128.8934607
EAST ARM CREEK,Coho,520,Hecate Strait Mainland,Central Coast,1871.0,2705,53.15821842,-128.8934607
ELCHO CREEK,Pink (even),609,Hecate Strait-Fjords (even),Central Coast,984.0,4671,52.40058471,-127.5393258
ELCHO CREEK,Chinook,515,North & Central Coast-Early,Central Coast,984.0,2001,52.40058471,-127.5393258
ELCHO CREEK,Chum,503,Spiller-Fitz-Hugh-Burke,Central Coast,984.0,1244,52.40058471,-127.5393258
ELCHO CREEK,River sockeye,614,Northern Coastal Fjords (river-type),Central Coast,984.0,6652,52.40058471,-127.5393258
ELCHO CREEK,Pink (odd),612,Hecate Strait-Fjords (odd),Central Coast,984.0,5671,52.40058471,-127.5393258
ELCHO CREEK,Coho,523,Northern Coastal Streams,Central Coast,984.0,3620,52.40058471,-127.5393258
ELEVEN MILE CREEK,Coho,522,Douglas Channel-Kitimat Arm,Central Coast,1062.0,3461,54.17399728,-128.6821974
ELLERSLIE LAGOON CREEK,Pink (even),608,Hecate Lowlands (even),Central Coast,996.0,4681,52.52975759,-127.9961594
ELLERSLIE LAGOON CREEK,Pink (odd),611,Hecate Strait-Lowlands (odd),Central Coast,996.0,5682,52.52975759,-127.9961594
ELLERSLIE LAGOON CREEK,Chum,503,Spiller-Fitz-Hugh-Burke,Central Coast,996.0,1256,52.52975759,-127.9961594
ELLERSLIE LAGOON CREEK,Coho,520,Hecate Strait Mainland,Central Coast,996.0,3630,52.52975759,-127.9961594
EMBLEY CREEK,Pink (odd),610,Homathko-Klinaklini-Smith-Rivers-Bella Coola-Dean (odd),Central Coast,878.0,5609,50.94817318,-126.8799629
EMILY CREEK,Chum,503,Spiller-Fitz-Hugh-Burke,Central Coast,994.0,1254,52.39194397,-128.0168366
EMSLEY CREEK,Pink (odd),612,Hecate Strait-Fjords (odd),Central Coast,1081.0,5715,53.90236636,-128.7948826
EMSLEY CREEK,Coho,522,Douglas Channel-Kitimat Arm,Central Coast,1081.0,3687,53.90236636,-128.7948826
EMSLEY CREEK,Pink (even),609,Hecate Strait-Fjords (even),Central Coast,1081.0,4714,53.90236636,-128.7948826
EMSLEY CREEK,Chum,508,Douglas-Gardner,Central Coast,1081.0,1312,53.90236636,-128.7948826
END HILL CREEK,Coho,520,Hecate Strait Mainland,Central Coast,1933.0,2763,53.59855521,-130.3604206
END HILL CREEK,Lake sockeye,557,End Hill Creek,Central Coast,1933.0,6165,53.59855521,-130.3604206
END HILL CREEK,Pink (odd),611,Hecate Strait-Lowlands (odd),Central Coast,1933.0,5167,53.59855521,-130.3604206
END HILL CREEK,Chum,506,Hecate Lowlands,Central Coast,1933.0,662,53.59855521,-130.3604206
END HILL CREEK,Pink (even),608,Hecate Lowlands (even),Central Coast,1933.0,4282,53.59855521,-130.3604206
ESTEVAN CREEK,Chum,506,Hecate Lowlands,Central Coast,1893.0,623,52.98802523,-129.6066283
ESTEVAN CREEK,Coho,520,Hecate Strait Mainland,Central Coast,1893.0,2726,52.98802523,-129.6066283
ESTEVAN CREEK,Pink (odd),611,Hecate Strait-Lowlands (odd),Central Coast,1893.0,5128,52.98802523,-129.6066283
ESTEVAN CREEK,Pink (even),608,Hecate Lowlands (even),Central Coast,1893.0,4243,52.98802523,-129.6066283
EVANS INLET CREEK #3,Pink (even),608,Hecate Lowlands (even),Central Coast,1795.0,4170,52.10576763,-127.7555089
EVANS INLET CREEK #3,Coho,520,Hecate Strait Mainland,Central Coast,1795.0,2658,52.10576763,-127.7555089
EVANS INLET CREEK #3,Pink (odd),611,Hecate Strait-Lowlands (odd),Central Coast,1795.0,5060,52.10576763,-127.7555089
EVANS INLET CREEK #3,Chum,503,Spiller-Fitz-Hugh-Burke,Central Coast,1795.0,555,52.10576763,-127.7555089
EVELYN CREEK,Chum,508,Douglas-Gardner,Central Coast,1906.0,635,53.58428483,-128.9555479
EVELYN CREEK,Pink (odd),612,Hecate Strait-Fjords (odd),Central Coast,1906.0,5140,53.58428483,-128.9555479
EVELYN CREEK,Coho,523,Northern Coastal Streams,Central Coast,1906.0,2737,53.58428483,-128.9555479
EVELYN CREEK,Lake sockeye,534,Evelyn,Central Coast,1906.0,6150,53.58428483,-128.9555479
EVELYN CREEK,Chinook,514,North & Central Coast-Late,Central Coast,1906.0,1577,53.58428483,-128.9555479
EVELYN CREEK,Pink (even),609,Hecate Strait-Fjords (even),Central Coast,1906.0,4255,53.58428483,-128.9555479
EVINRUDE CREEK,Pink (even),608,Hecate Lowlands (even),Central Coast,1862.0,4212,52.80593587,-129.075614
EVINRUDE CREEK,Lake sockeye,558,Evinrude Inlet,Central Coast,1862.0,6122,52.80593587,-129.075614
EVINRUDE CREEK,Coho,520,Hecate Strait Mainland,Central Coast,1862.0,2696,52.80593587,-129.075614
EVINRUDE CREEK,Pink (odd),611,Hecate Strait-Lowlands (odd),Central Coast,1862.0,5098,52.80593587,-129.075614
EVINRUDE CREEK,Chum,506,Hecate Lowlands,Central Coast,1862.0,592,52.80593587,-129.075614
FALLS RIVER,Pink (even),609,Hecate Strait-Fjords (even),Central Coast,1043.0,4535,53.82492028,-128.5180864
FALLS RIVER,Chum,508,Douglas-Gardner,Central Coast,1043.0,1079,53.82492028,-128.5180864
FALLS RIVER,Coho,523,Northern Coastal Streams,Central Coast,1043.0,3444,53.82492028,-128.5180864
FALLS RIVER,Pink (odd),612,Hecate Strait-Fjords (odd),Central Coast,1043.0,5539,53.82492028,-128.5180864
FALSE STEWART CREEK,Pink (even),608,Hecate Lowlands (even),Central Coast,1913.0,4262,53.84153393,-130.0576926
FALSE STEWART CREEK,Chum,506,Hecate Lowlands,Central Coast,1913.0,642,53.84153393,-130.0576926
FALSE STEWART CREEK,Coho,520,Hecate Strait Mainland,Central Coast,1913.0,2743,53.84153393,-130.0576926
FALSE STEWART CREEK,River sockeye,614,Northern Coastal Fjords (river-type),Central Coast,1913.0,6153,53.84153393,-130.0576926
FALSE STEWART CREEK,Pink (odd),611,Hecate Strait-Lowlands (odd),Central Coast,1913.0,5147,53.84153393,-130.0576926
FANCY COVE HEAD CREEK,Pink (odd),611,Hecate Strait-Lowlands (odd),Central Coast,2685.0,10338,52.05897341,-128.0088313
FANCY COVE HEAD CREEK,Pink (even),608,Hecate Lowlands (even),Central Coast,2685.0,10333,52.05897341,-128.0088313
FANCY COVE HEAD CREEK,Chum,503,Spiller-Fitz-Hugh-Burke,Central Coast,2685.0,10312,52.05897341,-128.0088313
FANCY COVE HEAD CREEK,Coho,520,Hecate Strait Mainland,Central Coast,2685.0,10643,52.05897341,-128.0088313
FANCY COVE RIGHT HAND CREEK,Chum,503,Spiller-Fitz-Hugh-Burke,Central Coast,2684.0,10313,52.05959283,-128.0162275
FANCY COVE RIGHT HAND CREEK,Pink (odd),611,Hecate Strait-Lowlands (odd),Central Coast,2684.0,10340,52.05959283,-128.0162275
FANCY RIGHT,Chum,503,Spiller-Fitz-Hugh-Burke,Central Coast,,10615,52.06127778,-128.01525
FANCY RIGHT,Pink (even),608,Hecate Lowlands (even),Central Coast,,10618,52.06127778,-128.01525
FANCY RIGHT,Pink (odd),611,Hecate Strait-Lowlands (odd),Central Coast,,10617,52.06127778,-128.01525
FANCY RIGHT,Coho,520,Hecate Strait Mainland,Central Coast,,10616,52.06127778,-128.01525
FELL,River sockeye,615,Northern Coastal Streams (river-type),Central Coast,,10620,52.43386111,-128.0795
FELL,Pink (even),608,Hecate Lowlands (even),Central Coast,,10622,52.43386111,-128.0795
FELL,Pink (odd),611,Hecate Strait-Lowlands (odd),Central Coast,,10621,52.43386111,-128.0795
FELL,Chum,503,Spiller-Fitz-Hugh-Burke,Central Coast,,10619,52.43386111,-128.0795
FELL CREEK,Pink (odd),611,Hecate Strait-Lowlands (odd),Central Coast,3554.0,10341,52.43358163,-128.0790999
FELL CREEK,Chum,503,Spiller-Fitz-Hugh-Burke,Central Coast,3554.0,10314,52.43358163,-128.0790999
FIFER COVE CREEK,Coho,520,Hecate Strait Mainland,Central Coast,1845.0,2677,52.85617206,-128.6813488
FIFER COVE CREEK,Pink (even),609,Hecate Strait-Fjords (even),Central Coast,1845.0,4191,52.85617206,-128.6813488
FIFER COVE CREEK,River sockeye,614,Northern Coastal Fjords (river-type),Central Coast,1845.0,6109,52.85617206,-128.6813488
FIFER COVE CREEK,Pink (odd),612,Hecate Strait-Fjords (odd),Central Coast,1845.0,5080,52.85617206,-128.6813488
FIFER COVE CREEK,Chum,506,Hecate Lowlands,Central Coast,1845.0,576,52.85617206,-128.6813488
FISH CREEK,Pink (odd),610,Homathko-Klinaklini-Smith-Rivers-Bella Coola-Dean (odd),Central Coast,2246.0,4784,52.38976226,-126.573965
FISH CREEK,Coho,518,Bella Coola-Dean Rivers,Central Coast,2246.0,2121,52.38976226,-126.573965
FISH CREEK,Chum,504,Bella Coola-Dean Rivers,Central Coast,2246.0,26,52.38976226,-126.573965
FISH CREEK,Pink (even),609,Hecate Strait-Fjords (even),Central Coast,2246.0,3783,52.38976226,-126.573965
FISHTRAP BAY CREEK,River sockeye,614,Northern Coastal Fjords (river-type),Central Coast,1908.0,10345,53.55782016,-129.0210624
FISHTRAP BAY CREEK,Coho,523,Northern Coastal Streams,Central Coast,1908.0,2739,53.55782016,-129.0210624
FISHTRAP BAY CREEK,Pink (odd),612,Hecate Strait-Fjords (odd),Central Coast,1908.0,5142,53.55782016,-129.0210624
FISHTRAP BAY CREEK,Pink (even),609,Hecate Strait-Fjords (even),Central Coast,1908.0,4257,53.55782016,-129.0210624
FISHTRAP BAY CREEK,Chum,508,Douglas-Gardner,Central Coast,1908.0,637,53.55782016,-129.0210624
FLUX CREEK,Pink (odd),611,Hecate Strait-Lowlands (odd),Central Coast,1883.0,5119,52.60660921,-129.122996
FLUX CREEK,Coho,520,Hecate Strait Mainland,Central Coast,1883.0,2717,52.60660921,-129.122996
FLUX CREEK,Chum,506,Hecate Lowlands,Central Coast,1883.0,613,52.60660921,-129.122996
FLUX CREEK,River sockeye,615,Northern Coastal Streams (river-type),Central Coast,1883.0,6136,52.60660921,-129.122996
FLUX CREEK,Pink (even),608,Hecate Lowlands (even),Central Coast,1883.0,4233,52.60660921,-129.122996
FOCH RIVER,Pink (even),609,Hecate Strait-Fjords (even),Central Coast,1083.0,4716,53.8323825,-129.0927817
FOCH RIVER,River sockeye,614,Northern Coastal Fjords (river-type),Central Coast,1083.0,6693,53.8323825,-129.0927817
FOCH RIVER,Coho,522,Douglas Channel-Kitimat Arm,Central Coast,1083.0,3689,53.8323825,-129.0927817
FOCH RIVER,Pink (odd),612,Hecate Strait-Fjords (odd),Central Coast,1083.0,5717,53.8323825,-129.0927817
FOCH RIVER,Chum,508,Douglas-Gardner,Central Coast,1083.0,1314,53.8323825,-129.0927817
FOCH RIVER,Chinook,515,North & Central Coast-Early,Central Coast,1083.0,2028,53.8323825,-129.0927817
FOOTE CREEK,Coho,520,Hecate Strait Mainland,Central Coast,1960.0,2788,54.03069736,-130.4211647
FORESTRY CREEK,Coho,518,Bella Coola-Dean Rivers,Central Coast,2678.0,2125,52.37688456,-126.5840309
FOUR LAKES CREEK,Coho,520,Hecate Strait Mainland,Central Coast,1797.0,2660,52.22453815,-127.7766556
FOUR LAKES CREEK,Pink (odd),611,Hecate Strait-Lowlands (odd),Central Coast,1797.0,5062,52.22453815,-127.7766556
FOUR LAKES CREEK,Chum,503,Spiller-Fitz-Hugh-Burke,Central Coast,1797.0,557,52.22453815,-127.7766556
FOUR LAKES CREEK,Pink (even),608,Hecate Lowlands (even),Central Coast,1797.0,4172,52.22453815,-127.7766556
FRENCHMAN CREEK,Chum,503,Spiller-Fitz-Hugh-Burke,Central Coast,985.0,1245,52.32441371,-127.5526355
FRENCHMAN CREEK,Coho,523,Northern Coastal Streams,Central Coast,985.0,3621,52.32441371,-127.5526355
FRENCHMAN CREEK,Pink (even),609,Hecate Strait-Fjords (even),Central Coast,985.0,4672,52.32441371,-127.5526355
FRENCHMAN CREEK,Pink (odd),612,Hecate Strait-Fjords (odd),Central Coast,985.0,5672,52.32441371,-127.5526355
FRENCHMAN CREEK,River sockeye,614,Northern Coastal Fjords (river-type),Central Coast,985.0,6653,52.32441371,-127.5526355
FURY CREEK,Pink (even),608,Hecate Lowlands (even),Central Coast,1875.0,4225,52.66667953,-129.0168294
FURY CREEK,Coho,520,Hecate Strait Mainland,Central Coast,1875.0,2709,52.66667953,-129.0168294
FURY CREEK,River sockeye,615,Northern Coastal Streams (river-type),Central Coast,1875.0,6129,52.66667953,-129.0168294
FURY CREEK,Chum,506,Hecate Lowlands,Central Coast,1875.0,605,52.66667953,-129.0168294
FURY CREEK,Pink (odd),611,Hecate Strait-Lowlands (odd),Central Coast,1875.0,5111,52.66667953,-129.0168294
GABION RIVER,Coho,520,Hecate Strait Mainland,Central Coast,1090.0,3696,53.4259597,-129.2527274
GABION RIVER,Pink (even),608,Hecate Lowlands (even),Central Coast,1090.0,4723,53.4259597,-129.2527274
GABION RIVER,Chum,506,Hecate Lowlands,Central Coast,1090.0,1321,53.4259597,-129.2527274
GABION RIVER,Pink (odd),611,Hecate Strait-Lowlands (odd),Central Coast,1090.0,5724,53.4259597,-129.2527274
GABION RIVER,Lake sockeye,560,Hartley Bay,Central Coast,1090.0,6698,53.4259597,-129.2527274
GARBAGE DUMP CREEK,Chum,504,Bella Coola-Dean Rivers,Central Coast,2092.0,18,52.3669689,-126.692985
GARBAGE DUMP CREEK,Pink (odd),610,Homathko-Klinaklini-Smith-Rivers-Bella Coola-Dean (odd),Central Coast,2092.0,4779,52.3669689,-126.692985
GARBAGE DUMP CREEK,Coho,518,Bella Coola-Dean Rivers,Central Coast,2092.0,2114,52.3669689,-126.692985
GEISH CREEK,Pink (odd),611,Hecate Strait-Lowlands (odd),Central Coast,1835.0,4953,52.69234387,-128.2902836
GEISH CREEK,Chum,506,Hecate Lowlands,Central Coast,1835.0,387,52.69234387,-128.2902836
GEISH CREEK,Coho,520,Hecate Strait Mainland,Central Coast,1835.0,2506,52.69234387,-128.2902836
GEISH CREEK,Pink (even),608,Hecate Lowlands (even),Central Coast,1835.0,4020,52.69234387,-128.2902836
GENESEE CREEK,Coho,517,Rivers Inlet,Central Coast,942.0,3585,51.66532816,-126.6705171
GENESEE CREEK,Pink (odd),610,Homathko-Klinaklini-Smith-Rivers-Bella Coola-Dean (odd),Central Coast,942.0,5634,51.66532816,-126.6705171
GENESEE CREEK,Chinook,510,Rivers Inlet,Central Coast,942.0,1984,51.66532816,-126.6705171
GENESEE CREEK,Pink (even),609,Hecate Strait-Fjords (even),Central Coast,942.0,4633,51.66532816,-126.6705171
GENESEE CREEK,Chum,501,Rivers Inlet,Central Coast,942.0,1208,51.66532816,-126.6705171
GEORGE HALL CREEK,Chum,504,Bella Coola-Dean Rivers,Central Coast,2093.0,19,52.3887881,-126.5782355
GEORGE HALL CREEK,Coho,518,Bella Coola-Dean Rivers,Central Coast,2093.0,2115,52.3887881,-126.5782355
GIL CREEK,Pink (even),608,Hecate Lowlands (even),Central Coast,1897.0,4246,53.10570486,-129.2078117
GIL CREEK,Chum,506,Hecate Lowlands,Central Coast,1897.0,626,53.10570486,-129.2078117
GIL CREEK,River sockeye,614,Northern Coastal Fjords (river-type),Central Coast,1897.0,6146,53.10570486,-129.2078117
GIL CREEK,Coho,523,Northern Coastal Streams,Central Coast,1897.0,2729,53.10570486,-129.2078117
GIL CREEK,Pink (odd),611,Hecate Strait-Lowlands (odd),Central Coast,1897.0,5131,53.10570486,-129.2078117
GILTTOYEES CREEK,Pink (even),609,Hecate Strait-Fjords (even),Central Coast,1082.0,4715,53.90056042,-129.026727
GILTTOYEES CREEK,Chum,508,Douglas-Gardner,Central Coast,1082.0,1313,53.90056042,-129.026727
GILTTOYEES CREEK,Coho,522,Douglas Channel-Kitimat Arm,Central Coast,1082.0,3688,53.90056042,-129.026727
GILTTOYEES CREEK,Pink (odd),612,Hecate Strait-Fjords (odd),Central Coast,1082.0,5716,53.90056042,-129.026727
GILTTOYEES CREEK,Chinook,515,North & Central Coast-Early,Central Coast,1082.0,2027,53.90056042,-129.026727
GOAT BUSHU CREEK,Pink (even),608,Hecate Lowlands (even),Central Coast,987.0,4674,52.20850154,-127.883159
GOAT BUSHU CREEK,Chum,503,Spiller-Fitz-Hugh-Burke,Central Coast,987.0,1247,52.20850154,-127.883159
GOAT BUSHU CREEK,Pink (odd),611,Hecate Strait-Lowlands (odd),Central Coast,987.0,5674,52.20850154,-127.883159
GOAT BUSHU CREEK,Coho,520,Hecate Strait Mainland,Central Coast,987.0,3623,52.20850154,-127.883159
GOAT BUSHU CREEK,River sockeye,615,Northern Coastal Streams (river-type),Central Coast,987.0,10644,52.20850154,-127.883159
GOAT RIVER,Chum,508,Douglas-Gardner,Central Coast,1028.0,1064,53.3607623,-128.8467036
GOAT RIVER,Pink (even),609,Hecate Strait-Fjords (even),Central Coast,1028.0,4520,53.3607623,-128.8467036
GOAT RIVER,Coho,523,Northern Coastal Streams,Central Coast,1028.0,3429,53.3607623,-128.8467036
GOAT RIVER,Pink (odd),612,Hecate Strait-Fjords (odd),Central Coast,1028.0,5524,53.3607623,-128.8467036
GOBEIL BAY CREEK,Pink (even),609,Hecate Strait-Fjords (even),Central Coast,11572.0,10325,53.87806651,-128.6680181
GOBEIL BAY CREEK,Pink (odd),612,Hecate Strait-Fjords (odd),Central Coast,11572.0,4800,53.87806651,-128.6680181
GOIN CREEK,Pink (even),608,Hecate Lowlands (even),Central Coast,2831.0,3788,52.82893547,-128.7257185
GOIN CREEK,Chum,506,Hecate Lowlands,Central Coast,2831.0,33,52.82893547,-128.7257185
GOIN CREEK,Pink (odd),611,Hecate Strait-Lowlands (odd),Central Coast,2831.0,4789,52.82893547,-128.7257185
GOOSE CREEK,Chum,508,Douglas-Gardner,Central Coast,1053.0,1086,54.07196932,-128.6759095
GOOSE CREEK,Coho,522,Douglas Channel-Kitimat Arm,Central Coast,1053.0,3454,54.07196932,-128.6759095
GORILLA CREEK,Pink (odd),611,Hecate Strait-Lowlands (odd),Central Coast,1825.0,4945,52.7114767,-128.3166915
GORILLA CREEK,Coho,520,Hecate Strait Mainland,Central Coast,1825.0,2499,52.7114767,-128.3166915
GORILLA CREEK,Pink (even),608,Hecate Lowlands (even),Central Coast,1825.0,4012,52.7114767,-128.3166915
GORILLA CREEK,Chum,506,Hecate Lowlands,Central Coast,1825.0,377,52.7114767,-128.3166915
GRANTHAM CREEK,Pink (odd),612,Hecate Strait-Fjords (odd),Central Coast,976.0,5663,52.83567363,-126.9652811
GRANTHAM CREEK,Chum,504,Bella Coola-Dean Rivers,Central Coast,976.0,1236,52.83567363,-126.9652811
GRASSY BAY CREEK,Chum,503,Spiller-Fitz-Hugh-Burke,Central Coast,1792.0,552,52.14263474,-127.637862
GRASSY BAY CREEK,Pink (even),608,Hecate Lowlands (even),Central Coast,1792.0,4167,52.14263474,-127.637862
GREEN RIVER,Chinook,515,North & Central Coast-Early,Central Coast,1018.0,1969,52.99619893,-128.3782571
GREEN RIVER,Pink (even),609,Hecate Strait-Fjords (even),Central Coast,1799.0,4174,52.33052074,-127.4541509
GREEN RIVER,Pink (odd),612,Hecate Strait-Fjords (odd),Central Coast,1799.0,5064,52.33052074,-127.4541509
GREEN RIVER,River sockeye,614,Northern Coastal Fjords (river-type),Central Coast,1018.0,6615,52.99619893,-128.3782571
GREEN RIVER,Pink (odd),612,Hecate Strait-Fjords (odd),Central Coast,1018.0,5615,52.99619893,-128.3782571
GREEN RIVER,Chum,507,Mussel-Kynoch,Central Coast,1018.0,1167,52.99619893,-128.3782571
GREEN RIVER,Chum,503,Spiller-Fitz-Hugh-Burke,Central Coast,1799.0,559,52.33052074,-127.4541509
GREEN RIVER,Pink (even),609,Hecate Strait-Fjords (even),Central Coast,1018.0,4613,52.99619893,-128.3782571
GREEN RIVER,Coho,519,Mussel-Kynoch,Central Coast,1018.0,3539,52.99619893,-128.3782571
GRIBBELL ISLAND CREEK,Pink (even),609,Hecate Strait-Fjords (even),Central Coast,1904.0,4253,53.35732849,-129.1383394
GRIBBELL ISLAND CREEK,Chum,508,Douglas-Gardner,Central Coast,1904.0,633,53.35732849,-129.1383394
GRIBBELL ISLAND CREEK,Pink (odd),612,Hecate Strait-Fjords (odd),Central Coast,1904.0,5138,53.35732849,-129.1383394
GRIBBELL ISLAND CREEK,Coho,523,Northern Coastal Streams,Central Coast,1904.0,2735,53.35732849,-129.1383394
GRIBBELL ISLAND CREEK,River sockeye,614,Northern Coastal Fjords (river-type),Central Coast,1904.0,10344,53.35732849,-129.1383394
GULL CREEK,Coho,520,Hecate Strait Mainland,Central Coast,1821.0,2495,52.50740738,-128.6815323
GULL CREEK,Lake sockeye,562,Higgins Lagoon,Central Coast,1821.0,6041,52.50740738,-128.6815323
GULL CREEK,Pink (even),608,Hecate Lowlands (even),Central Coast,1821.0,4008,52.50740738,-128.6815323
GULL CREEK,Chum,506,Hecate Lowlands,Central Coast,1821.0,373,52.50740738,-128.6815323
GULL CREEK,Pink (odd),611,Hecate Strait-Lowlands (odd),Central Coast,1821.0,4941,52.50740738,-128.6815323
HAGEN CREEK,Coho,516,Smith Inlet,Central Coast,925.0,3356,51.3306616,-127.7423895
HAGENSBORG SLOUGH,Coho,518,Bella Coola-Dean Rivers,Central Coast,3455.0,2129,52.3935236,-126.5540313
HANKIN CREEK,Chum,506,Hecate Lowlands,Central Coast,1951.0,679,53.69511661,-130.3940666
HANKIN CREEK,Coho,520,Hecate Strait Mainland,Central Coast,1951.0,2780,53.69511661,-130.3940666
HANKIN CREEK,Pink (even),608,Hecate Lowlands (even),Central Coast,1951.0,4298,53.69511661,-130.3940666
HANKIN CREEK,Pink (odd),611,Hecate Strait-Lowlands (odd),Central Coast,1951.0,5183,53.69511661,-130.3940666
HAUSER CREEK,Chum,503,Spiller-Fitz-Hugh-Burke,Central Coast,1814.0,485,52.30127023,-128.1712796
HAUSER CREEK,Pink (odd),611,Hecate Strait-Lowlands (odd),Central Coast,1814.0,5001,52.30127023,-128.1712796
HAUSER CREEK,Coho,520,Hecate Strait Mainland,Central Coast,1814.0,2593,52.30127023,-128.1712796
HAUSKIN CREEK,Pink (odd),610,Homathko-Klinaklini-Smith-Rivers-Bella Coola-Dean (odd),Central Coast,884.0,5613,50.96692431,-127.0351968
HAWKSBURY ISLAND CREEK,Pink (even),609,Hecate Strait-Fjords (even),Central Coast,3553.0,3778,53.492476,-129.1028893
HAWKSBURY ISLAND CREEK,Chum,508,Douglas-Gardner,Central Coast,3553.0,16,53.492476,-129.1028893
HAWKSBURY ISLAND CREEK,Coho,523,Northern Coastal Streams,Central Coast,3553.0,2142,53.492476,-129.1028893
HAWKSBURY ISLAND CREEK,Pink (odd),612,Hecate Strait-Fjords (odd),Central Coast,3553.0,4777,53.492476,-129.1028893
HAWKSBURY ISLAND CREEK,River sockeye,614,Northern Coastal Fjords (river-type),Central Coast,3553.0,5803,53.492476,-129.1028893
HEAD CREEK,Chum,508,Douglas-Gardner,Central Coast,1022.0,1171,53.14294234,-128.4750814
HEAD CREEK,Coho,523,Northern Coastal Streams,Central Coast,1022.0,3543,53.14294234,-128.4750814
HEAD CREEK,Pink (even),609,Hecate Strait-Fjords (even),Central Coast,1022.0,4617,53.14294234,-128.4750814
HEAD CREEK,Lake sockeye,533,Dome,Central Coast,1022.0,6617,53.14294234,-128.4750814
HEAD CREEK,Pink (odd),612,Hecate Strait-Fjords (odd),Central Coast,1022.0,5619,53.14294234,-128.4750814
HEVENOR INLET CREEK,Pink (even),608,Hecate Lowlands (even),Central Coast,1929.0,4278,53.63311513,-129.9954861
HEVENOR INLET CREEK,Pink (odd),611,Hecate Strait-Lowlands (odd),Central Coast,1929.0,5163,53.63311513,-129.9954861
HEVENOR INLET CREEK,Coho,520,Hecate Strait Mainland,Central Coast,1929.0,2759,53.63311513,-129.9954861
HEVENOR INLET CREEK,Lake sockeye,561,Hevenor Inlet,Central Coast,1929.0,6163,53.63311513,-129.9954861
HEVENOR INLET CREEK,Chum,506,Hecate Lowlands,Central Coast,1929.0,658,53.63311513,-129.9954861
HIRD POINT CREEK,Chum,506,Hecate Lowlands,Central Coast,1008.0,1268,52.56928222,-128.2320154
HIRD POINT CREEK,Pink (odd),611,Hecate Strait-Lowlands (odd),Central Coast,1008.0,5694,52.56928222,-128.2320154
HIRD POINT CREEK,Coho,520,Hecate Strait Mainland,Central Coast,1008.0,3642,52.56928222,-128.2320154
HIRD POINT CREEK,Pink (even),608,Hecate Lowlands (even),Central Coast,1008.0,4692,52.56928222,-128.2320154
HIRSCH CREEK,Chum,508,Douglas-Gardner,Central Coast,1054.0,1087,54.09023799,-128.6424655
HIRSCH CREEK,River sockeye,614,Northern Coastal Fjords (river-type),Central Coast,1054.0,6579,54.09023799,-128.6424655
HIRSCH CREEK,Pink (odd),612,Hecate Strait-Fjords (odd),Central Coast,1054.0,5544,54.09023799,-128.6424655
HIRSCH CREEK,Pink (even),609,Hecate Strait-Fjords (even),Central Coast,1054.0,4542,54.09023799,-128.6424655
HIRSCH CREEK,Coho,522,Douglas Channel-Kitimat Arm,Central Coast,1054.0,3455,54.09023799,-128.6424655
HIRSCH CREEK,Chinook,515,North & Central Coast-Early,Central Coast,1054.0,1930,54.09023799,-128.6424655
HOCHSTADER BASIN CREEK,Chum,503,Spiller-Fitz-Hugh-Burke,Central Coast,7990583.0,723,52.1273771,-128.2351504
HOGAN CREEK,Pink (even),608,Hecate Lowlands (even),Central Coast,926.0,4498,51.37703672,-127.6613993
HOGAN CREEK,Chum,500,Smith Inlet,Central Coast,926.0,989,51.37703672,-127.6613993
HOMATHKO RIVER,Pink (odd),610,Homathko-Klinaklini-Smith-Rivers-Bella Coola-Dean (odd),Central Coast,819.0,5559,50.93084166,-124.860067
HOME BAY CREEKS,Pink (odd),612,Hecate Strait-Fjords (odd),Central Coast,7990585.0,5228,53.27173067,-129.0737338
HOOK NOSE CREEK,Pink (even),608,Hecate Lowlands (even),Central Coast,1796.0,4171,52.12406444,-127.8392708
HOOK NOSE CREEK,Coho,520,Hecate Strait Mainland,Central Coast,1796.0,2659,52.12406444,-127.8392708
HOOK NOSE CREEK,Lake sockeye,585,Port John,Central Coast,1796.0,6095,52.12406444,-127.8392708
HOOK NOSE CREEK,Chum,503,Spiller-Fitz-Hugh-Burke,Central Coast,1796.0,556,52.12406444,-127.8392708
HOOK NOSE CREEK,Pink (odd),611,Hecate Strait-Lowlands (odd),Central Coast,1796.0,5061,52.12406444,-127.8392708
HOTSPRING CREEK,Pink (odd),612,Hecate Strait-Fjords (odd),Central Coast,1037.0,5533,53.44945498,-128.5530455
HOTSPRING CREEK,Pink (even),609,Hecate Strait-Fjords (even),Central Coast,1037.0,4529,53.44945498,-128.5530455
HOTSPRING CREEK,Coho,523,Northern Coastal Streams,Central Coast,1037.0,3438,53.44945498,-128.5530455
HOTSPRING CREEK,Chum,508,Douglas-Gardner,Central Coast,1037.0,1073,53.44945498,-128.5530455
HOTSPRING CREEK,River sockeye,614,Northern Coastal Fjords (river-type),Central Coast,1037.0,6572,53.44945498,-128.5530455
HUGH CREEK,Chinook,515,North & Central Coast-Early,Central Coast,1041.0,10316,53.72669583,-128.7765049
HUGH CREEK,Pink (even),609,Hecate Strait-Fjords (even),Central Coast,1041.0,4533,53.72669583,-128.7765049
HUGH CREEK,River sockeye,614,Northern Coastal Fjords (river-type),Central Coast,1041.0,6575,53.72669583,-128.7765049
HUGH CREEK,Pink (odd),612,Hecate Strait-Fjords (odd),Central Coast,1041.0,5537,53.72669583,-128.7765049
HUGH CREEK,Coho,523,Northern Coastal Streams,Central Coast,1041.0,3442,53.72669583,-128.7765049
HUGH CREEK,Chum,508,Douglas-Gardner,Central Coast,1041.0,1077,53.72669583,-128.7765049
HUMPHRYS CREEK,Chinook,515,North & Central Coast-Early,Central Coast,1068.0,1935,54.18322902,-128.5724271
HUMPHRYS CREEK,Pink (odd),612,Hecate Strait-Fjords (odd),Central Coast,1068.0,5548,54.18322902,-128.5724271
HUMPHRYS CREEK,Chum,508,Douglas-Gardner,Central Coast,1068.0,1094,54.18322902,-128.5724271
HUMPHRYS CREEK,Pink (even),609,Hecate Strait-Fjords (even),Central Coast,1068.0,4546,54.18322902,-128.5724271
HUMPHRYS CREEK,River sockeye,614,Northern Coastal Fjords (river-type),Central Coast,1068.0,6581,54.18322902,-128.5724271
HUMPHRYS CREEK,Coho,522,Douglas Channel-Kitimat Arm,Central Coast,1068.0,3467,54.18322902,-128.5724271
HUNTER CREEK,Pink (even),609,Hecate Strait-Fjords (even),Central Coast,1076.0,10331,54.21800101,-128.2172724
HUNTER CREEK,River sockeye,614,Northern Coastal Fjords (river-type),Central Coast,1076.0,10348,54.21800101,-128.2172724
HUNTER CREEK,Chinook,515,North & Central Coast-Early,Central Coast,1076.0,2024,54.21800101,-128.2172724
HUNTER CREEK,Chum,508,Douglas-Gardner,Central Coast,1076.0,1309,54.21800101,-128.2172724
HUNTER CREEK,Pink (odd),612,Hecate Strait-Fjords (odd),Central Coast,1076.0,10335,54.21800101,-128.2172724
INDIAN HARBOUR CREEK,Chum,506,Hecate Lowlands,Central Coast,1941.0,670,53.3526897,-130.1590457
INDIAN HARBOUR CREEK,Pink (odd),611,Hecate Strait-Lowlands (odd),Central Coast,1941.0,5174,53.3526897,-130.1590457
INDIAN HARBOUR CREEK,River sockeye,615,Northern Coastal Streams (river-type),Central Coast,1941.0,6173,53.3526897,-130.1590457
INDIAN HARBOUR CREEK,Pink (even),608,Hecate Lowlands (even),Central Coast,1941.0,4289,53.3526897,-130.1590457
INDIAN HARBOUR CREEK,Coho,520,Hecate Strait Mainland,Central Coast,1941.0,2771,53.3526897,-130.1590457
INZIANA RIVER,Lake sockeye,525,Owikeno,Central Coast,944.0,6628,51.83077734,-126.682043
INZIANA RIVER,Chinook,510,Rivers Inlet,Central Coast,944.0,1986,51.83077734,-126.682043
INZIANA RIVER,Pink (even),609,Hecate Strait-Fjords (even),Central Coast,944.0,4634,51.83077734,-126.682043
INZIANA RIVER,Pink (odd),610,Homathko-Klinaklini-Smith-Rivers-Bella Coola-Dean (odd),Central Coast,944.0,5635,51.83077734,-126.682043
INZIANA RIVER,Coho,517,Rivers Inlet,Central Coast,944.0,3587,51.83077734,-126.682043
JAMES BAY CREEK,Pink (even),609,Hecate Strait-Fjords (even),Central Coast,1833.0,4018,52.71883322,-128.2241105
JAMES BAY CREEK,Chum,507,Mussel-Kynoch,Central Coast,1833.0,385,52.71883322,-128.2241105
JAMES BAY CREEK,Coho,519,Mussel-Kynoch,Central Coast,1833.0,2504,52.71883322,-128.2241105
JAMES BAY CREEK,River sockeye,614,Northern Coastal Fjords (river-type),Central Coast,1833.0,6047,52.71883322,-128.2241105
JAMES BAY CREEK,Pink (odd),612,Hecate Strait-Fjords (odd),Central Coast,1833.0,4951,52.71883322,-128.2241105
JANE CREEK,Chum,503,Spiller-Fitz-Hugh-Burke,Central Coast,2686.0,41,52.05034306,-128.059921
JENNIS BAY CREEK,Pink (odd),610,Homathko-Klinaklini-Smith-Rivers-Bella Coola-Dean (odd),Central Coast,881.0,5612,50.91407902,-127.024648
JENNY BAY CREEKS,Pink (even),609,Hecate Strait-Fjords (even),Central Coast,1798.0,4173,52.22402973,-127.5983892
JENNY BAY CREEKS,Coho,523,Northern Coastal Streams,Central Coast,1798.0,2661,52.22402973,-127.5983892
JENNY BAY CREEKS,Pink (odd),612,Hecate Strait-Fjords (odd),Central Coast,1798.0,5063,52.22402973,-127.5983892
JENNY BAY CREEKS,Chum,503,Spiller-Fitz-Hugh-Burke,Central Coast,1798.0,558,52.22402973,-127.5983892
JENNY BAY CREEKS,River sockeye,614,Northern Coastal Fjords (river-type),Central Coast,1798.0,6096,52.22402973,-127.5983892
JENNY BAY EAST CREEK,Chum,503,Spiller-Fitz-Hugh-Burke,Central Coast,3555.0,48,52.23435525,-127.5942144
JENNY BAY EAST CREEK,Pink (even),609,Hecate Strait-Fjords (even),Central Coast,3555.0,3799,52.23435525,-127.5942144
JENNY BAY EAST CREEK,Pink (odd),612,Hecate Strait-Fjords (odd),Central Coast,3555.0,4802,52.23435525,-127.5942144
JENNY BAY SOUTH CREEK,Pink (odd),612,Hecate Strait-Fjords (odd),Central Coast,2693.0,4803,52.22402973,-127.5983892
JENNY BAY SOUTH CREEK,Chum,503,Spiller-Fitz-Hugh-Burke,Central Coast,2693.0,49,52.22402973,-127.5983892
JENNY BAY SOUTH CREEK,Pink (even),609,Hecate Strait-Fjords (even),Central Coast,2693.0,3800,52.22402973,-127.5983892
JENNY BAY WEST CREEK,Chum,503,Spiller-Fitz-Hugh-Burke,Central Coast,2692.0,50,52.22849747,-127.6029352
JENNY BAY WEST CREEK,Pink (even),609,Hecate Strait-Fjords (even),Central Coast,2692.0,3801,52.22849747,-127.6029352
JENNY BAY WEST CREEK,Coho,518,Bella Coola-Dean Rivers,Central Coast,2692.0,10468,52.22849747,-127.6029352
JENNY BAY WEST CREEK,Pink (odd),612,Hecate Strait-Fjords (odd),Central Coast,2692.0,4804,52.22849747,-127.6029352
JOHNSTON CREEK,River sockeye,615,Northern Coastal Streams (river-type),Central Coast,931.0,6550,51.49213707,-127.5390891
JOHNSTON CREEK,Chum,500,Smith Inlet,Central Coast,931.0,993,51.49213707,-127.5390891
JOHNSTON CREEK,Pink (even),608,Hecate Lowlands (even),Central Coast,931.0,4502,51.49213707,-127.5390891
JOHNSTON CREEK,Coho,517,Rivers Inlet,Central Coast,931.0,3361,51.49213707,-127.5390891
JOHNSTON CREEK,Pink (odd),611,Hecate Strait-Lowlands (odd),Central Coast,931.0,5493,51.49213707,-127.5390891
KADJUSDIS RIVER,Lake sockeye,563,Kadjusdis River,Central Coast,1800.0,6097,52.15334331,-128.0439752
KADJUSDIS RIVER,Chum,503,Spiller-Fitz-Hugh-Burke,Central Coast,1800.0,560,52.15334331,-128.0439752
KADJUSDIS RIVER,Coho,520,Hecate Strait Mainland,Central Coast,1800.0,2662,52.15334331,-128.0439752
KADJUSDIS RIVER,Pink (odd),611,Hecate Strait-Lowlands (odd),Central Coast,1800.0,5065,52.15334331,-128.0439752
KADJUSDIS RIVER,Pink (even),608,Hecate Lowlands (even),Central Coast,1800.0,4175,52.15334331,-128.0439752
KAINET CREEK,Chum,507,Mussel-Kynoch,Central Coast,1010.0,1270,52.7564471,-127.8771912
KAINET CREEK,Lake sockeye,535,Kainet Creek,Central Coast,1010.0,6667,52.7564471,-127.8771912
KAINET CREEK,Coho,519,Mussel-Kynoch,Central Coast,1010.0,3644,52.7564471,-127.8771912
KAINET CREEK,Pink (even),609,Hecate Strait-Fjords (even),Central Coast,1010.0,4694,52.7564471,-127.8771912
KAINET CREEK,Chinook,515,North & Central Coast-Early,Central Coast,1010.0,2002,52.7564471,-127.8771912
KAINET CREEK,Pink (odd),612,Hecate Strait-Fjords (odd),Central Coast,1010.0,5696,52.7564471,-127.8771912
KAMIN CREEK,Chum,506,Hecate Lowlands,Central Coast,2830.0,32,52.7697966,-128.7479524
KAMIN CREEK,Pink (even),608,Hecate Lowlands (even),Central Coast,2830.0,3787,52.7697966,-128.7479524
KDELMASHAN CREEK,Coho,520,Hecate Strait Mainland,Central Coast,1880.0,2714,52.53099367,-129.0478249
KDELMASHAN CREEK,Chum,506,Hecate Lowlands,Central Coast,1880.0,610,52.53099367,-129.0478249
KDELMASHAN CREEK,Pink (even),608,Hecate Lowlands (even),Central Coast,1880.0,4230,52.53099367,-129.0478249
KDELMASHAN CREEK,Pink (odd),611,Hecate Strait-Lowlands (odd),Central Coast,1880.0,5116,52.53099367,-129.0478249
KDELMASHAN CREEK,Lake sockeye,564,Kdelmashan Creek,Central Coast,1880.0,6133,52.53099367,-129.0478249
KEECHA CREEK,Pink (even),608,Hecate Lowlands (even),Central Coast,1937.0,4286,53.30959032,-129.8294049
KEECHA CREEK,Pink (odd),611,Hecate Strait-Lowlands (odd),Central Coast,1937.0,5171,53.30959032,-129.8294049
KEECHA CREEK,Coho,520,Hecate Strait Mainland,Central Coast,1937.0,2767,53.30959032,-129.8294049
KEECHA CREEK,Lake sockeye,565,Keecha,Central Coast,1937.0,6169,53.30959032,-129.8294049
KEECHA CREEK,Chum,506,Hecate Lowlands,Central Coast,1937.0,666,53.30959032,-129.8294049
KEESIL CREEK,Coho,520,Hecate Strait Mainland,Central Coast,1089.0,3695,53.44839812,-129.2390533
KEESIL CREEK,Pink (odd),611,Hecate Strait-Lowlands (odd),Central Coast,1089.0,5723,53.44839812,-129.2390533
KEESIL CREEK,Chum,506,Hecate Lowlands,Central Coast,1089.0,1320,53.44839812,-129.2390533
KEESIL CREEK,Pink (even),608,Hecate Lowlands (even),Central Coast,1089.0,4722,53.44839812,-129.2390533
KEMANO RIVER,Chum,508,Douglas-Gardner,Central Coast,1034.0,1070,53.48393942,-128.124811
KEMANO RIVER,Pink (even),609,Hecate Strait-Fjords (even),Central Coast,1034.0,4526,53.48393942,-128.124811
KEMANO RIVER,River sockeye,614,Northern Coastal Fjords (river-type),Central Coast,1034.0,6569,53.48393942,-128.124811
KEMANO RIVER,Coho,523,Northern Coastal Streams,Central Coast,1034.0,3435,53.48393942,-128.124811
KEMANO RIVER,Chinook,515,North & Central Coast-Early,Central Coast,1034.0,1924,53.48393942,-128.124811
KEMANO RIVER,Pink (odd),612,Hecate Strait-Fjords (odd),Central Coast,1034.0,5530,53.48393942,-128.124811
KENT INLET LAGOON CREEK,Lake sockeye,566,Kent Inlet Lagoon Creek,Central Coast,1861.0,6121,52.74149325,-128.9795617
KENT INLET LAGOON CREEK,Coho,520,Hecate Strait Mainland,Central Coast,1861.0,2695,52.74149325,-128.9795617
KENT INLET LAGOON CREEK,Pink (even),608,Hecate Lowlands (even),Central Coast,1861.0,4211,52.74149325,-128.9795617
KENZUWASH CREEKS,Coho,520,Hecate Strait Mainland,Central Coast,7990623.0,2769,53.25258774,-130.0186785
KENZUWASH CREEKS,Chum,506,Hecate Lowlands,Central Coast,7990623.0,668,53.25258774,-130.0186785
KENZUWASH CREEKS,Lake sockeye,567,Kenzuwash Creeks,Central Coast,7990623.0,6171,53.25258774,-130.0186785
KESWAR CREEK,Pink (even),608,Hecate Lowlands (even),Central Coast,1950.0,4297,53.64866176,-130.3421059
KESWAR CREEK,Lake sockeye,568,Keswar Creek,Central Coast,1950.0,6178,53.64866176,-130.3421059
KESWAR CREEK,Coho,520,Hecate Strait Mainland,Central Coast,1950.0,2779,53.64866176,-130.3421059
KESWAR CREEK,Pink (odd),611,Hecate Strait-Lowlands (odd),Central Coast,1950.0,5182,53.64866176,-130.3421059
KESWAR CREEK,Chum,506,Hecate Lowlands,Central Coast,1950.0,678,53.64866176,-130.3421059
KHUTZE RIVER,River sockeye,614,Northern Coastal Fjords (river-type),Central Coast,1021.0,6616,53.08524368,-128.4121689
KHUTZE RIVER,Coho,523,Northern Coastal Streams,Central Coast,1021.0,3542,53.08524368,-128.4121689
KHUTZE RIVER,Chinook,515,North & Central Coast-Early,Central Coast,1021.0,1970,53.08524368,-128.4121689
KHUTZE RIVER,Chum,508,Douglas-Gardner,Central Coast,1021.0,1170,53.08524368,-128.4121689
KHUTZE RIVER,Pink (odd),612,Hecate Strait-Fjords (odd),Central Coast,1021.0,5618,53.08524368,-128.4121689
KHUTZE RIVER,Pink (even),609,Hecate Strait-Fjords (even),Central Coast,1021.0,4616,53.08524368,-128.4121689
KIHESS CREEK,Pink (odd),612,Hecate Strait-Fjords (odd),Central Coast,1084.0,5718,53.66103971,-129.1949
KIHESS CREEK,Chum,508,Douglas-Gardner,Central Coast,1084.0,1315,53.66103971,-129.1949
KIHESS CREEK,Pink (even),609,Hecate Strait-Fjords (even),Central Coast,1084.0,4717,53.66103971,-129.1949
KIHESS CREEK,Coho,522,Douglas Channel-Kitimat Arm,Central Coast,1084.0,3690,53.66103971,-129.1949
KILBELLA RIVER,Chinook,510,Rivers Inlet,Central Coast,947.0,1989,51.71917601,-127.3479482
KILBELLA RIVER,Coho,517,Rivers Inlet,Central Coast,947.0,3590,51.71917601,-127.3479482
KILBELLA RIVER,Pink (odd),610,Homathko-Klinaklini-Smith-Rivers-Bella Coola-Dean (odd),Central Coast,947.0,5637,51.71917601,-127.3479482
KILBELLA RIVER,Chum,501,Rivers Inlet,Central Coast,947.0,1210,51.71917601,-127.3479482
KILBELLA RIVER,Pink (even),609,Hecate Strait-Fjords (even),Central Coast,947.0,4637,51.71917601,-127.3479482
KILDALA RIVER,Coho,523,Northern Coastal Streams,Central Coast,1044.0,3445,53.82198259,-128.4914246
KILDALA RIVER,Chinook,515,North & Central Coast-Early,Central Coast,1044.0,1927,53.82198259,-128.4914246
KILDALA RIVER,River sockeye,614,Northern Coastal Fjords (river-type),Central Coast,1044.0,6576,53.82198259,-128.4914246
KILDALA RIVER,Pink (odd),612,Hecate Strait-Fjords (odd),Central Coast,1044.0,5540,53.82198259,-128.4914246
KILDALA RIVER,Pink (even),609,Hecate Strait-Fjords (even),Central Coast,1044.0,4536,53.82198259,-128.4914246
KILDALA RIVER,Chum,508,Douglas-Gardner,Central Coast,1044.0,1080,53.82198259,-128.4914246
KILDIDT CREEK,Pink (odd),611,Hecate Strait-Lowlands (odd),Central Coast,1787.0,5053,51.87576632,-128.1082934
KILDIDT CREEK,Lake sockeye,569,Kildidt Creek,Central Coast,1787.0,6090,51.87576632,-128.1082934
KILDIDT CREEK,Chum,503,Spiller-Fitz-Hugh-Burke,Central Coast,1787.0,547,51.87576632,-128.1082934
KILDIDT CREEK,Coho,520,Hecate Strait Mainland,Central Coast,1787.0,2651,51.87576632,-128.1082934
KILDIDT LAGOON CREEK #2,Pink (odd),611,Hecate Strait-Lowlands (odd),Central Coast,1788.0,5054,51.94563092,-128.0202237
KILDIDT LAGOON CREEK #2,Chum,503,Spiller-Fitz-Hugh-Burke,Central Coast,1788.0,548,51.94563092,-128.0202237
KILDIDT LAGOON CREEK #2,Lake sockeye,570,Kildidt Lagoon Creek,Central Coast,1788.0,6091,51.94563092,-128.0202237
KILDIDT LAGOON CREEK #2,Pink (even),608,Hecate Lowlands (even),Central Coast,1788.0,4163,51.94563092,-128.0202237
KILDIDT LAGOON CREEK #2,Coho,520,Hecate Strait Mainland,Central Coast,1788.0,2652,51.94563092,-128.0202237
KILL CREEK,Pink (even),608,Hecate Lowlands (even),Central Coast,,10625,52.42516667,-128.0929167
KILL CREEK,Pink (odd),611,Hecate Strait-Lowlands (odd),Central Coast,,10624,52.42516667,-128.0929167
KILL CREEK,Chum,503,Spiller-Fitz-Hugh-Burke,Central Coast,,10623,52.42516667,-128.0929167
KILTUISH RIVER,Chinook,515,North & Central Coast-Early,Central Coast,1030.0,1920,53.32185974,-128.4666393
KILTUISH RIVER,Pink (even),609,Hecate Strait-Fjords (even),Central Coast,1030.0,4522,53.32185974,-128.4666393
KILTUISH RIVER,River sockeye,614,Northern Coastal Fjords (river-type),Central Coast,1030.0,6567,53.32185974,-128.4666393
KILTUISH RIVER,Pink (odd),612,Hecate Strait-Fjords (odd),Central Coast,1030.0,5526,53.32185974,-128.4666393
KILTUISH RIVER,Chum,508,Douglas-Gardner,Central Coast,1030.0,1066,53.32185974,-128.4666393
KILTUISH RIVER,Coho,523,Northern Coastal Streams,Central Coast,1030.0,3431,53.32185974,-128.4666393
KIMSQUIT RIVER,Chum,504,Bella Coola-Dean Rivers,Central Coast,977.0,1237,52.88314463,-127.0774113
KIMSQUIT RIVER,Lake sockeye,536,Kimsquit,Central Coast,977.0,6647,52.88314463,-127.0774113
KIMSQUIT RIVER,Chinook,515,North & Central Coast-Early,Central Coast,977.0,2000,52.88314463,-127.0774113
KIMSQUIT RIVER,Pink (odd),612,Hecate Strait-Fjords (odd),Central Coast,977.0,5664,52.88314463,-127.0774113
KIMSQUIT RIVER,Pink (even),609,Hecate Strait-Fjords (even),Central Coast,977.0,4664,52.88314463,-127.0774113
KIMSQUIT RIVER,Coho,523,Northern Coastal Streams,Central Coast,977.0,3613,52.88314463,-127.0774113
KINGCOME RIVER,Pink (odd),610,Homathko-Klinaklini-Smith-Rivers-Bella Coola-Dean (odd),Central Coast,872.0,5604,50.9273143,-126.1874299
KINGKOWN INLET CREEKS,Chum,506,Hecate Lowlands,Central Coast,1944.0,672,53.51032687,-130.298825
KINGKOWN INLET CREEKS,Pink (even),608,Hecate Lowlands (even),Central Coast,1944.0,4291,53.51032687,-130.298825
KINGKOWN INLET CREEKS,Pink (odd),611,Hecate Strait-Lowlands (odd),Central Coast,1944.0,5176,53.51032687,-130.298825
KINGKOWN INLET CREEKS,Lake sockeye,543,Bonilla,Central Coast,1944.0,6176,53.51032687,-130.298825
KINGKOWN INLET CREEKS,Coho,520,Hecate Strait Mainland,Central Coast,1944.0,2773,53.51032687,-130.298825
KISAMEET RIVER,Lake sockeye,571,Kisameet,Central Coast,1793.0,6094,51.96670781,-127.878263
KISAMEET RIVER,Pink (even),608,Hecate Lowlands (even),Central Coast,1793.0,4168,51.96670781,-127.878263
KISAMEET RIVER,Coho,520,Hecate Strait Mainland,Central Coast,1793.0,2656,51.96670781,-127.878263
KISAMEET RIVER,Pink (odd),611,Hecate Strait-Lowlands (odd),Central Coast,1793.0,5058,51.96670781,-127.878263
KISAMEET RIVER,Chum,503,Spiller-Fitz-Hugh-Burke,Central Coast,1793.0,553,51.96670781,-127.878263
KISKOSH CREEK,River sockeye,614,Northern Coastal Fjords (river-type),Central Coast,1087.0,6696,53.57668235,-129.3492324
KISKOSH CREEK,Coho,523,Northern Coastal Streams,Central Coast,1087.0,3693,53.57668235,-129.3492324
KISKOSH CREEK,Pink (even),608,Hecate Lowlands (even),Central Coast,1087.0,4720,53.57668235,-129.3492324
KISKOSH CREEK,Pink (odd),611,Hecate Strait-Lowlands (odd),Central Coast,1087.0,5721,53.57668235,-129.3492324
KISKOSH CREEK,Chinook,514,North & Central Coast-Late,Central Coast,1087.0,2031,53.57668235,-129.3492324
KISKOSH CREEK,Chum,506,Hecate Lowlands,Central Coast,1087.0,1318,53.57668235,-129.3492324
KITASOO CREEK,Pink (even),608,Hecate Lowlands (even),Central Coast,1820.0,4007,52.58795783,-128.5234237
KITASOO CREEK,Coho,520,Hecate Strait Mainland,Central Coast,1820.0,2494,52.58795783,-128.5234237
KITASOO CREEK,River sockeye,615,Northern Coastal Streams (river-type),Central Coast,1820.0,6040,52.58795783,-128.5234237
KITASOO CREEK,Pink (odd),611,Hecate Strait-Lowlands (odd),Central Coast,1820.0,4940,52.58795783,-128.5234237
KITASOO CREEK,Chum,506,Hecate Lowlands,Central Coast,1820.0,372,52.58795783,-128.5234237
KITIMAT RIVER,Pink (odd),612,Hecate Strait-Fjords (odd),Central Coast,1050.0,5543,54.01089397,-128.6622911
KITIMAT RIVER,Chum,508,Douglas-Gardner,Central Coast,1050.0,1084,54.01089397,-128.6622911
KITIMAT RIVER,Chinook,515,North & Central Coast-Early,Central Coast,1050.0,1929,54.01089397,-128.6622911
KITIMAT RIVER,River sockeye,614,Northern Coastal Fjords (river-type),Central Coast,1050.0,6578,54.01089397,-128.6622911
KITIMAT RIVER,Pink (even),609,Hecate Strait-Fjords (even),Central Coast,1050.0,4541,54.01089397,-128.6622911
KITIMAT RIVER,Coho,522,Douglas Channel-Kitimat Arm,Central Coast,1050.0,3451,54.01089397,-128.6622911
KITKATLA CREEK,Coho,520,Hecate Strait Mainland,Central Coast,1964.0,2680,53.93135589,-130.5881118
KITKIATA CREEK,Chinook,514,North & Central Coast-Late,Central Coast,1085.0,2029,53.63855286,-129.2723196
KITKIATA CREEK,Pink (even),609,Hecate Strait-Fjords (even),Central Coast,1085.0,4718,53.63855286,-129.2723196
KITKIATA CREEK,Pink (odd),612,Hecate Strait-Fjords (odd),Central Coast,1085.0,5719,53.63855286,-129.2723196
KITKIATA CREEK,Chum,508,Douglas-Gardner,Central Coast,1085.0,1316,53.63855286,-129.2723196
KITKIATA CREEK,Lake sockeye,537,Kitkiata,Central Coast,1085.0,6694,53.63855286,-129.2723196
KITKIATA CREEK,Coho,520,Hecate Strait Mainland,Central Coast,1085.0,3691,53.63855286,-129.2723196
KITLOPE RIVER,Lake sockeye,538,Kitlope,Central Coast,7990614.0,6568,53.23865871,-127.8716627
KITLOPE RIVER,Pink (odd),612,Hecate Strait-Fjords (odd),Central Coast,7990614.0,5528,53.23865871,-127.8716627
KITLOPE RIVER,Chum,508,Douglas-Gardner,Central Coast,7990614.0,1068,53.23865871,-127.8716627
KITLOPE RIVER,Chinook,514,North & Central Coast-Late,Central Coast,7990614.0,1922,53.23865871,-127.8716627
KITLOPE RIVER,Pink (even),609,Hecate Strait-Fjords (even),Central Coast,7990614.0,4524,53.23865871,-127.8716627
KITLOPE RIVER,Coho,523,Northern Coastal Streams,Central Coast,7990614.0,3433,53.23865871,-127.8716627
KLEKANE RIVER,Pink (odd),612,Hecate Strait-Fjords (odd),Central Coast,1026.0,5522,53.24637057,-128.6861102
KLEKANE RIVER,Chinook,515,North & Central Coast-Early,Central Coast,1026.0,1919,53.24637057,-128.6861102
KLEKANE RIVER,Coho,523,Northern Coastal Streams,Central Coast,1026.0,3427,53.24637057,-128.6861102
KLEKANE RIVER,River sockeye,614,Northern Coastal Fjords (river-type),Central Coast,1026.0,6564,53.24637057,-128.6861102
KLEKANE RIVER,Chum,508,Douglas-Gardner,Central Coast,1026.0,1062,53.24637057,-128.6861102
KLEKANE RIVER,Pink (even),609,Hecate Strait-Fjords (even),Central Coast,1026.0,4518,53.24637057,-128.6861102
KLEMTU CREEK,Pink (odd),611,Hecate Strait-Lowlands (odd),Central Coast,2030.0,5219,52.59175905,-128.5251386
KLEMTU CREEK,Pink (even),608,Hecate Lowlands (even),Central Coast,2030.0,10327,52.59175905,-128.5251386
KLEMTU CREEK,Coho,520,Hecate Strait Mainland,Central Coast,2030.0,10319,52.59175905,-128.5251386
KLEMTU CREEK,Chum,506,Hecate Lowlands,Central Coast,2030.0,719,52.59175905,-128.5251386
KLEWNUGGIT INLET CREEK,Coho,520,Hecate Strait Mainland,Central Coast,1093.0,3699,53.66919894,-129.7127569
KLEWNUGGIT INLET CREEK,Pink (odd),611,Hecate Strait-Lowlands (odd),Central Coast,1093.0,5726,53.66919894,-129.7127569
KLEWNUGGIT INLET CREEK,Pink (even),608,Hecate Lowlands (even),Central Coast,1093.0,4725,53.66919894,-129.7127569
KLEWNUGGIT INLET CREEK,Chum,506,Hecate Lowlands,Central Coast,1093.0,1323,53.66919894,-129.7127569
KLEWNUGGIT INLET CREEK,Lake sockeye,559,Freeda,Central Coast,1093.0,6701,53.66919894,-129.7127569
KLINAKLINI RIVER,Pink (odd),610,Homathko-Klinaklini-Smith-Rivers-Bella Coola-Dean (odd),Central Coast,850.0,5583,51.09645917,-125.6235813
KLOIYA RIVER,Steelhead,680,North Coast Winter,Central Coast,,9785,54.24152072,-130.1527862
KOEYE RIVER,Lake sockeye,572,Koeye,Central Coast,957.0,6636,51.77628466,-127.8761773
KOEYE RIVER,Pink (odd),611,Hecate Strait-Lowlands (odd),Central Coast,957.0,5646,51.77628466,-127.8761773
KOEYE RIVER,Pink (even),608,Hecate Lowlands (even),Central Coast,957.0,4645,51.77628466,-127.8761773
KOEYE RIVER,Chinook,514,North & Central Coast-Late,Central Coast,957.0,1993,51.77628466,-127.8761773
KOEYE RIVER,Coho,520,Hecate Strait Mainland,Central Coast,957.0,3599,51.77628466,-127.8761773
KOEYE RIVER,Chum,503,Spiller-Fitz-Hugh-Burke,Central Coast,957.0,1218,51.77628466,-127.8761773
KOORYET CREEK,Lake sockeye,573,Kooryet,Central Coast,1936.0,6168,53.34185008,-129.8835326
KOORYET CREEK,Pink (even),608,Hecate Lowlands (even),Central Coast,1936.0,4285,53.34185008,-129.8835326
KOORYET CREEK,Pink (odd),611,Hecate Strait-Lowlands (odd),Central Coast,1936.0,5170,53.34185008,-129.8835326
KOORYET CREEK,Chum,506,Hecate Lowlands,Central Coast,1936.0,665,53.34185008,-129.8835326
KOORYET CREEK,Coho,520,Hecate Strait Mainland,Central Coast,1936.0,2766,53.34185008,-129.8835326
KORICH CREEK,Pink (even),609,Hecate Strait-Fjords (even),Central Coast,1013.0,4697,52.83210156,-128.1232435
KORICH CREEK,Chum,507,Mussel-Kynoch,Central Coast,1013.0,1273,52.83210156,-128.1232435
KORICH CREEK,Pink (odd),612,Hecate Strait-Fjords (odd),Central Coast,1013.0,5699,52.83210156,-128.1232435
KORICH CREEK,Coho,519,Mussel-Kynoch,Central Coast,1013.0,3647,52.83210156,-128.1232435
KOWESAS RIVER,Chum,508,Douglas-Gardner,Central Coast,1031.0,1067,53.33685277,-128.123081
KOWESAS RIVER,Coho,523,Northern Coastal Streams,Central Coast,1031.0,3432,53.33685277,-128.123081
KOWESAS RIVER,Pink (odd),612,Hecate Strait-Fjords (odd),Central Coast,1031.0,5527,53.33685277,-128.123081
KOWESAS RIVER,Pink (even),609,Hecate Strait-Fjords (even),Central Coast,1031.0,4523,53.33685277,-128.123081
KOWESAS RIVER,Chinook,515,North & Central Coast-Early,Central Coast,1031.0,1921,53.33685277,-128.123081
KUMEALON CREEK,Coho,520,Hecate Strait Mainland,Central Coast,1097.0,3701,53.87808273,-129.9673568
KUMEALON CREEK,River sockeye,614,Northern Coastal Fjords (river-type),Central Coast,1097.0,6702,53.87808273,-129.9673568
KUMEALON CREEK,Pink (even),608,Hecate Lowlands (even),Central Coast,1097.0,4728,53.87808273,-129.9673568
KUMEALON CREEK,Chum,506,Hecate Lowlands,Central Coast,1097.0,1327,53.87808273,-129.9673568
KUMEALON CREEK,Chinook,514,North & Central Coast-Late,Central Coast,1097.0,2032,53.87808273,-129.9673568
KUMEALON CREEK,Pink (odd),611,Hecate Strait-Lowlands (odd),Central Coast,1097.0,5729,53.87808273,-129.9673568
KUMOWDAH RIVER,Coho,520,Hecate Strait Mainland,Central Coast,1092.0,3698,53.55987522,-129.5632684
KUMOWDAH RIVER,Lake sockeye,578,Lowe/Simpson/Weir,Central Coast,1092.0,6700,53.55987522,-129.5632684
KUNSOOT RIVER,Coho,520,Hecate Strait Mainland,Central Coast,1801.0,2663,52.14752969,-128.0032743
KUNSOOT RIVER,Chum,503,Spiller-Fitz-Hugh-Burke,Central Coast,1801.0,561,52.14752969,-128.0032743
KUNSOOT RIVER,Lake sockeye,574,Kunsoot River,Central Coast,1801.0,6098,52.14752969,-128.0032743
KUNSOOT RIVER,Pink (odd),611,Hecate Strait-Lowlands (odd),Central Coast,1801.0,5066,52.14752969,-128.0032743
KUNSOOT RIVER,Pink (even),608,Hecate Lowlands (even),Central Coast,1801.0,4176,52.14752969,-128.0032743
KWAKIUTL CREEK,Chum,503,Spiller-Fitz-Hugh-Burke,Central Coast,1808.0,568,52.1721101,-128.1439698
KWAKIUTL CREEK,Pink (even),608,Hecate Lowlands (even),Central Coast,1808.0,4183,52.1721101,-128.1439698
KWAKIUTL CREEK,Pink (odd),611,Hecate Strait-Lowlands (odd),Central Coast,1808.0,5072,52.1721101,-128.1439698
KWAKIUTL CREEK,Coho,520,Hecate Strait Mainland,Central Coast,1808.0,2670,52.1721101,-128.1439698
KWAKUSDIS RIVER,Lake sockeye,607,Yeo,Central Coast,1813.0,6075,52.301115,-128.1188097
KWAKUSDIS RIVER,Coho,520,Hecate Strait Mainland,Central Coast,1813.0,2592,52.301115,-128.1188097
KWAKUSDIS RIVER,Pink (even),608,Hecate Lowlands (even),Central Coast,1813.0,4101,52.301115,-128.1188097
KWAKUSDIS RIVER,Pink (odd),611,Hecate Strait-Lowlands (odd),Central Coast,1813.0,5000,52.301115,-128.1188097
KWAKUSDIS RIVER,Chum,503,Spiller-Fitz-Hugh-Burke,Central Coast,1813.0,484,52.301115,-128.1188097
KWAKWA CREEK,Coho,520,Hecate Strait Mainland,Central Coast,1823.0,2497,52.55726067,-128.6516429
KWAKWA CREEK,Lake sockeye,575,Kwakwa Creek,Central Coast,1823.0,6043,52.55726067,-128.6516429
KWAKWA CREEK,Chum,506,Hecate Lowlands,Central Coast,1823.0,375,52.55726067,-128.6516429
KWAKWA CREEK,Pink (odd),611,Hecate Strait-Lowlands (odd),Central Coast,1823.0,4943,52.55726067,-128.6516429
KWAKWA CREEK,Pink (even),608,Hecate Lowlands (even),Central Coast,1823.0,4010,52.55726067,-128.6516429
KWATNA RIVER,Pink (even),609,Hecate Strait-Fjords (even),Central Coast,962.0,4650,52.11187605,-127.3861193
KWATNA RIVER,Chinook,515,North & Central Coast-Early,Central Coast,962.0,1994,52.11187605,-127.3861193
KWATNA RIVER,Coho,523,Northern Coastal Streams,Central Coast,962.0,3603,52.11187605,-127.3861193
KWATNA RIVER,River sockeye,614,Northern Coastal Fjords (river-type),Central Coast,962.0,6639,52.11187605,-127.3861193
KWATNA RIVER,Chum,503,Spiller-Fitz-Hugh-Burke,Central Coast,962.0,1223,52.11187605,-127.3861193
KWATNA RIVER,Pink (odd),612,Hecate Strait-Fjords (odd),Central Coast,962.0,5651,52.11187605,-127.3861193
KXNGEAL CREEK,Pink (odd),611,Hecate Strait-Lowlands (odd),Central Coast,1094.0,5727,53.75616115,-129.8186562
KXNGEAL CREEK,Pink (even),608,Hecate Lowlands (even),Central Coast,1094.0,4726,53.75616115,-129.8186562
KXNGEAL CREEK,Chum,506,Hecate Lowlands,Central Coast,1094.0,1324,53.75616115,-129.8186562
LADEKIN CREEK,Chum,506,Hecate Lowlands,Central Coast,429.0,876,53.19766751,-129.0619907
LADEKIN CREEK,Pink (odd),611,Hecate Strait-Lowlands (odd),Central Coast,429.0,5389,53.19766751,-129.0619907
LADEKIN CREEK,Pink (even),608,Hecate Lowlands (even),Central Coast,429.0,4417,53.19766751,-129.0619907
LADEKIN CREEK,Coho,520,Hecate Strait Mainland,Central Coast,429.0,3196,53.19766751,-129.0619907
LAGOON CREEK,Coho,520,Hecate Strait Mainland,Central Coast,1829.0,2500,52.60264145,-128.4415791
LAGOON CREEK,Lake sockeye,588,Roderick,Central Coast,1829.0,6044,52.60264145,-128.4415791
LAGOON CREEK,Coho,520,Hecate Strait Mainland,Central Coast,1911.0,2741,53.37388204,-129.4283421
LAGOON CREEK,Pink (even),608,Hecate Lowlands (even),Central Coast,1829.0,4014,52.60264145,-128.4415791
LAGOON CREEK,Pink (odd),611,Hecate Strait-Lowlands (odd),Central Coast,1911.0,5145,53.37388204,-129.4283421
LAGOON CREEK,Pink (even),608,Hecate Lowlands (even),Central Coast,1911.0,4260,53.37388204,-129.4283421
LAGOON CREEK,Pink (odd),611,Hecate Strait-Lowlands (odd),Central Coast,1829.0,4947,52.60264145,-128.4415791
LAGOON CREEK,Chum,506,Hecate Lowlands,Central Coast,1911.0,640,53.37388204,-129.4283421
LAGOON CREEK,Chum,506,Hecate Lowlands,Central Coast,1829.0,381,52.60264145,-128.4415791
LARD CREEK,Pink (odd),612,Hecate Strait-Fjords (odd),Central Coast,1009.0,5695,52.73538354,-127.8255864
LARD CREEK,Coho,519,Mussel-Kynoch,Central Coast,1009.0,3643,52.73538354,-127.8255864
LARD CREEK,River sockeye,614,Northern Coastal Fjords (river-type),Central Coast,1009.0,6666,52.73538354,-127.8255864
LARD CREEK,Pink (even),609,Hecate Strait-Fjords (even),Central Coast,1009.0,4693,52.73538354,-127.8255864
LARD CREEK,Chum,507,Mussel-Kynoch,Central Coast,1009.0,1269,52.73538354,-127.8255864
LEDGE CREEK,Chum,506,Hecate Lowlands,Central Coast,1898.0,627,53.10329652,-129.2700852
LEDGE CREEK,Pink (even),608,Hecate Lowlands (even),Central Coast,1898.0,4247,53.10329652,-129.2700852
LEDGE CREEK,Pink (odd),611,Hecate Strait-Lowlands (odd),Central Coast,1898.0,5132,53.10329652,-129.2700852
LEE CREEK,Coho,523,Northern Coastal Streams,Central Coast,992.0,3627,52.51295052,-127.8320287
LEE CREEK,Pink (odd),612,Hecate Strait-Fjords (odd),Central Coast,992.0,5679,52.51295052,-127.8320287
LEE CREEK,Chum,503,Spiller-Fitz-Hugh-Burke,Central Coast,992.0,1252,52.51295052,-127.8320287
LEE CREEK,Pink (even),609,Hecate Strait-Fjords (even),Central Coast,992.0,4678,52.51295052,-127.8320287
LEWIS CREEK,Lake sockeye,576,Lewis Creek,Central Coast,1940.0,6172,53.33837213,-130.117174
LEWIS CREEK,Coho,520,Hecate Strait Mainland,Central Coast,1940.0,2770,53.33837213,-130.117174
LEWIS CREEK,Pink (odd),611,Hecate Strait-Lowlands (odd),Central Coast,1940.0,5173,53.33837213,-130.117174
LEWIS CREEK,Pink (even),608,Hecate Lowlands (even),Central Coast,1940.0,4288,53.33837213,-130.117174
LEWIS CREEK,Chum,506,Hecate Lowlands,Central Coast,1940.0,669,53.33837213,-130.117174
LILIAN CREEK,Coho,520,Hecate Strait Mainland,Central Coast,1805.0,2667,52.21052531,-128.073346
LILIAN CREEK,Pink (even),608,Hecate Lowlands (even),Central Coast,1805.0,4180,52.21052531,-128.073346
LILIAN CREEK,Chum,503,Spiller-Fitz-Hugh-Burke,Central Coast,1805.0,565,52.21052531,-128.073346
LIMESTONE CREEK,Pink (even),608,Hecate Lowlands (even),Central Coast,1874.0,4224,52.69269128,-129.0614199
LIMESTONE CREEK,Chum,506,Hecate Lowlands,Central Coast,1874.0,604,52.69269128,-129.0614199
LIMESTONE CREEK,Lake sockeye,577,Limestone Creek,Central Coast,1874.0,6128,52.69269128,-129.0614199
LIMESTONE CREEK,Pink (odd),611,Hecate Strait-Lowlands (odd),Central Coast,1874.0,5110,52.69269128,-129.0614199
LIMESTONE CREEK,Coho,520,Hecate Strait Mainland,Central Coast,1874.0,2708,52.69269128,-129.0614199
LIMESTONE CREEK,Chinook,515,North & Central Coast-Early,Central Coast,1874.0,1575,52.69269128,-129.0614199
LINNEA CREEK,Pink (even),608,Hecate Lowlands (even),Central Coast,1877.0,4227,52.4985573,-128.9976903
LINNEA CREEK,Pink (odd),611,Hecate Strait-Lowlands (odd),Central Coast,1877.0,5113,52.4985573,-128.9976903
LINNEA CREEK,Coho,520,Hecate Strait Mainland,Central Coast,1877.0,2711,52.4985573,-128.9976903
LINNEA CREEK,Chum,506,Hecate Lowlands,Central Coast,1877.0,607,52.4985573,-128.9976903
LITTLE CREEK,Coho,520,Hecate Strait Mainland,Central Coast,1840.0,2594,52.68909378,-128.5823154
LITTLE CREEK,Pink (even),608,Hecate Lowlands (even),Central Coast,1840.0,4102,52.68909378,-128.5823154
LITTLE CREEK,Chum,506,Hecate Lowlands,Central Coast,1840.0,486,52.68909378,-128.5823154
LITTLE CREEK,River sockeye,615,Northern Coastal Streams (river-type),Central Coast,1840.0,6076,52.68909378,-128.5823154
LITTLE CREEK,Chinook,514,North & Central Coast-Late,Central Coast,1840.0,1559,52.68909378,-128.5823154
LITTLE CREEK,Pink (odd),611,Hecate Strait-Lowlands (odd),Central Coast,1840.0,5002,52.68909378,-128.5823154
LITTLE KETTLE CREEK,Coho,520,Hecate Strait Mainland,Central Coast,1885.0,2719,52.66704695,-129.202411
LITTLE KETTLE CREEK,Chum,506,Hecate Lowlands,Central Coast,1885.0,615,52.66704695,-129.202411
LITTLE KETTLE CREEK,Pink (even),608,Hecate Lowlands (even),Central Coast,1885.0,4235,52.66704695,-129.202411
LITTLE KETTLE CREEK,Pink (odd),611,Hecate Strait-Lowlands (odd),Central Coast,1885.0,5121,52.66704695,-129.202411
LITTLE TILLHORN CREEK,Pink (odd),612,Hecate Strait-Fjords (odd),Central Coast,1909.0,5143,53.55174446,-129.1683157
LITTLE TILLHORN CREEK,Chum,508,Douglas-Gardner,Central Coast,1909.0,638,53.55174446,-129.1683157
LITTLE TILLHORN CREEK,Pink (even),609,Hecate Strait-Fjords (even),Central Coast,1909.0,4258,53.55174446,-129.1683157
LITTLE TILLHORN CREEK,River sockeye,614,Northern Coastal Fjords (river-type),Central Coast,1909.0,10346,53.55174446,-129.1683157
LITTLE WEDEENE RIVER,Chum,508,Douglas-Gardner,Central Coast,1057.0,1088,54.12176551,-128.6185875
LITTLE WEDEENE RIVER,Coho,522,Douglas Channel-Kitimat Arm,Central Coast,1057.0,3458,54.12176551,-128.6185875
LITTLE WEDEENE RIVER,Pink (even),609,Hecate Strait-Fjords (even),Central Coast,1057.0,4543,54.12176551,-128.6185875
LITTLE WEDEENE RIVER,River sockeye,614,Northern Coastal Fjords (river-type),Central Coast,1057.0,6580,54.12176551,-128.6185875
LITTLE WEDEENE RIVER,Pink (odd),612,Hecate Strait-Fjords (odd),Central Coast,1057.0,5545,54.12176551,-128.6185875
LITTLE WEDEENE RIVER,Chinook,515,North & Central Coast-Early,Central Coast,1057.0,1931,54.12176551,-128.6185875
LOCKHART GORDON CREEK,Chum,500,Smith Inlet,Central Coast,929.0,991,51.4080484,-127.2520499
LOCKHART GORDON CREEK,Pink (even),609,Hecate Strait-Fjords (even),Central Coast,929.0,4500,51.4080484,-127.2520499
LOCKHART GORDON CREEK,Pink (odd),610,Homathko-Klinaklini-Smith-Rivers-Bella Coola-Dean (odd),Central Coast,929.0,5491,51.4080484,-127.2520499
LOCKHART GORDON CREEK,Coho,517,Rivers Inlet,Central Coast,929.0,3359,51.4080484,-127.2520499
LOCKHART GORDON CREEK,River sockeye,613,Rivers-Smith Inlets (river-type),Central Coast,929.0,6549,51.4080484,-127.2520499
LONE WOLF CREEK,Coho,522,Douglas Channel-Kitimat Arm,Central Coast,1064.0,3463,54.22638255,-128.6776218
LONE WOLF CREEK,Chum,508,Douglas-Gardner,Central Coast,1064.0,1091,54.22638255,-128.6776218
MACHMELL RIVER,Coho,517,Rivers Inlet,Central Coast,940.0,3583,51.65442207,-126.6995611
MACHMELL RIVER,Lake sockeye,525,Owikeno,Central Coast,940.0,6625,51.65442207,-126.6995611
MACHMELL RIVER,Chum,501,Rivers Inlet,Central Coast,940.0,1206,51.65442207,-126.6995611
MACKENZIE RIVER,Pink (odd),610,Homathko-Klinaklini-Smith-Rivers-Bella Coola-Dean (odd),Central Coast,876.0,5607,50.93399663,-126.6354684
MACNAIR CREEK,Pink (even),608,Hecate Lowlands (even),Central Coast,953.0,4643,51.71238553,-127.5614832
MACNAIR CREEK,Chinook,514,North & Central Coast-Late,Central Coast,953.0,1992,51.71238553,-127.5614832
MACNAIR CREEK,Pink (odd),611,Hecate Strait-Lowlands (odd),Central Coast,953.0,5643,51.71238553,-127.5614832
MACNAIR CREEK,Chum,501,Rivers Inlet,Central Coast,953.0,1216,51.71238553,-127.5614832
MACNAIR CREEK,Coho,517,Rivers Inlet,Central Coast,953.0,3596,51.71238553,-127.5614832
MARGARET CREEK,Coho,516,Smith Inlet,Central Coast,920.0,3353,51.33407119,-127.4891241
MARION CREEK,Pink (odd),610,Homathko-Klinaklini-Smith-Rivers-Bella Coola-Dean (odd),Central Coast,885.0,5614,50.99703636,-127.0497604
MARKLE INLET CREEK,River sockeye,614,Northern Coastal Fjords (river-type),Central Coast,1928.0,5802,53.60845069,-129.9046269
MARKLE INLET CREEK,Pink (odd),611,Hecate Strait-Lowlands (odd),Central Coast,1928.0,5162,53.60845069,-129.9046269
MARKLE INLET CREEK,Chum,506,Hecate Lowlands,Central Coast,1928.0,657,53.60845069,-129.9046269
MARKLE INLET CREEK,Coho,520,Hecate Strait Mainland,Central Coast,1928.0,2758,53.60845069,-129.9046269
MARKLE INLET CREEK,Pink (even),608,Hecate Lowlands (even),Central Coast,1928.0,4277,53.60845069,-129.9046269
MARMOT COVE CREEK,Pink (even),609,Hecate Strait-Fjords (even),Central Coast,1024.0,4516,53.17225113,-128.6292821
MARMOT COVE CREEK,Chum,508,Douglas-Gardner,Central Coast,1024.0,1060,53.17225113,-128.6292821
MARMOT COVE CREEK,Pink (odd),612,Hecate Strait-Fjords (odd),Central Coast,1024.0,5520,53.17225113,-128.6292821
MARMOT COVE CREEK,Coho,523,Northern Coastal Streams,Central Coast,1024.0,3425,53.17225113,-128.6292821
MARSHALL CREEK,Pink (odd),612,Hecate Strait-Fjords (odd),Central Coast,1020.0,5617,53.08701791,-128.5104324
MARSHALL CREEK,Pink (even),609,Hecate Strait-Fjords (even),Central Coast,1020.0,4615,53.08701791,-128.5104324
MARSHALL CREEK,Coho,523,Northern Coastal Streams,Central Coast,1020.0,3541,53.08701791,-128.5104324
MARSHALL CREEK,Chum,508,Douglas-Gardner,Central Coast,1020.0,1169,53.08701791,-128.5104324
MARTIN RIVER,Pink (even),609,Hecate Strait-Fjords (even),Central Coast,986.0,4673,52.36037071,-127.7227714
MARTIN RIVER,River sockeye,614,Northern Coastal Fjords (river-type),Central Coast,986.0,6654,52.36037071,-127.7227714
MARTIN RIVER,Chum,503,Spiller-Fitz-Hugh-Burke,Central Coast,986.0,1246,52.36037071,-127.7227714
MARTIN RIVER,Coho,523,Northern Coastal Streams,Central Coast,986.0,3622,52.36037071,-127.7227714
MARTIN RIVER,Pink (odd),612,Hecate Strait-Fjords (odd),Central Coast,986.0,5673,52.36037071,-127.7227714
MARTY'S CREEK,Coho,518,Bella Coola-Dean Rivers,Central Coast,2680.0,2126,52.37688456,-126.5840309
MARY COVE CREEK,Lake sockeye,579,Mary Cove Creek,Central Coast,1830.0,6045,52.6175871,-128.4349191
MARY COVE CREEK,Chum,506,Hecate Lowlands,Central Coast,1830.0,382,52.6175871,-128.4349191
MARY COVE CREEK,Pink (even),608,Hecate Lowlands (even),Central Coast,1830.0,4015,52.6175871,-128.4349191
MARY COVE CREEK,Pink (odd),611,Hecate Strait-Lowlands (odd),Central Coast,1830.0,4948,52.6175871,-128.4349191
MARY COVE CREEK,Coho,520,Hecate Strait Mainland,Central Coast,1830.0,2501,52.6175871,-128.4349191
MCDONALD CREEK,Pink (even),608,Hecate Lowlands (even),Central Coast,1884.0,4234,52.60153474,-129.1490431
MCDONALD CREEK,Lake sockeye,580,Mcdonald Creek,Central Coast,1884.0,6137,52.60153474,-129.1490431
MCDONALD CREEK,Pink (odd),611,Hecate Strait-Lowlands (odd),Central Coast,1884.0,5120,52.60153474,-129.1490431
MCDONALD CREEK,Chum,506,Hecate Lowlands,Central Coast,1884.0,614,52.60153474,-129.1490431
MCDONALD CREEK,Coho,520,Hecate Strait Mainland,Central Coast,1884.0,2718,52.60153474,-129.1490431
MCKAY CREEK,Coho,522,Douglas Channel-Kitimat Arm,Central Coast,1073.0,10320,54.24106279,-128.4507389
MCKAY CREEK,Pink (even),609,Hecate Strait-Fjords (even),Central Coast,1073.0,10329,54.24106279,-128.4507389
MCKAY CREEK,Pink (odd),612,Hecate Strait-Fjords (odd),Central Coast,1073.0,10334,54.24106279,-128.4507389
MCKAY CREEK,Chum,508,Douglas-Gardner,Central Coast,1073.0,1307,54.24106279,-128.4507389
MCKAY CREEK,Chinook,515,North & Central Coast-Early,Central Coast,1073.0,2022,54.24106279,-128.4507389
MCLELLAN CREEK,Coho,518,Bella Coola-Dean Rivers,Central Coast,2681.0,10323,52.38783,-126.619731
MCLOUGHLIN CREEK,Chum,503,Spiller-Fitz-Hugh-Burke,Central Coast,1809.0,480,52.13704037,-128.1469215
MCLOUGHLIN CREEK,Pink (even),608,Hecate Lowlands (even),Central Coast,1809.0,4098,52.13704037,-128.1469215
MCLOUGHLIN CREEK,Coho,520,Hecate Strait Mainland,Central Coast,1809.0,2588,52.13704037,-128.1469215
MCLOUGHLIN CREEK,Lake sockeye,581,Mcloughlin,Central Coast,1809.0,6071,52.13704037,-128.1469215
MCLOUGHLIN CREEK,Pink (odd),611,Hecate Strait-Lowlands (odd),Central Coast,1809.0,4998,52.13704037,-128.1469215
MCMICKING CREEK,Coho,520,Hecate Strait Mainland,Central Coast,1895.0,2728,53.08229367,-129.459196
MCMICKING CREEK,Chum,506,Hecate Lowlands,Central Coast,1895.0,625,53.08229367,-129.459196
MCMICKING CREEK,Pink (even),608,Hecate Lowlands (even),Central Coast,1895.0,4245,53.08229367,-129.459196
MCMICKING CREEK,Pink (odd),611,Hecate Strait-Lowlands (odd),Central Coast,1895.0,5130,53.08229367,-129.459196
MCMICKING CREEK,River sockeye,614,Northern Coastal Fjords (river-type),Central Coast,1895.0,6145,53.08229367,-129.459196
MCNEILL CREEK,Coho,522,Douglas Channel-Kitimat Arm,Central Coast,1070.0,3680,54.2178658,-128.5402325
MEYERS PASS CREEK,Chum,506,Hecate Lowlands,Central Coast,1824.0,376,52.59852404,-128.5862343
MEYERS PASS CREEK,Pink (odd),611,Hecate Strait-Lowlands (odd),Central Coast,1824.0,4944,52.59852404,-128.5862343
MEYERS PASS CREEK,Pink (even),608,Hecate Lowlands (even),Central Coast,1824.0,4011,52.59852404,-128.5862343
MEYERS PASS CREEK,Coho,520,Hecate Strait Mainland,Central Coast,1824.0,2498,52.59852404,-128.5862343
MIKADO LAKE CREEK,Pink (even),608,Hecate Lowlands (even),Central Coast,1923.0,4272,53.43160234,-129.826526
MIKADO LAKE CREEK,Chum,506,Hecate Lowlands,Central Coast,1923.0,652,53.43160234,-129.826526
MIKADO LAKE CREEK,Coho,520,Hecate Strait Mainland,Central Coast,1923.0,2753,53.43160234,-129.826526
MIKADO LAKE CREEK,Lake sockeye,582,Mikado,Central Coast,1923.0,6159,53.43160234,-129.826526
MIKADO LAKE CREEK,Pink (odd),611,Hecate Strait-Lowlands (odd),Central Coast,1923.0,5157,53.43160234,-129.826526
MILTON RIVER,Chum,501,Rivers Inlet,Central Coast,952.0,1215,51.78583897,-127.4472242
MILTON RIVER,River sockeye,613,Rivers-Smith Inlets (river-type),Central Coast,952.0,6633,51.78583897,-127.4472242
MILTON RIVER,Pink (odd),610,Homathko-Klinaklini-Smith-Rivers-Bella Coola-Dean (odd),Central Coast,952.0,5642,51.78583897,-127.4472242
MILTON RIVER,Pink (even),609,Hecate Strait-Fjords (even),Central Coast,952.0,4642,51.78583897,-127.4472242
MILTON RIVER,Coho,517,Rivers Inlet,Central Coast,952.0,3595,51.78583897,-127.4472242
MINETTE BAY CREEK,Pink (even),609,Hecate Strait-Fjords (even),Central Coast,1047.0,4539,54.02673119,-128.6089474
MINETTE BAY CREEK,Coho,522,Douglas Channel-Kitimat Arm,Central Coast,1047.0,3448,54.02673119,-128.6089474
MISSED CREEK,Chum,506,Hecate Lowlands,Central Coast,1088.0,1319,53.5036845,-129.2814572
MISSED CREEK,Coho,523,Northern Coastal Streams,Central Coast,1088.0,3694,53.5036845,-129.2814572
MISSED CREEK,River sockeye,614,Northern Coastal Fjords (river-type),Central Coast,1088.0,6697,53.5036845,-129.2814572
MISSED CREEK,Pink (even),608,Hecate Lowlands (even),Central Coast,1088.0,4721,53.5036845,-129.2814572
MISSED CREEK,Pink (odd),611,Hecate Strait-Lowlands (odd),Central Coast,1088.0,5722,53.5036845,-129.2814572
MOLLY CREEK,Coho,518,Bella Coola-Dean Rivers,Central Coast,2273.0,2122,52.26549294,-126.0267335
MONCKTON INLET CREEK,Pink (even),608,Hecate Lowlands (even),Central Coast,1920.0,4269,53.32282554,-129.5809061
MONCKTON INLET CREEK,Lake sockeye,583,Monckton Inlet Creek,Central Coast,1920.0,6158,53.32282554,-129.5809061
MONCKTON INLET CREEK,Coho,520,Hecate Strait Mainland,Central Coast,1920.0,2750,53.32282554,-129.5809061
MONCKTON INLET CREEK,Chum,506,Hecate Lowlands,Central Coast,1920.0,649,53.32282554,-129.5809061
MONCKTON INLET CREEK,Pink (odd),611,Hecate Strait-Lowlands (odd),Central Coast,1920.0,5154,53.32282554,-129.5809061
MOORE CREEK,Coho,522,Douglas Channel-Kitimat Arm,Central Coast,1079.0,3685,54.01099652,-128.686646
MOORE CREEK,Pink (odd),612,Hecate Strait-Fjords (odd),Central Coast,1079.0,5713,54.01099652,-128.686646
MOORE LAKE,Lake sockeye,599,Tsimtack/Moore/Roger,Central Coast,2792.0,10349,53.40953,-129.501134
MOSQUITO BAY,Coho,520,Hecate Strait Mainland,Central Coast,,10627,52.39758333,-128.1674167
MOSQUITO BAY,Chum,506,Hecate Lowlands,Central Coast,,10626,52.39758333,-128.1674167
MOSQUITO BAY,Pink (even),608,Hecate Lowlands (even),Central Coast,,10629,52.39758333,-128.1674167
MOSQUITO BAY,Pink (odd),611,Hecate Strait-Lowlands (odd),Central Coast,,10628,52.39758333,-128.1674167
MUSSEL RIVER,River sockeye,614,Northern Coastal Fjords (river-type),Central Coast,1015.0,6671,52.92057632,-128.0324959
MUSSEL RIVER,Chum,507,Mussel-Kynoch,Central Coast,1015.0,1275,52.92057632,-128.0324959
MUSSEL RIVER,Pink (odd),612,Hecate Strait-Fjords (odd),Central Coast,1015.0,5701,52.92057632,-128.0324959
MUSSEL RIVER,Pink (even),609,Hecate Strait-Fjords (even),Central Coast,1015.0,4699,52.92057632,-128.0324959
MUSSEL RIVER,Chinook,514,North & Central Coast-Late,Central Coast,1015.0,2004,52.92057632,-128.0324959
MUSSEL RIVER,Coho,519,Mussel-Kynoch,Central Coast,1015.0,3649,52.92057632,-128.0324959
NALBEELAH CREEK,Pink (odd),612,Hecate Strait-Fjords (odd),Central Coast,1067.0,5547,54.14514993,-128.5883282
NALBEELAH CREEK,Pink (even),609,Hecate Strait-Fjords (even),Central Coast,1067.0,4545,54.14514993,-128.5883282
NALBEELAH CREEK,Chum,508,Douglas-Gardner,Central Coast,1067.0,1093,54.14514993,-128.5883282
NALBEELAH CREEK,Coho,522,Douglas Channel-Kitimat Arm,Central Coast,1067.0,3466,54.14514993,-128.5883282
NALBEELAH CREEK,Chinook,515,North & Central Coast-Early,Central Coast,1067.0,1934,54.14514993,-128.5883282
NAMELESS CREEK,Pink (odd),611,Hecate Strait-Lowlands (odd),Central Coast,1006.0,5692,52.42927816,-128.2200955
NAMELESS CREEK,Pink (even),608,Hecate Lowlands (even),Central Coast,1006.0,4690,52.42927816,-128.2200955
NAMELESS CREEK,River sockeye,615,Northern Coastal Streams (river-type),Central Coast,1006.0,6665,52.42927816,-128.2200955
NAMELESS CREEK,Coho,520,Hecate Strait Mainland,Central Coast,1006.0,3640,52.42927816,-128.2200955
NAMELESS CREEK,Chum,506,Hecate Lowlands,Central Coast,1006.0,1266,52.42927816,-128.2200955
NAMU RIVER,Chum,503,Spiller-Fitz-Hugh-Burke,Central Coast,959.0,1220,51.85632303,-127.8656458
NAMU RIVER,Pink (odd),611,Hecate Strait-Lowlands (odd),Central Coast,959.0,5648,51.85632303,-127.8656458
NAMU RIVER,Coho,520,Hecate Strait Mainland,Central Coast,959.0,3600,51.85632303,-127.8656458
NAMU RIVER,Pink (even),608,Hecate Lowlands (even),Central Coast,959.0,4647,51.85632303,-127.8656458
NAMU RIVER,Lake sockeye,584,Namu,Central Coast,959.0,6637,51.85632303,-127.8656458
NASCALL CREEK,River sockeye,614,Northern Coastal Fjords (river-type),Central Coast,981.0,6649,52.46020926,-127.3159147
NASCALL CREEK,Chum,504,Bella Coola-Dean Rivers,Central Coast,981.0,1241,52.46020926,-127.3159147
NASCALL CREEK,Pink (odd),612,Hecate Strait-Fjords (odd),Central Coast,981.0,5668,52.46020926,-127.3159147
NASCALL CREEK,Coho,523,Northern Coastal Streams,Central Coast,981.0,3617,52.46020926,-127.3159147
NASCALL CREEK,Pink (even),609,Hecate Strait-Fjords (even),Central Coast,981.0,4668,52.46020926,-127.3159147
NECLEETSCONNAY RIVER,Pink (odd),610,Homathko-Klinaklini-Smith-Rivers-Bella Coola-Dean (odd),Central Coast,971.0,5659,52.38928999,-126.7735915
NECLEETSCONNAY RIVER,Chum,504,Bella Coola-Dean Rivers,Central Coast,971.0,1231,52.38928999,-126.7735915
NECLEETSCONNAY RIVER,Coho,518,Bella Coola-Dean Rivers,Central Coast,971.0,3610,52.38928999,-126.7735915
NECLEETSCONNAY RIVER,Pink (even),609,Hecate Strait-Fjords (even),Central Coast,971.0,4659,52.38928999,-126.7735915
NECLEETSCONNAY RIVER,River sockeye,614,Northern Coastal Fjords (river-type),Central Coast,971.0,5792,52.38928999,-126.7735915
NEECHANZ RIVER,Pink (even),609,Hecate Strait-Fjords (even),Central Coast,941.0,4632,51.64604864,-126.6870326
NEECHANZ RIVER,Lake sockeye,525,Owikeno,Central Coast,941.0,6626,51.64604864,-126.6870326
NEECHANZ RIVER,Pink (odd),610,Homathko-Klinaklini-Smith-Rivers-Bella Coola-Dean (odd),Central Coast,941.0,5633,51.64604864,-126.6870326
NEECHANZ RIVER,Coho,517,Rivers Inlet,Central Coast,941.0,3584,51.64604864,-126.6870326
NEECHANZ RIVER,Chum,501,Rivers Inlet,Central Coast,941.0,1207,51.64604864,-126.6870326
NEECHANZ RIVER,Chinook,510,Rivers Inlet,Central Coast,941.0,1983,51.64604864,-126.6870326
NEEKAS CREEK,Pink (even),608,Hecate Lowlands (even),Central Coast,999.0,4684,52.47388298,-128.1614322
NEEKAS CREEK,Coho,520,Hecate Strait Mainland,Central Coast,999.0,3633,52.47388298,-128.1614322
NEEKAS CREEK,Chum,503,Spiller-Fitz-Hugh-Burke,Central Coast,999.0,1259,52.47388298,-128.1614322
NEEKAS CREEK,Pink (odd),611,Hecate Strait-Lowlands (odd),Central Coast,999.0,5685,52.47388298,-128.1614322
NEEKAS CREEK,River sockeye,615,Northern Coastal Streams (river-type),Central Coast,999.0,6661,52.47388298,-128.1614322
NEKITE RIVER,River sockeye,613,Rivers-Smith Inlets (river-type),Central Coast,918.0,6547,51.39979138,-127.1173184
NEKITE RIVER,Pink (odd),610,Homathko-Klinaklini-Smith-Rivers-Bella Coola-Dean (odd),Central Coast,918.0,5486,51.39979138,-127.1173184
NEKITE RIVER,Chum,500,Smith Inlet,Central Coast,918.0,988,51.39979138,-127.1173184
NEKITE RIVER,Coho,516,Smith Inlet,Central Coast,918.0,3352,51.39979138,-127.1173184
NEKITE RIVER,Pink (even),609,Hecate Strait-Fjords (even),Central Coast,918.0,4496,51.39979138,-127.1173184
NEKITE RIVER,Chinook,510,Rivers Inlet,Central Coast,918.0,1893,51.39979138,-127.1173184
NEKITE SPAWNING CHANNEL,Chum,500,Smith Inlet,Central Coast,372.0,731,51.43633518,-127.084356
NEKITE SPAWNING CHANNEL,Pink (even),609,Hecate Strait-Fjords (even),Central Coast,372.0,4332,51.43633518,-127.084356
NEKITE SPAWNING CHANNEL,Pink (odd),610,Homathko-Klinaklini-Smith-Rivers-Bella Coola-Dean (odd),Central Coast,372.0,5225,51.43633518,-127.084356
NEKITE SPAWNING CHANNEL,Coho,516,Smith Inlet,Central Coast,372.0,2888,51.43633518,-127.084356
NEKITE SPAWNING CHANNEL,River sockeye,613,Rivers-Smith Inlets (river-type),Central Coast,372.0,6336,51.43633518,-127.084356
NEWCOMBE HARBOUR CREEK,Chum,506,Hecate Lowlands,Central Coast,1930.0,659,53.71392333,-130.0765676
NEWCOMBE HARBOUR CREEK,Pink (odd),611,Hecate Strait-Lowlands (odd),Central Coast,1930.0,5164,53.71392333,-130.0765676
NEWCOMBE HARBOUR CREEK,Coho,520,Hecate Strait Mainland,Central Coast,1930.0,2760,53.71392333,-130.0765676
NEWCOMBE HARBOUR CREEK,Pink (even),608,Hecate Lowlands (even),Central Coast,1930.0,4279,53.71392333,-130.0765676
NEWICHY CREEK,Pink (even),608,Hecate Lowlands (even),Central Coast,932.0,4503,51.51201191,-127.5220248
NEWICHY CREEK,Pink (odd),611,Hecate Strait-Lowlands (odd),Central Coast,932.0,5494,51.51201191,-127.5220248
NIAS CREEK,River sockeye,614,Northern Coastal Fjords (river-type),Central Coast,1852.0,6113,52.92332209,-128.7438342
NIAS CREEK,Coho,520,Hecate Strait Mainland,Central Coast,1852.0,2686,52.92332209,-128.7438342
NIAS CREEK,Pink (even),609,Hecate Strait-Fjords (even),Central Coast,1852.0,4202,52.92332209,-128.7438342
NIAS CREEK,Pink (odd),612,Hecate Strait-Fjords (odd),Central Coast,1852.0,5089,52.92332209,-128.7438342
NIAS CREEK,Chum,506,Hecate Lowlands,Central Coast,1852.0,583,52.92332209,-128.7438342
NICKNAQUEET RIVER,Chum,501,Rivers Inlet,Central Coast,934.0,994,51.67169998,-127.2616307
NICKNAQUEET RIVER,Pink (odd),610,Homathko-Klinaklini-Smith-Rivers-Bella Coola-Dean (odd),Central Coast,934.0,5496,51.67169998,-127.2616307
NICKNAQUEET RIVER,Pink (even),609,Hecate Strait-Fjords (even),Central Coast,934.0,4505,51.67169998,-127.2616307
NICKNAQUEET RIVER,Chinook,510,Rivers Inlet,Central Coast,934.0,1894,51.67169998,-127.2616307
NICKNAQUEET RIVER,Coho,517,Rivers Inlet,Central Coast,934.0,3362,51.67169998,-127.2616307
NIEL CREEK,Pink (even),609,Hecate Strait-Fjords (even),Central Coast,951.0,4641,51.90526891,-127.3531077
NIEL CREEK,Pink (odd),610,Homathko-Klinaklini-Smith-Rivers-Bella Coola-Dean (odd),Central Coast,951.0,5641,51.90526891,-127.3531077
NIEL CREEK,Chum,501,Rivers Inlet,Central Coast,951.0,1214,51.90526891,-127.3531077
NIEL CREEK,Coho,517,Rivers Inlet,Central Coast,951.0,3594,51.90526891,-127.3531077
NIEUMIAMUS CREEK,Pink (odd),610,Homathko-Klinaklini-Smith-Rivers-Bella Coola-Dean (odd),Central Coast,972.0,5660,52.3893079,-126.8342502
NIEUMIAMUS CREEK,Chum,504,Bella Coola-Dean Rivers,Central Coast,972.0,1232,52.3893079,-126.8342502
NIEUMIAMUS CREEK,Pink (even),609,Hecate Strait-Fjords (even),Central Coast,972.0,4660,52.3893079,-126.8342502
NIMMO CREEK,Pink (odd),610,Homathko-Klinaklini-Smith-Rivers-Bella Coola-Dean (odd),Central Coast,877.0,5608,50.95239598,-126.7193985
NOBLE CREEK,Pink (even),608,Hecate Lowlands (even),Central Coast,1879.0,4229,52.53967422,-129.0296823
NOBLE CREEK,River sockeye,615,Northern Coastal Streams (river-type),Central Coast,1879.0,6132,52.53967422,-129.0296823
NOBLE CREEK,Coho,520,Hecate Strait Mainland,Central Coast,1879.0,2713,52.53967422,-129.0296823
NOBLE CREEK,Chum,506,Hecate Lowlands,Central Coast,1879.0,609,52.53967422,-129.0296823
NOBLE CREEK,Pink (odd),611,Hecate Strait-Lowlands (odd),Central Coast,1879.0,5115,52.53967422,-129.0296823
NOEICK RIVER,Coho,518,Bella Coola-Dean Rivers,Central Coast,966.0,3606,52.04134651,-126.6740086
NOEICK RIVER,Chum,504,Bella Coola-Dean Rivers,Central Coast,966.0,1227,52.04134651,-126.6740086
NOEICK RIVER,Pink (odd),610,Homathko-Klinaklini-Smith-Rivers-Bella Coola-Dean (odd),Central Coast,966.0,5654,52.04134651,-126.6740086
NOEICK RIVER,Chinook,512,Bella Coola-Bentinck,Central Coast,966.0,1996,52.04134651,-126.6740086
NOEICK RIVER,Pink (even),609,Hecate Strait-Fjords (even),Central Coast,966.0,4654,52.04134651,-126.6740086
NOOHALK CREEK,Coho,518,Bella Coola-Dean Rivers,Central Coast,2244.0,2119,52.36764285,-126.6898048
NOOHALK CREEK,Pink (odd),610,Homathko-Klinaklini-Smith-Rivers-Bella Coola-Dean (odd),Central Coast,2244.0,4783,52.36764285,-126.6898048
NOOHALK CREEK,Chum,504,Bella Coola-Dean Rivers,Central Coast,2244.0,24,52.36764285,-126.6898048
NOOHALK CREEK,Pink (even),609,Hecate Strait-Fjords (even),Central Coast,2244.0,3782,52.36764285,-126.6898048
NOOKLIKONNIK CREEK,Chum,504,Bella Coola-Dean Rivers,Central Coast,2245.0,25,52.3889761,-126.5759906
NOOKLIKONNIK CREEK,Coho,518,Bella Coola-Dean Rivers,Central Coast,2245.0,2120,52.3889761,-126.5759906
NOOKLIKONNIK CREEK,Pink (even),609,Hecate Strait-Fjords (even),Central Coast,2245.0,10471,52.3889761,-126.5759906
NOOKLIKONNIK CREEK,Pink (odd),610,Homathko-Klinaklini-Smith-Rivers-Bella Coola-Dean (odd),Central Coast,2245.0,4787,52.3889761,-126.5759906
NOOSESECK RIVER,Coho,518,Bella Coola-Dean Rivers,Central Coast,973.0,3611,52.3406455,-126.9816442
NOOSESECK RIVER,Pink (odd),610,Homathko-Klinaklini-Smith-Rivers-Bella Coola-Dean (odd),Central Coast,973.0,5661,52.3406455,-126.9816442
NOOSESECK RIVER,Pink (even),609,Hecate Strait-Fjords (even),Central Coast,973.0,4661,52.3406455,-126.9816442
NOOSESECK RIVER,Chum,504,Bella Coola-Dean Rivers,Central Coast,973.0,1233,52.3406455,-126.9816442
NOOSESECK RIVER,River sockeye,614,Northern Coastal Fjords (river-type),Central Coast,973.0,6645,52.3406455,-126.9816442
NOOSGULCH RIVER,Chum,504,Bella Coola-Dean Rivers,Central Coast,2252.0,10311,52.43367342,-126.3914508
NOOSGULCH RIVER,Pink (odd),610,Homathko-Klinaklini-Smith-Rivers-Bella Coola-Dean (odd),Central Coast,2252.0,10337,52.43367342,-126.3914508
NOOTUM RIVER,Coho,520,Hecate Strait Mainland,Central Coast,960.0,3601,51.94835528,-127.6778312
NOOTUM RIVER,Pink (even),608,Hecate Lowlands (even),Central Coast,960.0,4648,51.94835528,-127.6778312
NOOTUM RIVER,Pink (odd),611,Hecate Strait-Lowlands (odd),Central Coast,960.0,5649,51.94835528,-127.6778312
NOOTUM RIVER,Chum,503,Spiller-Fitz-Hugh-Burke,Central Coast,960.0,1221,51.94835528,-127.6778312
NORTH KUMEALON CREEK,Coho,520,Hecate Strait Mainland,Central Coast,1098.0,3702,53.89068624,-130.0050517
NORTHNESS CREEK,Pink (odd),611,Hecate Strait-Lowlands (odd),Central Coast,1095.0,5728,53.76895624,-129.8863466
NORTHNESS CREEK,Pink (even),608,Hecate Lowlands (even),Central Coast,1095.0,4727,53.76895624,-129.8863466
NORTHNESS CREEK,Chum,506,Hecate Lowlands,Central Coast,1095.0,1325,53.76895624,-129.8863466
NUSASH CREEK,Chum,504,Bella Coola-Dean Rivers,Central Coast,974.0,1234,52.6123177,-127.0843563
NUSASH CREEK,Pink (even),609,Hecate Strait-Fjords (even),Central Coast,974.0,4662,52.6123177,-127.0843563
NUSATSUM RIVER,Coho,518,Bella Coola-Dean Rivers,Central Coast,2250.0,2133,52.41020823,-126.4905323
NUSATSUM RIVER,Pink (even),609,Hecate Strait-Fjords (even),Central Coast,2250.0,10472,52.41020823,-126.4905323
NUSATSUM RIVER,Chinook,512,Bella Coola-Bentinck,Central Coast,2250.0,2066,52.41020823,-126.4905323
NUSATSUM RIVER,Chum,504,Bella Coola-Dean Rivers,Central Coast,2250.0,27,52.41020823,-126.4905323
OAR POINT CREEK,Coho,520,Hecate Strait Mainland,Central Coast,1922.0,2752,53.38403517,-129.8221767
OAR POINT CREEK,Pink (even),608,Hecate Lowlands (even),Central Coast,1922.0,4271,53.38403517,-129.8221767
OAR POINT CREEK,Chum,506,Hecate Lowlands,Central Coast,1922.0,651,53.38403517,-129.8221767
OAR POINT CREEK,Pink (odd),611,Hecate Strait-Lowlands (odd),Central Coast,1922.0,5156,53.38403517,-129.8221767
OATSOALIS CREEK,Pink (even),608,Hecate Lowlands (even),Central Coast,1782.0,4159,51.52936301,-127.9397912
OSMENT CREEK,Pink (odd),611,Hecate Strait-Lowlands (odd),Central Coast,1822.0,4942,52.52708141,-128.6799019
OSMENT CREEK,River sockeye,615,Northern Coastal Streams (river-type),Central Coast,1822.0,6042,52.52708141,-128.6799019
OSMENT CREEK,Chum,506,Hecate Lowlands,Central Coast,1822.0,374,52.52708141,-128.6799019
OSMENT CREEK,Pink (even),608,Hecate Lowlands (even),Central Coast,1822.0,4009,52.52708141,-128.6799019
OSMENT CREEK,Coho,520,Hecate Strait Mainland,Central Coast,1822.0,2496,52.52708141,-128.6799019
OTTY CREEK,Pink (even),609,Hecate Strait-Fjords (even),Central Coast,1848.0,4198,52.95813548,-128.653803
OTTY CREEK,Chum,507,Mussel-Kynoch,Central Coast,1848.0,580,52.95813548,-128.653803
OWIKENO LAKE,Lake sockeye,525,Owikeno,Central Coast,936.0,6622,51.68563764,-127.1652761
OWIKENO LAKE,Coho,517,Rivers Inlet,Central Coast,936.0,3579,51.68563764,-127.1652761
PA-AAT RIVER,Coho,520,Hecate Strait Mainland,Central Coast,1914.0,2744,53.80916023,-130.005546
PA-AAT RIVER,Pink (even),608,Hecate Lowlands (even),Central Coast,1914.0,4263,53.80916023,-130.005546
PA-AAT RIVER,Chum,506,Hecate Lowlands,Central Coast,1914.0,643,53.80916023,-130.005546
PA-AAT RIVER,River sockeye,614,Northern Coastal Fjords (river-type),Central Coast,1914.0,5798,53.80916023,-130.005546
PA-AAT RIVER,Pink (odd),611,Hecate Strait-Lowlands (odd),Central Coast,1914.0,5148,53.80916023,-130.005546
PACKE CREEK,Pink (even),608,Hecate Lowlands (even),Central Coast,1853.0,4203,52.91622098,-128.7440702
PACKE CREEK,Pink (odd),611,Hecate Strait-Lowlands (odd),Central Coast,1853.0,5090,52.91622098,-128.7440702
PACKE CREEK,Chum,506,Hecate Lowlands,Central Coast,1853.0,584,52.91622098,-128.7440702
PACKE CREEK,Coho,520,Hecate Strait Mainland,Central Coast,1853.0,2687,52.91622098,-128.7440702
PARIL RIVER,Pink (even),609,Hecate Strait-Fjords (even),Central Coast,1029.0,4521,53.48843102,-128.7659169
PARIL RIVER,River sockeye,614,Northern Coastal Fjords (river-type),Central Coast,1029.0,6566,53.48843102,-128.7659169
PARIL RIVER,Coho,523,Northern Coastal Streams,Central Coast,1029.0,3430,53.48843102,-128.7659169
PARIL RIVER,Pink (odd),612,Hecate Strait-Fjords (odd),Central Coast,1029.0,5525,53.48843102,-128.7659169
PARIL RIVER,Chum,508,Douglas-Gardner,Central Coast,1029.0,1065,53.48843102,-128.7659169
PENN CREEK,Chum,506,Hecate Lowlands,Central Coast,1865.0,595,52.97477163,-128.9447984
PENN CREEK,Coho,520,Hecate Strait Mainland,Central Coast,1865.0,2699,52.97477163,-128.9447984
PENN CREEK,Pink (odd),611,Hecate Strait-Lowlands (odd),Central Coast,1865.0,5101,52.97477163,-128.9447984
PENN CREEK,Pink (even),608,Hecate Lowlands (even),Central Coast,1865.0,4215,52.97477163,-128.9447984
PENO CREEK,Chum,506,Hecate Lowlands,Central Coast,1827.0,379,52.68911377,-128.2957674
PERRY CREEK,Chum,500,Smith Inlet,Central Coast,390.0,734,51.44194367,-127.3864229
PHOENIX CREEK,Coho,520,Hecate Strait Mainland,Central Coast,1962.0,2790,53.89496877,-130.5079427
PIKE CREEK,River sockeye,614,Northern Coastal Fjords (river-type),Central Coast,1039.0,6573,53.67252032,-128.800662
PIKE CREEK,Pink (even),609,Hecate Strait-Fjords (even),Central Coast,1039.0,4531,53.67252032,-128.800662
PIKE CREEK,Coho,523,Northern Coastal Streams,Central Coast,1039.0,3440,53.67252032,-128.800662
PIKE CREEK,Chum,508,Douglas-Gardner,Central Coast,1039.0,1075,53.67252032,-128.800662
PIKE CREEK,Pink (odd),612,Hecate Strait-Fjords (odd),Central Coast,1039.0,5535,53.67252032,-128.800662
PINE CREEK,Pink (even),609,Hecate Strait-Fjords (even),Central Coast,1049.0,4540,54.03498448,-128.620931
PINE CREEK,Chum,508,Douglas-Gardner,Central Coast,1049.0,1083,54.03498448,-128.620931
PINE CREEK,Coho,522,Douglas Channel-Kitimat Arm,Central Coast,1049.0,3450,54.03498448,-128.620931
PINE RIVER,Lake sockeye,539,Pine River,Central Coast,997.0,6659,52.65286361,-128.0513318
PINE RIVER,Pink (even),609,Hecate Strait-Fjords (even),Central Coast,997.0,4682,52.65286361,-128.0513318
PINE RIVER,Pink (odd),612,Hecate Strait-Fjords (odd),Central Coast,997.0,5683,52.65286361,-128.0513318
PINE RIVER,Coho,520,Hecate Strait Mainland,Central Coast,997.0,3631,52.65286361,-128.0513318
PINE RIVER,Chum,503,Spiller-Fitz-Hugh-Burke,Central Coast,997.0,1257,52.65286361,-128.0513318
POISON COVE CREEK,Chinook,514,North & Central Coast-Late,Central Coast,1014.0,2003,52.90099197,-128.0214545
POISON COVE CREEK,Coho,519,Mussel-Kynoch,Central Coast,1014.0,3648,52.90099197,-128.0214545
POISON COVE CREEK,River sockeye,614,Northern Coastal Fjords (river-type),Central Coast,1014.0,6670,52.90099197,-128.0214545
POISON COVE CREEK,Chum,507,Mussel-Kynoch,Central Coast,1014.0,1274,52.90099197,-128.0214545
POISON COVE CREEK,Pink (odd),612,Hecate Strait-Fjords (odd),Central Coast,1014.0,5700,52.90099197,-128.0214545
POISON COVE CREEK,Pink (even),609,Hecate Strait-Fjords (even),Central Coast,1014.0,4698,52.90099197,-128.0214545
PORCHER CREEK,Coho,520,Hecate Strait Mainland,Central Coast,1961.0,2789,53.9843422,-130.434897
PORT STEPHENS CREEK,Pink (odd),611,Hecate Strait-Lowlands (odd),Central Coast,1921.0,5155,53.36514733,-129.6487927
PORT STEPHENS CREEK,Chum,506,Hecate Lowlands,Central Coast,1921.0,650,53.36514733,-129.6487927
PORT STEPHENS CREEK,Pink (even),608,Hecate Lowlands (even),Central Coast,1921.0,4270,53.36514733,-129.6487927
PORT STEPHENS CREEK,Coho,520,Hecate Strait Mainland,Central Coast,1921.0,2751,53.36514733,-129.6487927
POWERLINES CREEK,Coho,522,Douglas Channel-Kitimat Arm,Central Coast,1056.0,3457,54.10798661,-128.6050638
POWLES CREEK,Lake sockeye,586,Powles Creek,Central Coast,1842.0,6106,52.70288154,-128.7424621
POWLES CREEK,Pink (even),608,Hecate Lowlands (even),Central Coast,1842.0,4188,52.70288154,-128.7424621
POWLES CREEK,Pink (odd),611,Hecate Strait-Lowlands (odd),Central Coast,1842.0,5077,52.70288154,-128.7424621
POWLES CREEK,Coho,520,Hecate Strait Mainland,Central Coast,1842.0,2674,52.70288154,-128.7424621
POWLES CREEK,Chum,506,Hecate Lowlands,Central Coast,1842.0,573,52.70288154,-128.7424621
PRICE CREEK,Pink (even),608,Hecate Lowlands (even),Central Coast,1817.0,4186,52.47058586,-128.7337224
PRICE CREEK,Lake sockeye,587,Price Creek,Central Coast,1817.0,6104,52.47058586,-128.7337224
PRICE CREEK,Pink (odd),611,Hecate Strait-Lowlands (odd),Central Coast,1817.0,5075,52.47058586,-128.7337224
PRICE CREEK,Chum,506,Hecate Lowlands,Central Coast,1817.0,571,52.47058586,-128.7337224
PRICE CREEK,Coho,520,Hecate Strait Mainland,Central Coast,1817.0,2672,52.47058586,-128.7337224
PYNE CREEK,Pink (odd),611,Hecate Strait-Lowlands (odd),Central Coast,1855.0,5092,52.84861233,-128.8130831
PYNE CREEK,Coho,520,Hecate Strait Mainland,Central Coast,1855.0,2689,52.84861233,-128.8130831
PYNE CREEK,Chum,506,Hecate Lowlands,Central Coast,1855.0,586,52.84861233,-128.8130831
PYNE CREEK,River sockeye,615,Northern Coastal Streams (river-type),Central Coast,1855.0,6115,52.84861233,-128.8130831
PYNE CREEK,Pink (even),608,Hecate Lowlands (even),Central Coast,1855.0,4205,52.84861233,-128.8130831
QUAAL RIVER,Coho,520,Hecate Strait Mainland,Central Coast,1086.0,3692,53.64819487,-129.3034067
QUAAL RIVER,Lake sockeye,529,Backland,Central Coast,1086.0,6695,53.64819487,-129.3034067
QUAAL RIVER,Pink (odd),612,Hecate Strait-Fjords (odd),Central Coast,1086.0,5720,53.64819487,-129.3034067
QUAAL RIVER,Pink (even),609,Hecate Strait-Fjords (even),Central Coast,1086.0,4719,53.64819487,-129.3034067
QUAAL RIVER,Chum,508,Douglas-Gardner,Central Coast,1086.0,1317,53.64819487,-129.3034067
QUAAL RIVER,Chinook,514,North & Central Coast-Late,Central Coast,1086.0,2030,53.64819487,-129.3034067
QUARTCHA CREEK,Pink (even),609,Hecate Strait-Fjords (even),Central Coast,993.0,4679,52.51538598,-127.8415488
QUARTCHA CREEK,Chum,503,Spiller-Fitz-Hugh-Burke,Central Coast,993.0,1253,52.51538598,-127.8415488
QUARTCHA CREEK,Coho,523,Northern Coastal Streams,Central Coast,993.0,3628,52.51538598,-127.8415488
QUARTCHA CREEK,Pink (odd),612,Hecate Strait-Fjords (odd),Central Coast,993.0,5680,52.51538598,-127.8415488
QUARTCHA CREEK,River sockeye,614,Northern Coastal Fjords (river-type),Central Coast,993.0,6657,52.51538598,-127.8415488
QUASHELLA RIVER,Pink (odd),610,Homathko-Klinaklini-Smith-Rivers-Bella Coola-Dean (odd),Central Coast,909.0,5481,51.20936458,-127.4154383
QUATLENA RIVER,Pink (even),609,Hecate Strait-Fjords (even),Central Coast,961.0,4649,52.03142079,-127.6121506
QUATLENA RIVER,Chum,503,Spiller-Fitz-Hugh-Burke,Central Coast,961.0,1222,52.03142079,-127.6121506
QUATLENA RIVER,River sockeye,614,Northern Coastal Fjords (river-type),Central Coast,961.0,6638,52.03142079,-127.6121506
QUATLENA RIVER,Coho,523,Northern Coastal Streams,Central Coast,961.0,3602,52.03142079,-127.6121506
QUATLENA RIVER,Pink (odd),612,Hecate Strait-Fjords (odd),Central Coast,961.0,5650,52.03142079,-127.6121506
QUIGLEY CREEK,River sockeye,615,Northern Coastal Streams (river-type),Central Coast,1841.0,6105,52.65442129,-128.7348686
QUIGLEY CREEK,Chum,506,Hecate Lowlands,Central Coast,1841.0,572,52.65442129,-128.7348686
QUIGLEY CREEK,Coho,520,Hecate Strait Mainland,Central Coast,1841.0,2673,52.65442129,-128.7348686
QUIGLEY CREEK,Pink (odd),611,Hecate Strait-Lowlands (odd),Central Coast,1841.0,5076,52.65442129,-128.7348686
QUIGLEY CREEK,Pink (even),608,Hecate Lowlands (even),Central Coast,1841.0,4187,52.65442129,-128.7348686
RAINBOW CREEK,Chum,503,Spiller-Fitz-Hugh-Burke,Central Coast,990.0,1250,52.45167677,-127.728136
RAINBOW CREEK,Pink (odd),610,Homathko-Klinaklini-Smith-Rivers-Bella Coola-Dean (odd),Central Coast,899.0,5479,51.13424189,-126.7202561
RAINBOW CREEK,Pink (even),609,Hecate Strait-Fjords (even),Central Coast,990.0,10328,52.45167677,-127.728136
RAINBOW CREEK,Pink (odd),612,Hecate Strait-Fjords (odd),Central Coast,990.0,5677,52.45167677,-127.728136
RAINBOW CREEK,Coho,523,Northern Coastal Streams,Central Coast,990.0,3625,52.45167677,-127.728136
RALEY CREEK,Coho,522,Douglas Channel-Kitimat Arm,Central Coast,1063.0,3462,54.18028516,-128.6810001
RALEY CREEK,Chum,508,Douglas-Gardner,Central Coast,1063.0,1090,54.18028516,-128.6810001
RAWLINSON ANCHORAGE CREEK,Chum,506,Hecate Lowlands,Central Coast,1946.0,674,53.56706023,-130.5142381
RAWLINSON ANCHORAGE CREEK,Pink (odd),611,Hecate Strait-Lowlands (odd),Central Coast,1946.0,5178,53.56706023,-130.5142381
RAWLINSON ANCHORAGE CREEK,Pink (even),608,Hecate Lowlands (even),Central Coast,1946.0,4293,53.56706023,-130.5142381
RAWLINSON ANCHORAGE CREEK,Coho,520,Hecate Strait Mainland,Central Coast,1946.0,2775,53.56706023,-130.5142381
REAK CREEK,Chum,506,Hecate Lowlands,Central Coast,1826.0,378,52.70675687,-128.3073089
RED BLUFF CREEK,Coho,520,Hecate Strait Mainland,Central Coast,2747.0,2144,53.47567739,-129.5156407
RESCUE BAY CREEK,Pink (odd),611,Hecate Strait-Lowlands (odd),Central Coast,7990591.0,5391,52.51559806,-128.2951398
RESCUE BAY CREEK,Coho,520,Hecate Strait Mainland,Central Coast,7990591.0,3198,52.51559806,-128.2951398
RESCUE BAY CREEK,Chum,506,Hecate Lowlands,Central Coast,7990591.0,878,52.51559806,-128.2951398
RETURN CHANNEL CREEKS,Chum,503,Spiller-Fitz-Hugh-Burke,Central Coast,7990588.0,10466,52.276281,-128.135232
RETURN CHANNEL CREEKS,Pink (even),608,Hecate Lowlands (even),Central Coast,7990588.0,10469,52.276281,-128.135232
RETURN CHANNEL CREEKS,Pink (odd),611,Hecate Strait-Lowlands (odd),Central Coast,7990588.0,10470,52.276281,-128.135232
RIORDAN CREEK,Pink (even),609,Hecate Strait-Fjords (even),Central Coast,1905.0,4254,53.43369035,-128.9584732
RIORDAN CREEK,Pink (odd),612,Hecate Strait-Fjords (odd),Central Coast,1905.0,5139,53.43369035,-128.9584732
RIORDAN CREEK,Chum,508,Douglas-Gardner,Central Coast,1905.0,634,53.43369035,-128.9584732
RIORDAN CREEK,River sockeye,614,Northern Coastal Fjords (river-type),Central Coast,1905.0,6149,53.43369035,-128.9584732
RIORDAN CREEK,Coho,523,Northern Coastal Streams,Central Coast,1905.0,2736,53.43369035,-128.9584732
ROBERT ARM CREEK,Coho,516,Smith Inlet,Central Coast,927.0,3357,51.40335756,-127.4765038
ROBERT ARM CREEK,Pink (odd),611,Hecate Strait-Lowlands (odd),Central Coast,927.0,5489,51.40335756,-127.4765038
ROBINSON CREEKS,River sockeye,615,Northern Coastal Streams (river-type),Central Coast,1815.0,6102,52.44566796,-128.2945064
ROBINSON CREEKS,Chum,506,Hecate Lowlands,Central Coast,1815.0,569,52.44566796,-128.2945064
ROBINSON CREEKS,Pink (odd),611,Hecate Strait-Lowlands (odd),Central Coast,1815.0,5073,52.44566796,-128.2945064
ROBINSON CREEKS,Pink (even),608,Hecate Lowlands (even),Central Coast,1815.0,4184,52.44566796,-128.2945064
ROBO'S CREEK,Coho,518,Bella Coola-Dean Rivers,Central Coast,2769.0,2130,52.38943327,-126.6250551
ROLAND CREEK,Pink (even),608,Hecate Lowlands (even),Central Coast,1866.0,4216,52.95584244,-129.1315474
ROLAND CREEK,Chum,506,Hecate Lowlands,Central Coast,1866.0,596,52.95584244,-129.1315474
ROLAND CREEK,Coho,520,Hecate Strait Mainland,Central Coast,1866.0,2700,52.95584244,-129.1315474
ROLAND CREEK,Pink (odd),611,Hecate Strait-Lowlands (odd),Central Coast,1866.0,5102,52.95584244,-129.1315474
RONALD CREEK,Pink (odd),612,Hecate Strait-Fjords (odd),Central Coast,1851.0,5088,52.94241648,-128.6842255
RONALD CREEK,Pink (even),609,Hecate Strait-Fjords (even),Central Coast,1851.0,4201,52.94241648,-128.6842255
RONALD CREEK,Coho,520,Hecate Strait Mainland,Central Coast,1851.0,2685,52.94241648,-128.6842255
RONALD CREEK,Chum,506,Hecate Lowlands,Central Coast,1851.0,582,52.94241648,-128.6842255
RONALD CREEK,River sockeye,614,Northern Coastal Fjords (river-type),Central Coast,1851.0,6112,52.94241648,-128.6842255
ROSCOE CREEK,Coho,523,Northern Coastal Streams,Central Coast,991.0,3626,52.47518334,-127.743249
ROSCOE CREEK,River sockeye,614,Northern Coastal Fjords (river-type),Central Coast,991.0,6656,52.47518334,-127.743249
ROSCOE CREEK,Pink (odd),612,Hecate Strait-Fjords (odd),Central Coast,991.0,5678,52.47518334,-127.743249
ROSCOE CREEK,Pink (even),609,Hecate Strait-Fjords (even),Central Coast,991.0,4677,52.47518334,-127.743249
ROSCOE CREEK,Chum,503,Spiller-Fitz-Hugh-Burke,Central Coast,991.0,1251,52.47518334,-127.743249
ROWLEY CREEK,Pink (odd),610,Homathko-Klinaklini-Smith-Rivers-Bella Coola-Dean (odd),Central Coast,912.0,5482,51.12770608,-127.6164442
RYAN CREEK,Lake sockeye,589,Ryan Creek,Central Coast,1949.0,6177,53.6182777,-130.1287694
RYAN CREEK,Coho,520,Hecate Strait Mainland,Central Coast,1949.0,2778,53.6182777,-130.1287694
RYAN CREEK,Pink (odd),611,Hecate Strait-Lowlands (odd),Central Coast,1949.0,5181,53.6182777,-130.1287694
RYAN CREEK,Pink (even),608,Hecate Lowlands (even),Central Coast,1949.0,4296,53.6182777,-130.1287694
RYAN CREEK,Chum,506,Hecate Lowlands,Central Coast,1949.0,677,53.6182777,-130.1287694
SAGAR CREEK,Chum,503,Spiller-Fitz-Hugh-Burke,Central Coast,1794.0,554,52.09708849,-127.8398999
SAGAR CREEK,River sockeye,615,Northern Coastal Streams (river-type),Central Coast,1794.0,10645,52.09708849,-127.8398999
SAGAR CREEK,Coho,520,Hecate Strait Mainland,Central Coast,1794.0,2657,52.09708849,-127.8398999
SAGAR CREEK,Pink (odd),611,Hecate Strait-Lowlands (odd),Central Coast,1794.0,5059,52.09708849,-127.8398999
SAGAR CREEK,Pink (even),608,Hecate Lowlands (even),Central Coast,1794.0,4169,52.09708849,-127.8398999
SALLOOMT RIVER,Pink (odd),610,Homathko-Klinaklini-Smith-Rivers-Bella Coola-Dean (odd),Central Coast,3403.0,4786,52.39781275,-126.5377784
SALLOOMT RIVER,Pink (even),609,Hecate Strait-Fjords (even),Central Coast,3403.0,3785,52.39781275,-126.5377784
SALLOOMT RIVER,Coho,518,Bella Coola-Dean Rivers,Central Coast,3403.0,2128,52.39781275,-126.5377784
SALLOOMT RIVER,Chum,504,Bella Coola-Dean Rivers,Central Coast,3403.0,29,52.39781275,-126.5377784
SALLOOMT RIVER,Chinook,512,Bella Coola-Bentinck,Central Coast,3403.0,2067,52.39781275,-126.5377784
SALLY CREEK,Coho,520,Hecate Strait Mainland,Central Coast,1804.0,2666,52.20806571,-128.0749039
SALLY CREEK,Pink (even),608,Hecate Lowlands (even),Central Coast,1804.0,4179,52.20806571,-128.0749039
SALLY CREEK,Chum,503,Spiller-Fitz-Hugh-Burke,Central Coast,1804.0,564,52.20806571,-128.0749039
SALLY CREEK,River sockeye,615,Northern Coastal Streams (river-type),Central Coast,1804.0,6100,52.20806571,-128.0749039
SALLY CREEK,Pink (odd),611,Hecate Strait-Lowlands (odd),Central Coast,1804.0,5069,52.20806571,-128.0749039
SALMON BAY CREEK,Pink (even),608,Hecate Lowlands (even),Central Coast,1007.0,4691,52.48238408,-128.1957567
SALMON BAY CREEK,Chum,506,Hecate Lowlands,Central Coast,1007.0,1267,52.48238408,-128.1957567
SALMON BAY CREEK,Pink (odd),611,Hecate Strait-Lowlands (odd),Central Coast,1007.0,5693,52.48238408,-128.1957567
SALMON BAY CREEK,Coho,520,Hecate Strait Mainland,Central Coast,1007.0,3641,52.48238408,-128.1957567
SALMON CREEK,River sockeye,615,Northern Coastal Streams (river-type),Central Coast,1886.0,6138,52.67494704,-129.187924
SALMON CREEK,Pink (odd),611,Hecate Strait-Lowlands (odd),Central Coast,1886.0,5122,52.67494704,-129.187924
SALMON CREEK,Coho,520,Hecate Strait Mainland,Central Coast,1886.0,2720,52.67494704,-129.187924
SALMON CREEK,Pink (even),608,Hecate Lowlands (even),Central Coast,1886.0,4236,52.67494704,-129.187924
SALMON CREEK,Chum,506,Hecate Lowlands,Central Coast,1886.0,616,52.67494704,-129.187924
SALTER LAKE CREEK,Pink (odd),611,Hecate Strait-Lowlands (odd),Central Coast,1915.0,5149,53.5677494,-129.6566889
SALTER LAKE CREEK,Lake sockeye,590,Salter,Central Coast,1915.0,6154,53.5677494,-129.6566889
SALTER LAKE CREEK,Chum,506,Hecate Lowlands,Central Coast,1915.0,644,53.5677494,-129.6566889
SALTER LAKE CREEK,Coho,520,Hecate Strait Mainland,Central Coast,1915.0,2745,53.5677494,-129.6566889
SALTER LAKE CREEK,Pink (even),608,Hecate Lowlands (even),Central Coast,1915.0,4264,53.5677494,-129.6566889
SANDELL RIVER,Pink (odd),610,Homathko-Klinaklini-Smith-Rivers-Bella Coola-Dean (odd),Central Coast,933.0,5495,51.56816564,-127.5161208
SANDELL RIVER,Pink (even),609,Hecate Strait-Fjords (even),Central Coast,933.0,4504,51.56816564,-127.5161208
SATO CREEK,Coho,518,Bella Coola-Dean Rivers,Central Coast,2682.0,2127,52.40079562,-126.5091135
SCOW BAY CREEK,River sockeye,614,Northern Coastal Fjords (river-type),Central Coast,1025.0,6563,53.22416356,-128.6625501
SCOW BAY CREEK,Chum,508,Douglas-Gardner,Central Coast,1025.0,1061,53.22416356,-128.6625501
SCOW BAY CREEK,Pink (even),609,Hecate Strait-Fjords (even),Central Coast,1025.0,4517,53.22416356,-128.6625501
SCOW BAY CREEK,Pink (odd),612,Hecate Strait-Fjords (odd),Central Coast,1025.0,5521,53.22416356,-128.6625501
SCOW BAY CREEK,Chinook,515,North & Central Coast-Early,Central Coast,1025.0,1918,53.22416356,-128.6625501
SCOW BAY CREEK,Coho,523,Northern Coastal Streams,Central Coast,1025.0,3426,53.22416356,-128.6625501
SCRIBNER CREEK,Chum,503,Spiller-Fitz-Hugh-Burke,Central Coast,1803.0,563,52.18328305,-127.9827278
SCRIBNER CREEK,Pink (even),608,Hecate Lowlands (even),Central Coast,1803.0,4178,52.18328305,-127.9827278
SCRIBNER CREEK,River sockeye,615,Northern Coastal Streams (river-type),Central Coast,1803.0,6099,52.18328305,-127.9827278
SCRIBNER CREEK,Pink (odd),611,Hecate Strait-Lowlands (odd),Central Coast,1803.0,5068,52.18328305,-127.9827278
SCRIBNER CREEK,Coho,520,Hecate Strait Mainland,Central Coast,1803.0,2665,52.18328305,-127.9827278
SENTINEL CREEK,Chum,506,Hecate Lowlands,Central Coast,1881.0,611,52.55077023,-129.0951148
SENTINEL CREEK,Pink (even),608,Hecate Lowlands (even),Central Coast,1881.0,4231,52.55077023,-129.0951148
SENTINEL CREEK,Pink (odd),611,Hecate Strait-Lowlands (odd),Central Coast,1881.0,5117,52.55077023,-129.0951148
SENTINEL CREEK,Coho,520,Hecate Strait Mainland,Central Coast,1881.0,2715,52.55077023,-129.0951148
SENTINEL CREEK,River sockeye,615,Northern Coastal Streams (river-type),Central Coast,1881.0,6134,52.55077023,-129.0951148
SEYMOUR RIVER,Pink (odd),610,Homathko-Klinaklini-Smith-Rivers-Bella Coola-Dean (odd),Central Coast,897.0,5478,51.19330668,-126.6725475
SHAW CREEK,Coho,520,Hecate Strait Mainland,Central Coast,1948.0,2777,53.66972584,-130.1293272
SHAW CREEK,Pink (odd),611,Hecate Strait-Lowlands (odd),Central Coast,1948.0,5180,53.66972584,-130.1293272
SHAW CREEK,Chum,506,Hecate Lowlands,Central Coast,1948.0,676,53.66972584,-130.1293272
SHAW CREEK,Pink (even),608,Hecate Lowlands (even),Central Coast,1948.0,4295,53.66972584,-130.1293272
SHEEMAHANT RIVER,Lake sockeye,525,Owikeno,Central Coast,943.0,6627,51.74014207,-126.6221249
SHEEMAHANT RIVER,Chinook,510,Rivers Inlet,Central Coast,943.0,1985,51.74014207,-126.6221249
SHEEMAHANT RIVER,Coho,517,Rivers Inlet,Central Coast,943.0,3586,51.74014207,-126.6221249
SHENEEZA CREEK,Pink (odd),611,Hecate Strait-Lowlands (odd),Central Coast,1926.0,5160,53.54093605,-129.8756454
SHENEEZA CREEK,Pink (even),608,Hecate Lowlands (even),Central Coast,1926.0,4275,53.54093605,-129.8756454
SHENEEZA CREEK,Chum,506,Hecate Lowlands,Central Coast,1926.0,655,53.54093605,-129.8756454
SHENEEZA CREEK,Coho,520,Hecate Strait Mainland,Central Coast,1926.0,2756,53.54093605,-129.8756454
SHENEEZA CREEK,Lake sockeye,592,Sheneeza Inlet,Central Coast,1926.0,6162,53.54093605,-129.8756454
SHIP POINT CREEK,Pink (odd),611,Hecate Strait-Lowlands (odd),Central Coast,1810.0,4999,52.08435032,-128.1578794
SHIP POINT CREEK,Lake sockeye,593,Ship Point Creek,Central Coast,1810.0,6072,52.08435032,-128.1578794
SHIP POINT CREEK,Pink (even),608,Hecate Lowlands (even),Central Coast,1810.0,4099,52.08435032,-128.1578794
SHIP POINT CREEK,Chum,503,Spiller-Fitz-Hugh-Burke,Central Coast,1810.0,481,52.08435032,-128.1578794
SHIP POINT CREEK,Coho,520,Hecate Strait Mainland,Central Coast,1810.0,2589,52.08435032,-128.1578794
SIMOOM SOUND CREEK,Pink (odd),610,Homathko-Klinaklini-Smith-Rivers-Bella Coola-Dean (odd),Central Coast,870.0,5603,50.84913228,-126.4665281
SKENE COVE CREEK,Coho,520,Hecate Strait Mainland,Central Coast,3552.0,2105,53.84433816,-130.3537848
SKIMLETS CREEK,Coho,518,Bella Coola-Dean Rivers,Central Coast,2095.0,2116,52.37717651,-126.6533975
SKIMLETS CREEK,Pink (odd),610,Homathko-Klinaklini-Smith-Rivers-Bella Coola-Dean (odd),Central Coast,2095.0,4780,52.37717651,-126.6533975
SKIMLETS CREEK,Chum,504,Bella Coola-Dean Rivers,Central Coast,2095.0,20,52.37717651,-126.6533975
SKOWQUILTZ RIVER,Pink (odd),612,Hecate Strait-Fjords (odd),Central Coast,978.0,5665,52.60853844,-127.1699633
SKOWQUILTZ RIVER,Coho,523,Northern Coastal Streams,Central Coast,978.0,3614,52.60853844,-127.1699633
SKOWQUILTZ RIVER,River sockeye,614,Northern Coastal Fjords (river-type),Central Coast,978.0,6648,52.60853844,-127.1699633
SKOWQUILTZ RIVER,Chum,504,Bella Coola-Dean Rivers,Central Coast,978.0,1238,52.60853844,-127.1699633
SKOWQUILTZ RIVER,Pink (even),609,Hecate Strait-Fjords (even),Central Coast,978.0,4665,52.60853844,-127.1699633
SKULL CREEK,Chum,506,Hecate Lowlands,Central Coast,1945.0,673,53.53939924,-130.4834153
SKULL CREEK,Coho,520,Hecate Strait Mainland,Central Coast,1945.0,2774,53.53939924,-130.4834153
SKULL CREEK,Pink (odd),611,Hecate Strait-Lowlands (odd),Central Coast,1945.0,5177,53.53939924,-130.4834153
SKULL CREEK,Pink (even),608,Hecate Lowlands (even),Central Coast,1945.0,4292,53.53939924,-130.4834153
SMOKEHOUSE CREEK,Lake sockeye,524,Long,Central Coast,916.0,6545,51.28806929,-127.0474637
SMOKEHOUSE CREEK,Coho,516,Smith Inlet,Central Coast,916.0,3350,51.28806929,-127.0474637
SNASS CREEK,Coho,520,Hecate Strait Mainland,Central Coast,1963.0,2679,53.91447189,-130.5740264
SNOOKA CREEK,Coho,518,Bella Coola-Dean Rivers,Central Coast,2243.0,2118,52.36952423,-126.6642634
SNOOTLI CREEK,Pink (odd),610,Homathko-Klinaklini-Smith-Rivers-Bella Coola-Dean (odd),Central Coast,969.0,5657,52.37995087,-126.6387166
SNOOTLI CREEK,Pink (even),609,Hecate Strait-Fjords (even),Central Coast,969.0,4657,52.37995087,-126.6387166
SNOOTLI CREEK,River sockeye,614,Northern Coastal Fjords (river-type),Central Coast,969.0,6643,52.37995087,-126.6387166
SNOOTLI CREEK,Chum,504,Bella Coola-Dean Rivers,Central Coast,969.0,1230,52.37995087,-126.6387166
SNOOTLI CREEK,Coho,518,Bella Coola-Dean Rivers,Central Coast,969.0,3608,52.37995087,-126.6387166
SODA CREEK,Chinook,515,North & Central Coast-Early,Central Coast,1839.0,1556,52.83439164,-128.5490827
SODA CREEK,River sockeye,615,Northern Coastal Streams (river-type),Central Coast,1839.0,6049,52.83439164,-128.5490827
SODA CREEK,Coho,523,Northern Coastal Streams,Central Coast,1839.0,2510,52.83439164,-128.5490827
SODA CREEK,Chum,506,Hecate Lowlands,Central Coast,1839.0,391,52.83439164,-128.5490827
SODA CREEK,Pink (even),609,Hecate Strait-Fjords (even),Central Coast,1839.0,4024,52.83439164,-128.5490827
SODA CREEK,Pink (odd),612,Hecate Strait-Fjords (odd),Central Coast,1839.0,4957,52.83439164,-128.5490827
SOUND POINT LAGOON CREEK,Coho,520,Hecate Strait Mainland,Central Coast,1812.0,2591,52.20256821,-128.4158348
SOUND POINT LAGOON CREEK,Lake sockeye,606,Yaaklele Lagoon,Central Coast,1812.0,6074,52.20256821,-128.4158348
SOUND POINT LAGOON CREEK,Pink (even),608,Hecate Lowlands (even),Central Coast,1812.0,4100,52.20256821,-128.4158348
SOUND POINT LAGOON CREEK,Chum,506,Hecate Lowlands,Central Coast,1812.0,483,52.20256821,-128.4158348
SPENCER CREEK,Coho,520,Hecate Strait Mainland,Central Coast,1934.0,2764,53.51682557,-130.1232069
SPENCER CREEK,Chum,506,Hecate Lowlands,Central Coast,1934.0,663,53.51682557,-130.1232069
SPENCER CREEK,Pink (odd),611,Hecate Strait-Lowlands (odd),Central Coast,1934.0,5168,53.51682557,-130.1232069
SPENCER CREEK,Lake sockeye,594,Spencer Creek,Central Coast,1934.0,6166,53.51682557,-130.1232069
SPENCER CREEK,Pink (even),608,Hecate Lowlands (even),Central Coast,1934.0,4283,53.51682557,-130.1232069
SPILLER LAGOON CREEK,Coho,520,Hecate Strait Mainland,Central Coast,1000.0,3634,52.37596004,-128.2276462
SPILLER LAGOON CREEK,Pink (even),608,Hecate Lowlands (even),Central Coast,1000.0,4685,52.37596004,-128.2276462
SPILLER LAGOON CREEK,Chum,506,Hecate Lowlands,Central Coast,1000.0,1260,52.37596004,-128.2276462
SPILLER LAGOON CREEK,Pink (odd),611,Hecate Strait-Lowlands (odd),Central Coast,1000.0,5686,52.37596004,-128.2276462
STANNARD CREEK,Lake sockeye,595,Stannard Creek,Central Coast,1889.0,6141,52.73595588,-129.2619134
STANNARD CREEK,Pink (odd),611,Hecate Strait-Lowlands (odd),Central Coast,1889.0,5125,52.73595588,-129.2619134
STANNARD CREEK,Coho,520,Hecate Strait Mainland,Central Coast,1889.0,2723,52.73595588,-129.2619134
STANNARD CREEK,Chum,506,Hecate Lowlands,Central Coast,1889.0,619,52.73595588,-129.2619134
STANNARD CREEK,Pink (even),608,Hecate Lowlands (even),Central Coast,1889.0,4239,52.73595588,-129.2619134
STEELHEAD CREEK,Chum,504,Bella Coola-Dean Rivers,Central Coast,980.0,1240,52.52141324,-127.2685874
STEELHEAD CREEK,Coho,523,Northern Coastal Streams,Central Coast,980.0,3616,52.52141324,-127.2685874
STEELHEAD CREEK,Pink (odd),612,Hecate Strait-Fjords (odd),Central Coast,980.0,5667,52.52141324,-127.2685874
STEELHEAD CREEK,Pink (even),609,Hecate Strait-Fjords (even),Central Coast,980.0,4667,52.52141324,-127.2685874
STEEP CREEK,Pink (odd),611,Hecate Strait-Lowlands (odd),Central Coast,1858.0,5095,52.67246611,-128.8509864
STEEP CREEK,River sockeye,615,Northern Coastal Streams (river-type),Central Coast,1858.0,6118,52.67246611,-128.8509864
STEEP CREEK,Pink (even),608,Hecate Lowlands (even),Central Coast,1858.0,4208,52.67246611,-128.8509864
STEEP CREEK,Coho,520,Hecate Strait Mainland,Central Coast,1858.0,2692,52.67246611,-128.8509864
STEEP CREEK,Chum,506,Hecate Lowlands,Central Coast,1858.0,589,52.67246611,-128.8509864
STEWART CREEK,Chum,506,Hecate Lowlands,Central Coast,1912.0,641,53.39485922,-129.4164621
STEWART CREEK,Coho,520,Hecate Strait Mainland,Central Coast,1912.0,2742,53.39485922,-129.4164621
STEWART CREEK,Pink (odd),611,Hecate Strait-Lowlands (odd),Central Coast,1912.0,5146,53.39485922,-129.4164621
STEWART CREEK,Pink (odd),611,Hecate Strait-Lowlands (odd),Central Coast,1789.0,5055,51.89771053,-128.1209246
STEWART CREEK,Chum,503,Spiller-Fitz-Hugh-Burke,Central Coast,1789.0,549,51.89771053,-128.1209246
STEWART CREEK,Pink (even),608,Hecate Lowlands (even),Central Coast,1789.0,4164,51.89771053,-128.1209246
STEWART CREEK,Pink (even),608,Hecate Lowlands (even),Central Coast,1912.0,4261,53.39485922,-129.4164621
STEWART CREEK,Coho,520,Hecate Strait Mainland,Central Coast,1789.0,2653,51.89771053,-128.1209246
STRAWBERRY FLATS CREEK,Coho,522,Douglas Channel-Kitimat Arm,Central Coast,1051.0,3452,54.02032208,-128.6755166
SYLVIA CREEK,Coho,520,Hecate Strait Mainland,Central Coast,2340.0,2827,53.50513004,-129.5603268
TAKUSH RIVER,Coho,516,Smith Inlet,Central Coast,913.0,3347,51.26459397,-127.599035
TAKUSH RIVER,Pink (even),608,Hecate Lowlands (even),Central Coast,913.0,4493,51.26459397,-127.599035
TAKUSH RIVER,Pink (odd),611,Hecate Strait-Lowlands (odd),Central Coast,913.0,5483,51.26459397,-127.599035
TAKUSH RIVER,Chum,500,Smith Inlet,Central Coast,913.0,985,51.26459397,-127.599035
TALAMOOSA CREEK,Pink (even),608,Hecate Lowlands (even),Central Coast,1860.0,4210,52.71935107,-128.9784323
TALAMOOSA CREEK,Pink (odd),611,Hecate Strait-Lowlands (odd),Central Coast,1860.0,5097,52.71935107,-128.9784323
TALAMOOSA CREEK,Coho,520,Hecate Strait Mainland,Central Coast,1860.0,2694,52.71935107,-128.9784323
TALAMOOSA CREEK,Lake sockeye,596,Talamoosa Creek,Central Coast,1860.0,6120,52.71935107,-128.9784323
TALAMOOSA CREEK,Chum,506,Hecate Lowlands,Central Coast,1860.0,591,52.71935107,-128.9784323
TALCHAKO RIVER,Coho,518,Bella Coola-Dean Rivers,Central Coast,2240.0,2131,52.37660098,-126.0955925
TALEOMEY RIVER,Coho,518,Bella Coola-Dean Rivers,Central Coast,965.0,3605,52.02671133,-126.6829454
TALEOMEY RIVER,Chinook,512,Bella Coola-Bentinck,Central Coast,965.0,1995,52.02671133,-126.6829454
TALEOMEY RIVER,Pink (odd),610,Homathko-Klinaklini-Smith-Rivers-Bella Coola-Dean (odd),Central Coast,965.0,5653,52.02671133,-126.6829454
TALEOMEY RIVER,Pink (even),609,Hecate Strait-Fjords (even),Central Coast,965.0,4653,52.02671133,-126.6829454
TALEOMEY RIVER,Chum,504,Bella Coola-Dean Rivers,Central Coast,965.0,1226,52.02671133,-126.6829454
TALEOMEY RIVER,River sockeye,614,Northern Coastal Fjords (river-type),Central Coast,965.0,6641,52.02671133,-126.6829454
TANKEEAH RIVER,Pink (even),608,Hecate Lowlands (even),Central Coast,1001.0,4686,52.30587326,-128.2577735
TANKEEAH RIVER,Chum,506,Hecate Lowlands,Central Coast,1001.0,1261,52.30587326,-128.2577735
TANKEEAH RIVER,Coho,520,Hecate Strait Mainland,Central Coast,1001.0,3635,52.30587326,-128.2577735
TANKEEAH RIVER,Lake sockeye,597,Tankeeah River,Central Coast,1001.0,6662,52.30587326,-128.2577735
TANKEEAH RIVER,Pink (odd),611,Hecate Strait-Lowlands (odd),Central Coast,1001.0,5687,52.30587326,-128.2577735
TASTSQUAN CREEK,Pink (odd),610,Homathko-Klinaklini-Smith-Rivers-Bella Coola-Dean (odd),Central Coast,2241.0,4788,52.37162635,-126.7423399
TASTSQUAN CREEK,Coho,518,Bella Coola-Dean Rivers,Central Coast,2241.0,2132,52.37162635,-126.7423399
TASTSQUAN CREEK,Chum,504,Bella Coola-Dean Rivers,Central Coast,2241.0,30,52.37162635,-126.7423399
TASTSQUAN CREEK,Pink (even),609,Hecate Strait-Fjords (even),Central Coast,2241.0,3786,52.37162635,-126.7423399
TAYLOR CREEK,Pink (odd),612,Hecate Strait-Fjords (odd),Central Coast,1019.0,5616,52.97894177,-128.5094946
TAYLOR CREEK,Coho,519,Mussel-Kynoch,Central Coast,1019.0,3540,52.97894177,-128.5094946
TAYLOR CREEK,Pink (even),609,Hecate Strait-Fjords (even),Central Coast,1019.0,4614,52.97894177,-128.5094946
TAYLOR CREEK,Chum,507,Mussel-Kynoch,Central Coast,1019.0,1168,52.97894177,-128.5094946
TETLOCK CREEK,Pink (even),609,Hecate Strait-Fjords (even),Central Coast,1075.0,10330,54.23856957,-128.2626479
TETLOCK CREEK,River sockeye,614,Northern Coastal Fjords (river-type),Central Coast,1075.0,6690,54.23856957,-128.2626479
TETLOCK CREEK,Chum,508,Douglas-Gardner,Central Coast,1075.0,1308,54.23856957,-128.2626479
THIRD CREEK,Pink (odd),611,Hecate Strait-Lowlands (odd),Central Coast,956.0,5645,51.71822032,-127.7336349
THIRD CREEK,Coho,520,Hecate Strait Mainland,Central Coast,956.0,3598,51.71822032,-127.7336349
THIRD CREEK,Lake sockeye,555,Elizabeth,Central Coast,956.0,6635,51.71822032,-127.7336349
THORSEN CREEK,Pink (odd),610,Homathko-Klinaklini-Smith-Rivers-Bella Coola-Dean (odd),Central Coast,2242.0,4782,52.36815655,-126.7022862
THORSEN CREEK,Coho,518,Bella Coola-Dean Rivers,Central Coast,2242.0,2117,52.36815655,-126.7022862
THORSEN CREEK,Pink (even),609,Hecate Strait-Fjords (even),Central Coast,2242.0,3781,52.36815655,-126.7022862
THORSEN CREEK,Chum,504,Bella Coola-Dean Rivers,Central Coast,2242.0,23,52.36815655,-126.7022862
THORWALD CREEK,Pink (even),609,Hecate Strait-Fjords (even),Central Coast,963.0,4651,52.31491287,-127.1549152
THORWALD CREEK,Chum,503,Spiller-Fitz-Hugh-Burke,Central Coast,963.0,1224,52.31491287,-127.1549152
TOM BAY CREEK,Pink (even),608,Hecate Lowlands (even),Central Coast,1005.0,4689,52.39013661,-128.2612112
TOM BAY CREEK,Chum,506,Hecate Lowlands,Central Coast,1005.0,1265,52.39013661,-128.2612112
TOM BAY CREEK,Coho,520,Hecate Strait Mainland,Central Coast,1005.0,3639,52.39013661,-128.2612112
TOM BAY CREEK,Pink (odd),611,Hecate Strait-Lowlands (odd),Central Coast,1005.0,5691,52.39013661,-128.2612112
TRAHEY CREEK,Pink (odd),611,Hecate Strait-Lowlands (odd),Central Coast,1857.0,5094,52.71431366,-128.8064778
TRAHEY CREEK,River sockeye,615,Northern Coastal Streams (river-type),Central Coast,1857.0,6117,52.71431366,-128.8064778
TRAHEY CREEK,Pink (even),608,Hecate Lowlands (even),Central Coast,1857.0,4207,52.71431366,-128.8064778
TRAHEY CREEK,Coho,520,Hecate Strait Mainland,Central Coast,1857.0,2691,52.71431366,-128.8064778
TRAHEY CREEK,Chum,506,Hecate Lowlands,Central Coast,1857.0,588,52.71431366,-128.8064778
TRENEMAN CREEK,Pink (odd),611,Hecate Strait-Lowlands (odd),Central Coast,1888.0,5124,52.69363978,-129.2271413
TRENEMAN CREEK,Pink (even),608,Hecate Lowlands (even),Central Coast,1888.0,4238,52.69363978,-129.2271413
TRENEMAN CREEK,Lake sockeye,598,Treneman Creek,Central Coast,1888.0,6140,52.69363978,-129.2271413
TRENEMAN CREEK,Chum,506,Hecate Lowlands,Central Coast,1888.0,618,52.69363978,-129.2271413
TRENEMAN CREEK,Coho,520,Hecate Strait Mainland,Central Coast,1888.0,2722,52.69363978,-129.2271413
TROUPE NORTH,Chum,503,Spiller-Fitz-Hugh-Burke,Central Coast,,10630,52.28952778,-128.0285833
TROUPE NORTH,Pink (odd),611,Hecate Strait-Lowlands (odd),Central Coast,,10633,52.28952778,-128.0285833
TROUPE NORTH,Coho,520,Hecate Strait Mainland,Central Coast,,10631,52.28952778,-128.0285833
TROUPE NORTH,River sockeye,615,Northern Coastal Streams (river-type),Central Coast,,10632,52.28952778,-128.0285833
TROUPE NORTH,Pink (even),608,Hecate Lowlands (even),Central Coast,,10634,52.28952778,-128.0285833
TROUPE SOUTH,Chum,503,Spiller-Fitz-Hugh-Burke,Central Coast,,10635,52.28052778,-128.04225
TROUPE SOUTH,Coho,520,Hecate Strait Mainland,Central Coast,,10636,52.28052778,-128.04225
TROUPE SOUTH,Pink (odd),611,Hecate Strait-Lowlands (odd),Central Coast,,10638,52.28052778,-128.04225
TROUPE SOUTH,River sockeye,615,Northern Coastal Streams (river-type),Central Coast,,10637,52.28052778,-128.04225
TROUPE SOUTH,Pink (even),608,Hecate Lowlands (even),Central Coast,,10639,52.28052778,-128.04225
TROUT CREEK,Coho,522,Douglas Channel-Kitimat Arm,Central Coast,1058.0,3459,54.1396482,-128.6539904
TSAYTIS RIVER,Pink (odd),612,Hecate Strait-Fjords (odd),Central Coast,1033.0,5529,53.24219345,-127.8752392
TSAYTIS RIVER,Chum,508,Douglas-Gardner,Central Coast,1033.0,1069,53.24219345,-127.8752392
TSAYTIS RIVER,Pink (even),609,Hecate Strait-Fjords (even),Central Coast,1033.0,4525,53.24219345,-127.8752392
TSAYTIS RIVER,Chinook,515,North & Central Coast-Early,Central Coast,1033.0,1923,53.24219345,-127.8752392
TSAYTIS RIVER,Coho,523,Northern Coastal Streams,Central Coast,1033.0,3434,53.24219345,-127.8752392
TSIMTACK LAKE CREEK,Lake sockeye,599,Tsimtack/Moore/Roger,Central Coast,1916.0,6155,53.38100392,-129.465929
TSIMTACK LAKE CREEK,Pink (even),608,Hecate Lowlands (even),Central Coast,1916.0,4265,53.38100392,-129.465929
TSIMTACK LAKE CREEK,Chum,506,Hecate Lowlands,Central Coast,1916.0,645,53.38100392,-129.465929
TSIMTACK LAKE CREEK,Pink (odd),611,Hecate Strait-Lowlands (odd),Central Coast,1916.0,5150,53.38100392,-129.465929
TSIMTACK LAKE CREEK,Coho,520,Hecate Strait Mainland,Central Coast,1916.0,2746,53.38100392,-129.465929
TUNO CREEK WEST,Coho,520,Hecate Strait Mainland,Central Coast,1003.0,3637,52.29723969,-128.3569893
TUNO CREEK WEST,Lake sockeye,601,Tuno Creek West,Central Coast,1003.0,6664,52.29723969,-128.3569893
TUNO CREEK WEST,Pink (odd),611,Hecate Strait-Lowlands (odd),Central Coast,1003.0,5689,52.29723969,-128.3569893
TUNO CREEK WEST,Chum,506,Hecate Lowlands,Central Coast,1003.0,1263,52.29723969,-128.3569893
TUNO CREEK-EAST,Coho,520,Hecate Strait Mainland,Central Coast,1002.0,3636,52.28449018,-128.3216395
TUNO CREEK-EAST,Lake sockeye,600,Tuno Creek East,Central Coast,1002.0,6663,52.28449018,-128.3216395
TUNO CREEK-EAST,Pink (even),608,Hecate Lowlands (even),Central Coast,1002.0,4687,52.28449018,-128.3216395
TUNO CREEK-EAST,Chum,506,Hecate Lowlands,Central Coast,1002.0,1262,52.28449018,-128.3216395
TUNO CREEK-EAST,Pink (odd),611,Hecate Strait-Lowlands (odd),Central Coast,1002.0,5688,52.28449018,-128.3216395
TURN CREEK,River sockeye,614,Northern Coastal Fjords (river-type),Central Coast,1901.0,6148,53.22435716,-129.3025408
TURN CREEK,Pink (even),608,Hecate Lowlands (even),Central Coast,1901.0,4250,53.22435716,-129.3025408
TURN CREEK,Chum,506,Hecate Lowlands,Central Coast,1901.0,630,53.22435716,-129.3025408
TURN CREEK,Pink (odd),611,Hecate Strait-Lowlands (odd),Central Coast,1901.0,5135,53.22435716,-129.3025408
TURN CREEK,Coho,523,Northern Coastal Streams,Central Coast,1901.0,2732,53.22435716,-129.3025408
TURTLE CREEK,Coho,523,Northern Coastal Streams,Central Coast,1903.0,2734,53.32116067,-129.2798663
TURTLE CREEK,Pink (odd),611,Hecate Strait-Lowlands (odd),Central Coast,1903.0,5137,53.32116067,-129.2798663
TURTLE CREEK,River sockeye,614,Northern Coastal Fjords (river-type),Central Coast,1903.0,10343,53.32116067,-129.2798663
TURTLE CREEK,Chum,506,Hecate Lowlands,Central Coast,1903.0,632,53.32116067,-129.2798663
TURTLE CREEK,Pink (even),608,Hecate Lowlands (even),Central Coast,1903.0,4252,53.32116067,-129.2798663
TUWARTZ CREEK,Coho,520,Hecate Strait Mainland,Central Coast,1918.0,2748,53.29191593,-129.5400244
TUWARTZ CREEK,Pink (odd),611,Hecate Strait-Lowlands (odd),Central Coast,1918.0,5152,53.29191593,-129.5400244
TUWARTZ CREEK,River sockeye,614,Northern Coastal Fjords (river-type),Central Coast,1918.0,6157,53.29191593,-129.5400244
TUWARTZ CREEK,Chum,506,Hecate Lowlands,Central Coast,1918.0,647,53.29191593,-129.5400244
TUWARTZ CREEK,Pink (even),608,Hecate Lowlands (even),Central Coast,1918.0,4267,53.29191593,-129.5400244
TYLER CREEK,Lake sockeye,602,Tyler Creek,Central Coast,1854.0,6114,52.84756981,-128.7815193
TYLER CREEK,Coho,520,Hecate Strait Mainland,Central Coast,1854.0,2688,52.84756981,-128.7815193
TYLER CREEK,Pink (odd),611,Hecate Strait-Lowlands (odd),Central Coast,1854.0,5091,52.84756981,-128.7815193
TYLER CREEK,Pink (even),608,Hecate Lowlands (even),Central Coast,1854.0,4204,52.84756981,-128.7815193
TYLER CREEK,Chum,506,Hecate Lowlands,Central Coast,1854.0,585,52.84756981,-128.7815193
TZEO RIVER,Coho,517,Rivers Inlet,Central Coast,946.0,3589,51.84423023,-126.667518
TZEO RIVER,Lake sockeye,525,Owikeno,Central Coast,946.0,6630,51.84423023,-126.667518
TZEO RIVER,Pink (even),609,Hecate Strait-Fjords (even),Central Coast,946.0,4636,51.84423023,-126.667518
TZEO RIVER,Chinook,510,Rivers Inlet,Central Coast,946.0,1988,51.84423023,-126.667518
VERNEY PASSAGE CREEK,Pink (even),609,Hecate Strait-Fjords (even),Central Coast,1907.0,4256,53.56844619,-128.9974654
VERNEY PASSAGE CREEK,Chum,508,Douglas-Gardner,Central Coast,1907.0,636,53.56844619,-128.9974654
VERNEY PASSAGE CREEK,Pink (odd),612,Hecate Strait-Fjords (odd),Central Coast,1907.0,5141,53.56844619,-128.9974654
VERNEY PASSAGE CREEK,River sockeye,614,Northern Coastal Fjords (river-type),Central Coast,1907.0,6151,53.56844619,-128.9974654
VERNEY PASSAGE CREEK,Coho,523,Northern Coastal Streams,Central Coast,1907.0,2738,53.56844619,-128.9974654
WAHGILAH CREEK,River sockeye,615,Northern Coastal Streams (river-type),Central Coast,1811.0,6073,52.19726731,-128.3728154
WAHGILAH CREEK,Coho,520,Hecate Strait Mainland,Central Coast,1811.0,2590,52.19726731,-128.3728154
WAHGILAH CREEK,Chum,506,Hecate Lowlands,Central Coast,1811.0,482,52.19726731,-128.3728154
WAHOO CREEK,Chum,508,Douglas-Gardner,Central Coast,1035.0,1071,53.49208146,-128.1191883
WAHOO CREEK,Chinook,515,North & Central Coast-Early,Central Coast,1035.0,1925,53.49208146,-128.1191883
WAHOO CREEK,Pink (even),609,Hecate Strait-Fjords (even),Central Coast,1035.0,4527,53.49208146,-128.1191883
WAHOO CREEK,Coho,523,Northern Coastal Streams,Central Coast,1035.0,3436,53.49208146,-128.1191883
WAHOO CREEK,River sockeye,614,Northern Coastal Fjords (river-type),Central Coast,1035.0,6570,53.49208146,-128.1191883
WAHOO CREEK,Pink (odd),612,Hecate Strait-Fjords (odd),Central Coast,1035.0,5531,53.49208146,-128.1191883
WAKEMAN RIVER,Pink (odd),610,Homathko-Klinaklini-Smith-Rivers-Bella Coola-Dean (odd),Central Coast,874.0,5606,51.03800007,-126.5181888
WALE CREEK,Pink (even),608,Hecate Lowlands (even),Central Coast,1863.0,4213,52.83857448,-129.0019183
WALE CREEK,Pink (odd),611,Hecate Strait-Lowlands (odd),Central Coast,1863.0,5099,52.83857448,-129.0019183
WALE CREEK,Coho,520,Hecate Strait Mainland,Central Coast,1863.0,2697,52.83857448,-129.0019183
WALE CREEK,Chum,506,Hecate Lowlands,Central Coast,1863.0,593,52.83857448,-129.0019183
WALE CREEK,Lake sockeye,603,Wale Creek,Central Coast,1863.0,6123,52.83857448,-129.0019183
WALKER ISLAND CREEK,Chum,503,Spiller-Fitz-Hugh-Burke,Central Coast,2096.0,21,52.08684126,-128.139164
WALKER LAKE CREEK,Pink (odd),611,Hecate Strait-Lowlands (odd),Central Coast,988.0,5675,52.26835964,-127.9067887
WALKER LAKE CREEK,Chum,503,Spiller-Fitz-Hugh-Burke,Central Coast,988.0,1248,52.26835964,-127.9067887
WALKER LAKE CREEK,Pink (even),608,Hecate Lowlands (even),Central Coast,988.0,4675,52.26835964,-127.9067887
WALKUM CREEK,Pink (even),609,Hecate Strait-Fjords (even),Central Coast,917.0,4495,51.35257315,-127.0564565
WALKUM CREEK,River sockeye,613,Rivers-Smith Inlets (river-type),Central Coast,917.0,6546,51.35257315,-127.0564565
WALKUM CREEK,Pink (odd),610,Homathko-Klinaklini-Smith-Rivers-Bella Coola-Dean (odd),Central Coast,917.0,5485,51.35257315,-127.0564565
WALKUM CREEK,Chum,500,Smith Inlet,Central Coast,917.0,987,51.35257315,-127.0564565
WALKUM CREEK,Coho,516,Smith Inlet,Central Coast,917.0,3351,51.35257315,-127.0564565
WANNOCK RIVER,Pink (odd),610,Homathko-Klinaklini-Smith-Rivers-Bella Coola-Dean (odd),Central Coast,935.0,5549,51.6791075,-127.2505923
WANNOCK RIVER,Coho,517,Rivers Inlet,Central Coast,935.0,3468,51.6791075,-127.2505923
WANNOCK RIVER,Pink (even),609,Hecate Strait-Fjords (even),Central Coast,935.0,4547,51.6791075,-127.2505923
WANNOCK RIVER,Lake sockeye,527,Wannock (Owikeno),Central Coast,935.0,6582,51.6791075,-127.2505923
WANNOCK RIVER,Chum,502,Wannock,Central Coast,935.0,1095,51.6791075,-127.2505923
WANNOCK RIVER,Chinook,511,Wannock,Central Coast,935.0,1936,51.6791075,-127.2505923
WASHWASH RIVER,Lake sockeye,525,Owikeno,Central Coast,945.0,6629,51.85468047,-126.665259
WASHWASH RIVER,Chinook,510,Rivers Inlet,Central Coast,945.0,1987,51.85468047,-126.665259
WASHWASH RIVER,Pink (even),609,Hecate Strait-Fjords (even),Central Coast,945.0,4635,51.85468047,-126.665259
WASHWASH RIVER,Pink (odd),610,Homathko-Klinaklini-Smith-Rivers-Bella Coola-Dean (odd),Central Coast,945.0,5636,51.85468047,-126.665259
WASHWASH RIVER,Coho,517,Rivers Inlet,Central Coast,945.0,3588,51.85468047,-126.665259
WASHWASH RIVER,Chum,501,Rivers Inlet,Central Coast,945.0,1209,51.85468047,-126.665259
WATHL CREEK,Chum,508,Douglas-Gardner,Central Coast,1046.0,1082,53.97886983,-128.6515821
WATHL CREEK,River sockeye,614,Northern Coastal Fjords (river-type),Central Coast,1046.0,10347,53.97886983,-128.6515821
WATHL CREEK,Coho,522,Douglas Channel-Kitimat Arm,Central Coast,1046.0,3447,53.97886983,-128.6515821
WATHL CREEK,Pink (even),609,Hecate Strait-Fjords (even),Central Coast,1046.0,4538,53.97886983,-128.6515821
WATHL CREEK,Pink (odd),612,Hecate Strait-Fjords (odd),Central Coast,1046.0,5542,53.97886983,-128.6515821
WATHLSTO CREEK,Pink (odd),612,Hecate Strait-Fjords (odd),Central Coast,2655.0,5195,53.94742259,-128.6609202
WATHLSTO CREEK,Pink (even),609,Hecate Strait-Fjords (even),Central Coast,2655.0,4310,53.94742259,-128.6609202
WATHLSTO CREEK,Chum,508,Douglas-Gardner,Central Coast,2655.0,685,53.94742259,-128.6609202
WATHLSTO CREEK,Coho,522,Douglas Channel-Kitimat Arm,Central Coast,2655.0,10317,53.94742259,-128.6609202
WATSON BAY CREEK,River sockeye,615,Northern Coastal Streams (river-type),Central Coast,1831.0,6046,52.66504177,-128.3531566
WATSON BAY CREEK,Pink (odd),611,Hecate Strait-Lowlands (odd),Central Coast,1831.0,4949,52.66504177,-128.3531566
WATSON BAY CREEK,Chum,506,Hecate Lowlands,Central Coast,1831.0,383,52.66504177,-128.3531566
WATSON BAY CREEK,Coho,520,Hecate Strait Mainland,Central Coast,1831.0,2502,52.66504177,-128.3531566
WATSON BAY CREEK,Pink (even),608,Hecate Lowlands (even),Central Coast,1831.0,4016,52.66504177,-128.3531566
WATT CREEK,Lake sockeye,604,Watt Bay,Central Coast,1786.0,6089,51.84058976,-128.1009622
WATT CREEK,Pink (odd),611,Hecate Strait-Lowlands (odd),Central Coast,1786.0,5052,51.84058976,-128.1009622
WATT CREEK,Chum,503,Spiller-Fitz-Hugh-Burke,Central Coast,1786.0,546,51.84058976,-128.1009622
WATT CREEK,Coho,520,Hecate Strait Mainland,Central Coast,1786.0,2650,51.84058976,-128.1009622
WATT CREEK,Pink (even),608,Hecate Lowlands (even),Central Coast,1786.0,4162,51.84058976,-128.1009622
WAUMP CREEK,Pink (odd),610,Homathko-Klinaklini-Smith-Rivers-Bella Coola-Dean (odd),Central Coast,905.0,5480,51.19005388,-126.9226153
WEBSTER LAKE CREEK,Chum,503,Spiller-Fitz-Hugh-Burke,Central Coast,1807.0,567,52.28380802,-127.9896922
WEBSTER LAKE CREEK,Pink (odd),611,Hecate Strait-Lowlands (odd),Central Coast,1807.0,5071,52.28380802,-127.9896922
WEBSTER LAKE CREEK,Coho,520,Hecate Strait Mainland,Central Coast,1807.0,2669,52.28380802,-127.9896922
WEBSTER LAKE CREEK,Pink (even),608,Hecate Lowlands (even),Central Coast,1807.0,4182,52.28380802,-127.9896922
WEBSTER LAKE CREEK,River sockeye,615,Northern Coastal Streams (river-type),Central Coast,1807.0,10342,52.28380802,-127.9896922
WEDEENE RIVER,Coho,522,Douglas Channel-Kitimat Arm,Central Coast,1060.0,3460,54.1342416,-128.6154669
WEDEENE RIVER,Chinook,515,North & Central Coast-Early,Central Coast,1060.0,1932,54.1342416,-128.6154669
WEDEENE RIVER,Pink (even),609,Hecate Strait-Fjords (even),Central Coast,1060.0,4544,54.1342416,-128.6154669
WEDEENE RIVER,Chum,508,Douglas-Gardner,Central Coast,1060.0,1089,54.1342416,-128.6154669
WEDEENE RIVER,Pink (odd),612,Hecate Strait-Fjords (odd),Central Coast,1060.0,5546,54.1342416,-128.6154669
WEEWANIE CREEK,Pink (even),609,Hecate Strait-Fjords (even),Central Coast,1040.0,4532,53.69089405,-128.7861288
WEEWANIE CREEK,Pink (odd),612,Hecate Strait-Fjords (odd),Central Coast,1040.0,5536,53.69089405,-128.7861288
WEEWANIE CREEK,Coho,523,Northern Coastal Streams,Central Coast,1040.0,3441,53.69089405,-128.7861288
WEEWANIE CREEK,Chum,508,Douglas-Gardner,Central Coast,1040.0,1076,53.69089405,-128.7861288
WEEWANIE CREEK,River sockeye,614,Northern Coastal Fjords (river-type),Central Coast,1040.0,6574,53.69089405,-128.7861288
WEST ARM CREEK,Pink (odd),612,Hecate Strait-Fjords (odd),Central Coast,1870.0,5106,53.13776812,-128.9774447
WEST ARM CREEK,Chum,506,Hecate Lowlands,Central Coast,1870.0,600,53.13776812,-128.9774447
WEST ARM CREEK,Coho,520,Hecate Strait Mainland,Central Coast,1870.0,2704,53.13776812,-128.9774447
WEST ARM CREEK,Pink (even),609,Hecate Strait-Fjords (even),Central Coast,1870.0,4220,53.13776812,-128.9774447
WEST ARM CREEK,River sockeye,614,Northern Coastal Fjords (river-type),Central Coast,1870.0,6126,53.13776812,-128.9774447
WEST CREEK,Coho,520,Hecate Strait Mainland,Central Coast,1957.0,2785,53.91464566,-130.4510216
WEST CREEK,Pink (even),608,Hecate Lowlands (even),Central Coast,1891.0,4241,52.74373064,-129.2853664
WEST CREEK,Chum,506,Hecate Lowlands,Central Coast,1891.0,621,52.74373064,-129.2853664
WEST CREEK,Lake sockeye,605,West Creek,Central Coast,1891.0,6143,52.74373064,-129.2853664
WEST CREEK,Pink (odd),611,Hecate Strait-Lowlands (odd),Central Coast,1891.0,5127,52.74373064,-129.2853664
WEST CREEK,Chinook,515,North & Central Coast-Early,Central Coast,1957.0,1579,53.91464566,-130.4510216
WEST CREEK,Coho,520,Hecate Strait Mainland,Central Coast,1891.0,2725,52.74373064,-129.2853664
WEST CREEK AND LAKE,Pink (even),608,Hecate Lowlands (even),Central Coast,1892.0,4242,52.82503021,-129.2762821
WEST CREEK AND LAKE,Chum,506,Hecate Lowlands,Central Coast,1892.0,622,52.82503021,-129.2762821
WHALEN CREEK,Chum,508,Douglas-Gardner,Central Coast,1872.0,602,53.24631993,-129.0714723
WHALEN CREEK,Pink (even),609,Hecate Strait-Fjords (even),Central Coast,1872.0,4222,53.24631993,-129.0714723
WHALEN CREEK,Pink (odd),612,Hecate Strait-Fjords (odd),Central Coast,1872.0,5108,53.24631993,-129.0714723
WHALEN CREEK,Coho,523,Northern Coastal Streams,Central Coast,1872.0,2706,53.24631993,-129.0714723
WILSON CREEK,Chum,506,Hecate Lowlands,Central Coast,1927.0,656,53.56385014,-129.8876384
WILSON CREEK,Coho,520,Hecate Strait Mainland,Central Coast,1927.0,2757,53.56385014,-129.8876384
WILSON CREEK,Pink (even),608,Hecate Lowlands (even),Central Coast,1927.0,4276,53.56385014,-129.8876384
WILSON CREEK,Pink (odd),611,Hecate Strait-Lowlands (odd),Central Coast,1927.0,5161,53.56385014,-129.8876384
WINDFALL CREEK,Pink (even),608,Hecate Lowlands (even),Central Coast,1004.0,4688,52.38259114,-128.3223392
WINDFALL CREEK,Pink (odd),611,Hecate Strait-Lowlands (odd),Central Coast,1004.0,5690,52.38259114,-128.3223392
WINDFALL CREEK,Coho,520,Hecate Strait Mainland,Central Coast,1004.0,3638,52.38259114,-128.3223392
WINDFALL CREEK,Chum,506,Hecate Lowlands,Central Coast,1004.0,1264,52.38259114,-128.3223392
WINDY BAY CREEK,Coho,519,Mussel-Kynoch,Central Coast,1837.0,2508,52.77533684,-128.203339
WINDY BAY CREEK,Pink (even),609,Hecate Strait-Fjords (even),Central Coast,1837.0,4022,52.77533684,-128.203339
WINDY BAY CREEK,Pink (odd),612,Hecate Strait-Fjords (odd),Central Coast,1837.0,4955,52.77533684,-128.203339
WINDY BAY CREEK,Chum,507,Mussel-Kynoch,Central Coast,1837.0,389,52.77533684,-128.203339
WINDY ISLAND CREEK,Chum,506,Hecate Lowlands,Central Coast,1899.0,628,53.10674452,-129.2981752
WINDY ISLAND CREEK,Pink (odd),611,Hecate Strait-Lowlands (odd),Central Coast,1899.0,5133,53.10674452,-129.2981752
WINDY ISLAND CREEK,Pink (even),608,Hecate Lowlands (even),Central Coast,1899.0,4248,53.10674452,-129.2981752
WINDY ISLAND CREEK,Coho,523,Northern Coastal Streams,Central Coast,1899.0,2730,53.10674452,-129.2981752
WORAN CREEK,Pink (even),609,Hecate Strait-Fjords (even),Central Coast,7990611.0,4669,52.45277631,-127.3242924
WORAN CREEK,River sockeye,614,Northern Coastal Fjords (river-type),Central Coast,7990611.0,6650,52.45277631,-127.3242924
WORAN CREEK,Pink (odd),612,Hecate Strait-Fjords (odd),Central Coast,7990611.0,5669,52.45277631,-127.3242924
WORAN CREEK,Coho,523,Northern Coastal Streams,Central Coast,7990611.0,3618,52.45277631,-127.3242924
WORAN CREEK,Chum,503,Spiller-Fitz-Hugh-Burke,Central Coast,7990611.0,1242,52.45277631,-127.3242924
YOUNG RIVER,Coho,517,Rivers Inlet,Central Coast,950.0,3593,51.8983031,-127.3507459
YOUNG RIVER,Chum,501,Rivers Inlet,Central Coast,950.0,1213,51.8983031,-127.3507459
YOUNG RIVER,Pink (odd),610,Homathko-Klinaklini-Smith-Rivers-Bella Coola-Dean (odd),Central Coast,950.0,5640,51.8983031,-127.3507459
YOUNG RIVER,River sockeye,613,Rivers-Smith Inlets (river-type),Central Coast,950.0,6632,51.8983031,-127.3507459
YOUNG RIVER,Pink (even),609,Hecate Strait-Fjords (even),Central Coast,950.0,4640,51.8983031,-127.3507459
15 MILE CREEK,Lake sockeye,732,Takla-Trembleur-Early Stuart (cyclic),Fraser,336.0,6319,55.3317788,-125.7675795
25 MILE CREEK,Lake sockeye,732,Takla-Trembleur-Early Stuart (cyclic),Fraser,333.0,6316,55.26763242,-125.7170315
ABBOTT CREEK,Lake sockeye,728,Quesnel-Summer (cyclic),Fraser,2403.0,6207,52.54266749,-121.1769212
ADAMS LAKE,Lake sockeye,739,Shuswap-Late (cyclic),Fraser,2437.0,6239,50.96109989,-119.675968
ADAMS LAKE-E-LAKE SHORE,Lake sockeye,739,Shuswap-Late (cyclic),Fraser,11556.0,5871,51.19017205,-119.5429364
ADAMS LAKE-N-LAKE SHORE,Lake sockeye,739,Shuswap-Late (cyclic),Fraser,11557.0,5872,51.40448655,-119.4391574
ADAMS LAKE-S-LAKE SHORE,Lake sockeye,739,Shuswap-Late (cyclic),Fraser,11558.0,5873,50.96705266,-119.7006229
ADAMS RIVER,Coho,708,South Thompson,Fraser,220.0,2932,50.89438552,-119.5541359
ADAMS RIVER,Pink (odd),710,Fraser River (odd),Fraser,220.0,5247,50.89438552,-119.5541359
ADAMS RIVER,Lake sockeye,739,Shuswap-Late (cyclic),Fraser,220.0,6368,50.89438552,-119.5541359
ADAMS RIVER,Chinook,313,South Thompson River (Summer 4-1),Fraser,220.0,1698,50.89438552,-119.5541359
ADAMS RIVER,Lake sockeye,738,Shuswap-Early Summer (cyclic),Fraser,220.0,6367,50.89438552,-119.5541359
ADAMS RIVER - LOWER,Coho,708,South Thompson,Fraser,3477.0,10519,50.89386286,-119.5505675
ADAMS RIVER - SHORE,Lake sockeye,739,Shuswap-Late (cyclic),Fraser,11541.0,5856,50.89452793,-119.549924
ADAMS RIVER - UPPER,Lake sockeye,760,Adams-Early Summer,Fraser,221.0,10378,51.40895048,-119.4585855
ADAMS RIVER - UPPER,Coho,708,South Thompson,Fraser,221.0,2933,51.40895048,-119.4585855
ADAMS RIVER - UPPER,Chinook,333,South Thompson-Adams River Upper,Fraser,221.0,1699,51.40895048,-119.4585855
ADAMS RIVER - UPPER,Lake sockeye,739,Shuswap-Late (cyclic),Fraser,221.0,6370,51.40895048,-119.4585855
ADAMS RIVER MOUTH-LAKE SHORE,Lake sockeye,738,Shuswap-Early Summer (cyclic),Fraser,2432.0,6233,50.89744341,-119.5500837
ADAMS RIVER MOUTH-LAKE SHORE,Lake sockeye,739,Shuswap-Late (cyclic),Fraser,2432.0,6234,50.89744341,-119.5500837
AHBAU CREEK,Chinook,310,Middle Fraser River (Spring 5-2),Fraser,143.0,1750,53.17461754,-122.4992091
AHBAU CREEK,Coho,749,Interior Fraser,Fraser,143.0,2102,53.17461754,-122.4992091
ALBREDA RIVER,Coho,709,North Thompson,Fraser,284.0,2997,52.47887892,-119.1310516
ALBREDA RIVER,Chinook,318,North Thompson River (Spring 5-2),Fraser,284.0,1403,52.47887892,-119.1310516
ALOUETTE RIVER,Lake sockeye,756,Alouette-Early Summer,Fraser,14.0,6456,49.26454304,-122.7088365
ALOUETTE RIVER,Pink (odd),710,Fraser River (odd),Fraser,14.0,5342,49.26454304,-122.7088365
ALOUETTE RIVER,Chum,701,Lower Fraser,Fraser,14.0,825,49.26454304,-122.7088365
ALOUETTE RIVER,Coho,750,Lower Fraser,Fraser,14.0,3122,49.26454304,-122.7088365
AMERICAN CREEK,Coho,705,Fraser Canyon,Fraser,118.0,3050,49.43293748,-121.4362492
AMERICAN CREEK,Pink (odd),710,Fraser River (odd),Fraser,118.0,5281,49.43293748,-121.4362492
AMOS CREEK,Lake sockeye,728,Quesnel-Summer (cyclic),Fraser,2405.0,10542,52.63524409,-121.0025613
ANDERSON CREEK CHANNEL,Chum,701,Lower Fraser,Fraser,2529.0,10356,49.20592404,-121.7419389
ANDERSON CREEK CHANNEL,Coho,705,Fraser Canyon,Fraser,2529.0,2801,49.20592404,-121.7419389
ANDERSON LAKE - SHORE SPAWNERS,Lake sockeye,719,Anderson-Seton-Early Summer,Fraser,31897.0,6758,50.54860668,-122.4684845
ANDERSON RIVER,Pink (odd),710,Fraser River (odd),Fraser,124.0,5285,49.84180665,-121.4351652
ANDERSON RIVER,Chinook,308,Fraser Canyon-Nahatlatch (Spring 5-2),Fraser,124.0,1739,49.84180665,-121.4351652
ANDERSON RIVER,Coho,705,Fraser Canyon,Fraser,124.0,3051,49.84180665,-121.4351652
ANGEL-WING CHANNEL,Coho,750,Lower Fraser,Fraser,2530.0,2802,49.10031192,-121.6279406
ANKWILL CREEK,Lake sockeye,732,Takla-Trembleur-Early Stuart (cyclic),Fraser,342.0,6325,55.65761934,-126.1905603
ANSTEY RIVER,Lake sockeye,739,Shuswap-Late (cyclic),Fraser,231.0,6388,51.13120358,-118.8993765
ANSTEY RIVER,Lake sockeye,738,Shuswap-Early Summer (cyclic),Fraser,231.0,6387,51.13120358,-118.8993765
ANSTEY RIVER,Coho,708,South Thompson,Fraser,231.0,2942,51.13120358,-118.8993765
ANSTEY RIVER-LAKE SHORE,Lake sockeye,739,Shuswap-Late (cyclic),Fraser,17212.0,5880,51.1292683,-118.9053189
ANTLER CREEK,Lake sockeye,735,Bowron-Early Summer,Fraser,160.0,6424,53.2686981,-121.4512554
ANTLER CREEK,Chinook,312,Upper Fraser River (Spring 5-2),Fraser,160.0,1767,53.2686981,-121.4512554
ATCHELITZ CREEK,Coho,750,Lower Fraser,Fraser,90.0,3033,49.15775504,-121.9923718
ATCHELITZ CREEK,Chum,701,Lower Fraser,Fraser,90.0,785,49.15775504,-121.9923718
AVOLA CREEK,Coho,709,North Thompson,Fraser,274.0,2986,51.77770347,-119.3178309
BAD RIVER (JAMES CREEK),Chinook,312,Upper Fraser River (Spring 5-2),Fraser,154.0,1761,54.29609714,-121.4422499
BAEZAEKO RIVER,Chinook,310,Middle Fraser River (Spring 5-2),Fraser,2455.0,1634,53.13512263,-123.671478
BAKER CREEK,Chinook,310,Middle Fraser River (Spring 5-2),Fraser,141.0,1748,52.97297939,-122.5031667
BAPTISTE CREEK,Lake sockeye,732,Takla-Trembleur-Early Stuart (cyclic),Fraser,311.0,6291,54.89369918,-125.1829579
BARNES CREEK,Chum,701,Lower Fraser,Fraser,59.0,1383,49.19794855,-122.0498112
BARNES CREEK,Coho,750,Lower Fraser,Fraser,59.0,3772,49.19794855,-122.0498112
BARRETT CREEK,Chum,701,Lower Fraser,Fraser,68.0,768,49.09776227,-122.0307999
BARRETT CREEK,Coho,750,Lower Fraser,Fraser,68.0,3013,49.09776227,-122.0307999
BARRIERE RIVER,Chinook,319,North Thompson River (Summer 5-2),Fraser,258.0,1712,51.17380574,-120.1386045
BARRIERE RIVER,Coho,709,North Thompson,Fraser,258.0,2972,51.17380574,-120.1386045
BARRIERE RIVER,Lake sockeye,740,Kamloops-Early Summer,Fraser,258.0,6405,51.17380574,-120.1386045
BARRIERE RIVER-BELOW NORTH BARRIERE LAKE,Coho,709,North Thompson,Fraser,212716981.0,2971,51.17371372,-120.1387374
BATES CREEK,Lake sockeye,732,Takla-Trembleur-Early Stuart (cyclic),Fraser,343.0,6326,55.70722881,-126.237562
BAXTER BEACH,Lake sockeye,728,Quesnel-Summer (cyclic),Fraser,11513.0,5828,52.72250284,-120.8601142
BEAR BEACH - SHORE,Lake sockeye,728,Quesnel-Summer (cyclic),Fraser,11514.0,5829,52.72250284,-120.8601142
BELCHARTON CREEK,Coho,750,Lower Fraser,Fraser,47.0,3145,49.21560587,-122.2516429
BELCHARTON CREEK,Chum,701,Lower Fraser,Fraser,47.0,851,49.21560587,-122.2516429
BESSETTE CREEK,Coho,708,South Thompson,Fraser,252.0,2960,50.30662331,-118.8220734
BESSETTE CREEK,Chinook,316,South Thompson River-Bessette Creek (Summer 4-2),Fraser,252.0,1707,50.30662331,-118.8220734
BESSETTE CREEK,Lake sockeye,739,Shuswap-Late (cyclic),Fraser,252.0,6059,50.30662331,-118.8220734
BETTY FRANK'S - SHORE,Lake sockeye,728,Quesnel-Summer (cyclic),Fraser,11515.0,5830,52.72250284,-120.8601142
BIG SILVER CREEK,Chum,701,Lower Fraser,Fraser,192.0,750,49.57910897,-121.8366412
BIG SILVER CREEK,Coho,750,Lower Fraser,Fraser,192.0,2909,49.57910897,-121.8366412
BIG SILVER CREEK,Lake sockeye,713,Harrison-Downstream Migrating-Late,Fraser,192.0,6350,49.57910897,-121.8366412
BIG SILVER CREEK,Chinook,306,Lower Fraser River (Summer 5-2),Fraser,192.0,1684,49.57910897,-121.8366412
BIG SILVER CREEK,Pink (odd),710,Fraser River (odd),Fraser,192.0,5236,49.57910897,-121.8366412
BIG SLIDE-LAKE SHORE,Lake sockeye,728,Quesnel-Summer (cyclic),Fraser,11492.0,5807,52.60429232,-120.4943988
BIG SLIDE-LAKE SHORE-1KM W,Lake sockeye,728,Quesnel-Summer (cyclic),Fraser,11493.0,5808,52.52035078,-120.9387222
BILL MINER CREEK,Lake sockeye,728,Quesnel-Summer (cyclic),Fraser,2419.0,6222,52.5827021,-120.5595838
BILL MINER CREEK-LAKE SHORE,Lake sockeye,728,Quesnel-Summer (cyclic),Fraser,11494.0,5809,52.58274294,-120.5599294
BILL MINER CREEK-LAKE SHORE-3KM W,Lake sockeye,728,Quesnel-Summer (cyclic),Fraser,11495.0,5810,52.57322674,-120.6091808
BIRCH ISLAND CHANNEL,Coho,709,North Thompson,Fraser,33045.0,2967,51.598602,-119.889197
BIRKENHEAD RIVER,Chinook,304,Lower Fraser River (Spring 5-2),Fraser,198.0,1688,50.30637329,-122.6058331
BIRKENHEAD RIVER,Coho,704,Lillooet,Fraser,198.0,2915,50.30637329,-122.6058331
BIRKENHEAD RIVER,Pink (odd),710,Fraser River (odd),Fraser,198.0,5239,50.30637329,-122.6058331
BIRKENHEAD RIVER,Lake sockeye,716,Lillooet-Harrison-Late,Fraser,198.0,6355,50.30637329,-122.6058331
BIVOUAC CREEK,Lake sockeye,732,Takla-Trembleur-Early Stuart (cyclic),Fraser,322.0,6303,55.07614748,-125.5698658
BLACKWATER CREEK,Lake sockeye,732,Takla-Trembleur-Early Stuart (cyclic),Fraser,345.0,6328,55.72110631,-126.3004937
BLANCHETTE CREEK,Lake sockeye,732,Takla-Trembleur-Early Stuart (cyclic),Fraser,335.0,6318,55.27613779,-125.7518313
BLANEY CREEK,Coho,750,Lower Fraser,Fraser,16.0,3124,49.27150808,-122.6465522
BLANEY CREEK,Chum,701,Lower Fraser,Fraser,16.0,829,49.27150808,-122.6465522
BLUE CREEK,Lake sockeye,715,Pitt-Early Summer,Fraser,3510.0,10530,49.71314298,-122.717736
BLUE LEAD CREEK,Lake sockeye,728,Quesnel-Summer (cyclic),Fraser,2422.0,6225,52.61490207,-120.3843072
BLUE LEAD CREEK,Coho,749,Interior Fraser,Fraser,2422.0,10372,52.61490207,-120.3843072
BLUE LEAD CREEK-LAKE SHORE,Lake sockeye,728,Quesnel-Summer (cyclic),Fraser,11496.0,5811,52.61489845,-120.381486
BLUE RIVER,Chinook,318,North Thompson River (Spring 5-2),Fraser,281.0,1723,52.10430428,-119.2795618
BLUE RIVER,Coho,709,North Thompson,Fraser,281.0,2994,52.10430428,-119.2795618
BLUE RIVER - LOWER,Coho,709,North Thompson,Fraser,33103.0,10523,52.10461061,-119.2796415
BLUE RIVER - UPPER,Coho,709,North Thompson,Fraser,1921661712.0,2993,52.112252,-119.289006
BLUEBERRY CREEK,Lake sockeye,738,Shuswap-Early Summer (cyclic),Fraser,26768.0,6741,51.19663175,-119.0184492
BLURTON CREEK,Coho,708,South Thompson,Fraser,243.0,2952,50.68972427,-119.0520706
BLURTON CREEK,Lake sockeye,739,Shuswap-Late (cyclic),Fraser,243.0,6748,50.68972427,-119.0520706
BOISE CREEK,Chum,701,Lower Fraser,Fraser,24.0,835,49.62422863,-122.6599577
BOLEAN CREEK,Coho,708,South Thompson,Fraser,238.0,2948,50.49835603,-119.5610331
BONAPARTE RIVER,Chinook,317,Lower Thompson River (Spring 4-2),Fraser,216.0,1694,50.73921386,-121.258846
BONAPARTE RIVER,Coho,707,Lower Thompson,Fraser,216.0,2930,50.73921386,-121.258846
BONAPARTE RIVER,Pink (odd),710,Fraser River (odd),Fraser,216.0,5243,50.73921386,-121.258846
BOOTH CREEK,Chum,701,Lower Fraser,Fraser,5.0,10509,49.23388438,-122.8543246
BORDEN CREEK,Pink (odd),710,Fraser River (odd),Fraser,76.0,5263,49.07724114,-121.732044
BORDEN CREEK,Coho,750,Lower Fraser,Fraser,76.0,3020,49.07724114,-121.732044
BOUCHIER CREEK,Chum,701,Lower Fraser,Fraser,46.0,850,49.2021414,-122.2587638
BOUCHIER CREEK,Coho,750,Lower Fraser,Fraser,46.0,3144,49.2021414,-122.2587638
BOULDERY CREEK,Lake sockeye,728,Quesnel-Summer (cyclic),Fraser,2415.0,6218,52.5107909,-120.6884311
BOULDERY CREEK-E-LAKE SHORE,Lake sockeye,728,Quesnel-Summer (cyclic),Fraser,11498.0,5813,52.51124677,-120.6880844
BOULDERY CREEK-LAKE SHORE,Lake sockeye,728,Quesnel-Summer (cyclic),Fraser,11497.0,5812,52.51074114,-120.6888788
BOWLING POINT,Lake sockeye,728,Quesnel-Summer (cyclic),Fraser,11516.0,5831,52.71909643,-120.8660953
BOWLING POINT TO GOOSE POINT,Lake sockeye,728,Quesnel-Summer (cyclic),Fraser,11532.0,5847,52.72985497,-120.851015
BOWRON RIVER,Chinook,312,Upper Fraser River (Spring 5-2),Fraser,157.0,1764,54.05842395,-121.8264988
BOWRON RIVER,Lake sockeye,735,Bowron-Early Summer,Fraser,157.0,6423,54.05842395,-121.8264988
BOWRON RIVER - LOWER,Lake sockeye,735,Bowron-Early Summer,Fraser,21574.0,10531,54.05073582,-121.8495167
BRIDAL CREEK,Pink (odd),710,Fraser River (odd),Fraser,103.0,5271,49.20110178,-121.7368153
BRIDAL CREEK,Coho,750,Lower Fraser,Fraser,103.0,3039,49.20110178,-121.7368153
BRIDGE RIVER,Steelhead,780,Mid Fraser Summer,Fraser,,9856,50.82670599,-123.2177592
BRIDGE RIVER,Coho,749,Interior Fraser,Fraser,133.0,3058,50.74950978,-121.9315407
BRIDGE RIVER,Pink (odd),710,Fraser River (odd),Fraser,133.0,5293,50.74950978,-121.9315407
BRIDGE RIVER,Chinook,310,Middle Fraser River (Spring 5-2),Fraser,133.0,1744,50.74950978,-121.9315407
BROOKFIELD CREEK,Coho,709,North Thompson,Fraser,267.0,2981,51.64233512,-120.0766654
BROUSSEAU CREEK,Chum,701,Lower Fraser,Fraser,56.0,758,49.12221204,-122.0955342
BRUNETTE RIVER,Chum,701,Lower Fraser,Fraser,3.0,818,49.21949959,-122.891913
BRUNETTE RIVER,Coho,750,Lower Fraser,Fraser,3.0,3116,49.21949959,-122.891913
BUCKINGHAM CREEK,Lake sockeye,728,Quesnel-Summer (cyclic),Fraser,2416.0,6219,52.55207018,-120.6938309
BULBEARD CHANNEL,Coho,750,Lower Fraser,Fraser,2531.0,2803,49.09587837,-121.5673356
BURTON CREEK,Lake sockeye,760,Adams-Early Summer,Fraser,2391.0,10376,51.48230247,-119.4642834
BUSH CREEK,Lake sockeye,739,Shuswap-Late (cyclic),Fraser,2389.0,6195,50.98863299,-119.7268833
BUSH CREEK-LAKE SHORE,Lake sockeye,739,Shuswap-Late (cyclic),Fraser,11555.0,5870,50.98774159,-119.7269776
BUTTERFIELD CREEK,Lake sockeye,732,Takla-Trembleur-Early Stuart (cyclic),Fraser,2753.0,10545,54.75034001,-125.3968419
BYRNE CREEK,Chum,701,Lower Fraser,Fraser,2716.0,10358,49.19248375,-122.999932
BYRNE CREEK,Coho,750,Lower Fraser,Fraser,2716.0,10512,49.19248375,-122.999932
CAMERON CREEK,Lake sockeye,728,Quesnel-Summer (cyclic),Fraser,2410.0,6213,52.82634442,-120.8089344
CAMILOS CREEK,Chum,701,Lower Fraser,Fraser,55417.0,10363,49.386667,-121.393056
CAMP SLOUGH,Chum,701,Lower Fraser,Fraser,93.0,788,49.2050397,-121.9001017
CAMPBELL RIVER,Chinook,302,Boundary Bay (Fall 4-1),Fraser,677.0,2061,49.01265739,-122.777982
CAMPBELL RIVER,Coho,906,Boundary Bay,Fraser,677.0,3766,49.01265739,-122.777982
CANOE CREEK,Coho,708,South Thompson,Fraser,239.0,2949,50.75568366,-119.2215698
CANOE CREEK,Chinook,313,South Thompson River (Summer 4-1),Fraser,239.0,2063,50.75568366,-119.2215698
CANOE CREEK,Lake sockeye,739,Shuswap-Late (cyclic),Fraser,239.0,6395,50.75568366,-119.2215698
CAPTAIN CREEK,Chinook,312,Upper Fraser River (Spring 5-2),Fraser,153.0,1760,54.28206312,-121.4565424
CARIBOO RIVER,Chinook,311,Middle Fraser River (Summer 5-2),Fraser,290.0,1729,52.66253574,-121.6758417
CARIBOO RIVER - UPPER,Chinook,310,Middle Fraser River (Spring 5-2),Fraser,2466.0,10508,52.82509818,-121.2771638
CARIBOO RIVER - UPPER,Chinook,311,Middle Fraser River (Summer 5-2),Fraser,2466.0,10366,52.82509818,-121.2771638
CASIMIR CREEK,Lake sockeye,732,Takla-Trembleur-Early Stuart (cyclic),Fraser,321.0,6302,55.07971228,-125.5547235
CAYENNE CREEK,Lake sockeye,761,Momich-Early Summer,Fraser,224.0,10380,51.3207359,-119.3187249
CAYENNE CREEK,Coho,708,South Thompson,Fraser,224.0,2936,51.3207359,-119.3187249
CAYENNE CREEK,Lake sockeye,739,Shuswap-Late (cyclic),Fraser,224.0,10535,51.3207359,-119.3187249
CAYOOSH CREEK,Pink (odd),710,Fraser River (odd),Fraser,131.0,5291,50.6687268,-121.9726099
CAYOOSH CREEK,Coho,749,Interior Fraser,Fraser,131.0,3056,50.6687268,-121.9726099
CEDAR CREEK,Coho,709,North Thompson,Fraser,282.0,2995,52.13308361,-119.2845232
CELISTA CREEK,Lake sockeye,739,Shuswap-Late (cyclic),Fraser,228.0,6381,51.19723846,-119.005164
CELISTA CREEK,Coho,708,South Thompson,Fraser,228.0,2939,51.19723846,-119.005164
CELISTA CREEK,Lake sockeye,738,Shuswap-Early Summer (cyclic),Fraser,228.0,6382,51.19723846,-119.005164
CENTENNIAL SPAWNING CHANNEL,Coho,750,Lower Fraser,Fraser,2532.0,2804,49.09698679,-121.5651811
CENTRE CHANNEL,Coho,750,Lower Fraser,Fraser,2533.0,2805,49.10318456,-121.5365848
CENTRE CREEK,Coho,750,Lower Fraser,Fraser,82.0,3026,49.10318456,-121.5365848
CENTRE CREEK,Chum,701,Lower Fraser,Fraser,82.0,780,49.10318456,-121.5365848
CENTRE CREEK,Pink (odd),710,Fraser River (odd),Fraser,82.0,5267,49.10318456,-121.5365848
CHEHALIS RIVER,Chum,701,Lower Fraser,Fraser,181.0,742,49.26989417,-121.936089
CHEHALIS RIVER,Coho,750,Lower Fraser,Fraser,181.0,2898,49.26989417,-121.936089
CHEHALIS RIVER,Pink (odd),710,Fraser River (odd),Fraser,181.0,5232,49.26989417,-121.936089
CHILAKO RIVER,Chinook,310,Middle Fraser River (Spring 5-2),Fraser,296.0,1678,53.88643599,-122.9782513
CHILCOTIN RIVER,Steelhead,780,Mid Fraser Summer,Fraser,,9857,51.89187076,-122.9310772
CHILCOTIN RIVER,Chinook,310,Middle Fraser River (Spring 5-2),Fraser,285.0,1724,51.73995282,-122.4013093
CHILCOTIN RIVER - LOWER,Pink (odd),710,Fraser River (odd),Fraser,2463.0,5196,51.73995282,-122.4013093
CHILCOTIN RIVER - LOWER,Coho,749,Interior Fraser,Fraser,2463.0,10524,51.73995282,-122.4013093
CHILCOTIN RIVER - LOWER,Chinook,310,Middle Fraser River (Spring 5-2),Fraser,2463.0,10507,51.73995282,-122.4013093
CHILCOTIN RIVER - UPPER,Chinook,310,Middle Fraser River (Spring 5-2),Fraser,2462.0,10365,52.339295,-124.028396
CHILKO LAKE NORTH END,Lake sockeye,721,Chilko-Summer,Fraser,2430.0,6231,51.59773192,-124.1573668
CHILKO LAKE SOUTH END,Lake sockeye,720,Chilko-Early Summer,Fraser,2431.0,6232,51.10225386,-124.0318793
CHILKO RIVER,Chinook,311,Middle Fraser River (Summer 5-2),Fraser,286.0,1725,52.09604998,-123.4608193
CHILKO RIVER,Lake sockeye,721,Chilko-Summer,Fraser,286.0,6412,52.09604998,-123.4608193
CHILKO RIVER,Coho,749,Interior Fraser,Fraser,286.0,2999,52.09604998,-123.4608193
CHILKO SPAWNING CHANNELS,Lake sockeye,721,Chilko-Summer,Fraser,2429.0,6230,51.62266201,-124.1423461
CHILLIWACK CREEK,Coho,750,Lower Fraser,Fraser,89.0,3032,49.16557058,-122.0140443
CHILLIWACK CREEK,Chum,701,Lower Fraser,Fraser,89.0,784,49.16557058,-122.0140443
CHILLIWACK CREEK,Pink (odd),710,Fraser River (odd),Fraser,89.0,5270,49.16557058,-122.0140443
CHILLIWACK LAKE,Lake sockeye,711,Chilliwack-Early Summer (cyclic),Fraser,2440.0,6242,49.08279015,-121.4559459
CHILLIWACK RIVER - UPPER,Lake sockeye,711,Chilliwack-Early Summer (cyclic),Fraser,63.0,6419,49.01524168,-121.4085374
CHILLIWACK RIVER - UPPER,Pink (odd),710,Fraser River (odd),Fraser,63.0,5255,49.01524168,-121.4085374
CHILLIWACK RIVER - UPPER,Chum,701,Lower Fraser,Fraser,63.0,764,49.01524168,-121.4085374
CHILLIWACK RIVER - UPPER,Coho,750,Lower Fraser,Fraser,63.0,3009,49.01524168,-121.4085374
CHILLIWACK/VEDDER RIVER,Coho,750,Lower Fraser,Fraser,62.0,3008,49.12641335,-122.0983535
CHILLIWACK/VEDDER RIVER,Chinook,306,Lower Fraser River (Summer 5-2),Fraser,62.0,1737,49.12641335,-122.0983535
CHILLIWACK/VEDDER RIVER,Pink (odd),710,Fraser River (odd),Fraser,62.0,5254,49.12641335,-122.0983535
CHILLIWACK/VEDDER RIVER,Chum,701,Lower Fraser,Fraser,62.0,763,49.12641335,-122.0983535
CHILQUA CREEK,Coho,750,Lower Fraser,Fraser,43.0,3142,49.17572374,-122.2316081
CHILQUA CREEK,Chum,701,Lower Fraser,Fraser,43.0,847,49.17572374,-122.2316081
CHIPMUNK CREEK,Pink (odd),710,Fraser River (odd),Fraser,2577.0,5203,49.10594894,-121.6459537
CHURN CREEK,Pink (odd),710,Fraser River (odd),Fraser,138.0,5296,51.51880747,-122.2828028
CHURN CREEK,Chinook,310,Middle Fraser River (Spring 5-2),Fraser,138.0,1746,51.51880747,-122.2828028
CLAPPERTON CREEK,Coho,707,Lower Thompson,Fraser,2370.0,2841,50.16202314,-120.6698518
CLAYBURN CREEK,Coho,750,Lower Fraser,Fraser,40.0,3140,49.11088122,-122.3222998
CLAYBURN CREEK,Chum,701,Lower Fraser,Fraser,40.0,845,49.11088122,-122.3222998
CLEARWATER RIVER,Chinook,319,North Thompson River (Summer 5-2),Fraser,266.0,1717,51.63310955,-120.0807201
CLEARWATER RIVER,Coho,709,North Thompson,Fraser,266.0,2980,51.63310955,-120.0807201
CLEARWATER RIVER,Lake sockeye,740,Kamloops-Early Summer,Fraser,266.0,6408,51.63310955,-120.0807201
CLEMINA CREEK,Coho,709,North Thompson,Fraser,2740.0,2110,52.56537961,-119.1049349
COGBURN CREEK,Chum,701,Lower Fraser,Fraser,190.0,748,49.53357779,-121.7684427
COGBURN CREEK,Coho,750,Lower Fraser,Fraser,190.0,2907,49.53357779,-121.7684427
COGBURN CREEK,Lake sockeye,713,Harrison-Downstream Migrating-Late,Fraser,190.0,6348,49.53357779,-121.7684427
COGBURN CREEK,Chinook,306,Lower Fraser River (Summer 5-2),Fraser,190.0,1683,49.53357779,-121.7684427
COGHLAN CREEK,Coho,750,Lower Fraser,Fraser,29.0,3132,49.1219014,-122.568787
COGHLAN CREEK,Chum,701,Lower Fraser,Fraser,29.0,839,49.1219014,-122.568787
COHO CREEK,Coho,750,Lower Fraser,Fraser,182.0,2899,49.46440532,-122.0089375
COHO CREEK,Chum,701,Lower Fraser,Fraser,17.0,830,49.24014069,-122.6240036
COHO CREEK,Chum,701,Lower Fraser,Fraser,182.0,10510,49.46440532,-122.0089375
COLDWATER RIVER,Coho,707,Lower Thompson,Fraser,215.0,2929,50.11490174,-120.8043058
COLDWATER RIVER,Chinook,317,Lower Thompson River (Spring 4-2),Fraser,215.0,1693,50.11490174,-120.8043058
COMO CREEK,Coho,750,Lower Fraser,Fraser,7.0,2091,49.22396876,-122.8505929
COMO CREEK,Chum,701,Lower Fraser,Fraser,7.0,819,49.22396876,-122.8505929
CONSOLIDATE CREEK,Lake sockeye,732,Takla-Trembleur-Early Stuart (cyclic),Fraser,349.0,6332,55.84025137,-126.4672511
COOK CREEK,Coho,709,North Thompson,Fraser,283.0,2996,52.14694971,-119.2682465
COOKE CREEK,Lake sockeye,739,Shuswap-Late (cyclic),Fraser,2640.0,5881,50.60415637,-118.8375388
COQUIHALLA RIVER,Steelhead,784,Lower Fraser Summer,Fraser,,9881,49.37965455,-121.3350092
COQUIHALLA RIVER,Coho,705,Fraser Canyon,Fraser,112.0,3048,49.39352782,-121.4391936
COQUIHALLA RIVER,Pink (odd),710,Fraser River (odd),Fraser,112.0,5279,49.39352782,-121.4391936
COQUITLAM RIVER,Chum,701,Lower Fraser,Fraser,8.0,820,49.22523346,-122.8050763
COQUITLAM RIVER,Pink (odd),710,Fraser River (odd),Fraser,8.0,5340,49.22523346,-122.8050763
COQUITLAM RIVER,Coho,750,Lower Fraser,Fraser,8.0,3117,49.22523346,-122.8050763
CORBOLD CREEK,Lake sockeye,715,Pitt-Early Summer,Fraser,3492.0,6751,49.61611208,-122.647648
COTTONWOOD RIVER - LOWER,Chinook,310,Middle Fraser River (Spring 5-2),Fraser,2464.0,1749,53.119965,-122.610584
CRAIGELLACHIE CREEK,Lake sockeye,738,Shuswap-Early Summer (cyclic),Fraser,1996.0,5879,50.97373589,-118.7243876
CRAZY CREEK,Lake sockeye,739,Shuswap-Late (cyclic),Fraser,1997.0,6765,50.99139751,-118.6465811
CRAZY CREEK,Coho,708,South Thompson,Fraser,1997.0,3775,50.99139751,-118.6465811
CRAZY CREEK,Lake sockeye,713,Harrison-Downstream Migrating-Late,Fraser,2767.0,5791,49.7390171,-122.1490266
CRAZY CREEK,Lake sockeye,738,Shuswap-Early Summer (cyclic),Fraser,1997.0,6764,50.99139751,-118.6465811
CREIGHTON CREEK,Coho,708,South Thompson,Fraser,253.0,2961,50.24639921,-118.9561116
CREIGHTON CREEK,Chinook,316,South Thompson River-Bessette Creek (Summer 4-2),Fraser,253.0,2069,50.24639921,-118.9561116
CROSSING CREEK,Coho,709,North Thompson,Fraser,276.0,2988,51.79964627,-119.3142134
CROW CREEK,Lake sockeye,732,Takla-Trembleur-Early Stuart (cyclic),Fraser,329.0,6312,55.28409481,-125.9972169
CRUIKSHANK POINT-LAKE SHORE W,Lake sockeye,739,Shuswap-Late (cyclic),Fraser,11542.0,5857,50.88551115,-119.5452442
CULTUS LAKE,Chum,701,Lower Fraser,Fraser,2441.0,10362,49.07507039,-121.9817234
CULTUS LAKE,Lake sockeye,712,Cultus-Late,Fraser,2441.0,6243,49.07507039,-121.9817234
DANFORTH CREEK,Coho,708,South Thompson,Fraser,247.0,2956,50.69558492,-118.7459816
DARLINGTON CREEK,Coho,709,North Thompson,Fraser,2468.0,3761,51.32042701,-120.1726358
DEADMAN RIVER,Coho,707,Lower Thompson,Fraser,217.0,2931,50.74444787,-120.9187363
DEADMAN RIVER,Pink (odd),710,Fraser River (odd),Fraser,217.0,5244,50.74444787,-120.9187363
DEADMAN RIVER,Chinook,317,Lower Thompson River (Spring 4-2),Fraser,217.0,1695,50.74444787,-120.9187363
DECEPTION POINT,Lake sockeye,728,Quesnel-Summer (cyclic),Fraser,2426.0,6228,52.65361713,-120.9533494
DEPOT CREEK,Chum,701,Lower Fraser,Fraser,85.0,782,49.02961277,-121.4021299
DEPOT CREEK,Coho,750,Lower Fraser,Fraser,85.0,3029,49.02961277,-121.4021299
DEPOT CREEK,Lake sockeye,711,Chilliwack-Early Summer (cyclic),Fraser,85.0,6757,49.02961277,-121.4021299
DEPOT CREEK,Pink (odd),710,Fraser River (odd),Fraser,85.0,5269,49.02961277,-121.4021299
DEROCHE CREEK,Chum,701,Lower Fraser,Fraser,57.0,759,49.18294308,-122.0718349
DEVOE CREEK,Lake sockeye,728,Quesnel-Summer (cyclic),Fraser,2406.0,6209,52.64702789,-120.9916712
DEVOE CREEK-LAKE SHORE,Lake sockeye,728,Quesnel-Summer (cyclic),Fraser,11517.0,5832,52.6482357,-120.9914219
DOME CREEK,Chinook,312,Upper Fraser River (Spring 5-2),Fraser,163.0,1770,53.7548563,-121.0226756
DOMINION CREEK,Coho,709,North Thompson,Fraser,17214.0,2150,52.50103383,-119.115105
DORA CREEK,Coho,709,North Thompson,Fraser,2741.0,2109,52.5627961,-119.1065979
DOUBLE T-LAKE SHORE,Lake sockeye,728,Quesnel-Summer (cyclic),Fraser,11499.0,5814,52.50254109,-120.9859713
DOUGLAS CREEK,Chinook,306,Lower Fraser River (Summer 5-2),Fraser,195.0,1686,49.76274436,-122.1526482
DOUGLAS CREEK,Lake sockeye,713,Harrison-Downstream Migrating-Late,Fraser,195.0,6352,49.76274436,-122.1526482
DOUGLAS CREEK,Chum,701,Lower Fraser,Fraser,195.0,752,49.76274436,-122.1526482
DOUGLAS CREEK,Pink (odd),710,Fraser River (odd),Fraser,195.0,5237,49.76274436,-122.1526482
DOUGLAS CREEK,Coho,704,Lillooet,Fraser,195.0,2912,49.76274436,-122.1526482
DOWNES CREEK,Coho,750,Lower Fraser,Fraser,38.0,3139,49.08334808,-122.3173948
DRAPER CREEK,Coho,750,Lower Fraser,Fraser,42.0,3141,49.16079945,-122.2464749
DRAPER CREEK,Chum,701,Lower Fraser,Fraser,42.0,846,49.16079945,-122.2464749
DRIFTWOOD RIVER,Chinook,310,Middle Fraser River (Spring 5-2),Fraser,344.0,1673,55.69922334,-126.2517217
DRIFTWOOD RIVER,Lake sockeye,732,Takla-Trembleur-Early Stuart (cyclic),Fraser,344.0,6327,55.69922334,-126.2517217
DRISCOLL CREEK,Chinook,312,Upper Fraser River (Spring 5-2),Fraser,2713.0,1386,53.86635192,-121.4306428
DUNN CREEK,Coho,709,North Thompson,Fraser,263.0,2977,51.45982552,-120.1479573
DUNN CREEK,Chinook,319,North Thompson River (Summer 5-2),Fraser,263.0,10506,51.45982552,-120.1479573
DUNVILLE CREEK,Coho,750,Lower Fraser,Fraser,98.0,3037,49.17130732,-121.8280392
DUST CREEK,Lake sockeye,732,Takla-Trembleur-Early Stuart (cyclic),Fraser,328.0,6310,55.30957961,-126.0238828
DUST CREEK,Lake sockeye,731,Takla-Trembleur-Stuart-Summer (cyclic),Fraser,328.0,6311,55.30957961,-126.0238828
DUTEAU CREEK,Chinook,316,South Thompson River-Bessette Creek (Summer 4-2),Fraser,254.0,1708,50.25142097,-118.9602306
DUTEAU CREEK,Coho,708,South Thompson,Fraser,254.0,2962,50.25142097,-118.9602306
EAGLE CREEK,Chum,701,Lower Fraser,Fraser,52747.0,10511,49.50492272,-122.0142509
EAGLE CREEK,Chum,701,Lower Fraser,Fraser,441.0,10357,49.24336083,-122.9350764
EAGLE RIVER,Lake sockeye,738,Shuswap-Early Summer (cyclic),Fraser,232.0,6389,50.84350471,-119.0101709
EAGLE RIVER,Chinook,314,South Thompson River (Summer 5-2),Fraser,232.0,1702,50.84350471,-119.0101709
EAGLE RIVER,Lake sockeye,739,Shuswap-Late (cyclic),Fraser,232.0,6390,50.84350471,-119.0101709
EAGLE RIVER,Pink (odd),710,Fraser River (odd),Fraser,232.0,5249,50.84350471,-119.0101709
EAGLE RIVER,Coho,708,South Thompson,Fraser,232.0,2943,50.84350471,-119.0101709
EAST BARRIERE RIVER,Coho,709,North Thompson,Fraser,259.0,2973,51.24079067,-119.9375989
EAST CREEK,Lake sockeye,714,Harrison-Upstream Migrating-Late,Fraser,186.0,6345,49.32001899,-121.8841394
EAST CREEK,Chum,701,Lower Fraser,Fraser,186.0,746,49.32001899,-121.8841394
EAST CREEK,Coho,750,Lower Fraser,Fraser,186.0,2903,49.32001899,-121.8841394
EAST TWIN CREEK,Chinook,312,Upper Fraser River (Spring 5-2),Fraser,170.0,2070,53.45716956,-120.410232
ELK BROOK,Chum,701,Lower Fraser,Fraser,94.0,789,49.18333618,-121.89862
ELK BROOK,Coho,750,Lower Fraser,Fraser,94.0,3036,49.18333618,-121.89862
ELKIN CREEK,Coho,749,Interior Fraser,Fraser,288.0,10528,51.68586278,-123.7218641
ELKIN CREEK,Chinook,311,Middle Fraser River (Summer 5-2),Fraser,288.0,1727,51.68586278,-123.7218641
ELKIN CREEK,Lake sockeye,734,Taseko-Early Summer,Fraser,288.0,6414,51.68586278,-123.7218641
ELYSIA - SHORE,Lake sockeye,728,Quesnel-Summer (cyclic),Fraser,11500.0,5815,52.51516332,-121.0377708
ELYSIA SHORE-1KM W,Lake sockeye,728,Quesnel-Summer (cyclic),Fraser,11561.0,5876,52.51749996,-121.0469444
EMORY CREEK,Pink (odd),710,Fraser River (odd),Fraser,120.0,5282,49.50939341,-121.4163659
ENDAKO RIVER,Chinook,310,Middle Fraser River (Spring 5-2),Fraser,299.0,1666,54.04879696,-124.9058691
ENDAKO RIVER,Lake sockeye,753,Fraser-Early Summer,Fraser,299.0,6282,54.04879696,-124.9058691
ENGINEERED CHANNEL,Coho,709,North Thompson,Fraser,63379.0,10369,51.58644,-119.860244
FENNELL CREEK,Lake sockeye,752,North Barriere-Early Summer (de novo),Fraser,261.0,5878,51.3525769,-119.7232685
FENNELL CREEK,Coho,709,North Thompson,Fraser,261.0,10522,51.3525769,-119.7232685
FIFTEEN MILE CREEK,Coho,750,Lower Fraser,Fraser,81.0,3025,49.106305,-121.5223943
FIFTEEN MILE CREEK,Chum,701,Lower Fraser,Fraser,81.0,779,49.106305,-121.5223943
FINN CREEK,Chinook,318,North Thompson River (Spring 5-2),Fraser,279.0,1722,51.89602394,-119.3246581
FINN CREEK,Coho,709,North Thompson,Fraser,279.0,2991,51.89602394,-119.3246581
FINN CREEK,Lake sockeye,740,Kamloops-Early Summer,Fraser,279.0,6411,51.89602394,-119.3246581
FISH HATCHERY CREEK,Lake sockeye,715,Pitt-Early Summer,Fraser,3507.0,6755,49.60577086,-122.6330059
FLEMING CREEK,Lake sockeye,732,Takla-Trembleur-Early Stuart (cyclic),Fraser,313.0,6293,54.76892133,-125.4124713
FLOODS CREEK,Pink (odd),710,Fraser River (odd),Fraser,435.0,5390,49.11086519,-122.0847975
FOLEY CREEK,Pink (odd),710,Fraser River (odd),Fraser,78.0,5265,49.10613836,-121.6359583
FOLEY CREEK,Coho,750,Lower Fraser,Fraser,78.0,3022,49.10613836,-121.6359583
FOLEY CREEK,Chum,701,Lower Fraser,Fraser,78.0,776,49.10613836,-121.6359583
FOLEY CREEK SIDE CHANNEL,Chum,701,Lower Fraser,Fraser,381.0,733,49.10613836,-121.6359583
FOLEY CREEK SIDE CHANNEL,Coho,750,Lower Fraser,Fraser,381.0,2891,49.10613836,-121.6359583
FONTONIKO CREEK,Chinook,312,Upper Fraser River (Spring 5-2),Fraser,155.0,1762,54.36307609,-121.3461302
FORCITE SIDE CHANNEL,Coho,750,Lower Fraser,Fraser,2534.0,2806,49.11490269,-122.0885817
FORFAR CREEK,Lake sockeye,732,Takla-Trembleur-Early Stuart (cyclic),Fraser,319.0,6300,55.04327532,-125.4694936
FORGETMENOT CREEK,Chinook,312,Upper Fraser River (Spring 5-2),Fraser,2366.0,1646,53.68778182,-120.4363387
FORTUNE CREEK,Coho,708,South Thompson,Fraser,244.0,2953,50.54153669,-119.1325589
FOUR MILE CREEK,Lake sockeye,739,Shuswap-Late (cyclic),Fraser,26771.0,10538,51.08452512,-118.8961923
FOUR MILE CREEK,Lake sockeye,738,Shuswap-Early Summer (cyclic),Fraser,26771.0,6744,51.08452512,-118.8961923
FOUR MILE CREEK-LAKE SHORE,Lake sockeye,739,Shuswap-Late (cyclic),Fraser,11538.0,5853,51.08697512,-118.8943903
FOURTEEN MILE CREEK,Coho,750,Lower Fraser,Fraser,80.0,3024,49.10349077,-121.5372891
FOURTEEN MILE CREEK,Chum,701,Lower Fraser,Fraser,80.0,778,49.10349077,-121.5372891
FRANCOIS LAKE,Lake sockeye,725,Francois-Fraser-Summer,Fraser,386.0,6338,54.00821315,-125.0080082
FRANKS CREEK,Lake sockeye,728,Quesnel-Summer (cyclic),Fraser,2417.0,6220,52.5657668,-120.6796688
FRANKS CREEK-LAKE SHORE,Lake sockeye,728,Quesnel-Summer (cyclic),Fraser,11501.0,5816,52.56697045,-120.6766646
FRASER RIVER,Pink (odd),710,Fraser River (odd),Fraser,1.0,5295,49.11887645,-123.1910108
FRASER RIVER - ABOVE TETE JAUNE,Chinook,312,Upper Fraser River (Spring 5-2),Fraser,2477.0,1583,52.97355516,-119.4298073
FRASER RIVER AND TRIBUTARIES,Pink (odd),710,Fraser River (odd),Fraser,7990634.0,5198,49.11887645,-123.1910108
FRENCH CREEK,Lake sockeye,732,Takla-Trembleur-Early Stuart (cyclic),Fraser,341.0,6324,55.65848526,-126.1680296
FRYPAN CREEK,Lake sockeye,732,Takla-Trembleur-Early Stuart (cyclic),Fraser,339.0,6322,55.52387612,-126.0713328
GASPARD CREEK,Pink (odd),710,Fraser River (odd),Fraser,2574.0,10529,51.11516346,-122.0358752
GATES CHANNEL,Lake sockeye,719,Anderson-Seton-Early Summer,Fraser,2450.0,6251,50.54875419,-122.4822441
GATES RIVER,Lake sockeye,719,Anderson-Seton-Early Summer,Fraser,132.0,6422,50.55208399,-122.4724809
GATES RIVER,Coho,749,Interior Fraser,Fraser,132.0,3057,50.55208399,-122.4724809
GATES RIVER,Pink (odd),710,Fraser River (odd),Fraser,132.0,5292,50.55208399,-122.4724809
GIESBRECHT SPAWNING CHANNEL,Pink (odd),710,Fraser River (odd),Fraser,64.0,5256,49.11869951,-122.0921571
GIESBRECHT SPAWNING CHANNEL,Chum,701,Lower Fraser,Fraser,64.0,765,49.11869951,-122.0921571
GIESBRECHT SPAWNING CHANNEL,Coho,750,Lower Fraser,Fraser,64.0,2071,49.11869951,-122.0921571
GLUSKE CREEK,Lake sockeye,732,Takla-Trembleur-Early Stuart (cyclic),Fraser,320.0,6301,55.05621426,-125.5145762
GOAT RIVER,Chinook,312,Upper Fraser River (Spring 5-2),Fraser,169.0,1775,53.53268065,-120.5597127
GOOSE CREEK,Coho,709,North Thompson,Fraser,280.0,2992,52.07903058,-119.296457
GOOSE CREEK,Lake sockeye,728,Quesnel-Summer (cyclic),Fraser,2754.0,5779,52.74843161,-120.8367613
GOOSE POINT,Lake sockeye,728,Quesnel-Summer (cyclic),Fraser,11518.0,5833,52.75378888,-120.8364488
GOOSE POINT-LAKE SHORE,Lake sockeye,728,Quesnel-Summer (cyclic),Fraser,11519.0,5834,52.74745484,-120.8366034
GOOSE POINT-LAKE SHORE-5 KM S,Lake sockeye,728,Quesnel-Summer (cyclic),Fraser,11520.0,5835,52.75019071,-120.837015
GRAIN CREEK,Lake sockeye,728,Quesnel-Summer (cyclic),Fraser,2404.0,6208,52.60352826,-121.0205851
GRAIN CREEK-LAKE SHORE,Lake sockeye,728,Quesnel-Summer (cyclic),Fraser,11521.0,5836,52.60208859,-121.019542
GREEN RIVER,Lake sockeye,716,Lillooet-Harrison-Late,Fraser,201.0,6357,50.30203009,-122.7220188
GREEN RIVER,Chinook,304,Lower Fraser River (Spring 5-2),Fraser,201.0,1689,50.30203009,-122.7220188
GREEN RIVER,Coho,704,Lillooet,Fraser,201.0,2917,50.30203009,-122.7220188
GREYELL SLOUGH,Chum,701,Lower Fraser,Fraser,100.0,790,49.21714847,-121.8798731
GROUSE (MOUL) CREEK,Lake sockeye,740,Kamloops-Early Summer,Fraser,15948.0,5882,51.83296128,-120.0563582
GUICHON CREEK,Coho,707,Lower Thompson,Fraser,2369.0,2074,50.14416781,-120.8860087
GUNTHER DITCH,Coho,750,Lower Fraser,Fraser,2525.0,2799,49.09297293,-121.9583852
HAGGARD CREEK,Coho,709,North Thompson,Fraser,260.0,2974,51.24382567,-119.930643
HAGGEN CREEK,Chinook,312,Upper Fraser River (Spring 5-2),Fraser,158.0,1765,53.57652694,-121.6281092
HARBOUR CREEK,Coho,708,South Thompson,Fraser,2744.0,2106,51.5419555,-119.3019043
HARPER CREEK,Lake sockeye,752,North Barriere-Early Summer (de novo),Fraser,2395.0,6203,51.3205595,-119.8768037
HARPER CREEK,Coho,709,North Thompson,Fraser,2395.0,2072,51.3205595,-119.8768037
HARRIS CREEK,Chinook,316,South Thompson River-Bessette Creek (Summer 4-2),Fraser,255.0,1709,50.19872664,-118.9926687
HARRIS CREEK,Coho,708,South Thompson,Fraser,255.0,2963,50.19872664,-118.9926687
HARRISON LAKE,Lake sockeye,713,Harrison-Downstream Migrating-Late,Fraser,2435.0,6237,49.32683266,-121.7812318
HARRISON RIVER,Pink (odd),710,Fraser River (odd),Fraser,179.0,5230,49.22891514,-121.946601
HARRISON RIVER,River sockeye,745,Harrison River (river-type),Fraser,179.0,6342,49.22891514,-121.946601
HARRISON RIVER,Coho,750,Lower Fraser,Fraser,179.0,2896,49.22891514,-121.946601
HARRISON RIVER,Chinook,303,Lower Fraser River (Fall 4-1),Fraser,179.0,1682,49.22891514,-121.946601
HARRISON RIVER,Chum,701,Lower Fraser,Fraser,179.0,740,49.22891514,-121.946601
HAWKINS CREEK,Chum,701,Lower Fraser,Fraser,54.0,757,49.17317157,-122.1353562
HAWKINS CREEK,Coho,750,Lower Fraser,Fraser,54.0,3004,49.17317157,-122.1353562
HAWKS CREEK,Pink (odd),710,Fraser River (odd),Fraser,2573.0,5201,52.30283619,-122.2842969
HAYLMORE CREEK,Lake sockeye,719,Anderson-Seton-Early Summer,Fraser,26805.0,6750,50.5402132,-122.4908058
HAZELTINE CREEK,Lake sockeye,728,Quesnel-Summer (cyclic),Fraser,2397.0,6204,52.49997108,-121.5033404
HAZELTINE CREEK,Coho,749,Interior Fraser,Fraser,2397.0,10374,52.49997108,-121.5033404
HEMP CREEK,Lake sockeye,740,Kamloops-Early Summer,Fraser,15949.0,5883,51.8420205,-120.0663303
HERRICK CREEK,Chinook,312,Upper Fraser River (Spring 5-2),Fraser,152.0,1759,54.26984326,-121.4808982
HICKS CREEK,Coho,750,Lower Fraser,Fraser,105.0,3041,49.29340338,-121.7203619
HICKS CREEK,Chum,701,Lower Fraser,Fraser,105.0,794,49.29340338,-121.7203619
HIUIHILL CREEK,Lake sockeye,738,Shuswap-Early Summer (cyclic),Fraser,2373.0,6191,50.9226209,-119.6337501
HIUIHILL CREEK,Coho,708,South Thompson,Fraser,2373.0,2076,50.9226209,-119.6337501
HIUIHILL CREEK,Lake sockeye,739,Shuswap-Late (cyclic),Fraser,2373.0,6192,50.9226209,-119.6337501
HIUIHILL CREEK,Pink (odd),710,Fraser River (odd),Fraser,2373.0,5211,50.9226209,-119.6337501
HIUIHILL CREEK,Chinook,313,South Thompson River (Summer 4-1),Fraser,2373.0,2064,50.9226209,-119.6337501
HLINA CREEK,Lake sockeye,739,Shuswap-Late (cyclic),Fraser,26773.0,10536,50.94218368,-119.3537029
HLINA CREEK-LAKE SHORE,Lake sockeye,739,Shuswap-Late (cyclic),Fraser,11543.0,5858,50.94289223,-119.3595907
HOLACHTEN CREEK,Chum,701,Lower Fraser,Fraser,52748.0,10359,49.22488856,-122.0086267
HOLLIDAY CREEK,Chinook,312,Upper Fraser River (Spring 5-2),Fraser,2034.0,1385,53.16353609,-119.9201603
HOLMES RIVER,Chinook,312,Upper Fraser River (Spring 5-2),Fraser,173.0,1732,53.25291676,-120.0703439
HOOKER CREEK,Lake sockeye,732,Takla-Trembleur-Early Stuart (cyclic),Fraser,330.0,6313,55.26985841,-125.983422
HOPE SLOUGH,Coho,750,Lower Fraser,Fraser,92.0,3035,49.19527105,-121.9020614
HOPE SLOUGH,Chum,701,Lower Fraser,Fraser,92.0,787,49.19527105,-121.9020614
HOPEDALE CREEK,Chum,701,Lower Fraser,Fraser,2566.0,698,49.12068628,-122.0940516
HOPEDALE CREEK,Coho,750,Lower Fraser,Fraser,2566.0,2813,49.12068628,-122.0940516
HOPEDALE SLOUGH,Pink (odd),710,Fraser River (odd),Fraser,67.0,5257,49.09297719,-122.0322298
HOPEDALE SLOUGH,Chum,701,Lower Fraser,Fraser,67.0,1,49.09297719,-122.0322298
HOPEDALE SLOUGH,Coho,750,Lower Fraser,Fraser,67.0,3012,49.09297719,-122.0322298
HORSEFLY CHANNEL,Lake sockeye,728,Quesnel-Summer (cyclic),Fraser,2448.0,6249,52.33607876,-121.4028315
HORSEFLY LAKE,Lake sockeye,728,Quesnel-Summer (cyclic),Fraser,2449.0,6250,52.35941766,-121.3168397
HORSEFLY RIVER,Lake sockeye,728,Quesnel-Summer (cyclic),Fraser,291.0,6416,52.46617345,-121.388553
HORSEFLY RIVER,Chinook,310,Middle Fraser River (Spring 5-2),Fraser,291.0,1731,52.46617345,-121.388553
HORSEFLY RIVER,Coho,749,Interior Fraser,Fraser,291.0,3000,52.46617345,-121.388553
HORSEFLY RIVER - UPPER,Lake sockeye,728,Quesnel-Summer (cyclic),Fraser,2445.0,6246,52.34096807,-121.4035108
HORSEY CREEK,Chinook,312,Upper Fraser River (Spring 5-2),Fraser,175.0,1734,53.096641,-119.7289439
HOY CREEK,Chum,701,Lower Fraser,Fraser,10.0,822,49.27598232,-122.8044211
HOY CREEK,Coho,750,Lower Fraser,Fraser,10.0,3119,49.27598232,-122.8044211
HUCKEY CREEK,Lake sockeye,735,Bowron-Early Summer,Fraser,2827.0,5795,53.16592575,-121.2197406
HUDSON BAY CREEK,Lake sockeye,732,Takla-Trembleur-Early Stuart (cyclic),Fraser,338.0,6321,55.48307538,-125.982126
HUMBUG CREEK,Chinook,312,Upper Fraser River (Spring 5-2),Fraser,1992.0,1387,53.75739285,-120.9038831
HUNAKWA CREEK,Lake sockeye,738,Shuswap-Early Summer (cyclic),Fraser,230.0,6385,51.13297956,-118.9150726
HUNAKWA CREEK,Coho,708,South Thompson,Fraser,230.0,2941,51.13297956,-118.9150726
HUNAKWA CREEK,Lake sockeye,739,Shuswap-Late (cyclic),Fraser,230.0,6386,51.13297956,-118.9150726
HUNTER CREEK,Coho,705,Fraser Canyon,Fraser,110.0,3046,49.35828041,-121.574435
HUNTER CREEK,Pink (odd),710,Fraser River (odd),Fraser,110.0,5277,49.35828041,-121.574435
HURRICANE POINT SHORE,Lake sockeye,728,Quesnel-Summer (cyclic),Fraser,11502.0,5817,52.54486189,-121.0250063
HYDE CREEK,Coho,750,Lower Fraser,Fraser,18.0,3125,49.28552026,-122.7336507
HYDE CREEK,Chum,701,Lower Fraser,Fraser,18.0,831,49.28552026,-122.7336507
ICE CREEK,Chinook,312,Upper Fraser River (Spring 5-2),Fraser,2460.0,1405,54.3221303,-121.1650076
INCHES CREEK,Coho,750,Lower Fraser,Fraser,52.0,3062,49.170232,-122.1550173
INCHES CREEK,Chum,701,Lower Fraser,Fraser,52.0,802,49.170232,-122.1550173
INDIANPOINT CREEK,Chinook,312,Upper Fraser River (Spring 5-2),Fraser,159.0,1766,53.44499384,-121.5683218
INTAKE CREEK,Coho,750,Lower Fraser,Fraser,2536.0,2807,49.11348692,-122.0872546
IRELAND CREEK,Coho,708,South Thompson,Fraser,251.0,2959,50.39016462,-118.7816865
ISAIAH CREEK,Lake sockeye,728,Quesnel-Summer (cyclic),Fraser,2413.0,6216,52.65345107,-120.9535416
JOFFRE CREEK,Lake sockeye,716,Lillooet-Harrison-Late,Fraser,58219.0,10382,50.3,-122.583333
JOHN SANDY CREEK,Coho,704,Lillooet,Fraser,206.0,2922,50.48384579,-122.9429446
JOHN SANDY CREEK,Lake sockeye,716,Lillooet-Harrison-Late,Fraser,206.0,6361,50.48384579,-122.9429446
JOHNSON CREEK,Coho,708,South Thompson,Fraser,242.0,2951,50.69672995,-119.051611
JOHNSON CREEK,Lake sockeye,739,Shuswap-Late (cyclic),Fraser,242.0,6746,50.69672995,-119.051611
JONES' SPAWNING CHANNEL,Pink (odd),710,Fraser River (odd),Fraser,2481.0,5199,49.31871301,-121.6259547
JUNCTION CREEK,Lake sockeye,728,Quesnel-Summer (cyclic),Fraser,2755.0,5780,52.5608034,-120.9940805
JUNCTION CREEK-LAKE SHORE,Lake sockeye,728,Quesnel-Summer (cyclic),Fraser,11503.0,5818,52.56341843,-120.9988671
KANAKA CREEK,Pink (odd),710,Fraser River (odd),Fraser,27.0,5345,49.20032122,-122.5854707
KANAKA CREEK,Chum,701,Lower Fraser,Fraser,27.0,837,49.20032122,-122.5854707
KANAKA CREEK,Coho,750,Lower Fraser,Fraser,27.0,3130,49.20032122,-122.5854707
KASTBERG CREEK,Lake sockeye,732,Takla-Trembleur-Early Stuart (cyclic),Fraser,350.0,6333,55.92459303,-126.5832477
KATZ CREEK,Chum,701,Lower Fraser,Fraser,368.0,729,49.1675396,-122.1382792
KAZCHEK CREEK,Chinook,311,Middle Fraser River (Summer 5-2),Fraser,316.0,1672,54.88509993,-125.1705588
KAZCHEK CREEK,Lake sockeye,731,Takla-Trembleur-Stuart-Summer (cyclic),Fraser,316.0,6297,54.88509993,-125.1705588
KAZCHEK CREEK,Lake sockeye,732,Takla-Trembleur-Early Stuart (cyclic),Fraser,316.0,6296,54.88509993,-125.1705588
KENNETH CREEK,Chinook,312,Upper Fraser River (Spring 5-2),Fraser,161.0,1768,53.92201243,-121.6629742
KENWORTHY CREEK,Chum,701,Lower Fraser,Fraser,44.0,848,49.198494,-122.2511467
KILLDOG CREEK,Lake sockeye,728,Quesnel-Summer (cyclic),Fraser,2421.0,6224,52.59140546,-120.4109261
KILLDOG CREEK-LAKE SHORE,Lake sockeye,728,Quesnel-Summer (cyclic),Fraser,11504.0,5819,52.59165342,-120.4113795
KINGFISHER CREEK,Coho,708,South Thompson,Fraser,246.0,2955,50.61229146,-118.7431081
KINGFISHER CREEK,Lake sockeye,739,Shuswap-Late (cyclic),Fraser,246.0,6400,50.61229146,-118.7431081
KNIGHT CREEK-LAKE SHORE,Lake sockeye,739,Shuswap-Late (cyclic),Fraser,11550.0,5865,50.79984712,-119.1679185
KOTSINE RIVER,Lake sockeye,732,Takla-Trembleur-Early Stuart (cyclic),Fraser,348.0,6331,55.81777165,-126.4368949
KUZKWA RIVER,Chinook,311,Middle Fraser River (Summer 5-2),Fraser,312.0,1671,54.7883416,-124.8784794
KUZKWA RIVER,Lake sockeye,731,Takla-Trembleur-Stuart-Summer (cyclic),Fraser,312.0,6292,54.7883416,-124.8784794
LAGACE CREEK,Coho,750,Lower Fraser,Fraser,45.0,3143,49.19948383,-122.2512416
LAGACE CREEK,Chum,701,Lower Fraser,Fraser,45.0,849,49.19948383,-122.2512416
LASTMAN CREEK,Lake sockeye,734,Taseko-Early Summer,Fraser,54099.0,6760,51.33791276,-123.626862
LATIMER CREEK,Chum,701,Lower Fraser,Fraser,31740.0,827,49.23123476,-122.5569976
LEE CREEK-LAKE SHORE,Lake sockeye,739,Shuswap-Late (cyclic),Fraser,11544.0,5859,50.90390602,-119.5288622
LEMIEUX CREEK,Coho,709,North Thompson,Fraser,262.0,2976,51.42444746,-120.2008315
LEMIEUX CREEK,Lake sockeye,740,Kamloops-Early Summer,Fraser,262.0,6406,51.42444746,-120.2008315
LEMIEUX CREEK,Chinook,319,North Thompson River (Summer 5-2),Fraser,262.0,1713,51.42444746,-120.2008315
LEO CREEK,Lake sockeye,732,Takla-Trembleur-Early Stuart (cyclic),Fraser,323.0,6304,55.08624797,-125.5836156
LESTER - SHORE,Lake sockeye,728,Quesnel-Summer (cyclic),Fraser,11522.0,5837,52.72775729,-120.8525225
LIGHTNING CREEK,Chinook,310,Middle Fraser River (Spring 5-2),Fraser,144.0,1751,53.01675821,-122.1130638
LILLOOET RIVER,Chinook,306,Lower Fraser River (Summer 5-2),Fraser,2475.0,1582,49.74746815,-122.1458283
LILLOOET RIVER - LOWER,Coho,704,Lillooet,Fraser,177.0,3002,49.74746815,-122.1458283
LILLOOET RIVER - LOWER,Chinook,306,Lower Fraser River (Summer 5-2),Fraser,177.0,1736,49.74746815,-122.1458283
LILLOOET RIVER - LOWER,Pink (odd),710,Fraser River (odd),Fraser,177.0,5253,49.74746815,-122.1458283
LILLOOET RIVER - LOWER,Chum,701,Lower Fraser,Fraser,177.0,755,49.74746815,-122.1458283
LILLOOET RIVER - UPPER,Lake sockeye,716,Lillooet-Harrison-Late,Fraser,178.0,6341,50.29977245,-122.6172173
LILLOOET RIVER - UPPER,Coho,704,Lillooet,Fraser,178.0,2895,50.29977245,-122.6172173
LILLOOET RIVER - UPPER,Chinook,306,Lower Fraser River (Summer 5-2),Fraser,178.0,1681,50.29977245,-122.6172173
LIMESTONE CREEK,Lake sockeye,728,Quesnel-Summer (cyclic),Fraser,2834.0,5800,52.73438321,-120.8823694
LIMESTONE PIONT-LAKE SHORE,Lake sockeye,728,Quesnel-Summer (cyclic),Fraser,11524.0,5839,52.73794184,-120.863803
LIMESTONE PIONT-LAKE SHORE-S,Lake sockeye,728,Quesnel-Summer (cyclic),Fraser,11523.0,5838,52.7324156,-120.8867909
LINDQUIST CREEK,Coho,709,North Thompson,Fraser,2469.0,3762,51.32042696,-120.1733223
LION CREEK,Lake sockeye,732,Takla-Trembleur-Early Stuart (cyclic),Fraser,346.0,6329,55.76793857,-126.3541794
LITTLE CAMPBELL RIVER,Steelhead,785,Boundary Bay Winter,Fraser,,9882,50.03478097,-125.2745432
LITTLE HORSEFLY RIVER,Lake sockeye,728,Quesnel-Summer (cyclic),Fraser,292.0,6417,52.36195093,-121.397302
LITTLE HORSEFLY RIVER,Coho,749,Interior Fraser,Fraser,292.0,2080,52.36195093,-121.397302
LITTLE RIVER,Pink (odd),710,Fraser River (odd),Fraser,219.0,5246,50.86552577,-119.6047619
LITTLE RIVER,Chinook,313,South Thompson River (Summer 4-1),Fraser,219.0,1697,50.86552577,-119.6047619
LITTLE RIVER,Lake sockeye,739,Shuswap-Late (cyclic),Fraser,219.0,6366,50.86552577,-119.6047619
LITTLE SHUSWAP LAKE,Pink (odd),710,Fraser River (odd),Fraser,2484.0,5200,50.82785285,-119.6977728
LITTLE TAMIHI CREEK,Coho,750,Lower Fraser,Fraser,73.0,3017,49.07384154,-121.8497794
LIUMCHEN CREEK,Coho,750,Lower Fraser,Fraser,71.0,3015,49.07910256,-121.9232621
LIUMCHEN CREEK,Chum,701,Lower Fraser,Fraser,71.0,771,49.07910256,-121.9232621
LIUMCHEN CREEK,Pink (odd),710,Fraser River (odd),Fraser,71.0,5260,49.07910256,-121.9232621
LOFTUS CREEK,Coho,708,South Thompson,Fraser,2434.0,3773,50.93508995,-118.8012939
LOFTUS CREEK,Lake sockeye,738,Shuswap-Early Summer (cyclic),Fraser,2434.0,6236,50.93508995,-118.8012939
LOFTUS CREEK,Lake sockeye,739,Shuswap-Late (cyclic),Fraser,2434.0,10539,50.93508995,-118.8012939
LOGGER LANDING,Lake sockeye,728,Quesnel-Summer (cyclic),Fraser,11525.0,5840,52.73502954,-120.8428468
LONG CREEK,Lake sockeye,728,Quesnel-Summer (cyclic),Fraser,2407.0,6210,52.66708503,-120.9631097
LONG CREEK-LAKE SHORE,Lake sockeye,728,Quesnel-Summer (cyclic),Fraser,11526.0,5841,52.67150157,-120.9550883
LORENZETTA CREEK,Coho,750,Lower Fraser,Fraser,107.0,3043,49.31763346,-121.6244577
LORENZETTA CREEK,Chum,701,Lower Fraser,Fraser,107.0,796,49.31763346,-121.6244577
LORENZETTA CREEK,Pink (odd),710,Fraser River (odd),Fraser,107.0,5274,49.31763346,-121.6244577
LOST VALLEY CREEK-LAKE SHORE,Lake sockeye,719,Anderson-Seton-Early Summer,Fraser,26778.0,6749,50.67304254,-122.3385249
LOUIS CREEK,Chinook,317,Lower Thompson River (Spring 4-2),Fraser,257.0,1711,51.13754829,-120.1286132
LOUIS CREEK,Coho,709,North Thompson,Fraser,257.0,2970,51.13754829,-120.1286132
LOVELL CREEK,Lake sockeye,732,Takla-Trembleur-Early Stuart (cyclic),Fraser,340.0,6323,55.54360142,-126.087623
LUCKAKUCK CREEK,Chum,701,Lower Fraser,Fraser,91.0,786,49.14998546,-121.9743183
LUCKAKUCK CREEK,Coho,750,Lower Fraser,Fraser,91.0,3034,49.14998546,-121.9743183
LYNX CREEK,Lake sockeye,728,Quesnel-Summer (cyclic),Fraser,2418.0,6221,52.58658448,-120.6564525
LYNX CREEK-LAKE SHORE,Lake sockeye,728,Quesnel-Summer (cyclic),Fraser,11505.0,5820,52.58643911,-120.6562082
LYON CREEK,Chinook,318,North Thompson River (Spring 5-2),Fraser,278.0,1721,51.87798775,-119.3089633
LYON CREEK,Lake sockeye,740,Kamloops-Early Summer,Fraser,278.0,6410,51.87798775,-119.3089633
LYON CREEK,Coho,709,North Thompson,Fraser,278.0,2990,51.87798775,-119.3089633
MACINTYRE CREEK,Coho,750,Lower Fraser,Fraser,20.0,3127,49.31396316,-122.6807183
MACINTYRE CREEK,Chum,701,Lower Fraser,Fraser,20.0,833,49.31396316,-122.6807183
MACLAING CREEK,Lake sockeye,732,Takla-Trembleur-Early Stuart (cyclic),Fraser,337.0,6320,55.45939221,-125.9384272
MAD RIVER,Chinook,318,North Thompson River (Spring 5-2),Fraser,272.0,1720,51.67276056,-119.6073812
MAHOOD CREEK,Chum,701,Lower Fraser,Fraser,108.0,797,49.34181939,-121.6280508
MAHOOD CREEK,Coho,750,Lower Fraser,Fraser,108.0,3044,49.34181939,-121.6280508
MAHOOD CREEK,Pink (odd),710,Fraser River (odd),Fraser,108.0,5275,49.34181939,-121.6280508
MAHOOD RIVER,Coho,709,North Thompson,Fraser,268.0,2982,51.91606125,-120.1943376
MAHOOD RIVER,Chinook,319,North Thompson River (Summer 5-2),Fraser,268.0,1718,51.91606125,-120.1943376
MANN CREEK,Coho,709,North Thompson,Fraser,265.0,2979,51.5663568,-120.1363557
MANN CREEK,Lake sockeye,740,Kamloops-Early Summer,Fraser,265.0,6407,51.5663568,-120.1363557
MANN CREEK,Chinook,319,North Thompson River (Summer 5-2),Fraser,265.0,1716,51.5663568,-120.1363557
MAPLE CREEK,Coho,750,Lower Fraser,Fraser,11.0,10513,49.26403534,-122.7845117
MAPLE CREEK,Chum,701,Lower Fraser,Fraser,11.0,10354,49.26403534,-122.7845117
MARA LAKE,Lake sockeye,739,Shuswap-Late (cyclic),Fraser,2766.0,5790,50.81571135,-118.9843527
MARIA SLOUGH,Chinook,307,Lower Fraser River-Maria Slough (Summer 4-1),Fraser,104.0,1738,49.23413633,-121.730548
MARIA SLOUGH,Pink (odd),710,Fraser River (odd),Fraser,104.0,5272,49.23413633,-121.730548
MARIA SLOUGH,Chum,701,Lower Fraser,Fraser,104.0,793,49.23413633,-121.730548
MARIA SLOUGH,Coho,750,Lower Fraser,Fraser,104.0,3040,49.23413633,-121.730548
MARSHALL CREEK,Coho,750,Lower Fraser,Fraser,87.0,3031,49.05713979,-122.1813004
MARSHALL CREEK,Chum,701,Lower Fraser,Fraser,87.0,783,49.05713979,-122.1813004
MARTEN CREEK,Lake sockeye,728,Quesnel-Summer (cyclic),Fraser,2408.0,6211,52.71875251,-120.9029246
MARTEN CREEK-LAKE SHORE,Lake sockeye,728,Quesnel-Summer (cyclic),Fraser,11527.0,5842,52.7182865,-120.9017893
MCDOUGALL CREEK,Lake sockeye,732,Takla-Trembleur-Early Stuart (cyclic),Fraser,326.0,6308,55.23114271,-126.0021791
MCGREGOR RIVER,Chinook,312,Upper Fraser River (Spring 5-2),Fraser,149.0,1756,54.17979354,-122.0339986
MCKALE RIVER,Chinook,312,Upper Fraser River (Spring 5-2),Fraser,172.0,1776,53.39773873,-120.3425043
MCKENZIE CREEK,Coho,704,Lillooet,Fraser,205.0,2921,50.37419734,-122.8441298
MCKINLEY CREEK,Chinook,310,Middle Fraser River (Spring 5-2),Fraser,2401.0,1647,52.28916108,-121.0699408
MCKINLEY CREEK,Lake sockeye,728,Quesnel-Summer (cyclic),Fraser,2401.0,6206,52.28916108,-121.0699408
MCKINLEY CREEK,Coho,749,Interior Fraser,Fraser,2401.0,2844,52.28916108,-121.0699408
MCKINLEY CREEK - UPPER,Lake sockeye,728,Quesnel-Summer (cyclic),Fraser,2446.0,6247,52.26294283,-120.9035021
MCLENNAN CREEK,Coho,750,Lower Fraser,Fraser,37.0,3138,49.1080282,-122.339213
MCNOMEE CREEK,Lake sockeye,739,Shuswap-Late (cyclic),Fraser,2392.0,6198,51.26400255,-118.9456573
MCNOMEE CREEK,Coho,708,South Thompson,Fraser,2392.0,2843,51.26400255,-118.9456573
MCNOMEE CREEK,Lake sockeye,738,Shuswap-Early Summer (cyclic),Fraser,2392.0,6197,51.26400255,-118.9456573
MCTAGGART CREEK,Chinook,318,North Thompson River (Spring 5-2),Fraser,264.0,1715,51.41268846,-120.1281397
MCTAGGART CREEK,Coho,709,North Thompson,Fraser,264.0,2978,51.41268846,-120.1281397
MIAMI CREEK,Coho,750,Lower Fraser,Fraser,187.0,2904,49.3041533,-121.7929755
MIDDLE RIVER,Lake sockeye,731,Takla-Trembleur-Stuart-Summer (cyclic),Fraser,2485.0,10544,54.86647561,-125.1193052
MIDDLE RIVER,Chinook,311,Middle Fraser River (Summer 5-2),Fraser,2485.0,1584,54.86647561,-125.1193052
MIDDLE RIVER (ROSSETTE BAR),Lake sockeye,731,Takla-Trembleur-Stuart-Summer (cyclic),Fraser,310.0,6290,54.88827251,-125.177374
MIDDLE RIVER (ROSSETTE BAR),Lake sockeye,732,Takla-Trembleur-Early Stuart (cyclic),Fraser,310.0,6289,54.88827251,-125.177374
MILEDGE CREEK,Coho,709,North Thompson,Fraser,1365386.0,3765,52.2762893,-119.1754401
MILLER CREEK,Lake sockeye,716,Lillooet-Harrison-Late,Fraser,203.0,6359,50.35653774,-122.832443
MILLER CREEK,Coho,704,Lillooet,Fraser,203.0,2919,50.35653774,-122.832443
MILLIONAIRE CREEK,Chum,701,Lower Fraser,Fraser,31516.0,826,49.23748647,-122.5617086
MINTON CREEK,Coho,749,Interior Fraser,Fraser,2381.0,10525,51.94267203,-123.1500923
MITCHELL RIVER,Lake sockeye,728,Quesnel-Summer (cyclic),Fraser,293.0,6418,52.77836565,-120.80405
MITCHELL RIVER,Chinook,311,Middle Fraser River (Summer 5-2),Fraser,293.0,1390,52.77836565,-120.80405
MITCHELL RIVER,Coho,749,Interior Fraser,Fraser,293.0,3001,52.77836565,-120.80405
MOFFAT CREEK,Lake sockeye,728,Quesnel-Summer (cyclic),Fraser,2400.0,6205,52.32512396,-121.4060424
MOMICH RIVER,Lake sockeye,739,Shuswap-Late (cyclic),Fraser,223.0,6374,51.33451057,-119.4242542
MOMICH RIVER,Lake sockeye,738,Shuswap-Early Summer (cyclic),Fraser,223.0,10534,51.33451057,-119.4242542
MOMICH RIVER,Coho,708,South Thompson,Fraser,223.0,2935,51.33451057,-119.4242542
MOMICH RIVER - UPPER,Lake sockeye,761,Momich-Early Summer,Fraser,2433.0,10377,51.32084985,-119.3265555
MOMICH RIVER-LAKE SHORE,Lake sockeye,739,Shuswap-Late (cyclic),Fraser,11559.0,5874,51.33283485,-119.4224862
MORKILL RIVER,Chinook,312,Upper Fraser River (Spring 5-2),Fraser,168.0,1774,53.61244394,-120.7040434
MOUNTAIN SLOUGH,Coho,750,Lower Fraser,Fraser,101.0,3038,49.2338771,-121.8559973
MOUNTAIN SLOUGH,Chum,701,Lower Fraser,Fraser,101.0,791,49.2338771,-121.8559973
MURRAY CREEK,Coho,906,Boundary Bay,Fraser,680.0,2085,49.10048698,-122.6438277
MUSQUEAM CREEK,Coho,750,Lower Fraser,Fraser,2.0,3115,49.22211298,-123.1991315
MYSTERY CREEK,Chum,701,Lower Fraser,Fraser,189.0,10360,49.52749924,-121.8857123
MYSTERY CREEK,Lake sockeye,713,Harrison-Downstream Migrating-Late,Fraser,189.0,6347,49.52749924,-121.8857123
MYSTERY CREEK,Coho,750,Lower Fraser,Fraser,189.0,2906,49.52749924,-121.8857123
NADINA CHANNEL,Lake sockeye,727,Nadina-Francois-Early Summer,Fraser,2444.0,6285,53.9022146,-126.9605277
NADINA RIVER,Lake sockeye,727,Nadina-Francois-Early Summer,Fraser,303.0,6286,53.97814315,-126.5020754
NAHATLATCH LAKE,Lake sockeye,718,Nahatlatch-Early Summer,Fraser,2442.0,6244,50.00441549,-121.7213805
NAHATLATCH RIVER,Chinook,308,Fraser Canyon-Nahatlatch (Spring 5-2),Fraser,125.0,1740,49.9771393,-121.510191
NAHATLATCH RIVER,Coho,705,Fraser Canyon,Fraser,125.0,3052,49.9771393,-121.510191
NAHATLATCH RIVER,Lake sockeye,718,Nahatlatch-Early Summer,Fraser,125.0,6420,49.9771393,-121.510191
NAHATLATCH RIVER,Pink (odd),710,Fraser River (odd),Fraser,125.0,5286,49.9771393,-121.510191
NANCUT CREEK,Lake sockeye,731,Takla-Trembleur-Stuart-Summer (cyclic),Fraser,426.0,10546,54.59869158,-125.0755096
NARCOSLI CREEK,Pink (odd),710,Fraser River (odd),Fraser,140.0,5297,52.82196193,-122.4611347
NARCOSLI CREEK,Chinook,310,Middle Fraser River (Spring 5-2),Fraser,140.0,1747,52.82196193,-122.4611347
NARROWS CREEK,Lake sockeye,732,Takla-Trembleur-Early Stuart (cyclic),Fraser,332.0,6315,55.1695343,-125.7191625
NATHAN CREEK,Coho,750,Lower Fraser,Fraser,31.0,3134,49.16588458,-122.4884256
NATHAN CREEK,Chum,701,Lower Fraser,Fraser,31.0,841,49.16588458,-122.4884256
NAVER CREEK,Chinook,310,Middle Fraser River (Spring 5-2),Fraser,145.0,1752,53.43100794,-122.6588323
NAZKO RIVER,Coho,749,Interior Fraser,Fraser,2456.0,2820,53.12683553,-123.5668614
NAZKO RIVER,Chinook,310,Middle Fraser River (Spring 5-2),Fraser,2456.0,1635,53.12683553,-123.5668614
NECHAKO RIVER,Chinook,311,Middle Fraser River (Summer 5-2),Fraser,295.0,1677,53.91740699,-122.7149218
NESAKWATCH CREEK,Pink (odd),710,Fraser River (odd),Fraser,79.0,5266,49.09050624,-121.5957198
NESAKWATCH CREEK,Chum,701,Lower Fraser,Fraser,79.0,777,49.09050624,-121.5957198
NESAKWATCH CREEK,Coho,750,Lower Fraser,Fraser,79.0,3023,49.09050624,-121.5957198
NEVIN CREEK,Coho,750,Lower Fraser,Fraser,99.0,10368,49.175978,-121.806594
NEVIN CREEK,Chinook,312,Upper Fraser River (Spring 5-2),Fraser,174.0,1733,53.19465648,-119.9783384
NIAGARA CREEK,Lake sockeye,728,Quesnel-Summer (cyclic),Fraser,2420.0,6223,52.60460084,-120.4284338
NICOAMEN RIVER,Pink (odd),710,Fraser River (odd),Fraser,212.0,5241,50.26872341,-121.4020667
NICOLA RIVER,Pink (odd),710,Fraser River (odd),Fraser,213.0,5242,50.42767089,-121.3162004
NICOLA RIVER,Chinook,317,Lower Thompson River (Spring 4-2),Fraser,213.0,1691,50.42767089,-121.3162004
NICOLA RIVER,Coho,707,Lower Thompson,Fraser,213.0,2926,50.42767089,-121.3162004
NICOLA RIVER (DAM),Coho,707,Lower Thompson,Fraser,54282.0,2927,50.163045,-120.665873
NICOLA RIVER (DOT),Coho,707,Lower Thompson,Fraser,54283.0,10517,50.424454,-121.315659
NICOLA RIVER - LOWER,Coho,707,Lower Thompson,Fraser,2461.0,10516,50.145281,-121.021924
NICOLA RIVER - UPPER,Chinook,317,Lower Thompson River (Spring 4-2),Fraser,2453.0,1633,50.13744698,-120.709084
NICOLA RIVER - UPPER,Coho,707,Lower Thompson,Fraser,2453.0,2819,50.13744698,-120.709084
NICOMEKL RIVER,Chinook,302,Boundary Bay (Fall 4-1),Fraser,678.0,1391,49.05821785,-122.8697314
NICOMEKL RIVER,Coho,906,Boundary Bay,Fraser,678.0,2086,49.05821785,-122.8697314
NICOMEN SLOUGH,Coho,750,Lower Fraser,Fraser,50.0,3060,49.14145585,-122.1825123
NICOMEN SLOUGH,Chum,701,Lower Fraser,Fraser,50.0,800,49.14145585,-122.1825123
NIKWIKWAIA CREEK,Chinook,313,South Thompson River (Summer 4-1),Fraser,2388.0,2065,50.93907051,-119.6560319
NIKWIKWAIA CREEK,Lake sockeye,739,Shuswap-Late (cyclic),Fraser,2388.0,6194,50.93907051,-119.6560319
NIKWIKWAIA CREEK,Coho,708,South Thompson,Fraser,2388.0,2108,50.93907051,-119.6560319
NIKWIKWAIA CREEK,Pink (odd),710,Fraser River (odd),Fraser,2388.0,5214,50.93907051,-119.6560319
NIKWIKWAIA CREEK,Lake sockeye,738,Shuswap-Early Summer (cyclic),Fraser,2388.0,6193,50.93907051,-119.6560319
NITHI RIVER,Lake sockeye,725,Francois-Fraser-Summer,Fraser,301.0,6283,53.97868115,-124.9851885
NOISY CREEK,Coho,708,South Thompson,Fraser,248.0,2957,50.70716376,-118.6551139
NOISY CREEK,Lake sockeye,739,Shuswap-Late (cyclic),Fraser,248.0,6401,50.70716376,-118.6551139
NORRISH CREEK,Chum,701,Lower Fraser,Fraser,51.0,801,49.17317157,-122.1353562
NORRISH CREEK,Pink (odd),710,Fraser River (odd),Fraser,51.0,5298,49.17317157,-122.1353562
NORRISH CREEK,Coho,750,Lower Fraser,Fraser,51.0,3061,49.17317157,-122.1353562
NORTH ALOUETTE RIVER,Coho,750,Lower Fraser,Fraser,15.0,3123,49.26701124,-122.6686512
NORTH ALOUETTE RIVER,Chum,701,Lower Fraser,Fraser,15.0,828,49.26701124,-122.6686512
NORTH ALOUETTE RIVER,Pink (odd),710,Fraser River (odd),Fraser,15.0,5343,49.26701124,-122.6686512
NORTH ARM UNNAMED COVE-LAKE SHORE,Lake sockeye,728,Quesnel-Summer (cyclic),Fraser,11536.0,5851,52.66033736,-120.9741545
NORTH BOISE CREEK,Lake sockeye,715,Pitt-Early Summer,Fraser,26776.0,6752,49.62422863,-122.6599577
NORTH THOMPSON RIVER,Chinook,319,North Thompson River (Summer 5-2),Fraser,256.0,1710,50.68178401,-120.3418459
NORTH THOMPSON RIVER,Pink (odd),710,Fraser River (odd),Fraser,256.0,5251,50.68178401,-120.3418459
NORTH THOMPSON RIVER,Coho,709,North Thompson,Fraser,256.0,2966,50.68178401,-120.3418459
NORTH THOMPSON RIVER,Lake sockeye,740,Kamloops-Early Summer,Fraser,256.0,6404,50.68178401,-120.3418459
NORTH THOMPSON RIVER-PIG CHANNEL,Coho,709,North Thompson,Fraser,719256264.0,2969,51.579465,119.810014
NORTH THOMPSON RIVER@VAVENBY,Coho,709,North Thompson,Fraser,1754239945.0,2964,51.593091,-119.701668
O'NE-ELL CREEK,Lake sockeye,732,Takla-Trembleur-Early Stuart (cyclic),Fraser,318.0,6299,55.00322656,-125.3941084
OLSEN CREEK,Lake sockeye,715,Pitt-Early Summer,Fraser,3505.0,10375,49.597168,-122.631537
ONYX CREEK,Coho,708,South Thompson,Fraser,226.0,2938,50.95373849,-119.2810119
ONYX CREEK,Lake sockeye,738,Shuswap-Early Summer (cyclic),Fraser,226.0,6378,50.95373849,-119.2810119
ONYX CREEK,Lake sockeye,739,Shuswap-Late (cyclic),Fraser,226.0,6379,50.95373849,-119.2810119
ONYX CREEK-LAKE SHORE,Lake sockeye,739,Shuswap-Late (cyclic),Fraser,11547.0,5862,50.95846882,-119.2837059
OPA BEACH-LAKE SHORE,Lake sockeye,728,Quesnel-Summer (cyclic),Fraser,11528.0,5843,52.58639599,-121.036853
OR CREEK,Coho,750,Lower Fraser,Fraser,12.0,3120,49.34180217,-122.7712996
OR CREEK,Chum,701,Lower Fraser,Fraser,12.0,823,49.34180217,-122.7712996
ORMOND CREEK,Chinook,311,Middle Fraser River (Summer 5-2),Fraser,298.0,1680,54.08843558,-124.7478927
ORMOND CREEK,Lake sockeye,753,Fraser-Early Summer,Fraser,298.0,6340,54.08843558,-124.7478927
OTTER CREEK,Chinook,312,Upper Fraser River (Spring 5-2),Fraser,151.0,1758,54.27795152,-121.5187256
OWLHEAD CREEK,Coho,708,South Thompson,Fraser,233.0,2944,50.85030817,-118.9484346
PALEFACE CREEK,Coho,750,Lower Fraser,Fraser,84.0,3028,49.04534315,-121.4044166
PALEFACE CREEK,Pink (odd),710,Fraser River (odd),Fraser,84.0,5268,49.04534315,-121.4044166
PALMER CREEK,Coho,708,South Thompson,Fraser,2374.0,10521,50.69081691,-119.331368
PARTINGTON CREEK,Coho,750,Lower Fraser,Fraser,19.0,3126,49.28569971,-122.7335254
PARTINGTON CREEK,Chum,701,Lower Fraser,Fraser,19.0,832,49.28569971,-122.7335254
PAUL CREEK,Coho,709,North Thompson,Fraser,2376.0,3763,50.70504718,-120.349998
PAULA CREEK,Lake sockeye,732,Takla-Trembleur-Early Stuart (cyclic),Fraser,314.0,6294,54.78110971,-125.3864401
PEACH CREEK,Coho,750,Lower Fraser,Fraser,69.0,2088,49.09878654,-122.0257179
PEACH CREEK,Chum,701,Lower Fraser,Fraser,69.0,769,49.09878654,-122.0257179
PEACH CREEK,Pink (odd),710,Fraser River (odd),Fraser,69.0,5258,49.09878654,-122.0257179
PEACH CREEK SIDE CHANNEL,Coho,750,Lower Fraser,Fraser,2537.0,2808,49.09852675,-121.9955824
PEMBERTON CREEK,Lake sockeye,716,Lillooet-Harrison-Late,Fraser,202.0,6358,50.31066763,-122.7875432
PEMBERTON CREEK,Coho,704,Lillooet,Fraser,202.0,2918,50.31066763,-122.7875432
PENFOLD CAMP-LAKE SHORE,Lake sockeye,728,Quesnel-Summer (cyclic),Fraser,11529.0,5844,52.76968813,-120.7956865
PENFOLD CREEK,Lake sockeye,728,Quesnel-Summer (cyclic),Fraser,2409.0,6212,52.78297582,-120.7971222
PENFOLD CREEK,Coho,749,Interior Fraser,Fraser,2409.0,3771,52.78297582,-120.7971222
PERRY RIVER,Lake sockeye,739,Shuswap-Late (cyclic),Fraser,2394.0,6202,50.99454227,-118.6880845
PERRY RIVER,Lake sockeye,738,Shuswap-Early Summer (cyclic),Fraser,2394.0,6201,50.99454227,-118.6880845
PERRY RIVER,Coho,708,South Thompson,Fraser,2394.0,2077,50.99454227,-118.6880845
PETERS SLOUGH,Chum,701,Lower Fraser,Fraser,408.0,738,49.59550516,-122.6407757
PETERSON CREEK,Coho,709,North Thompson,Fraser,2379.0,3764,51.19964097,-120.1437923
PINCHI CREEK,Lake sockeye,731,Takla-Trembleur-Stuart-Summer (cyclic),Fraser,308.0,6287,54.56348059,-124.4889502
PINCHI CREEK,Chinook,311,Middle Fraser River (Summer 5-2),Fraser,308.0,1669,54.56348059,-124.4889502
PITT LAKE,Lake sockeye,715,Pitt-Early Summer,Fraser,2443.0,6245,49.395436,-122.5599964
PITT RIVER - UPPER,Chum,701,Lower Fraser,Fraser,13.0,824,49.56670909,-122.6329229
PITT RIVER - UPPER,Coho,750,Lower Fraser,Fraser,13.0,3121,49.56670909,-122.6329229
PITT RIVER - UPPER,Chinook,305,Lower Fraser River-Upper Pitt (Summer 5-2),Fraser,13.0,1811,49.56670909,-122.6329229
PITT RIVER - UPPER,Lake sockeye,715,Pitt-Early Summer,Fraser,13.0,6455,49.56670909,-122.6329229
PITT RIVER - UPPER,Pink (odd),710,Fraser River (odd),Fraser,13.0,5341,49.56670909,-122.6329229
POINT CREEK,Lake sockeye,732,Takla-Trembleur-Early Stuart (cyclic),Fraser,331.0,6314,55.23084647,-125.9729024
POMEROY CREEK,Lake sockeye,735,Bowron-Early Summer,Fraser,2826.0,10532,53.1877959,-121.2596832
POOLE CREEK,Coho,704,Lillooet,Fraser,200.0,2916,50.43539279,-122.6926981
POOLE CREEK,Lake sockeye,716,Lillooet-Harrison-Late,Fraser,200.0,6356,50.43539279,-122.6926981
PORTAGE CREEK,Pink (odd),710,Fraser River (odd),Fraser,129.0,5289,50.70835135,-122.2693889
PORTAGE CREEK,Coho,749,Interior Fraser,Fraser,129.0,3054,50.70835135,-122.2693889
PORTAGE CREEK,Chinook,309,Middle Fraser River-Portage (Fall 5-2),Fraser,129.0,1742,50.70835135,-122.2693889
PORTAGE CREEK,Lake sockeye,729,Seton-Late (de novo),Fraser,129.0,6421,50.70835135,-122.2693889
PORTER CREEK,Lake sockeye,732,Takla-Trembleur-Early Stuart (cyclic),Fraser,347.0,6330,55.77932085,-126.3795154
POST CHANNEL,Coho,750,Lower Fraser,Fraser,2538.0,2809,49.09193526,-121.4738349
POST CREEK,Chum,701,Lower Fraser,Fraser,83.0,781,49.09170829,-121.4797076
POST CREEK,Coho,750,Lower Fraser,Fraser,83.0,3027,49.09170829,-121.4797076
PTARMIGAN CREEK,Chinook,312,Upper Fraser River (Spring 5-2),Fraser,166.0,1773,53.70369743,-120.8911173
PUNKUTLAENKUT CREEK,Chinook,310,Middle Fraser River (Spring 5-2),Fraser,2454.0,10364,52.50968396,-124.3800834
PURCELL CREEK,Coho,750,Lower Fraser,Fraser,196.0,2913,49.7411107,-122.1033975
PURCELL CREEK,Lake sockeye,713,Harrison-Downstream Migrating-Late,Fraser,196.0,6353,49.7411107,-122.1033975
PURCELL CREEK,Chum,701,Lower Fraser,Fraser,196.0,753,49.7411107,-122.1033975
PYE CREEK,Chum,701,Lower Fraser,Fraser,58.0,760,49.19727347,-122.050909
PYE CREEK,Coho,750,Lower Fraser,Fraser,58.0,3005,49.19727347,-122.050909
QUARTZ POINT - SHORE,Lake sockeye,728,Quesnel-Summer (cyclic),Fraser,11506.0,5821,52.49153006,-120.8824779
QUEEST CREEK-LAKE SHORE,Lake sockeye,739,Shuswap-Late (cyclic),Fraser,11539.0,5854,51.0255451,-118.9613483
QUESNEL LAKE,Lake sockeye,728,Quesnel-Summer (cyclic),Fraser,2447.0,6248,52.60110592,-121.5470768
QUESNEL LAKE EAST ARM - UNNAMED CREEK 2 - SHORE,Lake sockeye,728,Quesnel-Summer (cyclic),Fraser,11511.0,5826,52.58097112,-120.5692302
QUESNEL LAKE EAST ARM-UNNAMED CREEK #1,Lake sockeye,728,Quesnel-Summer (cyclic),Fraser,2756.0,5781,52.61263331,-120.3534624
QUESNEL LAKE NORTH ARM - ADAMS CREEK SHORE,Lake sockeye,728,Quesnel-Summer (cyclic),Fraser,58217.0,6763,52.6089504,-120.9781909
QUESNEL RIVER,Chinook,311,Middle Fraser River (Summer 5-2),Fraser,289.0,1728,52.97064226,-122.4980039
QUESNEL RIVER,Pink (odd),710,Fraser River (odd),Fraser,289.0,5252,52.97064226,-122.4980039
QUESNEL RIVER,Lake sockeye,728,Quesnel-Summer (cyclic),Fraser,289.0,6415,52.97064226,-122.4980039
QUILCHENA CREEK,Coho,707,Lower Thompson,Fraser,57040.0,10518,50.16073201,-120.5209413
R4 CHANNEL,Coho,750,Lower Fraser,Fraser,2539.0,2810,49.07742918,-121.7066997
RAFT CREEK,Lake sockeye,728,Quesnel-Summer (cyclic),Fraser,2396.0,10540,52.50692704,-121.5109068
RAFT RIVER,Lake sockeye,740,Kamloops-Early Summer,Fraser,269.0,6409,51.63206515,-119.9923028
RAFT RIVER,Chinook,319,North Thompson River (Summer 5-2),Fraser,269.0,1719,51.63206515,-119.9923028
RAFT RIVER,Coho,709,North Thompson,Fraser,269.0,2983,51.63206515,-119.9923028
RAILROAD CREEK,Coho,704,Lillooet,Fraser,209.0,2924,50.53054987,-123.0518544
RAILROAD CREEK,Lake sockeye,716,Lillooet-Harrison-Late,Fraser,209.0,6363,50.53054987,-123.0518544
RANGER CREEK,Chum,701,Lower Fraser,Fraser,369.0,730,49.07956972,-121.720537
RANGER CREEK,Coho,750,Lower Fraser,Fraser,369.0,2886,49.07956972,-121.720537
REG CHRISTIE CREEK,Coho,709,North Thompson,Fraser,271.0,2984,51.59897511,-119.6737409
REINECKER CREEK - SHORE,Lake sockeye,739,Shuswap-Late (cyclic),Fraser,11554.0,5869,50.79346036,-119.1962032
RIENECKER CREEK,Lake sockeye,739,Shuswap-Late (cyclic),Fraser,235.0,6391,50.78876804,-119.1985476
ROARING POINT-LAKE SHORE,Lake sockeye,728,Quesnel-Summer (cyclic),Fraser,11530.0,5845,52.68507234,-120.9089015
ROARING RIVER,Lake sockeye,728,Quesnel-Summer (cyclic),Fraser,2412.0,6215,52.68775032,-120.9055215
ROARING RIVER TO DECEPTION POINT-LAKE SHORE,Lake sockeye,728,Quesnel-Summer (cyclic),Fraser,11533.0,5848,52.66981429,-120.9264593
ROARING RIVER-LAKE SHORE,Lake sockeye,728,Quesnel-Summer (cyclic),Fraser,11531.0,5846,52.68813606,-120.9008597
ROBSON RIVER,Chinook,312,Upper Fraser River (Spring 5-2),Fraser,2041.0,1392,53.02720871,-119.2582373
ROCK SLIDE - SHORE,Lake sockeye,728,Quesnel-Summer (cyclic),Fraser,11507.0,5822,52.52149995,-120.8799495
ROCK SLIDE TO PENINSULA POINT-LAKE SHORE,Lake sockeye,728,Quesnel-Summer (cyclic),Fraser,11508.0,5823,52.513575,-120.883229
ROSS CREEK,Lake sockeye,738,Shuswap-Early Summer (cyclic),Fraser,227.0,10537,50.96131529,-119.2413053
ROSS CREEK,Coho,708,South Thompson,Fraser,227.0,10520,50.96131529,-119.2413053
ROSS CREEK,Lake sockeye,739,Shuswap-Late (cyclic),Fraser,227.0,6380,50.96131529,-119.2413053
ROSS CREEK-LAKE SHORE,Lake sockeye,739,Shuswap-Late (cyclic),Fraser,11548.0,5863,50.96733922,-119.2523096
RUBY CREEK,Coho,705,Fraser Canyon,Fraser,109.0,3045,49.35244821,-121.6066773
RUBY CREEK,Pink (odd),710,Fraser River (odd),Fraser,109.0,5276,49.35244821,-121.6066773
RYAN RIVER,Coho,704,Lillooet,Fraser,204.0,2920,50.35844398,-122.8347926
RYAN RIVER,Lake sockeye,716,Lillooet-Harrison-Late,Fraser,204.0,6360,50.35844398,-122.8347926
RYDER CREEK,Coho,750,Lower Fraser,Fraser,72.0,3016,49.07871518,-121.8787644
RYDER CREEK,Pink (odd),710,Fraser River (odd),Fraser,72.0,5261,49.07871518,-121.8787644
RYDER CREEK,Chum,701,Lower Fraser,Fraser,72.0,772,49.07871518,-121.8787644
SAKENICHE RIVER,Lake sockeye,731,Takla-Trembleur-Stuart-Summer (cyclic),Fraser,325.0,6307,55.1523674,-125.7698654
SAKENICHE RIVER,Lake sockeye,732,Takla-Trembleur-Early Stuart (cyclic),Fraser,325.0,6306,55.1523674,-125.7698654
SAKWI CREEK,Chum,701,Lower Fraser,Fraser,185.0,745,49.32970401,-121.8778279
SAKWI CREEK,Lake sockeye,714,Harrison-Upstream Migrating-Late,Fraser,185.0,10381,49.32970401,-121.8778279
SAKWI CREEK,Coho,750,Lower Fraser,Fraser,185.0,2902,49.32970401,-121.8778279
SALMON CREEK,Lake sockeye,716,Lillooet-Harrison-Late,Fraser,207.0,6362,50.48734792,-122.9519758
SALMON CREEK,Coho,704,Lillooet,Fraser,207.0,2923,50.48734792,-122.9519758
SALMON RIVER,Coho,708,South Thompson,Fraser,237.0,2947,50.71001714,-119.3065652
SALMON RIVER,Chinook,314,South Thompson River (Summer 5-2),Fraser,237.0,1703,50.71001714,-119.3065652
SALMON RIVER,Chinook,312,Upper Fraser River (Spring 5-2),Fraser,146.0,1753,54.0669704,-122.5598206
SALMON RIVER,Lake sockeye,738,Shuswap-Early Summer (cyclic),Fraser,237.0,6393,50.71001714,-119.3065652
SALMON RIVER,Chum,701,Lower Fraser,Fraser,28.0,838,49.17702293,-122.5864404
SALMON RIVER,Lake sockeye,739,Shuswap-Late (cyclic),Fraser,237.0,6394,50.71001714,-119.3065652
SALMON RIVER,Coho,750,Lower Fraser,Fraser,28.0,3131,49.17702293,-122.5864404
SALWEIN CREEK,Chum,701,Lower Fraser,Fraser,65.0,766,49.09138066,-122.044793
SALWEIN CREEK,Coho,750,Lower Fraser,Fraser,65.0,3010,49.09138066,-122.044793
SAMPSON CREEK,Lake sockeye,716,Lillooet-Harrison-Late,Fraser,210.0,6364,50.53470144,-123.1182058
SAMPSON CREEK,Coho,704,Lillooet,Fraser,210.0,2925,50.53470144,-123.1182058
SAMPSON SLOUGH,Coho,704,Lillooet,Fraser,2542.0,2812,50.52734967,-123.0475188
SANDPOINT CREEK,Lake sockeye,732,Takla-Trembleur-Early Stuart (cyclic),Fraser,324.0,6305,55.12507476,-125.668183
SAWMILL CREEK,Pink (odd),710,Fraser River (odd),Fraser,2386.0,5212,49.61177262,-121.4110719
SCOREY CREEK,Coho,750,Lower Fraser,Fraser,48.0,3059,49.18501955,-122.2362548
SCOREY CREEK,Chum,701,Lower Fraser,Fraser,48.0,798,49.18501955,-122.2362548
SCOTCH CREEK,Chinook,314,South Thompson River (Summer 5-2),Fraser,225.0,1700,50.91532294,-119.5092526
SCOTCH CREEK,Lake sockeye,739,Shuswap-Late (cyclic),Fraser,225.0,6377,50.91532294,-119.5092526
SCOTCH CREEK,Pink (odd),710,Fraser River (odd),Fraser,225.0,5248,50.91532294,-119.5092526
SCOTCH CREEK,Coho,708,South Thompson,Fraser,225.0,2937,50.91532294,-119.5092526
SCOTCH CREEK,Lake sockeye,738,Shuswap-Early Summer (cyclic),Fraser,225.0,6376,50.91532294,-119.5092526
SCOTCH CREEK-LAKE SHORE,Lake sockeye,739,Shuswap-Late (cyclic),Fraser,11549.0,5864,50.91443657,-119.5159746
SCOTT CREEK,Coho,750,Lower Fraser,Fraser,9.0,3118,49.26066637,-122.7957
SCOTT CREEK,Chum,701,Lower Fraser,Fraser,9.0,821,49.26066637,-122.7957
SEEBACH CREEK,Chinook,312,Upper Fraser River (Spring 5-2),Fraser,150.0,1757,54.23922055,-121.8579609
SEMMIHAULT CREEK,Coho,750,Lower Fraser,Fraser,95.0,10370,49.153056,-121.956111
SENN CREEK,Coho,708,South Thompson,Fraser,3542.0,2111,50.94406531,-118.7919751
SERPENTINE RIVER,Coho,906,Boundary Bay,Fraser,681.0,2092,49.08322704,-122.850271
SERPENTINE RIVER,Chinook,302,Boundary Bay (Fall 4-1),Fraser,681.0,1394,49.08322704,-122.850271
SERVICE CREEK,Lake sockeye,728,Quesnel-Summer (cyclic),Fraser,2757.0,5782,52.74643772,-120.8542252
SETON AND CAYOOSH CREEKS,Coho,749,Interior Fraser,Fraser,7990579.0,3055,50.6687268,-121.9726099
SETON AND CAYOOSH CREEKS,Chinook,311,Middle Fraser River (Summer 5-2),Fraser,7990579.0,1743,50.6687268,-121.9726099
SETON AND CAYOOSH CREEKS,Pink (odd),710,Fraser River (odd),Fraser,7990579.0,5290,50.6687268,-121.9726099
SETON RIVER,Steelhead,780,Mid Fraser Summer,Fraser,,9855,50.67081909,-121.9533358
SETON RIVER,Chinook,311,Middle Fraser River (Summer 5-2),Fraser,2476.0,1395,50.68089255,-121.9287009
SETON RIVER,Coho,749,Interior Fraser,Fraser,2476.0,2796,50.68089255,-121.9287009
SETON RIVER,Pink (odd),710,Fraser River (odd),Fraser,2476.0,5197,50.68089255,-121.9287009
SEYMOUR RIVER,Lake sockeye,738,Shuswap-Early Summer (cyclic),Fraser,229.0,6383,51.238626,-118.9584543
SEYMOUR RIVER,Coho,708,South Thompson,Fraser,229.0,2940,51.238626,-118.9584543
SEYMOUR RIVER,Lake sockeye,739,Shuswap-Late (cyclic),Fraser,229.0,6384,51.238626,-118.9584543
SEYMOUR RIVER,Chinook,314,South Thompson River (Summer 5-2),Fraser,229.0,1701,51.238626,-118.9584543
SHALE CREEK,Lake sockeye,732,Takla-Trembleur-Early Stuart (cyclic),Fraser,334.0,6317,55.27704928,-125.7260542
SHANNON CREEK,Coho,709,North Thompson,Fraser,275.0,2987,51.78353418,-119.3176933
SHOVEL CREEK,Chinook,310,Middle Fraser River (Spring 5-2),Fraser,300.0,1667,54.1389693,-125.2902844
SHUSWAP LAKE,Lake sockeye,739,Shuswap-Late (cyclic),Fraser,379.0,6337,50.8816175,-119.5591186
SHUSWAP LAKE,Pink (odd),710,Fraser River (odd),Fraser,379.0,5227,50.8816175,-119.5591186
SHUSWAP LAKE MAIN ARM-N-LAKE SHORE,Lake sockeye,739,Shuswap-Late (cyclic),Fraser,11545.0,5860,50.96354302,-119.1716658
SHUSWAP LAKE MAIN ARM-S-LAKE SHORE,Lake sockeye,739,Shuswap-Late (cyclic),Fraser,11546.0,5861,50.88915262,-119.398513
SHUSWAP LAKE SALMON ARM-E-LAKE SHORE,Lake sockeye,739,Shuswap-Late (cyclic),Fraser,11551.0,5866,50.89680545,-119.0443437
SHUSWAP LAKE-ANSTEY ARM-LAKE SHORE,Lake sockeye,739,Shuswap-Late (cyclic),Fraser,11562.0,6735,51.042257,-118.962527
SHUSWAP LAKE-MAIN ARM-LAKE SHORE,Lake sockeye,739,Shuswap-Late (cyclic),Fraser,11565.0,6738,50.935912,-119.322929
SHUSWAP LAKE-SALMON ARM-LAKE SHORE,Lake sockeye,739,Shuswap-Late (cyclic),Fraser,11564.0,6737,50.750165,-119.300278
SHUSWAP LAKE-SALMON ARM-N-LAKE SHORE,Lake sockeye,739,Shuswap-Late (cyclic),Fraser,11552.0,5867,50.80993145,-119.1058401
SHUSWAP LAKE-SALMON ARM-S-LAKE SHORE,Lake sockeye,739,Shuswap-Late (cyclic),Fraser,11553.0,5868,50.7771299,-119.17924
SHUSWAP LAKE-SEYMOUR ARM-LAKE SHORE,Lake sockeye,739,Shuswap-Late (cyclic),Fraser,11563.0,6736,51.150176,-119.007274
SHUSWAP RIVER - LOWER,Pink (odd),710,Fraser River (odd),Fraser,240.0,5250,50.72484103,-119.0470528
SHUSWAP RIVER - LOWER,Lake sockeye,739,Shuswap-Late (cyclic),Fraser,240.0,6396,50.72484103,-119.0470528
SHUSWAP RIVER - LOWER,Chinook,315,Shuswap River (Summer 4-1),Fraser,240.0,1704,50.72484103,-119.0470528
SHUSWAP RIVER - LOWER,Coho,708,South Thompson,Fraser,240.0,2950,50.72484103,-119.0470528
SHUSWAP RIVER - MIDDLE,Chinook,315,Shuswap River (Summer 4-1),Fraser,241.0,1705,50.43388502,-118.7514875
SHUSWAP RIVER - MIDDLE,Lake sockeye,739,Shuswap-Late (cyclic),Fraser,241.0,6398,50.43388502,-118.7514875
SHUSWAP RIVER - MIDDLE,Coho,708,South Thompson,Fraser,241.0,2083,50.43388502,-118.7514875
SHUSWAP RIVER - MIDDLE,Lake sockeye,738,Shuswap-Early Summer (cyclic),Fraser,241.0,6397,50.43388502,-118.7514875
SICAMOUS CREEK,Lake sockeye,739,Shuswap-Late (cyclic),Fraser,26772.0,6745,50.809224,-118.9741504
SIDDALL CREEK,Coho,750,Lower Fraser,Fraser,60.0,3006,49.20988628,-122.0113856
SIDDALL CREEK,Chum,701,Lower Fraser,Fraser,60.0,761,49.20988628,-122.0113856
SIDNEY CREEK,Lake sockeye,732,Takla-Trembleur-Early Stuart (cyclic),Fraser,315.0,6295,54.78635792,-125.3672573
SILVERDALE CREEK,Pink (odd),710,Fraser River (odd),Fraser,36.0,5348,49.13323453,-122.3584807
SILVERDALE CREEK,Chum,701,Lower Fraser,Fraser,36.0,844,49.13323453,-122.3584807
SILVERDALE CREEK,Coho,750,Lower Fraser,Fraser,36.0,3137,49.13323453,-122.3584807
SILVERHOPE CREEK,Pink (odd),710,Fraser River (odd),Fraser,111.0,5278,49.37059556,-121.462899
SILVERHOPE CREEK,Coho,705,Fraser Canyon,Fraser,111.0,3047,49.37059556,-121.462899
SILVERMERE LAKE,Chum,701,Lower Fraser,Fraser,52749.0,10361,49.174967,-122.408753
SINMAX CREEK,Lake sockeye,738,Shuswap-Early Summer (cyclic),Fraser,222.0,6371,51.07656083,-119.7872793
SINMAX CREEK,Lake sockeye,739,Shuswap-Late (cyclic),Fraser,222.0,6372,51.07656083,-119.7872793
SINMAX CREEK,Coho,708,South Thompson,Fraser,222.0,2934,51.07656083,-119.7872793
SINMAX CREEK-LAKE SHORE,Lake sockeye,739,Shuswap-Late (cyclic),Fraser,11560.0,5875,51.07453753,-119.7869227
SINTA CREEK,Lake sockeye,732,Takla-Trembleur-Early Stuart (cyclic),Fraser,327.0,6309,55.30220364,-126.0282886
SLATE BAY,Lake sockeye,728,Quesnel-Summer (cyclic),Fraser,11509.0,5824,52.48839361,-120.8946445
SLATE BAY-LAKE SHORE 1KM E,Lake sockeye,728,Quesnel-Summer (cyclic),Fraser,11510.0,5825,52.4905888,-120.8838972
SLESSE CREEK,Pink (odd),710,Fraser River (odd),Fraser,77.0,5264,49.07822601,-121.7087587
SLESSE CREEK,Coho,750,Lower Fraser,Fraser,77.0,3021,49.07822601,-121.7087587
SLESSE CREEK,Chum,701,Lower Fraser,Fraser,77.0,775,49.07822601,-121.7087587
SLIM CREEK,Chinook,312,Upper Fraser River (Spring 5-2),Fraser,162.0,1769,53.79833651,-121.1949476
SLOQUET CREEK,Lake sockeye,713,Harrison-Downstream Migrating-Late,Fraser,197.0,6354,49.76784582,-122.205031
SLOQUET CREEK,Pink (odd),710,Fraser River (odd),Fraser,197.0,5238,49.76784582,-122.205031
SLOQUET CREEK,Chinook,306,Lower Fraser River (Summer 5-2),Fraser,197.0,1687,49.76784582,-122.205031
SLOQUET CREEK,Coho,704,Lillooet,Fraser,197.0,2914,49.76784582,-122.205031
SLOQUET CREEK,Chum,701,Lower Fraser,Fraser,197.0,754,49.76784582,-122.205031
SLOUGH CREEK,Lake sockeye,715,Pitt-Early Summer,Fraser,3506.0,6756,49.5501626,-122.615754
SMALL CREEK,Chinook,312,Upper Fraser River (Spring 5-2),Fraser,2043.0,1660,53.04101994,-119.6163669
SNOWSHOE CREEK,Chinook,312,Upper Fraser River (Spring 5-2),Fraser,167.0,1396,53.62240596,-120.7625715
SOUTH BOISE CREEK,Lake sockeye,715,Pitt-Early Summer,Fraser,26777.0,6753,49.61985059,-122.6607398
SOUTH PASS CREEK,Coho,708,South Thompson,Fraser,234.0,2945,50.92836771,-118.4732775
SOUTH THOMPSON RIVER,Chinook,313,South Thompson River (Summer 4-1),Fraser,218.0,1696,50.68051742,-120.3381363
SOUTH THOMPSON RIVER,Lake sockeye,739,Shuswap-Late (cyclic),Fraser,218.0,6365,50.68051742,-120.3381363
SOUTH THOMPSON RIVER,Pink (odd),710,Fraser River (odd),Fraser,218.0,5245,50.68051742,-120.3381363
SOWCHEA CREEK,Lake sockeye,731,Takla-Trembleur-Stuart-Summer (cyclic),Fraser,307.0,5794,54.42552322,-124.3989162
SPAKWANIKO CREEK,Chinook,312,Upper Fraser River (Spring 5-2),Fraser,156.0,1763,54.32480607,-121.1919766
SPIUS CREEK,Coho,707,Lower Thompson,Fraser,214.0,2928,50.14632338,-121.0204424
SPIUS CREEK,Chinook,317,Lower Thompson River (Spring 4-2),Fraser,214.0,1692,50.14632338,-121.0204424
SPRUCE CREEK,Lake sockeye,719,Anderson-Seton-Early Summer,Fraser,54280.0,6761,50.52175117,-122.4995383
SPUSKS CREEK,Lake sockeye,728,Quesnel-Summer (cyclic),Fraser,2758.0,5783,52.51959673,-121.1082619
SPUZZUM CREEK,Pink (odd),710,Fraser River (odd),Fraser,123.0,5284,49.66572737,-121.4125158
SQUAWKUM CREEK,Chum,701,Lower Fraser,Fraser,180.0,741,49.23274911,-121.996356
SQUAWKUM CREEK,Pink (odd),710,Fraser River (odd),Fraser,180.0,5231,49.23274911,-121.996356
SQUAWKUM CREEK,Coho,750,Lower Fraser,Fraser,180.0,2897,49.23274911,-121.996356
STAVE RIVER,Chum,701,Lower Fraser,Fraser,34.0,843,49.17180353,-122.4237602
STAVE RIVER,Pink (odd),710,Fraser River (odd),Fraser,34.0,5347,49.17180353,-122.4237602
STAVE RIVER,Coho,750,Lower Fraser,Fraser,34.0,3136,49.17180353,-122.4237602
STEELHEAD CREEK,Pink (odd),710,Fraser River (odd),Fraser,184.0,5234,49.22500422,-122.3526517
STEELHEAD CREEK,Coho,750,Lower Fraser,Fraser,184.0,2901,49.22500422,-122.3526517
STEELHEAD CREEK,Chum,701,Lower Fraser,Fraser,184.0,744,49.22500422,-122.3526517
STEELHEAD CREEK,Lake sockeye,714,Harrison-Upstream Migrating-Late,Fraser,184.0,6344,49.22500422,-122.3526517
STEIN RIVER,Pink (odd),710,Fraser River (odd),Fraser,126.0,5287,50.28839911,-121.629278
STEIN RIVER,Coho,749,Interior Fraser,Fraser,126.0,3053,50.28839911,-121.629278
STEIN RIVER,Chinook,310,Middle Fraser River (Spring 5-2),Fraser,126.0,1741,50.28839911,-121.629278
STELLAKO RIVER,Chinook,311,Middle Fraser River (Summer 5-2),Fraser,297.0,1679,54.05609747,-124.885053
STELLAKO RIVER,Lake sockeye,725,Francois-Fraser-Summer,Fraser,297.0,6339,54.05609747,-124.885053
STEVEN CREEK,Coho,705,Fraser Canyon,Fraser,115.0,2096,49.38443274,-121.3930183
STEWART SLOUGH,Coho,750,Lower Fraser,Fraser,86.0,3030,49.08063784,-122.0455325
STOKKE CREEK,Coho,750,Lower Fraser,Fraser,193.0,2910,49.71290993,-122.0379994
STONEY CREEK,Coho,750,Lower Fraser,Fraser,4.0,2097,49.2469498,-122.9089324
STONEY CREEK,Chum,701,Lower Fraser,Fraser,4.0,10355,49.2469498,-122.9089324
STOYOMA CREEK,Pink (odd),710,Fraser River (odd),Fraser,2387.0,5213,49.89461776,-121.4487793
STREET CREEK,Chum,701,Lower Fraser,Fraser,66.0,767,49.09111575,-122.0367038
STREET CREEK,Coho,750,Lower Fraser,Fraser,66.0,3011,49.09111575,-122.0367038
STUART LAKE,Lake sockeye,731,Takla-Trembleur-Stuart-Summer (cyclic),Fraser,2438.0,6240,54.48027671,-124.4362723
STUART RIVER,Lake sockeye,731,Takla-Trembleur-Stuart-Summer (cyclic),Fraser,305.0,5774,53.9883355,-123.5413751
STUART RIVER,Chinook,311,Middle Fraser River (Summer 5-2),Fraser,305.0,1668,53.9883355,-123.5413751
SUCKER CREEK,Coho,705,Fraser Canyon,Fraser,113.0,3049,49.38279819,-121.4244482
SUCKER CREEK,Pink (odd),710,Fraser River (odd),Fraser,113.0,5280,49.38279819,-121.4244482
SUE CREEK,Lake sockeye,728,Quesnel-Summer (cyclic),Fraser,2759.0,5784,52.63488936,-120.9627297
SUMAS RIVER,Chum,701,Lower Fraser,Fraser,61.0,762,49.14152398,-122.12392
SUMAS RIVER,Coho,750,Lower Fraser,Fraser,61.0,3007,49.14152398,-122.12392
SUMMIT CREEK,Lake sockeye,728,Quesnel-Summer (cyclic),Fraser,2423.0,6226,52.61390086,-120.3462202
SUMMIT CREEK,Coho,749,Interior Fraser,Fraser,2423.0,2845,52.61390086,-120.3462202
SUS CREEK,Lake sockeye,735,Bowron-Early Summer,Fraser,1991.0,10533,53.13891847,-121.168171
SUS CREEK,Chinook,312,Upper Fraser River (Spring 5-2),Fraser,1991.0,1399,53.13891847,-121.168171
SWEETNAM CREEK,Lake sockeye,725,Francois-Fraser-Summer,Fraser,2639.0,6184,54.0069024,-125.0256523
SWELTZER RIVER,Pink (odd),710,Fraser River (odd),Fraser,70.0,5259,49.09615177,-121.9637701
SWELTZER RIVER,Coho,750,Lower Fraser,Fraser,70.0,3014,49.09615177,-121.9637701
SWELTZER RIVER,Chum,701,Lower Fraser,Fraser,70.0,770,49.09615177,-121.9637701
SWIFT CREEK,Chinook,312,Upper Fraser River (Spring 5-2),Fraser,176.0,1735,52.84850248,-119.2992451
SWIFT RIVER,Chinook,310,Middle Fraser River (Spring 5-2),Fraser,142.0,1400,53.01562103,-122.1155448
SWIFT RIVER,Chinook,310,Middle Fraser River (Spring 5-2),Fraser,2457.0,1636,53.11670062,-122.611597
TACHIE RIVER,Chinook,311,Middle Fraser River (Summer 5-2),Fraser,309.0,1670,54.65906088,-124.7698341
TACHIE RIVER,Lake sockeye,731,Takla-Trembleur-Stuart-Summer (cyclic),Fraser,309.0,6288,54.65906088,-124.7698341
TAILLEFER CREEK,Lake sockeye,716,Lillooet-Harrison-Late,Fraser,54098.0,6759,50.50061018,-122.731404
TAKLA - SHORE,Lake sockeye,732,Takla-Trembleur-Early Stuart (cyclic),Fraser,19719.0,6733,55.07521649,-125.5385817
TAKLA LAKE,Lake sockeye,731,Takla-Trembleur-Stuart-Summer (cyclic),Fraser,2439.0,6241,55.07521649,-125.5385817
TAKLA LAKE - UNNAMED CREEK (NORTH OF BLANCHETTE),Lake sockeye,732,Takla-Trembleur-Early Stuart (cyclic),Fraser,2765.0,5789,55.28280166,-125.7668775
TAKU CREEK,Lake sockeye,728,Quesnel-Summer (cyclic),Fraser,2760.0,5785,52.61556006,-120.3888773
TAMIHI CREEK,Chum,701,Lower Fraser,Fraser,74.0,773,49.07081082,-121.8407853
TAMIHI CREEK,Pink (odd),710,Fraser River (odd),Fraser,74.0,5262,49.07081082,-121.8407853
TAMIHI CREEK,Coho,750,Lower Fraser,Fraser,74.0,3018,49.07081082,-121.8407853
TAPPEN CREEK,Coho,708,South Thompson,Fraser,236.0,2946,50.77264598,-119.3334916
TAPPEN CREEK,Chinook,313,South Thompson River (Summer 4-1),Fraser,236.0,2062,50.77264598,-119.3334916
TAPPEN CREEK,Lake sockeye,739,Shuswap-Late (cyclic),Fraser,236.0,6392,50.77264598,-119.3334916
TARNEZELL CREEK,Lake sockeye,732,Takla-Trembleur-Early Stuart (cyclic),Fraser,2761.0,10543,54.83054766,-125.0631745
TASEKO LAKE,Chinook,310,Middle Fraser River (Spring 5-2),Fraser,287.0,1726,51.34893023,-123.619087
TASEKO LAKE,Lake sockeye,734,Taseko-Early Summer,Fraser,287.0,6413,51.34893023,-123.619087
TASEKO LAKE,Coho,749,Interior Fraser,Fraser,287.0,10527,51.34893023,-123.619087
TASEKO RIVER,Chinook,311,Middle Fraser River (Summer 5-2),Fraser,2636.0,1401,52.00723728,-123.6777195
TASEKO RIVER,Coho,749,Interior Fraser,Fraser,2636.0,10526,52.00723728,-123.6777195
TASEKO RIVER,Lake sockeye,734,Taseko-Early Summer,Fraser,2636.0,5775,52.00723728,-123.6777195
TASSE CREEK,Lake sockeye,728,Quesnel-Summer (cyclic),Fraser,2762.0,5786,52.54840421,-121.1347954
TASSE CREEK-LAKE SHORE,Lake sockeye,728,Quesnel-Summer (cyclic),Fraser,11537.0,5852,52.55007515,-121.0855023
TETO CREEK,Coho,708,South Thompson,Fraser,23726.0,10371,50.99018359,-118.645778
TEXAS CREEK,Pink (odd),710,Fraser River (odd),Fraser,128.0,5288,50.56609259,-121.806415
THOMPSON RIVER,Chinook,313,South Thompson River (Summer 4-1),Fraser,211.0,1690,50.23556348,-121.582761
THOMPSON RIVER,Pink (odd),710,Fraser River (odd),Fraser,211.0,5240,50.23556348,-121.582761
THOMPSON RIVER,Steelhead,781,Thompson Summer,Fraser,,9860,50.7541777,-121.1991427
THUNDER RIVER,Coho,709,North Thompson,Fraser,2380.0,2073,52.21768878,-119.2106895
THURSTON CREEK,Chum,701,Lower Fraser,Fraser,75.0,774,49.07946718,-121.7448056
THURSTON CREEK,Coho,750,Lower Fraser,Fraser,75.0,3019,49.07946718,-121.7448056
TILDESLEY CREEK,Lake sockeye,732,Takla-Trembleur-Early Stuart (cyclic),Fraser,2428.0,6229,54.7674914,-125.4949223
TIPELLA CREEK,Chum,701,Lower Fraser,Fraser,194.0,751,49.74283256,-122.1516262
TIPELLA CREEK,Coho,750,Lower Fraser,Fraser,194.0,2911,49.74283256,-122.1516262
TIPELLA CREEK,Chinook,306,Lower Fraser River (Summer 5-2),Fraser,194.0,1685,49.74283256,-122.1516262
TIPELLA CREEK,Lake sockeye,713,Harrison-Downstream Migrating-Late,Fraser,194.0,6351,49.74283256,-122.1516262
TISDALL CREEK,Lake sockeye,728,Quesnel-Summer (cyclic),Fraser,2743.0,5877,52.28988742,-121.1092806
TLITI CREEK,Lake sockeye,732,Takla-Trembleur-Early Stuart (cyclic),Fraser,2424.0,6227,55.38797952,-125.8316268
TORPY RIVER,Chinook,312,Upper Fraser River (Spring 5-2),Fraser,164.0,1771,53.73588068,-120.9010835
TRANQUILLE RIVER,Coho,707,Lower Thompson,Fraser,2371.0,2842,50.71923229,-120.5339993
TRICKLE CREEK,Lake sockeye,728,Quesnel-Summer (cyclic),Fraser,2763.0,5787,52.70319302,-120.8829343
TRINITY CREEK,Lake sockeye,739,Shuswap-Late (cyclic),Fraser,245.0,6399,50.54115929,-118.9628067
TRINITY CREEK,Coho,708,South Thompson,Fraser,245.0,2954,50.54115929,-118.9628067
TROUT LAKE CREEK,Lake sockeye,713,Harrison-Downstream Migrating-Late,Fraser,188.0,6346,49.34143199,-121.747544
TROUT LAKE CREEK,Coho,750,Lower Fraser,Fraser,188.0,2905,49.34143199,-121.747544
TROUT LAKE CREEK,Chum,701,Lower Fraser,Fraser,188.0,747,49.34143199,-121.747544
TROUT LAKE CREEK,Pink (odd),710,Fraser River (odd),Fraser,188.0,5235,49.34143199,-121.747544
TSUIUS CREEK,Lake sockeye,739,Shuswap-Late (cyclic),Fraser,250.0,6403,50.62760741,-118.6834822
TSUIUS CREEK,Coho,708,South Thompson,Fraser,250.0,2100,50.62760741,-118.6834822
TSUIUS CREEK-LAKE SHORE,Lake sockeye,739,Shuswap-Late (cyclic),Fraser,26774.0,6747,50.62794682,-118.6826772
TUMTUM CREEK,Coho,709,North Thompson,Fraser,277.0,2989,51.82895507,-119.2916798
TWENTY MILE CREEK,Chum,701,Lower Fraser,Fraser,191.0,749,49.53402782,-121.8854677
TWENTY MILE CREEK,Coho,750,Lower Fraser,Fraser,191.0,2908,49.53402782,-121.8854677
TWENTY MILE CREEK,Lake sockeye,713,Harrison-Downstream Migrating-Late,Fraser,191.0,6349,49.53402782,-121.8854677
TWIN CREEKS (COMBINED),Chinook,312,Upper Fraser River (Spring 5-2),Fraser,7990632.0,1580,53.45204452,-120.4202321
UNCHA CREEK,Lake sockeye,725,Francois-Fraser-Summer,Fraser,302.0,6284,53.9743734,-125.5097234
UNNAMED CREEK,Lake sockeye,738,Shuswap-Early Summer (cyclic),Fraser,26769.0,6742,51.17572435,-119.0255898
UNNAMED CREEK-LAKE SHORE,Lake sockeye,738,Shuswap-Early Summer (cyclic),Fraser,26770.0,6743,51.17326737,-119.0253434
UNNAMED POINT-LAKE SHORE,Lake sockeye,728,Quesnel-Summer (cyclic),Fraser,11512.0,5827,52.49870171,-120.7314811
UPPER AND  LOWER SETON CHANNELS,Coho,749,Interior Fraser,Fraser,2451.0,2795,50.6725081,-121.9429153
UPPER AND  LOWER SETON CHANNELS,Pink (odd),710,Fraser River (odd),Fraser,2451.0,5216,50.6725081,-121.9429153
UPPER NORTH THOMPSON RIVER MAINSTEM,Coho,709,North Thompson,Fraser,2049268617.0,2965,52.345236,-119.177796
UPPER NORTH THOMPSON RIVER-MILEDGE CONFLUENCE,Coho,709,North Thompson,Fraser,57041.0,2968,52.281312,-119.173514
UPPER PITT CHANNEL,Lake sockeye,715,Pitt-Early Summer,Fraser,26806.0,6754,49.54896007,-122.6141134
USHER CHANNEL,Coho,750,Lower Fraser,Fraser,2540.0,2811,49.09573874,-122.029107
VAN DECAR CREEK,Lake sockeye,732,Takla-Trembleur-Early Stuart (cyclic),Fraser,317.0,6298,54.96855561,-125.3414818
VANISHING CREEK-LAKE SHORE,Lake sockeye,739,Shuswap-Late (cyclic),Fraser,11540.0,5855,51.08096684,-118.9160473
WADES CREEK,Chum,701,Lower Fraser,Fraser,49.0,799,49.13432198,-122.1812381
WAHLEACH CREEK,Pink (odd),710,Fraser River (odd),Fraser,106.0,5273,49.31871439,-121.6277628
WAHLEACH CREEK,Coho,750,Lower Fraser,Fraser,106.0,3042,49.31871439,-121.6277628
WAHLEACH CREEK,Chum,701,Lower Fraser,Fraser,106.0,795,49.31871439,-121.6277628
WAHLEACH SLOUGH,Chum,701,Lower Fraser,Fraser,102.0,792,49.21279557,-121.7217768
WALKER CREEK,Chinook,312,Upper Fraser River (Spring 5-2),Fraser,165.0,1772,53.79340735,-120.9023836
WANSA CREEK,Chinook,312,Upper Fraser River (Spring 5-2),Fraser,148.0,1755,53.94856287,-122.2801605
WAP CREEK,Chinook,315,Shuswap River (Summer 4-1),Fraser,249.0,1706,50.72649456,-118.615435
WAP CREEK,Coho,708,South Thompson,Fraser,249.0,2958,50.72649456,-118.615435
WAP CREEK,Lake sockeye,739,Shuswap-Late (cyclic),Fraser,249.0,6402,50.72649456,-118.615435
WASKO CREEK,Coho,749,Interior Fraser,Fraser,11491.0,10373,52.56676562,-121.0077353
WASKO CREEK - LOWER,Lake sockeye,728,Quesnel-Summer (cyclic),Fraser,2414.0,6217,52.56175885,-121.0008652
WASKO CREEK - UPPER,Lake sockeye,728,Quesnel-Summer (cyclic),Fraser,2835.0,5801,52.5428883,-120.7816976
WASKO CREEK-LAKE SHORE,Lake sockeye,728,Quesnel-Summer (cyclic),Fraser,11534.0,5849,52.56052798,-121.0064878
WATSON BAR CREEK,Pink (odd),710,Fraser River (odd),Fraser,2575.0,5202,51.10848422,-122.0242015
WATT CREEK,Lake sockeye,728,Quesnel-Summer (cyclic),Fraser,2411.0,6214,52.75182124,-120.8264586
WATT CREEK-LAKE SHORE,Lake sockeye,728,Quesnel-Summer (cyclic),Fraser,11535.0,5850,52.74447085,-120.8349023
WEAVER CREEK,Chum,701,Lower Fraser,Fraser,183.0,743,49.31432927,-121.8754736
WEAVER CREEK,Pink (odd),710,Fraser River (odd),Fraser,183.0,5233,49.31432927,-121.8754736
WEAVER CREEK,Lake sockeye,714,Harrison-Upstream Migrating-Late,Fraser,183.0,6343,49.31432927,-121.8754736
WEAVER CREEK,Coho,750,Lower Fraser,Fraser,183.0,2900,49.31432927,-121.8754736
WEAVER SPAWNING CHANNEL,Pink (odd),710,Fraser River (odd),Fraser,2436.0,5215,49.32173043,-121.8811047
WEAVER SPAWNING CHANNEL,Lake sockeye,714,Harrison-Upstream Migrating-Late,Fraser,2436.0,6238,49.32173043,-121.8811047
WEST CREEK,Coho,750,Lower Fraser,Fraser,30.0,3133,49.16297133,-122.5310396
WEST CREEK,Chum,701,Lower Fraser,Fraser,30.0,840,49.16297133,-122.5310396
WEST ROAD (BLACKWATER) RIVER,Chinook,310,Middle Fraser River (Spring 5-2),Fraser,294.0,1676,53.31075482,-122.8757942
WEST ROAD (BLACKWATER) RIVER,Coho,749,Interior Fraser,Fraser,294.0,2894,53.31075482,-122.8757942
WEST TWIN CREEK,Chinook,312,Upper Fraser River (Spring 5-2),Fraser,171.0,1402,53.44517202,-120.4271666
WHIFFLE CREEK,Lake sockeye,728,Quesnel-Summer (cyclic),Fraser,2764.0,5788,52.49062117,-121.2443726
WHONNOCK CREEK,Pink (odd),710,Fraser River (odd),Fraser,33.0,5346,49.17340368,-122.4604767
WHONNOCK CREEK,Chum,701,Lower Fraser,Fraser,33.0,842,49.17340368,-122.4604767
WHONNOCK CREEK,Coho,750,Lower Fraser,Fraser,33.0,3135,49.17340368,-122.4604767
WIDGEON CREEK,River sockeye,742,Widgeon (river-type),Fraser,21.0,6762,49.35501764,-122.6322959
WIDGEON CREEK,Chum,701,Lower Fraser,Fraser,21.0,834,49.35501764,-122.6322959
WIDGEON CREEK,Pink (odd),710,Fraser River (odd),Fraser,21.0,5344,49.35501764,-122.6322959
WIDGEON CREEK,Coho,750,Lower Fraser,Fraser,21.0,3128,49.35501764,-122.6322959
WIDGEON SLOUGH,River sockeye,742,Widgeon (river-type),Fraser,54281.0,6457,49.33190819,-122.6613916
WILLIAMS LAKE RIVER,Pink (odd),710,Fraser River (odd),Fraser,2037.0,5220,52.16382052,-122.2723189
WILLIAMS LAKE RIVER,Coho,749,Interior Fraser,Fraser,2037.0,10515,52.16382052,-122.2723189
WILLOW RIVER,Chinook,312,Upper Fraser River (Spring 5-2),Fraser,147.0,1754,54.0865377,-122.5078843
WINKLEY CREEK,Lake sockeye,728,Quesnel-Summer (cyclic),Fraser,2398.0,10541,52.49959647,-121.3995608
WIRE CACHE CREEK,Coho,709,North Thompson,Fraser,273.0,2985,51.71509379,-119.3656166
WORTH CREEK,Coho,750,Lower Fraser,Fraser,53.0,3003,49.28655289,-122.0509293
WORTH CREEK,Chum,701,Lower Fraser,Fraser,53.0,756,49.28655289,-122.0509293
WRIGHT CREEK,Coho,708,South Thompson,Fraser,2745.0,2137,51.13670671,-118.9907475
YALAKOM RIVER,Pink (odd),710,Fraser River (odd),Fraser,134.0,5294,50.86356005,-122.1725018
YALAKOM RIVER,Chinook,310,Middle Fraser River (Spring 5-2),Fraser,134.0,1745,50.86356005,-122.1725018
YALAKOM RIVER,Coho,749,Interior Fraser,Fraser,134.0,10514,50.86356005,-122.1725018
YALE CREEK,Pink (odd),710,Fraser River (odd),Fraser,122.0,5283,49.56130433,-121.4238833
YARD CREEK,Coho,708,South Thompson,Fraser,2393.0,3774,50.90828748,-118.8208691
YARD CREEK,Lake sockeye,739,Shuswap-Late (cyclic),Fraser,2393.0,6200,50.90828748,-118.8208691
YARD CREEK,Lake sockeye,738,Shuswap-Early Summer (cyclic),Fraser,2393.0,6199,50.90828748,-118.8208691
YOHETTA CREEK,Lake sockeye,734,Taseko-Early Summer,Fraser,26766.0,6739,51.2204867,-123.6379366
YOHETTA CREEK - UPPER,Lake sockeye,734,Taseko-Early Summer,Fraser,26767.0,6740,51.24810069,-123.6828225
YORKSON CREEK,Chum,701,Lower Fraser,Fraser,26.0,836,49.19597025,-122.654577
YORKSON CREEK,Coho,750,Lower Fraser,Fraser,26.0,3129,49.19597025,-122.654577
AERO CREEK,Pink (even),811,East Haida Gwaii (even),Haida Gwaii,1583.0,4026,53.05373083,-131.9152646
AERO CREEK,Coho,807,East Haida Gwaii,Haida Gwaii,1583.0,2512,53.05373083,-131.9152646
AERO CREEK,Pink (odd),813,East Haida Gwaii (odd),Haida Gwaii,1583.0,4958,53.05373083,-131.9152646
AERO CREEK,Chum,801,East Haida Gwaii,Haida Gwaii,1583.0,393,53.05373083,-131.9152646
AGNES CREEK,Coho,809,Haida Gwaii-Graham Island Lowlands,Haida Gwaii,1691.0,2403,53.23655944,-131.8572524
AIN RIVER,Coho,809,Haida Gwaii-Graham Island Lowlands,Haida Gwaii,1563.0,2293,53.73262858,-132.4234356
AIN RIVER,Lake sockeye,819,Ain-Skundale-Ian,Haida Gwaii,1563.0,5955,53.73262858,-132.4234356
AIN RIVER,Chum,802,North Haida Gwaii,Haida Gwaii,1563.0,185,53.73262858,-132.4234356
AIN RIVER,Pink (odd),814,North Haida Gwaii (odd),Haida Gwaii,1563.0,4852,53.73262858,-132.4234356
AIN RIVER,Pink (even),810,North Haida Gwaii (even),Haida Gwaii,1563.0,3863,53.73262858,-132.4234356
ALDER ISLAND CREEK,Chum,801,East Haida Gwaii,Haida Gwaii,1721.0,501,52.43763502,-131.3135956
ALDER ISLAND CREEK,Coho,807,East Haida Gwaii,Haida Gwaii,1721.0,2605,52.43763502,-131.3135956
ALDER ISLAND CREEK,Pink (even),811,East Haida Gwaii (even),Haida Gwaii,1721.0,4110,52.43763502,-131.3135956
ANNA INLET CREEK,Pink (odd),813,East Haida Gwaii (odd),Haida Gwaii,1604.0,4974,52.7037912,-131.8484802
ANNA INLET CREEK,Chum,801,East Haida Gwaii,Haida Gwaii,1604.0,414,52.7037912,-131.8484802
ANNA INLET CREEK,Pink (even),811,East Haida Gwaii (even),Haida Gwaii,1604.0,4047,52.7037912,-131.8484802
ANNA INLET CREEK,River sockeye,816,East Haida Gwaii (river-type),Haida Gwaii,1604.0,6055,52.7037912,-131.8484802
ANNA INLET CREEK,Coho,807,East Haida Gwaii,Haida Gwaii,1604.0,2533,52.7037912,-131.8484802
ARROW CREEK,Pink (odd),813,East Haida Gwaii (odd),Haida Gwaii,1615.0,4982,52.45721788,-131.4667117
ARROW CREEK,Coho,807,East Haida Gwaii,Haida Gwaii,1615.0,2543,52.45721788,-131.4667117
ARROW CREEK,Pink (even),811,East Haida Gwaii (even),Haida Gwaii,1615.0,4056,52.45721788,-131.4667117
ARROW CREEK,Chum,801,East Haida Gwaii,Haida Gwaii,1615.0,424,52.45721788,-131.4667117
AWUN RIVER,Lake sockeye,820,Awun,Haida Gwaii,1567.0,5956,53.65318332,-132.5213481
AWUN RIVER,Coho,809,Haida Gwaii-Graham Island Lowlands,Haida Gwaii,1567.0,2296,53.65318332,-132.5213481
AWUN RIVER,Pink (odd),814,North Haida Gwaii (odd),Haida Gwaii,1567.0,4854,53.65318332,-132.5213481
AWUN RIVER,Chum,802,North Haida Gwaii,Haida Gwaii,1567.0,188,53.65318332,-132.5213481
AWUN RIVER,Pink (even),810,North Haida Gwaii (even),Haida Gwaii,1567.0,3866,53.65318332,-132.5213481
BAG HARBOUR CREEK,Coho,807,East Haida Gwaii,Haida Gwaii,1624.0,2551,52.34487767,-131.3708264
BAG HARBOUR CREEK,Pink (even),811,East Haida Gwaii (even),Haida Gwaii,1624.0,4059,52.34487767,-131.3708264
BAG HARBOUR CREEK,Pink (odd),813,East Haida Gwaii (odd),Haida Gwaii,1624.0,10386,52.34487767,-131.3708264
BAG HARBOUR CREEK,Chum,801,East Haida Gwaii,Haida Gwaii,1624.0,433,52.34487767,-131.3708264
BALCOM INLET CREEK,Chum,801,East Haida Gwaii,Haida Gwaii,1725.0,505,52.08903845,-130.9994674
BALCOM INLET CREEK,Coho,807,East Haida Gwaii,Haida Gwaii,1725.0,2608,52.08903845,-130.9994674
BELJAY BAY CREEK,Pink (even),811,East Haida Gwaii (even),Haida Gwaii,1705.0,3953,52.68688159,-131.6361738
BELJAY BAY CREEK,Chum,801,East Haida Gwaii,Haida Gwaii,1705.0,301,52.68688159,-131.6361738
BELJAY BAY CREEK,Coho,807,East Haida Gwaii,Haida Gwaii,1705.0,2414,52.68688159,-131.6361738
BERESFORD BAY CREEK,Coho,807,East Haida Gwaii,Haida Gwaii,1714.0,2600,52.63705278,-131.6212163
BERESFORD BAY CREEK,Chum,801,East Haida Gwaii,Haida Gwaii,1714.0,494,52.63705278,-131.6212163
BIG GOOSE CREEK,Coho,807,East Haida Gwaii,Haida Gwaii,1597.0,2526,52.86502736,-131.8784864
BIG GOOSE CREEK,Pink (even),811,East Haida Gwaii (even),Haida Gwaii,1597.0,4040,52.86502736,-131.8784864
BIG GOOSE CREEK,Pink (odd),813,East Haida Gwaii (odd),Haida Gwaii,1597.0,4970,52.86502736,-131.8784864
BIG GOOSE CREEK,Chum,801,East Haida Gwaii,Haida Gwaii,1597.0,407,52.86502736,-131.8784864
BIG GOOSE CREEK,River sockeye,816,East Haida Gwaii (river-type),Haida Gwaii,1597.0,6053,52.86502736,-131.8784864
BILL CREEK,Pink (even),810,North Haida Gwaii (even),Haida Gwaii,1562.0,3862,53.74949265,-132.3950091
BLAINE CREEK,Coho,809,Haida Gwaii-Graham Island Lowlands,Haida Gwaii,1577.0,2303,53.18806655,-131.7781516
BLAINE CREEK,Chum,801,East Haida Gwaii,Haida Gwaii,1577.0,193,53.18806655,-131.7781516
BONANZA CREEK,Pink (even),812,West Haida Gwaii (even),Haida Gwaii,1542.0,3928,53.41045816,-132.5282073
BONANZA CREEK,Coho,808,West Haida Gwaii,Haida Gwaii,1542.0,2387,53.41045816,-132.5282073
BOOMCHAIN BAY CREEK,Pink (odd),815,West Haida Gwaii (odd),Haida Gwaii,1673.0,4939,53.04500178,-132.4386014
BOOMCHAIN BAY CREEK,River sockeye,818,West Haida Gwaii (river-type),Haida Gwaii,1673.0,6039,53.04500178,-132.4386014
BOOMCHAIN BAY CREEK,Coho,808,West Haida Gwaii,Haida Gwaii,1673.0,2493,53.04500178,-132.4386014
BOOMCHAIN BAY CREEK,Pink (even),812,West Haida Gwaii (even),Haida Gwaii,1673.0,4006,53.04500178,-132.4386014
BOOMCHAIN BAY CREEK,Chum,803,West Haida Gwaii,Haida Gwaii,1673.0,371,53.04500178,-132.4386014
BOTANY INLET CREEK-HEAD,Pink (even),812,West Haida Gwaii (even),Haida Gwaii,1652.0,4081,52.71382475,-131.9184489
BOTANY INLET CREEK-HEAD,Pink (odd),815,West Haida Gwaii (odd),Haida Gwaii,1652.0,4989,52.71382475,-131.9184489
BOTANY INLET CREEK-HEAD,Chum,803,West Haida Gwaii,Haida Gwaii,1652.0,461,52.71382475,-131.9184489
BOTANY INLET CREEK-HEAD,River sockeye,818,West Haida Gwaii (river-type),Haida Gwaii,1652.0,6063,52.71382475,-131.9184489
BOTANY INLET CREEK-HEAD,Coho,808,West Haida Gwaii,Haida Gwaii,1652.0,2574,52.71382475,-131.9184489
BOTANY INLET CREEK-OUTER,Coho,808,West Haida Gwaii,Haida Gwaii,1651.0,2573,52.72898972,-131.9456083
BOTANY INLET CREEK-OUTER,Pink (odd),815,West Haida Gwaii (odd),Haida Gwaii,1651.0,4988,52.72898972,-131.9456083
BOTANY INLET CREEK-OUTER,River sockeye,818,West Haida Gwaii (river-type),Haida Gwaii,1651.0,6062,52.72898972,-131.9456083
BOTANY INLET CREEK-OUTER,Chum,803,West Haida Gwaii,Haida Gwaii,1651.0,460,52.72898972,-131.9456083
BOTANY INLET CREEK-OUTER,Pink (even),812,West Haida Gwaii (even),Haida Gwaii,1651.0,4080,52.72898972,-131.9456083
BOTTLE INLET CREEK,Pink (even),812,West Haida Gwaii (even),Haida Gwaii,1660.0,4088,52.92026955,-132.2591667
BOTTLE INLET CREEK,Coho,808,West Haida Gwaii,Haida Gwaii,1660.0,2581,52.92026955,-132.2591667
BOTTLE INLET CREEK,Pink (odd),815,West Haida Gwaii (odd),Haida Gwaii,1660.0,4995,52.92026955,-132.2591667
BOTTLE INLET CREEK,Chum,803,West Haida Gwaii,Haida Gwaii,1660.0,469,52.92026955,-132.2591667
BRANCH 10 CREEK,Coho,807,East Haida Gwaii,Haida Gwaii,3547.0,2342,53.24588,-132.14379
BRANCH 10 CREEK,Chum,804,Skidegate,Haida Gwaii,3547.0,15,53.24588,-132.14379
BRAVERMAN CREEK,Chum,801,East Haida Gwaii,Haida Gwaii,1585.0,395,53.0373225,-132.0293354
BRAVERMAN CREEK,Pink (even),811,East Haida Gwaii (even),Haida Gwaii,1585.0,4028,53.0373225,-132.0293354
BRAVERMAN CREEK,Pink (odd),813,East Haida Gwaii (odd),Haida Gwaii,1585.0,4960,53.0373225,-132.0293354
BRAVERMAN CREEK,Coho,807,East Haida Gwaii,Haida Gwaii,1585.0,2514,53.0373225,-132.0293354
BREAKER BAY CREEK,Chum,801,East Haida Gwaii,Haida Gwaii,1693.0,292,52.90393537,-131.6560006
BREAKER BAY CREEK,Pink (even),811,East Haida Gwaii (even),Haida Gwaii,1693.0,3946,52.90393537,-131.6560006
BREAKER BAY CREEK,Coho,807,East Haida Gwaii,Haida Gwaii,1693.0,2405,52.90393537,-131.6560006
BROWNS CABIN CREEK,Pink (odd),815,West Haida Gwaii (odd),Haida Gwaii,1678.0,4902,53.13285984,-132.3494408
BROWNS CABIN CREEK,River sockeye,818,West Haida Gwaii (river-type),Haida Gwaii,1678.0,6020,53.13285984,-132.3494408
BROWNS CABIN CREEK,Pink (even),812,West Haida Gwaii (even),Haida Gwaii,1678.0,3934,53.13285984,-132.3494408
BROWNS CABIN CREEK,Chum,804,Skidegate,Haida Gwaii,1678.0,280,53.13285984,-132.3494408
BROWNS CABIN CREEK,Coho,808,West Haida Gwaii,Haida Gwaii,1678.0,2392,53.13285984,-132.3494408
BUCK CHANNEL CREEK #1,Chum,804,Skidegate,Haida Gwaii,1674.0,477,53.10430159,-132.4003698
BUCK CHANNEL CREEK #2,Pink (even),812,West Haida Gwaii (even),Haida Gwaii,2342.0,4319,53.10246721,-132.4069638
BUCK CHANNEL CREEK #2,Chum,804,Skidegate,Haida Gwaii,2342.0,712,53.10246721,-132.4069638
BUCK CHANNEL CREEK #3,Coho,808,West Haida Gwaii,Haida Gwaii,1675.0,2587,53.10294859,-132.4138376
BUCK CHANNEL CREEK #3,Chum,804,Skidegate,Haida Gwaii,1675.0,478,53.10294859,-132.4138376
BUCK CHANNEL CREEK #3,Pink (even),812,West Haida Gwaii (even),Haida Gwaii,1675.0,4096,53.10294859,-132.4138376
BUCK CHANNEL CREEK #5,Chum,804,Skidegate,Haida Gwaii,2341.0,711,53.10309243,-132.4609817
BUCK CHANNEL CREEK #6,Chum,804,Skidegate,Haida Gwaii,2651.0,686,53.09466253,-132.501093
BUCK CHANNEL CREEK #6,Pink (even),812,West Haida Gwaii (even),Haida Gwaii,2651.0,4774,53.09466253,-132.501093
BUCK CHANNEL CREEK #7,Chum,804,Skidegate,Haida Gwaii,7990641.0,1382,53.10494817,-132.4993324
BUCK CHANNEL CREEK #8,Chum,804,Skidegate,Haida Gwaii,1676.0,479,53.0960611,-132.5202522
BUCK CHANNEL CREEK #8,Pink (even),812,West Haida Gwaii (even),Haida Gwaii,1676.0,4097,53.0960611,-132.5202522
BURNABY NARROWS CREEK-FIRST R/H,Chum,801,East Haida Gwaii,Haida Gwaii,1717.0,497,52.38024222,-131.3533985
BURNABY NARROWS CREEK-SECOND R/H,Chum,801,East Haida Gwaii,Haida Gwaii,1718.0,498,52.36309616,-131.3497255
BURNABY STRAIGHTS CREEK,Chum,801,East Haida Gwaii,Haida Gwaii,1623.0,432,52.35790208,-131.3549711
CAMERON CREEK,Coho,807,East Haida Gwaii,Haida Gwaii,1684.0,2396,53.1484564,-132.0865515
CAMERON CREEK,Pink (even),811,East Haida Gwaii (even),Haida Gwaii,1684.0,3938,53.1484564,-132.0865515
CAMERON CREEK,Chum,804,Skidegate,Haida Gwaii,1684.0,285,53.1484564,-132.0865515
CANOE PASS CREEK,Chum,804,Skidegate,Haida Gwaii,1677.0,279,53.10790057,-132.3894092
CANOE PASS CREEK,Coho,808,West Haida Gwaii,Haida Gwaii,1677.0,2391,53.10790057,-132.3894092
CANOE PASS CREEK,Pink (even),812,West Haida Gwaii (even),Haida Gwaii,1677.0,3933,53.10790057,-132.3894092
CANOE PASS CREEK,Pink (odd),815,West Haida Gwaii (odd),Haida Gwaii,1677.0,4901,53.10790057,-132.3894092
CAPE BALL RIVER,Pink (odd),813,East Haida Gwaii (odd),Haida Gwaii,1495.0,4918,53.6866623,-131.8909295
CAPE BALL RIVER,Coho,809,Haida Gwaii-Graham Island Lowlands,Haida Gwaii,1495.0,2449,53.6866623,-131.8909295
CARMICHAEL CREEK,Coho,807,East Haida Gwaii,Haida Gwaii,1587.0,2516,52.98754212,-131.9380124
CARMICHAEL CREEK,Pink (even),811,East Haida Gwaii (even),Haida Gwaii,1587.0,4030,52.98754212,-131.9380124
CARMICHAEL CREEK,Pink (odd),813,East Haida Gwaii (odd),Haida Gwaii,1587.0,4962,52.98754212,-131.9380124
CARMICHAEL CREEK,Chum,801,East Haida Gwaii,Haida Gwaii,1587.0,397,52.98754212,-131.9380124
CARPENTER BAY CREEK,Pink (even),811,East Haida Gwaii (even),Haida Gwaii,1635.0,4068,52.22441665,-131.1897723
CARPENTER BAY CREEK,Chum,801,East Haida Gwaii,Haida Gwaii,1635.0,444,52.22441665,-131.1897723
CARPENTER BAY CREEK,Coho,807,East Haida Gwaii,Haida Gwaii,1635.0,2561,52.22441665,-131.1897723
CARSON BIGALOW CREEK,Coho,807,East Haida Gwaii,Haida Gwaii,1510.0,2461,53.24812115,-132.0269452
CELESTIAL RIVER,Pink (odd),815,West Haida Gwaii (odd),Haida Gwaii,1551.0,4843,53.63331429,-132.931438
CELESTIAL RIVER,River sockeye,818,West Haida Gwaii (river-type),Haida Gwaii,1551.0,5952,53.63331429,-132.931438
CELESTIAL RIVER,Chum,803,West Haida Gwaii,Haida Gwaii,1551.0,176,53.63331429,-132.931438
CELESTIAL RIVER,Coho,808,West Haida Gwaii,Haida Gwaii,1551.0,2284,53.63331429,-132.931438
CELESTIAL RIVER,Pink (even),812,West Haida Gwaii (even),Haida Gwaii,1551.0,3853,53.63331429,-132.931438
CHADSEY CREEK,Coho,807,East Haida Gwaii,Haida Gwaii,1586.0,2515,53.01224361,-131.9623273
CHADSEY CREEK,Pink (even),811,East Haida Gwaii (even),Haida Gwaii,1586.0,4029,53.01224361,-131.9623273
CHADSEY CREEK,Pink (odd),813,East Haida Gwaii (odd),Haida Gwaii,1586.0,4961,53.01224361,-131.9623273
CHADSEY CREEK,Chum,801,East Haida Gwaii,Haida Gwaii,1586.0,396,53.01224361,-131.9623273
CHARLIE HARTIE CREEK,Chum,804,Skidegate,Haida Gwaii,1507.0,337,53.25425948,-132.0920318
CHARLIE HARTIE CREEK,Pink (even),811,East Haida Gwaii (even),Haida Gwaii,1507.0,3972,53.25425948,-132.0920318
CHARLIE HARTIE CREEK,Coho,807,East Haida Gwaii,Haida Gwaii,1507.0,2458,53.25425948,-132.0920318
CHINUKUNDL CREEK,Pink (even),811,East Haida Gwaii (even),Haida Gwaii,1502.0,3971,53.32424373,-131.9542312
CHINUKUNDL CREEK,Chum,801,East Haida Gwaii,Haida Gwaii,1502.0,334,53.32424373,-131.9542312
CHINUKUNDL CREEK,Coho,809,Haida Gwaii-Graham Island Lowlands,Haida Gwaii,1502.0,2455,53.32424373,-131.9542312
CHINUKUNDL CREEK,Pink (odd),813,East Haida Gwaii (odd),Haida Gwaii,1502.0,4921,53.32424373,-131.9542312
CLAPP BASIN CREEK,River sockeye,818,West Haida Gwaii (river-type),Haida Gwaii,1534.0,6036,53.30470494,-132.4392291
CLAPP BASIN CREEK,Chum,803,West Haida Gwaii,Haida Gwaii,1534.0,361,53.30470494,-132.4392291
CLINT CREEK,Pink (odd),813,East Haida Gwaii (odd),Haida Gwaii,1593.0,4967,52.8764196,-131.987345
CLINT CREEK,Coho,807,East Haida Gwaii,Haida Gwaii,1593.0,2522,52.8764196,-131.987345
CLINT CREEK,Chum,801,East Haida Gwaii,Haida Gwaii,1593.0,403,52.8764196,-131.987345
CLINT CREEK,Pink (even),811,East Haida Gwaii (even),Haida Gwaii,1593.0,4036,52.8764196,-131.987345
COATES CREEK,Chum,803,West Haida Gwaii,Haida Gwaii,1552.0,177,53.68543876,-132.9274364
COATES CREEK,Pink (odd),815,West Haida Gwaii (odd),Haida Gwaii,1552.0,4844,53.68543876,-132.9274364
COATES CREEK,Coho,808,West Haida Gwaii,Haida Gwaii,1552.0,2285,53.68543876,-132.9274364
COLLISON BAY CREEK,Coho,808,West Haida Gwaii,Haida Gwaii,1633.0,2560,52.27847822,-131.1575036
COLLISON BAY CREEK,Pink (even),812,West Haida Gwaii (even),Haida Gwaii,1633.0,4067,52.27847822,-131.1575036
COLLISON BAY CREEK,Chum,803,West Haida Gwaii,Haida Gwaii,1633.0,442,52.27847822,-131.1575036
CONE HEAD CREEK,Pink (even),812,West Haida Gwaii (even),Haida Gwaii,1532.0,3995,53.36549727,-132.6927177
COPPER CREEK,Coho,807,East Haida Gwaii,Haida Gwaii,1579.0,2305,53.16135122,-131.8003491
COPPER CREEK,Pink (odd),813,East Haida Gwaii (odd),Haida Gwaii,1579.0,4861,53.16135122,-131.8003491
COPPER CREEK,Lake sockeye,826,Skidegate,Haida Gwaii,1579.0,5960,53.16135122,-131.8003491
COPPER CREEK,Pink (even),811,East Haida Gwaii (even),Haida Gwaii,1579.0,3875,53.16135122,-131.8003491
COPPER CREEK,Chum,801,East Haida Gwaii,Haida Gwaii,1579.0,195,53.16135122,-131.8003491
CRABAPPLE BROOK,Chum,804,Skidegate,Haida Gwaii,1509.0,339,53.25342775,-132.1106502
CRABAPPLE BROOK,Coho,807,East Haida Gwaii,Haida Gwaii,1509.0,2460,53.25342775,-132.1106502
CRABAPPLE BROOK,Pink (even),811,East Haida Gwaii (even),Haida Gwaii,1509.0,3974,53.25342775,-132.1106502
CRAZY CREEK,Chum,803,West Haida Gwaii,Haida Gwaii,2306.0,704,52.81073363,-132.037426
CRESCENT INLET CREEK,Chum,801,East Haida Gwaii,Haida Gwaii,1602.0,412,52.73995899,-131.8746056
CRESCENT INLET CREEK,Coho,807,East Haida Gwaii,Haida Gwaii,1602.0,2531,52.73995899,-131.8746056
CRESCENT INLET CREEK,Pink (even),811,East Haida Gwaii (even),Haida Gwaii,1602.0,4045,52.73995899,-131.8746056
CRESCENT INLET CREEK,River sockeye,816,East Haida Gwaii (river-type),Haida Gwaii,1602.0,6054,52.73995899,-131.8746056
CRESCENT INLET CREEK,Pink (odd),813,East Haida Gwaii (odd),Haida Gwaii,1602.0,4973,52.73995899,-131.8746056
DANA CREEK #1,Coho,807,East Haida Gwaii,Haida Gwaii,1599.0,2528,52.8090004,-131.8401292
DANA CREEK #1,Chum,801,East Haida Gwaii,Haida Gwaii,1599.0,409,52.8090004,-131.8401292
DANA CREEK #1,Pink (odd),813,East Haida Gwaii (odd),Haida Gwaii,1599.0,4972,52.8090004,-131.8401292
DANA CREEK #1,Pink (even),811,East Haida Gwaii (even),Haida Gwaii,1599.0,4042,52.8090004,-131.8401292
DANA CREEK #2,Coho,807,East Haida Gwaii,Haida Gwaii,1600.0,2529,52.80615055,-131.8359971
DANA CREEK #2,Chinook,806,East Haida Gwaii,Haida Gwaii,1600.0,1557,52.80615055,-131.8359971
DANA CREEK #2,Chum,801,East Haida Gwaii,Haida Gwaii,1600.0,410,52.80615055,-131.8359971
DANA CREEK #2,Pink (even),811,East Haida Gwaii (even),Haida Gwaii,1600.0,4043,52.80615055,-131.8359971
DANA CREEK #3,Pink (even),811,East Haida Gwaii (even),Haida Gwaii,1601.0,4044,52.79542341,-131.811384
DANA CREEK #3,Coho,807,East Haida Gwaii,Haida Gwaii,1601.0,2530,52.79542341,-131.811384
DANA CREEK #3,Chum,801,East Haida Gwaii,Haida Gwaii,1601.0,411,52.79542341,-131.811384
DANA CREEK #3,Chinook,806,East Haida Gwaii,Haida Gwaii,1601.0,1558,52.79542341,-131.811384
DASS CREEK,Chum,801,East Haida Gwaii,Haida Gwaii,1589.0,399,52.92814546,-131.9503559
DASS CREEK,Pink (odd),813,East Haida Gwaii (odd),Haida Gwaii,1589.0,4964,52.92814546,-131.9503559
DASS CREEK,Pink (even),811,East Haida Gwaii (even),Haida Gwaii,1589.0,4032,52.92814546,-131.9503559
DASS CREEK,Coho,807,East Haida Gwaii,Haida Gwaii,1589.0,2518,52.92814546,-131.9503559
DATLAMEN CREEK,Pink (odd),814,North Haida Gwaii (odd),Haida Gwaii,1568.0,4855,53.56654725,-132.4856106
DATLAMEN CREEK,Coho,809,Haida Gwaii-Graham Island Lowlands,Haida Gwaii,1568.0,2297,53.56654725,-132.4856106
DATLAMEN CREEK,Pink (even),810,North Haida Gwaii (even),Haida Gwaii,1568.0,3867,53.56654725,-132.4856106
DATLAMEN CREEK,Chum,802,North Haida Gwaii,Haida Gwaii,1568.0,189,53.56654725,-132.4856106
DATLAMEN CREEK,River sockeye,817,North Haida Gwaii (river-type),Haida Gwaii,1568.0,5957,53.56654725,-132.4856106
DAVIDSON CREEK,Pink (odd),814,North Haida Gwaii (odd),Haida Gwaii,1558.0,4849,53.95441356,-132.6821811
DAVIDSON CREEK,Coho,809,Haida Gwaii-Graham Island Lowlands,Haida Gwaii,1558.0,2290,53.95441356,-132.6821811
DAVIDSON CREEK,Chum,802,North Haida Gwaii,Haida Gwaii,1558.0,182,53.95441356,-132.6821811
DAVIDSON CREEK,Pink (even),810,North Haida Gwaii (even),Haida Gwaii,1558.0,3859,53.95441356,-132.6821811
DAWSON HARBOUR CREEK,Pink (even),812,West Haida Gwaii (even),Haida Gwaii,1526.0,3990,53.17187462,-132.4327084
DAWSON HARBOUR CREEK,Pink (odd),815,West Haida Gwaii (odd),Haida Gwaii,1526.0,4930,53.17187462,-132.4327084
DAWSON HARBOUR CREEK,Chum,803,West Haida Gwaii,Haida Gwaii,1526.0,355,53.17187462,-132.4327084
DAWSON HARBOUR CREEK,Coho,808,West Haida Gwaii,Haida Gwaii,1526.0,2477,53.17187462,-132.4327084
DAWSON INLET CREEK,Pink (even),812,West Haida Gwaii (even),Haida Gwaii,1527.0,3991,53.22287698,-132.4778102
DAWSON INLET CREEK,Coho,808,West Haida Gwaii,Haida Gwaii,1527.0,2478,53.22287698,-132.4778102
DAWSON INLET CREEK,Pink (odd),815,West Haida Gwaii (odd),Haida Gwaii,1527.0,4931,53.22287698,-132.4778102
DAWSON INLET CREEK,Chum,803,West Haida Gwaii,Haida Gwaii,1527.0,356,53.22287698,-132.4778102
DE LA BECHE CREEK,Coho,807,East Haida Gwaii,Haida Gwaii,1608.0,2537,52.5524234,-131.6921312
DEENA CREEK,River sockeye,816,East Haida Gwaii (river-type),Haida Gwaii,1683.0,6021,53.14414958,-132.1347025
DEENA CREEK,Pink (odd),813,East Haida Gwaii (odd),Haida Gwaii,1683.0,4904,53.14414958,-132.1347025
DEENA CREEK,Chum,804,Skidegate,Haida Gwaii,1683.0,284,53.14414958,-132.1347025
DEENA CREEK,Pink (even),811,East Haida Gwaii (even),Haida Gwaii,1683.0,3937,53.14414958,-132.1347025
DEENA CREEK,Coho,807,East Haida Gwaii,Haida Gwaii,1683.0,2395,53.14414958,-132.1347025
DEENA CREEK,Chinook,806,East Haida Gwaii,Haida Gwaii,1683.0,1543,53.14414958,-132.1347025
DINAN CREEK,Pink (even),810,North Haida Gwaii (even),Haida Gwaii,1565.0,3864,53.65380141,-132.6808434
DINAN CREEK,Coho,809,Haida Gwaii-Graham Island Lowlands,Haida Gwaii,1565.0,2294,53.65380141,-132.6808434
DINAN CREEK,Chum,802,North Haida Gwaii,Haida Gwaii,1565.0,186,53.65380141,-132.6808434
DOUGLAS INLET CREEK-HEAD,Coho,808,West Haida Gwaii,Haida Gwaii,1662.0,10384,52.92978897,-132.1685626
DOUGLAS INLET CREEK-HEAD,Pink (even),812,West Haida Gwaii (even),Haida Gwaii,1662.0,4090,52.92978897,-132.1685626
DOUGLAS INLET CREEK-HEAD,Chum,803,West Haida Gwaii,Haida Gwaii,1662.0,471,52.92978897,-132.1685626
DOUGLAS INLET CREEK-R/H,Pink (even),812,West Haida Gwaii (even),Haida Gwaii,1661.0,4089,52.92865814,-132.1966721
DOUGLAS INLET CREEK-R/H,Chum,803,West Haida Gwaii,Haida Gwaii,1661.0,470,52.92865814,-132.1966721
DOUGLAS INLET CREEK-R/H,Coho,808,West Haida Gwaii,Haida Gwaii,1661.0,2582,52.92865814,-132.1966721
EAST NARROWS CAN BUOY CREEK,Chum,804,Skidegate,Haida Gwaii,1681.0,283,53.15296542,-132.3013976
EAST NARROWS CREEK,Chum,804,Skidegate,Haida Gwaii,1680.0,282,53.15267202,-132.2826294
EAST NARROWS CREEK,Coho,808,West Haida Gwaii,Haida Gwaii,1680.0,2394,53.15267202,-132.2826294
EAST NARROWS CREEK,Pink (odd),815,West Haida Gwaii (odd),Haida Gwaii,1680.0,4903,53.15267202,-132.2826294
EAST NARROWS CREEK,Pink (even),812,West Haida Gwaii (even),Haida Gwaii,1680.0,3936,53.15267202,-132.2826294
EAST NARROWS DOLPHIN CREEK,Pink (even),812,West Haida Gwaii (even),Haida Gwaii,1679.0,3935,53.15015403,-132.2586904
EAST NARROWS DOLPHIN CREEK,Coho,808,West Haida Gwaii,Haida Gwaii,1679.0,2393,53.15015403,-132.2586904
EAST NARROWS DOLPHIN CREEK,Chum,804,Skidegate,Haida Gwaii,1679.0,281,53.15015403,-132.2586904
ECHO HARBOUR CREEK,River sockeye,816,East Haida Gwaii (river-type),Haida Gwaii,1606.0,6057,52.69274362,-131.7717131
ECHO HARBOUR CREEK,Coho,807,East Haida Gwaii,Haida Gwaii,1606.0,2535,52.69274362,-131.7717131
ECHO HARBOUR CREEK,Pink (odd),813,East Haida Gwaii (odd),Haida Gwaii,1606.0,4976,52.69274362,-131.7717131
ECHO HARBOUR CREEK,Chum,801,East Haida Gwaii,Haida Gwaii,1606.0,416,52.69274362,-131.7717131
ECHO HARBOUR CREEK,Pink (even),811,East Haida Gwaii (even),Haida Gwaii,1606.0,4049,52.69274362,-131.7717131
EDWARDS CREEK,Chum,803,West Haida Gwaii,Haida Gwaii,1655.0,464,52.79714098,-131.9896669
FAIRBAIRN CREEK,Coho,807,East Haida Gwaii,Haida Gwaii,1698.0,2410,52.97575683,-131.6162664
FAIRFAX CREEK,Pink (odd),815,West Haida Gwaii (odd),Haida Gwaii,1650.0,4987,52.71762168,-131.9815563
FAIRFAX CREEK,Coho,808,West Haida Gwaii,Haida Gwaii,1650.0,2572,52.71762168,-131.9815563
FAIRFAX CREEK,Chum,803,West Haida Gwaii,Haida Gwaii,1650.0,459,52.71762168,-131.9815563
FAIRFAX CREEK,Pink (even),812,West Haida Gwaii (even),Haida Gwaii,1650.0,4079,52.71762168,-131.9815563
FAIRFAX CREEK,Lake sockeye,821,Fairfax,Haida Gwaii,1650.0,6061,52.71762168,-131.9815563
FAIRFAX INLET CREEK-OUTER,Chum,803,West Haida Gwaii,Haida Gwaii,1649.0,458,52.73734698,-132.0011617
FAIRFAX INLET CREEK-OUTER,Pink (even),812,West Haida Gwaii (even),Haida Gwaii,1649.0,4078,52.73734698,-132.0011617
FAIRFAX INLET CREEK-OUTER,River sockeye,818,West Haida Gwaii (river-type),Haida Gwaii,1649.0,6060,52.73734698,-132.0011617
FANNY CREEK,Chum,803,West Haida Gwaii,Haida Gwaii,1641.0,450,52.12743653,-131.1638721
FANNY CREEK,Coho,808,West Haida Gwaii,Haida Gwaii,1641.0,2566,52.12743653,-131.1638721
FLAMINGO INLET CREEK,Coho,808,West Haida Gwaii,Haida Gwaii,1646.0,2569,52.22324735,-131.3473692
FLAMINGO INLET CREEK,Pink (even),812,West Haida Gwaii (even),Haida Gwaii,1646.0,4076,52.22324735,-131.3473692
FLAMINGO INLET CREEK,Chum,803,West Haida Gwaii,Haida Gwaii,1646.0,455,52.22324735,-131.3473692
FLAT CREEK,Coho,808,West Haida Gwaii,Haida Gwaii,1654.0,2576,52.79116073,-131.9656837
FLAT CREEK,River sockeye,818,West Haida Gwaii (river-type),Haida Gwaii,1654.0,6065,52.79116073,-131.9656837
FLAT CREEK,Pink (odd),815,West Haida Gwaii (odd),Haida Gwaii,1654.0,4991,52.79116073,-131.9656837
FLAT CREEK,Pink (even),812,West Haida Gwaii (even),Haida Gwaii,1654.0,4083,52.79116073,-131.9656837
FLAT CREEK,Chum,803,West Haida Gwaii,Haida Gwaii,1654.0,463,52.79116073,-131.9656837
FORGOTTEN CREEK,Pink (even),811,East Haida Gwaii (even),Haida Gwaii,1620.0,4058,52.40044036,-131.4025023
FORGOTTEN CREEK,Coho,807,East Haida Gwaii,Haida Gwaii,1620.0,2548,52.40044036,-131.4025023
FORGOTTEN CREEK,Chum,801,East Haida Gwaii,Haida Gwaii,1620.0,429,52.40044036,-131.4025023
GATE CREEK,Chum,801,East Haida Gwaii,Haida Gwaii,1710.0,490,52.6643791,-131.4637691
GATE CREEK,Pink (odd),813,East Haida Gwaii (odd),Haida Gwaii,1710.0,5006,52.6643791,-131.4637691
GATE CREEK,Coho,807,East Haida Gwaii,Haida Gwaii,1710.0,2598,52.6643791,-131.4637691
GATE CREEK,Pink (even),811,East Haida Gwaii (even),Haida Gwaii,1710.0,4106,52.6643791,-131.4637691
GEORGE BAY CREEK,Coho,807,East Haida Gwaii,Haida Gwaii,1626.0,2553,52.30428629,-131.3415476
GEORGE BAY CREEK,Pink (even),811,East Haida Gwaii (even),Haida Gwaii,1626.0,4061,52.30428629,-131.3415476
GEORGE BAY CREEK,River sockeye,816,East Haida Gwaii (river-type),Haida Gwaii,1626.0,6058,52.30428629,-131.3415476
GEORGE BAY CREEK,Chum,801,East Haida Gwaii,Haida Gwaii,1626.0,435,52.30428629,-131.3415476
GIVENCHY ANCHORAGE CREEK,Chum,803,West Haida Gwaii,Haida Gwaii,1530.0,358,53.32508963,-132.5509878
GIVENCHY ANCHORAGE CREEK,Coho,808,West Haida Gwaii,Haida Gwaii,1530.0,2481,53.32508963,-132.5509878
GIVENCHY ANCHORAGE CREEK,Pink (odd),815,West Haida Gwaii (odd),Haida Gwaii,1530.0,4933,53.32508963,-132.5509878
GIVENCHY ANCHORAGE CREEK,Pink (even),812,West Haida Gwaii (even),Haida Gwaii,1530.0,3993,53.32508963,-132.5509878
GOLD HARBOUR CREEK,Pink (even),812,West Haida Gwaii (even),Haida Gwaii,1663.0,4091,52.93412712,-132.1316078
GOLD HARBOUR CREEK,Chum,803,West Haida Gwaii,Haida Gwaii,1663.0,472,52.93412712,-132.1316078
GOLD HARBOUR CREEK,River sockeye,818,West Haida Gwaii (river-type),Haida Gwaii,1663.0,6068,52.93412712,-132.1316078
GOLD HARBOUR CREEK,Coho,808,West Haida Gwaii,Haida Gwaii,1663.0,2583,52.93412712,-132.1316078
GONA POINT CREEK,Chum,801,East Haida Gwaii,Haida Gwaii,1634.0,443,52.2800947,-131.1294039
GORE BROOK,Pink (even),811,East Haida Gwaii (even),Haida Gwaii,1508.0,3973,53.25424524,-132.1006245
GORE BROOK,Chum,804,Skidegate,Haida Gwaii,1508.0,338,53.25424524,-132.1006245
GORE BROOK,Coho,807,East Haida Gwaii,Haida Gwaii,1508.0,2459,53.25424524,-132.1006245
GOSKI BAY CREEK,Pink (even),812,West Haida Gwaii (even),Haida Gwaii,1648.0,4077,52.43990233,-131.5507965
GOSKI BAY CREEK,Chum,803,West Haida Gwaii,Haida Gwaii,1648.0,457,52.43990233,-131.5507965
GOSKI BAY CREEK,Coho,808,West Haida Gwaii,Haida Gwaii,1648.0,2571,52.43990233,-131.5507965
GRAY BAY CREEK,Chum,801,East Haida Gwaii,Haida Gwaii,1581.0,196,53.13150693,-131.7059202
GRAY BAY CREEK,Coho,807,East Haida Gwaii,Haida Gwaii,1581.0,2307,53.13150693,-131.7059202
GRAY BAY CREEK,Pink (even),811,East Haida Gwaii (even),Haida Gwaii,1581.0,3877,53.13150693,-131.7059202
GRAY BAY CREEKS-OTHERS,Coho,807,East Haida Gwaii,Haida Gwaii,7990619.0,2415,53.13087601,-131.7079268
GREGORY CREEK,Pink (even),812,West Haida Gwaii (even),Haida Gwaii,1541.0,3927,53.40344973,-132.5203675
GREGORY CREEK,Coho,808,West Haida Gwaii,Haida Gwaii,1541.0,2386,53.40344973,-132.5203675
GREGORY CREEK,Pink (odd),815,West Haida Gwaii (odd),Haida Gwaii,1541.0,4897,53.40344973,-132.5203675
GUDAL CREEK,Coho,808,West Haida Gwaii,Haida Gwaii,1528.0,2479,53.23150341,-132.5630774
GUDAL CREEK,River sockeye,818,West Haida Gwaii (river-type),Haida Gwaii,1528.0,6033,53.23150341,-132.5630774
HAANS CREEK,Pink (odd),813,East Haida Gwaii (odd),Haida Gwaii,1690.0,4907,53.23790532,-131.8678639
HAANS CREEK,Coho,809,Haida Gwaii-Graham Island Lowlands,Haida Gwaii,1690.0,2402,53.23790532,-131.8678639
HAANS CREEK,Pink (even),811,East Haida Gwaii (even),Haida Gwaii,1690.0,3944,53.23790532,-131.8678639
HAANS CREEK,Chum,801,East Haida Gwaii,Haida Gwaii,1690.0,290,53.23790532,-131.8678639
HAIDA CREEK,Coho,807,East Haida Gwaii,Haida Gwaii,1616.0,2544,52.43029178,-131.4246787
HAIDA CREEK,Chum,801,East Haida Gwaii,Haida Gwaii,1616.0,425,52.43029178,-131.4246787
HARRIET CREEK,Chum,801,East Haida Gwaii,Haida Gwaii,1631.0,440,52.29242549,-131.2181894
HARRIET CREEK,Coho,807,East Haida Gwaii,Haida Gwaii,1631.0,2558,52.29242549,-131.2181894
HARRIET CREEK,Pink (even),811,East Haida Gwaii (even),Haida Gwaii,1631.0,4065,52.29242549,-131.2181894
HEATER HARBOUR CREEK,Coho,807,East Haida Gwaii,Haida Gwaii,1724.0,2607,52.123698,-131.0655313
HEATER HARBOUR CREEK,Chum,801,East Haida Gwaii,Haida Gwaii,1724.0,504,52.123698,-131.0655313
HEATER HARBOUR CREEK,Pink (even),811,East Haida Gwaii (even),Haida Gwaii,1724.0,4111,52.123698,-131.0655313
HIELLEN RIVER,Pink (even),810,North Haida Gwaii (even),Haida Gwaii,1576.0,3873,54.07188958,-131.7916601
HIELLEN RIVER,Pink (odd),814,North Haida Gwaii (odd),Haida Gwaii,1576.0,4859,54.07188958,-131.7916601
HIELLEN RIVER,Coho,809,Haida Gwaii-Graham Island Lowlands,Haida Gwaii,1576.0,2302,54.07188958,-131.7916601
HOBBS CREEK,Chum,803,West Haida Gwaii,Haida Gwaii,1549.0,174,53.59710361,-132.8232514
HOBBS CREEK,Coho,808,West Haida Gwaii,Haida Gwaii,1549.0,2282,53.59710361,-132.8232514
HONNA RIVER,Coho,807,East Haida Gwaii,Haida Gwaii,1511.0,2462,53.2489486,-132.1318382
HONNA RIVER,Pink (odd),813,East Haida Gwaii (odd),Haida Gwaii,1511.0,4922,53.2489486,-132.1318382
HONNA RIVER,Chinook,806,East Haida Gwaii,Haida Gwaii,1511.0,1553,53.2489486,-132.1318382
HONNA RIVER,Pink (even),811,East Haida Gwaii (even),Haida Gwaii,1511.0,3975,53.2489486,-132.1318382
HONNA RIVER,River sockeye,816,East Haida Gwaii (river-type),Haida Gwaii,1511.0,6029,53.2489486,-132.1318382
HONNA RIVER,Chum,804,Skidegate,Haida Gwaii,1511.0,340,53.2489486,-132.1318382
HUSTON INLET CREEKS,Pink (even),811,East Haida Gwaii (even),Haida Gwaii,1628.0,4063,52.24460054,-131.2454671
HUSTON INLET CREEKS,Chum,801,East Haida Gwaii,Haida Gwaii,1628.0,437,52.24460054,-131.2454671
HUSTON INLET CREEKS,Pink (odd),813,East Haida Gwaii (odd),Haida Gwaii,1628.0,4984,52.24460054,-131.2454671
HUSTON INLET CREEKS,Coho,807,East Haida Gwaii,Haida Gwaii,1628.0,2555,52.24460054,-131.2454671
HUTTON CREEK-HEAD,Coho,807,East Haida Gwaii,Haida Gwaii,1609.0,2538,52.48850489,-131.5819669
HUTTON CREEK-HEAD,Chum,801,East Haida Gwaii,Haida Gwaii,1609.0,418,52.48850489,-131.5819669
HUTTON CREEK-HEAD,Pink (odd),813,East Haida Gwaii (odd),Haida Gwaii,1609.0,4978,52.48850489,-131.5819669
HUTTON CREEK-HEAD,Pink (even),811,East Haida Gwaii (even),Haida Gwaii,1609.0,4051,52.48850489,-131.5819669
HUTTON CREEK-L/H,Pink (even),811,East Haida Gwaii (even),Haida Gwaii,1610.0,4052,52.50019481,-131.5538447
HUTTON CREEK-L/H,Coho,807,East Haida Gwaii,Haida Gwaii,1610.0,2539,52.50019481,-131.5538447
HUTTON CREEK-L/H,Chum,801,East Haida Gwaii,Haida Gwaii,1610.0,419,52.50019481,-131.5538447
HUTTON CREEK-L/H,Pink (odd),813,East Haida Gwaii (odd),Haida Gwaii,1610.0,4979,52.50019481,-131.5538447
IKEDA CREEK,Pink (even),811,East Haida Gwaii (even),Haida Gwaii,1632.0,4066,52.29467717,-131.1671047
IKEDA CREEK,Chum,801,East Haida Gwaii,Haida Gwaii,1632.0,441,52.29467717,-131.1671047
IKEDA CREEK,Coho,807,East Haida Gwaii,Haida Gwaii,1632.0,2559,52.29467717,-131.1671047
INDIAN BAY CREEK,Coho,808,West Haida Gwaii,Haida Gwaii,1533.0,2483,53.34134699,-132.5150048
INDIAN BAY CREEK,Chum,803,West Haida Gwaii,Haida Gwaii,1533.0,360,53.34134699,-132.5150048
INDIAN BAY CREEK,Pink (even),812,West Haida Gwaii (even),Haida Gwaii,1533.0,3996,53.34134699,-132.5150048
INDIAN CABIN CREEK,Coho,807,East Haida Gwaii,Haida Gwaii,1519.0,2470,53.1953271,-132.2848256
INDIAN CABIN CREEK,Pink (even),811,East Haida Gwaii (even),Haida Gwaii,1519.0,3983,53.1953271,-132.2848256
INDIAN CABIN CREEK,Pink (odd),813,East Haida Gwaii (odd),Haida Gwaii,1519.0,4927,53.1953271,-132.2848256
INDIAN CABIN CREEK,Chum,804,Skidegate,Haida Gwaii,1519.0,348,53.1953271,-132.2848256
INDIAN CABIN CREEK-R/H,Chum,804,Skidegate,Haida Gwaii,1518.0,347,53.19660604,-132.2833233
INDIAN CABIN CREEK-R/H,Pink (even),811,East Haida Gwaii (even),Haida Gwaii,1518.0,3982,53.19660604,-132.2833233
INDIAN CABIN CREEK-R/H,Coho,807,East Haida Gwaii,Haida Gwaii,1518.0,2469,53.19660604,-132.2833233
INSKIP CREEK,Chum,803,West Haida Gwaii,Haida Gwaii,1669.0,367,53.00905619,-132.2318358
INSKIP CREEK,Coho,808,West Haida Gwaii,Haida Gwaii,1669.0,2489,53.00905619,-132.2318358
INSKIP CREEK,Pink (even),812,West Haida Gwaii (even),Haida Gwaii,1669.0,4002,53.00905619,-132.2318358
IRON DUKE CREEK,Coho,807,East Haida Gwaii,Haida Gwaii,1696.0,2408,53.01074394,-131.7582888
IRON DUKE CREEK,Pink (even),811,East Haida Gwaii (even),Haida Gwaii,1696.0,3949,53.01074394,-131.7582888
ISLAND BAY CREEKS-L/H,Coho,807,East Haida Gwaii,Haida Gwaii,1622.0,2550,52.35290879,-131.4107614
ISLAND BAY CREEKS-L/H,Chum,801,East Haida Gwaii,Haida Gwaii,1622.0,431,52.35290879,-131.4107614
ISLAND BAY CREEKS-R/H,Coho,807,East Haida Gwaii,Haida Gwaii,1621.0,2549,52.35698345,-131.4124654
ISLAND BAY CREEKS-R/H,Chum,801,East Haida Gwaii,Haida Gwaii,1621.0,430,52.35698345,-131.4124654
JALUN RIVER,Lake sockeye,822,Jalun,Haida Gwaii,1556.0,5953,54.12777258,-132.8026367
JALUN RIVER,Pink (even),810,North Haida Gwaii (even),Haida Gwaii,1556.0,3857,54.12777258,-132.8026367
JALUN RIVER,Coho,809,Haida Gwaii-Graham Island Lowlands,Haida Gwaii,1556.0,2288,54.12777258,-132.8026367
JALUN RIVER,Pink (odd),814,North Haida Gwaii (odd),Haida Gwaii,1556.0,4847,54.12777258,-132.8026367
JEDWAY CREEK,Chum,801,East Haida Gwaii,Haida Gwaii,1630.0,439,52.29202528,-131.2227018
JEDWAY CREEK,Coho,807,East Haida Gwaii,Haida Gwaii,1630.0,2557,52.29202528,-131.2227018
JUNGLE CREEK,Pink (odd),813,East Haida Gwaii (odd),Haida Gwaii,1499.0,4920,53.37202595,-131.9291673
JUNGLE CREEK,Coho,809,Haida Gwaii-Graham Island Lowlands,Haida Gwaii,1499.0,2452,53.37202595,-131.9291673
KANO INLET CREEK - OUTER,Coho,808,West Haida Gwaii,Haida Gwaii,1529.0,2480,53.28806444,-132.6388879
KANO INLET CREEK - OUTER,Pink (odd),815,West Haida Gwaii (odd),Haida Gwaii,1529.0,4932,53.28806444,-132.6388879
KANO INLET CREEK - OUTER,Chum,803,West Haida Gwaii,Haida Gwaii,1529.0,357,53.28806444,-132.6388879
KANO INLET CREEK - OUTER,Pink (even),812,West Haida Gwaii (even),Haida Gwaii,1529.0,3992,53.28806444,-132.6388879
KANO INLET CREEK - OUTER,River sockeye,818,West Haida Gwaii (river-type),Haida Gwaii,1529.0,6034,53.28806444,-132.6388879
KANO INLET HEAD CREEK,Pink (even),812,West Haida Gwaii (even),Haida Gwaii,1531.0,3994,53.33295269,-132.5547574
KANO INLET HEAD CREEK,Pink (odd),815,West Haida Gwaii (odd),Haida Gwaii,1531.0,4934,53.33295269,-132.5547574
KANO INLET HEAD CREEK,Coho,808,West Haida Gwaii,Haida Gwaii,1531.0,2482,53.33295269,-132.5547574
KANO INLET HEAD CREEK,River sockeye,818,West Haida Gwaii (river-type),Haida Gwaii,1531.0,6035,53.33295269,-132.5547574
KANO INLET HEAD CREEK,Chum,803,West Haida Gwaii,Haida Gwaii,1531.0,359,53.33295269,-132.5547574
KENDRICK POINT CREEK,Chum,801,East Haida Gwaii,Haida Gwaii,1639.0,448,52.19585271,-131.1266166
KENDRICK POINT CREEK,Coho,807,East Haida Gwaii,Haida Gwaii,1639.0,2564,52.19585271,-131.1266166
KENDRICK POINT CREEK,Pink (even),811,East Haida Gwaii (even),Haida Gwaii,1639.0,4072,52.19585271,-131.1266166
KOGANGAS CREEK,Chum,801,East Haida Gwaii,Haida Gwaii,1711.0,491,52.61744997,-131.509562
KOOTENAY INLET NORTH ARM CREEK,Coho,808,West Haida Gwaii,Haida Gwaii,1659.0,2580,52.87832659,-132.1981989
KOOTENAY INLET NORTH ARM CREEK,Chum,803,West Haida Gwaii,Haida Gwaii,1659.0,468,52.87832659,-132.1981989
KOOTENAY INLET NORTH ARM CREEK,Pink (even),812,West Haida Gwaii (even),Haida Gwaii,1659.0,4087,52.87832659,-132.1981989
KOOTENAY INLET NORTH ARM CREEK,Pink (odd),815,West Haida Gwaii (odd),Haida Gwaii,1659.0,4994,52.87832659,-132.1981989
KOOTENAY INLET SOUTH ARM CREEK,Chum,803,West Haida Gwaii,Haida Gwaii,1658.0,467,52.84397609,-132.151785
KOOTENAY INLET SOUTH ARM CREEK,Pink (odd),815,West Haida Gwaii (odd),Haida Gwaii,1658.0,4993,52.84397609,-132.151785
KOOTENAY INLET SOUTH ARM CREEK,Coho,808,West Haida Gwaii,Haida Gwaii,1658.0,2579,52.84397609,-132.151785
KOOTENAY INLET SOUTH ARM CREEK,Pink (even),812,West Haida Gwaii (even),Haida Gwaii,1658.0,4086,52.84397609,-132.151785
KOOTENAY INLET SOUTH ARM CREEK,River sockeye,818,West Haida Gwaii (river-type),Haida Gwaii,1658.0,6067,52.84397609,-132.151785
KOSTAN CREEK,Coho,807,East Haida Gwaii,Haida Gwaii,1607.0,2536,52.57918999,-131.7148207
KOSTAN CREEK,Chum,801,East Haida Gwaii,Haida Gwaii,1607.0,417,52.57918999,-131.7148207
KOSTAN CREEK,Pink (even),811,East Haida Gwaii (even),Haida Gwaii,1607.0,4050,52.57918999,-131.7148207
KOSTAN CREEK,Pink (odd),813,East Haida Gwaii (odd),Haida Gwaii,1607.0,4977,52.57918999,-131.7148207
KOYA CREEK,Chum,801,East Haida Gwaii,Haida Gwaii,1637.0,446,52.215212,-131.0792775
KOYA CREEK,Pink (odd),813,East Haida Gwaii (odd),Haida Gwaii,1637.0,4985,52.215212,-131.0792775
KOYA CREEK,Pink (even),811,East Haida Gwaii (even),Haida Gwaii,1637.0,4070,52.215212,-131.0792775
KOYA CREEK,Coho,807,East Haida Gwaii,Haida Gwaii,1637.0,2563,52.215212,-131.0792775
KUMDIS CREEK,Pink (even),810,North Haida Gwaii (even),Haida Gwaii,1574.0,3871,53.69525452,-132.1437576
KUMDIS CREEK,Pink (odd),814,North Haida Gwaii (odd),Haida Gwaii,1574.0,10385,53.69525452,-132.1437576
KUMDIS CREEK,Coho,809,Haida Gwaii-Graham Island Lowlands,Haida Gwaii,1574.0,2300,53.69525452,-132.1437576
LAGINS CREEK,Coho,807,East Haida Gwaii,Haida Gwaii,1517.0,2468,53.22731769,-132.3264649
LAGINS CREEK,Pink (even),811,East Haida Gwaii (even),Haida Gwaii,1517.0,3981,53.22731769,-132.3264649
LAGINS CREEK,Chum,804,Skidegate,Haida Gwaii,1517.0,346,53.22731769,-132.3264649
LAGINS CREEK,River sockeye,816,East Haida Gwaii (river-type),Haida Gwaii,1517.0,6031,53.22731769,-132.3264649
LAGINS CREEK,Pink (odd),813,East Haida Gwaii (odd),Haida Gwaii,1517.0,4926,53.22731769,-132.3264649
LAGINS CREEK-RH,Pink (even),811,East Haida Gwaii (even),Haida Gwaii,1516.0,3980,53.23420659,-132.3225001
LAGINS CREEK-RH,Coho,807,East Haida Gwaii,Haida Gwaii,1516.0,2467,53.23420659,-132.3225001
LAGINS CREEK-RH,Chum,804,Skidegate,Haida Gwaii,1516.0,345,53.23420659,-132.3225001
LAGOON CREEK,Coho,807,East Haida Gwaii,Haida Gwaii,1588.0,2517,52.93706813,-131.9675888
LAGOON CREEK,Chum,801,East Haida Gwaii,Haida Gwaii,1588.0,398,52.93706813,-131.9675888
LAGOON CREEK,Pink (odd),813,East Haida Gwaii (odd),Haida Gwaii,1588.0,4963,52.93706813,-131.9675888
LAGOON CREEK,River sockeye,816,East Haida Gwaii (river-type),Haida Gwaii,1588.0,6051,52.93706813,-131.9675888
LAGOON CREEK,Pink (even),811,East Haida Gwaii (even),Haida Gwaii,1588.0,4031,52.93706813,-131.9675888
LANDRICK CREEK,Chum,801,East Haida Gwaii,Haida Gwaii,1712.0,492,52.64111463,-131.5551171
LAWN CREEK,Coho,809,Haida Gwaii-Graham Island Lowlands,Haida Gwaii,1498.0,2451,53.40352235,-131.9234758
LIGNITE CREEK,Chum,802,North Haida Gwaii,Haida Gwaii,1560.0,184,53.97114945,-132.6019013
LIGNITE CREEK,Pink (even),810,North Haida Gwaii (even),Haida Gwaii,1560.0,3861,53.97114945,-132.6019013
LIGNITE CREEK,Pink (odd),814,North Haida Gwaii (odd),Haida Gwaii,1560.0,4851,53.97114945,-132.6019013
LIGNITE CREEK,Coho,809,Haida Gwaii-Graham Island Lowlands,Haida Gwaii,1560.0,2292,53.97114945,-132.6019013
LITTLE GOOSE CREEK,Chum,801,East Haida Gwaii,Haida Gwaii,1596.0,406,52.88247678,-131.8890397
LITTLE GOOSE CREEK,Pink (even),811,East Haida Gwaii (even),Haida Gwaii,1596.0,4039,52.88247678,-131.8890397
LITTLE GOOSE CREEK,Pink (odd),813,East Haida Gwaii (odd),Haida Gwaii,1596.0,4969,52.88247678,-131.8890397
LITTLE GOOSE CREEK,Coho,807,East Haida Gwaii,Haida Gwaii,1596.0,2525,52.88247678,-131.8890397
LOMGON BAY CREEK,Chum,803,West Haida Gwaii,Haida Gwaii,1657.0,466,52.78671575,-132.0985713
LOMGON BAY CREEK,Coho,808,West Haida Gwaii,Haida Gwaii,1657.0,2578,52.78671575,-132.0985713
LOMGON BAY CREEK,Pink (even),812,West Haida Gwaii (even),Haida Gwaii,1657.0,4085,52.78671575,-132.0985713
LONGFELLOW CREEK,Coho,807,East Haida Gwaii,Haida Gwaii,1603.0,2532,52.71702923,-131.8334662
LONGFELLOW CREEK,Chum,801,East Haida Gwaii,Haida Gwaii,1603.0,413,52.71702923,-131.8334662
LONGFELLOW CREEK,Pink (even),811,East Haida Gwaii (even),Haida Gwaii,1603.0,4046,52.71702923,-131.8334662
LOUSCOONE INLET CREEK,Coho,808,West Haida Gwaii,Haida Gwaii,1642.0,2567,52.2434398,-131.2941613
LOUSCOONE INLET CREEK,Chum,803,West Haida Gwaii,Haida Gwaii,1642.0,451,52.2434398,-131.2941613
LOUSCOONE INLET CREEK,River sockeye,818,West Haida Gwaii (river-type),Haida Gwaii,1642.0,10389,52.2434398,-131.2941613
LOUSCOONE INLET CREEK,Pink (even),812,West Haida Gwaii (even),Haida Gwaii,1642.0,4074,52.2434398,-131.2941613
LOUSCOONE INLET CREEK - OUTER,Chum,803,West Haida Gwaii,Haida Gwaii,1643.0,452,52.16584888,-131.2100743
LUXANA CREEK,Pink (odd),813,East Haida Gwaii (odd),Haida Gwaii,1726.0,5008,52.07950905,-131.0634839
LUXANA CREEK,Pink (even),811,East Haida Gwaii (even),Haida Gwaii,1726.0,4112,52.07950905,-131.0634839
LUXANA CREEK,Chum,801,East Haida Gwaii,Haida Gwaii,1726.0,506,52.07950905,-131.0634839
LUXANA CREEK,Coho,807,East Haida Gwaii,Haida Gwaii,1726.0,2609,52.07950905,-131.0634839
MACE CREEK,Chum,803,West Haida Gwaii,Haida Gwaii,1550.0,175,53.60700899,-132.8226531
MACE CREEK,Coho,808,West Haida Gwaii,Haida Gwaii,1550.0,2283,53.60700899,-132.8226531
MACE CREEK,Pink (even),812,West Haida Gwaii (even),Haida Gwaii,1550.0,3852,53.60700899,-132.8226531
MACE CREEK,Pink (odd),815,West Haida Gwaii (odd),Haida Gwaii,1550.0,4842,53.60700899,-132.8226531
MACINTYRE CREEK,Chum,801,East Haida Gwaii,Haida Gwaii,1578.0,194,53.16516526,-131.7995495
MACINTYRE CREEK,Coho,807,East Haida Gwaii,Haida Gwaii,1578.0,2304,53.16516526,-131.7995495
MACINTYRE CREEK,Pink (odd),813,East Haida Gwaii (odd),Haida Gwaii,1578.0,4860,53.16516526,-131.7995495
MACINTYRE CREEK,Pink (even),811,East Haida Gwaii (even),Haida Gwaii,1578.0,3874,53.16516526,-131.7995495
MACMILLAN CREEK,Chum,804,Skidegate,Haida Gwaii,1687.0,288,53.18255055,-132.0299451
MACMILLAN CREEK,Coho,807,East Haida Gwaii,Haida Gwaii,1687.0,2399,53.18255055,-132.0299451
MACMILLAN CREEK,Pink (even),811,East Haida Gwaii (even),Haida Gwaii,1687.0,3941,53.18255055,-132.0299451
MAMIN RIVER,Pink (even),810,North Haida Gwaii (even),Haida Gwaii,1570.0,3869,53.62133376,-132.3105225
MAMIN RIVER,River sockeye,817,North Haida Gwaii (river-type),Haida Gwaii,1570.0,5958,53.62133376,-132.3105225
MAMIN RIVER,Pink (odd),814,North Haida Gwaii (odd),Haida Gwaii,1570.0,4856,53.62133376,-132.3105225
MAMIN RIVER,Chum,802,North Haida Gwaii,Haida Gwaii,1570.0,190,53.62133376,-132.3105225
MAMIN RIVER,Coho,809,Haida Gwaii-Graham Island Lowlands,Haida Gwaii,1570.0,2298,53.62133376,-132.3105225
MARKER CREEK,Chum,801,East Haida Gwaii,Haida Gwaii,1719.0,499,52.4077081,-131.3681223
MARKER CREEK,Coho,807,East Haida Gwaii,Haida Gwaii,1719.0,2603,52.4077081,-131.3681223
MARKO CREEK,Chum,801,East Haida Gwaii,Haida Gwaii,1611.0,420,52.51576569,-131.5183682
MARSHALL INLET CREEK,Chum,801,East Haida Gwaii,Haida Gwaii,1612.0,421,52.46921969,-131.5121173
MARSHALL INLET CREEK,Pink (even),811,East Haida Gwaii (even),Haida Gwaii,1612.0,4053,52.46921969,-131.5121173
MARSHALL INLET CREEK,Coho,807,East Haida Gwaii,Haida Gwaii,1612.0,2540,52.46921969,-131.5121173
MATHERS CREEK,Pink (even),811,East Haida Gwaii (even),Haida Gwaii,1695.0,3948,53.01751463,-131.7764512
MATHERS CREEK,Pink (odd),813,East Haida Gwaii (odd),Haida Gwaii,1695.0,4909,53.01751463,-131.7764512
MATHERS CREEK,Chinook,806,East Haida Gwaii,Haida Gwaii,1695.0,1544,53.01751463,-131.7764512
MATHERS CREEK,Coho,807,East Haida Gwaii,Haida Gwaii,1695.0,2407,53.01751463,-131.7764512
MATHERS CREEK,Lake sockeye,824,Mathers,Haida Gwaii,1695.0,6022,53.01751463,-131.7764512
MATHERS CREEK,Chum,801,East Haida Gwaii,Haida Gwaii,1695.0,294,53.01751463,-131.7764512
MATHESON CREEK-L/H,Pink (odd),813,East Haida Gwaii (odd),Haida Gwaii,1614.0,4981,52.44443987,-131.4770355
MATHESON CREEK-L/H,Pink (even),811,East Haida Gwaii (even),Haida Gwaii,1614.0,4055,52.44443987,-131.4770355
MATHESON CREEK-L/H,Coho,807,East Haida Gwaii,Haida Gwaii,1614.0,2542,52.44443987,-131.4770355
MATHESON CREEK-L/H,Chum,801,East Haida Gwaii,Haida Gwaii,1614.0,423,52.44443987,-131.4770355
MATHESON CREEK-R/H,Pink (even),811,East Haida Gwaii (even),Haida Gwaii,1613.0,4054,52.4437477,-131.4803952
MATHESON CREEK-R/H,Coho,807,East Haida Gwaii,Haida Gwaii,1613.0,2541,52.4437477,-131.4803952
MATHESON CREEK-R/H,Chum,801,East Haida Gwaii,Haida Gwaii,1613.0,422,52.4437477,-131.4803952
MATHESON CREEK-R/H,Pink (odd),813,East Haida Gwaii (odd),Haida Gwaii,1613.0,4980,52.4437477,-131.4803952
MATHESON CREEK-R/H,River sockeye,816,East Haida Gwaii (river-type),Haida Gwaii,1613.0,10388,52.4437477,-131.4803952
MCCLINTON CREEK,Coho,809,Haida Gwaii-Graham Island Lowlands,Haida Gwaii,1566.0,2295,53.63585923,-132.6097595
MCCLINTON CREEK,Pink (odd),814,North Haida Gwaii (odd),Haida Gwaii,1566.0,4853,53.63585923,-132.6097595
MCCLINTON CREEK,Chum,802,North Haida Gwaii,Haida Gwaii,1566.0,187,53.63585923,-132.6097595
MCCLINTON CREEK,Pink (even),810,North Haida Gwaii (even),Haida Gwaii,1566.0,3865,53.63585923,-132.6097595
MCKENZIE COVE CREEK,Chum,803,West Haida Gwaii,Haida Gwaii,1672.0,370,53.04762946,-132.3376051
MCKENZIE COVE CREEK,Pink (even),812,West Haida Gwaii (even),Haida Gwaii,1672.0,4005,53.04762946,-132.3376051
MCKENZIE COVE CREEK,Pink (odd),815,West Haida Gwaii (odd),Haida Gwaii,1672.0,4938,53.04762946,-132.3376051
MCKENZIE COVE CREEK,Coho,808,West Haida Gwaii,Haida Gwaii,1672.0,2492,53.04762946,-132.3376051
MERCER CREEK,Lake sockeye,825,Mercer,Haida Gwaii,1548.0,5951,53.58313923,-132.9016718
MERCER CREEK,Pink (odd),815,West Haida Gwaii (odd),Haida Gwaii,1548.0,4841,53.58313923,-132.9016718
MERCER CREEK,Chum,803,West Haida Gwaii,Haida Gwaii,1548.0,173,53.58313923,-132.9016718
MERCER CREEK,Pink (even),812,West Haida Gwaii (even),Haida Gwaii,1548.0,3851,53.58313923,-132.9016718
MERCER CREEK,Coho,808,West Haida Gwaii,Haida Gwaii,1548.0,2281,53.58313923,-132.9016718
MILLER CREEK,Coho,809,Haida Gwaii-Graham Island Lowlands,Haida Gwaii,1501.0,2454,53.3388547,-131.9430423
MISSION CREEK,Chum,801,East Haida Gwaii,Haida Gwaii,1504.0,335,53.29099556,-131.9692244
MISSION CREEK,Coho,809,Haida Gwaii-Graham Island Lowlands,Haida Gwaii,1504.0,2457,53.29099556,-131.9692244
MOLLITORS CREEK,Coho,809,Haida Gwaii-Graham Island Lowlands,Haida Gwaii,1500.0,2453,53.36865486,-131.9364836
MOODY CREEK,Coho,807,East Haida Gwaii,Haida Gwaii,1723.0,2606,52.13249249,-131.050537
MOODY CREEK,Chum,801,East Haida Gwaii,Haida Gwaii,1723.0,503,52.13249249,-131.050537
MOORE CREEK,Chum,801,East Haida Gwaii,Haida Gwaii,1703.0,299,52.7135442,-131.6790208
MOORE CREEK,Coho,807,East Haida Gwaii,Haida Gwaii,1703.0,2413,52.7135442,-131.6790208
MORESBY CREEK,Pink (even),812,West Haida Gwaii (even),Haida Gwaii,1664.0,4092,52.93705815,-132.133423
MORESBY CREEK,Chum,803,West Haida Gwaii,Haida Gwaii,1664.0,473,52.93705815,-132.133423
MORESBY CREEK,Coho,808,West Haida Gwaii,Haida Gwaii,1664.0,2584,52.93705815,-132.133423
MOUNTAIN CREEK,Coho,808,West Haida Gwaii,Haida Gwaii,1536.0,2485,53.30901317,-132.4234323
MOUNTAIN CREEK,Pink (even),812,West Haida Gwaii (even),Haida Gwaii,1536.0,3998,53.30901317,-132.4234323
MOUNTAIN CREEK,Chum,803,West Haida Gwaii,Haida Gwaii,1536.0,363,53.30901317,-132.4234323
MUD BAY CREEK,Chum,804,Skidegate,Haida Gwaii,1515.0,344,53.20758527,-132.2543503
MUD BAY CREEK,Coho,807,East Haida Gwaii,Haida Gwaii,1515.0,2466,53.20758527,-132.2543503
MUD BAY CREEK,Pink (even),811,East Haida Gwaii (even),Haida Gwaii,1515.0,3979,53.20758527,-132.2543503
MUDGE CREEK,Chum,803,West Haida Gwaii,Haida Gwaii,1665.0,474,52.95889412,-132.1134659
MUDGE CREEK,Pink (even),812,West Haida Gwaii (even),Haida Gwaii,1665.0,4093,52.95889412,-132.1134659
MUNCORD CREEK,Chum,804,Skidegate,Haida Gwaii,1505.0,336,53.25072746,-132.0344428
NADEN RIVER,Pink (even),810,North Haida Gwaii (even),Haida Gwaii,1559.0,3860,53.94485711,-132.6724995
NADEN RIVER,Chum,802,North Haida Gwaii,Haida Gwaii,1559.0,183,53.94485711,-132.6724995
NADEN RIVER,Coho,809,Haida Gwaii-Graham Island Lowlands,Haida Gwaii,1559.0,2291,53.94485711,-132.6724995
NADEN RIVER,Lake sockeye,823,Marian/Eden,Haida Gwaii,1559.0,5954,53.94485711,-132.6724995
NADEN RIVER,Chinook,805,North Haida Gwaii,Haida Gwaii,1559.0,1492,53.94485711,-132.6724995
NADEN RIVER,Pink (odd),814,North Haida Gwaii (odd),Haida Gwaii,1559.0,4850,53.94485711,-132.6724995
NADU RIVER,Coho,809,Haida Gwaii-Graham Island Lowlands,Haida Gwaii,3545.0,2103,53.83059002,-132.1276973
NESTO INLET CREEK INNER,Pink (even),812,West Haida Gwaii (even),Haida Gwaii,1547.0,3850,53.56003712,-132.9064393
NESTO INLET CREEK INNER,Chum,803,West Haida Gwaii,Haida Gwaii,1547.0,172,53.56003712,-132.9064393
NESTO INLET CREEK INNER,Coho,808,West Haida Gwaii,Haida Gwaii,1547.0,2280,53.56003712,-132.9064393
NESTO INLET CREEK-OUTER,Pink (even),812,West Haida Gwaii (even),Haida Gwaii,1546.0,3932,53.52145958,-132.8466848
NESTO INLET CREEK-OUTER,Chum,803,West Haida Gwaii,Haida Gwaii,1546.0,278,53.52145958,-132.8466848
NORTH ARM CREEK-RH,Chum,804,Skidegate,Haida Gwaii,1523.0,352,53.16875847,-132.3110759
NORTH ARM CREEK-RH,Pink (even),812,West Haida Gwaii (even),Haida Gwaii,1523.0,3987,53.16875847,-132.3110759
NORTH ARM CREEK-RH,Coho,808,West Haida Gwaii,Haida Gwaii,1523.0,2474,53.16875847,-132.3110759
NORTH ARM HEAD CREEK,Pink (odd),815,West Haida Gwaii (odd),Haida Gwaii,1524.0,4929,53.18635457,-132.33945
NORTH ARM HEAD CREEK,Pink (even),812,West Haida Gwaii (even),Haida Gwaii,1524.0,3988,53.18635457,-132.33945
NORTH ARM HEAD CREEK,River sockeye,818,West Haida Gwaii (river-type),Haida Gwaii,1524.0,6032,53.18635457,-132.33945
NORTH ARM HEAD CREEK,Chum,804,Skidegate,Haida Gwaii,1524.0,353,53.18635457,-132.33945
NORTH ARM HEAD CREEK,Coho,808,West Haida Gwaii,Haida Gwaii,1524.0,2475,53.18635457,-132.33945
OTARD CREEK,Coho,808,West Haida Gwaii,Haida Gwaii,1555.0,2287,53.7703992,-132.9924885
OTARD CREEK,Pink (even),812,West Haida Gwaii (even),Haida Gwaii,1555.0,3856,53.7703992,-132.9924885
OTARD CREEK,Chum,803,West Haida Gwaii,Haida Gwaii,1555.0,180,53.7703992,-132.9924885
OTARD CREEK,Pink (odd),815,West Haida Gwaii (odd),Haida Gwaii,1555.0,4846,53.7703992,-132.9924885
OUTLOOK CREEK,Pink (odd),813,East Haida Gwaii (odd),Haida Gwaii,1513.0,4924,53.24333578,-132.1792094
OUTLOOK CREEK,Pink (even),811,East Haida Gwaii (even),Haida Gwaii,1513.0,3977,53.24333578,-132.1792094
OUTLOOK CREEK,Chum,804,Skidegate,Haida Gwaii,1513.0,342,53.24333578,-132.1792094
OUTLOOK CREEK,Coho,807,East Haida Gwaii,Haida Gwaii,1513.0,2464,53.24333578,-132.1792094
OXALIS CREEK,Pink (even),811,East Haida Gwaii (even),Haida Gwaii,1627.0,4062,52.27556569,-131.3218854
OXALIS CREEK,Pink (odd),813,East Haida Gwaii (odd),Haida Gwaii,1627.0,4983,52.27556569,-131.3218854
OXALIS CREEK,Chum,801,East Haida Gwaii,Haida Gwaii,1627.0,436,52.27556569,-131.3218854
OXALIS CREEK,Coho,807,East Haida Gwaii,Haida Gwaii,1627.0,2554,52.27556569,-131.3218854
PACOFI CREEK,Pink (odd),813,East Haida Gwaii (odd),Haida Gwaii,1598.0,4971,52.83481418,-131.8872395
PACOFI CREEK,Chum,801,East Haida Gwaii,Haida Gwaii,1598.0,408,52.83481418,-131.8872395
PACOFI CREEK,Pink (even),811,East Haida Gwaii (even),Haida Gwaii,1598.0,4041,52.83481418,-131.8872395
PACOFI CREEK,Coho,807,East Haida Gwaii,Haida Gwaii,1598.0,2527,52.83481418,-131.8872395
PALLANT CREEK,Coho,807,East Haida Gwaii,Haida Gwaii,1584.0,2513,53.05209582,-132.0324985
PALLANT CREEK,Pink (odd),813,East Haida Gwaii (odd),Haida Gwaii,1584.0,4959,53.05209582,-132.0324985
PALLANT CREEK,Chum,801,East Haida Gwaii,Haida Gwaii,1584.0,394,53.05209582,-132.0324985
PALLANT CREEK,River sockeye,816,East Haida Gwaii (river-type),Haida Gwaii,1584.0,6050,53.05209582,-132.0324985
PALLANT CREEK,Pink (even),811,East Haida Gwaii (even),Haida Gwaii,1584.0,4027,53.05209582,-132.0324985
PEEL INLET CREEK-L/H #1,Coho,808,West Haida Gwaii,Haida Gwaii,1668.0,2488,52.99851562,-132.1376683
PEEL INLET CREEK-L/H #1,Chum,803,West Haida Gwaii,Haida Gwaii,1668.0,366,52.99851562,-132.1376683
PEEL INLET CREEK-L/H #1,Pink (even),812,West Haida Gwaii (even),Haida Gwaii,1668.0,4001,52.99851562,-132.1376683
PEEL INLET CREEK-L/H #2,Coho,808,West Haida Gwaii,Haida Gwaii,1667.0,2586,52.98842083,-132.108845
PEEL INLET CREEK-L/H #2,Pink (odd),815,West Haida Gwaii (odd),Haida Gwaii,1667.0,4997,52.98842083,-132.108845
PEEL INLET CREEK-L/H #2,Chum,803,West Haida Gwaii,Haida Gwaii,1667.0,476,52.98842083,-132.108845
PEEL INLET CREEK-L/H #2,Pink (even),812,West Haida Gwaii (even),Haida Gwaii,1667.0,4095,52.98842083,-132.108845
PEEL INLET CREEK-L/H #2,River sockeye,818,West Haida Gwaii (river-type),Haida Gwaii,1667.0,6070,52.98842083,-132.108845
PEEL INLET HEAD CREEK,Pink (even),812,West Haida Gwaii (even),Haida Gwaii,1666.0,4094,52.96530877,-132.073168
PEEL INLET HEAD CREEK,River sockeye,818,West Haida Gwaii (river-type),Haida Gwaii,1666.0,6069,52.96530877,-132.073168
PEEL INLET HEAD CREEK,Chum,803,West Haida Gwaii,Haida Gwaii,1666.0,475,52.96530877,-132.073168
PEEL INLET HEAD CREEK,Coho,808,West Haida Gwaii,Haida Gwaii,1666.0,2585,52.96530877,-132.073168
PEEL INLET HEAD CREEK,Pink (odd),815,West Haida Gwaii (odd),Haida Gwaii,1666.0,4996,52.96530877,-132.073168
PIPER CREEK,Coho,809,Haida Gwaii-Graham Island Lowlands,Haida Gwaii,1689.0,2401,53.23703939,-131.9058305
PIPER CREEK,Pink (even),811,East Haida Gwaii (even),Haida Gwaii,1689.0,3943,53.23703939,-131.9058305
POOLE INLET CREEKS,Coho,807,East Haida Gwaii,Haida Gwaii,1716.0,2602,52.35311815,-131.3272851
POOLE INLET CREEKS,Pink (even),811,East Haida Gwaii (even),Haida Gwaii,1716.0,4109,52.35311815,-131.3272851
POOLE INLET CREEKS,Chum,801,East Haida Gwaii,Haida Gwaii,1716.0,496,52.35311815,-131.3272851
PORT LOUIS CREEK OUTER,Chum,803,West Haida Gwaii,Haida Gwaii,1554.0,179,53.70878724,-132.9493832
PORT LOUIS CREEK OUTER,Coho,808,West Haida Gwaii,Haida Gwaii,1554.0,2286,53.70878724,-132.9493832
PORT LOUIS CREEK OUTER,Pink (even),812,West Haida Gwaii (even),Haida Gwaii,1554.0,3855,53.70878724,-132.9493832
POWRIVCO CREEK,Pink (odd),813,East Haida Gwaii (odd),Haida Gwaii,1707.0,5003,52.6811691,-131.5657846
POWRIVCO CREEK,Chum,801,East Haida Gwaii,Haida Gwaii,1707.0,487,52.6811691,-131.5657846
POWRIVCO CREEK,Coho,807,East Haida Gwaii,Haida Gwaii,1707.0,2595,52.6811691,-131.5657846
POWRIVCO CREEK,Pink (even),811,East Haida Gwaii (even),Haida Gwaii,1707.0,4103,52.6811691,-131.5657846
RASPBERRY CREEK,Pink (even),811,East Haida Gwaii (even),Haida Gwaii,1638.0,4071,52.1674198,-131.0812733
RASPBERRY CREEK,Chum,801,East Haida Gwaii,Haida Gwaii,1638.0,447,52.1674198,-131.0812733
RENNELL CREEK,Coho,808,West Haida Gwaii,Haida Gwaii,1535.0,2484,53.29102256,-132.4277111
RENNELL CREEK,Chum,803,West Haida Gwaii,Haida Gwaii,1535.0,362,53.29102256,-132.4277111
RENNELL CREEK,River sockeye,818,West Haida Gwaii (river-type),Haida Gwaii,1535.0,6037,53.29102256,-132.4277111
RENNELL CREEK,Pink (odd),815,West Haida Gwaii (odd),Haida Gwaii,1535.0,4935,53.29102256,-132.4277111
RENNELL CREEK,Pink (even),812,West Haida Gwaii (even),Haida Gwaii,1535.0,3997,53.29102256,-132.4277111
RICHARDSON CREEK,Pink (odd),813,East Haida Gwaii (odd),Haida Gwaii,1708.0,5004,52.68124458,-131.5564812
RICHARDSON CREEK,Coho,807,East Haida Gwaii,Haida Gwaii,1708.0,2596,52.68124458,-131.5564812
RICHARDSON CREEK,Pink (even),811,East Haida Gwaii (even),Haida Gwaii,1708.0,4104,52.68124458,-131.5564812
RICHARDSON CREEK,Chum,801,East Haida Gwaii,Haida Gwaii,1708.0,488,52.68124458,-131.5564812
RILEY CREEK,Chum,803,West Haida Gwaii,Haida Gwaii,1540.0,274,53.38696584,-132.5165586
RILEY CREEK,Pink (odd),815,West Haida Gwaii (odd),Haida Gwaii,1540.0,4896,53.38696584,-132.5165586
RILEY CREEK,Pink (even),812,West Haida Gwaii (even),Haida Gwaii,1540.0,3926,53.38696584,-132.5165586
RILEY CREEK,River sockeye,818,West Haida Gwaii (river-type),Haida Gwaii,1540.0,6017,53.38696584,-132.5165586
RILEY CREEK,Coho,808,West Haida Gwaii,Haida Gwaii,1540.0,2385,53.38696584,-132.5165586
ROCKRUN CREEK,Coho,808,West Haida Gwaii,Haida Gwaii,1537.0,2486,53.31948823,-132.415128
ROCKRUN CREEK,Chum,803,West Haida Gwaii,Haida Gwaii,1537.0,364,53.31948823,-132.415128
ROCKRUN CREEK,Pink (even),812,West Haida Gwaii (even),Haida Gwaii,1537.0,3999,53.31948823,-132.415128
ROSE HARBOUR CREEK,Chum,801,East Haida Gwaii,Haida Gwaii,1722.0,502,52.14780559,-131.087448
SACHS CREEK,Coho,807,East Haida Gwaii,Haida Gwaii,1688.0,2400,53.21390025,-131.9837056
SACHS CREEK,Pink (even),811,East Haida Gwaii (even),Haida Gwaii,1688.0,3942,53.21390025,-131.9837056
SACHS CREEK,Chum,804,Skidegate,Haida Gwaii,1688.0,289,53.21390025,-131.9837056
SACHS CREEK,Pink (odd),813,East Haida Gwaii (odd),Haida Gwaii,1688.0,4906,53.21390025,-131.9837056
SALMON RIVER,Coho,807,East Haida Gwaii,Haida Gwaii,1605.0,2534,52.7025735,-131.8170742
SALMON RIVER,Chum,801,East Haida Gwaii,Haida Gwaii,1605.0,415,52.7025735,-131.8170742
SALMON RIVER,Pink (odd),813,East Haida Gwaii (odd),Haida Gwaii,1605.0,4975,52.7025735,-131.8170742
SALMON RIVER,River sockeye,816,East Haida Gwaii (river-type),Haida Gwaii,1605.0,6056,52.7025735,-131.8170742
SALMON RIVER,Pink (even),811,East Haida Gwaii (even),Haida Gwaii,1605.0,4048,52.7025735,-131.8170742
SALTSPRING BAY CREEK,Pink (odd),813,East Haida Gwaii (odd),Haida Gwaii,1520.0,4928,53.18824878,-132.2305248
SALTSPRING BAY CREEK,Pink (even),811,East Haida Gwaii (even),Haida Gwaii,1520.0,3984,53.18824878,-132.2305248
SALTSPRING BAY CREEK,Chum,804,Skidegate,Haida Gwaii,1520.0,349,53.18824878,-132.2305248
SALTSPRING BAY CREEK,Coho,807,East Haida Gwaii,Haida Gwaii,1520.0,2471,53.18824878,-132.2305248
SALTSPRING BAY CREEK-L/H,Pink (even),811,East Haida Gwaii (even),Haida Gwaii,1521.0,3985,53.18455153,-132.2529477
SALTSPRING BAY CREEK-L/H,Chum,804,Skidegate,Haida Gwaii,1521.0,350,53.18455153,-132.2529477
SALTSPRING BAY CREEK-L/H,Coho,807,East Haida Gwaii,Haida Gwaii,1521.0,2472,53.18455153,-132.2529477
SANDY CREEK,Pink (even),811,East Haida Gwaii (even),Haida Gwaii,1706.0,4025,52.70122338,-131.5827102
SANDY CREEK,Chum,801,East Haida Gwaii,Haida Gwaii,1706.0,392,52.70122338,-131.5827102
SANDY CREEK,Coho,807,East Haida Gwaii,Haida Gwaii,1706.0,2511,52.70122338,-131.5827102
SANGAN RIVER,Pink (even),810,North Haida Gwaii (even),Haida Gwaii,1575.0,3872,54.0272406,-131.9972178
SANGAN RIVER,Chum,802,North Haida Gwaii,Haida Gwaii,1575.0,192,54.0272406,-131.9972178
SANGAN RIVER,Coho,809,Haida Gwaii-Graham Island Lowlands,Haida Gwaii,1575.0,2301,54.0272406,-131.9972178
SANGAN RIVER,Pink (odd),814,North Haida Gwaii (odd),Haida Gwaii,1575.0,4858,54.0272406,-131.9972178
SCUDDER POINT CREEK,Pink (even),811,East Haida Gwaii (even),Haida Gwaii,1715.0,4108,52.41447738,-131.2673386
SCUDDER POINT CREEK,Chum,801,East Haida Gwaii,Haida Gwaii,1715.0,495,52.41447738,-131.2673386
SCUDDER POINT CREEK,Coho,807,East Haida Gwaii,Haida Gwaii,1715.0,2601,52.41447738,-131.2673386
SEAL INLET CREEK,Pink (even),812,West Haida Gwaii (even),Haida Gwaii,1545.0,3931,53.5378964,-132.7339727
SEAL INLET CREEK,River sockeye,818,West Haida Gwaii (river-type),Haida Gwaii,1545.0,6019,53.5378964,-132.7339727
SEAL INLET CREEK,Chum,803,West Haida Gwaii,Haida Gwaii,1545.0,277,53.5378964,-132.7339727
SEAL INLET CREEK,Coho,808,West Haida Gwaii,Haida Gwaii,1545.0,2390,53.5378964,-132.7339727
SEAL INLET CREEK,Pink (odd),815,West Haida Gwaii (odd),Haida Gwaii,1545.0,4900,53.5378964,-132.7339727
SECTION COVE CREEK-RH,Coho,807,East Haida Gwaii,Haida Gwaii,1720.0,2604,52.41684583,-131.3617312
SECTION COVE CREEK-RH,Chum,801,East Haida Gwaii,Haida Gwaii,1720.0,500,52.41684583,-131.3617312
SECURITY INLET CREEK-L/H,River sockeye,818,West Haida Gwaii (river-type),Haida Gwaii,1671.0,10387,53.06270489,-132.2878925
SECURITY INLET CREEK-L/H,Coho,808,West Haida Gwaii,Haida Gwaii,1671.0,2491,53.06270489,-132.2878925
SECURITY INLET CREEK-L/H,Pink (even),812,West Haida Gwaii (even),Haida Gwaii,1671.0,4004,53.06270489,-132.2878925
SECURITY INLET CREEK-L/H,Chum,803,West Haida Gwaii,Haida Gwaii,1671.0,369,53.06270489,-132.2878925
SECURITY INLET CREEK-L/H,Pink (odd),815,West Haida Gwaii (odd),Haida Gwaii,1671.0,4937,53.06270489,-132.2878925
SECURITY INLET CREEK-R/H,Pink (even),812,West Haida Gwaii (even),Haida Gwaii,1670.0,4003,53.05723718,-132.2574332
SECURITY INLET CREEK-R/H,River sockeye,818,West Haida Gwaii (river-type),Haida Gwaii,1670.0,6038,53.05723718,-132.2574332
SECURITY INLET CREEK-R/H,Chum,803,West Haida Gwaii,Haida Gwaii,1670.0,368,53.05723718,-132.2574332
SECURITY INLET CREEK-R/H,Coho,808,West Haida Gwaii,Haida Gwaii,1670.0,2490,53.05723718,-132.2574332
SECURITY INLET CREEK-R/H,Pink (odd),815,West Haida Gwaii (odd),Haida Gwaii,1670.0,4936,53.05723718,-132.2574332
SEDGWICK BAY CREEK,Pink (odd),813,East Haida Gwaii (odd),Haida Gwaii,1713.0,5007,52.6559848,-131.6055962
SEDGWICK BAY CREEK,Chum,801,East Haida Gwaii,Haida Gwaii,1713.0,493,52.6559848,-131.6055962
SEDGWICK BAY CREEK,Pink (even),811,East Haida Gwaii (even),Haida Gwaii,1713.0,4107,52.6559848,-131.6055962
SEDGWICK BAY CREEK,Coho,807,East Haida Gwaii,Haida Gwaii,1713.0,2599,52.6559848,-131.6055962
SEDMOND CREEK,Coho,807,East Haida Gwaii,Haida Gwaii,1640.0,2565,52.20319736,-131.1555058
SEDMOND CREEK,Pink (odd),813,East Haida Gwaii (odd),Haida Gwaii,1640.0,4986,52.20319736,-131.1555058
SEDMOND CREEK,Pink (even),811,East Haida Gwaii (even),Haida Gwaii,1640.0,4073,52.20319736,-131.1555058
SEDMOND CREEK,Chum,801,East Haida Gwaii,Haida Gwaii,1640.0,449,52.20319736,-131.1555058
SEWELL INLET CREEK,Pink (odd),813,East Haida Gwaii (odd),Haida Gwaii,1592.0,4966,52.87808022,-132.0118916
SEWELL INLET CREEK,Chum,801,East Haida Gwaii,Haida Gwaii,1592.0,402,52.87808022,-132.0118916
SEWELL INLET CREEK,River sockeye,816,East Haida Gwaii (river-type),Haida Gwaii,1592.0,6052,52.87808022,-132.0118916
SEWELL INLET CREEK,Pink (even),811,East Haida Gwaii (even),Haida Gwaii,1592.0,4035,52.87808022,-132.0118916
SEWELL INLET CREEK,Coho,807,East Haida Gwaii,Haida Gwaii,1592.0,2521,52.87808022,-132.0118916
SEWELL INLET CREEK L.H. #2,Chum,801,East Haida Gwaii,Haida Gwaii,1594.0,404,52.87697789,-131.9495693
SEWELL INLET CREEK L.H. #2,Pink (even),811,East Haida Gwaii (even),Haida Gwaii,1594.0,4037,52.87697789,-131.9495693
SEWELL INLET CREEK L.H. #2,Coho,807,East Haida Gwaii,Haida Gwaii,1594.0,2523,52.87697789,-131.9495693
SEWELL POINT CREEK,Coho,807,East Haida Gwaii,Haida Gwaii,1590.0,2519,52.9044865,-131.9255606
SEWELL POINT CREEK,Pink (even),811,East Haida Gwaii (even),Haida Gwaii,1590.0,4033,52.9044865,-131.9255606
SEWELL POINT CREEK,Chum,801,East Haida Gwaii,Haida Gwaii,1590.0,400,52.9044865,-131.9255606
SHELDON'S BAY CREEK,Coho,807,East Haida Gwaii,Haida Gwaii,1580.0,2306,53.14257018,-131.7551132
SHELDON'S BAY CREEK,Pink (even),811,East Haida Gwaii (even),Haida Gwaii,1580.0,3876,53.14257018,-131.7551132
SHIELDS CREEK,Chum,803,West Haida Gwaii,Haida Gwaii,1538.0,365,53.32607093,-132.4143243
SHIELDS CREEK,Pink (even),812,West Haida Gwaii (even),Haida Gwaii,1538.0,4000,53.32607093,-132.4143243
SHIELDS CREEK,Coho,808,West Haida Gwaii,Haida Gwaii,1538.0,2487,53.32607093,-132.4143243
SKAAT HARBOUR CREEK-HEAD,Coho,807,East Haida Gwaii,Haida Gwaii,1618.0,2546,52.38019948,-131.4393163
SKAAT HARBOUR CREEK-HEAD,Chum,801,East Haida Gwaii,Haida Gwaii,1618.0,427,52.38019948,-131.4393163
SKAAT HARBOUR CREEK-L/H,Coho,807,East Haida Gwaii,Haida Gwaii,1619.0,2547,52.39129123,-131.430813
SKAAT HARBOUR CREEK-L/H,Chum,801,East Haida Gwaii,Haida Gwaii,1619.0,428,52.39129123,-131.430813
SKAAT HARBOUR CREEK-L/H,Pink (even),811,East Haida Gwaii (even),Haida Gwaii,1619.0,4057,52.39129123,-131.430813
SKAAT HARBOUR CREEK-R/H,Chum,801,East Haida Gwaii,Haida Gwaii,1617.0,426,52.39124992,-131.4519621
SKAAT HARBOUR CREEK-R/H,Coho,807,East Haida Gwaii,Haida Gwaii,1617.0,2545,52.39124992,-131.4519621
SKEDANS CREEK,Pink (even),811,East Haida Gwaii (even),Haida Gwaii,1692.0,3945,52.94428749,-131.6421288
SKEDANS CREEK,Chum,801,East Haida Gwaii,Haida Gwaii,1692.0,291,52.94428749,-131.6421288
SKEDANS CREEK,Pink (odd),813,East Haida Gwaii (odd),Haida Gwaii,1692.0,4908,52.94428749,-131.6421288
SKEDANS CREEK,Coho,807,East Haida Gwaii,Haida Gwaii,1692.0,2404,52.94428749,-131.6421288
SLARKEDUS CREEK,Coho,807,East Haida Gwaii,Haida Gwaii,1503.0,2456,53.26768837,-131.9878426
SLATECHUCK CREEK,Pink (even),811,East Haida Gwaii (even),Haida Gwaii,1514.0,3978,53.22424568,-132.2344508
SLATECHUCK CREEK,Coho,807,East Haida Gwaii,Haida Gwaii,1514.0,2465,53.22424568,-132.2344508
SLATECHUCK CREEK,River sockeye,816,East Haida Gwaii (river-type),Haida Gwaii,1514.0,6030,53.22424568,-132.2344508
SLATECHUCK CREEK,Chum,804,Skidegate,Haida Gwaii,1514.0,343,53.22424568,-132.2344508
SLATECHUCK CREEK,Pink (odd),813,East Haida Gwaii (odd),Haida Gwaii,1514.0,4925,53.22424568,-132.2344508
SLATECHUCK R.H. CREEK,Pink (even),811,East Haida Gwaii (even),Haida Gwaii,2304.0,4312,53.2272764,-132.2282912
SLATECHUCK R.H. CREEK,Coho,807,East Haida Gwaii,Haida Gwaii,2304.0,2824,53.2272764,-132.2282912
SLATECHUCK R.H. CREEK,Chum,804,Skidegate,Haida Gwaii,2304.0,703,53.2272764,-132.2282912
SLEEPING BEAUTY CREEK,Chum,804,Skidegate,Haida Gwaii,3546.0,14,53.24108269,-132.166901
SLEEPING BEAUTY CREEK,Pink (even),811,East Haida Gwaii (even),Haida Gwaii,3546.0,3776,53.24108269,-132.166901
SOUTH BAY CREEK,Pink (odd),813,East Haida Gwaii (odd),Haida Gwaii,1685.0,4905,53.14834673,-132.0809496
SOUTH BAY CREEK,Pink (even),811,East Haida Gwaii (even),Haida Gwaii,1685.0,3939,53.14834673,-132.0809496
SOUTH BAY CREEK,Coho,807,East Haida Gwaii,Haida Gwaii,1685.0,2397,53.14834673,-132.0809496
SOUTH BAY CREEK,Chum,804,Skidegate,Haida Gwaii,1685.0,286,53.14834673,-132.0809496
SOUTH BAY DUMP CREEK,Pink (even),811,East Haida Gwaii (even),Haida Gwaii,1686.0,3940,53.15965069,-132.0667023
SOUTH BAY DUMP CREEK,Chum,804,Skidegate,Haida Gwaii,1686.0,287,53.15965069,-132.0667023
SOUTH BAY DUMP CREEK,Coho,807,East Haida Gwaii,Haida Gwaii,1686.0,2398,53.15965069,-132.0667023
SOUTH COVE CREEK,Coho,807,East Haida Gwaii,Haida Gwaii,1636.0,2562,52.21310844,-131.1221287
SOUTH COVE CREEK,Pink (even),811,East Haida Gwaii (even),Haida Gwaii,1636.0,4069,52.21310844,-131.1221287
SOUTH COVE CREEK,Chum,801,East Haida Gwaii,Haida Gwaii,1636.0,445,52.21310844,-131.1221287
SPERM BAY CREEK,Chum,803,West Haida Gwaii,Haida Gwaii,1644.0,453,52.19523315,-131.3266361
STAKI CREEK,Pink (even),812,West Haida Gwaii (even),Haida Gwaii,1645.0,4075,52.24617285,-131.3755351
STAKI CREEK,Chum,803,West Haida Gwaii,Haida Gwaii,1645.0,454,52.24617285,-131.3755351
STAKI CREEK,Coho,808,West Haida Gwaii,Haida Gwaii,1645.0,2568,52.24617285,-131.3755351
STANLEY CREEK,Chum,800,North Haida Gwaii-Stanley Creek,Haida Gwaii,1557.0,181,53.97461169,-132.6914208
STANLEY CREEK,Pink (odd),814,North Haida Gwaii (odd),Haida Gwaii,1557.0,4848,53.97461169,-132.6914208
STANLEY CREEK,Coho,809,Haida Gwaii-Graham Island Lowlands,Haida Gwaii,1557.0,2289,53.97461169,-132.6914208
STANLEY CREEK,Pink (even),810,North Haida Gwaii (even),Haida Gwaii,1557.0,3858,53.97461169,-132.6914208
STEEL CREEK,Pink (odd),815,West Haida Gwaii (odd),Haida Gwaii,1553.0,4845,53.70130445,-132.9272932
STEEL CREEK,Chum,803,West Haida Gwaii,Haida Gwaii,1553.0,178,53.70130445,-132.9272932
STEEL CREEK,Pink (even),812,West Haida Gwaii (even),Haida Gwaii,1553.0,3854,53.70130445,-132.9272932
STILIQUE CREEK,Pink (even),810,North Haida Gwaii (even),Haida Gwaii,1569.0,3868,53.61425258,-132.3865765
SURPRISE CREEKS,Pink (even),811,East Haida Gwaii (even),Haida Gwaii,1629.0,4064,52.26281048,-131.2193333
SURPRISE CREEKS,Chum,801,East Haida Gwaii,Haida Gwaii,1629.0,438,52.26281048,-131.2193333
SURPRISE CREEKS,Coho,807,East Haida Gwaii,Haida Gwaii,1629.0,2556,52.26281048,-131.2193333
TAKELLY COVE CREEK,Chum,801,East Haida Gwaii,Haida Gwaii,1704.0,300,52.69786651,-131.6819675
TALUNKWAN CREEK,Coho,807,East Haida Gwaii,Haida Gwaii,1700.0,2412,52.84562822,-131.8026715
TALUNKWAN CREEK,Pink (odd),813,East Haida Gwaii (odd),Haida Gwaii,1700.0,4911,52.84562822,-131.8026715
TALUNKWAN CREEK,Chum,801,East Haida Gwaii,Haida Gwaii,1700.0,297,52.84562822,-131.8026715
TALUNKWAN CREEK,Pink (even),811,East Haida Gwaii (even),Haida Gwaii,1700.0,3952,52.84562822,-131.8026715
TANGLE COVE CREEK,Coho,807,East Haida Gwaii,Haida Gwaii,1625.0,2552,52.32615502,-131.3524347
TANGLE COVE CREEK,Pink (even),811,East Haida Gwaii (even),Haida Gwaii,1625.0,4060,52.32615502,-131.3524347
TANGLE COVE CREEK,Chum,801,East Haida Gwaii,Haida Gwaii,1625.0,434,52.32615502,-131.3524347
TANU ISLAND CREEK,Chum,801,East Haida Gwaii,Haida Gwaii,1701.0,298,52.76660599,-131.6171787
TARTU INLET CREEK-HEAD,River sockeye,818,West Haida Gwaii (river-type),Haida Gwaii,1544.0,6018,53.49855177,-132.6748739
TARTU INLET CREEK-HEAD,Pink (even),812,West Haida Gwaii (even),Haida Gwaii,1544.0,3930,53.49855177,-132.6748739
TARTU INLET CREEK-HEAD,Chum,803,West Haida Gwaii,Haida Gwaii,1544.0,276,53.49855177,-132.6748739
TARTU INLET CREEK-HEAD,Pink (odd),815,West Haida Gwaii (odd),Haida Gwaii,1544.0,4899,53.49855177,-132.6748739
TARTU INLET CREEK-HEAD,Coho,808,West Haida Gwaii,Haida Gwaii,1544.0,2389,53.49855177,-132.6748739
TARTU INLET CREEK-OUTER,Coho,808,West Haida Gwaii,Haida Gwaii,1543.0,2388,53.47514859,-132.654733
TARTU INLET CREEK-OUTER,Pink (odd),815,West Haida Gwaii (odd),Haida Gwaii,1543.0,4898,53.47514859,-132.654733
TARTU INLET CREEK-OUTER,Chum,803,West Haida Gwaii,Haida Gwaii,1543.0,275,53.47514859,-132.654733
TARTU INLET CREEK-OUTER,Pink (even),812,West Haida Gwaii (even),Haida Gwaii,1543.0,3929,53.47514859,-132.654733
TARUNDL CREEK,Chum,804,Skidegate,Haida Gwaii,1512.0,341,53.24127069,-132.1468625
TARUNDL CREEK,Pink (even),811,East Haida Gwaii (even),Haida Gwaii,1512.0,3976,53.24127069,-132.1468625
TARUNDL CREEK,Coho,807,East Haida Gwaii,Haida Gwaii,1512.0,2463,53.24127069,-132.1468625
TARUNDL CREEK,Pink (odd),813,East Haida Gwaii (odd),Haida Gwaii,1512.0,4923,53.24127069,-132.1468625
TASU CREEK,Pink (even),812,West Haida Gwaii (even),Haida Gwaii,1656.0,4084,52.85812004,-132.0839474
TASU CREEK,River sockeye,818,West Haida Gwaii (river-type),Haida Gwaii,1656.0,6066,52.85812004,-132.0839474
TASU CREEK,Coho,808,West Haida Gwaii,Haida Gwaii,1656.0,2577,52.85812004,-132.0839474
TASU CREEK,Chum,803,West Haida Gwaii,Haida Gwaii,1656.0,465,52.85812004,-132.0839474
TASU CREEK,Pink (odd),815,West Haida Gwaii (odd),Haida Gwaii,1656.0,4992,52.85812004,-132.0839474
THORSEN CREEK,Coho,807,East Haida Gwaii,Haida Gwaii,1595.0,2524,52.87697789,-131.9495693
THORSEN CREEK,Pink (odd),813,East Haida Gwaii (odd),Haida Gwaii,1595.0,4968,52.87697789,-131.9495693
THORSEN CREEK,Pink (even),811,East Haida Gwaii (even),Haida Gwaii,1595.0,4038,52.87697789,-131.9495693
THORSEN CREEK,Chum,801,East Haida Gwaii,Haida Gwaii,1595.0,405,52.87697789,-131.9495693
THURSTON HARBOUR CREEK,Pink (odd),813,East Haida Gwaii (odd),Haida Gwaii,1699.0,4910,52.84361866,-131.7591007
THURSTON HARBOUR CREEK,Chum,801,East Haida Gwaii,Haida Gwaii,1699.0,296,52.84361866,-131.7591007
THURSTON HARBOUR CREEK,Pink (even),811,East Haida Gwaii (even),Haida Gwaii,1699.0,3951,52.84361866,-131.7591007
THURSTON HARBOUR CREEK,Coho,807,East Haida Gwaii,Haida Gwaii,1699.0,2411,52.84361866,-131.7591007
TLELL RIVER,Pink (odd),813,East Haida Gwaii (odd),Haida Gwaii,1497.0,4919,53.61864205,-131.9329335
TLELL RIVER,Coho,809,Haida Gwaii-Graham Island Lowlands,Haida Gwaii,1497.0,2450,53.61864205,-131.9329335
TLELL RIVER,Chum,801,East Haida Gwaii,Haida Gwaii,1497.0,10383,53.61864205,-131.9329335
TLELL RIVER,Pink (even),811,East Haida Gwaii (even),Haida Gwaii,1497.0,3970,53.61864205,-131.9329335
TRAYNOR CREEK,Chum,801,East Haida Gwaii,Haida Gwaii,1694.0,293,52.90245844,-131.8496477
TRAYNOR CREEK,Pink (even),811,East Haida Gwaii (even),Haida Gwaii,1694.0,3947,52.90245844,-131.8496477
TRAYNOR CREEK,Coho,807,East Haida Gwaii,Haida Gwaii,1694.0,2406,52.90245844,-131.8496477
TWO TORRENT CREEK,Coho,807,East Haida Gwaii,Haida Gwaii,1522.0,2473,53.16289216,-132.1796421
TWO TORRENT CREEK,Chum,804,Skidegate,Haida Gwaii,1522.0,351,53.16289216,-132.1796421
TWO TORRENT CREEK,Pink (even),811,East Haida Gwaii (even),Haida Gwaii,1522.0,3986,53.16289216,-132.1796421
WASTE CREEK,Chum,801,East Haida Gwaii,Haida Gwaii,1697.0,295,52.99859117,-131.6714822
WASTE CREEK,Coho,807,East Haida Gwaii,Haida Gwaii,1697.0,2409,52.99859117,-131.6714822
WASTE CREEK,Pink (even),811,East Haida Gwaii (even),Haida Gwaii,1697.0,3950,52.99859117,-131.6714822
WATERFALL CREEK,Pink (odd),813,East Haida Gwaii (odd),Haida Gwaii,1591.0,4965,52.88404624,-131.9833807
WATERFALL CREEK,Chum,801,East Haida Gwaii,Haida Gwaii,1591.0,401,52.88404624,-131.9833807
WATERFALL CREEK,Pink (even),811,East Haida Gwaii (even),Haida Gwaii,1591.0,4034,52.88404624,-131.9833807
WATERFALL CREEK,Coho,807,East Haida Gwaii,Haida Gwaii,1591.0,2520,52.88404624,-131.9833807
WEST NARROWS CREEK,Chum,804,Skidegate,Haida Gwaii,1525.0,354,53.15400081,-132.3551543
WEST NARROWS CREEK,Coho,808,West Haida Gwaii,Haida Gwaii,1525.0,2476,53.15400081,-132.3551543
WEST NARROWS CREEK,Pink (even),812,West Haida Gwaii (even),Haida Gwaii,1525.0,3989,53.15400081,-132.3551543
WILSON BAY CREEK,Chum,803,West Haida Gwaii,Haida Gwaii,1653.0,462,52.7550143,-131.9398352
WILSON BAY CREEK,Coho,808,West Haida Gwaii,Haida Gwaii,1653.0,2575,52.7550143,-131.9398352
WILSON BAY CREEK,River sockeye,818,West Haida Gwaii (river-type),Haida Gwaii,1653.0,6064,52.7550143,-131.9398352
WILSON BAY CREEK,Pink (even),812,West Haida Gwaii (even),Haida Gwaii,1653.0,4082,52.7550143,-131.9398352
WILSON BAY CREEK,Pink (odd),815,West Haida Gwaii (odd),Haida Gwaii,1653.0,4990,52.7550143,-131.9398352
WINDY BAY CREEK,Chum,801,East Haida Gwaii,Haida Gwaii,1709.0,489,52.69260836,-131.4580633
WINDY BAY CREEK,Coho,807,East Haida Gwaii,Haida Gwaii,1709.0,2597,52.69260836,-131.4580633
WINDY BAY CREEK,Pink (odd),813,East Haida Gwaii (odd),Haida Gwaii,1709.0,5005,52.69260836,-131.4580633
WINDY BAY CREEK,Pink (even),811,East Haida Gwaii (even),Haida Gwaii,1709.0,4105,52.69260836,-131.4580633
YAKOUN RIVER,Pink (even),810,North Haida Gwaii (even),Haida Gwaii,1571.0,3870,53.65705152,-132.2059688
YAKOUN RIVER,Coho,809,Haida Gwaii-Graham Island Lowlands,Haida Gwaii,1571.0,2299,53.65705152,-132.2059688
YAKOUN RIVER,Pink (odd),814,North Haida Gwaii (odd),Haida Gwaii,1571.0,4857,53.65705152,-132.2059688
YAKOUN RIVER,Chinook,805,North Haida Gwaii,Haida Gwaii,1571.0,1493,53.65705152,-132.2059688
YAKOUN RIVER,Lake sockeye,827,Yakoun,Haida Gwaii,1571.0,5959,53.65705152,-132.2059688
YAKOUN RIVER,Chum,802,North Haida Gwaii,Haida Gwaii,1571.0,191,53.65705152,-132.2059688
YAKOUN TRAIL CREEK,Chum,803,West Haida Gwaii,Haida Gwaii,1539.0,273,53.34306744,-132.4273877
YAKOUN TRAIL CREEK,Coho,808,West Haida Gwaii,Haida Gwaii,1539.0,2384,53.34306744,-132.4273877
YAKOUN TRAIL CREEK,Pink (even),812,West Haida Gwaii (even),Haida Gwaii,1539.0,3925,53.34306744,-132.4273877
YAKULANAS CREEK,Coho,808,West Haida Gwaii,Haida Gwaii,1647.0,2570,52.39309142,-131.5069221
YAKULANAS CREEK,Chum,803,West Haida Gwaii,Haida Gwaii,1647.0,456,52.39309142,-131.5069221
INKANEEP CREEK,Steelhead,1380,Mid Columbia Summer,Columbia,,10271,49.074722,-119.501944
OKANAGAN RIVER,Lake sockeye,1300,Osoyoos,Columbia,442.0,10353,49.07597717,-119.517786
OKANAGAN RIVER,Chinook,301,Okanagan,Columbia,442.0,10352,49.07597717,-119.517786
OKANAGAN RIVER,Steelhead,1380,Mid Columbia Summer,Columbia,,9701,49.07636988,-119.5181801
BIG SALMON RIVER,Chinook,1201,Big Salmon,Yukon,2516.0,10194,61.88025855,-134.9225263
BLIND CREEK,Chinook,1203,Pelly,Yukon,2514.0,10204,62.17794482,-133.210517
CHANDINDU RIVER,Chum,1214,North Yukon,Yukon,2492.0,10258,64.25317988,-139.715179
CHANDINDU RIVER,Chinook,1207,Northern Yukon,Yukon,2492.0,10202,64.25317988,-139.715179
CROOKED CREEK,Chinook,1205,Stewart,Yukon,2503.0,10227,63.38024732,-136.6894277
DONJEK RIVER,Chum,1215,White,Yukon,2505.0,10263,62.6033638,-139.9886763
EARN RIVER,Chinook,1203,Pelly,Yukon,2544.0,10205,62.73636426,-134.6972002
FISHING BRANCH RIVER,Chum,1217,Porcupine,Yukon,2522.0,10260,66.45098218,-138.5879153
GLADYS LAKE,Chinook,1212,Teslin,Yukon,2500.0,10228,59.88538349,-132.9204732
GLENLYON RIVER,Chinook,1203,Pelly,Yukon,2545.0,10206,62.48329916,-134.1625546
HOOLE RIVER,Chinook,1203,Pelly,Yukon,2546.0,10207,61.74931667,-131.710366
HUSKY DOG CREEK,Chinook,1203,Pelly,Yukon,2547.0,10208,63.09676052,-132.4632276
JENNINGS RIVER,Chinook,1212,Teslin,Yukon,2501.0,10229,59.67064993,-132.1483301
KALZAS RIVER,Chinook,1203,Pelly,Yukon,2543.0,10209,62.89221923,-135.4847847
KLONDIKE RIVER,Chinook,1207,Northern Yukon,Yukon,2548.0,10203,64.05314373,-139.4407891
KLONDIKE RIVER,Chum,1214,North Yukon,Yukon,2548.0,10259,64.05314373,-139.4407891
KLUANE RIVER,Chum,1216,Donjek Kluane,Yukon,2509.0,10255,61.87737648,-139.7212347
KOIDERN RIVER,Chum,1216,Donjek Kluane,Yukon,2549.0,10256,62.03296465,-140.4413258
LAKE LABERGE,Chinook,1211,Upper Yukon,Yukon,2550.0,10236,61.35079786,-135.2613439
LEWIS LAKE,Chinook,1203,Pelly,Yukon,2551.0,10210,62.616847,-131.0808567
LITTLE KALZAS RIVER,Chinook,1203,Pelly,Yukon,2552.0,10211,62.89020043,-135.4708492
LITTLE SALMON RIVER,Chinook,1204,Middle Yukon,Yukon,2495.0,10196,62.05417542,-135.6667189
MACMILLAN RIVER,Chinook,1203,Pelly,Yukon,2555.0,10212,62.86880856,-135.9019782
MARSH LAKE,Chinook,1211,Upper Yukon,Yukon,2553.0,10237,60.46646908,-134.3002379
MAYO RIVER,Chinook,1205,Stewart,Yukon,2554.0,10223,63.58861374,-135.9146499
MCINTYRE CREEK,Chinook,1211,Upper Yukon,Yukon,2496.0,10238,60.76852415,-135.0884446
MCQUESTEN RIVER,Chinook,1205,Stewart,Yukon,2504.0,10224,63.55015319,-137.4431709
MICHIE CREEK,Chinook,1211,Upper Yukon,Yukon,2498.0,10239,60.67351595,-134.4722562
MINER RIVER,Chinook,1209,Porcupine,Yukon,2556.0,10222,66.50609861,-138.4168674
MINER RIVER,Chum,1217,Porcupine,Yukon,2556.0,10261,66.50609861,-138.4168674
MOOSE RIVER,Chinook,1203,Pelly,Yukon,2572.0,10213,62.99192575,-134.7310123
MORLEY RIVER,Chinook,1212,Teslin,Yukon,2520.0,10230,60.09464137,-132.4956227
NISLING RIVER,Chinook,1206,White,Yukon,2506.0,10248,62.46361259,-139.4847943
NISUTLIN RIVER,Chinook,1212,Teslin,Yukon,2517.0,10231,60.22544775,-132.5787715
NORDENSKIOLD RIVER,Chinook,1202,Nordenskiold,Yukon,2494.0,10201,62.10210632,-136.3016896
OLLIE LAKE,Chinook,1205,Stewart,Yukon,2557.0,10225,63.05634858,-130.9001508
PELLY RIVER,Chinook,1203,Pelly,Yukon,2510.0,10214,62.78744343,-137.3308279
PLEASANT CREEK,Chinook,1205,Stewart,Yukon,2558.0,10226,63.51946578,-133.9113063
PORCUPINE RIVER,Chum,1217,Porcupine,Yukon,,10465,67.565735,-139.829947
PORCUPINE RIVER,Chinook,1209,Porcupine,Yukon,,10464,67.565735,-139.829947
PREVOST RIVER,Chinook,1203,Pelly,Yukon,2559.0,10216,62.60371554,-131.1713677
RED RIVER,Chinook,1212,Teslin,Yukon,2560.0,10232,60.73566402,-132.1133458
RIDDELL RIVER,Chinook,1203,Pelly,Yukon,2561.0,10217,62.84643733,-132.4266176
ROSS RIVER,Chinook,1203,Pelly,Yukon,2515.0,10218,61.98364275,-132.4222246
RUSSELL CREEK,Chinook,1203,Pelly,Yukon,2562.0,10219,63.03620947,-133.3903694
SHELDON LAKE,Chinook,1203,Pelly,Yukon,2563.0,10220,62.69166676,-131.0499999
SIDNEY CREEK,Chinook,1212,Teslin,Yukon,2519.0,10233,60.75391699,-132.9351669
SWIFT RIVER,Chinook,1212,Teslin,Yukon,2564.0,10234,59.73720213,-132.1855711
TAKHINI RIVER,Chinook,1211,Upper Yukon,Yukon,2521.0,10240,60.84138503,-135.1815633
TATCHUN RIVER,Chinook,1204,Middle Yukon,Yukon,2493.0,10197,62.28530711,-136.3259793
TAY RIVER,Chinook,1203,Pelly,Yukon,2565.0,10221,62.56920853,-134.3585709
TESLIN RIVER,Chum,1219,Teslin,Yukon,2499.0,10262,61.57244416,-134.900263
TESLIN RIVER,Chinook,1212,Teslin,Yukon,2499.0,10245,61.57244416,-134.900263
TINCUP CREEK,Chinook,1206,White,Yukon,2508.0,10249,61.8875942,-139.5463451
WOLF CREEK,Chinook,1211,Upper Yukon,Yukon,2497.0,10246,60.62496838,-134.9131994
WOLF RIVER,Chinook,1212,Teslin,Yukon,2518.0,10235,60.27620325,-132.5525458
YUKON RIVER - MIDDLE,Chum,1213,Middle Yukon,Yukon,2569.0,10257,63.17821434,-139.5738129
YUKON RIVER - UPPER,Chinook,1211,Upper Yukon,Yukon,2568.0,10247,60.69360866,-135.0395008
ALSEK RIVER,Chinook,1004,Alsek,Northern Transboundary,2324.0,10128,59.4439652,-137.9907846
ALSEK RIVER,River sockeye,1021,Alsek (river-type),Northern Transboundary,2324.0,10573,59.4439652,-137.9907846
BEATTY CREEK,Chinook,1010,Stikine-Early Timing,Northern Transboundary,2200.0,10166,58.10228969,-131.1907665
BLANCHARD RIVER,Chinook,1004,Alsek,Northern Transboundary,2334.0,10131,60.03214868,-136.8935638
BRONSON CREEK,River sockeye,1023,Northern Transboundary Fjords (river-type),Northern Transboundary,2192.0,10142,56.6830666,-131.0695234
BRONSON CREEK,Coho,1017,Lower Stikine,Northern Transboundary,2192.0,10159,56.6830666,-131.0695234
CANYON ISLAND,Pink (odd),1020,Transboundary Fjords (odd),Northern Transboundary,,10307,58.552425,-133.680472
CANYON ISLAND,Chum,1001,Taku,Northern Transboundary,,10305,58.552425,-133.680472
CANYON ISLAND,Pink (even),1019,Transboundary Fjords (even),Northern Transboundary,,10306,58.552425,-133.680472
CANYON ISLAND,Steelhead,1081,Taku Summer,Northern Transboundary,,10309,58.552425,-133.680472
CHRISTINA CREEK,Coho,1017,Lower Stikine,Northern Transboundary,2145.0,10163,57.24130661,-131.8530702
CHRISTINA CREEK,Chinook,1010,Stikine-Early Timing,Northern Transboundary,2145.0,10168,57.24130661,-131.8530702
CHRISTINA CREEK,Lake sockeye,1025,Christina,Northern Transboundary,2145.0,10155,57.24130661,-131.8530702
CHUTINE RIVER,Lake sockeye,1036,Chutine,Northern Transboundary,2196.0,10156,57.65300133,-131.6324045
CRAIG RIVER,Coho,1017,Lower Stikine,Northern Transboundary,2186.0,10158,56.69594601,-131.3067439
CRAIG RIVER,River sockeye,1023,Northern Transboundary Fjords (river-type),Northern Transboundary,2186.0,10141,56.69594601,-131.3067439
DUDIDONTU RIVER,Chinook,1006,Taku-Early Timing,Northern Transboundary,2225.0,10178,58.78941351,-131.9852257
DUDIDONTU RIVER,Coho,1015,Taku-Late Timing,Northern Transboundary,2225.0,10560,58.78941351,-131.9852257
FLANNIGAN SLOUGH,Coho,1015,Taku-Late Timing,Northern Transboundary,2208.0,10182,58.60894184,-133.566643
GOAT CREEK,Chinook,1004,Alsek,Northern Transboundary,2335.0,10132,59.85175486,-136.645447
HACKETT RIVER,Chinook,1008,Taku-Late Timing,Northern Transboundary,2233.0,10191,58.26374657,-131.8121262
HACKETT RIVER,Coho,1015,Taku-Late Timing,Northern Transboundary,2233.0,10563,58.26374657,-131.8121262
HACKETT RIVER,River sockeye,1023,Northern Transboundary Fjords (river-type),Northern Transboundary,2233.0,10149,58.26374657,-131.8121262
ISKUT RIVER,Chinook,1011,Stikine-Late Timing,Northern Transboundary,2178.0,10170,56.74862595,-131.7831705
KATETE RIVER,River sockeye,1023,Northern Transboundary Fjords (river-type),Northern Transboundary,2119.0,10566,56.66608323,-131.8159447
KATETE RIVER,Coho,1017,Lower Stikine,Northern Transboundary,2119.0,10161,56.66608323,-131.8159447
KATETE RIVER,Coho,1017,Lower Stikine,Northern Transboundary,2571.0,10157,56.63627003,-131.843732
KATETE RIVER,Chinook,1011,Stikine-Late Timing,Northern Transboundary,2119.0,10171,56.66608323,-131.8159447
KING SALMON LAKE,Lake sockeye,1033,King Salmon,Northern Transboundary,2818.0,10173,58.71621714,-132.9435494
KLUKSHU RIVER,Chinook,1004,Alsek,Northern Transboundary,2332.0,10129,60.11586335,-137.0362158
KLUKSHU RIVER,Lake sockeye,1038,Klukshu,Northern Transboundary,2332.0,10137,60.11586335,-137.0362158
KLUKSHU RIVER,Coho,1013,Alsek,Northern Transboundary,2332.0,10135,60.11586335,-137.0362158
KOWATUA CREEK,Chinook,1008,Taku-Late Timing,Northern Transboundary,2221.0,10186,58.7716407,-132.2657128
KUTHAI LAKE,Lake sockeye,1027,Kuthai,Northern Transboundary,2490.0,10174,59.23088759,-133.2336383
LITTLE TAHLTAN RIVER,Chinook,1010,Stikine-Early Timing,Northern Transboundary,2201.0,10167,58.12105429,-131.3202863
LITTLE TRAPPER LAKE,Lake sockeye,1028,Little Trapper,Northern Transboundary,2222.0,10175,58.49610145,-132.6049502
LITTLE TRAPPER LAKE,Coho,1015,Taku-Late Timing,Northern Transboundary,2222.0,10558,58.49610145,-132.6049502
NAHLIN RIVER,River sockeye,1023,Northern Transboundary Fjords (river-type),Northern Transboundary,2224.0,10148,58.77672495,-132.0933965
NAHLIN RIVER,Coho,1015,Taku-Late Timing,Northern Transboundary,2224.0,10559,58.77672495,-132.0933965
NAHLIN RIVER,Chinook,1006,Taku-Early Timing,Northern Transboundary,2224.0,10176,58.77672495,-132.0933965
NAHLIN RIVER SONAR,Chinook,1006,Taku-Early Timing,Northern Transboundary,,10304,58.778357,-132.039531
NAKINA RIVER,Pink (odd),1020,Transboundary Fjords (odd),Northern Transboundary,2216.0,10154,58.90428766,-133.1458912
NAKINA RIVER,River sockeye,1023,Northern Transboundary Fjords (river-type),Northern Transboundary,2216.0,10147,58.90428766,-133.1458912
NAKINA RIVER,Chinook,1007,Taku-Mid Timing,Northern Transboundary,2216.0,10192,58.90428766,-133.1458912
NAKINA RIVER,Pink (even),1019,Transboundary Fjords (even),Northern Transboundary,2216.0,10153,58.90428766,-133.1458912
NESKETAHIN LAKE,Lake sockeye,1039,Nesketahin,Northern Transboundary,2339.0,10138,60.17402558,-137.0754633
PORCUPINE RIVER,Coho,1017,Lower Stikine,Northern Transboundary,2138.0,10162,57.06458095,-131.7451645
PORCUPINE RIVER,River sockeye,1023,Northern Transboundary Fjords (river-type),Northern Transboundary,2138.0,10151,57.06458095,-131.7451645
SCUD RIVER,River sockeye,1023,Northern Transboundary Fjords (river-type),Northern Transboundary,2148.0,10152,57.28013729,-131.8231643
SCUD RIVER,Coho,1017,Lower Stikine,Northern Transboundary,2148.0,10164,57.28013729,-131.8231643
STIKINE RIVER,River sockeye,1023,Northern Transboundary Fjords (river-type),Northern Transboundary,2118.0,10150,56.65763571,-131.8489365
STIKINE RIVER,Chinook,1011,Stikine-Late Timing,Northern Transboundary,2118.0,10550,56.65763571,-131.8489365
STONEHOUSE,Chinook,1005,Lynn Canal,Northern Transboundary,,10310,59.632,-136.291
TAHLTAN LAKE,Lake sockeye,1026,Tahltan,Northern Transboundary,31363.0,10172,57.9760149,-131.583025
TAHLTAN RIVER,Chinook,1010,Stikine-Early Timing,Northern Transboundary,2199.0,10165,58.00994991,-130.9812919
TAKHANNE RIVER,Chinook,1004,Alsek,Northern Transboundary,2333.0,10130,60.09442906,-136.9919185
TAKU RIVER,Coho,1015,Taku-Late Timing,Northern Transboundary,2203.0,10557,58.58141871,-133.6555912
TAKU RIVER,River sockeye,1023,Northern Transboundary Fjords (river-type),Northern Transboundary,2203.0,10145,58.58141871,-133.6555912
TAKU RIVER,Chinook,1008,Taku-Late Timing,Northern Transboundary,2203.0,10551,58.58141871,-133.6555912
TATSAMENIE LAKE,Lake sockeye,1029,Tatsamenie,Northern Transboundary,,10193,58.410414,-132.36855
TATSATUA CREEK,Coho,1015,Taku-Late Timing,Northern Transboundary,2212.0,10562,58.53473781,-132.1429556
TATSATUA CREEK,Coho,1015,Taku-Late Timing,Northern Transboundary,2211.0,10561,58.4400493,-132.3948794
TATSATUA CREEK,Lake sockeye,1029,Tatsamenie,Northern Transboundary,2211.0,10146,58.4400493,-132.3948794
TATSATUA CREEK,River sockeye,1023,Northern Transboundary Fjords (river-type),Northern Transboundary,2212.0,10571,58.53473781,-132.1429556
TATSATUA CREEK,Chinook,1008,Taku-Late Timing,Northern Transboundary,2212.0,10553,58.53473781,-132.1429556
TATSATUA RIVER,Chinook,1008,Taku-Late Timing,Northern Transboundary,,10185,58.464,-132.393
TATSHENSHINI RIVER,River sockeye,1021,Alsek (river-type),Northern Transboundary,2325.0,10134,59.47055435,-137.7414747
TSETA CREEK,Chinook,1006,Taku-Early Timing,Northern Transboundary,2228.0,10179,58.90605923,-131.9436671
TUYA RIVER,River sockeye,1023,Northern Transboundary Fjords (river-type),Northern Transboundary,2155.0,10140,58.04071524,-130.8513656
VERRETT RIVER,River sockeye,1023,Northern Transboundary Fjords (river-type),Northern Transboundary,2193.0,10144,56.69779686,-130.9972443
VERRETT RIVER,Coho,1017,Lower Stikine,Northern Transboundary,2193.0,10160,56.69779686,-130.9972443
VERRETT SLOUGHS,River sockeye,1023,Northern Transboundary Fjords (river-type),Northern Transboundary,2570.0,10139,56.69486324,-130.980493
VILLAGE CREEK,Lake sockeye,1039,Nesketahin,Northern Transboundary,2338.0,10136,60.12637275,-137.0778338
VILLAGE CREEK,River sockeye,1021,Alsek (river-type),Northern Transboundary,2338.0,10574,60.12637275,-137.0778338
